ISO-10303-21;
HEADER;
FILE_DESCRIPTION(('Designed by EasyEDA Pro'),'2;1');
FILE_NAME('Open CASCADE Shape Model','2025-08-11T15:37:20',('Author'),(
    'Open CASCADE'),'Open CASCADE STEP processor 7.8','Open CASCADE 7.8'
  ,'Unknown');
FILE_SCHEMA(('AUTOMOTIVE_DESIGN { 1 0 10303 214 1 1 1 1 }'));
ENDSEC;
DATA;
#1 = APPLICATION_PROTOCOL_DEFINITION('international standard',
  'automotive_design',2000,#2);
#2 = APPLICATION_CONTEXT(
  'core data for automotive mechanical design processes');
#3 = SHAPE_DEFINITION_REPRESENTATION(#4,#10);
#4 = PRODUCT_DEFINITION_SHAPE('','',#5);
#5 = PRODUCT_DEFINITION('design','',#6,#9);
#6 = PRODUCT_DEFINITION_FORMATION('','',#7);
#7 = PRODUCT('9ARF-PCBModel','9ARF-PCBModel','',(#8));
#8 = PRODUCT_CONTEXT('',#2,'mechanical');
#9 = PRODUCT_DEFINITION_CONTEXT('part definition',#2,'design');
#10 = SHAPE_REPRESENTATION('',(#11,#15,#19,#23,#27,#31,#35),#39);
#11 = AXIS2_PLACEMENT_3D('',#12,#13,#14);
#12 = CARTESIAN_POINT('',(0.,0.,0.));
#13 = DIRECTION('',(0.,0.,1.));
#14 = DIRECTION('',(1.,0.,-0.));
#15 = AXIS2_PLACEMENT_3D('',#16,#17,#18);
#16 = CARTESIAN_POINT('',(0.,0.,1.610050800102));
#17 = DIRECTION('',(0.,0.,1.));
#18 = DIRECTION('',(1.,0.,-0.));
#19 = AXIS2_PLACEMENT_3D('',#20,#21,#22);
#20 = CARTESIAN_POINT('',(0.,0.,-1.E-02));
#21 = DIRECTION('',(0.,0.,1.));
#22 = DIRECTION('',(1.,0.,-0.));
#23 = AXIS2_PLACEMENT_3D('',#24,#25,#26);
#24 = CARTESIAN_POINT('',(0.,0.,0.));
#25 = DIRECTION('',(0.,0.,1.));
#26 = DIRECTION('',(1.,0.,-0.));
#27 = AXIS2_PLACEMENT_3D('',#28,#29,#30);
#28 = CARTESIAN_POINT('',(0.,0.,0.));
#29 = DIRECTION('',(0.,0.,1.));
#30 = DIRECTION('',(1.,0.,-0.));
#31 = AXIS2_PLACEMENT_3D('',#32,#33,#34);
#32 = CARTESIAN_POINT('',(0.,0.,0.));
#33 = DIRECTION('',(0.,0.,1.));
#34 = DIRECTION('',(1.,0.,-0.));
#35 = AXIS2_PLACEMENT_3D('',#36,#37,#38);
#36 = CARTESIAN_POINT('',(4.137414274829,-7.387452374905,1.600050800102)
  );
#37 = DIRECTION('',(0.,0.,1.));
#38 = DIRECTION('',(1.,0.,0.));
#39 = ( GEOMETRIC_REPRESENTATION_CONTEXT(3) 
GLOBAL_UNCERTAINTY_ASSIGNED_CONTEXT((#43)) GLOBAL_UNIT_ASSIGNED_CONTEXT(
(#40,#41,#42)) REPRESENTATION_CONTEXT('Context #1',
  '3D Context with UNIT and UNCERTAINTY') );
#40 = ( LENGTH_UNIT() NAMED_UNIT(*) SI_UNIT(.MILLI.,.METRE.) );
#41 = ( NAMED_UNIT(*) PLANE_ANGLE_UNIT() SI_UNIT($,.RADIAN.) );
#42 = ( NAMED_UNIT(*) SI_UNIT($,.STERADIAN.) SOLID_ANGLE_UNIT() );
#43 = UNCERTAINTY_MEASURE_WITH_UNIT(LENGTH_MEASURE(1.E-07),#40,
  'distance_accuracy_value','confusion accuracy');
#44 = PRODUCT_RELATED_PRODUCT_CATEGORY('part',$,(#7));
#45 = SHAPE_DEFINITION_REPRESENTATION(#46,#52);
#46 = PRODUCT_DEFINITION_SHAPE('','',#47);
#47 = PRODUCT_DEFINITION('design','',#48,#51);
#48 = PRODUCT_DEFINITION_FORMATION('','',#49);
#49 = PRODUCT('9ARF-TopTrack','9ARF-TopTrack','',(#50));
#50 = PRODUCT_CONTEXT('',#2,'mechanical');
#51 = PRODUCT_DEFINITION_CONTEXT('part definition',#2,'design');
#52 = SHAPE_REPRESENTATION('',(#11),#53);
#53 = ( GEOMETRIC_REPRESENTATION_CONTEXT(3) 
GLOBAL_UNCERTAINTY_ASSIGNED_CONTEXT((#57)) GLOBAL_UNIT_ASSIGNED_CONTEXT(
(#54,#55,#56)) REPRESENTATION_CONTEXT('Context #1',
  '3D Context with UNIT and UNCERTAINTY') );
#54 = ( LENGTH_UNIT() NAMED_UNIT(*) SI_UNIT(.MILLI.,.METRE.) );
#55 = ( NAMED_UNIT(*) PLANE_ANGLE_UNIT() SI_UNIT($,.RADIAN.) );
#56 = ( NAMED_UNIT(*) SI_UNIT($,.STERADIAN.) SOLID_ANGLE_UNIT() );
#57 = UNCERTAINTY_MEASURE_WITH_UNIT(LENGTH_MEASURE(1.E-07),#54,
  'distance_accuracy_value','confusion accuracy');
#58 = CONTEXT_DEPENDENT_SHAPE_REPRESENTATION(#59,#61);
#59 = ( REPRESENTATION_RELATIONSHIP('','',#52,#10) 
REPRESENTATION_RELATIONSHIP_WITH_TRANSFORMATION(#60) 
SHAPE_REPRESENTATION_RELATIONSHIP() );
#60 = ITEM_DEFINED_TRANSFORMATION('','',#11,#15);
#61 = PRODUCT_DEFINITION_SHAPE('Placement','Placement of an item',#62);
#62 = NEXT_ASSEMBLY_USAGE_OCCURRENCE('1','=>[0:1:1:2]','',#5,#47,$);
#63 = PRODUCT_RELATED_PRODUCT_CATEGORY('part',$,(#49));
#64 = SHAPE_DEFINITION_REPRESENTATION(#65,#71);
#65 = PRODUCT_DEFINITION_SHAPE('','',#66);
#66 = PRODUCT_DEFINITION('design','',#67,#70);
#67 = PRODUCT_DEFINITION_FORMATION('','',#68);
#68 = PRODUCT('9ARF-BottomTrack','9ARF-BottomTrack','',(#69));
#69 = PRODUCT_CONTEXT('',#2,'mechanical');
#70 = PRODUCT_DEFINITION_CONTEXT('part definition',#2,'design');
#71 = SHAPE_REPRESENTATION('',(#11),#72);
#72 = ( GEOMETRIC_REPRESENTATION_CONTEXT(3) 
GLOBAL_UNCERTAINTY_ASSIGNED_CONTEXT((#76)) GLOBAL_UNIT_ASSIGNED_CONTEXT(
(#73,#74,#75)) REPRESENTATION_CONTEXT('Context #1',
  '3D Context with UNIT and UNCERTAINTY') );
#73 = ( LENGTH_UNIT() NAMED_UNIT(*) SI_UNIT(.MILLI.,.METRE.) );
#74 = ( NAMED_UNIT(*) PLANE_ANGLE_UNIT() SI_UNIT($,.RADIAN.) );
#75 = ( NAMED_UNIT(*) SI_UNIT($,.STERADIAN.) SOLID_ANGLE_UNIT() );
#76 = UNCERTAINTY_MEASURE_WITH_UNIT(LENGTH_MEASURE(1.E-07),#73,
  'distance_accuracy_value','confusion accuracy');
#77 = CONTEXT_DEPENDENT_SHAPE_REPRESENTATION(#78,#80);
#78 = ( REPRESENTATION_RELATIONSHIP('','',#71,#10) 
REPRESENTATION_RELATIONSHIP_WITH_TRANSFORMATION(#79) 
SHAPE_REPRESENTATION_RELATIONSHIP() );
#79 = ITEM_DEFINED_TRANSFORMATION('','',#11,#19);
#80 = PRODUCT_DEFINITION_SHAPE('Placement','Placement of an item',#81);
#81 = NEXT_ASSEMBLY_USAGE_OCCURRENCE('2','=>[0:1:1:3]','',#5,#66,$);
#82 = PRODUCT_RELATED_PRODUCT_CATEGORY('part',$,(#68));
#83 = SHAPE_DEFINITION_REPRESENTATION(#84,#90);
#84 = PRODUCT_DEFINITION_SHAPE('','',#85);
#85 = PRODUCT_DEFINITION('design','',#86,#89);
#86 = PRODUCT_DEFINITION_FORMATION('','',#87);
#87 = PRODUCT('9ARF-Board','9ARF-Board','',(#88));
#88 = PRODUCT_CONTEXT('',#2,'mechanical');
#89 = PRODUCT_DEFINITION_CONTEXT('part definition',#2,'design');
#90 = ADVANCED_BREP_SHAPE_REPRESENTATION('',(#11,#91),#389);
#91 = MANIFOLD_SOLID_BREP('',#92);
#92 = CLOSED_SHELL('',(#93,#133,#164,#195,#217,#259,#283,#325,#349,#369)
  );
#93 = ADVANCED_FACE('',(#94),#128,.T.);
#94 = FACE_BOUND('',#95,.T.);
#95 = EDGE_LOOP('',(#96,#106,#114,#122));
#96 = ORIENTED_EDGE('',*,*,#97,.T.);
#97 = EDGE_CURVE('',#98,#100,#102,.T.);
#98 = VERTEX_POINT('',#99);
#99 = CARTESIAN_POINT('',(1.270002540005E-02,-3.742697485395,0.));
#100 = VERTEX_POINT('',#101);
#101 = CARTESIAN_POINT('',(1.270002540005E-02,-3.742697485395,
    1.600050800102));
#102 = LINE('',#103,#104);
#103 = CARTESIAN_POINT('',(1.270002540005E-02,-3.742697485395,0.));
#104 = VECTOR('',#105,1.);
#105 = DIRECTION('',(0.,0.,1.));
#106 = ORIENTED_EDGE('',*,*,#107,.T.);
#107 = EDGE_CURVE('',#100,#108,#110,.T.);
#108 = VERTEX_POINT('',#109);
#109 = CARTESIAN_POINT('',(7.426720853442,-3.742697485395,1.600050800102
    ));
#110 = LINE('',#111,#112);
#111 = CARTESIAN_POINT('',(1.270002540005E-02,-3.742697485395,
    1.600050800102));
#112 = VECTOR('',#113,1.);
#113 = DIRECTION('',(1.,0.,0.));
#114 = ORIENTED_EDGE('',*,*,#115,.F.);
#115 = EDGE_CURVE('',#116,#108,#118,.T.);
#116 = VERTEX_POINT('',#117);
#117 = CARTESIAN_POINT('',(7.426720853442,-3.742697485395,0.));
#118 = LINE('',#119,#120);
#119 = CARTESIAN_POINT('',(7.426720853442,-3.742697485395,0.));
#120 = VECTOR('',#121,1.);
#121 = DIRECTION('',(0.,0.,1.));
#122 = ORIENTED_EDGE('',*,*,#123,.F.);
#123 = EDGE_CURVE('',#98,#116,#124,.T.);
#124 = LINE('',#125,#126);
#125 = CARTESIAN_POINT('',(1.270002540005E-02,-3.742697485395,0.));
#126 = VECTOR('',#127,1.);
#127 = DIRECTION('',(1.,0.,0.));
#128 = PLANE('',#129);
#129 = AXIS2_PLACEMENT_3D('',#130,#131,#132);
#130 = CARTESIAN_POINT('',(1.270002540005E-02,-3.742697485395,0.));
#131 = DIRECTION('',(0.,1.,0.));
#132 = DIRECTION('',(1.,0.,0.));
#133 = ADVANCED_FACE('',(#134),#159,.T.);
#134 = FACE_BOUND('',#135,.T.);
#135 = EDGE_LOOP('',(#136,#137,#145,#153));
#136 = ORIENTED_EDGE('',*,*,#115,.T.);
#137 = ORIENTED_EDGE('',*,*,#138,.T.);
#138 = EDGE_CURVE('',#108,#139,#141,.T.);
#139 = VERTEX_POINT('',#140);
#140 = CARTESIAN_POINT('',(7.426720853442,-10.85430530861,1.600050800102
    ));
#141 = LINE('',#142,#143);
#142 = CARTESIAN_POINT('',(7.426720853442,-3.742697485395,1.600050800102
    ));
#143 = VECTOR('',#144,1.);
#144 = DIRECTION('',(0.,-1.,0.));
#145 = ORIENTED_EDGE('',*,*,#146,.F.);
#146 = EDGE_CURVE('',#147,#139,#149,.T.);
#147 = VERTEX_POINT('',#148);
#148 = CARTESIAN_POINT('',(7.426720853442,-10.85430530861,0.));
#149 = LINE('',#150,#151);
#150 = CARTESIAN_POINT('',(7.426720853442,-10.85430530861,0.));
#151 = VECTOR('',#152,1.);
#152 = DIRECTION('',(0.,0.,1.));
#153 = ORIENTED_EDGE('',*,*,#154,.F.);
#154 = EDGE_CURVE('',#116,#147,#155,.T.);
#155 = LINE('',#156,#157);
#156 = CARTESIAN_POINT('',(7.426720853442,-3.742697485395,0.));
#157 = VECTOR('',#158,1.);
#158 = DIRECTION('',(0.,-1.,0.));
#159 = PLANE('',#160);
#160 = AXIS2_PLACEMENT_3D('',#161,#162,#163);
#161 = CARTESIAN_POINT('',(7.426720853442,-3.742697485395,0.));
#162 = DIRECTION('',(1.,0.,-0.));
#163 = DIRECTION('',(0.,-1.,0.));
#164 = ADVANCED_FACE('',(#165),#190,.T.);
#165 = FACE_BOUND('',#166,.T.);
#166 = EDGE_LOOP('',(#167,#168,#176,#184));
#167 = ORIENTED_EDGE('',*,*,#146,.T.);
#168 = ORIENTED_EDGE('',*,*,#169,.T.);
#169 = EDGE_CURVE('',#139,#170,#172,.T.);
#170 = VERTEX_POINT('',#171);
#171 = CARTESIAN_POINT('',(1.270002540005E-02,-10.85430530861,
    1.600050800102));
#172 = LINE('',#173,#174);
#173 = CARTESIAN_POINT('',(7.426720853442,-10.85430530861,1.600050800102
    ));
#174 = VECTOR('',#175,1.);
#175 = DIRECTION('',(-1.,-2.395942607393E-16,0.));
#176 = ORIENTED_EDGE('',*,*,#177,.F.);
#177 = EDGE_CURVE('',#178,#170,#180,.T.);
#178 = VERTEX_POINT('',#179);
#179 = CARTESIAN_POINT('',(1.270002540005E-02,-10.85430530861,0.));
#180 = LINE('',#181,#182);
#181 = CARTESIAN_POINT('',(1.270002540005E-02,-10.85430530861,0.));
#182 = VECTOR('',#183,1.);
#183 = DIRECTION('',(0.,0.,1.));
#184 = ORIENTED_EDGE('',*,*,#185,.F.);
#185 = EDGE_CURVE('',#147,#178,#186,.T.);
#186 = LINE('',#187,#188);
#187 = CARTESIAN_POINT('',(7.426720853442,-10.85430530861,0.));
#188 = VECTOR('',#189,1.);
#189 = DIRECTION('',(-1.,-2.395942607393E-16,0.));
#190 = PLANE('',#191);
#191 = AXIS2_PLACEMENT_3D('',#192,#193,#194);
#192 = CARTESIAN_POINT('',(7.426720853442,-10.85430530861,0.));
#193 = DIRECTION('',(2.395942607393E-16,-1.,0.));
#194 = DIRECTION('',(-1.,-2.395942607393E-16,0.));
#195 = ADVANCED_FACE('',(#196),#212,.T.);
#196 = FACE_BOUND('',#197,.T.);
#197 = EDGE_LOOP('',(#198,#199,#205,#206));
#198 = ORIENTED_EDGE('',*,*,#177,.T.);
#199 = ORIENTED_EDGE('',*,*,#200,.T.);
#200 = EDGE_CURVE('',#170,#100,#201,.T.);
#201 = LINE('',#202,#203);
#202 = CARTESIAN_POINT('',(1.270002540005E-02,-10.85430530861,
    1.600050800102));
#203 = VECTOR('',#204,1.);
#204 = DIRECTION('',(0.,1.,0.));
#205 = ORIENTED_EDGE('',*,*,#97,.F.);
#206 = ORIENTED_EDGE('',*,*,#207,.F.);
#207 = EDGE_CURVE('',#178,#98,#208,.T.);
#208 = LINE('',#209,#210);
#209 = CARTESIAN_POINT('',(1.270002540005E-02,-10.85430530861,0.));
#210 = VECTOR('',#211,1.);
#211 = DIRECTION('',(0.,1.,0.));
#212 = PLANE('',#213);
#213 = AXIS2_PLACEMENT_3D('',#214,#215,#216);
#214 = CARTESIAN_POINT('',(1.270002540005E-02,-10.85430530861,0.));
#215 = DIRECTION('',(-1.,0.,0.));
#216 = DIRECTION('',(0.,1.,0.));
#217 = ADVANCED_FACE('',(#218),#254,.F.);
#218 = FACE_BOUND('',#219,.T.);
#219 = EDGE_LOOP('',(#220,#230,#239,#247));
#220 = ORIENTED_EDGE('',*,*,#221,.T.);
#221 = EDGE_CURVE('',#222,#224,#226,.T.);
#222 = VERTEX_POINT('',#223);
#223 = CARTESIAN_POINT('',(3.087553975108,-7.73746507493,0.));
#224 = VERTEX_POINT('',#225);
#225 = CARTESIAN_POINT('',(3.087553975108,-7.73746507493,1.600050800102)
  );
#226 = LINE('',#227,#228);
#227 = CARTESIAN_POINT('',(3.087553975108,-7.73746507493,0.));
#228 = VECTOR('',#229,1.);
#229 = DIRECTION('',(0.,0.,1.));
#230 = ORIENTED_EDGE('',*,*,#231,.T.);
#231 = EDGE_CURVE('',#224,#232,#234,.T.);
#232 = VERTEX_POINT('',#233);
#233 = CARTESIAN_POINT('',(2.187528575057,-7.73746507493,1.600050800102)
  );
#234 = CIRCLE('',#235,0.450012700025);
#235 = AXIS2_PLACEMENT_3D('',#236,#237,#238);
#236 = CARTESIAN_POINT('',(2.637541275083,-7.73746507493,1.600050800102)
  );
#237 = DIRECTION('',(0.,0.,1.));
#238 = DIRECTION('',(1.,1.110223024625E-16,-0.));
#239 = ORIENTED_EDGE('',*,*,#240,.F.);
#240 = EDGE_CURVE('',#241,#232,#243,.T.);
#241 = VERTEX_POINT('',#242);
#242 = CARTESIAN_POINT('',(2.187528575057,-7.73746507493,0.));
#243 = LINE('',#244,#245);
#244 = CARTESIAN_POINT('',(2.187528575057,-7.73746507493,0.));
#245 = VECTOR('',#246,1.);
#246 = DIRECTION('',(0.,0.,1.));
#247 = ORIENTED_EDGE('',*,*,#248,.F.);
#248 = EDGE_CURVE('',#222,#241,#249,.T.);
#249 = CIRCLE('',#250,0.450012700025);
#250 = AXIS2_PLACEMENT_3D('',#251,#252,#253);
#251 = CARTESIAN_POINT('',(2.637541275083,-7.73746507493,0.));
#252 = DIRECTION('',(0.,0.,1.));
#253 = DIRECTION('',(1.,1.110223024625E-16,-0.));
#254 = CYLINDRICAL_SURFACE('',#255,0.450012700025);
#255 = AXIS2_PLACEMENT_3D('',#256,#257,#258);
#256 = CARTESIAN_POINT('',(2.637541275083,-7.73746507493,0.));
#257 = DIRECTION('',(-0.,-0.,-1.));
#258 = DIRECTION('',(1.,1.110223024625E-16,-0.));
#259 = ADVANCED_FACE('',(#260),#278,.F.);
#260 = FACE_BOUND('',#261,.T.);
#261 = EDGE_LOOP('',(#262,#263,#270,#271));
#262 = ORIENTED_EDGE('',*,*,#240,.T.);
#263 = ORIENTED_EDGE('',*,*,#264,.T.);
#264 = EDGE_CURVE('',#232,#224,#265,.T.);
#265 = CIRCLE('',#266,0.450012700025);
#266 = AXIS2_PLACEMENT_3D('',#267,#268,#269);
#267 = CARTESIAN_POINT('',(2.637541275083,-7.73746507493,1.600050800102)
  );
#268 = DIRECTION('',(0.,0.,1.));
#269 = DIRECTION('',(-1.,-1.110223024625E-16,0.));
#270 = ORIENTED_EDGE('',*,*,#221,.F.);
#271 = ORIENTED_EDGE('',*,*,#272,.F.);
#272 = EDGE_CURVE('',#241,#222,#273,.T.);
#273 = CIRCLE('',#274,0.450012700025);
#274 = AXIS2_PLACEMENT_3D('',#275,#276,#277);
#275 = CARTESIAN_POINT('',(2.637541275083,-7.73746507493,0.));
#276 = DIRECTION('',(0.,0.,1.));
#277 = DIRECTION('',(-1.,-1.110223024625E-16,0.));
#278 = CYLINDRICAL_SURFACE('',#279,0.450012700025);
#279 = AXIS2_PLACEMENT_3D('',#280,#281,#282);
#280 = CARTESIAN_POINT('',(2.637541275083,-7.73746507493,0.));
#281 = DIRECTION('',(-0.,-0.,-1.));
#282 = DIRECTION('',(-1.,-1.110223024625E-16,0.));
#283 = ADVANCED_FACE('',(#284),#320,.F.);
#284 = FACE_BOUND('',#285,.T.);
#285 = EDGE_LOOP('',(#286,#296,#305,#313));
#286 = ORIENTED_EDGE('',*,*,#287,.T.);
#287 = EDGE_CURVE('',#288,#290,#292,.T.);
#288 = VERTEX_POINT('',#289);
#289 = CARTESIAN_POINT('',(6.087553975108,-7.73746507493,0.));
#290 = VERTEX_POINT('',#291);
#291 = CARTESIAN_POINT('',(6.087553975108,-7.73746507493,1.600050800102)
  );
#292 = LINE('',#293,#294);
#293 = CARTESIAN_POINT('',(6.087553975108,-7.73746507493,0.));
#294 = VECTOR('',#295,1.);
#295 = DIRECTION('',(0.,0.,1.));
#296 = ORIENTED_EDGE('',*,*,#297,.T.);
#297 = EDGE_CURVE('',#290,#298,#300,.T.);
#298 = VERTEX_POINT('',#299);
#299 = CARTESIAN_POINT('',(5.187528575057,-7.73746507493,1.600050800102)
  );
#300 = CIRCLE('',#301,0.450012700025);
#301 = AXIS2_PLACEMENT_3D('',#302,#303,#304);
#302 = CARTESIAN_POINT('',(5.637541275083,-7.73746507493,1.600050800102)
  );
#303 = DIRECTION('',(0.,0.,1.));
#304 = DIRECTION('',(1.,1.110223024625E-16,-0.));
#305 = ORIENTED_EDGE('',*,*,#306,.F.);
#306 = EDGE_CURVE('',#307,#298,#309,.T.);
#307 = VERTEX_POINT('',#308);
#308 = CARTESIAN_POINT('',(5.187528575057,-7.73746507493,0.));
#309 = LINE('',#310,#311);
#310 = CARTESIAN_POINT('',(5.187528575057,-7.73746507493,0.));
#311 = VECTOR('',#312,1.);
#312 = DIRECTION('',(0.,0.,1.));
#313 = ORIENTED_EDGE('',*,*,#314,.F.);
#314 = EDGE_CURVE('',#288,#307,#315,.T.);
#315 = CIRCLE('',#316,0.450012700025);
#316 = AXIS2_PLACEMENT_3D('',#317,#318,#319);
#317 = CARTESIAN_POINT('',(5.637541275083,-7.73746507493,0.));
#318 = DIRECTION('',(0.,0.,1.));
#319 = DIRECTION('',(1.,1.110223024625E-16,-0.));
#320 = CYLINDRICAL_SURFACE('',#321,0.450012700025);
#321 = AXIS2_PLACEMENT_3D('',#322,#323,#324);
#322 = CARTESIAN_POINT('',(5.637541275083,-7.73746507493,0.));
#323 = DIRECTION('',(-0.,-0.,-1.));
#324 = DIRECTION('',(1.,1.110223024625E-16,-0.));
#325 = ADVANCED_FACE('',(#326),#344,.F.);
#326 = FACE_BOUND('',#327,.T.);
#327 = EDGE_LOOP('',(#328,#329,#336,#337));
#328 = ORIENTED_EDGE('',*,*,#306,.T.);
#329 = ORIENTED_EDGE('',*,*,#330,.T.);
#330 = EDGE_CURVE('',#298,#290,#331,.T.);
#331 = CIRCLE('',#332,0.450012700025);
#332 = AXIS2_PLACEMENT_3D('',#333,#334,#335);
#333 = CARTESIAN_POINT('',(5.637541275083,-7.73746507493,1.600050800102)
  );
#334 = DIRECTION('',(0.,0.,1.));
#335 = DIRECTION('',(-1.,-1.110223024625E-16,0.));
#336 = ORIENTED_EDGE('',*,*,#287,.F.);
#337 = ORIENTED_EDGE('',*,*,#338,.F.);
#338 = EDGE_CURVE('',#307,#288,#339,.T.);
#339 = CIRCLE('',#340,0.450012700025);
#340 = AXIS2_PLACEMENT_3D('',#341,#342,#343);
#341 = CARTESIAN_POINT('',(5.637541275083,-7.73746507493,0.));
#342 = DIRECTION('',(0.,0.,1.));
#343 = DIRECTION('',(-1.,-1.110223024625E-16,0.));
#344 = CYLINDRICAL_SURFACE('',#345,0.450012700025);
#345 = AXIS2_PLACEMENT_3D('',#346,#347,#348);
#346 = CARTESIAN_POINT('',(5.637541275083,-7.73746507493,0.));
#347 = DIRECTION('',(-0.,-0.,-1.));
#348 = DIRECTION('',(-1.,-1.110223024625E-16,0.));
#349 = ADVANCED_FACE('',(#350,#356,#360),#364,.T.);
#350 = FACE_BOUND('',#351,.T.);
#351 = EDGE_LOOP('',(#352,#353,#354,#355));
#352 = ORIENTED_EDGE('',*,*,#123,.T.);
#353 = ORIENTED_EDGE('',*,*,#154,.T.);
#354 = ORIENTED_EDGE('',*,*,#185,.T.);
#355 = ORIENTED_EDGE('',*,*,#207,.T.);
#356 = FACE_BOUND('',#357,.T.);
#357 = EDGE_LOOP('',(#358,#359));
#358 = ORIENTED_EDGE('',*,*,#248,.T.);
#359 = ORIENTED_EDGE('',*,*,#272,.T.);
#360 = FACE_BOUND('',#361,.T.);
#361 = EDGE_LOOP('',(#362,#363));
#362 = ORIENTED_EDGE('',*,*,#314,.T.);
#363 = ORIENTED_EDGE('',*,*,#338,.T.);
#364 = PLANE('',#365);
#365 = AXIS2_PLACEMENT_3D('',#366,#367,#368);
#366 = CARTESIAN_POINT('',(3.719710439421,-7.298501397003,0.));
#367 = DIRECTION('',(-0.,-0.,-1.));
#368 = DIRECTION('',(-1.,0.,0.));
#369 = ADVANCED_FACE('',(#370,#376,#380),#384,.F.);
#370 = FACE_BOUND('',#371,.F.);
#371 = EDGE_LOOP('',(#372,#373,#374,#375));
#372 = ORIENTED_EDGE('',*,*,#107,.T.);
#373 = ORIENTED_EDGE('',*,*,#138,.T.);
#374 = ORIENTED_EDGE('',*,*,#169,.T.);
#375 = ORIENTED_EDGE('',*,*,#200,.T.);
#376 = FACE_BOUND('',#377,.F.);
#377 = EDGE_LOOP('',(#378,#379));
#378 = ORIENTED_EDGE('',*,*,#231,.T.);
#379 = ORIENTED_EDGE('',*,*,#264,.T.);
#380 = FACE_BOUND('',#381,.F.);
#381 = EDGE_LOOP('',(#382,#383));
#382 = ORIENTED_EDGE('',*,*,#297,.T.);
#383 = ORIENTED_EDGE('',*,*,#330,.T.);
#384 = PLANE('',#385);
#385 = AXIS2_PLACEMENT_3D('',#386,#387,#388);
#386 = CARTESIAN_POINT('',(3.719710439421,-7.298501397003,1.600050800102
    ));
#387 = DIRECTION('',(-0.,-0.,-1.));
#388 = DIRECTION('',(-1.,0.,0.));
#389 = ( GEOMETRIC_REPRESENTATION_CONTEXT(3) 
GLOBAL_UNCERTAINTY_ASSIGNED_CONTEXT((#393)) GLOBAL_UNIT_ASSIGNED_CONTEXT
((#390,#391,#392)) REPRESENTATION_CONTEXT('Context #1',
  '3D Context with UNIT and UNCERTAINTY') );
#390 = ( LENGTH_UNIT() NAMED_UNIT(*) SI_UNIT(.MILLI.,.METRE.) );
#391 = ( NAMED_UNIT(*) PLANE_ANGLE_UNIT() SI_UNIT($,.RADIAN.) );
#392 = ( NAMED_UNIT(*) SI_UNIT($,.STERADIAN.) SOLID_ANGLE_UNIT() );
#393 = UNCERTAINTY_MEASURE_WITH_UNIT(LENGTH_MEASURE(1.E-07),#390,
  'distance_accuracy_value','confusion accuracy');
#394 = CONTEXT_DEPENDENT_SHAPE_REPRESENTATION(#395,#397);
#395 = ( REPRESENTATION_RELATIONSHIP('','',#90,#10) 
REPRESENTATION_RELATIONSHIP_WITH_TRANSFORMATION(#396) 
SHAPE_REPRESENTATION_RELATIONSHIP() );
#396 = ITEM_DEFINED_TRANSFORMATION('','',#11,#23);
#397 = PRODUCT_DEFINITION_SHAPE('Placement','Placement of an item',#398
  );
#398 = NEXT_ASSEMBLY_USAGE_OCCURRENCE('3','=>[0:1:1:4]','',#5,#85,$);
#399 = PRODUCT_RELATED_PRODUCT_CATEGORY('part',$,(#87));
#400 = SHAPE_DEFINITION_REPRESENTATION(#401,#407);
#401 = PRODUCT_DEFINITION_SHAPE('','',#402);
#402 = PRODUCT_DEFINITION('design','',#403,#406);
#403 = PRODUCT_DEFINITION_FORMATION('','',#404);
#404 = PRODUCT('9ARF-Top FPC Stiffener','9ARF-Top FPC Stiffener','',(
    #405));
#405 = PRODUCT_CONTEXT('',#2,'mechanical');
#406 = PRODUCT_DEFINITION_CONTEXT('part definition',#2,'design');
#407 = SHAPE_REPRESENTATION('',(#11),#408);
#408 = ( GEOMETRIC_REPRESENTATION_CONTEXT(3) 
GLOBAL_UNCERTAINTY_ASSIGNED_CONTEXT((#412)) GLOBAL_UNIT_ASSIGNED_CONTEXT
((#409,#410,#411)) REPRESENTATION_CONTEXT('Context #1',
  '3D Context with UNIT and UNCERTAINTY') );
#409 = ( LENGTH_UNIT() NAMED_UNIT(*) SI_UNIT(.MILLI.,.METRE.) );
#410 = ( NAMED_UNIT(*) PLANE_ANGLE_UNIT() SI_UNIT($,.RADIAN.) );
#411 = ( NAMED_UNIT(*) SI_UNIT($,.STERADIAN.) SOLID_ANGLE_UNIT() );
#412 = UNCERTAINTY_MEASURE_WITH_UNIT(LENGTH_MEASURE(1.E-07),#409,
  'distance_accuracy_value','confusion accuracy');
#413 = CONTEXT_DEPENDENT_SHAPE_REPRESENTATION(#414,#416);
#414 = ( REPRESENTATION_RELATIONSHIP('','',#407,#10) 
REPRESENTATION_RELATIONSHIP_WITH_TRANSFORMATION(#415) 
SHAPE_REPRESENTATION_RELATIONSHIP() );
#415 = ITEM_DEFINED_TRANSFORMATION('','',#11,#27);
#416 = PRODUCT_DEFINITION_SHAPE('Placement','Placement of an item',#417
  );
#417 = NEXT_ASSEMBLY_USAGE_OCCURRENCE('4','=>[0:1:1:5]','',#5,#402,$);
#418 = PRODUCT_RELATED_PRODUCT_CATEGORY('part',$,(#404));
#419 = SHAPE_DEFINITION_REPRESENTATION(#420,#426);
#420 = PRODUCT_DEFINITION_SHAPE('','',#421);
#421 = PRODUCT_DEFINITION('design','',#422,#425);
#422 = PRODUCT_DEFINITION_FORMATION('','',#423);
#423 = PRODUCT('9ARF-Bot FPC Stiffener','9ARF-Bot FPC Stiffener','',(
    #424));
#424 = PRODUCT_CONTEXT('',#2,'mechanical');
#425 = PRODUCT_DEFINITION_CONTEXT('part definition',#2,'design');
#426 = SHAPE_REPRESENTATION('',(#11),#427);
#427 = ( GEOMETRIC_REPRESENTATION_CONTEXT(3) 
GLOBAL_UNCERTAINTY_ASSIGNED_CONTEXT((#431)) GLOBAL_UNIT_ASSIGNED_CONTEXT
((#428,#429,#430)) REPRESENTATION_CONTEXT('Context #1',
  '3D Context with UNIT and UNCERTAINTY') );
#428 = ( LENGTH_UNIT() NAMED_UNIT(*) SI_UNIT(.MILLI.,.METRE.) );
#429 = ( NAMED_UNIT(*) PLANE_ANGLE_UNIT() SI_UNIT($,.RADIAN.) );
#430 = ( NAMED_UNIT(*) SI_UNIT($,.STERADIAN.) SOLID_ANGLE_UNIT() );
#431 = UNCERTAINTY_MEASURE_WITH_UNIT(LENGTH_MEASURE(1.E-07),#428,
  'distance_accuracy_value','confusion accuracy');
#432 = CONTEXT_DEPENDENT_SHAPE_REPRESENTATION(#433,#435);
#433 = ( REPRESENTATION_RELATIONSHIP('','',#426,#10) 
REPRESENTATION_RELATIONSHIP_WITH_TRANSFORMATION(#434) 
SHAPE_REPRESENTATION_RELATIONSHIP() );
#434 = ITEM_DEFINED_TRANSFORMATION('','',#11,#31);
#435 = PRODUCT_DEFINITION_SHAPE('Placement','Placement of an item',#436
  );
#436 = NEXT_ASSEMBLY_USAGE_OCCURRENCE('5','=>[0:1:1:6]','',#5,#421,$);
#437 = PRODUCT_RELATED_PRODUCT_CATEGORY('part',$,(#423));
#438 = SHAPE_DEFINITION_REPRESENTATION(#439,#445);
#439 = PRODUCT_DEFINITION_SHAPE('','',#440);
#440 = PRODUCT_DEFINITION('design','',#441,#444);
#441 = PRODUCT_DEFINITION_FORMATION('','',#442);
#442 = PRODUCT('9ARF-SW3','9ARF-SW3','',(#443));
#443 = PRODUCT_CONTEXT('',#2,'mechanical');
#444 = PRODUCT_DEFINITION_CONTEXT('part definition',#2,'design');
#445 = SHAPE_REPRESENTATION('',(#11,#446),#450);
#446 = AXIS2_PLACEMENT_3D('',#447,#448,#449);
#447 = CARTESIAN_POINT('',(0.,0.,0.));
#448 = DIRECTION('',(0.,0.,1.));
#449 = DIRECTION('',(1.,0.,-0.));
#450 = ( GEOMETRIC_REPRESENTATION_CONTEXT(3) 
GLOBAL_UNCERTAINTY_ASSIGNED_CONTEXT((#454)) GLOBAL_UNIT_ASSIGNED_CONTEXT
((#451,#452,#453)) REPRESENTATION_CONTEXT('Context #1',
  '3D Context with UNIT and UNCERTAINTY') );
#451 = ( LENGTH_UNIT() NAMED_UNIT(*) SI_UNIT(.MILLI.,.METRE.) );
#452 = ( NAMED_UNIT(*) PLANE_ANGLE_UNIT() SI_UNIT($,.RADIAN.) );
#453 = ( NAMED_UNIT(*) SI_UNIT($,.STERADIAN.) SOLID_ANGLE_UNIT() );
#454 = UNCERTAINTY_MEASURE_WITH_UNIT(LENGTH_MEASURE(1.E-07),#451,
  'distance_accuracy_value','confusion accuracy');
#455 = CONTEXT_DEPENDENT_SHAPE_REPRESENTATION(#456,#458);
#456 = ( REPRESENTATION_RELATIONSHIP('','',#445,#10) 
REPRESENTATION_RELATIONSHIP_WITH_TRANSFORMATION(#457) 
SHAPE_REPRESENTATION_RELATIONSHIP() );
#457 = ITEM_DEFINED_TRANSFORMATION('','',#11,#35);
#458 = PRODUCT_DEFINITION_SHAPE('Placement','Placement of an item',#459
  );
#459 = NEXT_ASSEMBLY_USAGE_OCCURRENCE('10','=>[0:1:1:11]','',#5,#440,$);
#460 = PRODUCT_RELATED_PRODUCT_CATEGORY('part',$,(#442));
#461 = SHAPE_DEFINITION_REPRESENTATION(#462,#468);
#462 = PRODUCT_DEFINITION_SHAPE('','',#463);
#463 = PRODUCT_DEFINITION('design','',#464,#467);
#464 = PRODUCT_DEFINITION_FORMATION('','',#465);
#465 = PRODUCT('SW-SMD_MSK12CO2','SW-SMD_MSK12CO2','',(#466));
#466 = PRODUCT_CONTEXT('',#2,'mechanical');
#467 = PRODUCT_DEFINITION_CONTEXT('part definition',#2,'design');
#468 = SHAPE_REPRESENTATION('',(#11,#469,#473,#477),#481);
#469 = AXIS2_PLACEMENT_3D('',#470,#471,#472);
#470 = CARTESIAN_POINT('',(0.,0.,0.));
#471 = DIRECTION('',(0.,0.,1.));
#472 = DIRECTION('',(1.,0.,-0.));
#473 = AXIS2_PLACEMENT_3D('',#474,#475,#476);
#474 = CARTESIAN_POINT('',(0.,0.,0.));
#475 = DIRECTION('',(0.,0.,1.));
#476 = DIRECTION('',(1.,0.,-0.));
#477 = AXIS2_PLACEMENT_3D('',#478,#479,#480);
#478 = CARTESIAN_POINT('',(0.,0.,0.));
#479 = DIRECTION('',(0.,0.,1.));
#480 = DIRECTION('',(1.,0.,-0.));
#481 = ( GEOMETRIC_REPRESENTATION_CONTEXT(3) 
GLOBAL_UNCERTAINTY_ASSIGNED_CONTEXT((#485)) GLOBAL_UNIT_ASSIGNED_CONTEXT
((#482,#483,#484)) REPRESENTATION_CONTEXT('Context #1',
  '3D Context with UNIT and UNCERTAINTY') );
#482 = ( LENGTH_UNIT() NAMED_UNIT(*) SI_UNIT(.MILLI.,.METRE.) );
#483 = ( NAMED_UNIT(*) PLANE_ANGLE_UNIT() SI_UNIT($,.RADIAN.) );
#484 = ( NAMED_UNIT(*) SI_UNIT($,.STERADIAN.) SOLID_ANGLE_UNIT() );
#485 = UNCERTAINTY_MEASURE_WITH_UNIT(LENGTH_MEASURE(1.E-07),#482,
  'distance_accuracy_value','confusion accuracy');
#486 = CONTEXT_DEPENDENT_SHAPE_REPRESENTATION(#487,#489);
#487 = ( REPRESENTATION_RELATIONSHIP('','',#468,#445) 
REPRESENTATION_RELATIONSHIP_WITH_TRANSFORMATION(#488) 
SHAPE_REPRESENTATION_RELATIONSHIP() );
#488 = ITEM_DEFINED_TRANSFORMATION('','',#11,#446);
#489 = PRODUCT_DEFINITION_SHAPE('Placement','Placement of an item',#490
  );
#490 = NEXT_ASSEMBLY_USAGE_OCCURRENCE('9','=>[0:1:1:7]','',#440,#463,$);
#491 = PRODUCT_RELATED_PRODUCT_CATEGORY('part',$,(#465));
#492 = SHAPE_DEFINITION_REPRESENTATION(#493,#499);
#493 = PRODUCT_DEFINITION_SHAPE('','',#494);
#494 = PRODUCT_DEFINITION('design','',#495,#498);
#495 = PRODUCT_DEFINITION_FORMATION('','',#496);
#496 = PRODUCT('SOLID','SOLID','',(#497));
#497 = PRODUCT_CONTEXT('',#2,'mechanical');
#498 = PRODUCT_DEFINITION_CONTEXT('part definition',#2,'design');
#499 = ADVANCED_BREP_SHAPE_REPRESENTATION('',(#11,#500),#6715);
#500 = MANIFOLD_SOLID_BREP('',#501);
#501 = CLOSED_SHELL('',(#502,#542,#1583,#1687,#1719,#1751,#1783,#1799,
    #1825,#1843,#1855,#1887,#1905,#1927,#1939,#1970,#1994,#2018,#2035,
    #2047,#2087,#2127,#2167,#2207,#2247,#2287,#2327,#2349,#2366,#2383,
    #2395,#2417,#2434,#2451,#2463,#2485,#2502,#2519,#2531,#2553,#2570,
    #2587,#2599,#2621,#2638,#2655,#2667,#2689,#2706,#2723,#2735,#2757,
    #2774,#2791,#2803,#2983,#3022,#3046,#3078,#3095,#3112,#3124,#3163,
    #3187,#3219,#3236,#3253,#3265,#3304,#3328,#3360,#3377,#3394,#3406,
    #3462,#3517,#3539,#3579,#3596,#3627,#3666,#3697,#3737,#3761,#3778,
    #3802,#3850,#3867,#3957,#3988,#4012,#4091,#4108,#4120,#4132,#4144,
    #4177,#4194,#4206,#4237,#4254,#4279,#4291,#4303,#4315,#4327,#4358,
    #4382,#4406,#4430,#4454,#4471,#4485,#4804,#4908,#5126,#5224,#5246,
    #5263,#5280,#5297,#5314,#5331,#5348,#5365,#5382,#5394,#5411,#5428,
    #5445,#5462,#5479,#5496,#5513,#5530,#5547,#5564,#5581,#5598,#5615,
    #5632,#5649,#5666,#5683,#5700,#5717,#5734,#5751,#5768,#5785,#5802,
    #5819,#5836,#5853,#5870,#5882,#5904,#5921,#5938,#5955,#5972,#5989,
    #6006,#6023,#6040,#6057,#6074,#6086,#6108,#6125,#6142,#6159,#6176,
    #6193,#6210,#6227,#6244,#6261,#6278,#6295,#6312,#6324,#6346,#6363,
    #6380,#6397,#6414,#6431,#6448,#6465,#6482,#6499,#6516,#6528,#6550,
    #6567,#6584,#6601,#6618,#6635,#6652,#6664,#6686,#6703));
#502 = ADVANCED_FACE('',(#503),#537,.T.);
#503 = FACE_BOUND('',#504,.F.);
#504 = EDGE_LOOP('',(#505,#515,#523,#531));
#505 = ORIENTED_EDGE('',*,*,#506,.F.);
#506 = EDGE_CURVE('',#507,#509,#511,.T.);
#507 = VERTEX_POINT('',#508);
#508 = CARTESIAN_POINT('',(-0.356841653993,-1.292326613066,
    -9.258973643345E-09));
#509 = VERTEX_POINT('',#510);
#510 = CARTESIAN_POINT('',(-0.35048124351,-1.259847894135,
    -9.258973643345E-09));
#511 = LINE('',#512,#513);
#512 = CARTESIAN_POINT('',(-0.356841653993,-1.292326613066,
    -9.258973643345E-09));
#513 = VECTOR('',#514,1.);
#514 = DIRECTION('',(0.192182676904,0.98135916906,0.));
#515 = ORIENTED_EDGE('',*,*,#516,.T.);
#516 = EDGE_CURVE('',#507,#517,#519,.T.);
#517 = VERTEX_POINT('',#518);
#518 = CARTESIAN_POINT('',(-0.356841653993,-1.292326613066,
    -1.000000907379E-02));
#519 = LINE('',#520,#521);
#520 = CARTESIAN_POINT('',(-0.356841653993,-1.292326613066,
    -9.258973643345E-09));
#521 = VECTOR('',#522,1.);
#522 = DIRECTION('',(0.,-1.110223024625E-14,-1.));
#523 = ORIENTED_EDGE('',*,*,#524,.T.);
#524 = EDGE_CURVE('',#517,#525,#527,.T.);
#525 = VERTEX_POINT('',#526);
#526 = CARTESIAN_POINT('',(-0.35048124351,-1.259847894135,
    -1.000000907379E-02));
#527 = LINE('',#528,#529);
#528 = CARTESIAN_POINT('',(-0.356841653993,-1.292326613066,
    -1.000000907379E-02));
#529 = VECTOR('',#530,1.);
#530 = DIRECTION('',(0.192182676904,0.98135916906,0.));
#531 = ORIENTED_EDGE('',*,*,#532,.F.);
#532 = EDGE_CURVE('',#509,#525,#533,.T.);
#533 = LINE('',#534,#535);
#534 = CARTESIAN_POINT('',(-0.35048124351,-1.259847894135,
    -9.258973643345E-09));
#535 = VECTOR('',#536,1.);
#536 = DIRECTION('',(1.110223024625E-14,0.,-1.));
#537 = PLANE('',#538);
#538 = AXIS2_PLACEMENT_3D('',#539,#540,#541);
#539 = CARTESIAN_POINT('',(-0.356841653993,-1.292326613066,
    -9.258973643345E-09));
#540 = DIRECTION('',(-0.98135916906,0.192182676904,0.));
#541 = DIRECTION('',(0.192182676904,0.98135916906,0.));
#542 = ADVANCED_FACE('',(#543,#625,#645,#665,#699,#733,#767,#801,#835,
    #869,#903,#937,#987,#1300,#1398,#1512),#1578,.F.);
#543 = FACE_BOUND('',#544,.F.);
#544 = EDGE_LOOP('',(#545,#555,#563,#571,#579,#587,#595,#603,#611,#619)
  );
#545 = ORIENTED_EDGE('',*,*,#546,.T.);
#546 = EDGE_CURVE('',#547,#549,#551,.T.);
#547 = VERTEX_POINT('',#548);
#548 = CARTESIAN_POINT('',(-0.199999996296,1.042005255309,
    -9.258973643345E-09));
#549 = VERTEX_POINT('',#550);
#550 = CARTESIAN_POINT('',(-0.799999985186,1.042005255309,
    -9.258973643345E-09));
#551 = LINE('',#552,#553);
#552 = CARTESIAN_POINT('',(-0.199999996296,1.042005255309,
    -9.258973643345E-09));
#553 = VECTOR('',#554,1.);
#554 = DIRECTION('',(-1.,0.,0.));
#555 = ORIENTED_EDGE('',*,*,#556,.F.);
#556 = EDGE_CURVE('',#557,#549,#559,.T.);
#557 = VERTEX_POINT('',#558);
#558 = CARTESIAN_POINT('',(-1.199999977778,1.042005255309,
    -9.258973643345E-09));
#559 = LINE('',#560,#561);
#560 = CARTESIAN_POINT('',(-1.199999977778,1.042005255309,
    -9.258973643345E-09));
#561 = VECTOR('',#562,1.);
#562 = DIRECTION('',(1.,0.,0.));
#563 = ORIENTED_EDGE('',*,*,#564,.T.);
#564 = EDGE_CURVE('',#557,#565,#567,.T.);
#565 = VERTEX_POINT('',#566);
#566 = CARTESIAN_POINT('',(-2.329999956853,1.042005255309,
    -9.258973643345E-09));
#567 = LINE('',#568,#569);
#568 = CARTESIAN_POINT('',(-1.199999977778,1.042005255309,
    -9.258973643345E-09));
#569 = VECTOR('',#570,1.);
#570 = DIRECTION('',(-1.,0.,0.));
#571 = ORIENTED_EDGE('',*,*,#572,.F.);
#572 = EDGE_CURVE('',#573,#565,#575,.T.);
#573 = VERTEX_POINT('',#574);
#574 = CARTESIAN_POINT('',(-2.329999956853,-1.707994693766,
    -9.258973643345E-09));
#575 = LINE('',#576,#577);
#576 = CARTESIAN_POINT('',(-2.329999956853,-1.707994693766,
    -9.258973643345E-09));
#577 = VECTOR('',#578,1.);
#578 = DIRECTION('',(0.,1.,0.));
#579 = ORIENTED_EDGE('',*,*,#580,.T.);
#580 = EDGE_CURVE('',#573,#581,#583,.T.);
#581 = VERTEX_POINT('',#582);
#582 = CARTESIAN_POINT('',(2.329999956853,-1.707994693766,
    -9.258973643345E-09));
#583 = LINE('',#584,#585);
#584 = CARTESIAN_POINT('',(-2.329999956853,-1.707994693766,
    -9.258973643345E-09));
#585 = VECTOR('',#586,1.);
#586 = DIRECTION('',(1.,0.,0.));
#587 = ORIENTED_EDGE('',*,*,#588,.T.);
#588 = EDGE_CURVE('',#581,#589,#591,.T.);
#589 = VERTEX_POINT('',#590);
#590 = CARTESIAN_POINT('',(2.329999956853,1.042005255309,
    -9.258973643345E-09));
#591 = LINE('',#592,#593);
#592 = CARTESIAN_POINT('',(2.329999956853,-1.707994693766,
    -9.258973643345E-09));
#593 = VECTOR('',#594,1.);
#594 = DIRECTION('',(0.,1.,0.));
#595 = ORIENTED_EDGE('',*,*,#596,.T.);
#596 = EDGE_CURVE('',#589,#597,#599,.T.);
#597 = VERTEX_POINT('',#598);
#598 = CARTESIAN_POINT('',(1.199999977778,1.042005255309,
    -9.258973643345E-09));
#599 = LINE('',#600,#601);
#600 = CARTESIAN_POINT('',(2.329999956853,1.042005255309,
    -9.258973643345E-09));
#601 = VECTOR('',#602,1.);
#602 = DIRECTION('',(-1.,0.,0.));
#603 = ORIENTED_EDGE('',*,*,#604,.F.);
#604 = EDGE_CURVE('',#605,#597,#607,.T.);
#605 = VERTEX_POINT('',#606);
#606 = CARTESIAN_POINT('',(0.799999985186,1.042005255309,
    -9.258973643345E-09));
#607 = LINE('',#608,#609);
#608 = CARTESIAN_POINT('',(0.799999985186,1.042005255309,
    -9.258973643345E-09));
#609 = VECTOR('',#610,1.);
#610 = DIRECTION('',(1.,0.,0.));
#611 = ORIENTED_EDGE('',*,*,#612,.T.);
#612 = EDGE_CURVE('',#605,#613,#615,.T.);
#613 = VERTEX_POINT('',#614);
#614 = CARTESIAN_POINT('',(0.199999996296,1.042005255309,
    -9.258973643345E-09));
#615 = LINE('',#616,#617);
#616 = CARTESIAN_POINT('',(0.799999985186,1.042005255309,
    -9.258973643345E-09));
#617 = VECTOR('',#618,1.);
#618 = DIRECTION('',(-1.,0.,0.));
#619 = ORIENTED_EDGE('',*,*,#620,.F.);
#620 = EDGE_CURVE('',#547,#613,#621,.T.);
#621 = LINE('',#622,#623);
#622 = CARTESIAN_POINT('',(-0.199999996296,1.042005255309,
    -9.258973643345E-09));
#623 = VECTOR('',#624,1.);
#624 = DIRECTION('',(1.,0.,0.));
#625 = FACE_BOUND('',#626,.F.);
#626 = EDGE_LOOP('',(#627,#638));
#627 = ORIENTED_EDGE('',*,*,#628,.T.);
#628 = EDGE_CURVE('',#629,#631,#633,.T.);
#629 = VERTEX_POINT('',#630);
#630 = CARTESIAN_POINT('',(-1.11349997938,-0.332994719228,
    -9.258973643345E-09));
#631 = VERTEX_POINT('',#632);
#632 = CARTESIAN_POINT('',(-1.886499965066,-0.332994719228,
    -9.258973643345E-09));
#633 = CIRCLE('',#634,0.386499992843);
#634 = AXIS2_PLACEMENT_3D('',#635,#636,#637);
#635 = CARTESIAN_POINT('',(-1.499999972223,-0.332994719228,
    -9.258973643345E-09));
#636 = DIRECTION('',(0.,0.,-1.));
#637 = DIRECTION('',(1.,0.,0.));
#638 = ORIENTED_EDGE('',*,*,#639,.T.);
#639 = EDGE_CURVE('',#631,#629,#640,.T.);
#640 = CIRCLE('',#641,0.386499992843);
#641 = AXIS2_PLACEMENT_3D('',#642,#643,#644);
#642 = CARTESIAN_POINT('',(-1.499999972223,-0.332994719228,
    -9.258973643345E-09));
#643 = DIRECTION('',(0.,0.,-1.));
#644 = DIRECTION('',(-1.,0.,0.));
#645 = FACE_BOUND('',#646,.F.);
#646 = EDGE_LOOP('',(#647,#658));
#647 = ORIENTED_EDGE('',*,*,#648,.T.);
#648 = EDGE_CURVE('',#649,#651,#653,.T.);
#649 = VERTEX_POINT('',#650);
#650 = CARTESIAN_POINT('',(1.886499965066,-0.332994719228,
    -9.258973643345E-09));
#651 = VERTEX_POINT('',#652);
#652 = CARTESIAN_POINT('',(1.11349997938,-0.332994719228,
    -9.258973643345E-09));
#653 = CIRCLE('',#654,0.386499992843);
#654 = AXIS2_PLACEMENT_3D('',#655,#656,#657);
#655 = CARTESIAN_POINT('',(1.499999972223,-0.332994719228,
    -9.258973643345E-09));
#656 = DIRECTION('',(0.,0.,-1.));
#657 = DIRECTION('',(1.,0.,0.));
#658 = ORIENTED_EDGE('',*,*,#659,.T.);
#659 = EDGE_CURVE('',#651,#649,#660,.T.);
#660 = CIRCLE('',#661,0.386499992843);
#661 = AXIS2_PLACEMENT_3D('',#662,#663,#664);
#662 = CARTESIAN_POINT('',(1.499999972223,-0.332994719228,
    -9.258973643345E-09));
#663 = DIRECTION('',(0.,0.,-1.));
#664 = DIRECTION('',(-1.,0.,0.));
#665 = FACE_BOUND('',#666,.F.);
#666 = EDGE_LOOP('',(#667,#677,#685,#693));
#667 = ORIENTED_EDGE('',*,*,#668,.T.);
#668 = EDGE_CURVE('',#669,#671,#673,.T.);
#669 = VERTEX_POINT('',#670);
#670 = CARTESIAN_POINT('',(-0.567299989495,-0.644994713451,
    -9.258973643345E-09));
#671 = VERTEX_POINT('',#672);
#672 = CARTESIAN_POINT('',(-0.123399997715,-0.644994713451,
    -9.258973643345E-09));
#673 = LINE('',#674,#675);
#674 = CARTESIAN_POINT('',(-0.567299989495,-0.644994713451,
    -9.258973643345E-09));
#675 = VECTOR('',#676,1.);
#676 = DIRECTION('',(1.,0.,0.));
#677 = ORIENTED_EDGE('',*,*,#678,.T.);
#678 = EDGE_CURVE('',#671,#679,#681,.T.);
#679 = VERTEX_POINT('',#680);
#680 = CARTESIAN_POINT('',(-0.123399997715,-0.938594708014,
    -9.258973643345E-09));
#681 = LINE('',#682,#683);
#682 = CARTESIAN_POINT('',(-0.123399997715,-0.644994713451,
    -9.258973643345E-09));
#683 = VECTOR('',#684,1.);
#684 = DIRECTION('',(0.,-1.,0.));
#685 = ORIENTED_EDGE('',*,*,#686,.T.);
#686 = EDGE_CURVE('',#679,#687,#689,.T.);
#687 = VERTEX_POINT('',#688);
#688 = CARTESIAN_POINT('',(-0.567299989495,-0.938594708014,
    -9.258973643345E-09));
#689 = LINE('',#690,#691);
#690 = CARTESIAN_POINT('',(-0.123399997715,-0.938594708014,
    -9.258973643345E-09));
#691 = VECTOR('',#692,1.);
#692 = DIRECTION('',(-1.,0.,0.));
#693 = ORIENTED_EDGE('',*,*,#694,.T.);
#694 = EDGE_CURVE('',#687,#669,#695,.T.);
#695 = LINE('',#696,#697);
#696 = CARTESIAN_POINT('',(-0.567299989495,-0.938594708014,
    -9.258973643345E-09));
#697 = VECTOR('',#698,1.);
#698 = DIRECTION('',(0.,1.,0.));
#699 = FACE_BOUND('',#700,.F.);
#700 = EDGE_LOOP('',(#701,#711,#719,#727));
#701 = ORIENTED_EDGE('',*,*,#702,.T.);
#702 = EDGE_CURVE('',#703,#705,#707,.T.);
#703 = VERTEX_POINT('',#704);
#704 = CARTESIAN_POINT('',(0.567299989495,-0.644994713451,
    -9.258973643345E-09));
#705 = VERTEX_POINT('',#706);
#706 = CARTESIAN_POINT('',(0.567299989495,-0.938594708014,
    -9.258973643345E-09));
#707 = LINE('',#708,#709);
#708 = CARTESIAN_POINT('',(0.567299989495,-0.644994713451,
    -9.258973643345E-09));
#709 = VECTOR('',#710,1.);
#710 = DIRECTION('',(0.,-1.,0.));
#711 = ORIENTED_EDGE('',*,*,#712,.T.);
#712 = EDGE_CURVE('',#705,#713,#715,.T.);
#713 = VERTEX_POINT('',#714);
#714 = CARTESIAN_POINT('',(0.123399997715,-0.938594708014,
    -9.258973643345E-09));
#715 = LINE('',#716,#717);
#716 = CARTESIAN_POINT('',(0.567299989495,-0.938594708014,
    -9.258973643345E-09));
#717 = VECTOR('',#718,1.);
#718 = DIRECTION('',(-1.,0.,0.));
#719 = ORIENTED_EDGE('',*,*,#720,.T.);
#720 = EDGE_CURVE('',#713,#721,#723,.T.);
#721 = VERTEX_POINT('',#722);
#722 = CARTESIAN_POINT('',(0.123399997715,-0.644994713451,
    -9.258973643345E-09));
#723 = LINE('',#724,#725);
#724 = CARTESIAN_POINT('',(0.123399997715,-0.938594708014,
    -9.258973643345E-09));
#725 = VECTOR('',#726,1.);
#726 = DIRECTION('',(0.,1.,0.));
#727 = ORIENTED_EDGE('',*,*,#728,.T.);
#728 = EDGE_CURVE('',#721,#703,#729,.T.);
#729 = LINE('',#730,#731);
#730 = CARTESIAN_POINT('',(0.123399997715,-0.644994713451,
    -9.258973643345E-09));
#731 = VECTOR('',#732,1.);
#732 = DIRECTION('',(1.,0.,0.));
#733 = FACE_BOUND('',#734,.F.);
#734 = EDGE_LOOP('',(#735,#745,#753,#761));
#735 = ORIENTED_EDGE('',*,*,#736,.T.);
#736 = EDGE_CURVE('',#737,#739,#741,.T.);
#737 = VERTEX_POINT('',#738);
#738 = CARTESIAN_POINT('',(-0.567299989495,-2.099472500603E-02,
    -9.258973643345E-09));
#739 = VERTEX_POINT('',#740);
#740 = CARTESIAN_POINT('',(-0.567299989495,0.272605269557,
    -9.258973643345E-09));
#741 = LINE('',#742,#743);
#742 = CARTESIAN_POINT('',(-0.567299989495,-2.099472500603E-02,
    -9.258973643345E-09));
#743 = VECTOR('',#744,1.);
#744 = DIRECTION('',(0.,1.,0.));
#745 = ORIENTED_EDGE('',*,*,#746,.T.);
#746 = EDGE_CURVE('',#739,#747,#749,.T.);
#747 = VERTEX_POINT('',#748);
#748 = CARTESIAN_POINT('',(-0.123399997715,0.272605269557,
    -9.258973643345E-09));
#749 = LINE('',#750,#751);
#750 = CARTESIAN_POINT('',(-0.567299989495,0.272605269557,
    -9.258973643345E-09));
#751 = VECTOR('',#752,1.);
#752 = DIRECTION('',(1.,0.,0.));
#753 = ORIENTED_EDGE('',*,*,#754,.T.);
#754 = EDGE_CURVE('',#747,#755,#757,.T.);
#755 = VERTEX_POINT('',#756);
#756 = CARTESIAN_POINT('',(-0.123399997715,-2.099472500603E-02,
    -9.258973643345E-09));
#757 = LINE('',#758,#759);
#758 = CARTESIAN_POINT('',(-0.123399997715,0.272605269557,
    -9.258973643345E-09));
#759 = VECTOR('',#760,1.);
#760 = DIRECTION('',(0.,-1.,0.));
#761 = ORIENTED_EDGE('',*,*,#762,.T.);
#762 = EDGE_CURVE('',#755,#737,#763,.T.);
#763 = LINE('',#764,#765);
#764 = CARTESIAN_POINT('',(-0.123399997715,-2.099472500603E-02,
    -9.258973643345E-09));
#765 = VECTOR('',#766,1.);
#766 = DIRECTION('',(-1.,0.,0.));
#767 = FACE_BOUND('',#768,.F.);
#768 = EDGE_LOOP('',(#769,#779,#787,#795));
#769 = ORIENTED_EDGE('',*,*,#770,.T.);
#770 = EDGE_CURVE('',#771,#773,#775,.T.);
#771 = VERTEX_POINT('',#772);
#772 = CARTESIAN_POINT('',(0.567299989495,-2.099472500603E-02,
    -9.258973643345E-09));
#773 = VERTEX_POINT('',#774);
#774 = CARTESIAN_POINT('',(0.123399997715,-2.099472500603E-02,
    -9.258973643345E-09));
#775 = LINE('',#776,#777);
#776 = CARTESIAN_POINT('',(0.567299989495,-2.099472500603E-02,
    -9.258973643345E-09));
#777 = VECTOR('',#778,1.);
#778 = DIRECTION('',(-1.,0.,0.));
#779 = ORIENTED_EDGE('',*,*,#780,.T.);
#780 = EDGE_CURVE('',#773,#781,#783,.T.);
#781 = VERTEX_POINT('',#782);
#782 = CARTESIAN_POINT('',(0.123399997715,0.272605269557,
    -9.258973643345E-09));
#783 = LINE('',#784,#785);
#784 = CARTESIAN_POINT('',(0.123399997715,-2.099472500603E-02,
    -9.258973643345E-09));
#785 = VECTOR('',#786,1.);
#786 = DIRECTION('',(0.,1.,0.));
#787 = ORIENTED_EDGE('',*,*,#788,.T.);
#788 = EDGE_CURVE('',#781,#789,#791,.T.);
#789 = VERTEX_POINT('',#790);
#790 = CARTESIAN_POINT('',(0.567299989495,0.272605269557,
    -9.258973643345E-09));
#791 = LINE('',#792,#793);
#792 = CARTESIAN_POINT('',(0.123399997715,0.272605269557,
    -9.258973643345E-09));
#793 = VECTOR('',#794,1.);
#794 = DIRECTION('',(1.,0.,0.));
#795 = ORIENTED_EDGE('',*,*,#796,.T.);
#796 = EDGE_CURVE('',#789,#771,#797,.T.);
#797 = LINE('',#798,#799);
#798 = CARTESIAN_POINT('',(0.567299989495,0.272605269557,
    -9.258973643345E-09));
#799 = VECTOR('',#800,1.);
#800 = DIRECTION('',(0.,-1.,0.));
#801 = FACE_BOUND('',#802,.F.);
#802 = EDGE_LOOP('',(#803,#813,#821,#829));
#803 = ORIENTED_EDGE('',*,*,#804,.T.);
#804 = EDGE_CURVE('',#805,#807,#809,.T.);
#805 = VERTEX_POINT('',#806);
#806 = CARTESIAN_POINT('',(-2.244972524881,-0.644994713451,
    -9.258973643345E-09));
#807 = VERTEX_POINT('',#808);
#808 = CARTESIAN_POINT('',(-1.801072533101,-0.644994713451,
    -9.258973643345E-09));
#809 = LINE('',#810,#811);
#810 = CARTESIAN_POINT('',(-2.244972524881,-0.644994713451,
    -9.258973643345E-09));
#811 = VECTOR('',#812,1.);
#812 = DIRECTION('',(1.,0.,0.));
#813 = ORIENTED_EDGE('',*,*,#814,.T.);
#814 = EDGE_CURVE('',#807,#815,#817,.T.);
#815 = VERTEX_POINT('',#816);
#816 = CARTESIAN_POINT('',(-1.801072533101,-0.938594708014,
    -9.258973643345E-09));
#817 = LINE('',#818,#819);
#818 = CARTESIAN_POINT('',(-1.801072533101,-0.644994713451,
    -9.258973643345E-09));
#819 = VECTOR('',#820,1.);
#820 = DIRECTION('',(0.,-1.,0.));
#821 = ORIENTED_EDGE('',*,*,#822,.T.);
#822 = EDGE_CURVE('',#815,#823,#825,.T.);
#823 = VERTEX_POINT('',#824);
#824 = CARTESIAN_POINT('',(-2.244972524881,-0.938594708014,
    -9.258973643345E-09));
#825 = LINE('',#826,#827);
#826 = CARTESIAN_POINT('',(-1.801072533101,-0.938594708014,
    -9.258973643345E-09));
#827 = VECTOR('',#828,1.);
#828 = DIRECTION('',(-1.,0.,0.));
#829 = ORIENTED_EDGE('',*,*,#830,.T.);
#830 = EDGE_CURVE('',#823,#805,#831,.T.);
#831 = LINE('',#832,#833);
#832 = CARTESIAN_POINT('',(-2.244972524881,-0.938594708014,
    -9.258973643345E-09));
#833 = VECTOR('',#834,1.);
#834 = DIRECTION('',(0.,1.,0.));
#835 = FACE_BOUND('',#836,.F.);
#836 = EDGE_LOOP('',(#837,#847,#855,#863));
#837 = ORIENTED_EDGE('',*,*,#838,.T.);
#838 = EDGE_CURVE('',#839,#841,#843,.T.);
#839 = VERTEX_POINT('',#840);
#840 = CARTESIAN_POINT('',(-2.244972524881,-2.099472500603E-02,
    -9.258973643345E-09));
#841 = VERTEX_POINT('',#842);
#842 = CARTESIAN_POINT('',(-2.244972524881,0.272605269557,
    -9.258973643345E-09));
#843 = LINE('',#844,#845);
#844 = CARTESIAN_POINT('',(-2.244972524881,-2.099472500603E-02,
    -9.258973643345E-09));
#845 = VECTOR('',#846,1.);
#846 = DIRECTION('',(0.,1.,0.));
#847 = ORIENTED_EDGE('',*,*,#848,.T.);
#848 = EDGE_CURVE('',#841,#849,#851,.T.);
#849 = VERTEX_POINT('',#850);
#850 = CARTESIAN_POINT('',(-1.801072533101,0.272605269557,
    -9.258973643345E-09));
#851 = LINE('',#852,#853);
#852 = CARTESIAN_POINT('',(-2.244972524881,0.272605269557,
    -9.258973643345E-09));
#853 = VECTOR('',#854,1.);
#854 = DIRECTION('',(1.,0.,0.));
#855 = ORIENTED_EDGE('',*,*,#856,.T.);
#856 = EDGE_CURVE('',#849,#857,#859,.T.);
#857 = VERTEX_POINT('',#858);
#858 = CARTESIAN_POINT('',(-1.801072533101,-2.099472500603E-02,
    -9.258973643345E-09));
#859 = LINE('',#860,#861);
#860 = CARTESIAN_POINT('',(-1.801072533101,0.272605269557,
    -9.258973643345E-09));
#861 = VECTOR('',#862,1.);
#862 = DIRECTION('',(0.,-1.,0.));
#863 = ORIENTED_EDGE('',*,*,#864,.T.);
#864 = EDGE_CURVE('',#857,#839,#865,.T.);
#865 = LINE('',#866,#867);
#866 = CARTESIAN_POINT('',(-1.801072533101,-2.099472500603E-02,
    -9.258973643345E-09));
#867 = VECTOR('',#868,1.);
#868 = DIRECTION('',(-1.,0.,0.));
#869 = FACE_BOUND('',#870,.F.);
#870 = EDGE_LOOP('',(#871,#881,#889,#897));
#871 = ORIENTED_EDGE('',*,*,#872,.T.);
#872 = EDGE_CURVE('',#873,#875,#877,.T.);
#873 = VERTEX_POINT('',#874);
#874 = CARTESIAN_POINT('',(2.244972524881,-0.644994713451,
    -9.258973643345E-09));
#875 = VERTEX_POINT('',#876);
#876 = CARTESIAN_POINT('',(2.244972524881,-0.938594708014,
    -9.258973643345E-09));
#877 = LINE('',#878,#879);
#878 = CARTESIAN_POINT('',(2.244972524881,-0.644994713451,
    -9.258973643345E-09));
#879 = VECTOR('',#880,1.);
#880 = DIRECTION('',(0.,-1.,0.));
#881 = ORIENTED_EDGE('',*,*,#882,.T.);
#882 = EDGE_CURVE('',#875,#883,#885,.T.);
#883 = VERTEX_POINT('',#884);
#884 = CARTESIAN_POINT('',(1.801072533101,-0.938594708014,
    -9.258973643345E-09));
#885 = LINE('',#886,#887);
#886 = CARTESIAN_POINT('',(2.244972524881,-0.938594708014,
    -9.258973643345E-09));
#887 = VECTOR('',#888,1.);
#888 = DIRECTION('',(-1.,0.,0.));
#889 = ORIENTED_EDGE('',*,*,#890,.T.);
#890 = EDGE_CURVE('',#883,#891,#893,.T.);
#891 = VERTEX_POINT('',#892);
#892 = CARTESIAN_POINT('',(1.801072533101,-0.644994713451,
    -9.258973643345E-09));
#893 = LINE('',#894,#895);
#894 = CARTESIAN_POINT('',(1.801072533101,-0.938594708014,
    -9.258973643345E-09));
#895 = VECTOR('',#896,1.);
#896 = DIRECTION('',(0.,1.,0.));
#897 = ORIENTED_EDGE('',*,*,#898,.T.);
#898 = EDGE_CURVE('',#891,#873,#899,.T.);
#899 = LINE('',#900,#901);
#900 = CARTESIAN_POINT('',(1.801072533101,-0.644994713451,
    -9.258973643345E-09));
#901 = VECTOR('',#902,1.);
#902 = DIRECTION('',(1.,0.,0.));
#903 = FACE_BOUND('',#904,.F.);
#904 = EDGE_LOOP('',(#905,#915,#923,#931));
#905 = ORIENTED_EDGE('',*,*,#906,.T.);
#906 = EDGE_CURVE('',#907,#909,#911,.T.);
#907 = VERTEX_POINT('',#908);
#908 = CARTESIAN_POINT('',(2.244972524881,-2.099472500603E-02,
    -9.258973643345E-09));
#909 = VERTEX_POINT('',#910);
#910 = CARTESIAN_POINT('',(1.801072533101,-2.099472500603E-02,
    -9.258973643345E-09));
#911 = LINE('',#912,#913);
#912 = CARTESIAN_POINT('',(2.244972524881,-2.099472500603E-02,
    -9.258973643345E-09));
#913 = VECTOR('',#914,1.);
#914 = DIRECTION('',(-1.,0.,0.));
#915 = ORIENTED_EDGE('',*,*,#916,.T.);
#916 = EDGE_CURVE('',#909,#917,#919,.T.);
#917 = VERTEX_POINT('',#918);
#918 = CARTESIAN_POINT('',(1.801072533101,0.272605269557,
    -9.258973643345E-09));
#919 = LINE('',#920,#921);
#920 = CARTESIAN_POINT('',(1.801072533101,-2.099472500603E-02,
    -9.258973643345E-09));
#921 = VECTOR('',#922,1.);
#922 = DIRECTION('',(0.,1.,0.));
#923 = ORIENTED_EDGE('',*,*,#924,.T.);
#924 = EDGE_CURVE('',#917,#925,#927,.T.);
#925 = VERTEX_POINT('',#926);
#926 = CARTESIAN_POINT('',(2.244972524881,0.272605269557,
    -9.258973643345E-09));
#927 = LINE('',#928,#929);
#928 = CARTESIAN_POINT('',(1.801072533101,0.272605269557,
    -9.258973643345E-09));
#929 = VECTOR('',#930,1.);
#930 = DIRECTION('',(1.,0.,0.));
#931 = ORIENTED_EDGE('',*,*,#932,.T.);
#932 = EDGE_CURVE('',#925,#907,#933,.T.);
#933 = LINE('',#934,#935);
#934 = CARTESIAN_POINT('',(2.244972524881,0.272605269557,
    -9.258973643345E-09));
#935 = VECTOR('',#936,1.);
#936 = DIRECTION('',(0.,-1.,0.));
#937 = FACE_BOUND('',#938,.F.);
#938 = EDGE_LOOP('',(#939,#949,#957,#965,#973,#981));
#939 = ORIENTED_EDGE('',*,*,#940,.T.);
#940 = EDGE_CURVE('',#941,#943,#945,.T.);
#941 = VERTEX_POINT('',#942);
#942 = CARTESIAN_POINT('',(-0.63669998821,-1.493694697735,
    -9.258973643345E-09));
#943 = VERTEX_POINT('',#944);
#944 = CARTESIAN_POINT('',(-0.63669998821,-1.188394703388,
    -9.258973643345E-09));
#945 = LINE('',#946,#947);
#946 = CARTESIAN_POINT('',(-0.63669998821,-1.493694697735,
    -9.258973643345E-09));
#947 = VECTOR('',#948,1.);
#948 = DIRECTION('',(0.,1.,0.));
#949 = ORIENTED_EDGE('',*,*,#950,.T.);
#950 = EDGE_CURVE('',#943,#951,#953,.T.);
#951 = VERTEX_POINT('',#952);
#952 = CARTESIAN_POINT('',(-0.40772499245,-1.188394703388,
    -9.258973643345E-09));
#953 = LINE('',#954,#955);
#954 = CARTESIAN_POINT('',(-0.63669998821,-1.188394703388,
    -9.258973643345E-09));
#955 = VECTOR('',#956,1.);
#956 = DIRECTION('',(1.,0.,0.));
#957 = ORIENTED_EDGE('',*,*,#958,.T.);
#958 = EDGE_CURVE('',#951,#959,#961,.T.);
#959 = VERTEX_POINT('',#960);
#960 = CARTESIAN_POINT('',(-0.40772499245,-1.227369170655,
    -9.258973643345E-09));
#961 = LINE('',#962,#963);
#962 = CARTESIAN_POINT('',(-0.40772499245,-1.188394703388,
    -9.258973643345E-09));
#963 = VECTOR('',#964,1.);
#964 = DIRECTION('',(0.,-1.,0.));
#965 = ORIENTED_EDGE('',*,*,#966,.T.);
#966 = EDGE_CURVE('',#959,#967,#969,.T.);
#967 = VERTEX_POINT('',#968);
#968 = CARTESIAN_POINT('',(-0.598537488916,-1.227369170655,
    -9.258973643345E-09));
#969 = LINE('',#970,#971);
#970 = CARTESIAN_POINT('',(-0.40772499245,-1.227369170655,
    -9.258973643345E-09));
#971 = VECTOR('',#972,1.);
#972 = DIRECTION('',(-1.,0.,0.));
#973 = ORIENTED_EDGE('',*,*,#974,.T.);
#974 = EDGE_CURVE('',#967,#975,#977,.T.);
#975 = VERTEX_POINT('',#976);
#976 = CARTESIAN_POINT('',(-0.598537488916,-1.493694697735,
    -9.258973643345E-09));
#977 = LINE('',#978,#979);
#978 = CARTESIAN_POINT('',(-0.598537488916,-1.227369170655,
    -9.258973643345E-09));
#979 = VECTOR('',#980,1.);
#980 = DIRECTION('',(0.,-1.,0.));
#981 = ORIENTED_EDGE('',*,*,#982,.T.);
#982 = EDGE_CURVE('',#975,#941,#983,.T.);
#983 = LINE('',#984,#985);
#984 = CARTESIAN_POINT('',(-0.598537488916,-1.493694697735,
    -9.258973643345E-09));
#985 = VECTOR('',#986,1.);
#986 = DIRECTION('',(-1.,0.,0.));
#987 = FACE_BOUND('',#988,.F.);
#988 = EDGE_LOOP('',(#989,#999,#1007,#1015,#1023,#1031,#1039,#1047,#1055
    ,#1063,#1071,#1079,#1087,#1095,#1103,#1111,#1119,#1127,#1135,#1143,
    #1151,#1159,#1167,#1175,#1183,#1191,#1199,#1207,#1215,#1223,#1229,
    #1230,#1238,#1246,#1254,#1262,#1270,#1278,#1286,#1294));
#989 = ORIENTED_EDGE('',*,*,#990,.T.);
#990 = EDGE_CURVE('',#991,#993,#995,.T.);
#991 = VERTEX_POINT('',#992);
#992 = CARTESIAN_POINT('',(-0.108785426784,-1.266343637921,
    -9.258973643345E-09));
#993 = VERTEX_POINT('',#994);
#994 = CARTESIAN_POINT('',(-0.146947926077,-1.266343637921,
    -9.258973643345E-09));
#995 = LINE('',#996,#997);
#996 = CARTESIAN_POINT('',(-0.108785426784,-1.266343637921,
    -9.258973643345E-09));
#997 = VECTOR('',#998,1.);
#998 = DIRECTION('',(-1.,0.,0.));
#999 = ORIENTED_EDGE('',*,*,#1000,.T.);
#1000 = EDGE_CURVE('',#993,#1001,#1003,.T.);
#1001 = VERTEX_POINT('',#1002);
#1002 = CARTESIAN_POINT('',(-0.153308318363,-1.246856406563,
    -9.258973643345E-09));
#1003 = LINE('',#1004,#1005);
#1004 = CARTESIAN_POINT('',(-0.146947926077,-1.266343637921,
    -9.258973643345E-09));
#1005 = VECTOR('',#1006,1.);
#1006 = DIRECTION('',(-0.310278995296,0.950645541239,0.));
#1007 = ORIENTED_EDGE('',*,*,#1008,.T.);
#1008 = EDGE_CURVE('',#1001,#1009,#1011,.T.);
#1009 = VERTEX_POINT('',#1010);
#1010 = CARTESIAN_POINT('',(-0.172389568009,-1.233864914441,
    -9.258973643345E-09));
#1011 = LINE('',#1012,#1013);
#1012 = CARTESIAN_POINT('',(-0.153308318363,-1.246856406563,
    -9.258973643345E-09));
#1013 = VECTOR('',#1014,1.);
#1014 = DIRECTION('',(-0.826599187119,0.562791065898,0.));
#1015 = ORIENTED_EDGE('',*,*,#1016,.T.);
#1016 = EDGE_CURVE('',#1009,#1017,#1019,.T.);
#1017 = VERTEX_POINT('',#1018);
#1018 = CARTESIAN_POINT('',(-0.197831246337,-1.227369170655,
    -9.258973643345E-09));
#1019 = LINE('',#1020,#1021);
#1020 = CARTESIAN_POINT('',(-0.172389568009,-1.233864914441,
    -9.258973643345E-09));
#1021 = VECTOR('',#1022,1.);
#1022 = DIRECTION('',(-0.968917745968,0.247383106838,0.));
#1023 = ORIENTED_EDGE('',*,*,#1024,.T.);
#1024 = EDGE_CURVE('',#1017,#1025,#1027,.T.);
#1025 = VERTEX_POINT('',#1026);
#1026 = CARTESIAN_POINT('',(-0.255074995277,-1.227369170655,
    -9.258973643345E-09));
#1027 = LINE('',#1028,#1029);
#1028 = CARTESIAN_POINT('',(-0.197831246337,-1.227369170655,
    -9.258973643345E-09));
#1029 = VECTOR('',#1030,1.);
#1030 = DIRECTION('',(-1.,0.,0.));
#1031 = ORIENTED_EDGE('',*,*,#1032,.T.);
#1032 = EDGE_CURVE('',#1025,#1033,#1035,.T.);
#1033 = VERTEX_POINT('',#1034);
#1034 = CARTESIAN_POINT('',(-0.280516673604,-1.233864914441,
    -9.258973643345E-09));
#1035 = LINE('',#1036,#1037);
#1036 = CARTESIAN_POINT('',(-0.255074995277,-1.227369170655,
    -9.258973643345E-09));
#1037 = VECTOR('',#1038,1.);
#1038 = DIRECTION('',(-0.968917745968,-0.247383106838,0.));
#1039 = ORIENTED_EDGE('',*,*,#1040,.T.);
#1040 = EDGE_CURVE('',#1033,#1041,#1043,.T.);
#1041 = VERTEX_POINT('',#1042);
#1042 = CARTESIAN_POINT('',(-0.29959792325,-1.246856406563,
    -9.258973643345E-09));
#1043 = LINE('',#1044,#1045);
#1044 = CARTESIAN_POINT('',(-0.280516673604,-1.233864914441,
    -9.258973643345E-09));
#1045 = VECTOR('',#1046,1.);
#1046 = DIRECTION('',(-0.826599187119,-0.562791065898,0.));
#1047 = ORIENTED_EDGE('',*,*,#1048,.T.);
#1048 = EDGE_CURVE('',#1041,#1049,#1051,.T.);
#1049 = VERTEX_POINT('',#1050);
#1050 = CARTESIAN_POINT('',(-0.312318744216,-1.266343637921,
    -9.258973643345E-09));
#1051 = LINE('',#1052,#1053);
#1052 = CARTESIAN_POINT('',(-0.29959792325,-1.246856406563,
    -9.258973643345E-09));
#1053 = VECTOR('',#1054,1.);
#1054 = DIRECTION('',(-0.546622181089,-0.837379359156,0.));
#1055 = ORIENTED_EDGE('',*,*,#1056,.T.);
#1056 = EDGE_CURVE('',#1049,#1057,#1059,.T.);
#1057 = VERTEX_POINT('',#1058);
#1058 = CARTESIAN_POINT('',(-0.318679172897,-1.292326613066,
    -9.258973643345E-09));
#1059 = LINE('',#1060,#1061);
#1060 = CARTESIAN_POINT('',(-0.312318744216,-1.266343637921,
    -9.258973643345E-09));
#1061 = VECTOR('',#1062,1.);
#1062 = DIRECTION('',(-0.237771780341,-0.971321049125,0.));
#1063 = ORIENTED_EDGE('',*,*,#1064,.T.);
#1064 = EDGE_CURVE('',#1057,#1065,#1067,.T.);
#1065 = VERTEX_POINT('',#1066);
#1066 = CARTESIAN_POINT('',(-0.318679172897,-1.389762778958,
    -9.258973643345E-09));
#1067 = LINE('',#1068,#1069);
#1068 = CARTESIAN_POINT('',(-0.318679172897,-1.292326613066,
    -9.258973643345E-09));
#1069 = VECTOR('',#1070,1.);
#1070 = DIRECTION('',(0.,-1.,0.));
#1071 = ORIENTED_EDGE('',*,*,#1072,.T.);
#1072 = EDGE_CURVE('',#1065,#1073,#1075,.T.);
#1073 = VERTEX_POINT('',#1074);
#1074 = CARTESIAN_POINT('',(-0.312318744216,-1.415745754103,
    -9.258973643345E-09));
#1075 = LINE('',#1076,#1077);
#1076 = CARTESIAN_POINT('',(-0.318679172897,-1.389762778958,
    -9.258973643345E-09));
#1077 = VECTOR('',#1078,1.);
#1078 = DIRECTION('',(0.237771780341,-0.971321049125,0.));
#1079 = ORIENTED_EDGE('',*,*,#1080,.T.);
#1080 = EDGE_CURVE('',#1073,#1081,#1083,.T.);
#1081 = VERTEX_POINT('',#1082);
#1082 = CARTESIAN_POINT('',(-0.29959792325,-1.435233003659,
    -9.258973643345E-09));
#1083 = LINE('',#1084,#1085);
#1084 = CARTESIAN_POINT('',(-0.312318744216,-1.415745754103,
    -9.258973643345E-09));
#1085 = VECTOR('',#1086,1.);
#1086 = DIRECTION('',(0.546621823168,-0.837379592799,0.));
#1087 = ORIENTED_EDGE('',*,*,#1088,.T.);
#1088 = EDGE_CURVE('',#1081,#1089,#1091,.T.);
#1089 = VERTEX_POINT('',#1090);
#1090 = CARTESIAN_POINT('',(-0.280516673604,-1.448224491232,
    -9.258973643345E-09));
#1091 = LINE('',#1092,#1093);
#1092 = CARTESIAN_POINT('',(-0.29959792325,-1.435233003659,
    -9.258973643345E-09));
#1093 = VECTOR('',#1094,1.);
#1094 = DIRECTION('',(0.8265992788,-0.562790931242,0.));
#1095 = ORIENTED_EDGE('',*,*,#1096,.T.);
#1096 = EDGE_CURVE('',#1089,#1097,#1099,.T.);
#1097 = VERTEX_POINT('',#1098);
#1098 = CARTESIAN_POINT('',(-0.255074995277,-1.454720235017,
    -9.258973643345E-09));
#1099 = LINE('',#1100,#1101);
#1100 = CARTESIAN_POINT('',(-0.280516673604,-1.448224491232,
    -9.258973643345E-09));
#1101 = VECTOR('',#1102,1.);
#1102 = DIRECTION('',(0.968917745968,-0.247383106838,0.));
#1103 = ORIENTED_EDGE('',*,*,#1104,.T.);
#1104 = EDGE_CURVE('',#1097,#1105,#1107,.T.);
#1105 = VERTEX_POINT('',#1106);
#1106 = CARTESIAN_POINT('',(-0.197831246337,-1.454720235017,
    -9.258973643345E-09));
#1107 = LINE('',#1108,#1109);
#1108 = CARTESIAN_POINT('',(-0.255074995277,-1.454720235017,
    -9.258973643345E-09));
#1109 = VECTOR('',#1110,1.);
#1110 = DIRECTION('',(1.,0.,0.));
#1111 = ORIENTED_EDGE('',*,*,#1112,.T.);
#1112 = EDGE_CURVE('',#1105,#1113,#1115,.T.);
#1113 = VERTEX_POINT('',#1114);
#1114 = CARTESIAN_POINT('',(-0.172389568009,-1.448224491232,
    -9.258973643345E-09));
#1115 = LINE('',#1116,#1117);
#1116 = CARTESIAN_POINT('',(-0.197831246337,-1.454720235017,
    -9.258973643345E-09));
#1117 = VECTOR('',#1118,1.);
#1118 = DIRECTION('',(0.968917745968,0.247383106838,0.));
#1119 = ORIENTED_EDGE('',*,*,#1120,.T.);
#1120 = EDGE_CURVE('',#1113,#1121,#1123,.T.);
#1121 = VERTEX_POINT('',#1122);
#1122 = CARTESIAN_POINT('',(-0.153308318363,-1.435233003659,
    -9.258973643345E-09));
#1123 = LINE('',#1124,#1125);
#1124 = CARTESIAN_POINT('',(-0.172389568009,-1.448224491232,
    -9.258973643345E-09));
#1125 = VECTOR('',#1126,1.);
#1126 = DIRECTION('',(0.8265992788,0.562790931242,0.));
#1127 = ORIENTED_EDGE('',*,*,#1128,.T.);
#1128 = EDGE_CURVE('',#1121,#1129,#1131,.T.);
#1129 = VERTEX_POINT('',#1130);
#1130 = CARTESIAN_POINT('',(-0.146947926077,-1.415745754103,
    -9.258973643345E-09));
#1131 = LINE('',#1132,#1133);
#1132 = CARTESIAN_POINT('',(-0.153308318363,-1.435233003659,
    -9.258973643345E-09));
#1133 = VECTOR('',#1134,1.);
#1134 = DIRECTION('',(0.31027873345,0.950645626703,0.));
#1135 = ORIENTED_EDGE('',*,*,#1136,.T.);
#1136 = EDGE_CURVE('',#1129,#1137,#1139,.T.);
#1137 = VERTEX_POINT('',#1138);
#1138 = CARTESIAN_POINT('',(-0.108785426784,-1.415745754103,
    -9.258973643345E-09));
#1139 = LINE('',#1140,#1141);
#1140 = CARTESIAN_POINT('',(-0.146947926077,-1.415745754103,
    -9.258973643345E-09));
#1141 = VECTOR('',#1142,1.);
#1142 = DIRECTION('',(1.,0.,0.));
#1143 = ORIENTED_EDGE('',*,*,#1144,.T.);
#1144 = EDGE_CURVE('',#1137,#1145,#1147,.T.);
#1145 = VERTEX_POINT('',#1146);
#1146 = CARTESIAN_POINT('',(-0.11514581907,-1.448224491232,
    -9.258973643345E-09));
#1147 = LINE('',#1148,#1149);
#1148 = CARTESIAN_POINT('',(-0.108785426784,-1.415745754103,
    -9.258973643345E-09));
#1149 = VECTOR('',#1150,1.);
#1150 = DIRECTION('',(-0.192182043673,-0.981359293067,0.));
#1151 = ORIENTED_EDGE('',*,*,#1152,.T.);
#1152 = EDGE_CURVE('',#1145,#1153,#1155,.T.);
#1153 = VERTEX_POINT('',#1154);
#1154 = CARTESIAN_POINT('',(-0.140587497397,-1.474207466377,
    -9.258973643345E-09));
#1155 = LINE('',#1156,#1157);
#1156 = CARTESIAN_POINT('',(-0.11514581907,-1.448224491232,
    -9.258973643345E-09));
#1157 = VECTOR('',#1158,1.);
#1158 = DIRECTION('',(-0.699625005502,-0.714510218035,0.));
#1159 = ORIENTED_EDGE('',*,*,#1160,.T.);
#1160 = EDGE_CURVE('',#1153,#1161,#1163,.T.);
#1161 = VERTEX_POINT('',#1162);
#1162 = CARTESIAN_POINT('',(-0.166029175724,-1.487198953949,
    -9.258973643345E-09));
#1163 = LINE('',#1164,#1165);
#1164 = CARTESIAN_POINT('',(-0.140587497397,-1.474207466377,
    -9.258973643345E-09));
#1165 = VECTOR('',#1166,1.);
#1166 = DIRECTION('',(-0.890605374698,-0.454776941543,0.));
#1167 = ORIENTED_EDGE('',*,*,#1168,.T.);
#1168 = EDGE_CURVE('',#1161,#1169,#1171,.T.);
#1169 = VERTEX_POINT('',#1170);
#1170 = CARTESIAN_POINT('',(-0.197831246337,-1.493694697735,
    -9.258973643345E-09));
#1171 = LINE('',#1172,#1173);
#1172 = CARTESIAN_POINT('',(-0.166029175724,-1.487198953949,
    -9.258973643345E-09));
#1173 = VECTOR('',#1174,1.);
#1174 = DIRECTION('',(-0.97977069431,-0.200123428343,0.));
#1175 = ORIENTED_EDGE('',*,*,#1176,.T.);
#1176 = EDGE_CURVE('',#1169,#1177,#1179,.T.);
#1177 = VERTEX_POINT('',#1178);
#1178 = CARTESIAN_POINT('',(-0.255074995277,-1.493694697735,
    -9.258973643345E-09));
#1179 = LINE('',#1180,#1181);
#1180 = CARTESIAN_POINT('',(-0.197831246337,-1.493694697735,
    -9.258973643345E-09));
#1181 = VECTOR('',#1182,1.);
#1182 = DIRECTION('',(-1.,0.,0.));
#1183 = ORIENTED_EDGE('',*,*,#1184,.T.);
#1184 = EDGE_CURVE('',#1177,#1185,#1187,.T.);
#1185 = VERTEX_POINT('',#1186);
#1186 = CARTESIAN_POINT('',(-0.286877065889,-1.487198953949,
    -9.258973643345E-09));
#1187 = LINE('',#1188,#1189);
#1188 = CARTESIAN_POINT('',(-0.255074995277,-1.493694697735,
    -9.258973643345E-09));
#1189 = VECTOR('',#1190,1.);
#1190 = DIRECTION('',(-0.97977069431,0.200123428343,0.));
#1191 = ORIENTED_EDGE('',*,*,#1192,.T.);
#1192 = EDGE_CURVE('',#1185,#1193,#1195,.T.);
#1193 = VERTEX_POINT('',#1194);
#1194 = CARTESIAN_POINT('',(-0.312318744216,-1.474207466377,
    -9.258973643345E-09));
#1195 = LINE('',#1196,#1197);
#1196 = CARTESIAN_POINT('',(-0.286877065889,-1.487198953949,
    -9.258973643345E-09));
#1197 = VECTOR('',#1198,1.);
#1198 = DIRECTION('',(-0.890605374698,0.454776941543,0.));
#1199 = ORIENTED_EDGE('',*,*,#1200,.T.);
#1200 = EDGE_CURVE('',#1193,#1201,#1203,.T.);
#1201 = VERTEX_POINT('',#1202);
#1202 = CARTESIAN_POINT('',(-0.337760404346,-1.448224491232,
    -9.258973643345E-09));
#1203 = LINE('',#1204,#1205);
#1204 = CARTESIAN_POINT('',(-0.312318744216,-1.474207466377,
    -9.258973643345E-09));
#1205 = VECTOR('',#1206,1.);
#1206 = DIRECTION('',(-0.699624750029,0.714510468185,0.));
#1207 = ORIENTED_EDGE('',*,*,#1208,.T.);
#1208 = EDGE_CURVE('',#1201,#1209,#1211,.T.);
#1209 = VERTEX_POINT('',#1210);
#1210 = CARTESIAN_POINT('',(-0.35048124351,-1.422241516087,
    -9.258973643345E-09));
#1211 = LINE('',#1212,#1213);
#1212 = CARTESIAN_POINT('',(-0.337760404346,-1.448224491232,
    -9.258973643345E-09));
#1213 = VECTOR('',#1214,1.);
#1214 = DIRECTION('',(-0.439713664957,0.898138014367,0.));
#1215 = ORIENTED_EDGE('',*,*,#1216,.T.);
#1216 = EDGE_CURVE('',#1209,#1217,#1219,.T.);
#1217 = VERTEX_POINT('',#1218);
#1218 = CARTESIAN_POINT('',(-0.356841653993,-1.389762778958,
    -9.258973643345E-09));
#1219 = LINE('',#1220,#1221);
#1220 = CARTESIAN_POINT('',(-0.35048124351,-1.422241516087,
    -9.258973643345E-09));
#1221 = VECTOR('',#1222,1.);
#1222 = DIRECTION('',(-0.192182573205,0.981359189368,0.));
#1223 = ORIENTED_EDGE('',*,*,#1224,.T.);
#1224 = EDGE_CURVE('',#1217,#507,#1225,.T.);
#1225 = LINE('',#1226,#1227);
#1226 = CARTESIAN_POINT('',(-0.356841653993,-1.389762778958,
    -9.258973643345E-09));
#1227 = VECTOR('',#1228,1.);
#1228 = DIRECTION('',(0.,1.,0.));
#1229 = ORIENTED_EDGE('',*,*,#506,.T.);
#1230 = ORIENTED_EDGE('',*,*,#1231,.T.);
#1231 = EDGE_CURVE('',#509,#1232,#1234,.T.);
#1232 = VERTEX_POINT('',#1233);
#1233 = CARTESIAN_POINT('',(-0.337760404346,-1.233864914441,
    -9.258973643345E-09));
#1234 = LINE('',#1235,#1236);
#1235 = CARTESIAN_POINT('',(-0.35048124351,-1.259847894135,
    -9.258973643345E-09));
#1236 = VECTOR('',#1237,1.);
#1237 = DIRECTION('',(0.439713602853,0.898138044771,0.));
#1238 = ORIENTED_EDGE('',*,*,#1239,.T.);
#1239 = EDGE_CURVE('',#1232,#1240,#1242,.T.);
#1240 = VERTEX_POINT('',#1241);
#1241 = CARTESIAN_POINT('',(-0.312318744216,-1.207881937022,
    -9.258973643345E-09));
#1242 = LINE('',#1243,#1244);
#1243 = CARTESIAN_POINT('',(-0.337760404346,-1.233864914441,
    -9.258973643345E-09));
#1244 = VECTOR('',#1245,1.);
#1245 = DIRECTION('',(0.699624718761,0.714510498802,0.));
#1246 = ORIENTED_EDGE('',*,*,#1247,.T.);
#1247 = EDGE_CURVE('',#1240,#1248,#1250,.T.);
#1248 = VERTEX_POINT('',#1249);
#1249 = CARTESIAN_POINT('',(-0.286877065889,-1.194890447743,
    -9.258973643345E-09));
#1250 = LINE('',#1251,#1252);
#1251 = CARTESIAN_POINT('',(-0.312318744216,-1.207881937022,
    -9.258973643345E-09));
#1252 = VECTOR('',#1253,1.);
#1253 = DIRECTION('',(0.89060535051,0.454776988912,0.));
#1254 = ORIENTED_EDGE('',*,*,#1255,.T.);
#1255 = EDGE_CURVE('',#1248,#1256,#1258,.T.);
#1256 = VERTEX_POINT('',#1257);
#1257 = CARTESIAN_POINT('',(-0.255074995277,-1.188394703388,
    -9.258973643345E-09));
#1258 = LINE('',#1259,#1260);
#1259 = CARTESIAN_POINT('',(-0.286877065889,-1.194890447743,
    -9.258973643345E-09));
#1260 = VECTOR('',#1261,1.);
#1261 = DIRECTION('',(0.979770690874,0.200123445161,0.));
#1262 = ORIENTED_EDGE('',*,*,#1263,.T.);
#1263 = EDGE_CURVE('',#1256,#1264,#1266,.T.);
#1264 = VERTEX_POINT('',#1265);
#1265 = CARTESIAN_POINT('',(-0.197831246337,-1.188394703388,
    -9.258973643345E-09));
#1266 = LINE('',#1267,#1268);
#1267 = CARTESIAN_POINT('',(-0.255074995277,-1.188394703388,
    -9.258973643345E-09));
#1268 = VECTOR('',#1269,1.);
#1269 = DIRECTION('',(1.,0.,0.));
#1270 = ORIENTED_EDGE('',*,*,#1271,.T.);
#1271 = EDGE_CURVE('',#1264,#1272,#1274,.T.);
#1272 = VERTEX_POINT('',#1273);
#1273 = CARTESIAN_POINT('',(-0.166029175724,-1.194890447743,
    -9.258973643345E-09));
#1274 = LINE('',#1275,#1276);
#1275 = CARTESIAN_POINT('',(-0.197831246337,-1.188394703388,
    -9.258973643345E-09));
#1276 = VECTOR('',#1277,1.);
#1277 = DIRECTION('',(0.979770690874,-0.200123445161,0.));
#1278 = ORIENTED_EDGE('',*,*,#1279,.T.);
#1279 = EDGE_CURVE('',#1272,#1280,#1282,.T.);
#1280 = VERTEX_POINT('',#1281);
#1281 = CARTESIAN_POINT('',(-0.140587497397,-1.207881937022,
    -9.258973643345E-09));
#1282 = LINE('',#1283,#1284);
#1283 = CARTESIAN_POINT('',(-0.166029175724,-1.194890447743,
    -9.258973643345E-09));
#1284 = VECTOR('',#1285,1.);
#1285 = DIRECTION('',(0.89060535051,-0.454776988912,0.));
#1286 = ORIENTED_EDGE('',*,*,#1287,.T.);
#1287 = EDGE_CURVE('',#1280,#1288,#1290,.T.);
#1288 = VERTEX_POINT('',#1289);
#1289 = CARTESIAN_POINT('',(-0.11514581907,-1.233864914441,
    -9.258973643345E-09));
#1290 = LINE('',#1291,#1292);
#1291 = CARTESIAN_POINT('',(-0.140587497397,-1.207881937022,
    -9.258973643345E-09));
#1292 = VECTOR('',#1293,1.);
#1293 = DIRECTION('',(0.699624974233,-0.714510248653,0.));
#1294 = ORIENTED_EDGE('',*,*,#1295,.T.);
#1295 = EDGE_CURVE('',#1288,#991,#1296,.T.);
#1296 = LINE('',#1297,#1298);
#1297 = CARTESIAN_POINT('',(-0.11514581907,-1.233864914441,
    -9.258973643345E-09));
#1298 = VECTOR('',#1299,1.);
#1299 = DIRECTION('',(0.192182121448,-0.981359277837,0.));
#1300 = FACE_BOUND('',#1301,.F.);
#1301 = EDGE_LOOP('',(#1302,#1312,#1320,#1328,#1336,#1344,#1352,#1360,
    #1368,#1376,#1384,#1392));
#1302 = ORIENTED_EDGE('',*,*,#1303,.T.);
#1303 = EDGE_CURVE('',#1304,#1306,#1308,.T.);
#1304 = VERTEX_POINT('',#1305);
#1305 = CARTESIAN_POINT('',(0.171072889236,-1.227369170655,
    -9.258973643345E-09));
#1306 = VERTEX_POINT('',#1307);
#1307 = CARTESIAN_POINT('',(-1.973960723086E-02,-1.227369170655,
    -9.258973643345E-09));
#1308 = LINE('',#1309,#1310);
#1309 = CARTESIAN_POINT('',(0.171072889236,-1.227369170655,
    -9.258973643345E-09));
#1310 = VECTOR('',#1311,1.);
#1311 = DIRECTION('',(-1.,0.,0.));
#1312 = ORIENTED_EDGE('',*,*,#1313,.T.);
#1313 = EDGE_CURVE('',#1306,#1314,#1316,.T.);
#1314 = VERTEX_POINT('',#1315);
#1315 = CARTESIAN_POINT('',(-1.973960723086E-02,-1.331301084882,
    -9.258973643345E-09));
#1316 = LINE('',#1317,#1318);
#1317 = CARTESIAN_POINT('',(-1.973960723086E-02,-1.227369170655,
    -9.258973643345E-09));
#1318 = VECTOR('',#1319,1.);
#1319 = DIRECTION('',(0.,-1.,0.));
#1320 = ORIENTED_EDGE('',*,*,#1321,.T.);
#1321 = EDGE_CURVE('',#1314,#1322,#1324,.T.);
#1322 = VERTEX_POINT('',#1323);
#1323 = CARTESIAN_POINT('',(0.145631247303,-1.331301084882,
    -9.258973643345E-09));
#1324 = LINE('',#1325,#1326);
#1325 = CARTESIAN_POINT('',(-1.973960723086E-02,-1.331301084882,
    -9.258973643345E-09));
#1326 = VECTOR('',#1327,1.);
#1327 = DIRECTION('',(1.,0.,0.));
#1328 = ORIENTED_EDGE('',*,*,#1329,.T.);
#1329 = EDGE_CURVE('',#1322,#1330,#1332,.T.);
#1330 = VERTEX_POINT('',#1331);
#1331 = CARTESIAN_POINT('',(0.145631247303,-1.370275547599,
    -9.258973643345E-09));
#1332 = LINE('',#1333,#1334);
#1333 = CARTESIAN_POINT('',(0.145631247303,-1.331301084882,
    -9.258973643345E-09));
#1334 = VECTOR('',#1335,1.);
#1335 = DIRECTION('',(0.,-1.,0.));
#1336 = ORIENTED_EDGE('',*,*,#1337,.T.);
#1337 = EDGE_CURVE('',#1330,#1338,#1340,.T.);
#1338 = VERTEX_POINT('',#1339);
#1339 = CARTESIAN_POINT('',(-1.973960723086E-02,-1.370275547599,
    -9.258973643345E-09));
#1340 = LINE('',#1341,#1342);
#1341 = CARTESIAN_POINT('',(0.145631247303,-1.370275547599,
    -9.258973643345E-09));
#1342 = VECTOR('',#1343,1.);
#1343 = DIRECTION('',(-1.,0.,0.));
#1344 = ORIENTED_EDGE('',*,*,#1345,.T.);
#1345 = EDGE_CURVE('',#1338,#1346,#1348,.T.);
#1346 = VERTEX_POINT('',#1347);
#1347 = CARTESIAN_POINT('',(-1.973960723086E-02,-1.454720235017,
    -9.258973643345E-09));
#1348 = LINE('',#1349,#1350);
#1349 = CARTESIAN_POINT('',(-1.973960723086E-02,-1.370275547599,
    -9.258973643345E-09));
#1350 = VECTOR('',#1351,1.);
#1351 = DIRECTION('',(0.,-1.,0.));
#1352 = ORIENTED_EDGE('',*,*,#1353,.T.);
#1353 = EDGE_CURVE('',#1346,#1354,#1356,.T.);
#1354 = VERTEX_POINT('',#1355);
#1355 = CARTESIAN_POINT('',(0.171072889236,-1.454720235017,
    -9.258973643345E-09));
#1356 = LINE('',#1357,#1358);
#1357 = CARTESIAN_POINT('',(-1.973960723086E-02,-1.454720235017,
    -9.258973643345E-09));
#1358 = VECTOR('',#1359,1.);
#1359 = DIRECTION('',(1.,0.,0.));
#1360 = ORIENTED_EDGE('',*,*,#1361,.T.);
#1361 = EDGE_CURVE('',#1354,#1362,#1364,.T.);
#1362 = VERTEX_POINT('',#1363);
#1363 = CARTESIAN_POINT('',(0.171072889236,-1.493694697735,
    -9.258973643345E-09));
#1364 = LINE('',#1365,#1366);
#1365 = CARTESIAN_POINT('',(0.171072889236,-1.454720235017,
    -9.258973643345E-09));
#1366 = VECTOR('',#1367,1.);
#1367 = DIRECTION('',(0.,-1.,0.));
#1368 = ORIENTED_EDGE('',*,*,#1369,.T.);
#1369 = EDGE_CURVE('',#1362,#1370,#1372,.T.);
#1370 = VERTEX_POINT('',#1371);
#1371 = CARTESIAN_POINT('',(-5.790207012957E-02,-1.493694697735,
    -9.258973643345E-09));
#1372 = LINE('',#1373,#1374);
#1373 = CARTESIAN_POINT('',(0.171072889236,-1.493694697735,
    -9.258973643345E-09));
#1374 = VECTOR('',#1375,1.);
#1375 = DIRECTION('',(-1.,0.,0.));
#1376 = ORIENTED_EDGE('',*,*,#1377,.T.);
#1377 = EDGE_CURVE('',#1370,#1378,#1380,.T.);
#1378 = VERTEX_POINT('',#1379);
#1379 = CARTESIAN_POINT('',(-5.790207012957E-02,-1.188394703388,
    -9.258973643345E-09));
#1380 = LINE('',#1381,#1382);
#1381 = CARTESIAN_POINT('',(-5.790207012957E-02,-1.493694697735,
    -9.258973643345E-09));
#1382 = VECTOR('',#1383,1.);
#1383 = DIRECTION('',(0.,1.,0.));
#1384 = ORIENTED_EDGE('',*,*,#1385,.T.);
#1385 = EDGE_CURVE('',#1378,#1386,#1388,.T.);
#1386 = VERTEX_POINT('',#1387);
#1387 = CARTESIAN_POINT('',(0.171072889236,-1.188394703388,
    -9.258973643345E-09));
#1388 = LINE('',#1389,#1390);
#1389 = CARTESIAN_POINT('',(-5.790207012957E-02,-1.188394703388,
    -9.258973643345E-09));
#1390 = VECTOR('',#1391,1.);
#1391 = DIRECTION('',(1.,0.,0.));
#1392 = ORIENTED_EDGE('',*,*,#1393,.T.);
#1393 = EDGE_CURVE('',#1386,#1304,#1394,.T.);
#1394 = LINE('',#1395,#1396);
#1395 = CARTESIAN_POINT('',(0.171072889236,-1.188394703388,
    -9.258973643345E-09));
#1396 = VECTOR('',#1397,1.);
#1397 = DIRECTION('',(0.,-1.,0.));
#1398 = FACE_BOUND('',#1399,.F.);
#1399 = EDGE_LOOP('',(#1400,#1410,#1418,#1426,#1434,#1442,#1450,#1458,
    #1466,#1474,#1482,#1490,#1498,#1506));
#1400 = ORIENTED_EDGE('',*,*,#1401,.T.);
#1401 = EDGE_CURVE('',#1402,#1404,#1406,.T.);
#1402 = VERTEX_POINT('',#1403);
#1403 = CARTESIAN_POINT('',(0.374606243063,-1.493694697735,
    -9.258973643345E-09));
#1404 = VERTEX_POINT('',#1405);
#1405 = CARTESIAN_POINT('',(0.22195624589,-1.493694697735,
    -9.258973643345E-09));
#1406 = LINE('',#1407,#1408);
#1407 = CARTESIAN_POINT('',(0.374606243063,-1.493694697735,
    -9.258973643345E-09));
#1408 = VECTOR('',#1409,1.);
#1409 = DIRECTION('',(-1.,0.,0.));
#1410 = ORIENTED_EDGE('',*,*,#1411,.T.);
#1411 = EDGE_CURVE('',#1404,#1412,#1414,.T.);
#1412 = VERTEX_POINT('',#1413);
#1413 = CARTESIAN_POINT('',(0.22195624589,-1.188394703388,
    -9.258973643345E-09));
#1414 = LINE('',#1415,#1416);
#1415 = CARTESIAN_POINT('',(0.22195624589,-1.493694697735,
    -9.258973643345E-09));
#1416 = VECTOR('',#1417,1.);
#1417 = DIRECTION('',(0.,1.,0.));
#1418 = ORIENTED_EDGE('',*,*,#1419,.T.);
#1419 = EDGE_CURVE('',#1412,#1420,#1422,.T.);
#1420 = VERTEX_POINT('',#1421);
#1421 = CARTESIAN_POINT('',(0.374606243063,-1.188394703388,
    -9.258973643345E-09));
#1422 = LINE('',#1423,#1424);
#1423 = CARTESIAN_POINT('',(0.22195624589,-1.188394703388,
    -9.258973643345E-09));
#1424 = VECTOR('',#1425,1.);
#1425 = DIRECTION('',(1.,0.,0.));
#1426 = ORIENTED_EDGE('',*,*,#1427,.T.);
#1427 = EDGE_CURVE('',#1420,#1428,#1430,.T.);
#1428 = VERTEX_POINT('',#1429);
#1429 = CARTESIAN_POINT('',(0.406408350071,-1.194890447743,
    -9.258973643345E-09));
#1430 = LINE('',#1431,#1432);
#1431 = CARTESIAN_POINT('',(0.374606243063,-1.188394703388,
    -9.258973643345E-09));
#1432 = VECTOR('',#1433,1.);
#1433 = DIRECTION('',(0.97977073578,-0.200123225311,0.));
#1434 = ORIENTED_EDGE('',*,*,#1435,.T.);
#1435 = EDGE_CURVE('',#1428,#1436,#1438,.T.);
#1436 = VERTEX_POINT('',#1437);
#1437 = CARTESIAN_POINT('',(0.431849992003,-1.207881937022,
    -9.258973643345E-09));
#1438 = LINE('',#1439,#1440);
#1439 = CARTESIAN_POINT('',(0.406408350071,-1.194890447743,
    -9.258973643345E-09));
#1440 = VECTOR('',#1441,1.);
#1441 = DIRECTION('',(0.890605087014,-0.454777504925,0.));
#1442 = ORIENTED_EDGE('',*,*,#1443,.T.);
#1443 = EDGE_CURVE('',#1436,#1444,#1446,.T.);
#1444 = VERTEX_POINT('',#1445);
#1445 = CARTESIAN_POINT('',(0.457291633935,-1.233864914441,
    -9.258973643345E-09));
#1446 = LINE('',#1447,#1448);
#1447 = CARTESIAN_POINT('',(0.431849992003,-1.207881937022,
    -9.258973643345E-09));
#1448 = VECTOR('',#1449,1.);
#1449 = DIRECTION('',(0.699624463288,-0.714510748952,0.));
#1450 = ORIENTED_EDGE('',*,*,#1451,.T.);
#1451 = EDGE_CURVE('',#1444,#1452,#1454,.T.);
#1452 = VERTEX_POINT('',#1453);
#1453 = CARTESIAN_POINT('',(0.470012491296,-1.259847894135,
    -9.258973643345E-09));
#1454 = LINE('',#1455,#1456);
#1455 = CARTESIAN_POINT('',(0.457291633935,-1.233864914441,
    -9.258973643345E-09));
#1456 = VECTOR('',#1457,1.);
#1457 = DIRECTION('',(0.439714110249,-0.898137796358,0.));
#1458 = ORIENTED_EDGE('',*,*,#1459,.T.);
#1459 = EDGE_CURVE('',#1452,#1460,#1462,.T.);
#1460 = VERTEX_POINT('',#1461);
#1461 = CARTESIAN_POINT('',(0.476372883582,-1.292326613066,
    -9.258973643345E-09));
#1462 = LINE('',#1463,#1464);
#1463 = CARTESIAN_POINT('',(0.470012491296,-1.259847894135,
    -9.258973643345E-09));
#1464 = VECTOR('',#1465,1.);
#1465 = DIRECTION('',(0.192182147373,-0.98135927276,0.));
#1466 = ORIENTED_EDGE('',*,*,#1467,.T.);
#1467 = EDGE_CURVE('',#1460,#1468,#1470,.T.);
#1468 = VERTEX_POINT('',#1469);
#1469 = CARTESIAN_POINT('',(0.476372883582,-1.389762778958,
    -9.258973643345E-09));
#1470 = LINE('',#1471,#1472);
#1471 = CARTESIAN_POINT('',(0.476372883582,-1.292326613066,
    -9.258973643345E-09));
#1472 = VECTOR('',#1473,1.);
#1473 = DIRECTION('',(0.,-1.,0.));
#1474 = ORIENTED_EDGE('',*,*,#1475,.T.);
#1475 = EDGE_CURVE('',#1468,#1476,#1478,.T.);
#1476 = VERTEX_POINT('',#1477);
#1477 = CARTESIAN_POINT('',(0.470012491296,-1.422241516087,
    -9.258973643345E-09));
#1478 = LINE('',#1479,#1480);
#1479 = CARTESIAN_POINT('',(0.476372883582,-1.389762778958,
    -9.258973643345E-09));
#1480 = VECTOR('',#1481,1.);
#1481 = DIRECTION('',(-0.192182043673,-0.981359293067,0.));
#1482 = ORIENTED_EDGE('',*,*,#1483,.T.);
#1483 = EDGE_CURVE('',#1476,#1484,#1486,.T.);
#1484 = VERTEX_POINT('',#1485);
#1485 = CARTESIAN_POINT('',(0.457291633935,-1.448224491232,
    -9.258973643345E-09));
#1486 = LINE('',#1487,#1488);
#1487 = CARTESIAN_POINT('',(0.470012491296,-1.422241516087,
    -9.258973643345E-09));
#1488 = VECTOR('',#1489,1.);
#1489 = DIRECTION('',(-0.439714172353,-0.898137765954,0.));
#1490 = ORIENTED_EDGE('',*,*,#1491,.T.);
#1491 = EDGE_CURVE('',#1484,#1492,#1494,.T.);
#1492 = VERTEX_POINT('',#1493);
#1493 = CARTESIAN_POINT('',(0.431849992003,-1.474207466377,
    -9.258973643345E-09));
#1494 = LINE('',#1495,#1496);
#1495 = CARTESIAN_POINT('',(0.457291633935,-1.448224491232,
    -9.258973643345E-09));
#1496 = VECTOR('',#1497,1.);
#1497 = DIRECTION('',(-0.699624494557,-0.714510718335,0.));
#1498 = ORIENTED_EDGE('',*,*,#1499,.T.);
#1499 = EDGE_CURVE('',#1492,#1500,#1502,.T.);
#1500 = VERTEX_POINT('',#1501);
#1501 = CARTESIAN_POINT('',(0.406408350071,-1.487198953949,
    -9.258973643345E-09));
#1502 = LINE('',#1503,#1504);
#1503 = CARTESIAN_POINT('',(0.431849992003,-1.474207466377,
    -9.258973643345E-09));
#1504 = VECTOR('',#1505,1.);
#1505 = DIRECTION('',(-0.890605111202,-0.454777457556,0.));
#1506 = ORIENTED_EDGE('',*,*,#1507,.T.);
#1507 = EDGE_CURVE('',#1500,#1402,#1508,.T.);
#1508 = LINE('',#1509,#1510);
#1509 = CARTESIAN_POINT('',(0.406408350071,-1.487198953949,
    -9.258973643345E-09));
#1510 = VECTOR('',#1511,1.);
#1511 = DIRECTION('',(-0.979770739215,-0.200123208493,0.));
#1512 = FACE_BOUND('',#1513,.F.);
#1513 = EDGE_LOOP('',(#1514,#1524,#1532,#1540,#1548,#1556,#1564,#1572));
#1514 = ORIENTED_EDGE('',*,*,#1515,.T.);
#1515 = EDGE_CURVE('',#1516,#1518,#1520,.T.);
#1516 = VERTEX_POINT('',#1517);
#1517 = CARTESIAN_POINT('',(0.67990623741,-1.493694697735,
    -9.258973643345E-09));
#1518 = VERTEX_POINT('',#1519);
#1519 = CARTESIAN_POINT('',(0.629022953545,-1.493694697735,
    -9.258973643345E-09));
#1520 = LINE('',#1521,#1522);
#1521 = CARTESIAN_POINT('',(0.67990623741,-1.493694697735,
    -9.258973643345E-09));
#1522 = VECTOR('',#1523,1.);
#1523 = DIRECTION('',(-1.,0.,0.));
#1524 = ORIENTED_EDGE('',*,*,#1525,.T.);
#1525 = EDGE_CURVE('',#1518,#1526,#1528,.T.);
#1526 = VERTEX_POINT('',#1527);
#1527 = CARTESIAN_POINT('',(0.527256240236,-1.188394703388,
    -9.258973643345E-09));
#1528 = LINE('',#1529,#1530);
#1529 = CARTESIAN_POINT('',(0.629022953545,-1.493694697735,
    -9.258973643345E-09));
#1530 = VECTOR('',#1531,1.);
#1531 = DIRECTION('',(-0.316227901727,0.948683252814,0.));
#1532 = ORIENTED_EDGE('',*,*,#1533,.T.);
#1533 = EDGE_CURVE('',#1526,#1534,#1536,.T.);
#1534 = VERTEX_POINT('',#1535);
#1535 = CARTESIAN_POINT('',(0.56541873953,-1.188394703388,
    -9.258973643345E-09));
#1536 = LINE('',#1537,#1538);
#1537 = CARTESIAN_POINT('',(0.527256240236,-1.188394703388,
    -9.258973643345E-09));
#1538 = VECTOR('',#1539,1.);
#1539 = DIRECTION('',(1.,0.,0.));
#1540 = ORIENTED_EDGE('',*,*,#1541,.T.);
#1541 = EDGE_CURVE('',#1534,#1542,#1544,.T.);
#1542 = VERTEX_POINT('',#1543);
#1543 = CARTESIAN_POINT('',(0.590860454251,-1.266343637921,
    -9.258973643345E-09));
#1544 = LINE('',#1545,#1546);
#1545 = CARTESIAN_POINT('',(0.56541873953,-1.188394703388,
    -9.258973643345E-09));
#1546 = VECTOR('',#1547,1.);
#1547 = DIRECTION('',(0.310280567074,-0.950645028229,0.));
#1548 = ORIENTED_EDGE('',*,*,#1549,.T.);
#1549 = EDGE_CURVE('',#1542,#1550,#1552,.T.);
#1550 = VERTEX_POINT('',#1551);
#1551 = CARTESIAN_POINT('',(0.718068736703,-1.266343637921,
    -9.258973643345E-09));
#1552 = LINE('',#1553,#1554);
#1553 = CARTESIAN_POINT('',(0.590860454251,-1.266343637921,
    -9.258973643345E-09));
#1554 = VECTOR('',#1555,1.);
#1555 = DIRECTION('',(1.,0.,0.));
#1556 = ORIENTED_EDGE('',*,*,#1557,.T.);
#1557 = EDGE_CURVE('',#1550,#1558,#1560,.T.);
#1558 = VERTEX_POINT('',#1559);
#1559 = CARTESIAN_POINT('',(0.743510451425,-1.188394703388,
    -9.258973643345E-09));
#1560 = LINE('',#1561,#1562);
#1561 = CARTESIAN_POINT('',(0.718068736703,-1.266343637921,
    -9.258973643345E-09));
#1562 = VECTOR('',#1563,1.);
#1563 = DIRECTION('',(0.310280567074,0.950645028229,0.));
#1564 = ORIENTED_EDGE('',*,*,#1565,.T.);
#1565 = EDGE_CURVE('',#1558,#1566,#1568,.T.);
#1566 = VERTEX_POINT('',#1567);
#1567 = CARTESIAN_POINT('',(0.781672950718,-1.188394703388,
    -9.258973643345E-09));
#1568 = LINE('',#1569,#1570);
#1569 = CARTESIAN_POINT('',(0.743510451425,-1.188394703388,
    -9.258973643345E-09));
#1570 = VECTOR('',#1571,1.);
#1571 = DIRECTION('',(1.,0.,0.));
#1572 = ORIENTED_EDGE('',*,*,#1573,.T.);
#1573 = EDGE_CURVE('',#1566,#1516,#1574,.T.);
#1574 = LINE('',#1575,#1576);
#1575 = CARTESIAN_POINT('',(0.781672950718,-1.188394703388,
    -9.258973643345E-09));
#1576 = VECTOR('',#1577,1.);
#1577 = DIRECTION('',(-0.316227901727,-0.948683252814,0.));
#1578 = PLANE('',#1579);
#1579 = AXIS2_PLACEMENT_3D('',#1580,#1581,#1582);
#1580 = CARTESIAN_POINT('',(0.,-0.332994719228,-9.258973643345E-09));
#1581 = DIRECTION('',(0.,0.,1.));
#1582 = DIRECTION('',(1.,0.,0.));
#1583 = ADVANCED_FACE('',(#1584),#1682,.F.);
#1584 = FACE_BOUND('',#1585,.F.);
#1585 = EDGE_LOOP('',(#1586,#1596,#1604,#1612,#1620,#1628,#1636,#1644,
    #1652,#1660,#1668,#1676));
#1586 = ORIENTED_EDGE('',*,*,#1587,.T.);
#1587 = EDGE_CURVE('',#1588,#1590,#1592,.T.);
#1588 = VERTEX_POINT('',#1589);
#1589 = CARTESIAN_POINT('',(0.260118745183,-1.454720235017,
    -9.258973643345E-09));
#1590 = VERTEX_POINT('',#1591);
#1591 = CARTESIAN_POINT('',(0.374606243063,-1.454720235017,
    -9.258973643345E-09));
#1592 = LINE('',#1593,#1594);
#1593 = CARTESIAN_POINT('',(0.260118745183,-1.454720235017,
    -9.258973643345E-09));
#1594 = VECTOR('',#1595,1.);
#1595 = DIRECTION('',(1.,0.,0.));
#1596 = ORIENTED_EDGE('',*,*,#1597,.T.);
#1597 = EDGE_CURVE('',#1590,#1598,#1600,.T.);
#1598 = VERTEX_POINT('',#1599);
#1599 = CARTESIAN_POINT('',(0.400047884996,-1.448224491232,
    -9.258973643345E-09));
#1600 = LINE('',#1601,#1602);
#1601 = CARTESIAN_POINT('',(0.374606243063,-1.454720235017,
    -9.258973643345E-09));
#1602 = VECTOR('',#1603,1.);
#1603 = DIRECTION('',(0.968917661144,0.247383439065,0.));
#1604 = ORIENTED_EDGE('',*,*,#1605,.T.);
#1605 = EDGE_CURVE('',#1598,#1606,#1608,.T.);
#1606 = VERTEX_POINT('',#1607);
#1607 = CARTESIAN_POINT('',(0.419129134642,-1.435233003659,
    -9.258973643345E-09));
#1608 = LINE('',#1609,#1610);
#1609 = CARTESIAN_POINT('',(0.400047884996,-1.448224491232,
    -9.258973643345E-09));
#1610 = VECTOR('',#1611,1.);
#1611 = DIRECTION('',(0.8265992788,0.562790931242,0.));
#1612 = ORIENTED_EDGE('',*,*,#1613,.T.);
#1613 = EDGE_CURVE('',#1606,#1614,#1616,.T.);
#1614 = VERTEX_POINT('',#1615);
#1615 = CARTESIAN_POINT('',(0.431849992003,-1.415745754103,
    -9.258973643345E-09));
#1616 = LINE('',#1617,#1618);
#1617 = CARTESIAN_POINT('',(0.419129134642,-1.435233003659,
    -9.258973643345E-09));
#1618 = VECTOR('',#1619,1.);
#1619 = DIRECTION('',(0.546622919779,0.837378876956,0.));
#1620 = ORIENTED_EDGE('',*,*,#1621,.T.);
#1621 = EDGE_CURVE('',#1614,#1622,#1624,.T.);
#1622 = VERTEX_POINT('',#1623);
#1623 = CARTESIAN_POINT('',(0.438210384289,-1.389762778958,
    -9.258973643345E-09));
#1624 = LINE('',#1625,#1626);
#1625 = CARTESIAN_POINT('',(0.431849992003,-1.415745754103,
    -9.258973643345E-09));
#1626 = VECTOR('',#1627,1.);
#1627 = DIRECTION('',(0.237770496721,0.971321363344,0.));
#1628 = ORIENTED_EDGE('',*,*,#1629,.T.);
#1629 = EDGE_CURVE('',#1622,#1630,#1632,.T.);
#1630 = VERTEX_POINT('',#1631);
#1631 = CARTESIAN_POINT('',(0.438210384289,-1.292326613066,
    -9.258973643345E-09));
#1632 = LINE('',#1633,#1634);
#1633 = CARTESIAN_POINT('',(0.438210384289,-1.389762778958,
    -9.258973643345E-09));
#1634 = VECTOR('',#1635,1.);
#1635 = DIRECTION('',(0.,1.,0.));
#1636 = ORIENTED_EDGE('',*,*,#1637,.T.);
#1637 = EDGE_CURVE('',#1630,#1638,#1640,.T.);
#1638 = VERTEX_POINT('',#1639);
#1639 = CARTESIAN_POINT('',(0.431849992003,-1.266343637921,
    -9.258973643345E-09));
#1640 = LINE('',#1641,#1642);
#1641 = CARTESIAN_POINT('',(0.438210384289,-1.292326613066,
    -9.258973643345E-09));
#1642 = VECTOR('',#1643,1.);
#1643 = DIRECTION('',(-0.237770496721,0.971321363344,0.));
#1644 = ORIENTED_EDGE('',*,*,#1645,.T.);
#1645 = EDGE_CURVE('',#1638,#1646,#1648,.T.);
#1646 = VERTEX_POINT('',#1647);
#1647 = CARTESIAN_POINT('',(0.419129134642,-1.246856406563,
    -9.258973643345E-09));
#1648 = LINE('',#1649,#1650);
#1649 = CARTESIAN_POINT('',(0.431849992003,-1.266343637921,
    -9.258973643345E-09));
#1650 = VECTOR('',#1651,1.);
#1651 = DIRECTION('',(-0.546623277701,0.837378643312,0.));
#1652 = ORIENTED_EDGE('',*,*,#1653,.T.);
#1653 = EDGE_CURVE('',#1646,#1654,#1656,.T.);
#1654 = VERTEX_POINT('',#1655);
#1655 = CARTESIAN_POINT('',(0.400047884996,-1.233864914441,
    -9.258973643345E-09));
#1656 = LINE('',#1657,#1658);
#1657 = CARTESIAN_POINT('',(0.419129134642,-1.246856406563,
    -9.258973643345E-09));
#1658 = VECTOR('',#1659,1.);
#1659 = DIRECTION('',(-0.826599187119,0.562791065897,0.));
#1660 = ORIENTED_EDGE('',*,*,#1661,.T.);
#1661 = EDGE_CURVE('',#1654,#1662,#1664,.T.);
#1662 = VERTEX_POINT('',#1663);
#1663 = CARTESIAN_POINT('',(0.374606243063,-1.227369170655,
    -9.258973643345E-09));
#1664 = LINE('',#1665,#1666);
#1665 = CARTESIAN_POINT('',(0.400047884996,-1.233864914441,
    -9.258973643345E-09));
#1666 = VECTOR('',#1667,1.);
#1667 = DIRECTION('',(-0.968917661144,0.247383439065,0.));
#1668 = ORIENTED_EDGE('',*,*,#1669,.T.);
#1669 = EDGE_CURVE('',#1662,#1670,#1672,.T.);
#1670 = VERTEX_POINT('',#1671);
#1671 = CARTESIAN_POINT('',(0.260118745183,-1.227369170655,
    -9.258973643345E-09));
#1672 = LINE('',#1673,#1674);
#1673 = CARTESIAN_POINT('',(0.374606243063,-1.227369170655,
    -9.258973643345E-09));
#1674 = VECTOR('',#1675,1.);
#1675 = DIRECTION('',(-1.,0.,0.));
#1676 = ORIENTED_EDGE('',*,*,#1677,.T.);
#1677 = EDGE_CURVE('',#1670,#1588,#1678,.T.);
#1678 = LINE('',#1679,#1680);
#1679 = CARTESIAN_POINT('',(0.260118745183,-1.227369170655,
    -9.258973643345E-09));
#1680 = VECTOR('',#1681,1.);
#1681 = DIRECTION('',(0.,-1.,0.));
#1682 = PLANE('',#1683);
#1683 = AXIS2_PLACEMENT_3D('',#1684,#1685,#1686);
#1684 = CARTESIAN_POINT('',(0.,-0.332994719228,-9.258973643345E-09));
#1685 = DIRECTION('',(0.,0.,1.));
#1686 = DIRECTION('',(1.,0.,0.));
#1687 = ADVANCED_FACE('',(#1688),#1714,.F.);
#1688 = FACE_BOUND('',#1689,.F.);
#1689 = EDGE_LOOP('',(#1690,#1700,#1708));
#1690 = ORIENTED_EDGE('',*,*,#1691,.T.);
#1691 = EDGE_CURVE('',#1692,#1694,#1696,.T.);
#1692 = VERTEX_POINT('',#1693);
#1693 = CARTESIAN_POINT('',(0.654464522688,-1.46771172259,
    -9.258973643345E-09));
#1694 = VERTEX_POINT('',#1695);
#1695 = CARTESIAN_POINT('',(0.711708271628,-1.292326613066,
    -9.258973643345E-09));
#1696 = LINE('',#1697,#1698);
#1697 = CARTESIAN_POINT('',(0.654464522688,-1.46771172259,
    -9.258973643345E-09));
#1698 = VECTOR('',#1699,1.);
#1699 = DIRECTION('',(0.310280021328,0.950645206355,0.));
#1700 = ORIENTED_EDGE('',*,*,#1701,.T.);
#1701 = EDGE_CURVE('',#1694,#1702,#1704,.T.);
#1702 = VERTEX_POINT('',#1703);
#1703 = CARTESIAN_POINT('',(0.597220773748,-1.292326613066,
    -9.258973643345E-09));
#1704 = LINE('',#1705,#1706);
#1705 = CARTESIAN_POINT('',(0.711708271628,-1.292326613066,
    -9.258973643345E-09));
#1706 = VECTOR('',#1707,1.);
#1707 = DIRECTION('',(-1.,0.,0.));
#1708 = ORIENTED_EDGE('',*,*,#1709,.T.);
#1709 = EDGE_CURVE('',#1702,#1692,#1710,.T.);
#1710 = LINE('',#1711,#1712);
#1711 = CARTESIAN_POINT('',(0.597220773748,-1.292326613066,
    -9.258973643345E-09));
#1712 = VECTOR('',#1713,1.);
#1713 = DIRECTION('',(0.310280021328,-0.950645206355,0.));
#1714 = PLANE('',#1715);
#1715 = AXIS2_PLACEMENT_3D('',#1716,#1717,#1718);
#1716 = CARTESIAN_POINT('',(0.,-0.332994719228,-9.258973643345E-09));
#1717 = DIRECTION('',(0.,0.,1.));
#1718 = DIRECTION('',(1.,0.,0.));
#1719 = ADVANCED_FACE('',(#1720),#1746,.T.);
#1720 = FACE_BOUND('',#1721,.T.);
#1721 = EDGE_LOOP('',(#1722,#1730,#1731,#1739));
#1722 = ORIENTED_EDGE('',*,*,#1723,.F.);
#1723 = EDGE_CURVE('',#629,#1724,#1726,.T.);
#1724 = VERTEX_POINT('',#1725);
#1725 = CARTESIAN_POINT('',(-1.11349997938,-0.332994719228,
    -0.400000001852));
#1726 = LINE('',#1727,#1728);
#1727 = CARTESIAN_POINT('',(-1.11349997938,-0.332994719228,
    -9.258973643345E-09));
#1728 = VECTOR('',#1729,1.);
#1729 = DIRECTION('',(-8.059664046617E-11,9.522009414766E-11,-1.));
#1730 = ORIENTED_EDGE('',*,*,#628,.T.);
#1731 = ORIENTED_EDGE('',*,*,#1732,.T.);
#1732 = EDGE_CURVE('',#631,#1733,#1735,.T.);
#1733 = VERTEX_POINT('',#1734);
#1734 = CARTESIAN_POINT('',(-1.886499965066,-0.332994719228,
    -0.400000001852));
#1735 = LINE('',#1736,#1737);
#1736 = CARTESIAN_POINT('',(-1.886499965066,-0.332994719228,
    -9.258973643345E-09));
#1737 = VECTOR('',#1738,1.);
#1738 = DIRECTION('',(8.059608535466E-11,-9.5220180437E-11,-1.));
#1739 = ORIENTED_EDGE('',*,*,#1740,.F.);
#1740 = EDGE_CURVE('',#1724,#1733,#1741,.T.);
#1741 = CIRCLE('',#1742,0.386499992843);
#1742 = AXIS2_PLACEMENT_3D('',#1743,#1744,#1745);
#1743 = CARTESIAN_POINT('',(-1.499999972223,-0.332994719228,
    -0.400000001852));
#1744 = DIRECTION('',(0.,0.,-1.));
#1745 = DIRECTION('',(1.,0.,0.));
#1746 = CYLINDRICAL_SURFACE('',#1747,0.386499992843);
#1747 = AXIS2_PLACEMENT_3D('',#1748,#1749,#1750);
#1748 = CARTESIAN_POINT('',(-1.499999972223,-0.332994719228,
    -9.258973643345E-09));
#1749 = DIRECTION('',(0.,0.,-1.));
#1750 = DIRECTION('',(1.,0.,0.));
#1751 = ADVANCED_FACE('',(#1752),#1778,.T.);
#1752 = FACE_BOUND('',#1753,.T.);
#1753 = EDGE_LOOP('',(#1754,#1762,#1763,#1771));
#1754 = ORIENTED_EDGE('',*,*,#1755,.T.);
#1755 = EDGE_CURVE('',#1756,#1724,#1758,.T.);
#1756 = VERTEX_POINT('',#1757);
#1757 = CARTESIAN_POINT('',(-1.213499977528,-0.332994719228,-0.5));
#1758 = LINE('',#1759,#1760);
#1759 = CARTESIAN_POINT('',(-1.21349997756,-0.332994719191,
    -0.500000000032));
#1760 = VECTOR('',#1761,1.);
#1761 = DIRECTION('',(0.707106781187,3.136349811471E-12,0.707106781187)
  );
#1762 = ORIENTED_EDGE('',*,*,#1740,.T.);
#1763 = ORIENTED_EDGE('',*,*,#1764,.F.);
#1764 = EDGE_CURVE('',#1765,#1733,#1767,.T.);
#1765 = VERTEX_POINT('',#1766);
#1766 = CARTESIAN_POINT('',(-1.786499966918,-0.332994719228,-0.5));
#1767 = LINE('',#1768,#1769);
#1768 = CARTESIAN_POINT('',(-1.786499966886,-0.332994719266,
    -0.500000000032));
#1769 = VECTOR('',#1770,1.);
#1770 = DIRECTION('',(-0.707106781187,-3.136321745602E-12,0.707106781187
    ));
#1771 = ORIENTED_EDGE('',*,*,#1772,.F.);
#1772 = EDGE_CURVE('',#1756,#1765,#1773,.T.);
#1773 = CIRCLE('',#1774,0.286499994695);
#1774 = AXIS2_PLACEMENT_3D('',#1775,#1776,#1777);
#1775 = CARTESIAN_POINT('',(-1.499999972223,-0.332994719228,-0.5));
#1776 = DIRECTION('',(0.,0.,-1.));
#1777 = DIRECTION('',(1.,0.,0.));
#1778 = CONICAL_SURFACE('',#1779,0.336499993739,0.785398163397);
#1779 = AXIS2_PLACEMENT_3D('',#1780,#1781,#1782);
#1780 = CARTESIAN_POINT('',(-1.499999972223,-0.332994719228,
    -0.450000000955));
#1781 = DIRECTION('',(0.,0.,1.));
#1782 = DIRECTION('',(0.,-1.,0.));
#1783 = ADVANCED_FACE('',(#1784),#1794,.T.);
#1784 = FACE_BOUND('',#1785,.F.);
#1785 = EDGE_LOOP('',(#1786,#1793));
#1786 = ORIENTED_EDGE('',*,*,#1787,.F.);
#1787 = EDGE_CURVE('',#1765,#1756,#1788,.T.);
#1788 = CIRCLE('',#1789,0.286499994695);
#1789 = AXIS2_PLACEMENT_3D('',#1790,#1791,#1792);
#1790 = CARTESIAN_POINT('',(-1.499999972223,-0.332994719228,-0.5));
#1791 = DIRECTION('',(0.,0.,-1.));
#1792 = DIRECTION('',(-1.,0.,0.));
#1793 = ORIENTED_EDGE('',*,*,#1772,.F.);
#1794 = PLANE('',#1795);
#1795 = AXIS2_PLACEMENT_3D('',#1796,#1797,#1798);
#1796 = CARTESIAN_POINT('',(0.,-0.332994719228,-0.5));
#1797 = DIRECTION('',(0.,0.,-1.));
#1798 = DIRECTION('',(1.,0.,0.));
#1799 = ADVANCED_FACE('',(#1800),#1820,.T.);
#1800 = FACE_BOUND('',#1801,.F.);
#1801 = EDGE_LOOP('',(#1802,#1813));
#1802 = ORIENTED_EDGE('',*,*,#1803,.F.);
#1803 = EDGE_CURVE('',#1804,#1806,#1808,.T.);
#1804 = VERTEX_POINT('',#1805);
#1805 = CARTESIAN_POINT('',(1.213499977528,-0.332994719228,-0.5));
#1806 = VERTEX_POINT('',#1807);
#1807 = CARTESIAN_POINT('',(1.786499966918,-0.332994719228,-0.5));
#1808 = CIRCLE('',#1809,0.286499994695);
#1809 = AXIS2_PLACEMENT_3D('',#1810,#1811,#1812);
#1810 = CARTESIAN_POINT('',(1.499999972223,-0.332994719228,-0.5));
#1811 = DIRECTION('',(0.,0.,-1.));
#1812 = DIRECTION('',(-1.,0.,0.));
#1813 = ORIENTED_EDGE('',*,*,#1814,.F.);
#1814 = EDGE_CURVE('',#1806,#1804,#1815,.T.);
#1815 = CIRCLE('',#1816,0.286499994695);
#1816 = AXIS2_PLACEMENT_3D('',#1817,#1818,#1819);
#1817 = CARTESIAN_POINT('',(1.499999972223,-0.332994719228,-0.5));
#1818 = DIRECTION('',(0.,0.,-1.));
#1819 = DIRECTION('',(1.,0.,0.));
#1820 = PLANE('',#1821);
#1821 = AXIS2_PLACEMENT_3D('',#1822,#1823,#1824);
#1822 = CARTESIAN_POINT('',(0.,-0.332994719228,-0.5));
#1823 = DIRECTION('',(0.,0.,-1.));
#1824 = DIRECTION('',(1.,0.,0.));
#1825 = ADVANCED_FACE('',(#1826),#1838,.T.);
#1826 = FACE_BOUND('',#1827,.T.);
#1827 = EDGE_LOOP('',(#1828,#1829,#1836,#1837));
#1828 = ORIENTED_EDGE('',*,*,#1764,.T.);
#1829 = ORIENTED_EDGE('',*,*,#1830,.T.);
#1830 = EDGE_CURVE('',#1733,#1724,#1831,.T.);
#1831 = CIRCLE('',#1832,0.386499992843);
#1832 = AXIS2_PLACEMENT_3D('',#1833,#1834,#1835);
#1833 = CARTESIAN_POINT('',(-1.499999972223,-0.332994719228,
    -0.400000001852));
#1834 = DIRECTION('',(0.,0.,-1.));
#1835 = DIRECTION('',(-1.,0.,0.));
#1836 = ORIENTED_EDGE('',*,*,#1755,.F.);
#1837 = ORIENTED_EDGE('',*,*,#1787,.F.);
#1838 = CONICAL_SURFACE('',#1839,0.336499993739,0.785398163397);
#1839 = AXIS2_PLACEMENT_3D('',#1840,#1841,#1842);
#1840 = CARTESIAN_POINT('',(-1.499999972223,-0.332994719228,
    -0.450000000955));
#1841 = DIRECTION('',(0.,0.,1.));
#1842 = DIRECTION('',(0.,-1.,0.));
#1843 = ADVANCED_FACE('',(#1844),#1850,.T.);
#1844 = FACE_BOUND('',#1845,.T.);
#1845 = EDGE_LOOP('',(#1846,#1847,#1848,#1849));
#1846 = ORIENTED_EDGE('',*,*,#1732,.F.);
#1847 = ORIENTED_EDGE('',*,*,#639,.T.);
#1848 = ORIENTED_EDGE('',*,*,#1723,.T.);
#1849 = ORIENTED_EDGE('',*,*,#1830,.F.);
#1850 = CYLINDRICAL_SURFACE('',#1851,0.386499992843);
#1851 = AXIS2_PLACEMENT_3D('',#1852,#1853,#1854);
#1852 = CARTESIAN_POINT('',(-1.499999972223,-0.332994719228,
    -9.258973643345E-09));
#1853 = DIRECTION('',(0.,0.,-1.));
#1854 = DIRECTION('',(1.,0.,0.));
#1855 = ADVANCED_FACE('',(#1856),#1882,.T.);
#1856 = FACE_BOUND('',#1857,.T.);
#1857 = EDGE_LOOP('',(#1858,#1866,#1875,#1881));
#1858 = ORIENTED_EDGE('',*,*,#1859,.T.);
#1859 = EDGE_CURVE('',#1804,#1860,#1862,.T.);
#1860 = VERTEX_POINT('',#1861);
#1861 = CARTESIAN_POINT('',(1.11349997938,-0.332994719228,
    -0.400000001852));
#1862 = LINE('',#1863,#1864);
#1863 = CARTESIAN_POINT('',(1.21349997756,-0.332994719266,
    -0.500000000032));
#1864 = VECTOR('',#1865,1.);
#1865 = DIRECTION('',(-0.707106781187,-3.135572026376E-12,0.707106781187
    ));
#1866 = ORIENTED_EDGE('',*,*,#1867,.T.);
#1867 = EDGE_CURVE('',#1860,#1868,#1870,.T.);
#1868 = VERTEX_POINT('',#1869);
#1869 = CARTESIAN_POINT('',(1.886499965066,-0.332994719228,
    -0.400000001852));
#1870 = CIRCLE('',#1871,0.386499992843);
#1871 = AXIS2_PLACEMENT_3D('',#1872,#1873,#1874);
#1872 = CARTESIAN_POINT('',(1.499999972223,-0.332994719228,
    -0.400000001852));
#1873 = DIRECTION('',(0.,0.,-1.));
#1874 = DIRECTION('',(-1.,0.,0.));
#1875 = ORIENTED_EDGE('',*,*,#1876,.F.);
#1876 = EDGE_CURVE('',#1806,#1868,#1877,.T.);
#1877 = LINE('',#1878,#1879);
#1878 = CARTESIAN_POINT('',(1.786499966886,-0.332994719191,
    -0.500000000032));
#1879 = VECTOR('',#1880,1.);
#1880 = DIRECTION('',(0.707106781187,3.136199867637E-12,0.707106781187)
  );
#1881 = ORIENTED_EDGE('',*,*,#1803,.F.);
#1882 = CONICAL_SURFACE('',#1883,0.336499993739,0.785398163397);
#1883 = AXIS2_PLACEMENT_3D('',#1884,#1885,#1886);
#1884 = CARTESIAN_POINT('',(1.499999972223,-0.332994719228,
    -0.450000000955));
#1885 = DIRECTION('',(0.,0.,1.));
#1886 = DIRECTION('',(0.,-1.,0.));
#1887 = ADVANCED_FACE('',(#1888),#1900,.T.);
#1888 = FACE_BOUND('',#1889,.T.);
#1889 = EDGE_LOOP('',(#1890,#1891,#1898,#1899));
#1890 = ORIENTED_EDGE('',*,*,#1876,.T.);
#1891 = ORIENTED_EDGE('',*,*,#1892,.T.);
#1892 = EDGE_CURVE('',#1868,#1860,#1893,.T.);
#1893 = CIRCLE('',#1894,0.386499992843);
#1894 = AXIS2_PLACEMENT_3D('',#1895,#1896,#1897);
#1895 = CARTESIAN_POINT('',(1.499999972223,-0.332994719228,
    -0.400000001852));
#1896 = DIRECTION('',(0.,0.,-1.));
#1897 = DIRECTION('',(1.,0.,0.));
#1898 = ORIENTED_EDGE('',*,*,#1859,.F.);
#1899 = ORIENTED_EDGE('',*,*,#1814,.F.);
#1900 = CONICAL_SURFACE('',#1901,0.336499993739,0.785398163397);
#1901 = AXIS2_PLACEMENT_3D('',#1902,#1903,#1904);
#1902 = CARTESIAN_POINT('',(1.499999972223,-0.332994719228,
    -0.450000000955));
#1903 = DIRECTION('',(0.,0.,1.));
#1904 = DIRECTION('',(0.,-1.,0.));
#1905 = ADVANCED_FACE('',(#1906),#1922,.T.);
#1906 = FACE_BOUND('',#1907,.T.);
#1907 = EDGE_LOOP('',(#1908,#1914,#1915,#1921));
#1908 = ORIENTED_EDGE('',*,*,#1909,.F.);
#1909 = EDGE_CURVE('',#649,#1868,#1910,.T.);
#1910 = LINE('',#1911,#1912);
#1911 = CARTESIAN_POINT('',(1.886499965066,-0.332994719228,
    -9.258973643345E-09));
#1912 = VECTOR('',#1913,1.);
#1913 = DIRECTION('',(-8.059608535466E-11,9.522009414766E-11,-1.));
#1914 = ORIENTED_EDGE('',*,*,#648,.T.);
#1915 = ORIENTED_EDGE('',*,*,#1916,.T.);
#1916 = EDGE_CURVE('',#651,#1860,#1917,.T.);
#1917 = LINE('',#1918,#1919);
#1918 = CARTESIAN_POINT('',(1.11349997938,-0.332994719228,
    -9.258973643345E-09));
#1919 = VECTOR('',#1920,1.);
#1920 = DIRECTION('',(8.059664046617E-11,-9.5220180437E-11,-1.));
#1921 = ORIENTED_EDGE('',*,*,#1892,.F.);
#1922 = CYLINDRICAL_SURFACE('',#1923,0.386499992843);
#1923 = AXIS2_PLACEMENT_3D('',#1924,#1925,#1926);
#1924 = CARTESIAN_POINT('',(1.499999972223,-0.332994719228,
    -9.258973643345E-09));
#1925 = DIRECTION('',(0.,0.,-1.));
#1926 = DIRECTION('',(1.,0.,0.));
#1927 = ADVANCED_FACE('',(#1928),#1934,.T.);
#1928 = FACE_BOUND('',#1929,.T.);
#1929 = EDGE_LOOP('',(#1930,#1931,#1932,#1933));
#1930 = ORIENTED_EDGE('',*,*,#1916,.F.);
#1931 = ORIENTED_EDGE('',*,*,#659,.T.);
#1932 = ORIENTED_EDGE('',*,*,#1909,.T.);
#1933 = ORIENTED_EDGE('',*,*,#1867,.F.);
#1934 = CYLINDRICAL_SURFACE('',#1935,0.386499992843);
#1935 = AXIS2_PLACEMENT_3D('',#1936,#1937,#1938);
#1936 = CARTESIAN_POINT('',(1.499999972223,-0.332994719228,
    -9.258973643345E-09));
#1937 = DIRECTION('',(0.,0.,-1.));
#1938 = DIRECTION('',(1.,0.,0.));
#1939 = ADVANCED_FACE('',(#1940),#1965,.F.);
#1940 = FACE_BOUND('',#1941,.F.);
#1941 = EDGE_LOOP('',(#1942,#1943,#1951,#1959));
#1942 = ORIENTED_EDGE('',*,*,#668,.F.);
#1943 = ORIENTED_EDGE('',*,*,#1944,.T.);
#1944 = EDGE_CURVE('',#669,#1945,#1947,.T.);
#1945 = VERTEX_POINT('',#1946);
#1946 = CARTESIAN_POINT('',(-0.567299989495,-0.644994713451,
    0.149999987963));
#1947 = LINE('',#1948,#1949);
#1948 = CARTESIAN_POINT('',(-0.567299989495,-0.644994713451,
    -9.258973643345E-09));
#1949 = VECTOR('',#1950,1.);
#1950 = DIRECTION('',(0.,0.,1.));
#1951 = ORIENTED_EDGE('',*,*,#1952,.T.);
#1952 = EDGE_CURVE('',#1945,#1953,#1955,.T.);
#1953 = VERTEX_POINT('',#1954);
#1954 = CARTESIAN_POINT('',(-0.123399997715,-0.644994713451,
    0.149999987963));
#1955 = LINE('',#1956,#1957);
#1956 = CARTESIAN_POINT('',(-0.567299989495,-0.644994713451,
    0.149999987963));
#1957 = VECTOR('',#1958,1.);
#1958 = DIRECTION('',(1.,0.,0.));
#1959 = ORIENTED_EDGE('',*,*,#1960,.F.);
#1960 = EDGE_CURVE('',#671,#1953,#1961,.T.);
#1961 = LINE('',#1962,#1963);
#1962 = CARTESIAN_POINT('',(-0.123399997715,-0.644994713451,
    -9.258973643345E-09));
#1963 = VECTOR('',#1964,1.);
#1964 = DIRECTION('',(0.,0.,1.));
#1965 = PLANE('',#1966);
#1966 = AXIS2_PLACEMENT_3D('',#1967,#1968,#1969);
#1967 = CARTESIAN_POINT('',(-0.567299989495,-0.644994713451,
    -9.258973643345E-09));
#1968 = DIRECTION('',(0.,1.,0.));
#1969 = DIRECTION('',(1.,0.,0.));
#1970 = ADVANCED_FACE('',(#1971),#1989,.F.);
#1971 = FACE_BOUND('',#1972,.F.);
#1972 = EDGE_LOOP('',(#1973,#1974,#1982,#1988));
#1973 = ORIENTED_EDGE('',*,*,#694,.F.);
#1974 = ORIENTED_EDGE('',*,*,#1975,.T.);
#1975 = EDGE_CURVE('',#687,#1976,#1978,.T.);
#1976 = VERTEX_POINT('',#1977);
#1977 = CARTESIAN_POINT('',(-0.567299989495,-0.938594708014,
    0.149999987963));
#1978 = LINE('',#1979,#1980);
#1979 = CARTESIAN_POINT('',(-0.567299989495,-0.938594708014,
    -9.258973643345E-09));
#1980 = VECTOR('',#1981,1.);
#1981 = DIRECTION('',(0.,0.,1.));
#1982 = ORIENTED_EDGE('',*,*,#1983,.T.);
#1983 = EDGE_CURVE('',#1976,#1945,#1984,.T.);
#1984 = LINE('',#1985,#1986);
#1985 = CARTESIAN_POINT('',(-0.567299989495,-0.938594708014,
    0.149999987963));
#1986 = VECTOR('',#1987,1.);
#1987 = DIRECTION('',(0.,1.,0.));
#1988 = ORIENTED_EDGE('',*,*,#1944,.F.);
#1989 = PLANE('',#1990);
#1990 = AXIS2_PLACEMENT_3D('',#1991,#1992,#1993);
#1991 = CARTESIAN_POINT('',(-0.567299989495,-0.938594708014,
    -9.258973643345E-09));
#1992 = DIRECTION('',(-1.,0.,0.));
#1993 = DIRECTION('',(0.,1.,0.));
#1994 = ADVANCED_FACE('',(#1995),#2013,.F.);
#1995 = FACE_BOUND('',#1996,.F.);
#1996 = EDGE_LOOP('',(#1997,#1998,#2006,#2012));
#1997 = ORIENTED_EDGE('',*,*,#686,.F.);
#1998 = ORIENTED_EDGE('',*,*,#1999,.T.);
#1999 = EDGE_CURVE('',#679,#2000,#2002,.T.);
#2000 = VERTEX_POINT('',#2001);
#2001 = CARTESIAN_POINT('',(-0.123399997715,-0.938594708014,
    0.149999987963));
#2002 = LINE('',#2003,#2004);
#2003 = CARTESIAN_POINT('',(-0.123399997715,-0.938594708014,
    -9.258973643345E-09));
#2004 = VECTOR('',#2005,1.);
#2005 = DIRECTION('',(0.,0.,1.));
#2006 = ORIENTED_EDGE('',*,*,#2007,.T.);
#2007 = EDGE_CURVE('',#2000,#1976,#2008,.T.);
#2008 = LINE('',#2009,#2010);
#2009 = CARTESIAN_POINT('',(-0.123399997715,-0.938594708014,
    0.149999987963));
#2010 = VECTOR('',#2011,1.);
#2011 = DIRECTION('',(-1.,0.,0.));
#2012 = ORIENTED_EDGE('',*,*,#1975,.F.);
#2013 = PLANE('',#2014);
#2014 = AXIS2_PLACEMENT_3D('',#2015,#2016,#2017);
#2015 = CARTESIAN_POINT('',(-0.123399997715,-0.938594708014,
    -9.258973643345E-09));
#2016 = DIRECTION('',(0.,-1.,0.));
#2017 = DIRECTION('',(-1.,0.,0.));
#2018 = ADVANCED_FACE('',(#2019),#2030,.F.);
#2019 = FACE_BOUND('',#2020,.F.);
#2020 = EDGE_LOOP('',(#2021,#2022,#2023,#2029));
#2021 = ORIENTED_EDGE('',*,*,#678,.F.);
#2022 = ORIENTED_EDGE('',*,*,#1960,.T.);
#2023 = ORIENTED_EDGE('',*,*,#2024,.T.);
#2024 = EDGE_CURVE('',#1953,#2000,#2025,.T.);
#2025 = LINE('',#2026,#2027);
#2026 = CARTESIAN_POINT('',(-0.123399997715,-0.644994713451,
    0.149999987963));
#2027 = VECTOR('',#2028,1.);
#2028 = DIRECTION('',(0.,-1.,0.));
#2029 = ORIENTED_EDGE('',*,*,#1999,.F.);
#2030 = PLANE('',#2031);
#2031 = AXIS2_PLACEMENT_3D('',#2032,#2033,#2034);
#2032 = CARTESIAN_POINT('',(-0.123399997715,-0.644994713451,
    -9.258973643345E-09));
#2033 = DIRECTION('',(1.,0.,0.));
#2034 = DIRECTION('',(0.,-1.,0.));
#2035 = ADVANCED_FACE('',(#2036),#2042,.T.);
#2036 = FACE_BOUND('',#2037,.F.);
#2037 = EDGE_LOOP('',(#2038,#2039,#2040,#2041));
#2038 = ORIENTED_EDGE('',*,*,#1952,.F.);
#2039 = ORIENTED_EDGE('',*,*,#1983,.F.);
#2040 = ORIENTED_EDGE('',*,*,#2007,.F.);
#2041 = ORIENTED_EDGE('',*,*,#2024,.F.);
#2042 = PLANE('',#2043);
#2043 = AXIS2_PLACEMENT_3D('',#2044,#2045,#2046);
#2044 = CARTESIAN_POINT('',(0.,-0.332994719228,0.149999987963));
#2045 = DIRECTION('',(0.,0.,-1.));
#2046 = DIRECTION('',(1.,0.,0.));
#2047 = ADVANCED_FACE('',(#2048),#2082,.T.);
#2048 = FACE_BOUND('',#2049,.F.);
#2049 = EDGE_LOOP('',(#2050,#2060,#2068,#2076));
#2050 = ORIENTED_EDGE('',*,*,#2051,.F.);
#2051 = EDGE_CURVE('',#2052,#2054,#2056,.T.);
#2052 = VERTEX_POINT('',#2053);
#2053 = CARTESIAN_POINT('',(0.567299989495,-0.644994713451,
    0.149999987963));
#2054 = VERTEX_POINT('',#2055);
#2055 = CARTESIAN_POINT('',(0.567299989495,-0.938594708014,
    0.149999987963));
#2056 = LINE('',#2057,#2058);
#2057 = CARTESIAN_POINT('',(0.567299989495,-0.644994713451,
    0.149999987963));
#2058 = VECTOR('',#2059,1.);
#2059 = DIRECTION('',(0.,-1.,0.));
#2060 = ORIENTED_EDGE('',*,*,#2061,.F.);
#2061 = EDGE_CURVE('',#2062,#2052,#2064,.T.);
#2062 = VERTEX_POINT('',#2063);
#2063 = CARTESIAN_POINT('',(0.123399997715,-0.644994713451,
    0.149999987963));
#2064 = LINE('',#2065,#2066);
#2065 = CARTESIAN_POINT('',(0.123399997715,-0.644994713451,
    0.149999987963));
#2066 = VECTOR('',#2067,1.);
#2067 = DIRECTION('',(1.,0.,0.));
#2068 = ORIENTED_EDGE('',*,*,#2069,.F.);
#2069 = EDGE_CURVE('',#2070,#2062,#2072,.T.);
#2070 = VERTEX_POINT('',#2071);
#2071 = CARTESIAN_POINT('',(0.123399997715,-0.938594708014,
    0.149999987963));
#2072 = LINE('',#2073,#2074);
#2073 = CARTESIAN_POINT('',(0.123399997715,-0.938594708014,
    0.149999987963));
#2074 = VECTOR('',#2075,1.);
#2075 = DIRECTION('',(0.,1.,0.));
#2076 = ORIENTED_EDGE('',*,*,#2077,.F.);
#2077 = EDGE_CURVE('',#2054,#2070,#2078,.T.);
#2078 = LINE('',#2079,#2080);
#2079 = CARTESIAN_POINT('',(0.567299989495,-0.938594708014,
    0.149999987963));
#2080 = VECTOR('',#2081,1.);
#2081 = DIRECTION('',(-1.,0.,0.));
#2082 = PLANE('',#2083);
#2083 = AXIS2_PLACEMENT_3D('',#2084,#2085,#2086);
#2084 = CARTESIAN_POINT('',(0.,-0.332994719228,0.149999987963));
#2085 = DIRECTION('',(0.,0.,-1.));
#2086 = DIRECTION('',(1.,0.,0.));
#2087 = ADVANCED_FACE('',(#2088),#2122,.T.);
#2088 = FACE_BOUND('',#2089,.F.);
#2089 = EDGE_LOOP('',(#2090,#2100,#2108,#2116));
#2090 = ORIENTED_EDGE('',*,*,#2091,.F.);
#2091 = EDGE_CURVE('',#2092,#2094,#2096,.T.);
#2092 = VERTEX_POINT('',#2093);
#2093 = CARTESIAN_POINT('',(-0.567299989495,-2.099472500603E-02,
    0.149999987963));
#2094 = VERTEX_POINT('',#2095);
#2095 = CARTESIAN_POINT('',(-0.567299989495,0.272605269557,
    0.149999987963));
#2096 = LINE('',#2097,#2098);
#2097 = CARTESIAN_POINT('',(-0.567299989495,-2.099472500603E-02,
    0.149999987963));
#2098 = VECTOR('',#2099,1.);
#2099 = DIRECTION('',(0.,1.,0.));
#2100 = ORIENTED_EDGE('',*,*,#2101,.F.);
#2101 = EDGE_CURVE('',#2102,#2092,#2104,.T.);
#2102 = VERTEX_POINT('',#2103);
#2103 = CARTESIAN_POINT('',(-0.123399997715,-2.099472500603E-02,
    0.149999987963));
#2104 = LINE('',#2105,#2106);
#2105 = CARTESIAN_POINT('',(-0.123399997715,-2.099472500603E-02,
    0.149999987963));
#2106 = VECTOR('',#2107,1.);
#2107 = DIRECTION('',(-1.,0.,0.));
#2108 = ORIENTED_EDGE('',*,*,#2109,.F.);
#2109 = EDGE_CURVE('',#2110,#2102,#2112,.T.);
#2110 = VERTEX_POINT('',#2111);
#2111 = CARTESIAN_POINT('',(-0.123399997715,0.272605269557,
    0.149999987963));
#2112 = LINE('',#2113,#2114);
#2113 = CARTESIAN_POINT('',(-0.123399997715,0.272605269557,
    0.149999987963));
#2114 = VECTOR('',#2115,1.);
#2115 = DIRECTION('',(0.,-1.,0.));
#2116 = ORIENTED_EDGE('',*,*,#2117,.F.);
#2117 = EDGE_CURVE('',#2094,#2110,#2118,.T.);
#2118 = LINE('',#2119,#2120);
#2119 = CARTESIAN_POINT('',(-0.567299989495,0.272605269557,
    0.149999987963));
#2120 = VECTOR('',#2121,1.);
#2121 = DIRECTION('',(1.,0.,0.));
#2122 = PLANE('',#2123);
#2123 = AXIS2_PLACEMENT_3D('',#2124,#2125,#2126);
#2124 = CARTESIAN_POINT('',(0.,-0.332994719228,0.149999987963));
#2125 = DIRECTION('',(0.,0.,-1.));
#2126 = DIRECTION('',(1.,0.,0.));
#2127 = ADVANCED_FACE('',(#2128),#2162,.T.);
#2128 = FACE_BOUND('',#2129,.F.);
#2129 = EDGE_LOOP('',(#2130,#2140,#2148,#2156));
#2130 = ORIENTED_EDGE('',*,*,#2131,.F.);
#2131 = EDGE_CURVE('',#2132,#2134,#2136,.T.);
#2132 = VERTEX_POINT('',#2133);
#2133 = CARTESIAN_POINT('',(0.567299989495,-2.099472500603E-02,
    0.149999987963));
#2134 = VERTEX_POINT('',#2135);
#2135 = CARTESIAN_POINT('',(0.123399997715,-2.099472500603E-02,
    0.149999987963));
#2136 = LINE('',#2137,#2138);
#2137 = CARTESIAN_POINT('',(0.567299989495,-2.099472500603E-02,
    0.149999987963));
#2138 = VECTOR('',#2139,1.);
#2139 = DIRECTION('',(-1.,0.,0.));
#2140 = ORIENTED_EDGE('',*,*,#2141,.F.);
#2141 = EDGE_CURVE('',#2142,#2132,#2144,.T.);
#2142 = VERTEX_POINT('',#2143);
#2143 = CARTESIAN_POINT('',(0.567299989495,0.272605269557,0.149999987963
    ));
#2144 = LINE('',#2145,#2146);
#2145 = CARTESIAN_POINT('',(0.567299989495,0.272605269557,0.149999987963
    ));
#2146 = VECTOR('',#2147,1.);
#2147 = DIRECTION('',(0.,-1.,0.));
#2148 = ORIENTED_EDGE('',*,*,#2149,.F.);
#2149 = EDGE_CURVE('',#2150,#2142,#2152,.T.);
#2150 = VERTEX_POINT('',#2151);
#2151 = CARTESIAN_POINT('',(0.123399997715,0.272605269557,0.149999987963
    ));
#2152 = LINE('',#2153,#2154);
#2153 = CARTESIAN_POINT('',(0.123399997715,0.272605269557,0.149999987963
    ));
#2154 = VECTOR('',#2155,1.);
#2155 = DIRECTION('',(1.,0.,0.));
#2156 = ORIENTED_EDGE('',*,*,#2157,.F.);
#2157 = EDGE_CURVE('',#2134,#2150,#2158,.T.);
#2158 = LINE('',#2159,#2160);
#2159 = CARTESIAN_POINT('',(0.123399997715,-2.099472500603E-02,
    0.149999987963));
#2160 = VECTOR('',#2161,1.);
#2161 = DIRECTION('',(0.,1.,0.));
#2162 = PLANE('',#2163);
#2163 = AXIS2_PLACEMENT_3D('',#2164,#2165,#2166);
#2164 = CARTESIAN_POINT('',(0.,-0.332994719228,0.149999987963));
#2165 = DIRECTION('',(0.,0.,-1.));
#2166 = DIRECTION('',(1.,0.,0.));
#2167 = ADVANCED_FACE('',(#2168),#2202,.T.);
#2168 = FACE_BOUND('',#2169,.F.);
#2169 = EDGE_LOOP('',(#2170,#2180,#2188,#2196));
#2170 = ORIENTED_EDGE('',*,*,#2171,.F.);
#2171 = EDGE_CURVE('',#2172,#2174,#2176,.T.);
#2172 = VERTEX_POINT('',#2173);
#2173 = CARTESIAN_POINT('',(-2.244972524881,-0.644994713451,
    0.149999987963));
#2174 = VERTEX_POINT('',#2175);
#2175 = CARTESIAN_POINT('',(-1.801072533101,-0.644994713451,
    0.149999987963));
#2176 = LINE('',#2177,#2178);
#2177 = CARTESIAN_POINT('',(-2.244972524881,-0.644994713451,
    0.149999987963));
#2178 = VECTOR('',#2179,1.);
#2179 = DIRECTION('',(1.,0.,0.));
#2180 = ORIENTED_EDGE('',*,*,#2181,.F.);
#2181 = EDGE_CURVE('',#2182,#2172,#2184,.T.);
#2182 = VERTEX_POINT('',#2183);
#2183 = CARTESIAN_POINT('',(-2.244972524881,-0.938594708014,
    0.149999987963));
#2184 = LINE('',#2185,#2186);
#2185 = CARTESIAN_POINT('',(-2.244972524881,-0.938594708014,
    0.149999987963));
#2186 = VECTOR('',#2187,1.);
#2187 = DIRECTION('',(0.,1.,0.));
#2188 = ORIENTED_EDGE('',*,*,#2189,.F.);
#2189 = EDGE_CURVE('',#2190,#2182,#2192,.T.);
#2190 = VERTEX_POINT('',#2191);
#2191 = CARTESIAN_POINT('',(-1.801072533101,-0.938594708014,
    0.149999987963));
#2192 = LINE('',#2193,#2194);
#2193 = CARTESIAN_POINT('',(-1.801072533101,-0.938594708014,
    0.149999987963));
#2194 = VECTOR('',#2195,1.);
#2195 = DIRECTION('',(-1.,0.,0.));
#2196 = ORIENTED_EDGE('',*,*,#2197,.F.);
#2197 = EDGE_CURVE('',#2174,#2190,#2198,.T.);
#2198 = LINE('',#2199,#2200);
#2199 = CARTESIAN_POINT('',(-1.801072533101,-0.644994713451,
    0.149999987963));
#2200 = VECTOR('',#2201,1.);
#2201 = DIRECTION('',(0.,-1.,0.));
#2202 = PLANE('',#2203);
#2203 = AXIS2_PLACEMENT_3D('',#2204,#2205,#2206);
#2204 = CARTESIAN_POINT('',(0.,-0.332994719228,0.149999987963));
#2205 = DIRECTION('',(0.,0.,-1.));
#2206 = DIRECTION('',(1.,0.,0.));
#2207 = ADVANCED_FACE('',(#2208),#2242,.T.);
#2208 = FACE_BOUND('',#2209,.F.);
#2209 = EDGE_LOOP('',(#2210,#2220,#2228,#2236));
#2210 = ORIENTED_EDGE('',*,*,#2211,.F.);
#2211 = EDGE_CURVE('',#2212,#2214,#2216,.T.);
#2212 = VERTEX_POINT('',#2213);
#2213 = CARTESIAN_POINT('',(-2.244972524881,-2.099472500603E-02,
    0.149999987963));
#2214 = VERTEX_POINT('',#2215);
#2215 = CARTESIAN_POINT('',(-2.244972524881,0.272605269557,
    0.149999987963));
#2216 = LINE('',#2217,#2218);
#2217 = CARTESIAN_POINT('',(-2.244972524881,-2.099472500603E-02,
    0.149999987963));
#2218 = VECTOR('',#2219,1.);
#2219 = DIRECTION('',(0.,1.,0.));
#2220 = ORIENTED_EDGE('',*,*,#2221,.F.);
#2221 = EDGE_CURVE('',#2222,#2212,#2224,.T.);
#2222 = VERTEX_POINT('',#2223);
#2223 = CARTESIAN_POINT('',(-1.801072533101,-2.099472500603E-02,
    0.149999987963));
#2224 = LINE('',#2225,#2226);
#2225 = CARTESIAN_POINT('',(-1.801072533101,-2.099472500603E-02,
    0.149999987963));
#2226 = VECTOR('',#2227,1.);
#2227 = DIRECTION('',(-1.,0.,0.));
#2228 = ORIENTED_EDGE('',*,*,#2229,.F.);
#2229 = EDGE_CURVE('',#2230,#2222,#2232,.T.);
#2230 = VERTEX_POINT('',#2231);
#2231 = CARTESIAN_POINT('',(-1.801072533101,0.272605269557,
    0.149999987963));
#2232 = LINE('',#2233,#2234);
#2233 = CARTESIAN_POINT('',(-1.801072533101,0.272605269557,
    0.149999987963));
#2234 = VECTOR('',#2235,1.);
#2235 = DIRECTION('',(0.,-1.,0.));
#2236 = ORIENTED_EDGE('',*,*,#2237,.F.);
#2237 = EDGE_CURVE('',#2214,#2230,#2238,.T.);
#2238 = LINE('',#2239,#2240);
#2239 = CARTESIAN_POINT('',(-2.244972524881,0.272605269557,
    0.149999987963));
#2240 = VECTOR('',#2241,1.);
#2241 = DIRECTION('',(1.,0.,0.));
#2242 = PLANE('',#2243);
#2243 = AXIS2_PLACEMENT_3D('',#2244,#2245,#2246);
#2244 = CARTESIAN_POINT('',(0.,-0.332994719228,0.149999987963));
#2245 = DIRECTION('',(0.,0.,-1.));
#2246 = DIRECTION('',(1.,0.,0.));
#2247 = ADVANCED_FACE('',(#2248),#2282,.T.);
#2248 = FACE_BOUND('',#2249,.F.);
#2249 = EDGE_LOOP('',(#2250,#2260,#2268,#2276));
#2250 = ORIENTED_EDGE('',*,*,#2251,.F.);
#2251 = EDGE_CURVE('',#2252,#2254,#2256,.T.);
#2252 = VERTEX_POINT('',#2253);
#2253 = CARTESIAN_POINT('',(2.244972524881,-0.644994713451,
    0.149999987963));
#2254 = VERTEX_POINT('',#2255);
#2255 = CARTESIAN_POINT('',(2.244972524881,-0.938594708014,
    0.149999987963));
#2256 = LINE('',#2257,#2258);
#2257 = CARTESIAN_POINT('',(2.244972524881,-0.644994713451,
    0.149999987963));
#2258 = VECTOR('',#2259,1.);
#2259 = DIRECTION('',(0.,-1.,0.));
#2260 = ORIENTED_EDGE('',*,*,#2261,.F.);
#2261 = EDGE_CURVE('',#2262,#2252,#2264,.T.);
#2262 = VERTEX_POINT('',#2263);
#2263 = CARTESIAN_POINT('',(1.801072533101,-0.644994713451,
    0.149999987963));
#2264 = LINE('',#2265,#2266);
#2265 = CARTESIAN_POINT('',(1.801072533101,-0.644994713451,
    0.149999987963));
#2266 = VECTOR('',#2267,1.);
#2267 = DIRECTION('',(1.,0.,0.));
#2268 = ORIENTED_EDGE('',*,*,#2269,.F.);
#2269 = EDGE_CURVE('',#2270,#2262,#2272,.T.);
#2270 = VERTEX_POINT('',#2271);
#2271 = CARTESIAN_POINT('',(1.801072533101,-0.938594708014,
    0.149999987963));
#2272 = LINE('',#2273,#2274);
#2273 = CARTESIAN_POINT('',(1.801072533101,-0.938594708014,
    0.149999987963));
#2274 = VECTOR('',#2275,1.);
#2275 = DIRECTION('',(0.,1.,0.));
#2276 = ORIENTED_EDGE('',*,*,#2277,.F.);
#2277 = EDGE_CURVE('',#2254,#2270,#2278,.T.);
#2278 = LINE('',#2279,#2280);
#2279 = CARTESIAN_POINT('',(2.244972524881,-0.938594708014,
    0.149999987963));
#2280 = VECTOR('',#2281,1.);
#2281 = DIRECTION('',(-1.,0.,0.));
#2282 = PLANE('',#2283);
#2283 = AXIS2_PLACEMENT_3D('',#2284,#2285,#2286);
#2284 = CARTESIAN_POINT('',(0.,-0.332994719228,0.149999987963));
#2285 = DIRECTION('',(0.,0.,-1.));
#2286 = DIRECTION('',(1.,0.,0.));
#2287 = ADVANCED_FACE('',(#2288),#2322,.T.);
#2288 = FACE_BOUND('',#2289,.F.);
#2289 = EDGE_LOOP('',(#2290,#2300,#2308,#2316));
#2290 = ORIENTED_EDGE('',*,*,#2291,.F.);
#2291 = EDGE_CURVE('',#2292,#2294,#2296,.T.);
#2292 = VERTEX_POINT('',#2293);
#2293 = CARTESIAN_POINT('',(2.244972524881,-2.099472500603E-02,
    0.149999987963));
#2294 = VERTEX_POINT('',#2295);
#2295 = CARTESIAN_POINT('',(1.801072533101,-2.099472500603E-02,
    0.149999987963));
#2296 = LINE('',#2297,#2298);
#2297 = CARTESIAN_POINT('',(2.244972524881,-2.099472500603E-02,
    0.149999987963));
#2298 = VECTOR('',#2299,1.);
#2299 = DIRECTION('',(-1.,0.,0.));
#2300 = ORIENTED_EDGE('',*,*,#2301,.F.);
#2301 = EDGE_CURVE('',#2302,#2292,#2304,.T.);
#2302 = VERTEX_POINT('',#2303);
#2303 = CARTESIAN_POINT('',(2.244972524881,0.272605269557,0.149999987963
    ));
#2304 = LINE('',#2305,#2306);
#2305 = CARTESIAN_POINT('',(2.244972524881,0.272605269557,0.149999987963
    ));
#2306 = VECTOR('',#2307,1.);
#2307 = DIRECTION('',(0.,-1.,0.));
#2308 = ORIENTED_EDGE('',*,*,#2309,.F.);
#2309 = EDGE_CURVE('',#2310,#2302,#2312,.T.);
#2310 = VERTEX_POINT('',#2311);
#2311 = CARTESIAN_POINT('',(1.801072533101,0.272605269557,0.149999987963
    ));
#2312 = LINE('',#2313,#2314);
#2313 = CARTESIAN_POINT('',(1.801072533101,0.272605269557,0.149999987963
    ));
#2314 = VECTOR('',#2315,1.);
#2315 = DIRECTION('',(1.,0.,0.));
#2316 = ORIENTED_EDGE('',*,*,#2317,.F.);
#2317 = EDGE_CURVE('',#2294,#2310,#2318,.T.);
#2318 = LINE('',#2319,#2320);
#2319 = CARTESIAN_POINT('',(1.801072533101,-2.099472500603E-02,
    0.149999987963));
#2320 = VECTOR('',#2321,1.);
#2321 = DIRECTION('',(0.,1.,0.));
#2322 = PLANE('',#2323);
#2323 = AXIS2_PLACEMENT_3D('',#2324,#2325,#2326);
#2324 = CARTESIAN_POINT('',(0.,-0.332994719228,0.149999987963));
#2325 = DIRECTION('',(0.,0.,-1.));
#2326 = DIRECTION('',(1.,0.,0.));
#2327 = ADVANCED_FACE('',(#2328),#2344,.F.);
#2328 = FACE_BOUND('',#2329,.F.);
#2329 = EDGE_LOOP('',(#2330,#2331,#2337,#2338));
#2330 = ORIENTED_EDGE('',*,*,#702,.F.);
#2331 = ORIENTED_EDGE('',*,*,#2332,.T.);
#2332 = EDGE_CURVE('',#703,#2052,#2333,.T.);
#2333 = LINE('',#2334,#2335);
#2334 = CARTESIAN_POINT('',(0.567299989495,-0.644994713451,
    -9.258973643345E-09));
#2335 = VECTOR('',#2336,1.);
#2336 = DIRECTION('',(0.,0.,1.));
#2337 = ORIENTED_EDGE('',*,*,#2051,.T.);
#2338 = ORIENTED_EDGE('',*,*,#2339,.F.);
#2339 = EDGE_CURVE('',#705,#2054,#2340,.T.);
#2340 = LINE('',#2341,#2342);
#2341 = CARTESIAN_POINT('',(0.567299989495,-0.938594708014,
    -9.258973643345E-09));
#2342 = VECTOR('',#2343,1.);
#2343 = DIRECTION('',(0.,0.,1.));
#2344 = PLANE('',#2345);
#2345 = AXIS2_PLACEMENT_3D('',#2346,#2347,#2348);
#2346 = CARTESIAN_POINT('',(0.567299989495,-0.644994713451,
    -9.258973643345E-09));
#2347 = DIRECTION('',(1.,0.,0.));
#2348 = DIRECTION('',(0.,-1.,0.));
#2349 = ADVANCED_FACE('',(#2350),#2361,.F.);
#2350 = FACE_BOUND('',#2351,.F.);
#2351 = EDGE_LOOP('',(#2352,#2353,#2359,#2360));
#2352 = ORIENTED_EDGE('',*,*,#728,.F.);
#2353 = ORIENTED_EDGE('',*,*,#2354,.T.);
#2354 = EDGE_CURVE('',#721,#2062,#2355,.T.);
#2355 = LINE('',#2356,#2357);
#2356 = CARTESIAN_POINT('',(0.123399997715,-0.644994713451,
    -9.258973643345E-09));
#2357 = VECTOR('',#2358,1.);
#2358 = DIRECTION('',(0.,0.,1.));
#2359 = ORIENTED_EDGE('',*,*,#2061,.T.);
#2360 = ORIENTED_EDGE('',*,*,#2332,.F.);
#2361 = PLANE('',#2362);
#2362 = AXIS2_PLACEMENT_3D('',#2363,#2364,#2365);
#2363 = CARTESIAN_POINT('',(0.123399997715,-0.644994713451,
    -9.258973643345E-09));
#2364 = DIRECTION('',(0.,1.,0.));
#2365 = DIRECTION('',(1.,0.,0.));
#2366 = ADVANCED_FACE('',(#2367),#2378,.F.);
#2367 = FACE_BOUND('',#2368,.F.);
#2368 = EDGE_LOOP('',(#2369,#2370,#2376,#2377));
#2369 = ORIENTED_EDGE('',*,*,#720,.F.);
#2370 = ORIENTED_EDGE('',*,*,#2371,.T.);
#2371 = EDGE_CURVE('',#713,#2070,#2372,.T.);
#2372 = LINE('',#2373,#2374);
#2373 = CARTESIAN_POINT('',(0.123399997715,-0.938594708014,
    -9.258973643345E-09));
#2374 = VECTOR('',#2375,1.);
#2375 = DIRECTION('',(0.,0.,1.));
#2376 = ORIENTED_EDGE('',*,*,#2069,.T.);
#2377 = ORIENTED_EDGE('',*,*,#2354,.F.);
#2378 = PLANE('',#2379);
#2379 = AXIS2_PLACEMENT_3D('',#2380,#2381,#2382);
#2380 = CARTESIAN_POINT('',(0.123399997715,-0.938594708014,
    -9.258973643345E-09));
#2381 = DIRECTION('',(-1.,0.,0.));
#2382 = DIRECTION('',(0.,1.,0.));
#2383 = ADVANCED_FACE('',(#2384),#2390,.F.);
#2384 = FACE_BOUND('',#2385,.F.);
#2385 = EDGE_LOOP('',(#2386,#2387,#2388,#2389));
#2386 = ORIENTED_EDGE('',*,*,#712,.F.);
#2387 = ORIENTED_EDGE('',*,*,#2339,.T.);
#2388 = ORIENTED_EDGE('',*,*,#2077,.T.);
#2389 = ORIENTED_EDGE('',*,*,#2371,.F.);
#2390 = PLANE('',#2391);
#2391 = AXIS2_PLACEMENT_3D('',#2392,#2393,#2394);
#2392 = CARTESIAN_POINT('',(0.567299989495,-0.938594708014,
    -9.258973643345E-09));
#2393 = DIRECTION('',(0.,-1.,0.));
#2394 = DIRECTION('',(-1.,0.,0.));
#2395 = ADVANCED_FACE('',(#2396),#2412,.F.);
#2396 = FACE_BOUND('',#2397,.F.);
#2397 = EDGE_LOOP('',(#2398,#2399,#2405,#2406));
#2398 = ORIENTED_EDGE('',*,*,#736,.F.);
#2399 = ORIENTED_EDGE('',*,*,#2400,.T.);
#2400 = EDGE_CURVE('',#737,#2092,#2401,.T.);
#2401 = LINE('',#2402,#2403);
#2402 = CARTESIAN_POINT('',(-0.567299989495,-2.099472500603E-02,
    -9.258973643345E-09));
#2403 = VECTOR('',#2404,1.);
#2404 = DIRECTION('',(0.,0.,1.));
#2405 = ORIENTED_EDGE('',*,*,#2091,.T.);
#2406 = ORIENTED_EDGE('',*,*,#2407,.F.);
#2407 = EDGE_CURVE('',#739,#2094,#2408,.T.);
#2408 = LINE('',#2409,#2410);
#2409 = CARTESIAN_POINT('',(-0.567299989495,0.272605269557,
    -9.258973643345E-09));
#2410 = VECTOR('',#2411,1.);
#2411 = DIRECTION('',(0.,0.,1.));
#2412 = PLANE('',#2413);
#2413 = AXIS2_PLACEMENT_3D('',#2414,#2415,#2416);
#2414 = CARTESIAN_POINT('',(-0.567299989495,-2.099472500603E-02,
    -9.258973643345E-09));
#2415 = DIRECTION('',(-1.,0.,0.));
#2416 = DIRECTION('',(0.,1.,0.));
#2417 = ADVANCED_FACE('',(#2418),#2429,.F.);
#2418 = FACE_BOUND('',#2419,.F.);
#2419 = EDGE_LOOP('',(#2420,#2421,#2427,#2428));
#2420 = ORIENTED_EDGE('',*,*,#762,.F.);
#2421 = ORIENTED_EDGE('',*,*,#2422,.T.);
#2422 = EDGE_CURVE('',#755,#2102,#2423,.T.);
#2423 = LINE('',#2424,#2425);
#2424 = CARTESIAN_POINT('',(-0.123399997715,-2.099472500603E-02,
    -9.258973643345E-09));
#2425 = VECTOR('',#2426,1.);
#2426 = DIRECTION('',(0.,0.,1.));
#2427 = ORIENTED_EDGE('',*,*,#2101,.T.);
#2428 = ORIENTED_EDGE('',*,*,#2400,.F.);
#2429 = PLANE('',#2430);
#2430 = AXIS2_PLACEMENT_3D('',#2431,#2432,#2433);
#2431 = CARTESIAN_POINT('',(-0.123399997715,-2.099472500603E-02,
    -9.258973643345E-09));
#2432 = DIRECTION('',(0.,-1.,0.));
#2433 = DIRECTION('',(-1.,0.,0.));
#2434 = ADVANCED_FACE('',(#2435),#2446,.F.);
#2435 = FACE_BOUND('',#2436,.F.);
#2436 = EDGE_LOOP('',(#2437,#2438,#2444,#2445));
#2437 = ORIENTED_EDGE('',*,*,#754,.F.);
#2438 = ORIENTED_EDGE('',*,*,#2439,.T.);
#2439 = EDGE_CURVE('',#747,#2110,#2440,.T.);
#2440 = LINE('',#2441,#2442);
#2441 = CARTESIAN_POINT('',(-0.123399997715,0.272605269557,
    -9.258973643345E-09));
#2442 = VECTOR('',#2443,1.);
#2443 = DIRECTION('',(0.,0.,1.));
#2444 = ORIENTED_EDGE('',*,*,#2109,.T.);
#2445 = ORIENTED_EDGE('',*,*,#2422,.F.);
#2446 = PLANE('',#2447);
#2447 = AXIS2_PLACEMENT_3D('',#2448,#2449,#2450);
#2448 = CARTESIAN_POINT('',(-0.123399997715,0.272605269557,
    -9.258973643345E-09));
#2449 = DIRECTION('',(1.,0.,0.));
#2450 = DIRECTION('',(0.,-1.,0.));
#2451 = ADVANCED_FACE('',(#2452),#2458,.F.);
#2452 = FACE_BOUND('',#2453,.F.);
#2453 = EDGE_LOOP('',(#2454,#2455,#2456,#2457));
#2454 = ORIENTED_EDGE('',*,*,#746,.F.);
#2455 = ORIENTED_EDGE('',*,*,#2407,.T.);
#2456 = ORIENTED_EDGE('',*,*,#2117,.T.);
#2457 = ORIENTED_EDGE('',*,*,#2439,.F.);
#2458 = PLANE('',#2459);
#2459 = AXIS2_PLACEMENT_3D('',#2460,#2461,#2462);
#2460 = CARTESIAN_POINT('',(-0.567299989495,0.272605269557,
    -9.258973643345E-09));
#2461 = DIRECTION('',(0.,1.,0.));
#2462 = DIRECTION('',(1.,0.,0.));
#2463 = ADVANCED_FACE('',(#2464),#2480,.F.);
#2464 = FACE_BOUND('',#2465,.F.);
#2465 = EDGE_LOOP('',(#2466,#2467,#2473,#2474));
#2466 = ORIENTED_EDGE('',*,*,#770,.F.);
#2467 = ORIENTED_EDGE('',*,*,#2468,.T.);
#2468 = EDGE_CURVE('',#771,#2132,#2469,.T.);
#2469 = LINE('',#2470,#2471);
#2470 = CARTESIAN_POINT('',(0.567299989495,-2.099472500603E-02,
    -9.258973643345E-09));
#2471 = VECTOR('',#2472,1.);
#2472 = DIRECTION('',(0.,0.,1.));
#2473 = ORIENTED_EDGE('',*,*,#2131,.T.);
#2474 = ORIENTED_EDGE('',*,*,#2475,.F.);
#2475 = EDGE_CURVE('',#773,#2134,#2476,.T.);
#2476 = LINE('',#2477,#2478);
#2477 = CARTESIAN_POINT('',(0.123399997715,-2.099472500603E-02,
    -9.258973643345E-09));
#2478 = VECTOR('',#2479,1.);
#2479 = DIRECTION('',(0.,0.,1.));
#2480 = PLANE('',#2481);
#2481 = AXIS2_PLACEMENT_3D('',#2482,#2483,#2484);
#2482 = CARTESIAN_POINT('',(0.567299989495,-2.099472500603E-02,
    -9.258973643345E-09));
#2483 = DIRECTION('',(0.,-1.,0.));
#2484 = DIRECTION('',(-1.,0.,0.));
#2485 = ADVANCED_FACE('',(#2486),#2497,.F.);
#2486 = FACE_BOUND('',#2487,.F.);
#2487 = EDGE_LOOP('',(#2488,#2489,#2495,#2496));
#2488 = ORIENTED_EDGE('',*,*,#796,.F.);
#2489 = ORIENTED_EDGE('',*,*,#2490,.T.);
#2490 = EDGE_CURVE('',#789,#2142,#2491,.T.);
#2491 = LINE('',#2492,#2493);
#2492 = CARTESIAN_POINT('',(0.567299989495,0.272605269557,
    -9.258973643345E-09));
#2493 = VECTOR('',#2494,1.);
#2494 = DIRECTION('',(0.,0.,1.));
#2495 = ORIENTED_EDGE('',*,*,#2141,.T.);
#2496 = ORIENTED_EDGE('',*,*,#2468,.F.);
#2497 = PLANE('',#2498);
#2498 = AXIS2_PLACEMENT_3D('',#2499,#2500,#2501);
#2499 = CARTESIAN_POINT('',(0.567299989495,0.272605269557,
    -9.258973643345E-09));
#2500 = DIRECTION('',(1.,0.,0.));
#2501 = DIRECTION('',(0.,-1.,0.));
#2502 = ADVANCED_FACE('',(#2503),#2514,.F.);
#2503 = FACE_BOUND('',#2504,.F.);
#2504 = EDGE_LOOP('',(#2505,#2506,#2512,#2513));
#2505 = ORIENTED_EDGE('',*,*,#788,.F.);
#2506 = ORIENTED_EDGE('',*,*,#2507,.T.);
#2507 = EDGE_CURVE('',#781,#2150,#2508,.T.);
#2508 = LINE('',#2509,#2510);
#2509 = CARTESIAN_POINT('',(0.123399997715,0.272605269557,
    -9.258973643345E-09));
#2510 = VECTOR('',#2511,1.);
#2511 = DIRECTION('',(0.,0.,1.));
#2512 = ORIENTED_EDGE('',*,*,#2149,.T.);
#2513 = ORIENTED_EDGE('',*,*,#2490,.F.);
#2514 = PLANE('',#2515);
#2515 = AXIS2_PLACEMENT_3D('',#2516,#2517,#2518);
#2516 = CARTESIAN_POINT('',(0.123399997715,0.272605269557,
    -9.258973643345E-09));
#2517 = DIRECTION('',(0.,1.,0.));
#2518 = DIRECTION('',(1.,0.,0.));
#2519 = ADVANCED_FACE('',(#2520),#2526,.F.);
#2520 = FACE_BOUND('',#2521,.F.);
#2521 = EDGE_LOOP('',(#2522,#2523,#2524,#2525));
#2522 = ORIENTED_EDGE('',*,*,#780,.F.);
#2523 = ORIENTED_EDGE('',*,*,#2475,.T.);
#2524 = ORIENTED_EDGE('',*,*,#2157,.T.);
#2525 = ORIENTED_EDGE('',*,*,#2507,.F.);
#2526 = PLANE('',#2527);
#2527 = AXIS2_PLACEMENT_3D('',#2528,#2529,#2530);
#2528 = CARTESIAN_POINT('',(0.123399997715,-2.099472500603E-02,
    -9.258973643345E-09));
#2529 = DIRECTION('',(-1.,0.,0.));
#2530 = DIRECTION('',(0.,1.,0.));
#2531 = ADVANCED_FACE('',(#2532),#2548,.F.);
#2532 = FACE_BOUND('',#2533,.F.);
#2533 = EDGE_LOOP('',(#2534,#2535,#2541,#2542));
#2534 = ORIENTED_EDGE('',*,*,#804,.F.);
#2535 = ORIENTED_EDGE('',*,*,#2536,.T.);
#2536 = EDGE_CURVE('',#805,#2172,#2537,.T.);
#2537 = LINE('',#2538,#2539);
#2538 = CARTESIAN_POINT('',(-2.244972524881,-0.644994713451,
    -9.258973643345E-09));
#2539 = VECTOR('',#2540,1.);
#2540 = DIRECTION('',(0.,0.,1.));
#2541 = ORIENTED_EDGE('',*,*,#2171,.T.);
#2542 = ORIENTED_EDGE('',*,*,#2543,.F.);
#2543 = EDGE_CURVE('',#807,#2174,#2544,.T.);
#2544 = LINE('',#2545,#2546);
#2545 = CARTESIAN_POINT('',(-1.801072533101,-0.644994713451,
    -9.258973643345E-09));
#2546 = VECTOR('',#2547,1.);
#2547 = DIRECTION('',(0.,0.,1.));
#2548 = PLANE('',#2549);
#2549 = AXIS2_PLACEMENT_3D('',#2550,#2551,#2552);
#2550 = CARTESIAN_POINT('',(-2.244972524881,-0.644994713451,
    -9.258973643345E-09));
#2551 = DIRECTION('',(0.,1.,0.));
#2552 = DIRECTION('',(1.,0.,0.));
#2553 = ADVANCED_FACE('',(#2554),#2565,.F.);
#2554 = FACE_BOUND('',#2555,.F.);
#2555 = EDGE_LOOP('',(#2556,#2557,#2563,#2564));
#2556 = ORIENTED_EDGE('',*,*,#830,.F.);
#2557 = ORIENTED_EDGE('',*,*,#2558,.T.);
#2558 = EDGE_CURVE('',#823,#2182,#2559,.T.);
#2559 = LINE('',#2560,#2561);
#2560 = CARTESIAN_POINT('',(-2.244972524881,-0.938594708014,
    -9.258973643345E-09));
#2561 = VECTOR('',#2562,1.);
#2562 = DIRECTION('',(0.,0.,1.));
#2563 = ORIENTED_EDGE('',*,*,#2181,.T.);
#2564 = ORIENTED_EDGE('',*,*,#2536,.F.);
#2565 = PLANE('',#2566);
#2566 = AXIS2_PLACEMENT_3D('',#2567,#2568,#2569);
#2567 = CARTESIAN_POINT('',(-2.244972524881,-0.938594708014,
    -9.258973643345E-09));
#2568 = DIRECTION('',(-1.,0.,0.));
#2569 = DIRECTION('',(0.,1.,0.));
#2570 = ADVANCED_FACE('',(#2571),#2582,.F.);
#2571 = FACE_BOUND('',#2572,.F.);
#2572 = EDGE_LOOP('',(#2573,#2574,#2580,#2581));
#2573 = ORIENTED_EDGE('',*,*,#822,.F.);
#2574 = ORIENTED_EDGE('',*,*,#2575,.T.);
#2575 = EDGE_CURVE('',#815,#2190,#2576,.T.);
#2576 = LINE('',#2577,#2578);
#2577 = CARTESIAN_POINT('',(-1.801072533101,-0.938594708014,
    -9.258973643345E-09));
#2578 = VECTOR('',#2579,1.);
#2579 = DIRECTION('',(0.,0.,1.));
#2580 = ORIENTED_EDGE('',*,*,#2189,.T.);
#2581 = ORIENTED_EDGE('',*,*,#2558,.F.);
#2582 = PLANE('',#2583);
#2583 = AXIS2_PLACEMENT_3D('',#2584,#2585,#2586);
#2584 = CARTESIAN_POINT('',(-1.801072533101,-0.938594708014,
    -9.258973643345E-09));
#2585 = DIRECTION('',(0.,-1.,0.));
#2586 = DIRECTION('',(-1.,0.,0.));
#2587 = ADVANCED_FACE('',(#2588),#2594,.F.);
#2588 = FACE_BOUND('',#2589,.F.);
#2589 = EDGE_LOOP('',(#2590,#2591,#2592,#2593));
#2590 = ORIENTED_EDGE('',*,*,#814,.F.);
#2591 = ORIENTED_EDGE('',*,*,#2543,.T.);
#2592 = ORIENTED_EDGE('',*,*,#2197,.T.);
#2593 = ORIENTED_EDGE('',*,*,#2575,.F.);
#2594 = PLANE('',#2595);
#2595 = AXIS2_PLACEMENT_3D('',#2596,#2597,#2598);
#2596 = CARTESIAN_POINT('',(-1.801072533101,-0.644994713451,
    -9.258973643345E-09));
#2597 = DIRECTION('',(1.,0.,0.));
#2598 = DIRECTION('',(0.,-1.,0.));
#2599 = ADVANCED_FACE('',(#2600),#2616,.F.);
#2600 = FACE_BOUND('',#2601,.F.);
#2601 = EDGE_LOOP('',(#2602,#2603,#2609,#2610));
#2602 = ORIENTED_EDGE('',*,*,#838,.F.);
#2603 = ORIENTED_EDGE('',*,*,#2604,.T.);
#2604 = EDGE_CURVE('',#839,#2212,#2605,.T.);
#2605 = LINE('',#2606,#2607);
#2606 = CARTESIAN_POINT('',(-2.244972524881,-2.099472500603E-02,
    -9.258973643345E-09));
#2607 = VECTOR('',#2608,1.);
#2608 = DIRECTION('',(0.,0.,1.));
#2609 = ORIENTED_EDGE('',*,*,#2211,.T.);
#2610 = ORIENTED_EDGE('',*,*,#2611,.F.);
#2611 = EDGE_CURVE('',#841,#2214,#2612,.T.);
#2612 = LINE('',#2613,#2614);
#2613 = CARTESIAN_POINT('',(-2.244972524881,0.272605269557,
    -9.258973643345E-09));
#2614 = VECTOR('',#2615,1.);
#2615 = DIRECTION('',(0.,0.,1.));
#2616 = PLANE('',#2617);
#2617 = AXIS2_PLACEMENT_3D('',#2618,#2619,#2620);
#2618 = CARTESIAN_POINT('',(-2.244972524881,-2.099472500603E-02,
    -9.258973643345E-09));
#2619 = DIRECTION('',(-1.,0.,0.));
#2620 = DIRECTION('',(0.,1.,0.));
#2621 = ADVANCED_FACE('',(#2622),#2633,.F.);
#2622 = FACE_BOUND('',#2623,.F.);
#2623 = EDGE_LOOP('',(#2624,#2625,#2631,#2632));
#2624 = ORIENTED_EDGE('',*,*,#864,.F.);
#2625 = ORIENTED_EDGE('',*,*,#2626,.T.);
#2626 = EDGE_CURVE('',#857,#2222,#2627,.T.);
#2627 = LINE('',#2628,#2629);
#2628 = CARTESIAN_POINT('',(-1.801072533101,-2.099472500603E-02,
    -9.258973643345E-09));
#2629 = VECTOR('',#2630,1.);
#2630 = DIRECTION('',(0.,0.,1.));
#2631 = ORIENTED_EDGE('',*,*,#2221,.T.);
#2632 = ORIENTED_EDGE('',*,*,#2604,.F.);
#2633 = PLANE('',#2634);
#2634 = AXIS2_PLACEMENT_3D('',#2635,#2636,#2637);
#2635 = CARTESIAN_POINT('',(-1.801072533101,-2.099472500603E-02,
    -9.258973643345E-09));
#2636 = DIRECTION('',(0.,-1.,0.));
#2637 = DIRECTION('',(-1.,0.,0.));
#2638 = ADVANCED_FACE('',(#2639),#2650,.F.);
#2639 = FACE_BOUND('',#2640,.F.);
#2640 = EDGE_LOOP('',(#2641,#2642,#2648,#2649));
#2641 = ORIENTED_EDGE('',*,*,#856,.F.);
#2642 = ORIENTED_EDGE('',*,*,#2643,.T.);
#2643 = EDGE_CURVE('',#849,#2230,#2644,.T.);
#2644 = LINE('',#2645,#2646);
#2645 = CARTESIAN_POINT('',(-1.801072533101,0.272605269557,
    -9.258973643345E-09));
#2646 = VECTOR('',#2647,1.);
#2647 = DIRECTION('',(0.,0.,1.));
#2648 = ORIENTED_EDGE('',*,*,#2229,.T.);
#2649 = ORIENTED_EDGE('',*,*,#2626,.F.);
#2650 = PLANE('',#2651);
#2651 = AXIS2_PLACEMENT_3D('',#2652,#2653,#2654);
#2652 = CARTESIAN_POINT('',(-1.801072533101,0.272605269557,
    -9.258973643345E-09));
#2653 = DIRECTION('',(1.,0.,0.));
#2654 = DIRECTION('',(0.,-1.,0.));
#2655 = ADVANCED_FACE('',(#2656),#2662,.F.);
#2656 = FACE_BOUND('',#2657,.F.);
#2657 = EDGE_LOOP('',(#2658,#2659,#2660,#2661));
#2658 = ORIENTED_EDGE('',*,*,#848,.F.);
#2659 = ORIENTED_EDGE('',*,*,#2611,.T.);
#2660 = ORIENTED_EDGE('',*,*,#2237,.T.);
#2661 = ORIENTED_EDGE('',*,*,#2643,.F.);
#2662 = PLANE('',#2663);
#2663 = AXIS2_PLACEMENT_3D('',#2664,#2665,#2666);
#2664 = CARTESIAN_POINT('',(-2.244972524881,0.272605269557,
    -9.258973643345E-09));
#2665 = DIRECTION('',(0.,1.,0.));
#2666 = DIRECTION('',(1.,0.,0.));
#2667 = ADVANCED_FACE('',(#2668),#2684,.F.);
#2668 = FACE_BOUND('',#2669,.F.);
#2669 = EDGE_LOOP('',(#2670,#2671,#2677,#2678));
#2670 = ORIENTED_EDGE('',*,*,#872,.F.);
#2671 = ORIENTED_EDGE('',*,*,#2672,.T.);
#2672 = EDGE_CURVE('',#873,#2252,#2673,.T.);
#2673 = LINE('',#2674,#2675);
#2674 = CARTESIAN_POINT('',(2.244972524881,-0.644994713451,
    -9.258973643345E-09));
#2675 = VECTOR('',#2676,1.);
#2676 = DIRECTION('',(0.,0.,1.));
#2677 = ORIENTED_EDGE('',*,*,#2251,.T.);
#2678 = ORIENTED_EDGE('',*,*,#2679,.F.);
#2679 = EDGE_CURVE('',#875,#2254,#2680,.T.);
#2680 = LINE('',#2681,#2682);
#2681 = CARTESIAN_POINT('',(2.244972524881,-0.938594708014,
    -9.258973643345E-09));
#2682 = VECTOR('',#2683,1.);
#2683 = DIRECTION('',(0.,0.,1.));
#2684 = PLANE('',#2685);
#2685 = AXIS2_PLACEMENT_3D('',#2686,#2687,#2688);
#2686 = CARTESIAN_POINT('',(2.244972524881,-0.644994713451,
    -9.258973643345E-09));
#2687 = DIRECTION('',(1.,0.,0.));
#2688 = DIRECTION('',(0.,-1.,0.));
#2689 = ADVANCED_FACE('',(#2690),#2701,.F.);
#2690 = FACE_BOUND('',#2691,.F.);
#2691 = EDGE_LOOP('',(#2692,#2693,#2699,#2700));
#2692 = ORIENTED_EDGE('',*,*,#898,.F.);
#2693 = ORIENTED_EDGE('',*,*,#2694,.T.);
#2694 = EDGE_CURVE('',#891,#2262,#2695,.T.);
#2695 = LINE('',#2696,#2697);
#2696 = CARTESIAN_POINT('',(1.801072533101,-0.644994713451,
    -9.258973643345E-09));
#2697 = VECTOR('',#2698,1.);
#2698 = DIRECTION('',(0.,0.,1.));
#2699 = ORIENTED_EDGE('',*,*,#2261,.T.);
#2700 = ORIENTED_EDGE('',*,*,#2672,.F.);
#2701 = PLANE('',#2702);
#2702 = AXIS2_PLACEMENT_3D('',#2703,#2704,#2705);
#2703 = CARTESIAN_POINT('',(1.801072533101,-0.644994713451,
    -9.258973643345E-09));
#2704 = DIRECTION('',(0.,1.,0.));
#2705 = DIRECTION('',(1.,0.,0.));
#2706 = ADVANCED_FACE('',(#2707),#2718,.F.);
#2707 = FACE_BOUND('',#2708,.F.);
#2708 = EDGE_LOOP('',(#2709,#2710,#2716,#2717));
#2709 = ORIENTED_EDGE('',*,*,#890,.F.);
#2710 = ORIENTED_EDGE('',*,*,#2711,.T.);
#2711 = EDGE_CURVE('',#883,#2270,#2712,.T.);
#2712 = LINE('',#2713,#2714);
#2713 = CARTESIAN_POINT('',(1.801072533101,-0.938594708014,
    -9.258973643345E-09));
#2714 = VECTOR('',#2715,1.);
#2715 = DIRECTION('',(0.,0.,1.));
#2716 = ORIENTED_EDGE('',*,*,#2269,.T.);
#2717 = ORIENTED_EDGE('',*,*,#2694,.F.);
#2718 = PLANE('',#2719);
#2719 = AXIS2_PLACEMENT_3D('',#2720,#2721,#2722);
#2720 = CARTESIAN_POINT('',(1.801072533101,-0.938594708014,
    -9.258973643345E-09));
#2721 = DIRECTION('',(-1.,0.,0.));
#2722 = DIRECTION('',(0.,1.,0.));
#2723 = ADVANCED_FACE('',(#2724),#2730,.F.);
#2724 = FACE_BOUND('',#2725,.F.);
#2725 = EDGE_LOOP('',(#2726,#2727,#2728,#2729));
#2726 = ORIENTED_EDGE('',*,*,#882,.F.);
#2727 = ORIENTED_EDGE('',*,*,#2679,.T.);
#2728 = ORIENTED_EDGE('',*,*,#2277,.T.);
#2729 = ORIENTED_EDGE('',*,*,#2711,.F.);
#2730 = PLANE('',#2731);
#2731 = AXIS2_PLACEMENT_3D('',#2732,#2733,#2734);
#2732 = CARTESIAN_POINT('',(2.244972524881,-0.938594708014,
    -9.258973643345E-09));
#2733 = DIRECTION('',(0.,-1.,0.));
#2734 = DIRECTION('',(-1.,0.,0.));
#2735 = ADVANCED_FACE('',(#2736),#2752,.F.);
#2736 = FACE_BOUND('',#2737,.F.);
#2737 = EDGE_LOOP('',(#2738,#2739,#2745,#2746));
#2738 = ORIENTED_EDGE('',*,*,#906,.F.);
#2739 = ORIENTED_EDGE('',*,*,#2740,.T.);
#2740 = EDGE_CURVE('',#907,#2292,#2741,.T.);
#2741 = LINE('',#2742,#2743);
#2742 = CARTESIAN_POINT('',(2.244972524881,-2.099472500603E-02,
    -9.258973643345E-09));
#2743 = VECTOR('',#2744,1.);
#2744 = DIRECTION('',(0.,0.,1.));
#2745 = ORIENTED_EDGE('',*,*,#2291,.T.);
#2746 = ORIENTED_EDGE('',*,*,#2747,.F.);
#2747 = EDGE_CURVE('',#909,#2294,#2748,.T.);
#2748 = LINE('',#2749,#2750);
#2749 = CARTESIAN_POINT('',(1.801072533101,-2.099472500603E-02,
    -9.258973643345E-09));
#2750 = VECTOR('',#2751,1.);
#2751 = DIRECTION('',(0.,0.,1.));
#2752 = PLANE('',#2753);
#2753 = AXIS2_PLACEMENT_3D('',#2754,#2755,#2756);
#2754 = CARTESIAN_POINT('',(2.244972524881,-2.099472500603E-02,
    -9.258973643345E-09));
#2755 = DIRECTION('',(0.,-1.,0.));
#2756 = DIRECTION('',(-1.,0.,0.));
#2757 = ADVANCED_FACE('',(#2758),#2769,.F.);
#2758 = FACE_BOUND('',#2759,.F.);
#2759 = EDGE_LOOP('',(#2760,#2761,#2767,#2768));
#2760 = ORIENTED_EDGE('',*,*,#932,.F.);
#2761 = ORIENTED_EDGE('',*,*,#2762,.T.);
#2762 = EDGE_CURVE('',#925,#2302,#2763,.T.);
#2763 = LINE('',#2764,#2765);
#2764 = CARTESIAN_POINT('',(2.244972524881,0.272605269557,
    -9.258973643345E-09));
#2765 = VECTOR('',#2766,1.);
#2766 = DIRECTION('',(0.,0.,1.));
#2767 = ORIENTED_EDGE('',*,*,#2301,.T.);
#2768 = ORIENTED_EDGE('',*,*,#2740,.F.);
#2769 = PLANE('',#2770);
#2770 = AXIS2_PLACEMENT_3D('',#2771,#2772,#2773);
#2771 = CARTESIAN_POINT('',(2.244972524881,0.272605269557,
    -9.258973643345E-09));
#2772 = DIRECTION('',(1.,0.,0.));
#2773 = DIRECTION('',(0.,-1.,0.));
#2774 = ADVANCED_FACE('',(#2775),#2786,.F.);
#2775 = FACE_BOUND('',#2776,.F.);
#2776 = EDGE_LOOP('',(#2777,#2778,#2784,#2785));
#2777 = ORIENTED_EDGE('',*,*,#924,.F.);
#2778 = ORIENTED_EDGE('',*,*,#2779,.T.);
#2779 = EDGE_CURVE('',#917,#2310,#2780,.T.);
#2780 = LINE('',#2781,#2782);
#2781 = CARTESIAN_POINT('',(1.801072533101,0.272605269557,
    -9.258973643345E-09));
#2782 = VECTOR('',#2783,1.);
#2783 = DIRECTION('',(0.,0.,1.));
#2784 = ORIENTED_EDGE('',*,*,#2309,.T.);
#2785 = ORIENTED_EDGE('',*,*,#2762,.F.);
#2786 = PLANE('',#2787);
#2787 = AXIS2_PLACEMENT_3D('',#2788,#2789,#2790);
#2788 = CARTESIAN_POINT('',(1.801072533101,0.272605269557,
    -9.258973643345E-09));
#2789 = DIRECTION('',(0.,1.,0.));
#2790 = DIRECTION('',(1.,0.,0.));
#2791 = ADVANCED_FACE('',(#2792),#2798,.F.);
#2792 = FACE_BOUND('',#2793,.F.);
#2793 = EDGE_LOOP('',(#2794,#2795,#2796,#2797));
#2794 = ORIENTED_EDGE('',*,*,#916,.F.);
#2795 = ORIENTED_EDGE('',*,*,#2747,.T.);
#2796 = ORIENTED_EDGE('',*,*,#2317,.T.);
#2797 = ORIENTED_EDGE('',*,*,#2779,.F.);
#2798 = PLANE('',#2799);
#2799 = AXIS2_PLACEMENT_3D('',#2800,#2801,#2802);
#2800 = CARTESIAN_POINT('',(1.801072533101,-2.099472500603E-02,
    -9.258973643345E-09));
#2801 = DIRECTION('',(-1.,0.,0.));
#2802 = DIRECTION('',(0.,1.,0.));
#2803 = ADVANCED_FACE('',(#2804),#2978,.T.);
#2804 = FACE_BOUND('',#2805,.F.);
#2805 = EDGE_LOOP('',(#2806,#2814,#2822,#2828,#2829,#2837,#2845,#2851,
    #2852,#2860,#2868,#2874,#2875,#2883,#2891,#2899,#2907,#2915,#2923,
    #2931,#2939,#2947,#2955,#2963,#2971,#2977));
#2806 = ORIENTED_EDGE('',*,*,#2807,.T.);
#2807 = EDGE_CURVE('',#557,#2808,#2810,.T.);
#2808 = VERTEX_POINT('',#2809);
#2809 = CARTESIAN_POINT('',(-1.199999977778,1.042005255309,
    0.144192690994));
#2810 = LINE('',#2811,#2812);
#2811 = CARTESIAN_POINT('',(-1.199999977778,1.042005255309,
    -9.258973643345E-09));
#2812 = VECTOR('',#2813,1.);
#2813 = DIRECTION('',(0.,0.,1.));
#2814 = ORIENTED_EDGE('',*,*,#2815,.T.);
#2815 = EDGE_CURVE('',#2808,#2816,#2818,.T.);
#2816 = VERTEX_POINT('',#2817);
#2817 = CARTESIAN_POINT('',(-0.799999985186,1.042005255309,
    0.144192690994));
#2818 = LINE('',#2819,#2820);
#2819 = CARTESIAN_POINT('',(-1.199999977778,1.042005255309,
    0.144192690994));
#2820 = VECTOR('',#2821,1.);
#2821 = DIRECTION('',(1.,0.,0.));
#2822 = ORIENTED_EDGE('',*,*,#2823,.F.);
#2823 = EDGE_CURVE('',#549,#2816,#2824,.T.);
#2824 = LINE('',#2825,#2826);
#2825 = CARTESIAN_POINT('',(-0.799999985186,1.042005255309,
    -9.258973643345E-09));
#2826 = VECTOR('',#2827,1.);
#2827 = DIRECTION('',(0.,0.,1.));
#2828 = ORIENTED_EDGE('',*,*,#546,.F.);
#2829 = ORIENTED_EDGE('',*,*,#2830,.T.);
#2830 = EDGE_CURVE('',#547,#2831,#2833,.T.);
#2831 = VERTEX_POINT('',#2832);
#2832 = CARTESIAN_POINT('',(-0.199999996296,1.042005255309,
    0.144192690994));
#2833 = LINE('',#2834,#2835);
#2834 = CARTESIAN_POINT('',(-0.199999996296,1.042005255309,
    -9.258973643345E-09));
#2835 = VECTOR('',#2836,1.);
#2836 = DIRECTION('',(0.,0.,1.));
#2837 = ORIENTED_EDGE('',*,*,#2838,.T.);
#2838 = EDGE_CURVE('',#2831,#2839,#2841,.T.);
#2839 = VERTEX_POINT('',#2840);
#2840 = CARTESIAN_POINT('',(0.199999996296,1.042005255309,0.144192690994
    ));
#2841 = LINE('',#2842,#2843);
#2842 = CARTESIAN_POINT('',(-0.199999996296,1.042005255309,
    0.144192690994));
#2843 = VECTOR('',#2844,1.);
#2844 = DIRECTION('',(1.,0.,0.));
#2845 = ORIENTED_EDGE('',*,*,#2846,.F.);
#2846 = EDGE_CURVE('',#613,#2839,#2847,.T.);
#2847 = LINE('',#2848,#2849);
#2848 = CARTESIAN_POINT('',(0.199999996296,1.042005255309,
    -9.258973643345E-09));
#2849 = VECTOR('',#2850,1.);
#2850 = DIRECTION('',(0.,0.,1.));
#2851 = ORIENTED_EDGE('',*,*,#612,.F.);
#2852 = ORIENTED_EDGE('',*,*,#2853,.T.);
#2853 = EDGE_CURVE('',#605,#2854,#2856,.T.);
#2854 = VERTEX_POINT('',#2855);
#2855 = CARTESIAN_POINT('',(0.799999985186,1.042005255309,0.144192690994
    ));
#2856 = LINE('',#2857,#2858);
#2857 = CARTESIAN_POINT('',(0.799999985186,1.042005255309,
    -9.258973643345E-09));
#2858 = VECTOR('',#2859,1.);
#2859 = DIRECTION('',(0.,0.,1.));
#2860 = ORIENTED_EDGE('',*,*,#2861,.T.);
#2861 = EDGE_CURVE('',#2854,#2862,#2864,.T.);
#2862 = VERTEX_POINT('',#2863);
#2863 = CARTESIAN_POINT('',(1.199999977778,1.042005255309,0.144192690994
    ));
#2864 = LINE('',#2865,#2866);
#2865 = CARTESIAN_POINT('',(0.799999985186,1.042005255309,0.144192690994
    ));
#2866 = VECTOR('',#2867,1.);
#2867 = DIRECTION('',(1.,0.,0.));
#2868 = ORIENTED_EDGE('',*,*,#2869,.F.);
#2869 = EDGE_CURVE('',#597,#2862,#2870,.T.);
#2870 = LINE('',#2871,#2872);
#2871 = CARTESIAN_POINT('',(1.199999977778,1.042005255309,
    -9.258973643345E-09));
#2872 = VECTOR('',#2873,1.);
#2873 = DIRECTION('',(0.,0.,1.));
#2874 = ORIENTED_EDGE('',*,*,#596,.F.);
#2875 = ORIENTED_EDGE('',*,*,#2876,.T.);
#2876 = EDGE_CURVE('',#589,#2877,#2879,.T.);
#2877 = VERTEX_POINT('',#2878);
#2878 = CARTESIAN_POINT('',(2.329999956853,1.042005255309,0.799999975927
    ));
#2879 = LINE('',#2880,#2881);
#2880 = CARTESIAN_POINT('',(2.329999956853,1.042005255309,
    -9.258973643345E-09));
#2881 = VECTOR('',#2882,1.);
#2882 = DIRECTION('',(0.,0.,1.));
#2883 = ORIENTED_EDGE('',*,*,#2884,.F.);
#2884 = EDGE_CURVE('',#2885,#2877,#2887,.T.);
#2885 = VERTEX_POINT('',#2886);
#2886 = CARTESIAN_POINT('',(2.499999953705,1.042005255309,0.799999975927
    ));
#2887 = LINE('',#2888,#2889);
#2888 = CARTESIAN_POINT('',(2.499999953705,1.042005255309,0.799999975927
    ));
#2889 = VECTOR('',#2890,1.);
#2890 = DIRECTION('',(-1.,0.,0.));
#2891 = ORIENTED_EDGE('',*,*,#2892,.T.);
#2892 = EDGE_CURVE('',#2885,#2893,#2895,.T.);
#2893 = VERTEX_POINT('',#2894);
#2894 = CARTESIAN_POINT('',(2.499999953705,1.042005255309,0.999999972223
    ));
#2895 = LINE('',#2896,#2897);
#2896 = CARTESIAN_POINT('',(2.499999953705,1.042005255309,0.799999975927
    ));
#2897 = VECTOR('',#2898,1.);
#2898 = DIRECTION('',(0.,0.,1.));
#2899 = ORIENTED_EDGE('',*,*,#2900,.F.);
#2900 = EDGE_CURVE('',#2901,#2893,#2903,.T.);
#2901 = VERTEX_POINT('',#2902);
#2902 = CARTESIAN_POINT('',(2.299999957409,1.042005255309,1.399999964816
    ));
#2903 = LINE('',#2904,#2905);
#2904 = CARTESIAN_POINT('',(2.299999957409,1.042005255309,1.399999964816
    ));
#2905 = VECTOR('',#2906,1.);
#2906 = DIRECTION('',(0.4472135955,0.,-0.894427191));
#2907 = ORIENTED_EDGE('',*,*,#2908,.T.);
#2908 = EDGE_CURVE('',#2901,#2909,#2911,.T.);
#2909 = VERTEX_POINT('',#2910);
#2910 = CARTESIAN_POINT('',(2.099999961112,1.042005255309,1.399999964816
    ));
#2911 = LINE('',#2912,#2913);
#2912 = CARTESIAN_POINT('',(2.299999957409,1.042005255309,1.399999964816
    ));
#2913 = VECTOR('',#2914,1.);
#2914 = DIRECTION('',(-1.,0.,0.));
#2915 = ORIENTED_EDGE('',*,*,#2916,.T.);
#2916 = EDGE_CURVE('',#2909,#2917,#2919,.T.);
#2917 = VERTEX_POINT('',#2918);
#2918 = CARTESIAN_POINT('',(2.099999961112,1.042005255309,1.229999967964
    ));
#2919 = LINE('',#2920,#2921);
#2920 = CARTESIAN_POINT('',(2.099999961112,1.042005255309,1.399999964816
    ));
#2921 = VECTOR('',#2922,1.);
#2922 = DIRECTION('',(0.,0.,-1.));
#2923 = ORIENTED_EDGE('',*,*,#2924,.T.);
#2924 = EDGE_CURVE('',#2917,#2925,#2927,.T.);
#2925 = VERTEX_POINT('',#2926);
#2926 = CARTESIAN_POINT('',(-2.099999961112,1.042005255309,
    1.229999967964));
#2927 = LINE('',#2928,#2929);
#2928 = CARTESIAN_POINT('',(2.099999961112,1.042005255309,1.229999967964
    ));
#2929 = VECTOR('',#2930,1.);
#2930 = DIRECTION('',(-1.,0.,0.));
#2931 = ORIENTED_EDGE('',*,*,#2932,.F.);
#2932 = EDGE_CURVE('',#2933,#2925,#2935,.T.);
#2933 = VERTEX_POINT('',#2934);
#2934 = CARTESIAN_POINT('',(-2.099999961112,1.042005255309,
    1.399999964816));
#2935 = LINE('',#2936,#2937);
#2936 = CARTESIAN_POINT('',(-2.099999961112,1.042005255309,
    1.399999964816));
#2937 = VECTOR('',#2938,1.);
#2938 = DIRECTION('',(0.,0.,-1.));
#2939 = ORIENTED_EDGE('',*,*,#2940,.T.);
#2940 = EDGE_CURVE('',#2933,#2941,#2943,.T.);
#2941 = VERTEX_POINT('',#2942);
#2942 = CARTESIAN_POINT('',(-2.299999957409,1.042005255309,
    1.399999964816));
#2943 = LINE('',#2944,#2945);
#2944 = CARTESIAN_POINT('',(-2.099999961112,1.042005255309,
    1.399999964816));
#2945 = VECTOR('',#2946,1.);
#2946 = DIRECTION('',(-1.,0.,0.));
#2947 = ORIENTED_EDGE('',*,*,#2948,.F.);
#2948 = EDGE_CURVE('',#2949,#2941,#2951,.T.);
#2949 = VERTEX_POINT('',#2950);
#2950 = CARTESIAN_POINT('',(-2.499999953705,1.042005255309,
    0.999999972223));
#2951 = LINE('',#2952,#2953);
#2952 = CARTESIAN_POINT('',(-2.499999953705,1.042005255309,
    0.999999972223));
#2953 = VECTOR('',#2954,1.);
#2954 = DIRECTION('',(0.4472135955,0.,0.894427191));
#2955 = ORIENTED_EDGE('',*,*,#2956,.F.);
#2956 = EDGE_CURVE('',#2957,#2949,#2959,.T.);
#2957 = VERTEX_POINT('',#2958);
#2958 = CARTESIAN_POINT('',(-2.499999953705,1.042005255309,
    0.799999975927));
#2959 = LINE('',#2960,#2961);
#2960 = CARTESIAN_POINT('',(-2.499999953705,1.042005255309,
    0.799999975927));
#2961 = VECTOR('',#2962,1.);
#2962 = DIRECTION('',(0.,0.,1.));
#2963 = ORIENTED_EDGE('',*,*,#2964,.T.);
#2964 = EDGE_CURVE('',#2957,#2965,#2967,.T.);
#2965 = VERTEX_POINT('',#2966);
#2966 = CARTESIAN_POINT('',(-2.329999956853,1.042005255309,
    0.799999975927));
#2967 = LINE('',#2968,#2969);
#2968 = CARTESIAN_POINT('',(-2.499999953705,1.042005255309,
    0.799999975927));
#2969 = VECTOR('',#2970,1.);
#2970 = DIRECTION('',(1.,0.,0.));
#2971 = ORIENTED_EDGE('',*,*,#2972,.F.);
#2972 = EDGE_CURVE('',#565,#2965,#2973,.T.);
#2973 = LINE('',#2974,#2975);
#2974 = CARTESIAN_POINT('',(-2.329999956853,1.042005255309,
    -9.258973643345E-09));
#2975 = VECTOR('',#2976,1.);
#2976 = DIRECTION('',(0.,0.,1.));
#2977 = ORIENTED_EDGE('',*,*,#564,.F.);
#2978 = PLANE('',#2979);
#2979 = AXIS2_PLACEMENT_3D('',#2980,#2981,#2982);
#2980 = CARTESIAN_POINT('',(2.499999953705,1.042005255309,
    -9.258973643345E-09));
#2981 = DIRECTION('',(0.,1.,0.));
#2982 = DIRECTION('',(-1.,0.,0.));
#2983 = ADVANCED_FACE('',(#2984),#3017,.F.);
#2984 = FACE_BOUND('',#2985,.F.);
#2985 = EDGE_LOOP('',(#2986,#2987,#2995,#3003,#3011));
#2986 = ORIENTED_EDGE('',*,*,#2807,.F.);
#2987 = ORIENTED_EDGE('',*,*,#2988,.T.);
#2988 = EDGE_CURVE('',#557,#2989,#2991,.T.);
#2989 = VERTEX_POINT('',#2990);
#2990 = CARTESIAN_POINT('',(-1.199999977778,1.042005255309,
    -5.807306228144E-03));
#2991 = LINE('',#2992,#2993);
#2992 = CARTESIAN_POINT('',(-1.199999977778,1.042005255309,
    -9.258973643345E-09));
#2993 = VECTOR('',#2994,1.);
#2994 = DIRECTION('',(0.,-3.823544791871E-14,-1.));
#2995 = ORIENTED_EDGE('',*,*,#2996,.T.);
#2996 = EDGE_CURVE('',#2989,#2997,#2999,.T.);
#2997 = VERTEX_POINT('',#2998);
#2998 = CARTESIAN_POINT('',(-1.199999977778,1.942005238643,
    -5.807306228144E-03));
#2999 = LINE('',#3000,#3001);
#3000 = CARTESIAN_POINT('',(-1.199999977778,1.042005255309,
    -5.807306228144E-03));
#3001 = VECTOR('',#3002,1.);
#3002 = DIRECTION('',(0.,1.,0.));
#3003 = ORIENTED_EDGE('',*,*,#3004,.T.);
#3004 = EDGE_CURVE('',#2997,#3005,#3007,.T.);
#3005 = VERTEX_POINT('',#3006);
#3006 = CARTESIAN_POINT('',(-1.199999977778,1.942005238643,
    0.144192690994));
#3007 = LINE('',#3008,#3009);
#3008 = CARTESIAN_POINT('',(-1.199999977778,1.942005238643,
    -5.807306228144E-03));
#3009 = VECTOR('',#3010,1.);
#3010 = DIRECTION('',(0.,0.,1.));
#3011 = ORIENTED_EDGE('',*,*,#3012,.T.);
#3012 = EDGE_CURVE('',#3005,#2808,#3013,.T.);
#3013 = LINE('',#3014,#3015);
#3014 = CARTESIAN_POINT('',(-1.199999977778,1.942005238643,
    0.144192690994));
#3015 = VECTOR('',#3016,1.);
#3016 = DIRECTION('',(0.,-1.,0.));
#3017 = PLANE('',#3018);
#3018 = AXIS2_PLACEMENT_3D('',#3019,#3020,#3021);
#3019 = CARTESIAN_POINT('',(-1.199999977778,-0.332994719228,
    -9.258973643345E-09));
#3020 = DIRECTION('',(1.,0.,0.));
#3021 = DIRECTION('',(0.,1.,0.));
#3022 = ADVANCED_FACE('',(#3023),#3041,.T.);
#3023 = FACE_BOUND('',#3024,.F.);
#3024 = EDGE_LOOP('',(#3025,#3026,#3034,#3040));
#3025 = ORIENTED_EDGE('',*,*,#556,.T.);
#3026 = ORIENTED_EDGE('',*,*,#3027,.T.);
#3027 = EDGE_CURVE('',#549,#3028,#3030,.T.);
#3028 = VERTEX_POINT('',#3029);
#3029 = CARTESIAN_POINT('',(-0.799999985186,1.042005255309,
    -5.807306228144E-03));
#3030 = LINE('',#3031,#3032);
#3031 = CARTESIAN_POINT('',(-0.799999985186,1.042005255309,
    -9.258973643345E-09));
#3032 = VECTOR('',#3033,1.);
#3033 = DIRECTION('',(0.,-3.823544791871E-14,-1.));
#3034 = ORIENTED_EDGE('',*,*,#3035,.F.);
#3035 = EDGE_CURVE('',#2989,#3028,#3036,.T.);
#3036 = LINE('',#3037,#3038);
#3037 = CARTESIAN_POINT('',(-1.199999977778,1.042005255309,
    -5.807306228144E-03));
#3038 = VECTOR('',#3039,1.);
#3039 = DIRECTION('',(1.,0.,0.));
#3040 = ORIENTED_EDGE('',*,*,#2988,.F.);
#3041 = PLANE('',#3042);
#3042 = AXIS2_PLACEMENT_3D('',#3043,#3044,#3045);
#3043 = CARTESIAN_POINT('',(-1.199999977778,1.042005255309,
    0.144192690994));
#3044 = DIRECTION('',(0.,-1.,0.));
#3045 = DIRECTION('',(0.,0.,-1.));
#3046 = ADVANCED_FACE('',(#3047),#3073,.T.);
#3047 = FACE_BOUND('',#3048,.F.);
#3048 = EDGE_LOOP('',(#3049,#3050,#3058,#3066,#3072));
#3049 = ORIENTED_EDGE('',*,*,#2823,.T.);
#3050 = ORIENTED_EDGE('',*,*,#3051,.F.);
#3051 = EDGE_CURVE('',#3052,#2816,#3054,.T.);
#3052 = VERTEX_POINT('',#3053);
#3053 = CARTESIAN_POINT('',(-0.799999985186,1.942005238643,
    0.144192690994));
#3054 = LINE('',#3055,#3056);
#3055 = CARTESIAN_POINT('',(-0.799999985186,1.942005238643,
    0.144192690994));
#3056 = VECTOR('',#3057,1.);
#3057 = DIRECTION('',(0.,-1.,0.));
#3058 = ORIENTED_EDGE('',*,*,#3059,.F.);
#3059 = EDGE_CURVE('',#3060,#3052,#3062,.T.);
#3060 = VERTEX_POINT('',#3061);
#3061 = CARTESIAN_POINT('',(-0.799999985186,1.942005238643,
    -5.807306228144E-03));
#3062 = LINE('',#3063,#3064);
#3063 = CARTESIAN_POINT('',(-0.799999985186,1.942005238643,
    -5.807306228144E-03));
#3064 = VECTOR('',#3065,1.);
#3065 = DIRECTION('',(0.,0.,1.));
#3066 = ORIENTED_EDGE('',*,*,#3067,.F.);
#3067 = EDGE_CURVE('',#3028,#3060,#3068,.T.);
#3068 = LINE('',#3069,#3070);
#3069 = CARTESIAN_POINT('',(-0.799999985186,1.042005255309,
    -5.807306228144E-03));
#3070 = VECTOR('',#3071,1.);
#3071 = DIRECTION('',(0.,1.,0.));
#3072 = ORIENTED_EDGE('',*,*,#3027,.F.);
#3073 = PLANE('',#3074);
#3074 = AXIS2_PLACEMENT_3D('',#3075,#3076,#3077);
#3075 = CARTESIAN_POINT('',(-0.799999985186,-0.332994719228,
    -9.258973643345E-09));
#3076 = DIRECTION('',(1.,0.,0.));
#3077 = DIRECTION('',(0.,1.,0.));
#3078 = ADVANCED_FACE('',(#3079),#3090,.T.);
#3079 = FACE_BOUND('',#3080,.F.);
#3080 = EDGE_LOOP('',(#3081,#3082,#3083,#3089));
#3081 = ORIENTED_EDGE('',*,*,#2815,.F.);
#3082 = ORIENTED_EDGE('',*,*,#3012,.F.);
#3083 = ORIENTED_EDGE('',*,*,#3084,.T.);
#3084 = EDGE_CURVE('',#3005,#3052,#3085,.T.);
#3085 = LINE('',#3086,#3087);
#3086 = CARTESIAN_POINT('',(-1.199999977778,1.942005238643,
    0.144192690994));
#3087 = VECTOR('',#3088,1.);
#3088 = DIRECTION('',(1.,0.,0.));
#3089 = ORIENTED_EDGE('',*,*,#3051,.T.);
#3090 = PLANE('',#3091);
#3091 = AXIS2_PLACEMENT_3D('',#3092,#3093,#3094);
#3092 = CARTESIAN_POINT('',(-1.199999977778,1.942005238643,
    0.144192690994));
#3093 = DIRECTION('',(0.,0.,1.));
#3094 = DIRECTION('',(0.,-1.,0.));
#3095 = ADVANCED_FACE('',(#3096),#3107,.T.);
#3096 = FACE_BOUND('',#3097,.F.);
#3097 = EDGE_LOOP('',(#3098,#3099,#3105,#3106));
#3098 = ORIENTED_EDGE('',*,*,#3004,.F.);
#3099 = ORIENTED_EDGE('',*,*,#3100,.T.);
#3100 = EDGE_CURVE('',#2997,#3060,#3101,.T.);
#3101 = LINE('',#3102,#3103);
#3102 = CARTESIAN_POINT('',(-1.199999977778,1.942005238643,
    -5.807306228144E-03));
#3103 = VECTOR('',#3104,1.);
#3104 = DIRECTION('',(1.,0.,0.));
#3105 = ORIENTED_EDGE('',*,*,#3059,.T.);
#3106 = ORIENTED_EDGE('',*,*,#3084,.F.);
#3107 = PLANE('',#3108);
#3108 = AXIS2_PLACEMENT_3D('',#3109,#3110,#3111);
#3109 = CARTESIAN_POINT('',(-1.199999977778,1.942005238643,
    -5.807306228144E-03));
#3110 = DIRECTION('',(0.,1.,0.));
#3111 = DIRECTION('',(0.,0.,1.));
#3112 = ADVANCED_FACE('',(#3113),#3119,.T.);
#3113 = FACE_BOUND('',#3114,.F.);
#3114 = EDGE_LOOP('',(#3115,#3116,#3117,#3118));
#3115 = ORIENTED_EDGE('',*,*,#2996,.F.);
#3116 = ORIENTED_EDGE('',*,*,#3035,.T.);
#3117 = ORIENTED_EDGE('',*,*,#3067,.T.);
#3118 = ORIENTED_EDGE('',*,*,#3100,.F.);
#3119 = PLANE('',#3120);
#3120 = AXIS2_PLACEMENT_3D('',#3121,#3122,#3123);
#3121 = CARTESIAN_POINT('',(-1.199999977778,1.042005255309,
    -5.807306228144E-03));
#3122 = DIRECTION('',(0.,0.,-1.));
#3123 = DIRECTION('',(0.,1.,0.));
#3124 = ADVANCED_FACE('',(#3125),#3158,.F.);
#3125 = FACE_BOUND('',#3126,.F.);
#3126 = EDGE_LOOP('',(#3127,#3128,#3136,#3144,#3152));
#3127 = ORIENTED_EDGE('',*,*,#2830,.F.);
#3128 = ORIENTED_EDGE('',*,*,#3129,.T.);
#3129 = EDGE_CURVE('',#547,#3130,#3132,.T.);
#3130 = VERTEX_POINT('',#3131);
#3131 = CARTESIAN_POINT('',(-0.199999996296,1.042005255309,
    -5.807306228144E-03));
#3132 = LINE('',#3133,#3134);
#3133 = CARTESIAN_POINT('',(-0.199999996296,1.042005255309,
    -9.258973643345E-09));
#3134 = VECTOR('',#3135,1.);
#3135 = DIRECTION('',(0.,-3.823544791871E-14,-1.));
#3136 = ORIENTED_EDGE('',*,*,#3137,.T.);
#3137 = EDGE_CURVE('',#3130,#3138,#3140,.T.);
#3138 = VERTEX_POINT('',#3139);
#3139 = CARTESIAN_POINT('',(-0.199999996296,1.942005238643,
    -5.807306228144E-03));
#3140 = LINE('',#3141,#3142);
#3141 = CARTESIAN_POINT('',(-0.199999996296,1.042005255309,
    -5.807306228144E-03));
#3142 = VECTOR('',#3143,1.);
#3143 = DIRECTION('',(0.,1.,0.));
#3144 = ORIENTED_EDGE('',*,*,#3145,.T.);
#3145 = EDGE_CURVE('',#3138,#3146,#3148,.T.);
#3146 = VERTEX_POINT('',#3147);
#3147 = CARTESIAN_POINT('',(-0.199999996296,1.942005238643,
    0.144192690994));
#3148 = LINE('',#3149,#3150);
#3149 = CARTESIAN_POINT('',(-0.199999996296,1.942005238643,
    -5.807306228144E-03));
#3150 = VECTOR('',#3151,1.);
#3151 = DIRECTION('',(0.,0.,1.));
#3152 = ORIENTED_EDGE('',*,*,#3153,.T.);
#3153 = EDGE_CURVE('',#3146,#2831,#3154,.T.);
#3154 = LINE('',#3155,#3156);
#3155 = CARTESIAN_POINT('',(-0.199999996296,1.942005238643,
    0.144192690994));
#3156 = VECTOR('',#3157,1.);
#3157 = DIRECTION('',(0.,-1.,0.));
#3158 = PLANE('',#3159);
#3159 = AXIS2_PLACEMENT_3D('',#3160,#3161,#3162);
#3160 = CARTESIAN_POINT('',(-0.199999996296,-0.332994719228,
    -9.258973643345E-09));
#3161 = DIRECTION('',(1.,0.,0.));
#3162 = DIRECTION('',(0.,1.,0.));
#3163 = ADVANCED_FACE('',(#3164),#3182,.T.);
#3164 = FACE_BOUND('',#3165,.F.);
#3165 = EDGE_LOOP('',(#3166,#3167,#3175,#3181));
#3166 = ORIENTED_EDGE('',*,*,#620,.T.);
#3167 = ORIENTED_EDGE('',*,*,#3168,.T.);
#3168 = EDGE_CURVE('',#613,#3169,#3171,.T.);
#3169 = VERTEX_POINT('',#3170);
#3170 = CARTESIAN_POINT('',(0.199999996296,1.042005255309,
    -5.807306228144E-03));
#3171 = LINE('',#3172,#3173);
#3172 = CARTESIAN_POINT('',(0.199999996296,1.042005255309,
    -9.258973643345E-09));
#3173 = VECTOR('',#3174,1.);
#3174 = DIRECTION('',(-1.433829296952E-14,-3.823544791871E-14,-1.));
#3175 = ORIENTED_EDGE('',*,*,#3176,.F.);
#3176 = EDGE_CURVE('',#3130,#3169,#3177,.T.);
#3177 = LINE('',#3178,#3179);
#3178 = CARTESIAN_POINT('',(-0.199999996296,1.042005255309,
    -5.807306228144E-03));
#3179 = VECTOR('',#3180,1.);
#3180 = DIRECTION('',(1.,0.,0.));
#3181 = ORIENTED_EDGE('',*,*,#3129,.F.);
#3182 = PLANE('',#3183);
#3183 = AXIS2_PLACEMENT_3D('',#3184,#3185,#3186);
#3184 = CARTESIAN_POINT('',(-0.199999996296,1.042005255309,
    0.144192690994));
#3185 = DIRECTION('',(0.,-1.,0.));
#3186 = DIRECTION('',(0.,0.,-1.));
#3187 = ADVANCED_FACE('',(#3188),#3214,.T.);
#3188 = FACE_BOUND('',#3189,.F.);
#3189 = EDGE_LOOP('',(#3190,#3191,#3199,#3207,#3213));
#3190 = ORIENTED_EDGE('',*,*,#2846,.T.);
#3191 = ORIENTED_EDGE('',*,*,#3192,.F.);
#3192 = EDGE_CURVE('',#3193,#2839,#3195,.T.);
#3193 = VERTEX_POINT('',#3194);
#3194 = CARTESIAN_POINT('',(0.199999996296,1.942005238643,0.144192690994
    ));
#3195 = LINE('',#3196,#3197);
#3196 = CARTESIAN_POINT('',(0.199999996296,1.942005238643,0.144192690994
    ));
#3197 = VECTOR('',#3198,1.);
#3198 = DIRECTION('',(0.,-1.,0.));
#3199 = ORIENTED_EDGE('',*,*,#3200,.F.);
#3200 = EDGE_CURVE('',#3201,#3193,#3203,.T.);
#3201 = VERTEX_POINT('',#3202);
#3202 = CARTESIAN_POINT('',(0.199999996296,1.942005238643,
    -5.807306228144E-03));
#3203 = LINE('',#3204,#3205);
#3204 = CARTESIAN_POINT('',(0.199999996296,1.942005238643,
    -5.807306228144E-03));
#3205 = VECTOR('',#3206,1.);
#3206 = DIRECTION('',(0.,0.,1.));
#3207 = ORIENTED_EDGE('',*,*,#3208,.F.);
#3208 = EDGE_CURVE('',#3169,#3201,#3209,.T.);
#3209 = LINE('',#3210,#3211);
#3210 = CARTESIAN_POINT('',(0.199999996296,1.042005255309,
    -5.807306228144E-03));
#3211 = VECTOR('',#3212,1.);
#3212 = DIRECTION('',(0.,1.,0.));
#3213 = ORIENTED_EDGE('',*,*,#3168,.F.);
#3214 = PLANE('',#3215);
#3215 = AXIS2_PLACEMENT_3D('',#3216,#3217,#3218);
#3216 = CARTESIAN_POINT('',(0.199999996296,-0.332994719228,
    -9.258973643345E-09));
#3217 = DIRECTION('',(1.,0.,0.));
#3218 = DIRECTION('',(0.,1.,0.));
#3219 = ADVANCED_FACE('',(#3220),#3231,.T.);
#3220 = FACE_BOUND('',#3221,.F.);
#3221 = EDGE_LOOP('',(#3222,#3223,#3224,#3230));
#3222 = ORIENTED_EDGE('',*,*,#2838,.F.);
#3223 = ORIENTED_EDGE('',*,*,#3153,.F.);
#3224 = ORIENTED_EDGE('',*,*,#3225,.T.);
#3225 = EDGE_CURVE('',#3146,#3193,#3226,.T.);
#3226 = LINE('',#3227,#3228);
#3227 = CARTESIAN_POINT('',(-0.199999996296,1.942005238643,
    0.144192690994));
#3228 = VECTOR('',#3229,1.);
#3229 = DIRECTION('',(1.,0.,0.));
#3230 = ORIENTED_EDGE('',*,*,#3192,.T.);
#3231 = PLANE('',#3232);
#3232 = AXIS2_PLACEMENT_3D('',#3233,#3234,#3235);
#3233 = CARTESIAN_POINT('',(-0.199999996296,1.942005238643,
    0.144192690994));
#3234 = DIRECTION('',(0.,0.,1.));
#3235 = DIRECTION('',(0.,-1.,0.));
#3236 = ADVANCED_FACE('',(#3237),#3248,.T.);
#3237 = FACE_BOUND('',#3238,.F.);
#3238 = EDGE_LOOP('',(#3239,#3240,#3246,#3247));
#3239 = ORIENTED_EDGE('',*,*,#3145,.F.);
#3240 = ORIENTED_EDGE('',*,*,#3241,.T.);
#3241 = EDGE_CURVE('',#3138,#3201,#3242,.T.);
#3242 = LINE('',#3243,#3244);
#3243 = CARTESIAN_POINT('',(-0.199999996296,1.942005238643,
    -5.807306228144E-03));
#3244 = VECTOR('',#3245,1.);
#3245 = DIRECTION('',(1.,0.,0.));
#3246 = ORIENTED_EDGE('',*,*,#3200,.T.);
#3247 = ORIENTED_EDGE('',*,*,#3225,.F.);
#3248 = PLANE('',#3249);
#3249 = AXIS2_PLACEMENT_3D('',#3250,#3251,#3252);
#3250 = CARTESIAN_POINT('',(-0.199999996296,1.942005238643,
    -5.807306228144E-03));
#3251 = DIRECTION('',(0.,1.,0.));
#3252 = DIRECTION('',(0.,0.,1.));
#3253 = ADVANCED_FACE('',(#3254),#3260,.T.);
#3254 = FACE_BOUND('',#3255,.F.);
#3255 = EDGE_LOOP('',(#3256,#3257,#3258,#3259));
#3256 = ORIENTED_EDGE('',*,*,#3137,.F.);
#3257 = ORIENTED_EDGE('',*,*,#3176,.T.);
#3258 = ORIENTED_EDGE('',*,*,#3208,.T.);
#3259 = ORIENTED_EDGE('',*,*,#3241,.F.);
#3260 = PLANE('',#3261);
#3261 = AXIS2_PLACEMENT_3D('',#3262,#3263,#3264);
#3262 = CARTESIAN_POINT('',(-0.199999996296,1.042005255309,
    -5.807306228144E-03));
#3263 = DIRECTION('',(0.,0.,-1.));
#3264 = DIRECTION('',(0.,1.,0.));
#3265 = ADVANCED_FACE('',(#3266),#3299,.F.);
#3266 = FACE_BOUND('',#3267,.F.);
#3267 = EDGE_LOOP('',(#3268,#3269,#3277,#3285,#3293));
#3268 = ORIENTED_EDGE('',*,*,#2853,.F.);
#3269 = ORIENTED_EDGE('',*,*,#3270,.T.);
#3270 = EDGE_CURVE('',#605,#3271,#3273,.T.);
#3271 = VERTEX_POINT('',#3272);
#3272 = CARTESIAN_POINT('',(0.799999985186,1.042005255309,
    -5.807306228144E-03));
#3273 = LINE('',#3274,#3275);
#3274 = CARTESIAN_POINT('',(0.799999985186,1.042005255309,
    -9.258973643345E-09));
#3275 = VECTOR('',#3276,1.);
#3276 = DIRECTION('',(0.,-3.823544791871E-14,-1.));
#3277 = ORIENTED_EDGE('',*,*,#3278,.T.);
#3278 = EDGE_CURVE('',#3271,#3279,#3281,.T.);
#3279 = VERTEX_POINT('',#3280);
#3280 = CARTESIAN_POINT('',(0.799999985186,1.942005238643,
    -5.807306228144E-03));
#3281 = LINE('',#3282,#3283);
#3282 = CARTESIAN_POINT('',(0.799999985186,1.042005255309,
    -5.807306228144E-03));
#3283 = VECTOR('',#3284,1.);
#3284 = DIRECTION('',(0.,1.,0.));
#3285 = ORIENTED_EDGE('',*,*,#3286,.T.);
#3286 = EDGE_CURVE('',#3279,#3287,#3289,.T.);
#3287 = VERTEX_POINT('',#3288);
#3288 = CARTESIAN_POINT('',(0.799999985186,1.942005238643,0.144192690994
    ));
#3289 = LINE('',#3290,#3291);
#3290 = CARTESIAN_POINT('',(0.799999985186,1.942005238643,
    -5.807306228144E-03));
#3291 = VECTOR('',#3292,1.);
#3292 = DIRECTION('',(0.,0.,1.));
#3293 = ORIENTED_EDGE('',*,*,#3294,.T.);
#3294 = EDGE_CURVE('',#3287,#2854,#3295,.T.);
#3295 = LINE('',#3296,#3297);
#3296 = CARTESIAN_POINT('',(0.799999985186,1.942005238643,0.144192690994
    ));
#3297 = VECTOR('',#3298,1.);
#3298 = DIRECTION('',(0.,-1.,0.));
#3299 = PLANE('',#3300);
#3300 = AXIS2_PLACEMENT_3D('',#3301,#3302,#3303);
#3301 = CARTESIAN_POINT('',(0.799999985186,-0.332994719228,
    -9.258973643345E-09));
#3302 = DIRECTION('',(1.,0.,0.));
#3303 = DIRECTION('',(0.,1.,0.));
#3304 = ADVANCED_FACE('',(#3305),#3323,.T.);
#3305 = FACE_BOUND('',#3306,.F.);
#3306 = EDGE_LOOP('',(#3307,#3308,#3316,#3322));
#3307 = ORIENTED_EDGE('',*,*,#604,.T.);
#3308 = ORIENTED_EDGE('',*,*,#3309,.T.);
#3309 = EDGE_CURVE('',#597,#3310,#3312,.T.);
#3310 = VERTEX_POINT('',#3311);
#3311 = CARTESIAN_POINT('',(1.199999977778,1.042005255309,
    -5.807306228144E-03));
#3312 = LINE('',#3313,#3314);
#3313 = CARTESIAN_POINT('',(1.199999977778,1.042005255309,
    -9.258973643345E-09));
#3314 = VECTOR('',#3315,1.);
#3315 = DIRECTION('',(0.,-3.823544791871E-14,-1.));
#3316 = ORIENTED_EDGE('',*,*,#3317,.F.);
#3317 = EDGE_CURVE('',#3271,#3310,#3318,.T.);
#3318 = LINE('',#3319,#3320);
#3319 = CARTESIAN_POINT('',(0.799999985186,1.042005255309,
    -5.807306228144E-03));
#3320 = VECTOR('',#3321,1.);
#3321 = DIRECTION('',(1.,0.,0.));
#3322 = ORIENTED_EDGE('',*,*,#3270,.F.);
#3323 = PLANE('',#3324);
#3324 = AXIS2_PLACEMENT_3D('',#3325,#3326,#3327);
#3325 = CARTESIAN_POINT('',(0.799999985186,1.042005255309,0.144192690994
    ));
#3326 = DIRECTION('',(0.,-1.,0.));
#3327 = DIRECTION('',(0.,0.,-1.));
#3328 = ADVANCED_FACE('',(#3329),#3355,.T.);
#3329 = FACE_BOUND('',#3330,.F.);
#3330 = EDGE_LOOP('',(#3331,#3332,#3340,#3348,#3354));
#3331 = ORIENTED_EDGE('',*,*,#2869,.T.);
#3332 = ORIENTED_EDGE('',*,*,#3333,.F.);
#3333 = EDGE_CURVE('',#3334,#2862,#3336,.T.);
#3334 = VERTEX_POINT('',#3335);
#3335 = CARTESIAN_POINT('',(1.199999977778,1.942005238643,0.144192690994
    ));
#3336 = LINE('',#3337,#3338);
#3337 = CARTESIAN_POINT('',(1.199999977778,1.942005238643,0.144192690994
    ));
#3338 = VECTOR('',#3339,1.);
#3339 = DIRECTION('',(0.,-1.,0.));
#3340 = ORIENTED_EDGE('',*,*,#3341,.F.);
#3341 = EDGE_CURVE('',#3342,#3334,#3344,.T.);
#3342 = VERTEX_POINT('',#3343);
#3343 = CARTESIAN_POINT('',(1.199999977778,1.942005238643,
    -5.807306228144E-03));
#3344 = LINE('',#3345,#3346);
#3345 = CARTESIAN_POINT('',(1.199999977778,1.942005238643,
    -5.807306228144E-03));
#3346 = VECTOR('',#3347,1.);
#3347 = DIRECTION('',(0.,0.,1.));
#3348 = ORIENTED_EDGE('',*,*,#3349,.F.);
#3349 = EDGE_CURVE('',#3310,#3342,#3350,.T.);
#3350 = LINE('',#3351,#3352);
#3351 = CARTESIAN_POINT('',(1.199999977778,1.042005255309,
    -5.807306228144E-03));
#3352 = VECTOR('',#3353,1.);
#3353 = DIRECTION('',(0.,1.,0.));
#3354 = ORIENTED_EDGE('',*,*,#3309,.F.);
#3355 = PLANE('',#3356);
#3356 = AXIS2_PLACEMENT_3D('',#3357,#3358,#3359);
#3357 = CARTESIAN_POINT('',(1.199999977778,-0.332994719228,
    -9.258973643345E-09));
#3358 = DIRECTION('',(1.,0.,0.));
#3359 = DIRECTION('',(0.,1.,0.));
#3360 = ADVANCED_FACE('',(#3361),#3372,.T.);
#3361 = FACE_BOUND('',#3362,.F.);
#3362 = EDGE_LOOP('',(#3363,#3364,#3365,#3371));
#3363 = ORIENTED_EDGE('',*,*,#2861,.F.);
#3364 = ORIENTED_EDGE('',*,*,#3294,.F.);
#3365 = ORIENTED_EDGE('',*,*,#3366,.T.);
#3366 = EDGE_CURVE('',#3287,#3334,#3367,.T.);
#3367 = LINE('',#3368,#3369);
#3368 = CARTESIAN_POINT('',(0.799999985186,1.942005238643,0.144192690994
    ));
#3369 = VECTOR('',#3370,1.);
#3370 = DIRECTION('',(1.,0.,0.));
#3371 = ORIENTED_EDGE('',*,*,#3333,.T.);
#3372 = PLANE('',#3373);
#3373 = AXIS2_PLACEMENT_3D('',#3374,#3375,#3376);
#3374 = CARTESIAN_POINT('',(0.799999985186,1.942005238643,0.144192690994
    ));
#3375 = DIRECTION('',(0.,0.,1.));
#3376 = DIRECTION('',(0.,-1.,0.));
#3377 = ADVANCED_FACE('',(#3378),#3389,.T.);
#3378 = FACE_BOUND('',#3379,.F.);
#3379 = EDGE_LOOP('',(#3380,#3381,#3387,#3388));
#3380 = ORIENTED_EDGE('',*,*,#3286,.F.);
#3381 = ORIENTED_EDGE('',*,*,#3382,.T.);
#3382 = EDGE_CURVE('',#3279,#3342,#3383,.T.);
#3383 = LINE('',#3384,#3385);
#3384 = CARTESIAN_POINT('',(0.799999985186,1.942005238643,
    -5.807306228144E-03));
#3385 = VECTOR('',#3386,1.);
#3386 = DIRECTION('',(1.,0.,0.));
#3387 = ORIENTED_EDGE('',*,*,#3341,.T.);
#3388 = ORIENTED_EDGE('',*,*,#3366,.F.);
#3389 = PLANE('',#3390);
#3390 = AXIS2_PLACEMENT_3D('',#3391,#3392,#3393);
#3391 = CARTESIAN_POINT('',(0.799999985186,1.942005238643,
    -5.807306228144E-03));
#3392 = DIRECTION('',(0.,1.,0.));
#3393 = DIRECTION('',(0.,0.,1.));
#3394 = ADVANCED_FACE('',(#3395),#3401,.T.);
#3395 = FACE_BOUND('',#3396,.F.);
#3396 = EDGE_LOOP('',(#3397,#3398,#3399,#3400));
#3397 = ORIENTED_EDGE('',*,*,#3278,.F.);
#3398 = ORIENTED_EDGE('',*,*,#3317,.T.);
#3399 = ORIENTED_EDGE('',*,*,#3349,.T.);
#3400 = ORIENTED_EDGE('',*,*,#3382,.F.);
#3401 = PLANE('',#3402);
#3402 = AXIS2_PLACEMENT_3D('',#3403,#3404,#3405);
#3403 = CARTESIAN_POINT('',(0.799999985186,1.042005255309,
    -5.807306228144E-03));
#3404 = DIRECTION('',(0.,0.,-1.));
#3405 = DIRECTION('',(0.,1.,0.));
#3406 = ADVANCED_FACE('',(#3407),#3457,.F.);
#3407 = FACE_BOUND('',#3408,.F.);
#3408 = EDGE_LOOP('',(#3409,#3419,#3425,#3426,#3427,#3435,#3443,#3451));
#3409 = ORIENTED_EDGE('',*,*,#3410,.T.);
#3410 = EDGE_CURVE('',#3411,#3413,#3415,.T.);
#3411 = VERTEX_POINT('',#3412);
#3412 = CARTESIAN_POINT('',(2.329999956853,0.567005264105,1.229999967964
    ));
#3413 = VERTEX_POINT('',#3414);
#3414 = CARTESIAN_POINT('',(2.329999956853,0.567005264105,0.799999975927
    ));
#3415 = LINE('',#3416,#3417);
#3416 = CARTESIAN_POINT('',(2.329999956853,0.567005264105,1.229999967964
    ));
#3417 = VECTOR('',#3418,1.);
#3418 = DIRECTION('',(0.,0.,-1.));
#3419 = ORIENTED_EDGE('',*,*,#3420,.T.);
#3420 = EDGE_CURVE('',#3413,#2877,#3421,.T.);
#3421 = LINE('',#3422,#3423);
#3422 = CARTESIAN_POINT('',(2.329999956853,0.567005264105,0.799999975927
    ));
#3423 = VECTOR('',#3424,1.);
#3424 = DIRECTION('',(0.,1.,0.));
#3425 = ORIENTED_EDGE('',*,*,#2876,.F.);
#3426 = ORIENTED_EDGE('',*,*,#588,.F.);
#3427 = ORIENTED_EDGE('',*,*,#3428,.T.);
#3428 = EDGE_CURVE('',#581,#3429,#3431,.T.);
#3429 = VERTEX_POINT('',#3430);
#3430 = CARTESIAN_POINT('',(2.329999956853,-1.707994693766,
    0.799999975927));
#3431 = LINE('',#3432,#3433);
#3432 = CARTESIAN_POINT('',(2.329999956853,-1.707994693766,
    -9.258973643345E-09));
#3433 = VECTOR('',#3434,1.);
#3434 = DIRECTION('',(0.,0.,1.));
#3435 = ORIENTED_EDGE('',*,*,#3436,.T.);
#3436 = EDGE_CURVE('',#3429,#3437,#3439,.T.);
#3437 = VERTEX_POINT('',#3438);
#3438 = CARTESIAN_POINT('',(2.329999956853,-1.232994702562,
    0.799999975927));
#3439 = LINE('',#3440,#3441);
#3440 = CARTESIAN_POINT('',(2.329999956853,-1.707994693766,
    0.799999975927));
#3441 = VECTOR('',#3442,1.);
#3442 = DIRECTION('',(0.,1.,0.));
#3443 = ORIENTED_EDGE('',*,*,#3444,.T.);
#3444 = EDGE_CURVE('',#3437,#3445,#3447,.T.);
#3445 = VERTEX_POINT('',#3446);
#3446 = CARTESIAN_POINT('',(2.329999956853,-1.232994702562,
    1.229999967964));
#3447 = LINE('',#3448,#3449);
#3448 = CARTESIAN_POINT('',(2.329999956853,-1.232994702562,
    0.799999975927));
#3449 = VECTOR('',#3450,1.);
#3450 = DIRECTION('',(0.,0.,1.));
#3451 = ORIENTED_EDGE('',*,*,#3452,.T.);
#3452 = EDGE_CURVE('',#3445,#3411,#3453,.T.);
#3453 = LINE('',#3454,#3455);
#3454 = CARTESIAN_POINT('',(2.329999956853,-1.232994702562,
    1.229999967964));
#3455 = VECTOR('',#3456,1.);
#3456 = DIRECTION('',(0.,1.,0.));
#3457 = PLANE('',#3458);
#3458 = AXIS2_PLACEMENT_3D('',#3459,#3460,#3461);
#3459 = CARTESIAN_POINT('',(2.329999956853,-0.332994719228,
    -9.258973643345E-09));
#3460 = DIRECTION('',(-1.,0.,0.));
#3461 = DIRECTION('',(0.,-1.,0.));
#3462 = ADVANCED_FACE('',(#3463),#3512,.F.);
#3463 = FACE_BOUND('',#3464,.F.);
#3464 = EDGE_LOOP('',(#3465,#3475,#3483,#3489,#3490,#3498,#3506));
#3465 = ORIENTED_EDGE('',*,*,#3466,.F.);
#3466 = EDGE_CURVE('',#3467,#3469,#3471,.T.);
#3467 = VERTEX_POINT('',#3468);
#3468 = CARTESIAN_POINT('',(2.499999953705,0.567005264105,0.999999972223
    ));
#3469 = VERTEX_POINT('',#3470);
#3470 = CARTESIAN_POINT('',(2.299999957409,0.567005264105,1.399999964816
    ));
#3471 = LINE('',#3472,#3473);
#3472 = CARTESIAN_POINT('',(2.499999953705,0.567005264105,0.999999972223
    ));
#3473 = VECTOR('',#3474,1.);
#3474 = DIRECTION('',(-0.4472135955,0.,0.894427191));
#3475 = ORIENTED_EDGE('',*,*,#3476,.T.);
#3476 = EDGE_CURVE('',#3467,#3477,#3479,.T.);
#3477 = VERTEX_POINT('',#3478);
#3478 = CARTESIAN_POINT('',(2.499999953705,0.567005264105,0.799999975927
    ));
#3479 = LINE('',#3480,#3481);
#3480 = CARTESIAN_POINT('',(2.499999953705,0.567005264105,0.999999972223
    ));
#3481 = VECTOR('',#3482,1.);
#3482 = DIRECTION('',(0.,0.,-1.));
#3483 = ORIENTED_EDGE('',*,*,#3484,.T.);
#3484 = EDGE_CURVE('',#3477,#3413,#3485,.T.);
#3485 = LINE('',#3486,#3487);
#3486 = CARTESIAN_POINT('',(2.499999953705,0.567005264105,0.799999975927
    ));
#3487 = VECTOR('',#3488,1.);
#3488 = DIRECTION('',(-1.,0.,0.));
#3489 = ORIENTED_EDGE('',*,*,#3410,.F.);
#3490 = ORIENTED_EDGE('',*,*,#3491,.T.);
#3491 = EDGE_CURVE('',#3411,#3492,#3494,.T.);
#3492 = VERTEX_POINT('',#3493);
#3493 = CARTESIAN_POINT('',(2.099999961112,0.567005264105,1.229999967964
    ));
#3494 = LINE('',#3495,#3496);
#3495 = CARTESIAN_POINT('',(2.329999956853,0.567005264105,1.229999967964
    ));
#3496 = VECTOR('',#3497,1.);
#3497 = DIRECTION('',(-1.,0.,0.));
#3498 = ORIENTED_EDGE('',*,*,#3499,.F.);
#3499 = EDGE_CURVE('',#3500,#3492,#3502,.T.);
#3500 = VERTEX_POINT('',#3501);
#3501 = CARTESIAN_POINT('',(2.099999961112,0.567005264105,1.399999964816
    ));
#3502 = LINE('',#3503,#3504);
#3503 = CARTESIAN_POINT('',(2.099999961112,0.567005264105,1.399999964816
    ));
#3504 = VECTOR('',#3505,1.);
#3505 = DIRECTION('',(0.,0.,-1.));
#3506 = ORIENTED_EDGE('',*,*,#3507,.F.);
#3507 = EDGE_CURVE('',#3469,#3500,#3508,.T.);
#3508 = LINE('',#3509,#3510);
#3509 = CARTESIAN_POINT('',(2.299999957409,0.567005264105,1.399999964816
    ));
#3510 = VECTOR('',#3511,1.);
#3511 = DIRECTION('',(-1.,0.,0.));
#3512 = PLANE('',#3513);
#3513 = AXIS2_PLACEMENT_3D('',#3514,#3515,#3516);
#3514 = CARTESIAN_POINT('',(2.499999953705,0.567005264105,1.399999964816
    ));
#3515 = DIRECTION('',(0.,1.,0.));
#3516 = DIRECTION('',(-1.,0.,0.));
#3517 = ADVANCED_FACE('',(#3518),#3534,.T.);
#3518 = FACE_BOUND('',#3519,.F.);
#3519 = EDGE_LOOP('',(#3520,#3521,#3527,#3528));
#3520 = ORIENTED_EDGE('',*,*,#2900,.T.);
#3521 = ORIENTED_EDGE('',*,*,#3522,.F.);
#3522 = EDGE_CURVE('',#3467,#2893,#3523,.T.);
#3523 = LINE('',#3524,#3525);
#3524 = CARTESIAN_POINT('',(2.499999953705,0.567005264105,0.999999972223
    ));
#3525 = VECTOR('',#3526,1.);
#3526 = DIRECTION('',(0.,1.,0.));
#3527 = ORIENTED_EDGE('',*,*,#3466,.T.);
#3528 = ORIENTED_EDGE('',*,*,#3529,.T.);
#3529 = EDGE_CURVE('',#3469,#2901,#3530,.T.);
#3530 = LINE('',#3531,#3532);
#3531 = CARTESIAN_POINT('',(2.299999957409,0.567005264105,1.399999964816
    ));
#3532 = VECTOR('',#3533,1.);
#3533 = DIRECTION('',(0.,1.,0.));
#3534 = PLANE('',#3535);
#3535 = AXIS2_PLACEMENT_3D('',#3536,#3537,#3538);
#3536 = CARTESIAN_POINT('',(2.399999955557,0.804505259707,1.199999968519
    ));
#3537 = DIRECTION('',(0.894427191,0.,0.4472135955));
#3538 = DIRECTION('',(0.4472135955,0.,-0.894427191));
#3539 = ADVANCED_FACE('',(#3540),#3574,.T.);
#3540 = FACE_BOUND('',#3541,.F.);
#3541 = EDGE_LOOP('',(#3542,#3552,#3560,#3568));
#3542 = ORIENTED_EDGE('',*,*,#3543,.T.);
#3543 = EDGE_CURVE('',#3544,#3546,#3548,.T.);
#3544 = VERTEX_POINT('',#3545);
#3545 = CARTESIAN_POINT('',(2.499999953705,-1.707994693766,
    0.999999972223));
#3546 = VERTEX_POINT('',#3547);
#3547 = CARTESIAN_POINT('',(2.499999953705,-1.232994702562,
    0.999999972223));
#3548 = LINE('',#3549,#3550);
#3549 = CARTESIAN_POINT('',(2.499999953705,-1.707994693766,
    0.999999972223));
#3550 = VECTOR('',#3551,1.);
#3551 = DIRECTION('',(0.,1.,0.));
#3552 = ORIENTED_EDGE('',*,*,#3553,.F.);
#3553 = EDGE_CURVE('',#3554,#3546,#3556,.T.);
#3554 = VERTEX_POINT('',#3555);
#3555 = CARTESIAN_POINT('',(2.499999953705,-1.232994702562,
    0.799999975927));
#3556 = LINE('',#3557,#3558);
#3557 = CARTESIAN_POINT('',(2.499999953705,-1.232994702562,
    0.799999975927));
#3558 = VECTOR('',#3559,1.);
#3559 = DIRECTION('',(0.,0.,1.));
#3560 = ORIENTED_EDGE('',*,*,#3561,.F.);
#3561 = EDGE_CURVE('',#3562,#3554,#3564,.T.);
#3562 = VERTEX_POINT('',#3563);
#3563 = CARTESIAN_POINT('',(2.499999953705,-1.707994693766,
    0.799999975927));
#3564 = LINE('',#3565,#3566);
#3565 = CARTESIAN_POINT('',(2.499999953705,-1.707994693766,
    0.799999975927));
#3566 = VECTOR('',#3567,1.);
#3567 = DIRECTION('',(0.,1.,0.));
#3568 = ORIENTED_EDGE('',*,*,#3569,.T.);
#3569 = EDGE_CURVE('',#3562,#3544,#3570,.T.);
#3570 = LINE('',#3571,#3572);
#3571 = CARTESIAN_POINT('',(2.499999953705,-1.707994693766,
    0.799999975927));
#3572 = VECTOR('',#3573,1.);
#3573 = DIRECTION('',(0.,0.,1.));
#3574 = PLANE('',#3575);
#3575 = AXIS2_PLACEMENT_3D('',#3576,#3577,#3578);
#3576 = CARTESIAN_POINT('',(2.499999953705,-1.707994693766,
    -9.258973643345E-09));
#3577 = DIRECTION('',(1.,0.,0.));
#3578 = DIRECTION('',(0.,1.,0.));
#3579 = ADVANCED_FACE('',(#3580),#3591,.T.);
#3580 = FACE_BOUND('',#3581,.F.);
#3581 = EDGE_LOOP('',(#3582,#3583,#3584,#3590));
#3582 = ORIENTED_EDGE('',*,*,#3522,.T.);
#3583 = ORIENTED_EDGE('',*,*,#2892,.F.);
#3584 = ORIENTED_EDGE('',*,*,#3585,.T.);
#3585 = EDGE_CURVE('',#2885,#3477,#3586,.T.);
#3586 = LINE('',#3587,#3588);
#3587 = CARTESIAN_POINT('',(2.499999953705,1.042005255309,0.799999975927
    ));
#3588 = VECTOR('',#3589,1.);
#3589 = DIRECTION('',(0.,-1.,0.));
#3590 = ORIENTED_EDGE('',*,*,#3476,.F.);
#3591 = PLANE('',#3592);
#3592 = AXIS2_PLACEMENT_3D('',#3593,#3594,#3595);
#3593 = CARTESIAN_POINT('',(2.499999953705,-1.707994693766,
    -9.258973643345E-09));
#3594 = DIRECTION('',(1.,0.,0.));
#3595 = DIRECTION('',(0.,1.,0.));
#3596 = ADVANCED_FACE('',(#3597),#3622,.T.);
#3597 = FACE_BOUND('',#3598,.F.);
#3598 = EDGE_LOOP('',(#3599,#3607,#3608,#3616));
#3599 = ORIENTED_EDGE('',*,*,#3600,.T.);
#3600 = EDGE_CURVE('',#3601,#3546,#3603,.T.);
#3601 = VERTEX_POINT('',#3602);
#3602 = CARTESIAN_POINT('',(2.299999957409,-1.232994702562,
    1.399999964816));
#3603 = LINE('',#3604,#3605);
#3604 = CARTESIAN_POINT('',(2.299999957409,-1.232994702562,
    1.399999964816));
#3605 = VECTOR('',#3606,1.);
#3606 = DIRECTION('',(0.4472135955,0.,-0.894427191));
#3607 = ORIENTED_EDGE('',*,*,#3543,.F.);
#3608 = ORIENTED_EDGE('',*,*,#3609,.T.);
#3609 = EDGE_CURVE('',#3544,#3610,#3612,.T.);
#3610 = VERTEX_POINT('',#3611);
#3611 = CARTESIAN_POINT('',(2.299999957409,-1.707994693766,
    1.399999964816));
#3612 = LINE('',#3613,#3614);
#3613 = CARTESIAN_POINT('',(2.499999953705,-1.707994693766,
    0.999999972223));
#3614 = VECTOR('',#3615,1.);
#3615 = DIRECTION('',(-0.4472135955,0.,0.894427191));
#3616 = ORIENTED_EDGE('',*,*,#3617,.T.);
#3617 = EDGE_CURVE('',#3610,#3601,#3618,.T.);
#3618 = LINE('',#3619,#3620);
#3619 = CARTESIAN_POINT('',(2.299999957409,-1.707994693766,
    1.399999964816));
#3620 = VECTOR('',#3621,1.);
#3621 = DIRECTION('',(0.,1.,0.));
#3622 = PLANE('',#3623);
#3623 = AXIS2_PLACEMENT_3D('',#3624,#3625,#3626);
#3624 = CARTESIAN_POINT('',(2.399999955557,-1.470494698164,
    1.199999968519));
#3625 = DIRECTION('',(0.894427191,0.,0.4472135955));
#3626 = DIRECTION('',(0.4472135955,0.,-0.894427191));
#3627 = ADVANCED_FACE('',(#3628),#3661,.F.);
#3628 = FACE_BOUND('',#3629,.F.);
#3629 = EDGE_LOOP('',(#3630,#3631,#3639,#3647,#3653,#3654,#3660));
#3630 = ORIENTED_EDGE('',*,*,#3600,.F.);
#3631 = ORIENTED_EDGE('',*,*,#3632,.T.);
#3632 = EDGE_CURVE('',#3601,#3633,#3635,.T.);
#3633 = VERTEX_POINT('',#3634);
#3634 = CARTESIAN_POINT('',(2.099999961112,-1.232994702562,
    1.399999964816));
#3635 = LINE('',#3636,#3637);
#3636 = CARTESIAN_POINT('',(2.299999957409,-1.232994702562,
    1.399999964816));
#3637 = VECTOR('',#3638,1.);
#3638 = DIRECTION('',(-1.,0.,0.));
#3639 = ORIENTED_EDGE('',*,*,#3640,.T.);
#3640 = EDGE_CURVE('',#3633,#3641,#3643,.T.);
#3641 = VERTEX_POINT('',#3642);
#3642 = CARTESIAN_POINT('',(2.099999961112,-1.232994702562,
    1.229999967964));
#3643 = LINE('',#3644,#3645);
#3644 = CARTESIAN_POINT('',(2.099999961112,-1.232994702562,
    1.399999964816));
#3645 = VECTOR('',#3646,1.);
#3646 = DIRECTION('',(0.,0.,-1.));
#3647 = ORIENTED_EDGE('',*,*,#3648,.T.);
#3648 = EDGE_CURVE('',#3641,#3445,#3649,.T.);
#3649 = LINE('',#3650,#3651);
#3650 = CARTESIAN_POINT('',(2.099999961112,-1.232994702562,
    1.229999967964));
#3651 = VECTOR('',#3652,1.);
#3652 = DIRECTION('',(1.,0.,0.));
#3653 = ORIENTED_EDGE('',*,*,#3444,.F.);
#3654 = ORIENTED_EDGE('',*,*,#3655,.F.);
#3655 = EDGE_CURVE('',#3554,#3437,#3656,.T.);
#3656 = LINE('',#3657,#3658);
#3657 = CARTESIAN_POINT('',(2.499999953705,-1.232994702562,
    0.799999975927));
#3658 = VECTOR('',#3659,1.);
#3659 = DIRECTION('',(-1.,0.,0.));
#3660 = ORIENTED_EDGE('',*,*,#3553,.T.);
#3661 = PLANE('',#3662);
#3662 = AXIS2_PLACEMENT_3D('',#3663,#3664,#3665);
#3663 = CARTESIAN_POINT('',(2.099999961112,-1.232994702562,
    1.399999964816));
#3664 = DIRECTION('',(0.,-1.,0.));
#3665 = DIRECTION('',(1.,0.,0.));
#3666 = ADVANCED_FACE('',(#3667),#3692,.T.);
#3667 = FACE_BOUND('',#3668,.F.);
#3668 = EDGE_LOOP('',(#3669,#3677,#3678,#3686));
#3669 = ORIENTED_EDGE('',*,*,#3670,.F.);
#3670 = EDGE_CURVE('',#2941,#3671,#3673,.T.);
#3671 = VERTEX_POINT('',#3672);
#3672 = CARTESIAN_POINT('',(-2.299999957409,0.567005264105,
    1.399999964816));
#3673 = LINE('',#3674,#3675);
#3674 = CARTESIAN_POINT('',(-2.299999957409,1.042005255309,
    1.399999964816));
#3675 = VECTOR('',#3676,1.);
#3676 = DIRECTION('',(0.,-1.,0.));
#3677 = ORIENTED_EDGE('',*,*,#2940,.F.);
#3678 = ORIENTED_EDGE('',*,*,#3679,.T.);
#3679 = EDGE_CURVE('',#2933,#3680,#3682,.T.);
#3680 = VERTEX_POINT('',#3681);
#3681 = CARTESIAN_POINT('',(-2.099999961112,0.567005264105,
    1.399999964816));
#3682 = LINE('',#3683,#3684);
#3683 = CARTESIAN_POINT('',(-2.099999961112,1.042005255309,
    1.399999964816));
#3684 = VECTOR('',#3685,1.);
#3685 = DIRECTION('',(0.,-1.,0.));
#3686 = ORIENTED_EDGE('',*,*,#3687,.F.);
#3687 = EDGE_CURVE('',#3671,#3680,#3688,.T.);
#3688 = LINE('',#3689,#3690);
#3689 = CARTESIAN_POINT('',(-2.299999957409,0.567005264105,
    1.399999964816));
#3690 = VECTOR('',#3691,1.);
#3691 = DIRECTION('',(1.,0.,0.));
#3692 = PLANE('',#3693);
#3693 = AXIS2_PLACEMENT_3D('',#3694,#3695,#3696);
#3694 = CARTESIAN_POINT('',(0.,-0.332994719228,1.399999964816));
#3695 = DIRECTION('',(0.,0.,1.));
#3696 = DIRECTION('',(1.,0.,0.));
#3697 = ADVANCED_FACE('',(#3698),#3732,.T.);
#3698 = FACE_BOUND('',#3699,.F.);
#3699 = EDGE_LOOP('',(#3700,#3710,#3718,#3726));
#3700 = ORIENTED_EDGE('',*,*,#3701,.F.);
#3701 = EDGE_CURVE('',#3702,#3704,#3706,.T.);
#3702 = VERTEX_POINT('',#3703);
#3703 = CARTESIAN_POINT('',(-2.299999957409,-1.232994702562,
    1.399999964816));
#3704 = VERTEX_POINT('',#3705);
#3705 = CARTESIAN_POINT('',(-2.299999957409,-1.707994693766,
    1.399999964816));
#3706 = LINE('',#3707,#3708);
#3707 = CARTESIAN_POINT('',(-2.299999957409,-1.232994702562,
    1.399999964816));
#3708 = VECTOR('',#3709,1.);
#3709 = DIRECTION('',(0.,-1.,0.));
#3710 = ORIENTED_EDGE('',*,*,#3711,.T.);
#3711 = EDGE_CURVE('',#3702,#3712,#3714,.T.);
#3712 = VERTEX_POINT('',#3713);
#3713 = CARTESIAN_POINT('',(-2.099999961112,-1.232994702562,
    1.399999964816));
#3714 = LINE('',#3715,#3716);
#3715 = CARTESIAN_POINT('',(-2.299999957409,-1.232994702562,
    1.399999964816));
#3716 = VECTOR('',#3717,1.);
#3717 = DIRECTION('',(1.,0.,0.));
#3718 = ORIENTED_EDGE('',*,*,#3719,.F.);
#3719 = EDGE_CURVE('',#3720,#3712,#3722,.T.);
#3720 = VERTEX_POINT('',#3721);
#3721 = CARTESIAN_POINT('',(-2.099999961112,-1.707994693766,
    1.399999964816));
#3722 = LINE('',#3723,#3724);
#3723 = CARTESIAN_POINT('',(-2.099999961112,-1.707994693766,
    1.399999964816));
#3724 = VECTOR('',#3725,1.);
#3725 = DIRECTION('',(0.,1.,0.));
#3726 = ORIENTED_EDGE('',*,*,#3727,.F.);
#3727 = EDGE_CURVE('',#3704,#3720,#3728,.T.);
#3728 = LINE('',#3729,#3730);
#3729 = CARTESIAN_POINT('',(-2.299999957409,-1.707994693766,
    1.399999964816));
#3730 = VECTOR('',#3731,1.);
#3731 = DIRECTION('',(1.,0.,0.));
#3732 = PLANE('',#3733);
#3733 = AXIS2_PLACEMENT_3D('',#3734,#3735,#3736);
#3734 = CARTESIAN_POINT('',(0.,-0.332994719228,1.399999964816));
#3735 = DIRECTION('',(0.,0.,1.));
#3736 = DIRECTION('',(1.,0.,0.));
#3737 = ADVANCED_FACE('',(#3738),#3756,.T.);
#3738 = FACE_BOUND('',#3739,.F.);
#3739 = EDGE_LOOP('',(#3740,#3741,#3749,#3755));
#3740 = ORIENTED_EDGE('',*,*,#3617,.F.);
#3741 = ORIENTED_EDGE('',*,*,#3742,.F.);
#3742 = EDGE_CURVE('',#3743,#3610,#3745,.T.);
#3743 = VERTEX_POINT('',#3744);
#3744 = CARTESIAN_POINT('',(2.099999961112,-1.707994693766,
    1.399999964816));
#3745 = LINE('',#3746,#3747);
#3746 = CARTESIAN_POINT('',(2.099999961112,-1.707994693766,
    1.399999964816));
#3747 = VECTOR('',#3748,1.);
#3748 = DIRECTION('',(1.,0.,0.));
#3749 = ORIENTED_EDGE('',*,*,#3750,.T.);
#3750 = EDGE_CURVE('',#3743,#3633,#3751,.T.);
#3751 = LINE('',#3752,#3753);
#3752 = CARTESIAN_POINT('',(2.099999961112,-1.707994693766,
    1.399999964816));
#3753 = VECTOR('',#3754,1.);
#3754 = DIRECTION('',(0.,1.,0.));
#3755 = ORIENTED_EDGE('',*,*,#3632,.F.);
#3756 = PLANE('',#3757);
#3757 = AXIS2_PLACEMENT_3D('',#3758,#3759,#3760);
#3758 = CARTESIAN_POINT('',(0.,-0.332994719228,1.399999964816));
#3759 = DIRECTION('',(0.,0.,1.));
#3760 = DIRECTION('',(1.,0.,0.));
#3761 = ADVANCED_FACE('',(#3762),#3773,.T.);
#3762 = FACE_BOUND('',#3763,.F.);
#3763 = EDGE_LOOP('',(#3764,#3765,#3766,#3772));
#3764 = ORIENTED_EDGE('',*,*,#3529,.F.);
#3765 = ORIENTED_EDGE('',*,*,#3507,.T.);
#3766 = ORIENTED_EDGE('',*,*,#3767,.F.);
#3767 = EDGE_CURVE('',#2909,#3500,#3768,.T.);
#3768 = LINE('',#3769,#3770);
#3769 = CARTESIAN_POINT('',(2.099999961112,1.042005255309,1.399999964816
    ));
#3770 = VECTOR('',#3771,1.);
#3771 = DIRECTION('',(0.,-1.,0.));
#3772 = ORIENTED_EDGE('',*,*,#2908,.F.);
#3773 = PLANE('',#3774);
#3774 = AXIS2_PLACEMENT_3D('',#3775,#3776,#3777);
#3775 = CARTESIAN_POINT('',(0.,-0.332994719228,1.399999964816));
#3776 = DIRECTION('',(0.,0.,1.));
#3777 = DIRECTION('',(1.,0.,0.));
#3778 = ADVANCED_FACE('',(#3779),#3797,.T.);
#3779 = FACE_BOUND('',#3780,.F.);
#3780 = EDGE_LOOP('',(#3781,#3789,#3795,#3796));
#3781 = ORIENTED_EDGE('',*,*,#3782,.T.);
#3782 = EDGE_CURVE('',#3671,#3783,#3785,.T.);
#3783 = VERTEX_POINT('',#3784);
#3784 = CARTESIAN_POINT('',(-2.499999953705,0.567005264105,
    0.999999972223));
#3785 = LINE('',#3786,#3787);
#3786 = CARTESIAN_POINT('',(-2.299999957409,0.567005264105,
    1.399999964816));
#3787 = VECTOR('',#3788,1.);
#3788 = DIRECTION('',(-0.4472135955,0.,-0.894427191));
#3789 = ORIENTED_EDGE('',*,*,#3790,.F.);
#3790 = EDGE_CURVE('',#2949,#3783,#3791,.T.);
#3791 = LINE('',#3792,#3793);
#3792 = CARTESIAN_POINT('',(-2.499999953705,1.042005255309,
    0.999999972223));
#3793 = VECTOR('',#3794,1.);
#3794 = DIRECTION('',(0.,-1.,0.));
#3795 = ORIENTED_EDGE('',*,*,#2948,.T.);
#3796 = ORIENTED_EDGE('',*,*,#3670,.T.);
#3797 = PLANE('',#3798);
#3798 = AXIS2_PLACEMENT_3D('',#3799,#3800,#3801);
#3799 = CARTESIAN_POINT('',(-2.399999955557,0.804505259707,
    1.199999968519));
#3800 = DIRECTION('',(-0.894427191,0.,0.4472135955));
#3801 = DIRECTION('',(-0.4472135955,0.,-0.894427191));
#3802 = ADVANCED_FACE('',(#3803),#3845,.F.);
#3803 = FACE_BOUND('',#3804,.F.);
#3804 = EDGE_LOOP('',(#3805,#3806,#3807,#3815,#3823,#3831,#3839));
#3805 = ORIENTED_EDGE('',*,*,#3782,.F.);
#3806 = ORIENTED_EDGE('',*,*,#3687,.T.);
#3807 = ORIENTED_EDGE('',*,*,#3808,.T.);
#3808 = EDGE_CURVE('',#3680,#3809,#3811,.T.);
#3809 = VERTEX_POINT('',#3810);
#3810 = CARTESIAN_POINT('',(-2.099999961112,0.567005264105,
    1.229999967964));
#3811 = LINE('',#3812,#3813);
#3812 = CARTESIAN_POINT('',(-2.099999961112,0.567005264105,
    1.399999964816));
#3813 = VECTOR('',#3814,1.);
#3814 = DIRECTION('',(0.,0.,-1.));
#3815 = ORIENTED_EDGE('',*,*,#3816,.T.);
#3816 = EDGE_CURVE('',#3809,#3817,#3819,.T.);
#3817 = VERTEX_POINT('',#3818);
#3818 = CARTESIAN_POINT('',(-2.329999956853,0.567005264105,
    1.229999967964));
#3819 = LINE('',#3820,#3821);
#3820 = CARTESIAN_POINT('',(-2.099999961112,0.567005264105,
    1.229999967964));
#3821 = VECTOR('',#3822,1.);
#3822 = DIRECTION('',(-1.,0.,0.));
#3823 = ORIENTED_EDGE('',*,*,#3824,.T.);
#3824 = EDGE_CURVE('',#3817,#3825,#3827,.T.);
#3825 = VERTEX_POINT('',#3826);
#3826 = CARTESIAN_POINT('',(-2.329999956853,0.567005264105,
    0.799999975927));
#3827 = LINE('',#3828,#3829);
#3828 = CARTESIAN_POINT('',(-2.329999956853,0.567005264105,
    1.229999967964));
#3829 = VECTOR('',#3830,1.);
#3830 = DIRECTION('',(0.,0.,-1.));
#3831 = ORIENTED_EDGE('',*,*,#3832,.F.);
#3832 = EDGE_CURVE('',#3833,#3825,#3835,.T.);
#3833 = VERTEX_POINT('',#3834);
#3834 = CARTESIAN_POINT('',(-2.499999953705,0.567005264105,
    0.799999975927));
#3835 = LINE('',#3836,#3837);
#3836 = CARTESIAN_POINT('',(-2.499999953705,0.567005264105,
    0.799999975927));
#3837 = VECTOR('',#3838,1.);
#3838 = DIRECTION('',(1.,0.,0.));
#3839 = ORIENTED_EDGE('',*,*,#3840,.T.);
#3840 = EDGE_CURVE('',#3833,#3783,#3841,.T.);
#3841 = LINE('',#3842,#3843);
#3842 = CARTESIAN_POINT('',(-2.499999953705,0.567005264105,
    0.799999975927));
#3843 = VECTOR('',#3844,1.);
#3844 = DIRECTION('',(0.,0.,1.));
#3845 = PLANE('',#3846);
#3846 = AXIS2_PLACEMENT_3D('',#3847,#3848,#3849);
#3847 = CARTESIAN_POINT('',(-2.099999961112,0.567005264105,
    1.399999964816));
#3848 = DIRECTION('',(0.,1.,0.));
#3849 = DIRECTION('',(-1.,0.,0.));
#3850 = ADVANCED_FACE('',(#3851),#3862,.F.);
#3851 = FACE_BOUND('',#3852,.F.);
#3852 = EDGE_LOOP('',(#3853,#3854,#3855,#3861));
#3853 = ORIENTED_EDGE('',*,*,#3679,.F.);
#3854 = ORIENTED_EDGE('',*,*,#2932,.T.);
#3855 = ORIENTED_EDGE('',*,*,#3856,.T.);
#3856 = EDGE_CURVE('',#2925,#3809,#3857,.T.);
#3857 = LINE('',#3858,#3859);
#3858 = CARTESIAN_POINT('',(-2.099999961112,1.042005255309,
    1.229999967964));
#3859 = VECTOR('',#3860,1.);
#3860 = DIRECTION('',(0.,-1.,0.));
#3861 = ORIENTED_EDGE('',*,*,#3808,.F.);
#3862 = PLANE('',#3863);
#3863 = AXIS2_PLACEMENT_3D('',#3864,#3865,#3866);
#3864 = CARTESIAN_POINT('',(-2.099999961112,1.042005255309,
    1.399999964816));
#3865 = DIRECTION('',(-1.,0.,0.));
#3866 = DIRECTION('',(0.,-1.,0.));
#3867 = ADVANCED_FACE('',(#3868),#3952,.T.);
#3868 = FACE_BOUND('',#3869,.F.);
#3869 = EDGE_LOOP('',(#3870,#3880,#3888,#3896,#3904,#3912,#3918,#3919,
    #3920,#3921,#3927,#3928,#3929,#3930,#3938,#3946));
#3870 = ORIENTED_EDGE('',*,*,#3871,.F.);
#3871 = EDGE_CURVE('',#3872,#3874,#3876,.T.);
#3872 = VERTEX_POINT('',#3873);
#3873 = CARTESIAN_POINT('',(-1.399999974075,-0.907994708581,
    1.229999967964));
#3874 = VERTEX_POINT('',#3875);
#3875 = CARTESIAN_POINT('',(1.399999974075,-0.907994708581,
    1.229999967964));
#3876 = LINE('',#3877,#3878);
#3877 = CARTESIAN_POINT('',(-1.399999974075,-0.907994708581,
    1.229999967964));
#3878 = VECTOR('',#3879,1.);
#3879 = DIRECTION('',(1.,0.,0.));
#3880 = ORIENTED_EDGE('',*,*,#3881,.F.);
#3881 = EDGE_CURVE('',#3882,#3872,#3884,.T.);
#3882 = VERTEX_POINT('',#3883);
#3883 = CARTESIAN_POINT('',(-1.399999974075,-1.707994693766,
    1.229999967964));
#3884 = LINE('',#3885,#3886);
#3885 = CARTESIAN_POINT('',(-1.399999974075,-1.707994693766,
    1.229999967964));
#3886 = VECTOR('',#3887,1.);
#3887 = DIRECTION('',(0.,1.,0.));
#3888 = ORIENTED_EDGE('',*,*,#3889,.F.);
#3889 = EDGE_CURVE('',#3890,#3882,#3892,.T.);
#3890 = VERTEX_POINT('',#3891);
#3891 = CARTESIAN_POINT('',(-2.099999961112,-1.707994693766,
    1.229999967964));
#3892 = LINE('',#3893,#3894);
#3893 = CARTESIAN_POINT('',(-2.099999961112,-1.707994693766,
    1.229999967964));
#3894 = VECTOR('',#3895,1.);
#3895 = DIRECTION('',(1.,0.,0.));
#3896 = ORIENTED_EDGE('',*,*,#3897,.F.);
#3897 = EDGE_CURVE('',#3898,#3890,#3900,.T.);
#3898 = VERTEX_POINT('',#3899);
#3899 = CARTESIAN_POINT('',(-2.099999961112,-1.232994702562,
    1.229999967964));
#3900 = LINE('',#3901,#3902);
#3901 = CARTESIAN_POINT('',(-2.099999961112,-1.232994702562,
    1.229999967964));
#3902 = VECTOR('',#3903,1.);
#3903 = DIRECTION('',(0.,-1.,0.));
#3904 = ORIENTED_EDGE('',*,*,#3905,.F.);
#3905 = EDGE_CURVE('',#3906,#3898,#3908,.T.);
#3906 = VERTEX_POINT('',#3907);
#3907 = CARTESIAN_POINT('',(-2.329999956853,-1.232994702562,
    1.229999967964));
#3908 = LINE('',#3909,#3910);
#3909 = CARTESIAN_POINT('',(-2.329999956853,-1.232994702562,
    1.229999967964));
#3910 = VECTOR('',#3911,1.);
#3911 = DIRECTION('',(1.,0.,0.));
#3912 = ORIENTED_EDGE('',*,*,#3913,.T.);
#3913 = EDGE_CURVE('',#3906,#3817,#3914,.T.);
#3914 = LINE('',#3915,#3916);
#3915 = CARTESIAN_POINT('',(-2.329999956853,-1.232994702562,
    1.229999967964));
#3916 = VECTOR('',#3917,1.);
#3917 = DIRECTION('',(0.,1.,0.));
#3918 = ORIENTED_EDGE('',*,*,#3816,.F.);
#3919 = ORIENTED_EDGE('',*,*,#3856,.F.);
#3920 = ORIENTED_EDGE('',*,*,#2924,.F.);
#3921 = ORIENTED_EDGE('',*,*,#3922,.F.);
#3922 = EDGE_CURVE('',#3492,#2917,#3923,.T.);
#3923 = LINE('',#3924,#3925);
#3924 = CARTESIAN_POINT('',(2.099999961112,0.567005264105,1.229999967964
    ));
#3925 = VECTOR('',#3926,1.);
#3926 = DIRECTION('',(0.,1.,0.));
#3927 = ORIENTED_EDGE('',*,*,#3491,.F.);
#3928 = ORIENTED_EDGE('',*,*,#3452,.F.);
#3929 = ORIENTED_EDGE('',*,*,#3648,.F.);
#3930 = ORIENTED_EDGE('',*,*,#3931,.F.);
#3931 = EDGE_CURVE('',#3932,#3641,#3934,.T.);
#3932 = VERTEX_POINT('',#3933);
#3933 = CARTESIAN_POINT('',(2.099999961112,-1.707994693766,
    1.229999967964));
#3934 = LINE('',#3935,#3936);
#3935 = CARTESIAN_POINT('',(2.099999961112,-1.707994693766,
    1.229999967964));
#3936 = VECTOR('',#3937,1.);
#3937 = DIRECTION('',(0.,1.,0.));
#3938 = ORIENTED_EDGE('',*,*,#3939,.F.);
#3939 = EDGE_CURVE('',#3940,#3932,#3942,.T.);
#3940 = VERTEX_POINT('',#3941);
#3941 = CARTESIAN_POINT('',(1.399999974075,-1.707994693766,
    1.229999967964));
#3942 = LINE('',#3943,#3944);
#3943 = CARTESIAN_POINT('',(1.399999974075,-1.707994693766,
    1.229999967964));
#3944 = VECTOR('',#3945,1.);
#3945 = DIRECTION('',(1.,0.,0.));
#3946 = ORIENTED_EDGE('',*,*,#3947,.T.);
#3947 = EDGE_CURVE('',#3940,#3874,#3948,.T.);
#3948 = LINE('',#3949,#3950);
#3949 = CARTESIAN_POINT('',(1.399999974075,-1.707994693766,
    1.229999967964));
#3950 = VECTOR('',#3951,1.);
#3951 = DIRECTION('',(0.,1.,0.));
#3952 = PLANE('',#3953);
#3953 = AXIS2_PLACEMENT_3D('',#3954,#3955,#3956);
#3954 = CARTESIAN_POINT('',(0.,-0.332994719228,1.229999967964));
#3955 = DIRECTION('',(0.,0.,1.));
#3956 = DIRECTION('',(1.,0.,0.));
#3957 = ADVANCED_FACE('',(#3958),#3983,.T.);
#3958 = FACE_BOUND('',#3959,.F.);
#3959 = EDGE_LOOP('',(#3960,#3961,#3969,#3977));
#3960 = ORIENTED_EDGE('',*,*,#3871,.T.);
#3961 = ORIENTED_EDGE('',*,*,#3962,.F.);
#3962 = EDGE_CURVE('',#3963,#3874,#3965,.T.);
#3963 = VERTEX_POINT('',#3964);
#3964 = CARTESIAN_POINT('',(1.399999974075,-0.907994708581,
    0.829999975371));
#3965 = LINE('',#3966,#3967);
#3966 = CARTESIAN_POINT('',(1.399999974075,-0.907994708581,
    0.829999975371));
#3967 = VECTOR('',#3968,1.);
#3968 = DIRECTION('',(0.,0.,1.));
#3969 = ORIENTED_EDGE('',*,*,#3970,.F.);
#3970 = EDGE_CURVE('',#3971,#3963,#3973,.T.);
#3971 = VERTEX_POINT('',#3972);
#3972 = CARTESIAN_POINT('',(-1.399999974075,-0.907994708581,
    0.829999975371));
#3973 = LINE('',#3974,#3975);
#3974 = CARTESIAN_POINT('',(-1.399999974075,-0.907994708581,
    0.829999975371));
#3975 = VECTOR('',#3976,1.);
#3976 = DIRECTION('',(1.,0.,0.));
#3977 = ORIENTED_EDGE('',*,*,#3978,.F.);
#3978 = EDGE_CURVE('',#3872,#3971,#3979,.T.);
#3979 = LINE('',#3980,#3981);
#3980 = CARTESIAN_POINT('',(-1.399999974075,-0.907994708581,
    1.229999967964));
#3981 = VECTOR('',#3982,1.);
#3982 = DIRECTION('',(0.,0.,-1.));
#3983 = PLANE('',#3984);
#3984 = AXIS2_PLACEMENT_3D('',#3985,#3986,#3987);
#3985 = CARTESIAN_POINT('',(0.,-0.907994708581,-9.258973643345E-09));
#3986 = DIRECTION('',(0.,-1.,0.));
#3987 = DIRECTION('',(1.,0.,0.));
#3988 = ADVANCED_FACE('',(#3989),#4007,.F.);
#3989 = FACE_BOUND('',#3990,.F.);
#3990 = EDGE_LOOP('',(#3991,#3999,#4005,#4006));
#3991 = ORIENTED_EDGE('',*,*,#3992,.F.);
#3992 = EDGE_CURVE('',#3993,#3940,#3995,.T.);
#3993 = VERTEX_POINT('',#3994);
#3994 = CARTESIAN_POINT('',(1.399999974075,-1.707994693766,
    0.829999975371));
#3995 = LINE('',#3996,#3997);
#3996 = CARTESIAN_POINT('',(1.399999974075,-1.707994693766,
    0.829999975371));
#3997 = VECTOR('',#3998,1.);
#3998 = DIRECTION('',(0.,0.,1.));
#3999 = ORIENTED_EDGE('',*,*,#4000,.T.);
#4000 = EDGE_CURVE('',#3993,#3963,#4001,.T.);
#4001 = LINE('',#4002,#4003);
#4002 = CARTESIAN_POINT('',(1.399999974075,-1.707994693766,
    0.829999975371));
#4003 = VECTOR('',#4004,1.);
#4004 = DIRECTION('',(0.,1.,0.));
#4005 = ORIENTED_EDGE('',*,*,#3962,.T.);
#4006 = ORIENTED_EDGE('',*,*,#3947,.F.);
#4007 = PLANE('',#4008);
#4008 = AXIS2_PLACEMENT_3D('',#4009,#4010,#4011);
#4009 = CARTESIAN_POINT('',(1.399999974075,-1.707994693766,
    0.829999975371));
#4010 = DIRECTION('',(1.,0.,0.));
#4011 = DIRECTION('',(0.,0.,1.));
#4012 = ADVANCED_FACE('',(#4013),#4086,.T.);
#4013 = FACE_BOUND('',#4014,.F.);
#4014 = EDGE_LOOP('',(#4015,#4023,#4029,#4030,#4031,#4037,#4038,#4039,
    #4040,#4046,#4047,#4048,#4056,#4064,#4072,#4078,#4079,#4085));
#4015 = ORIENTED_EDGE('',*,*,#4016,.T.);
#4016 = EDGE_CURVE('',#3882,#4017,#4019,.T.);
#4017 = VERTEX_POINT('',#4018);
#4018 = CARTESIAN_POINT('',(-1.399999974075,-1.707994693766,
    0.829999975371));
#4019 = LINE('',#4020,#4021);
#4020 = CARTESIAN_POINT('',(-1.399999974075,-1.707994693766,
    1.229999967964));
#4021 = VECTOR('',#4022,1.);
#4022 = DIRECTION('',(0.,0.,-1.));
#4023 = ORIENTED_EDGE('',*,*,#4024,.T.);
#4024 = EDGE_CURVE('',#4017,#3993,#4025,.T.);
#4025 = LINE('',#4026,#4027);
#4026 = CARTESIAN_POINT('',(-1.399999974075,-1.707994693766,
    0.829999975371));
#4027 = VECTOR('',#4028,1.);
#4028 = DIRECTION('',(1.,0.,0.));
#4029 = ORIENTED_EDGE('',*,*,#3992,.T.);
#4030 = ORIENTED_EDGE('',*,*,#3939,.T.);
#4031 = ORIENTED_EDGE('',*,*,#4032,.F.);
#4032 = EDGE_CURVE('',#3743,#3932,#4033,.T.);
#4033 = LINE('',#4034,#4035);
#4034 = CARTESIAN_POINT('',(2.099999961112,-1.707994693766,
    1.399999964816));
#4035 = VECTOR('',#4036,1.);
#4036 = DIRECTION('',(0.,0.,-1.));
#4037 = ORIENTED_EDGE('',*,*,#3742,.T.);
#4038 = ORIENTED_EDGE('',*,*,#3609,.F.);
#4039 = ORIENTED_EDGE('',*,*,#3569,.F.);
#4040 = ORIENTED_EDGE('',*,*,#4041,.T.);
#4041 = EDGE_CURVE('',#3562,#3429,#4042,.T.);
#4042 = LINE('',#4043,#4044);
#4043 = CARTESIAN_POINT('',(2.499999953705,-1.707994693766,
    0.799999975927));
#4044 = VECTOR('',#4045,1.);
#4045 = DIRECTION('',(-1.,0.,0.));
#4046 = ORIENTED_EDGE('',*,*,#3428,.F.);
#4047 = ORIENTED_EDGE('',*,*,#580,.F.);
#4048 = ORIENTED_EDGE('',*,*,#4049,.T.);
#4049 = EDGE_CURVE('',#573,#4050,#4052,.T.);
#4050 = VERTEX_POINT('',#4051);
#4051 = CARTESIAN_POINT('',(-2.329999956853,-1.707994693766,
    0.799999975927));
#4052 = LINE('',#4053,#4054);
#4053 = CARTESIAN_POINT('',(-2.329999956853,-1.707994693766,
    -9.258973643345E-09));
#4054 = VECTOR('',#4055,1.);
#4055 = DIRECTION('',(0.,0.,1.));
#4056 = ORIENTED_EDGE('',*,*,#4057,.F.);
#4057 = EDGE_CURVE('',#4058,#4050,#4060,.T.);
#4058 = VERTEX_POINT('',#4059);
#4059 = CARTESIAN_POINT('',(-2.499999953705,-1.707994693766,
    0.799999975927));
#4060 = LINE('',#4061,#4062);
#4061 = CARTESIAN_POINT('',(-2.499999953705,-1.707994693766,
    0.799999975927));
#4062 = VECTOR('',#4063,1.);
#4063 = DIRECTION('',(1.,0.,0.));
#4064 = ORIENTED_EDGE('',*,*,#4065,.T.);
#4065 = EDGE_CURVE('',#4058,#4066,#4068,.T.);
#4066 = VERTEX_POINT('',#4067);
#4067 = CARTESIAN_POINT('',(-2.499999953705,-1.707994693766,
    0.999999972223));
#4068 = LINE('',#4069,#4070);
#4069 = CARTESIAN_POINT('',(-2.499999953705,-1.707994693766,
    0.799999975927));
#4070 = VECTOR('',#4071,1.);
#4071 = DIRECTION('',(0.,0.,1.));
#4072 = ORIENTED_EDGE('',*,*,#4073,.F.);
#4073 = EDGE_CURVE('',#3704,#4066,#4074,.T.);
#4074 = LINE('',#4075,#4076);
#4075 = CARTESIAN_POINT('',(-2.299999957409,-1.707994693766,
    1.399999964816));
#4076 = VECTOR('',#4077,1.);
#4077 = DIRECTION('',(-0.4472135955,0.,-0.894427191));
#4078 = ORIENTED_EDGE('',*,*,#3727,.T.);
#4079 = ORIENTED_EDGE('',*,*,#4080,.T.);
#4080 = EDGE_CURVE('',#3720,#3890,#4081,.T.);
#4081 = LINE('',#4082,#4083);
#4082 = CARTESIAN_POINT('',(-2.099999961112,-1.707994693766,
    1.399999964816));
#4083 = VECTOR('',#4084,1.);
#4084 = DIRECTION('',(0.,0.,-1.));
#4085 = ORIENTED_EDGE('',*,*,#3889,.T.);
#4086 = PLANE('',#4087);
#4087 = AXIS2_PLACEMENT_3D('',#4088,#4089,#4090);
#4088 = CARTESIAN_POINT('',(-2.499999953705,-1.707994693766,
    -9.258973643345E-09));
#4089 = DIRECTION('',(0.,-1.,0.));
#4090 = DIRECTION('',(1.,0.,0.));
#4091 = ADVANCED_FACE('',(#4092),#4103,.F.);
#4092 = FACE_BOUND('',#4093,.F.);
#4093 = EDGE_LOOP('',(#4094,#4095,#4096,#4097));
#4094 = ORIENTED_EDGE('',*,*,#4016,.F.);
#4095 = ORIENTED_EDGE('',*,*,#3881,.T.);
#4096 = ORIENTED_EDGE('',*,*,#3978,.T.);
#4097 = ORIENTED_EDGE('',*,*,#4098,.F.);
#4098 = EDGE_CURVE('',#4017,#3971,#4099,.T.);
#4099 = LINE('',#4100,#4101);
#4100 = CARTESIAN_POINT('',(-1.399999974075,-1.707994693766,
    0.829999975371));
#4101 = VECTOR('',#4102,1.);
#4102 = DIRECTION('',(0.,1.,0.));
#4103 = PLANE('',#4104);
#4104 = AXIS2_PLACEMENT_3D('',#4105,#4106,#4107);
#4105 = CARTESIAN_POINT('',(-1.399999974075,-1.707994693766,
    1.229999967964));
#4106 = DIRECTION('',(-1.,0.,0.));
#4107 = DIRECTION('',(0.,0.,-1.));
#4108 = ADVANCED_FACE('',(#4109),#4115,.F.);
#4109 = FACE_BOUND('',#4110,.F.);
#4110 = EDGE_LOOP('',(#4111,#4112,#4113,#4114));
#4111 = ORIENTED_EDGE('',*,*,#4024,.F.);
#4112 = ORIENTED_EDGE('',*,*,#4098,.T.);
#4113 = ORIENTED_EDGE('',*,*,#3970,.T.);
#4114 = ORIENTED_EDGE('',*,*,#4000,.F.);
#4115 = PLANE('',#4116);
#4116 = AXIS2_PLACEMENT_3D('',#4117,#4118,#4119);
#4117 = CARTESIAN_POINT('',(-1.399999974075,-1.707994693766,
    0.829999975371));
#4118 = DIRECTION('',(0.,0.,-1.));
#4119 = DIRECTION('',(1.,0.,0.));
#4120 = ADVANCED_FACE('',(#4121),#4127,.F.);
#4121 = FACE_BOUND('',#4122,.F.);
#4122 = EDGE_LOOP('',(#4123,#4124,#4125,#4126));
#4123 = ORIENTED_EDGE('',*,*,#3750,.F.);
#4124 = ORIENTED_EDGE('',*,*,#4032,.T.);
#4125 = ORIENTED_EDGE('',*,*,#3931,.T.);
#4126 = ORIENTED_EDGE('',*,*,#3640,.F.);
#4127 = PLANE('',#4128);
#4128 = AXIS2_PLACEMENT_3D('',#4129,#4130,#4131);
#4129 = CARTESIAN_POINT('',(2.099999961112,-1.707994693766,
    1.399999964816));
#4130 = DIRECTION('',(1.,0.,0.));
#4131 = DIRECTION('',(0.,1.,0.));
#4132 = ADVANCED_FACE('',(#4133),#4139,.T.);
#4133 = FACE_BOUND('',#4134,.F.);
#4134 = EDGE_LOOP('',(#4135,#4136,#4137,#4138));
#4135 = ORIENTED_EDGE('',*,*,#3436,.F.);
#4136 = ORIENTED_EDGE('',*,*,#4041,.F.);
#4137 = ORIENTED_EDGE('',*,*,#3561,.T.);
#4138 = ORIENTED_EDGE('',*,*,#3655,.T.);
#4139 = PLANE('',#4140);
#4140 = AXIS2_PLACEMENT_3D('',#4141,#4142,#4143);
#4141 = CARTESIAN_POINT('',(2.499999953705,-1.707994693766,
    0.799999975927));
#4142 = DIRECTION('',(0.,0.,-1.));
#4143 = DIRECTION('',(0.,1.,0.));
#4144 = ADVANCED_FACE('',(#4145),#4172,.T.);
#4145 = FACE_BOUND('',#4146,.F.);
#4146 = EDGE_LOOP('',(#4147,#4148,#4149,#4155,#4156,#4157,#4165,#4171));
#4147 = ORIENTED_EDGE('',*,*,#572,.T.);
#4148 = ORIENTED_EDGE('',*,*,#2972,.T.);
#4149 = ORIENTED_EDGE('',*,*,#4150,.F.);
#4150 = EDGE_CURVE('',#3825,#2965,#4151,.T.);
#4151 = LINE('',#4152,#4153);
#4152 = CARTESIAN_POINT('',(-2.329999956853,0.567005264105,
    0.799999975927));
#4153 = VECTOR('',#4154,1.);
#4154 = DIRECTION('',(0.,1.,0.));
#4155 = ORIENTED_EDGE('',*,*,#3824,.F.);
#4156 = ORIENTED_EDGE('',*,*,#3913,.F.);
#4157 = ORIENTED_EDGE('',*,*,#4158,.F.);
#4158 = EDGE_CURVE('',#4159,#3906,#4161,.T.);
#4159 = VERTEX_POINT('',#4160);
#4160 = CARTESIAN_POINT('',(-2.329999956853,-1.232994702562,
    0.799999975927));
#4161 = LINE('',#4162,#4163);
#4162 = CARTESIAN_POINT('',(-2.329999956853,-1.232994702562,
    0.799999975927));
#4163 = VECTOR('',#4164,1.);
#4164 = DIRECTION('',(0.,0.,1.));
#4165 = ORIENTED_EDGE('',*,*,#4166,.F.);
#4166 = EDGE_CURVE('',#4050,#4159,#4167,.T.);
#4167 = LINE('',#4168,#4169);
#4168 = CARTESIAN_POINT('',(-2.329999956853,-1.707994693766,
    0.799999975927));
#4169 = VECTOR('',#4170,1.);
#4170 = DIRECTION('',(0.,1.,0.));
#4171 = ORIENTED_EDGE('',*,*,#4049,.F.);
#4172 = PLANE('',#4173);
#4173 = AXIS2_PLACEMENT_3D('',#4174,#4175,#4176);
#4174 = CARTESIAN_POINT('',(-2.329999956853,-0.332994719228,
    -9.258973643345E-09));
#4175 = DIRECTION('',(-1.,0.,0.));
#4176 = DIRECTION('',(0.,-1.,0.));
#4177 = ADVANCED_FACE('',(#4178),#4189,.F.);
#4178 = FACE_BOUND('',#4179,.F.);
#4179 = EDGE_LOOP('',(#4180,#4186,#4187,#4188));
#4180 = ORIENTED_EDGE('',*,*,#4181,.T.);
#4181 = EDGE_CURVE('',#2957,#3833,#4182,.T.);
#4182 = LINE('',#4183,#4184);
#4183 = CARTESIAN_POINT('',(-2.499999953705,1.042005255309,
    0.799999975927));
#4184 = VECTOR('',#4185,1.);
#4185 = DIRECTION('',(0.,-1.,0.));
#4186 = ORIENTED_EDGE('',*,*,#3832,.T.);
#4187 = ORIENTED_EDGE('',*,*,#4150,.T.);
#4188 = ORIENTED_EDGE('',*,*,#2964,.F.);
#4189 = PLANE('',#4190);
#4190 = AXIS2_PLACEMENT_3D('',#4191,#4192,#4193);
#4191 = CARTESIAN_POINT('',(-2.499999953705,0.567005264105,
    0.799999975927));
#4192 = DIRECTION('',(0.,0.,1.));
#4193 = DIRECTION('',(0.,1.,0.));
#4194 = ADVANCED_FACE('',(#4195),#4201,.T.);
#4195 = FACE_BOUND('',#4196,.F.);
#4196 = EDGE_LOOP('',(#4197,#4198,#4199,#4200));
#4197 = ORIENTED_EDGE('',*,*,#3790,.T.);
#4198 = ORIENTED_EDGE('',*,*,#3840,.F.);
#4199 = ORIENTED_EDGE('',*,*,#4181,.F.);
#4200 = ORIENTED_EDGE('',*,*,#2956,.T.);
#4201 = PLANE('',#4202);
#4202 = AXIS2_PLACEMENT_3D('',#4203,#4204,#4205);
#4203 = CARTESIAN_POINT('',(-2.499999953705,1.042005255309,
    -9.258973643345E-09));
#4204 = DIRECTION('',(-1.,0.,0.));
#4205 = DIRECTION('',(0.,-1.,0.));
#4206 = ADVANCED_FACE('',(#4207),#4232,.T.);
#4207 = FACE_BOUND('',#4208,.F.);
#4208 = EDGE_LOOP('',(#4209,#4217,#4218,#4226));
#4209 = ORIENTED_EDGE('',*,*,#4210,.T.);
#4210 = EDGE_CURVE('',#4211,#4066,#4213,.T.);
#4211 = VERTEX_POINT('',#4212);
#4212 = CARTESIAN_POINT('',(-2.499999953705,-1.232994702562,
    0.999999972223));
#4213 = LINE('',#4214,#4215);
#4214 = CARTESIAN_POINT('',(-2.499999953705,-1.232994702562,
    0.999999972223));
#4215 = VECTOR('',#4216,1.);
#4216 = DIRECTION('',(0.,-1.,0.));
#4217 = ORIENTED_EDGE('',*,*,#4065,.F.);
#4218 = ORIENTED_EDGE('',*,*,#4219,.T.);
#4219 = EDGE_CURVE('',#4058,#4220,#4222,.T.);
#4220 = VERTEX_POINT('',#4221);
#4221 = CARTESIAN_POINT('',(-2.499999953705,-1.232994702562,
    0.799999975927));
#4222 = LINE('',#4223,#4224);
#4223 = CARTESIAN_POINT('',(-2.499999953705,-1.707994693766,
    0.799999975927));
#4224 = VECTOR('',#4225,1.);
#4225 = DIRECTION('',(0.,1.,0.));
#4226 = ORIENTED_EDGE('',*,*,#4227,.F.);
#4227 = EDGE_CURVE('',#4211,#4220,#4228,.T.);
#4228 = LINE('',#4229,#4230);
#4229 = CARTESIAN_POINT('',(-2.499999953705,-1.232994702562,
    0.999999972223));
#4230 = VECTOR('',#4231,1.);
#4231 = DIRECTION('',(0.,0.,-1.));
#4232 = PLANE('',#4233);
#4233 = AXIS2_PLACEMENT_3D('',#4234,#4235,#4236);
#4234 = CARTESIAN_POINT('',(-2.499999953705,1.042005255309,
    -9.258973643345E-09));
#4235 = DIRECTION('',(-1.,0.,0.));
#4236 = DIRECTION('',(0.,-1.,0.));
#4237 = ADVANCED_FACE('',(#4238),#4249,.T.);
#4238 = FACE_BOUND('',#4239,.F.);
#4239 = EDGE_LOOP('',(#4240,#4241,#4242,#4248));
#4240 = ORIENTED_EDGE('',*,*,#4073,.T.);
#4241 = ORIENTED_EDGE('',*,*,#4210,.F.);
#4242 = ORIENTED_EDGE('',*,*,#4243,.T.);
#4243 = EDGE_CURVE('',#4211,#3702,#4244,.T.);
#4244 = LINE('',#4245,#4246);
#4245 = CARTESIAN_POINT('',(-2.499999953705,-1.232994702562,
    0.999999972223));
#4246 = VECTOR('',#4247,1.);
#4247 = DIRECTION('',(0.4472135955,0.,0.894427191));
#4248 = ORIENTED_EDGE('',*,*,#3701,.T.);
#4249 = PLANE('',#4250);
#4250 = AXIS2_PLACEMENT_3D('',#4251,#4252,#4253);
#4251 = CARTESIAN_POINT('',(-2.399999955557,-1.470494698164,
    1.199999968519));
#4252 = DIRECTION('',(-0.894427191,0.,0.4472135955));
#4253 = DIRECTION('',(-0.4472135955,0.,-0.894427191));
#4254 = ADVANCED_FACE('',(#4255),#4274,.F.);
#4255 = FACE_BOUND('',#4256,.F.);
#4256 = EDGE_LOOP('',(#4257,#4258,#4259,#4265,#4266,#4267,#4273));
#4257 = ORIENTED_EDGE('',*,*,#4243,.F.);
#4258 = ORIENTED_EDGE('',*,*,#4227,.T.);
#4259 = ORIENTED_EDGE('',*,*,#4260,.T.);
#4260 = EDGE_CURVE('',#4220,#4159,#4261,.T.);
#4261 = LINE('',#4262,#4263);
#4262 = CARTESIAN_POINT('',(-2.499999953705,-1.232994702562,
    0.799999975927));
#4263 = VECTOR('',#4264,1.);
#4264 = DIRECTION('',(1.,0.,0.));
#4265 = ORIENTED_EDGE('',*,*,#4158,.T.);
#4266 = ORIENTED_EDGE('',*,*,#3905,.T.);
#4267 = ORIENTED_EDGE('',*,*,#4268,.F.);
#4268 = EDGE_CURVE('',#3712,#3898,#4269,.T.);
#4269 = LINE('',#4270,#4271);
#4270 = CARTESIAN_POINT('',(-2.099999961112,-1.232994702562,
    1.399999964816));
#4271 = VECTOR('',#4272,1.);
#4272 = DIRECTION('',(0.,0.,-1.));
#4273 = ORIENTED_EDGE('',*,*,#3711,.F.);
#4274 = PLANE('',#4275);
#4275 = AXIS2_PLACEMENT_3D('',#4276,#4277,#4278);
#4276 = CARTESIAN_POINT('',(-2.499999953705,-1.232994702562,
    1.399999964816));
#4277 = DIRECTION('',(0.,-1.,0.));
#4278 = DIRECTION('',(1.,0.,0.));
#4279 = ADVANCED_FACE('',(#4280),#4286,.F.);
#4280 = FACE_BOUND('',#4281,.F.);
#4281 = EDGE_LOOP('',(#4282,#4283,#4284,#4285));
#4282 = ORIENTED_EDGE('',*,*,#4219,.F.);
#4283 = ORIENTED_EDGE('',*,*,#4057,.T.);
#4284 = ORIENTED_EDGE('',*,*,#4166,.T.);
#4285 = ORIENTED_EDGE('',*,*,#4260,.F.);
#4286 = PLANE('',#4287);
#4287 = AXIS2_PLACEMENT_3D('',#4288,#4289,#4290);
#4288 = CARTESIAN_POINT('',(-2.499999953705,-1.707994693766,
    0.799999975927));
#4289 = DIRECTION('',(0.,0.,1.));
#4290 = DIRECTION('',(0.,1.,0.));
#4291 = ADVANCED_FACE('',(#4292),#4298,.F.);
#4292 = FACE_BOUND('',#4293,.F.);
#4293 = EDGE_LOOP('',(#4294,#4295,#4296,#4297));
#4294 = ORIENTED_EDGE('',*,*,#3719,.T.);
#4295 = ORIENTED_EDGE('',*,*,#4268,.T.);
#4296 = ORIENTED_EDGE('',*,*,#3897,.T.);
#4297 = ORIENTED_EDGE('',*,*,#4080,.F.);
#4298 = PLANE('',#4299);
#4299 = AXIS2_PLACEMENT_3D('',#4300,#4301,#4302);
#4300 = CARTESIAN_POINT('',(-2.099999961112,-1.232994702562,
    1.399999964816));
#4301 = DIRECTION('',(-1.,0.,0.));
#4302 = DIRECTION('',(0.,-1.,0.));
#4303 = ADVANCED_FACE('',(#4304),#4310,.F.);
#4304 = FACE_BOUND('',#4305,.F.);
#4305 = EDGE_LOOP('',(#4306,#4307,#4308,#4309));
#4306 = ORIENTED_EDGE('',*,*,#3767,.T.);
#4307 = ORIENTED_EDGE('',*,*,#3499,.T.);
#4308 = ORIENTED_EDGE('',*,*,#3922,.T.);
#4309 = ORIENTED_EDGE('',*,*,#2916,.F.);
#4310 = PLANE('',#4311);
#4311 = AXIS2_PLACEMENT_3D('',#4312,#4313,#4314);
#4312 = CARTESIAN_POINT('',(2.099999961112,0.567005264105,1.399999964816
    ));
#4313 = DIRECTION('',(1.,0.,0.));
#4314 = DIRECTION('',(0.,1.,0.));
#4315 = ADVANCED_FACE('',(#4316),#4322,.T.);
#4316 = FACE_BOUND('',#4317,.F.);
#4317 = EDGE_LOOP('',(#4318,#4319,#4320,#4321));
#4318 = ORIENTED_EDGE('',*,*,#3420,.F.);
#4319 = ORIENTED_EDGE('',*,*,#3484,.F.);
#4320 = ORIENTED_EDGE('',*,*,#3585,.F.);
#4321 = ORIENTED_EDGE('',*,*,#2884,.T.);
#4322 = PLANE('',#4323);
#4323 = AXIS2_PLACEMENT_3D('',#4324,#4325,#4326);
#4324 = CARTESIAN_POINT('',(2.499999953705,0.567005264105,0.799999975927
    ));
#4325 = DIRECTION('',(0.,0.,-1.));
#4326 = DIRECTION('',(0.,1.,0.));
#4327 = ADVANCED_FACE('',(#4328),#4353,.T.);
#4328 = FACE_BOUND('',#4329,.F.);
#4329 = EDGE_LOOP('',(#4330,#4331,#4339,#4347));
#4330 = ORIENTED_EDGE('',*,*,#940,.F.);
#4331 = ORIENTED_EDGE('',*,*,#4332,.T.);
#4332 = EDGE_CURVE('',#941,#4333,#4335,.T.);
#4333 = VERTEX_POINT('',#4334);
#4334 = CARTESIAN_POINT('',(-0.63669998821,-1.493694697735,
    -1.000000907379E-02));
#4335 = LINE('',#4336,#4337);
#4336 = CARTESIAN_POINT('',(-0.63669998821,-1.493694697735,
    -9.258973643345E-09));
#4337 = VECTOR('',#4338,1.);
#4338 = DIRECTION('',(0.,0.,-1.));
#4339 = ORIENTED_EDGE('',*,*,#4340,.T.);
#4340 = EDGE_CURVE('',#4333,#4341,#4343,.T.);
#4341 = VERTEX_POINT('',#4342);
#4342 = CARTESIAN_POINT('',(-0.63669998821,-1.188394703388,
    -1.000000907379E-02));
#4343 = LINE('',#4344,#4345);
#4344 = CARTESIAN_POINT('',(-0.63669998821,-1.493694697735,
    -1.000000907379E-02));
#4345 = VECTOR('',#4346,1.);
#4346 = DIRECTION('',(0.,1.,0.));
#4347 = ORIENTED_EDGE('',*,*,#4348,.F.);
#4348 = EDGE_CURVE('',#943,#4341,#4349,.T.);
#4349 = LINE('',#4350,#4351);
#4350 = CARTESIAN_POINT('',(-0.63669998821,-1.188394703388,
    -9.258973643345E-09));
#4351 = VECTOR('',#4352,1.);
#4352 = DIRECTION('',(0.,0.,-1.));
#4353 = PLANE('',#4354);
#4354 = AXIS2_PLACEMENT_3D('',#4355,#4356,#4357);
#4355 = CARTESIAN_POINT('',(-0.63669998821,-1.493694697735,
    -9.258973643345E-09));
#4356 = DIRECTION('',(-1.,0.,0.));
#4357 = DIRECTION('',(0.,1.,0.));
#4358 = ADVANCED_FACE('',(#4359),#4377,.T.);
#4359 = FACE_BOUND('',#4360,.F.);
#4360 = EDGE_LOOP('',(#4361,#4362,#4370,#4376));
#4361 = ORIENTED_EDGE('',*,*,#982,.F.);
#4362 = ORIENTED_EDGE('',*,*,#4363,.T.);
#4363 = EDGE_CURVE('',#975,#4364,#4366,.T.);
#4364 = VERTEX_POINT('',#4365);
#4365 = CARTESIAN_POINT('',(-0.598537488916,-1.493694697735,
    -1.000000907379E-02));
#4366 = LINE('',#4367,#4368);
#4367 = CARTESIAN_POINT('',(-0.598537488916,-1.493694697735,
    -9.258973643345E-09));
#4368 = VECTOR('',#4369,1.);
#4369 = DIRECTION('',(0.,0.,-1.));
#4370 = ORIENTED_EDGE('',*,*,#4371,.T.);
#4371 = EDGE_CURVE('',#4364,#4333,#4372,.T.);
#4372 = LINE('',#4373,#4374);
#4373 = CARTESIAN_POINT('',(-0.598537488916,-1.493694697735,
    -1.000000907379E-02));
#4374 = VECTOR('',#4375,1.);
#4375 = DIRECTION('',(-1.,0.,0.));
#4376 = ORIENTED_EDGE('',*,*,#4332,.F.);
#4377 = PLANE('',#4378);
#4378 = AXIS2_PLACEMENT_3D('',#4379,#4380,#4381);
#4379 = CARTESIAN_POINT('',(-0.598537488916,-1.493694697735,
    -9.258973643345E-09));
#4380 = DIRECTION('',(0.,-1.,0.));
#4381 = DIRECTION('',(-1.,0.,0.));
#4382 = ADVANCED_FACE('',(#4383),#4401,.T.);
#4383 = FACE_BOUND('',#4384,.F.);
#4384 = EDGE_LOOP('',(#4385,#4386,#4394,#4400));
#4385 = ORIENTED_EDGE('',*,*,#974,.F.);
#4386 = ORIENTED_EDGE('',*,*,#4387,.T.);
#4387 = EDGE_CURVE('',#967,#4388,#4390,.T.);
#4388 = VERTEX_POINT('',#4389);
#4389 = CARTESIAN_POINT('',(-0.598537488916,-1.227369170655,
    -1.000000907379E-02));
#4390 = LINE('',#4391,#4392);
#4391 = CARTESIAN_POINT('',(-0.598537488916,-1.227369170655,
    -9.258973643345E-09));
#4392 = VECTOR('',#4393,1.);
#4393 = DIRECTION('',(0.,0.,-1.));
#4394 = ORIENTED_EDGE('',*,*,#4395,.T.);
#4395 = EDGE_CURVE('',#4388,#4364,#4396,.T.);
#4396 = LINE('',#4397,#4398);
#4397 = CARTESIAN_POINT('',(-0.598537488916,-1.227369170655,
    -1.000000907379E-02));
#4398 = VECTOR('',#4399,1.);
#4399 = DIRECTION('',(0.,-1.,0.));
#4400 = ORIENTED_EDGE('',*,*,#4363,.F.);
#4401 = PLANE('',#4402);
#4402 = AXIS2_PLACEMENT_3D('',#4403,#4404,#4405);
#4403 = CARTESIAN_POINT('',(-0.598537488916,-1.227369170655,
    -9.258973643345E-09));
#4404 = DIRECTION('',(1.,0.,0.));
#4405 = DIRECTION('',(0.,-1.,0.));
#4406 = ADVANCED_FACE('',(#4407),#4425,.T.);
#4407 = FACE_BOUND('',#4408,.F.);
#4408 = EDGE_LOOP('',(#4409,#4410,#4418,#4424));
#4409 = ORIENTED_EDGE('',*,*,#966,.F.);
#4410 = ORIENTED_EDGE('',*,*,#4411,.T.);
#4411 = EDGE_CURVE('',#959,#4412,#4414,.T.);
#4412 = VERTEX_POINT('',#4413);
#4413 = CARTESIAN_POINT('',(-0.40772499245,-1.227369170655,
    -1.000000907379E-02));
#4414 = LINE('',#4415,#4416);
#4415 = CARTESIAN_POINT('',(-0.40772499245,-1.227369170655,
    -9.258973643345E-09));
#4416 = VECTOR('',#4417,1.);
#4417 = DIRECTION('',(0.,0.,-1.));
#4418 = ORIENTED_EDGE('',*,*,#4419,.T.);
#4419 = EDGE_CURVE('',#4412,#4388,#4420,.T.);
#4420 = LINE('',#4421,#4422);
#4421 = CARTESIAN_POINT('',(-0.40772499245,-1.227369170655,
    -1.000000907379E-02));
#4422 = VECTOR('',#4423,1.);
#4423 = DIRECTION('',(-1.,0.,0.));
#4424 = ORIENTED_EDGE('',*,*,#4387,.F.);
#4425 = PLANE('',#4426);
#4426 = AXIS2_PLACEMENT_3D('',#4427,#4428,#4429);
#4427 = CARTESIAN_POINT('',(-0.40772499245,-1.227369170655,
    -9.258973643345E-09));
#4428 = DIRECTION('',(0.,-1.,0.));
#4429 = DIRECTION('',(-1.,0.,0.));
#4430 = ADVANCED_FACE('',(#4431),#4449,.T.);
#4431 = FACE_BOUND('',#4432,.F.);
#4432 = EDGE_LOOP('',(#4433,#4434,#4442,#4448));
#4433 = ORIENTED_EDGE('',*,*,#958,.F.);
#4434 = ORIENTED_EDGE('',*,*,#4435,.T.);
#4435 = EDGE_CURVE('',#951,#4436,#4438,.T.);
#4436 = VERTEX_POINT('',#4437);
#4437 = CARTESIAN_POINT('',(-0.40772499245,-1.188394703388,
    -1.000000907379E-02));
#4438 = LINE('',#4439,#4440);
#4439 = CARTESIAN_POINT('',(-0.40772499245,-1.188394703388,
    -9.258973643345E-09));
#4440 = VECTOR('',#4441,1.);
#4441 = DIRECTION('',(0.,0.,-1.));
#4442 = ORIENTED_EDGE('',*,*,#4443,.T.);
#4443 = EDGE_CURVE('',#4436,#4412,#4444,.T.);
#4444 = LINE('',#4445,#4446);
#4445 = CARTESIAN_POINT('',(-0.40772499245,-1.188394703388,
    -1.000000907379E-02));
#4446 = VECTOR('',#4447,1.);
#4447 = DIRECTION('',(0.,-1.,0.));
#4448 = ORIENTED_EDGE('',*,*,#4411,.F.);
#4449 = PLANE('',#4450);
#4450 = AXIS2_PLACEMENT_3D('',#4451,#4452,#4453);
#4451 = CARTESIAN_POINT('',(-0.40772499245,-1.188394703388,
    -9.258973643345E-09));
#4452 = DIRECTION('',(1.,0.,0.));
#4453 = DIRECTION('',(0.,-1.,0.));
#4454 = ADVANCED_FACE('',(#4455),#4466,.T.);
#4455 = FACE_BOUND('',#4456,.F.);
#4456 = EDGE_LOOP('',(#4457,#4458,#4459,#4465));
#4457 = ORIENTED_EDGE('',*,*,#950,.F.);
#4458 = ORIENTED_EDGE('',*,*,#4348,.T.);
#4459 = ORIENTED_EDGE('',*,*,#4460,.T.);
#4460 = EDGE_CURVE('',#4341,#4436,#4461,.T.);
#4461 = LINE('',#4462,#4463);
#4462 = CARTESIAN_POINT('',(-0.63669998821,-1.188394703388,
    -1.000000907379E-02));
#4463 = VECTOR('',#4464,1.);
#4464 = DIRECTION('',(1.,0.,0.));
#4465 = ORIENTED_EDGE('',*,*,#4435,.F.);
#4466 = PLANE('',#4467);
#4467 = AXIS2_PLACEMENT_3D('',#4468,#4469,#4470);
#4468 = CARTESIAN_POINT('',(-0.63669998821,-1.188394703388,
    -9.258973643345E-09));
#4469 = DIRECTION('',(0.,1.,0.));
#4470 = DIRECTION('',(1.,0.,0.));
#4471 = ADVANCED_FACE('',(#4472),#4480,.T.);
#4472 = FACE_BOUND('',#4473,.F.);
#4473 = EDGE_LOOP('',(#4474,#4475,#4476,#4477,#4478,#4479));
#4474 = ORIENTED_EDGE('',*,*,#4340,.F.);
#4475 = ORIENTED_EDGE('',*,*,#4371,.F.);
#4476 = ORIENTED_EDGE('',*,*,#4395,.F.);
#4477 = ORIENTED_EDGE('',*,*,#4419,.F.);
#4478 = ORIENTED_EDGE('',*,*,#4443,.F.);
#4479 = ORIENTED_EDGE('',*,*,#4460,.F.);
#4480 = PLANE('',#4481);
#4481 = AXIS2_PLACEMENT_3D('',#4482,#4483,#4484);
#4482 = CARTESIAN_POINT('',(0.,-0.332994719228,-1.000000907379E-02));
#4483 = DIRECTION('',(0.,0.,-1.));
#4484 = DIRECTION('',(1.,0.,0.));
#4485 = ADVANCED_FACE('',(#4486),#4799,.T.);
#4486 = FACE_BOUND('',#4487,.F.);
#4487 = EDGE_LOOP('',(#4488,#4498,#4506,#4514,#4522,#4530,#4538,#4546,
    #4554,#4562,#4568,#4569,#4577,#4585,#4593,#4601,#4609,#4617,#4625,
    #4633,#4641,#4649,#4657,#4665,#4673,#4681,#4689,#4697,#4705,#4713,
    #4721,#4729,#4737,#4745,#4753,#4761,#4769,#4777,#4785,#4793));
#4488 = ORIENTED_EDGE('',*,*,#4489,.F.);
#4489 = EDGE_CURVE('',#4490,#4492,#4494,.T.);
#4490 = VERTEX_POINT('',#4491);
#4491 = CARTESIAN_POINT('',(-0.108785426784,-1.266343637921,
    -1.000000907379E-02));
#4492 = VERTEX_POINT('',#4493);
#4493 = CARTESIAN_POINT('',(-0.146947926077,-1.266343637921,
    -1.000000907379E-02));
#4494 = LINE('',#4495,#4496);
#4495 = CARTESIAN_POINT('',(-0.108785426784,-1.266343637921,
    -1.000000907379E-02));
#4496 = VECTOR('',#4497,1.);
#4497 = DIRECTION('',(-1.,0.,0.));
#4498 = ORIENTED_EDGE('',*,*,#4499,.F.);
#4499 = EDGE_CURVE('',#4500,#4490,#4502,.T.);
#4500 = VERTEX_POINT('',#4501);
#4501 = CARTESIAN_POINT('',(-0.11514581907,-1.233864914441,
    -1.000000907379E-02));
#4502 = LINE('',#4503,#4504);
#4503 = CARTESIAN_POINT('',(-0.11514581907,-1.233864914441,
    -1.000000907379E-02));
#4504 = VECTOR('',#4505,1.);
#4505 = DIRECTION('',(0.192182121448,-0.981359277837,0.));
#4506 = ORIENTED_EDGE('',*,*,#4507,.F.);
#4507 = EDGE_CURVE('',#4508,#4500,#4510,.T.);
#4508 = VERTEX_POINT('',#4509);
#4509 = CARTESIAN_POINT('',(-0.140587497397,-1.207881937022,
    -1.000000907379E-02));
#4510 = LINE('',#4511,#4512);
#4511 = CARTESIAN_POINT('',(-0.140587497397,-1.207881937022,
    -1.000000907379E-02));
#4512 = VECTOR('',#4513,1.);
#4513 = DIRECTION('',(0.699624974233,-0.714510248653,0.));
#4514 = ORIENTED_EDGE('',*,*,#4515,.F.);
#4515 = EDGE_CURVE('',#4516,#4508,#4518,.T.);
#4516 = VERTEX_POINT('',#4517);
#4517 = CARTESIAN_POINT('',(-0.166029175724,-1.194890447743,
    -1.000000907379E-02));
#4518 = LINE('',#4519,#4520);
#4519 = CARTESIAN_POINT('',(-0.166029175724,-1.194890447743,
    -1.000000907379E-02));
#4520 = VECTOR('',#4521,1.);
#4521 = DIRECTION('',(0.89060535051,-0.454776988912,0.));
#4522 = ORIENTED_EDGE('',*,*,#4523,.F.);
#4523 = EDGE_CURVE('',#4524,#4516,#4526,.T.);
#4524 = VERTEX_POINT('',#4525);
#4525 = CARTESIAN_POINT('',(-0.197831246337,-1.188394703388,
    -1.000000907379E-02));
#4526 = LINE('',#4527,#4528);
#4527 = CARTESIAN_POINT('',(-0.197831246337,-1.188394703388,
    -1.000000907379E-02));
#4528 = VECTOR('',#4529,1.);
#4529 = DIRECTION('',(0.979770690874,-0.200123445161,0.));
#4530 = ORIENTED_EDGE('',*,*,#4531,.F.);
#4531 = EDGE_CURVE('',#4532,#4524,#4534,.T.);
#4532 = VERTEX_POINT('',#4533);
#4533 = CARTESIAN_POINT('',(-0.255074995277,-1.188394703388,
    -1.000000907379E-02));
#4534 = LINE('',#4535,#4536);
#4535 = CARTESIAN_POINT('',(-0.255074995277,-1.188394703388,
    -1.000000907379E-02));
#4536 = VECTOR('',#4537,1.);
#4537 = DIRECTION('',(1.,0.,0.));
#4538 = ORIENTED_EDGE('',*,*,#4539,.F.);
#4539 = EDGE_CURVE('',#4540,#4532,#4542,.T.);
#4540 = VERTEX_POINT('',#4541);
#4541 = CARTESIAN_POINT('',(-0.286877065889,-1.194890447743,
    -1.000000907379E-02));
#4542 = LINE('',#4543,#4544);
#4543 = CARTESIAN_POINT('',(-0.286877065889,-1.194890447743,
    -1.000000907379E-02));
#4544 = VECTOR('',#4545,1.);
#4545 = DIRECTION('',(0.979770690874,0.200123445161,0.));
#4546 = ORIENTED_EDGE('',*,*,#4547,.F.);
#4547 = EDGE_CURVE('',#4548,#4540,#4550,.T.);
#4548 = VERTEX_POINT('',#4549);
#4549 = CARTESIAN_POINT('',(-0.312318744216,-1.207881937022,
    -1.000000907379E-02));
#4550 = LINE('',#4551,#4552);
#4551 = CARTESIAN_POINT('',(-0.312318744216,-1.207881937022,
    -1.000000907379E-02));
#4552 = VECTOR('',#4553,1.);
#4553 = DIRECTION('',(0.89060535051,0.454776988912,0.));
#4554 = ORIENTED_EDGE('',*,*,#4555,.F.);
#4555 = EDGE_CURVE('',#4556,#4548,#4558,.T.);
#4556 = VERTEX_POINT('',#4557);
#4557 = CARTESIAN_POINT('',(-0.337760404346,-1.233864914441,
    -1.000000907379E-02));
#4558 = LINE('',#4559,#4560);
#4559 = CARTESIAN_POINT('',(-0.337760404346,-1.233864914441,
    -1.000000907379E-02));
#4560 = VECTOR('',#4561,1.);
#4561 = DIRECTION('',(0.699624718761,0.714510498802,0.));
#4562 = ORIENTED_EDGE('',*,*,#4563,.F.);
#4563 = EDGE_CURVE('',#525,#4556,#4564,.T.);
#4564 = LINE('',#4565,#4566);
#4565 = CARTESIAN_POINT('',(-0.35048124351,-1.259847894135,
    -1.000000907379E-02));
#4566 = VECTOR('',#4567,1.);
#4567 = DIRECTION('',(0.439713602853,0.898138044771,0.));
#4568 = ORIENTED_EDGE('',*,*,#524,.F.);
#4569 = ORIENTED_EDGE('',*,*,#4570,.F.);
#4570 = EDGE_CURVE('',#4571,#517,#4573,.T.);
#4571 = VERTEX_POINT('',#4572);
#4572 = CARTESIAN_POINT('',(-0.356841653993,-1.389762778958,
    -1.000000907379E-02));
#4573 = LINE('',#4574,#4575);
#4574 = CARTESIAN_POINT('',(-0.356841653993,-1.389762778958,
    -1.000000907379E-02));
#4575 = VECTOR('',#4576,1.);
#4576 = DIRECTION('',(0.,1.,0.));
#4577 = ORIENTED_EDGE('',*,*,#4578,.F.);
#4578 = EDGE_CURVE('',#4579,#4571,#4581,.T.);
#4579 = VERTEX_POINT('',#4580);
#4580 = CARTESIAN_POINT('',(-0.35048124351,-1.422241516087,
    -1.000000907379E-02));
#4581 = LINE('',#4582,#4583);
#4582 = CARTESIAN_POINT('',(-0.35048124351,-1.422241516087,
    -1.000000907379E-02));
#4583 = VECTOR('',#4584,1.);
#4584 = DIRECTION('',(-0.192182573205,0.981359189368,0.));
#4585 = ORIENTED_EDGE('',*,*,#4586,.F.);
#4586 = EDGE_CURVE('',#4587,#4579,#4589,.T.);
#4587 = VERTEX_POINT('',#4588);
#4588 = CARTESIAN_POINT('',(-0.337760404346,-1.448224491232,
    -1.000000907379E-02));
#4589 = LINE('',#4590,#4591);
#4590 = CARTESIAN_POINT('',(-0.337760404346,-1.448224491232,
    -1.000000907379E-02));
#4591 = VECTOR('',#4592,1.);
#4592 = DIRECTION('',(-0.439713664957,0.898138014367,0.));
#4593 = ORIENTED_EDGE('',*,*,#4594,.F.);
#4594 = EDGE_CURVE('',#4595,#4587,#4597,.T.);
#4595 = VERTEX_POINT('',#4596);
#4596 = CARTESIAN_POINT('',(-0.312318744216,-1.474207466377,
    -1.000000907379E-02));
#4597 = LINE('',#4598,#4599);
#4598 = CARTESIAN_POINT('',(-0.312318744216,-1.474207466377,
    -1.000000907379E-02));
#4599 = VECTOR('',#4600,1.);
#4600 = DIRECTION('',(-0.699624750029,0.714510468185,0.));
#4601 = ORIENTED_EDGE('',*,*,#4602,.F.);
#4602 = EDGE_CURVE('',#4603,#4595,#4605,.T.);
#4603 = VERTEX_POINT('',#4604);
#4604 = CARTESIAN_POINT('',(-0.286877065889,-1.487198953949,
    -1.000000907379E-02));
#4605 = LINE('',#4606,#4607);
#4606 = CARTESIAN_POINT('',(-0.286877065889,-1.487198953949,
    -1.000000907379E-02));
#4607 = VECTOR('',#4608,1.);
#4608 = DIRECTION('',(-0.890605374698,0.454776941543,0.));
#4609 = ORIENTED_EDGE('',*,*,#4610,.F.);
#4610 = EDGE_CURVE('',#4611,#4603,#4613,.T.);
#4611 = VERTEX_POINT('',#4612);
#4612 = CARTESIAN_POINT('',(-0.255074995277,-1.493694697735,
    -1.000000907379E-02));
#4613 = LINE('',#4614,#4615);
#4614 = CARTESIAN_POINT('',(-0.255074995277,-1.493694697735,
    -1.000000907379E-02));
#4615 = VECTOR('',#4616,1.);
#4616 = DIRECTION('',(-0.97977069431,0.200123428343,0.));
#4617 = ORIENTED_EDGE('',*,*,#4618,.F.);
#4618 = EDGE_CURVE('',#4619,#4611,#4621,.T.);
#4619 = VERTEX_POINT('',#4620);
#4620 = CARTESIAN_POINT('',(-0.197831246337,-1.493694697735,
    -1.000000907379E-02));
#4621 = LINE('',#4622,#4623);
#4622 = CARTESIAN_POINT('',(-0.197831246337,-1.493694697735,
    -1.000000907379E-02));
#4623 = VECTOR('',#4624,1.);
#4624 = DIRECTION('',(-1.,0.,0.));
#4625 = ORIENTED_EDGE('',*,*,#4626,.F.);
#4626 = EDGE_CURVE('',#4627,#4619,#4629,.T.);
#4627 = VERTEX_POINT('',#4628);
#4628 = CARTESIAN_POINT('',(-0.166029175724,-1.487198953949,
    -1.000000907379E-02));
#4629 = LINE('',#4630,#4631);
#4630 = CARTESIAN_POINT('',(-0.166029175724,-1.487198953949,
    -1.000000907379E-02));
#4631 = VECTOR('',#4632,1.);
#4632 = DIRECTION('',(-0.97977069431,-0.200123428343,0.));
#4633 = ORIENTED_EDGE('',*,*,#4634,.F.);
#4634 = EDGE_CURVE('',#4635,#4627,#4637,.T.);
#4635 = VERTEX_POINT('',#4636);
#4636 = CARTESIAN_POINT('',(-0.140587497397,-1.474207466377,
    -1.000000907379E-02));
#4637 = LINE('',#4638,#4639);
#4638 = CARTESIAN_POINT('',(-0.140587497397,-1.474207466377,
    -1.000000907379E-02));
#4639 = VECTOR('',#4640,1.);
#4640 = DIRECTION('',(-0.890605374698,-0.454776941543,0.));
#4641 = ORIENTED_EDGE('',*,*,#4642,.F.);
#4642 = EDGE_CURVE('',#4643,#4635,#4645,.T.);
#4643 = VERTEX_POINT('',#4644);
#4644 = CARTESIAN_POINT('',(-0.11514581907,-1.448224491232,
    -1.000000907379E-02));
#4645 = LINE('',#4646,#4647);
#4646 = CARTESIAN_POINT('',(-0.11514581907,-1.448224491232,
    -1.000000907379E-02));
#4647 = VECTOR('',#4648,1.);
#4648 = DIRECTION('',(-0.699625005502,-0.714510218035,0.));
#4649 = ORIENTED_EDGE('',*,*,#4650,.F.);
#4650 = EDGE_CURVE('',#4651,#4643,#4653,.T.);
#4651 = VERTEX_POINT('',#4652);
#4652 = CARTESIAN_POINT('',(-0.108785426784,-1.415745754103,
    -1.000000907379E-02));
#4653 = LINE('',#4654,#4655);
#4654 = CARTESIAN_POINT('',(-0.108785426784,-1.415745754103,
    -1.000000907379E-02));
#4655 = VECTOR('',#4656,1.);
#4656 = DIRECTION('',(-0.192182043673,-0.981359293067,0.));
#4657 = ORIENTED_EDGE('',*,*,#4658,.F.);
#4658 = EDGE_CURVE('',#4659,#4651,#4661,.T.);
#4659 = VERTEX_POINT('',#4660);
#4660 = CARTESIAN_POINT('',(-0.146947926077,-1.415745754103,
    -1.000000907379E-02));
#4661 = LINE('',#4662,#4663);
#4662 = CARTESIAN_POINT('',(-0.146947926077,-1.415745754103,
    -1.000000907379E-02));
#4663 = VECTOR('',#4664,1.);
#4664 = DIRECTION('',(1.,0.,0.));
#4665 = ORIENTED_EDGE('',*,*,#4666,.F.);
#4666 = EDGE_CURVE('',#4667,#4659,#4669,.T.);
#4667 = VERTEX_POINT('',#4668);
#4668 = CARTESIAN_POINT('',(-0.153308318363,-1.435233003659,
    -1.000000907379E-02));
#4669 = LINE('',#4670,#4671);
#4670 = CARTESIAN_POINT('',(-0.153308318363,-1.435233003659,
    -1.000000907379E-02));
#4671 = VECTOR('',#4672,1.);
#4672 = DIRECTION('',(0.31027873345,0.950645626703,0.));
#4673 = ORIENTED_EDGE('',*,*,#4674,.F.);
#4674 = EDGE_CURVE('',#4675,#4667,#4677,.T.);
#4675 = VERTEX_POINT('',#4676);
#4676 = CARTESIAN_POINT('',(-0.172389568009,-1.448224491232,
    -1.000000907379E-02));
#4677 = LINE('',#4678,#4679);
#4678 = CARTESIAN_POINT('',(-0.172389568009,-1.448224491232,
    -1.000000907379E-02));
#4679 = VECTOR('',#4680,1.);
#4680 = DIRECTION('',(0.8265992788,0.562790931242,0.));
#4681 = ORIENTED_EDGE('',*,*,#4682,.F.);
#4682 = EDGE_CURVE('',#4683,#4675,#4685,.T.);
#4683 = VERTEX_POINT('',#4684);
#4684 = CARTESIAN_POINT('',(-0.197831246337,-1.454720235017,
    -1.000000907379E-02));
#4685 = LINE('',#4686,#4687);
#4686 = CARTESIAN_POINT('',(-0.197831246337,-1.454720235017,
    -1.000000907379E-02));
#4687 = VECTOR('',#4688,1.);
#4688 = DIRECTION('',(0.968917745968,0.247383106838,0.));
#4689 = ORIENTED_EDGE('',*,*,#4690,.F.);
#4690 = EDGE_CURVE('',#4691,#4683,#4693,.T.);
#4691 = VERTEX_POINT('',#4692);
#4692 = CARTESIAN_POINT('',(-0.255074995277,-1.454720235017,
    -1.000000907379E-02));
#4693 = LINE('',#4694,#4695);
#4694 = CARTESIAN_POINT('',(-0.255074995277,-1.454720235017,
    -1.000000907379E-02));
#4695 = VECTOR('',#4696,1.);
#4696 = DIRECTION('',(1.,0.,0.));
#4697 = ORIENTED_EDGE('',*,*,#4698,.F.);
#4698 = EDGE_CURVE('',#4699,#4691,#4701,.T.);
#4699 = VERTEX_POINT('',#4700);
#4700 = CARTESIAN_POINT('',(-0.280516673604,-1.448224491232,
    -1.000000907379E-02));
#4701 = LINE('',#4702,#4703);
#4702 = CARTESIAN_POINT('',(-0.280516673604,-1.448224491232,
    -1.000000907379E-02));
#4703 = VECTOR('',#4704,1.);
#4704 = DIRECTION('',(0.968917745968,-0.247383106838,0.));
#4705 = ORIENTED_EDGE('',*,*,#4706,.F.);
#4706 = EDGE_CURVE('',#4707,#4699,#4709,.T.);
#4707 = VERTEX_POINT('',#4708);
#4708 = CARTESIAN_POINT('',(-0.29959792325,-1.435233003659,
    -1.000000907379E-02));
#4709 = LINE('',#4710,#4711);
#4710 = CARTESIAN_POINT('',(-0.29959792325,-1.435233003659,
    -1.000000907379E-02));
#4711 = VECTOR('',#4712,1.);
#4712 = DIRECTION('',(0.8265992788,-0.562790931242,0.));
#4713 = ORIENTED_EDGE('',*,*,#4714,.F.);
#4714 = EDGE_CURVE('',#4715,#4707,#4717,.T.);
#4715 = VERTEX_POINT('',#4716);
#4716 = CARTESIAN_POINT('',(-0.312318744216,-1.415745754103,
    -1.000000907379E-02));
#4717 = LINE('',#4718,#4719);
#4718 = CARTESIAN_POINT('',(-0.312318744216,-1.415745754103,
    -1.000000907379E-02));
#4719 = VECTOR('',#4720,1.);
#4720 = DIRECTION('',(0.546621823168,-0.837379592799,0.));
#4721 = ORIENTED_EDGE('',*,*,#4722,.F.);
#4722 = EDGE_CURVE('',#4723,#4715,#4725,.T.);
#4723 = VERTEX_POINT('',#4724);
#4724 = CARTESIAN_POINT('',(-0.318679172897,-1.389762778958,
    -1.000000907379E-02));
#4725 = LINE('',#4726,#4727);
#4726 = CARTESIAN_POINT('',(-0.318679172897,-1.389762778958,
    -1.000000907379E-02));
#4727 = VECTOR('',#4728,1.);
#4728 = DIRECTION('',(0.237771780341,-0.971321049125,0.));
#4729 = ORIENTED_EDGE('',*,*,#4730,.F.);
#4730 = EDGE_CURVE('',#4731,#4723,#4733,.T.);
#4731 = VERTEX_POINT('',#4732);
#4732 = CARTESIAN_POINT('',(-0.318679172897,-1.292326613066,
    -1.000000907379E-02));
#4733 = LINE('',#4734,#4735);
#4734 = CARTESIAN_POINT('',(-0.318679172897,-1.292326613066,
    -1.000000907379E-02));
#4735 = VECTOR('',#4736,1.);
#4736 = DIRECTION('',(0.,-1.,0.));
#4737 = ORIENTED_EDGE('',*,*,#4738,.F.);
#4738 = EDGE_CURVE('',#4739,#4731,#4741,.T.);
#4739 = VERTEX_POINT('',#4740);
#4740 = CARTESIAN_POINT('',(-0.312318744216,-1.266343637921,
    -1.000000907379E-02));
#4741 = LINE('',#4742,#4743);
#4742 = CARTESIAN_POINT('',(-0.312318744216,-1.266343637921,
    -1.000000907379E-02));
#4743 = VECTOR('',#4744,1.);
#4744 = DIRECTION('',(-0.237771780341,-0.971321049125,0.));
#4745 = ORIENTED_EDGE('',*,*,#4746,.F.);
#4746 = EDGE_CURVE('',#4747,#4739,#4749,.T.);
#4747 = VERTEX_POINT('',#4748);
#4748 = CARTESIAN_POINT('',(-0.29959792325,-1.246856406563,
    -1.000000907379E-02));
#4749 = LINE('',#4750,#4751);
#4750 = CARTESIAN_POINT('',(-0.29959792325,-1.246856406563,
    -1.000000907379E-02));
#4751 = VECTOR('',#4752,1.);
#4752 = DIRECTION('',(-0.546622181089,-0.837379359156,0.));
#4753 = ORIENTED_EDGE('',*,*,#4754,.F.);
#4754 = EDGE_CURVE('',#4755,#4747,#4757,.T.);
#4755 = VERTEX_POINT('',#4756);
#4756 = CARTESIAN_POINT('',(-0.280516673604,-1.233864914441,
    -1.000000907379E-02));
#4757 = LINE('',#4758,#4759);
#4758 = CARTESIAN_POINT('',(-0.280516673604,-1.233864914441,
    -1.000000907379E-02));
#4759 = VECTOR('',#4760,1.);
#4760 = DIRECTION('',(-0.826599187119,-0.562791065898,0.));
#4761 = ORIENTED_EDGE('',*,*,#4762,.F.);
#4762 = EDGE_CURVE('',#4763,#4755,#4765,.T.);
#4763 = VERTEX_POINT('',#4764);
#4764 = CARTESIAN_POINT('',(-0.255074995277,-1.227369170655,
    -1.000000907379E-02));
#4765 = LINE('',#4766,#4767);
#4766 = CARTESIAN_POINT('',(-0.255074995277,-1.227369170655,
    -1.000000907379E-02));
#4767 = VECTOR('',#4768,1.);
#4768 = DIRECTION('',(-0.968917745968,-0.247383106838,0.));
#4769 = ORIENTED_EDGE('',*,*,#4770,.F.);
#4770 = EDGE_CURVE('',#4771,#4763,#4773,.T.);
#4771 = VERTEX_POINT('',#4772);
#4772 = CARTESIAN_POINT('',(-0.197831246337,-1.227369170655,
    -1.000000907379E-02));
#4773 = LINE('',#4774,#4775);
#4774 = CARTESIAN_POINT('',(-0.197831246337,-1.227369170655,
    -1.000000907379E-02));
#4775 = VECTOR('',#4776,1.);
#4776 = DIRECTION('',(-1.,0.,0.));
#4777 = ORIENTED_EDGE('',*,*,#4778,.F.);
#4778 = EDGE_CURVE('',#4779,#4771,#4781,.T.);
#4779 = VERTEX_POINT('',#4780);
#4780 = CARTESIAN_POINT('',(-0.172389568009,-1.233864914441,
    -1.000000907379E-02));
#4781 = LINE('',#4782,#4783);
#4782 = CARTESIAN_POINT('',(-0.172389568009,-1.233864914441,
    -1.000000907379E-02));
#4783 = VECTOR('',#4784,1.);
#4784 = DIRECTION('',(-0.968917745968,0.247383106838,0.));
#4785 = ORIENTED_EDGE('',*,*,#4786,.F.);
#4786 = EDGE_CURVE('',#4787,#4779,#4789,.T.);
#4787 = VERTEX_POINT('',#4788);
#4788 = CARTESIAN_POINT('',(-0.153308318363,-1.246856406563,
    -1.000000907379E-02));
#4789 = LINE('',#4790,#4791);
#4790 = CARTESIAN_POINT('',(-0.153308318363,-1.246856406563,
    -1.000000907379E-02));
#4791 = VECTOR('',#4792,1.);
#4792 = DIRECTION('',(-0.826599187119,0.562791065898,0.));
#4793 = ORIENTED_EDGE('',*,*,#4794,.F.);
#4794 = EDGE_CURVE('',#4492,#4787,#4795,.T.);
#4795 = LINE('',#4796,#4797);
#4796 = CARTESIAN_POINT('',(-0.146947926077,-1.266343637921,
    -1.000000907379E-02));
#4797 = VECTOR('',#4798,1.);
#4798 = DIRECTION('',(-0.310278995296,0.950645541239,0.));
#4799 = PLANE('',#4800);
#4800 = AXIS2_PLACEMENT_3D('',#4801,#4802,#4803);
#4801 = CARTESIAN_POINT('',(0.,-0.332994719228,-1.000000907379E-02));
#4802 = DIRECTION('',(0.,0.,-1.));
#4803 = DIRECTION('',(1.,0.,0.));
#4804 = ADVANCED_FACE('',(#4805),#4903,.T.);
#4805 = FACE_BOUND('',#4806,.F.);
#4806 = EDGE_LOOP('',(#4807,#4817,#4825,#4833,#4841,#4849,#4857,#4865,
    #4873,#4881,#4889,#4897));
#4807 = ORIENTED_EDGE('',*,*,#4808,.F.);
#4808 = EDGE_CURVE('',#4809,#4811,#4813,.T.);
#4809 = VERTEX_POINT('',#4810);
#4810 = CARTESIAN_POINT('',(0.171072889236,-1.227369170655,
    -1.000000907379E-02));
#4811 = VERTEX_POINT('',#4812);
#4812 = CARTESIAN_POINT('',(-1.973960723086E-02,-1.227369170655,
    -1.000000907379E-02));
#4813 = LINE('',#4814,#4815);
#4814 = CARTESIAN_POINT('',(0.171072889236,-1.227369170655,
    -1.000000907379E-02));
#4815 = VECTOR('',#4816,1.);
#4816 = DIRECTION('',(-1.,0.,0.));
#4817 = ORIENTED_EDGE('',*,*,#4818,.F.);
#4818 = EDGE_CURVE('',#4819,#4809,#4821,.T.);
#4819 = VERTEX_POINT('',#4820);
#4820 = CARTESIAN_POINT('',(0.171072889236,-1.188394703388,
    -1.000000907379E-02));
#4821 = LINE('',#4822,#4823);
#4822 = CARTESIAN_POINT('',(0.171072889236,-1.188394703388,
    -1.000000907379E-02));
#4823 = VECTOR('',#4824,1.);
#4824 = DIRECTION('',(0.,-1.,0.));
#4825 = ORIENTED_EDGE('',*,*,#4826,.F.);
#4826 = EDGE_CURVE('',#4827,#4819,#4829,.T.);
#4827 = VERTEX_POINT('',#4828);
#4828 = CARTESIAN_POINT('',(-5.790207012957E-02,-1.188394703388,
    -1.000000907379E-02));
#4829 = LINE('',#4830,#4831);
#4830 = CARTESIAN_POINT('',(-5.790207012957E-02,-1.188394703388,
    -1.000000907379E-02));
#4831 = VECTOR('',#4832,1.);
#4832 = DIRECTION('',(1.,0.,0.));
#4833 = ORIENTED_EDGE('',*,*,#4834,.F.);
#4834 = EDGE_CURVE('',#4835,#4827,#4837,.T.);
#4835 = VERTEX_POINT('',#4836);
#4836 = CARTESIAN_POINT('',(-5.790207012957E-02,-1.493694697735,
    -1.000000907379E-02));
#4837 = LINE('',#4838,#4839);
#4838 = CARTESIAN_POINT('',(-5.790207012957E-02,-1.493694697735,
    -1.000000907379E-02));
#4839 = VECTOR('',#4840,1.);
#4840 = DIRECTION('',(0.,1.,0.));
#4841 = ORIENTED_EDGE('',*,*,#4842,.F.);
#4842 = EDGE_CURVE('',#4843,#4835,#4845,.T.);
#4843 = VERTEX_POINT('',#4844);
#4844 = CARTESIAN_POINT('',(0.171072889236,-1.493694697735,
    -1.000000907379E-02));
#4845 = LINE('',#4846,#4847);
#4846 = CARTESIAN_POINT('',(0.171072889236,-1.493694697735,
    -1.000000907379E-02));
#4847 = VECTOR('',#4848,1.);
#4848 = DIRECTION('',(-1.,0.,0.));
#4849 = ORIENTED_EDGE('',*,*,#4850,.F.);
#4850 = EDGE_CURVE('',#4851,#4843,#4853,.T.);
#4851 = VERTEX_POINT('',#4852);
#4852 = CARTESIAN_POINT('',(0.171072889236,-1.454720235017,
    -1.000000907379E-02));
#4853 = LINE('',#4854,#4855);
#4854 = CARTESIAN_POINT('',(0.171072889236,-1.454720235017,
    -1.000000907379E-02));
#4855 = VECTOR('',#4856,1.);
#4856 = DIRECTION('',(0.,-1.,0.));
#4857 = ORIENTED_EDGE('',*,*,#4858,.F.);
#4858 = EDGE_CURVE('',#4859,#4851,#4861,.T.);
#4859 = VERTEX_POINT('',#4860);
#4860 = CARTESIAN_POINT('',(-1.973960723086E-02,-1.454720235017,
    -1.000000907379E-02));
#4861 = LINE('',#4862,#4863);
#4862 = CARTESIAN_POINT('',(-1.973960723086E-02,-1.454720235017,
    -1.000000907379E-02));
#4863 = VECTOR('',#4864,1.);
#4864 = DIRECTION('',(1.,0.,0.));
#4865 = ORIENTED_EDGE('',*,*,#4866,.F.);
#4866 = EDGE_CURVE('',#4867,#4859,#4869,.T.);
#4867 = VERTEX_POINT('',#4868);
#4868 = CARTESIAN_POINT('',(-1.973960723086E-02,-1.370275547599,
    -1.000000907379E-02));
#4869 = LINE('',#4870,#4871);
#4870 = CARTESIAN_POINT('',(-1.973960723086E-02,-1.370275547599,
    -1.000000907379E-02));
#4871 = VECTOR('',#4872,1.);
#4872 = DIRECTION('',(0.,-1.,0.));
#4873 = ORIENTED_EDGE('',*,*,#4874,.F.);
#4874 = EDGE_CURVE('',#4875,#4867,#4877,.T.);
#4875 = VERTEX_POINT('',#4876);
#4876 = CARTESIAN_POINT('',(0.145631247303,-1.370275547599,
    -1.000000907379E-02));
#4877 = LINE('',#4878,#4879);
#4878 = CARTESIAN_POINT('',(0.145631247303,-1.370275547599,
    -1.000000907379E-02));
#4879 = VECTOR('',#4880,1.);
#4880 = DIRECTION('',(-1.,0.,0.));
#4881 = ORIENTED_EDGE('',*,*,#4882,.F.);
#4882 = EDGE_CURVE('',#4883,#4875,#4885,.T.);
#4883 = VERTEX_POINT('',#4884);
#4884 = CARTESIAN_POINT('',(0.145631247303,-1.331301084882,
    -1.000000907379E-02));
#4885 = LINE('',#4886,#4887);
#4886 = CARTESIAN_POINT('',(0.145631247303,-1.331301084882,
    -1.000000907379E-02));
#4887 = VECTOR('',#4888,1.);
#4888 = DIRECTION('',(0.,-1.,0.));
#4889 = ORIENTED_EDGE('',*,*,#4890,.F.);
#4890 = EDGE_CURVE('',#4891,#4883,#4893,.T.);
#4891 = VERTEX_POINT('',#4892);
#4892 = CARTESIAN_POINT('',(-1.973960723086E-02,-1.331301084882,
    -1.000000907379E-02));
#4893 = LINE('',#4894,#4895);
#4894 = CARTESIAN_POINT('',(-1.973960723086E-02,-1.331301084882,
    -1.000000907379E-02));
#4895 = VECTOR('',#4896,1.);
#4896 = DIRECTION('',(1.,0.,0.));
#4897 = ORIENTED_EDGE('',*,*,#4898,.F.);
#4898 = EDGE_CURVE('',#4811,#4891,#4899,.T.);
#4899 = LINE('',#4900,#4901);
#4900 = CARTESIAN_POINT('',(-1.973960723086E-02,-1.227369170655,
    -1.000000907379E-02));
#4901 = VECTOR('',#4902,1.);
#4902 = DIRECTION('',(0.,-1.,0.));
#4903 = PLANE('',#4904);
#4904 = AXIS2_PLACEMENT_3D('',#4905,#4906,#4907);
#4905 = CARTESIAN_POINT('',(0.,-0.332994719228,-1.000000907379E-02));
#4906 = DIRECTION('',(0.,0.,-1.));
#4907 = DIRECTION('',(1.,0.,0.));
#4908 = ADVANCED_FACE('',(#4909,#5023),#5121,.T.);
#4909 = FACE_BOUND('',#4910,.F.);
#4910 = EDGE_LOOP('',(#4911,#4921,#4929,#4937,#4945,#4953,#4961,#4969,
    #4977,#4985,#4993,#5001,#5009,#5017));
#4911 = ORIENTED_EDGE('',*,*,#4912,.F.);
#4912 = EDGE_CURVE('',#4913,#4915,#4917,.T.);
#4913 = VERTEX_POINT('',#4914);
#4914 = CARTESIAN_POINT('',(0.374606243063,-1.493694697735,
    -1.000000907379E-02));
#4915 = VERTEX_POINT('',#4916);
#4916 = CARTESIAN_POINT('',(0.22195624589,-1.493694697735,
    -1.000000907379E-02));
#4917 = LINE('',#4918,#4919);
#4918 = CARTESIAN_POINT('',(0.374606243063,-1.493694697735,
    -1.000000907379E-02));
#4919 = VECTOR('',#4920,1.);
#4920 = DIRECTION('',(-1.,0.,0.));
#4921 = ORIENTED_EDGE('',*,*,#4922,.F.);
#4922 = EDGE_CURVE('',#4923,#4913,#4925,.T.);
#4923 = VERTEX_POINT('',#4924);
#4924 = CARTESIAN_POINT('',(0.406408350071,-1.487198953949,
    -1.000000907379E-02));
#4925 = LINE('',#4926,#4927);
#4926 = CARTESIAN_POINT('',(0.406408350071,-1.487198953949,
    -1.000000907379E-02));
#4927 = VECTOR('',#4928,1.);
#4928 = DIRECTION('',(-0.979770739215,-0.200123208493,0.));
#4929 = ORIENTED_EDGE('',*,*,#4930,.F.);
#4930 = EDGE_CURVE('',#4931,#4923,#4933,.T.);
#4931 = VERTEX_POINT('',#4932);
#4932 = CARTESIAN_POINT('',(0.431849992003,-1.474207466377,
    -1.000000907379E-02));
#4933 = LINE('',#4934,#4935);
#4934 = CARTESIAN_POINT('',(0.431849992003,-1.474207466377,
    -1.000000907379E-02));
#4935 = VECTOR('',#4936,1.);
#4936 = DIRECTION('',(-0.890605111202,-0.454777457556,0.));
#4937 = ORIENTED_EDGE('',*,*,#4938,.F.);
#4938 = EDGE_CURVE('',#4939,#4931,#4941,.T.);
#4939 = VERTEX_POINT('',#4940);
#4940 = CARTESIAN_POINT('',(0.457291633935,-1.448224491232,
    -1.000000907379E-02));
#4941 = LINE('',#4942,#4943);
#4942 = CARTESIAN_POINT('',(0.457291633935,-1.448224491232,
    -1.000000907379E-02));
#4943 = VECTOR('',#4944,1.);
#4944 = DIRECTION('',(-0.699624494557,-0.714510718335,0.));
#4945 = ORIENTED_EDGE('',*,*,#4946,.F.);
#4946 = EDGE_CURVE('',#4947,#4939,#4949,.T.);
#4947 = VERTEX_POINT('',#4948);
#4948 = CARTESIAN_POINT('',(0.470012491296,-1.422241516087,
    -1.000000907379E-02));
#4949 = LINE('',#4950,#4951);
#4950 = CARTESIAN_POINT('',(0.470012491296,-1.422241516087,
    -1.000000907379E-02));
#4951 = VECTOR('',#4952,1.);
#4952 = DIRECTION('',(-0.439714172353,-0.898137765954,0.));
#4953 = ORIENTED_EDGE('',*,*,#4954,.F.);
#4954 = EDGE_CURVE('',#4955,#4947,#4957,.T.);
#4955 = VERTEX_POINT('',#4956);
#4956 = CARTESIAN_POINT('',(0.476372883582,-1.389762778958,
    -1.000000907379E-02));
#4957 = LINE('',#4958,#4959);
#4958 = CARTESIAN_POINT('',(0.476372883582,-1.389762778958,
    -1.000000907379E-02));
#4959 = VECTOR('',#4960,1.);
#4960 = DIRECTION('',(-0.192182043673,-0.981359293067,0.));
#4961 = ORIENTED_EDGE('',*,*,#4962,.F.);
#4962 = EDGE_CURVE('',#4963,#4955,#4965,.T.);
#4963 = VERTEX_POINT('',#4964);
#4964 = CARTESIAN_POINT('',(0.476372883582,-1.292326613066,
    -1.000000907379E-02));
#4965 = LINE('',#4966,#4967);
#4966 = CARTESIAN_POINT('',(0.476372883582,-1.292326613066,
    -1.000000907379E-02));
#4967 = VECTOR('',#4968,1.);
#4968 = DIRECTION('',(0.,-1.,0.));
#4969 = ORIENTED_EDGE('',*,*,#4970,.F.);
#4970 = EDGE_CURVE('',#4971,#4963,#4973,.T.);
#4971 = VERTEX_POINT('',#4972);
#4972 = CARTESIAN_POINT('',(0.470012491296,-1.259847894135,
    -1.000000907379E-02));
#4973 = LINE('',#4974,#4975);
#4974 = CARTESIAN_POINT('',(0.470012491296,-1.259847894135,
    -1.000000907379E-02));
#4975 = VECTOR('',#4976,1.);
#4976 = DIRECTION('',(0.192182147373,-0.98135927276,0.));
#4977 = ORIENTED_EDGE('',*,*,#4978,.F.);
#4978 = EDGE_CURVE('',#4979,#4971,#4981,.T.);
#4979 = VERTEX_POINT('',#4980);
#4980 = CARTESIAN_POINT('',(0.457291633935,-1.233864914441,
    -1.000000907379E-02));
#4981 = LINE('',#4982,#4983);
#4982 = CARTESIAN_POINT('',(0.457291633935,-1.233864914441,
    -1.000000907379E-02));
#4983 = VECTOR('',#4984,1.);
#4984 = DIRECTION('',(0.439714110249,-0.898137796358,0.));
#4985 = ORIENTED_EDGE('',*,*,#4986,.F.);
#4986 = EDGE_CURVE('',#4987,#4979,#4989,.T.);
#4987 = VERTEX_POINT('',#4988);
#4988 = CARTESIAN_POINT('',(0.431849992003,-1.207881937022,
    -1.000000907379E-02));
#4989 = LINE('',#4990,#4991);
#4990 = CARTESIAN_POINT('',(0.431849992003,-1.207881937022,
    -1.000000907379E-02));
#4991 = VECTOR('',#4992,1.);
#4992 = DIRECTION('',(0.699624463288,-0.714510748952,0.));
#4993 = ORIENTED_EDGE('',*,*,#4994,.F.);
#4994 = EDGE_CURVE('',#4995,#4987,#4997,.T.);
#4995 = VERTEX_POINT('',#4996);
#4996 = CARTESIAN_POINT('',(0.406408350071,-1.194890447743,
    -1.000000907379E-02));
#4997 = LINE('',#4998,#4999);
#4998 = CARTESIAN_POINT('',(0.406408350071,-1.194890447743,
    -1.000000907379E-02));
#4999 = VECTOR('',#5000,1.);
#5000 = DIRECTION('',(0.890605087014,-0.454777504925,0.));
#5001 = ORIENTED_EDGE('',*,*,#5002,.F.);
#5002 = EDGE_CURVE('',#5003,#4995,#5005,.T.);
#5003 = VERTEX_POINT('',#5004);
#5004 = CARTESIAN_POINT('',(0.374606243063,-1.188394703388,
    -1.000000907379E-02));
#5005 = LINE('',#5006,#5007);
#5006 = CARTESIAN_POINT('',(0.374606243063,-1.188394703388,
    -1.000000907379E-02));
#5007 = VECTOR('',#5008,1.);
#5008 = DIRECTION('',(0.97977073578,-0.200123225311,0.));
#5009 = ORIENTED_EDGE('',*,*,#5010,.F.);
#5010 = EDGE_CURVE('',#5011,#5003,#5013,.T.);
#5011 = VERTEX_POINT('',#5012);
#5012 = CARTESIAN_POINT('',(0.22195624589,-1.188394703388,
    -1.000000907379E-02));
#5013 = LINE('',#5014,#5015);
#5014 = CARTESIAN_POINT('',(0.22195624589,-1.188394703388,
    -1.000000907379E-02));
#5015 = VECTOR('',#5016,1.);
#5016 = DIRECTION('',(1.,0.,0.));
#5017 = ORIENTED_EDGE('',*,*,#5018,.F.);
#5018 = EDGE_CURVE('',#4915,#5011,#5019,.T.);
#5019 = LINE('',#5020,#5021);
#5020 = CARTESIAN_POINT('',(0.22195624589,-1.493694697735,
    -1.000000907379E-02));
#5021 = VECTOR('',#5022,1.);
#5022 = DIRECTION('',(0.,1.,0.));
#5023 = FACE_BOUND('',#5024,.F.);
#5024 = EDGE_LOOP('',(#5025,#5035,#5043,#5051,#5059,#5067,#5075,#5083,
    #5091,#5099,#5107,#5115));
#5025 = ORIENTED_EDGE('',*,*,#5026,.F.);
#5026 = EDGE_CURVE('',#5027,#5029,#5031,.T.);
#5027 = VERTEX_POINT('',#5028);
#5028 = CARTESIAN_POINT('',(0.260118745183,-1.454720235017,
    -1.000000907379E-02));
#5029 = VERTEX_POINT('',#5030);
#5030 = CARTESIAN_POINT('',(0.374606243063,-1.454720235017,
    -1.000000907379E-02));
#5031 = LINE('',#5032,#5033);
#5032 = CARTESIAN_POINT('',(0.260118745183,-1.454720235017,
    -1.000000907379E-02));
#5033 = VECTOR('',#5034,1.);
#5034 = DIRECTION('',(1.,0.,0.));
#5035 = ORIENTED_EDGE('',*,*,#5036,.F.);
#5036 = EDGE_CURVE('',#5037,#5027,#5039,.T.);
#5037 = VERTEX_POINT('',#5038);
#5038 = CARTESIAN_POINT('',(0.260118745183,-1.227369170655,
    -1.000000907379E-02));
#5039 = LINE('',#5040,#5041);
#5040 = CARTESIAN_POINT('',(0.260118745183,-1.227369170655,
    -1.000000907379E-02));
#5041 = VECTOR('',#5042,1.);
#5042 = DIRECTION('',(0.,-1.,0.));
#5043 = ORIENTED_EDGE('',*,*,#5044,.F.);
#5044 = EDGE_CURVE('',#5045,#5037,#5047,.T.);
#5045 = VERTEX_POINT('',#5046);
#5046 = CARTESIAN_POINT('',(0.374606243063,-1.227369170655,
    -1.000000907379E-02));
#5047 = LINE('',#5048,#5049);
#5048 = CARTESIAN_POINT('',(0.374606243063,-1.227369170655,
    -1.000000907379E-02));
#5049 = VECTOR('',#5050,1.);
#5050 = DIRECTION('',(-1.,0.,0.));
#5051 = ORIENTED_EDGE('',*,*,#5052,.F.);
#5052 = EDGE_CURVE('',#5053,#5045,#5055,.T.);
#5053 = VERTEX_POINT('',#5054);
#5054 = CARTESIAN_POINT('',(0.400047884996,-1.233864914441,
    -1.000000907379E-02));
#5055 = LINE('',#5056,#5057);
#5056 = CARTESIAN_POINT('',(0.400047884996,-1.233864914441,
    -1.000000907379E-02));
#5057 = VECTOR('',#5058,1.);
#5058 = DIRECTION('',(-0.968917661144,0.247383439065,0.));
#5059 = ORIENTED_EDGE('',*,*,#5060,.F.);
#5060 = EDGE_CURVE('',#5061,#5053,#5063,.T.);
#5061 = VERTEX_POINT('',#5062);
#5062 = CARTESIAN_POINT('',(0.419129134642,-1.246856406563,
    -1.000000907379E-02));
#5063 = LINE('',#5064,#5065);
#5064 = CARTESIAN_POINT('',(0.419129134642,-1.246856406563,
    -1.000000907379E-02));
#5065 = VECTOR('',#5066,1.);
#5066 = DIRECTION('',(-0.826599187119,0.562791065897,0.));
#5067 = ORIENTED_EDGE('',*,*,#5068,.F.);
#5068 = EDGE_CURVE('',#5069,#5061,#5071,.T.);
#5069 = VERTEX_POINT('',#5070);
#5070 = CARTESIAN_POINT('',(0.431849992003,-1.266343637921,
    -1.000000907379E-02));
#5071 = LINE('',#5072,#5073);
#5072 = CARTESIAN_POINT('',(0.431849992003,-1.266343637921,
    -1.000000907379E-02));
#5073 = VECTOR('',#5074,1.);
#5074 = DIRECTION('',(-0.546623277701,0.837378643312,0.));
#5075 = ORIENTED_EDGE('',*,*,#5076,.F.);
#5076 = EDGE_CURVE('',#5077,#5069,#5079,.T.);
#5077 = VERTEX_POINT('',#5078);
#5078 = CARTESIAN_POINT('',(0.438210384289,-1.292326613066,
    -1.000000907379E-02));
#5079 = LINE('',#5080,#5081);
#5080 = CARTESIAN_POINT('',(0.438210384289,-1.292326613066,
    -1.000000907379E-02));
#5081 = VECTOR('',#5082,1.);
#5082 = DIRECTION('',(-0.237770496721,0.971321363344,0.));
#5083 = ORIENTED_EDGE('',*,*,#5084,.F.);
#5084 = EDGE_CURVE('',#5085,#5077,#5087,.T.);
#5085 = VERTEX_POINT('',#5086);
#5086 = CARTESIAN_POINT('',(0.438210384289,-1.389762778958,
    -1.000000907379E-02));
#5087 = LINE('',#5088,#5089);
#5088 = CARTESIAN_POINT('',(0.438210384289,-1.389762778958,
    -1.000000907379E-02));
#5089 = VECTOR('',#5090,1.);
#5090 = DIRECTION('',(0.,1.,0.));
#5091 = ORIENTED_EDGE('',*,*,#5092,.F.);
#5092 = EDGE_CURVE('',#5093,#5085,#5095,.T.);
#5093 = VERTEX_POINT('',#5094);
#5094 = CARTESIAN_POINT('',(0.431849992003,-1.415745754103,
    -1.000000907379E-02));
#5095 = LINE('',#5096,#5097);
#5096 = CARTESIAN_POINT('',(0.431849992003,-1.415745754103,
    -1.000000907379E-02));
#5097 = VECTOR('',#5098,1.);
#5098 = DIRECTION('',(0.237770496721,0.971321363344,0.));
#5099 = ORIENTED_EDGE('',*,*,#5100,.F.);
#5100 = EDGE_CURVE('',#5101,#5093,#5103,.T.);
#5101 = VERTEX_POINT('',#5102);
#5102 = CARTESIAN_POINT('',(0.419129134642,-1.435233003659,
    -1.000000907379E-02));
#5103 = LINE('',#5104,#5105);
#5104 = CARTESIAN_POINT('',(0.419129134642,-1.435233003659,
    -1.000000907379E-02));
#5105 = VECTOR('',#5106,1.);
#5106 = DIRECTION('',(0.546622919779,0.837378876956,0.));
#5107 = ORIENTED_EDGE('',*,*,#5108,.F.);
#5108 = EDGE_CURVE('',#5109,#5101,#5111,.T.);
#5109 = VERTEX_POINT('',#5110);
#5110 = CARTESIAN_POINT('',(0.400047884996,-1.448224491232,
    -1.000000907379E-02));
#5111 = LINE('',#5112,#5113);
#5112 = CARTESIAN_POINT('',(0.400047884996,-1.448224491232,
    -1.000000907379E-02));
#5113 = VECTOR('',#5114,1.);
#5114 = DIRECTION('',(0.8265992788,0.562790931242,0.));
#5115 = ORIENTED_EDGE('',*,*,#5116,.F.);
#5116 = EDGE_CURVE('',#5029,#5109,#5117,.T.);
#5117 = LINE('',#5118,#5119);
#5118 = CARTESIAN_POINT('',(0.374606243063,-1.454720235017,
    -1.000000907379E-02));
#5119 = VECTOR('',#5120,1.);
#5120 = DIRECTION('',(0.968917661144,0.247383439065,0.));
#5121 = PLANE('',#5122);
#5122 = AXIS2_PLACEMENT_3D('',#5123,#5124,#5125);
#5123 = CARTESIAN_POINT('',(0.,-0.332994719228,-1.000000907379E-02));
#5124 = DIRECTION('',(0.,0.,-1.));
#5125 = DIRECTION('',(1.,0.,0.));
#5126 = ADVANCED_FACE('',(#5127,#5193),#5219,.T.);
#5127 = FACE_BOUND('',#5128,.F.);
#5128 = EDGE_LOOP('',(#5129,#5139,#5147,#5155,#5163,#5171,#5179,#5187));
#5129 = ORIENTED_EDGE('',*,*,#5130,.F.);
#5130 = EDGE_CURVE('',#5131,#5133,#5135,.T.);
#5131 = VERTEX_POINT('',#5132);
#5132 = CARTESIAN_POINT('',(0.67990623741,-1.493694697735,
    -1.000000907379E-02));
#5133 = VERTEX_POINT('',#5134);
#5134 = CARTESIAN_POINT('',(0.629022953545,-1.493694697735,
    -1.000000907379E-02));
#5135 = LINE('',#5136,#5137);
#5136 = CARTESIAN_POINT('',(0.67990623741,-1.493694697735,
    -1.000000907379E-02));
#5137 = VECTOR('',#5138,1.);
#5138 = DIRECTION('',(-1.,0.,0.));
#5139 = ORIENTED_EDGE('',*,*,#5140,.F.);
#5140 = EDGE_CURVE('',#5141,#5131,#5143,.T.);
#5141 = VERTEX_POINT('',#5142);
#5142 = CARTESIAN_POINT('',(0.781672950718,-1.188394703388,
    -1.000000907379E-02));
#5143 = LINE('',#5144,#5145);
#5144 = CARTESIAN_POINT('',(0.781672950718,-1.188394703388,
    -1.000000907379E-02));
#5145 = VECTOR('',#5146,1.);
#5146 = DIRECTION('',(-0.316227901727,-0.948683252814,0.));
#5147 = ORIENTED_EDGE('',*,*,#5148,.F.);
#5148 = EDGE_CURVE('',#5149,#5141,#5151,.T.);
#5149 = VERTEX_POINT('',#5150);
#5150 = CARTESIAN_POINT('',(0.743510451425,-1.188394703388,
    -1.000000907379E-02));
#5151 = LINE('',#5152,#5153);
#5152 = CARTESIAN_POINT('',(0.743510451425,-1.188394703388,
    -1.000000907379E-02));
#5153 = VECTOR('',#5154,1.);
#5154 = DIRECTION('',(1.,0.,0.));
#5155 = ORIENTED_EDGE('',*,*,#5156,.F.);
#5156 = EDGE_CURVE('',#5157,#5149,#5159,.T.);
#5157 = VERTEX_POINT('',#5158);
#5158 = CARTESIAN_POINT('',(0.718068736703,-1.266343637921,
    -1.000000907379E-02));
#5159 = LINE('',#5160,#5161);
#5160 = CARTESIAN_POINT('',(0.718068736703,-1.266343637921,
    -1.000000907379E-02));
#5161 = VECTOR('',#5162,1.);
#5162 = DIRECTION('',(0.310280567074,0.950645028229,0.));
#5163 = ORIENTED_EDGE('',*,*,#5164,.F.);
#5164 = EDGE_CURVE('',#5165,#5157,#5167,.T.);
#5165 = VERTEX_POINT('',#5166);
#5166 = CARTESIAN_POINT('',(0.590860454251,-1.266343637921,
    -1.000000907379E-02));
#5167 = LINE('',#5168,#5169);
#5168 = CARTESIAN_POINT('',(0.590860454251,-1.266343637921,
    -1.000000907379E-02));
#5169 = VECTOR('',#5170,1.);
#5170 = DIRECTION('',(1.,0.,0.));
#5171 = ORIENTED_EDGE('',*,*,#5172,.F.);
#5172 = EDGE_CURVE('',#5173,#5165,#5175,.T.);
#5173 = VERTEX_POINT('',#5174);
#5174 = CARTESIAN_POINT('',(0.56541873953,-1.188394703388,
    -1.000000907379E-02));
#5175 = LINE('',#5176,#5177);
#5176 = CARTESIAN_POINT('',(0.56541873953,-1.188394703388,
    -1.000000907379E-02));
#5177 = VECTOR('',#5178,1.);
#5178 = DIRECTION('',(0.310280567074,-0.950645028229,0.));
#5179 = ORIENTED_EDGE('',*,*,#5180,.F.);
#5180 = EDGE_CURVE('',#5181,#5173,#5183,.T.);
#5181 = VERTEX_POINT('',#5182);
#5182 = CARTESIAN_POINT('',(0.527256240236,-1.188394703388,
    -1.000000907379E-02));
#5183 = LINE('',#5184,#5185);
#5184 = CARTESIAN_POINT('',(0.527256240236,-1.188394703388,
    -1.000000907379E-02));
#5185 = VECTOR('',#5186,1.);
#5186 = DIRECTION('',(1.,0.,0.));
#5187 = ORIENTED_EDGE('',*,*,#5188,.F.);
#5188 = EDGE_CURVE('',#5133,#5181,#5189,.T.);
#5189 = LINE('',#5190,#5191);
#5190 = CARTESIAN_POINT('',(0.629022953545,-1.493694697735,
    -1.000000907379E-02));
#5191 = VECTOR('',#5192,1.);
#5192 = DIRECTION('',(-0.316227901727,0.948683252814,0.));
#5193 = FACE_BOUND('',#5194,.F.);
#5194 = EDGE_LOOP('',(#5195,#5205,#5213));
#5195 = ORIENTED_EDGE('',*,*,#5196,.F.);
#5196 = EDGE_CURVE('',#5197,#5199,#5201,.T.);
#5197 = VERTEX_POINT('',#5198);
#5198 = CARTESIAN_POINT('',(0.654464522688,-1.46771172259,
    -1.000000907379E-02));
#5199 = VERTEX_POINT('',#5200);
#5200 = CARTESIAN_POINT('',(0.711708271628,-1.292326613066,
    -1.000000907379E-02));
#5201 = LINE('',#5202,#5203);
#5202 = CARTESIAN_POINT('',(0.654464522688,-1.46771172259,
    -1.000000907379E-02));
#5203 = VECTOR('',#5204,1.);
#5204 = DIRECTION('',(0.310280021328,0.950645206355,0.));
#5205 = ORIENTED_EDGE('',*,*,#5206,.F.);
#5206 = EDGE_CURVE('',#5207,#5197,#5209,.T.);
#5207 = VERTEX_POINT('',#5208);
#5208 = CARTESIAN_POINT('',(0.597220773748,-1.292326613066,
    -1.000000907379E-02));
#5209 = LINE('',#5210,#5211);
#5210 = CARTESIAN_POINT('',(0.597220773748,-1.292326613066,
    -1.000000907379E-02));
#5211 = VECTOR('',#5212,1.);
#5212 = DIRECTION('',(0.310280021328,-0.950645206355,0.));
#5213 = ORIENTED_EDGE('',*,*,#5214,.F.);
#5214 = EDGE_CURVE('',#5199,#5207,#5215,.T.);
#5215 = LINE('',#5216,#5217);
#5216 = CARTESIAN_POINT('',(0.711708271628,-1.292326613066,
    -1.000000907379E-02));
#5217 = VECTOR('',#5218,1.);
#5218 = DIRECTION('',(-1.,0.,0.));
#5219 = PLANE('',#5220);
#5220 = AXIS2_PLACEMENT_3D('',#5221,#5222,#5223);
#5221 = CARTESIAN_POINT('',(0.,-0.332994719228,-1.000000907379E-02));
#5222 = DIRECTION('',(0.,0.,-1.));
#5223 = DIRECTION('',(1.,0.,0.));
#5224 = ADVANCED_FACE('',(#5225),#5241,.T.);
#5225 = FACE_BOUND('',#5226,.F.);
#5226 = EDGE_LOOP('',(#5227,#5228,#5234,#5235));
#5227 = ORIENTED_EDGE('',*,*,#990,.F.);
#5228 = ORIENTED_EDGE('',*,*,#5229,.T.);
#5229 = EDGE_CURVE('',#991,#4490,#5230,.T.);
#5230 = LINE('',#5231,#5232);
#5231 = CARTESIAN_POINT('',(-0.108785426784,-1.266343637921,
    -9.258973643345E-09));
#5232 = VECTOR('',#5233,1.);
#5233 = DIRECTION('',(0.,0.,-1.));
#5234 = ORIENTED_EDGE('',*,*,#4489,.T.);
#5235 = ORIENTED_EDGE('',*,*,#5236,.F.);
#5236 = EDGE_CURVE('',#993,#4492,#5237,.T.);
#5237 = LINE('',#5238,#5239);
#5238 = CARTESIAN_POINT('',(-0.146947926077,-1.266343637921,
    -9.258973643345E-09));
#5239 = VECTOR('',#5240,1.);
#5240 = DIRECTION('',(0.,0.,-1.));
#5241 = PLANE('',#5242);
#5242 = AXIS2_PLACEMENT_3D('',#5243,#5244,#5245);
#5243 = CARTESIAN_POINT('',(-0.108785426784,-1.266343637921,
    -9.258973643345E-09));
#5244 = DIRECTION('',(0.,-1.,0.));
#5245 = DIRECTION('',(-1.,0.,0.));
#5246 = ADVANCED_FACE('',(#5247),#5258,.T.);
#5247 = FACE_BOUND('',#5248,.F.);
#5248 = EDGE_LOOP('',(#5249,#5250,#5256,#5257));
#5249 = ORIENTED_EDGE('',*,*,#1295,.F.);
#5250 = ORIENTED_EDGE('',*,*,#5251,.T.);
#5251 = EDGE_CURVE('',#1288,#4500,#5252,.T.);
#5252 = LINE('',#5253,#5254);
#5253 = CARTESIAN_POINT('',(-0.11514581907,-1.233864914441,
    -9.258973643345E-09));
#5254 = VECTOR('',#5255,1.);
#5255 = DIRECTION('',(0.,0.,-1.));
#5256 = ORIENTED_EDGE('',*,*,#4499,.T.);
#5257 = ORIENTED_EDGE('',*,*,#5229,.F.);
#5258 = PLANE('',#5259);
#5259 = AXIS2_PLACEMENT_3D('',#5260,#5261,#5262);
#5260 = CARTESIAN_POINT('',(-0.11514581907,-1.233864914441,
    -9.258973643345E-09));
#5261 = DIRECTION('',(0.981359277837,0.192182121448,0.));
#5262 = DIRECTION('',(0.192182121448,-0.981359277837,0.));
#5263 = ADVANCED_FACE('',(#5264),#5275,.T.);
#5264 = FACE_BOUND('',#5265,.F.);
#5265 = EDGE_LOOP('',(#5266,#5267,#5273,#5274));
#5266 = ORIENTED_EDGE('',*,*,#1287,.F.);
#5267 = ORIENTED_EDGE('',*,*,#5268,.T.);
#5268 = EDGE_CURVE('',#1280,#4508,#5269,.T.);
#5269 = LINE('',#5270,#5271);
#5270 = CARTESIAN_POINT('',(-0.140587497397,-1.207881937022,
    -9.258973643345E-09));
#5271 = VECTOR('',#5272,1.);
#5272 = DIRECTION('',(0.,0.,-1.));
#5273 = ORIENTED_EDGE('',*,*,#4507,.T.);
#5274 = ORIENTED_EDGE('',*,*,#5251,.F.);
#5275 = PLANE('',#5276);
#5276 = AXIS2_PLACEMENT_3D('',#5277,#5278,#5279);
#5277 = CARTESIAN_POINT('',(-0.140587497397,-1.207881937022,
    -9.258973643345E-09));
#5278 = DIRECTION('',(0.714510248653,0.699624974233,0.));
#5279 = DIRECTION('',(0.699624974233,-0.714510248653,0.));
#5280 = ADVANCED_FACE('',(#5281),#5292,.T.);
#5281 = FACE_BOUND('',#5282,.F.);
#5282 = EDGE_LOOP('',(#5283,#5284,#5290,#5291));
#5283 = ORIENTED_EDGE('',*,*,#1279,.F.);
#5284 = ORIENTED_EDGE('',*,*,#5285,.T.);
#5285 = EDGE_CURVE('',#1272,#4516,#5286,.T.);
#5286 = LINE('',#5287,#5288);
#5287 = CARTESIAN_POINT('',(-0.166029175724,-1.194890447743,
    -9.258973643345E-09));
#5288 = VECTOR('',#5289,1.);
#5289 = DIRECTION('',(0.,0.,-1.));
#5290 = ORIENTED_EDGE('',*,*,#4515,.T.);
#5291 = ORIENTED_EDGE('',*,*,#5268,.F.);
#5292 = PLANE('',#5293);
#5293 = AXIS2_PLACEMENT_3D('',#5294,#5295,#5296);
#5294 = CARTESIAN_POINT('',(-0.166029175724,-1.194890447743,
    -9.258973643345E-09));
#5295 = DIRECTION('',(0.454776988912,0.89060535051,0.));
#5296 = DIRECTION('',(0.89060535051,-0.454776988912,0.));
#5297 = ADVANCED_FACE('',(#5298),#5309,.T.);
#5298 = FACE_BOUND('',#5299,.F.);
#5299 = EDGE_LOOP('',(#5300,#5301,#5307,#5308));
#5300 = ORIENTED_EDGE('',*,*,#1271,.F.);
#5301 = ORIENTED_EDGE('',*,*,#5302,.T.);
#5302 = EDGE_CURVE('',#1264,#4524,#5303,.T.);
#5303 = LINE('',#5304,#5305);
#5304 = CARTESIAN_POINT('',(-0.197831246337,-1.188394703388,
    -9.258973643345E-09));
#5305 = VECTOR('',#5306,1.);
#5306 = DIRECTION('',(0.,0.,-1.));
#5307 = ORIENTED_EDGE('',*,*,#4523,.T.);
#5308 = ORIENTED_EDGE('',*,*,#5285,.F.);
#5309 = PLANE('',#5310);
#5310 = AXIS2_PLACEMENT_3D('',#5311,#5312,#5313);
#5311 = CARTESIAN_POINT('',(-0.197831246337,-1.188394703388,
    -9.258973643345E-09));
#5312 = DIRECTION('',(0.200123445161,0.979770690874,0.));
#5313 = DIRECTION('',(0.979770690874,-0.200123445161,0.));
#5314 = ADVANCED_FACE('',(#5315),#5326,.T.);
#5315 = FACE_BOUND('',#5316,.F.);
#5316 = EDGE_LOOP('',(#5317,#5318,#5324,#5325));
#5317 = ORIENTED_EDGE('',*,*,#1263,.F.);
#5318 = ORIENTED_EDGE('',*,*,#5319,.T.);
#5319 = EDGE_CURVE('',#1256,#4532,#5320,.T.);
#5320 = LINE('',#5321,#5322);
#5321 = CARTESIAN_POINT('',(-0.255074995277,-1.188394703388,
    -9.258973643345E-09));
#5322 = VECTOR('',#5323,1.);
#5323 = DIRECTION('',(0.,0.,-1.));
#5324 = ORIENTED_EDGE('',*,*,#4531,.T.);
#5325 = ORIENTED_EDGE('',*,*,#5302,.F.);
#5326 = PLANE('',#5327);
#5327 = AXIS2_PLACEMENT_3D('',#5328,#5329,#5330);
#5328 = CARTESIAN_POINT('',(-0.255074995277,-1.188394703388,
    -9.258973643345E-09));
#5329 = DIRECTION('',(0.,1.,0.));
#5330 = DIRECTION('',(1.,0.,0.));
#5331 = ADVANCED_FACE('',(#5332),#5343,.T.);
#5332 = FACE_BOUND('',#5333,.F.);
#5333 = EDGE_LOOP('',(#5334,#5335,#5341,#5342));
#5334 = ORIENTED_EDGE('',*,*,#1255,.F.);
#5335 = ORIENTED_EDGE('',*,*,#5336,.T.);
#5336 = EDGE_CURVE('',#1248,#4540,#5337,.T.);
#5337 = LINE('',#5338,#5339);
#5338 = CARTESIAN_POINT('',(-0.286877065889,-1.194890447743,
    -9.258973643345E-09));
#5339 = VECTOR('',#5340,1.);
#5340 = DIRECTION('',(0.,0.,-1.));
#5341 = ORIENTED_EDGE('',*,*,#4539,.T.);
#5342 = ORIENTED_EDGE('',*,*,#5319,.F.);
#5343 = PLANE('',#5344);
#5344 = AXIS2_PLACEMENT_3D('',#5345,#5346,#5347);
#5345 = CARTESIAN_POINT('',(-0.286877065889,-1.194890447743,
    -9.258973643345E-09));
#5346 = DIRECTION('',(-0.200123445161,0.979770690874,0.));
#5347 = DIRECTION('',(0.979770690874,0.200123445161,0.));
#5348 = ADVANCED_FACE('',(#5349),#5360,.T.);
#5349 = FACE_BOUND('',#5350,.F.);
#5350 = EDGE_LOOP('',(#5351,#5352,#5358,#5359));
#5351 = ORIENTED_EDGE('',*,*,#1247,.F.);
#5352 = ORIENTED_EDGE('',*,*,#5353,.T.);
#5353 = EDGE_CURVE('',#1240,#4548,#5354,.T.);
#5354 = LINE('',#5355,#5356);
#5355 = CARTESIAN_POINT('',(-0.312318744216,-1.207881937022,
    -9.258973643345E-09));
#5356 = VECTOR('',#5357,1.);
#5357 = DIRECTION('',(0.,0.,-1.));
#5358 = ORIENTED_EDGE('',*,*,#4547,.T.);
#5359 = ORIENTED_EDGE('',*,*,#5336,.F.);
#5360 = PLANE('',#5361);
#5361 = AXIS2_PLACEMENT_3D('',#5362,#5363,#5364);
#5362 = CARTESIAN_POINT('',(-0.312318744216,-1.207881937022,
    -9.258973643345E-09));
#5363 = DIRECTION('',(-0.454776988912,0.89060535051,0.));
#5364 = DIRECTION('',(0.89060535051,0.454776988912,0.));
#5365 = ADVANCED_FACE('',(#5366),#5377,.T.);
#5366 = FACE_BOUND('',#5367,.F.);
#5367 = EDGE_LOOP('',(#5368,#5369,#5375,#5376));
#5368 = ORIENTED_EDGE('',*,*,#1239,.F.);
#5369 = ORIENTED_EDGE('',*,*,#5370,.T.);
#5370 = EDGE_CURVE('',#1232,#4556,#5371,.T.);
#5371 = LINE('',#5372,#5373);
#5372 = CARTESIAN_POINT('',(-0.337760404346,-1.233864914441,
    -9.258973643345E-09));
#5373 = VECTOR('',#5374,1.);
#5374 = DIRECTION('',(0.,0.,-1.));
#5375 = ORIENTED_EDGE('',*,*,#4555,.T.);
#5376 = ORIENTED_EDGE('',*,*,#5353,.F.);
#5377 = PLANE('',#5378);
#5378 = AXIS2_PLACEMENT_3D('',#5379,#5380,#5381);
#5379 = CARTESIAN_POINT('',(-0.337760404346,-1.233864914441,
    -9.258973643345E-09));
#5380 = DIRECTION('',(-0.714510498802,0.699624718761,0.));
#5381 = DIRECTION('',(0.699624718761,0.714510498802,0.));
#5382 = ADVANCED_FACE('',(#5383),#5389,.T.);
#5383 = FACE_BOUND('',#5384,.F.);
#5384 = EDGE_LOOP('',(#5385,#5386,#5387,#5388));
#5385 = ORIENTED_EDGE('',*,*,#1231,.F.);
#5386 = ORIENTED_EDGE('',*,*,#532,.T.);
#5387 = ORIENTED_EDGE('',*,*,#4563,.T.);
#5388 = ORIENTED_EDGE('',*,*,#5370,.F.);
#5389 = PLANE('',#5390);
#5390 = AXIS2_PLACEMENT_3D('',#5391,#5392,#5393);
#5391 = CARTESIAN_POINT('',(-0.35048124351,-1.259847894135,
    -9.258973643345E-09));
#5392 = DIRECTION('',(-0.898138044771,0.439713602853,0.));
#5393 = DIRECTION('',(0.439713602853,0.898138044771,0.));
#5394 = ADVANCED_FACE('',(#5395),#5406,.T.);
#5395 = FACE_BOUND('',#5396,.F.);
#5396 = EDGE_LOOP('',(#5397,#5398,#5399,#5400));
#5397 = ORIENTED_EDGE('',*,*,#1000,.F.);
#5398 = ORIENTED_EDGE('',*,*,#5236,.T.);
#5399 = ORIENTED_EDGE('',*,*,#4794,.T.);
#5400 = ORIENTED_EDGE('',*,*,#5401,.F.);
#5401 = EDGE_CURVE('',#1001,#4787,#5402,.T.);
#5402 = LINE('',#5403,#5404);
#5403 = CARTESIAN_POINT('',(-0.153308318363,-1.246856406563,
    -9.258973643345E-09));
#5404 = VECTOR('',#5405,1.);
#5405 = DIRECTION('',(0.,0.,-1.));
#5406 = PLANE('',#5407);
#5407 = AXIS2_PLACEMENT_3D('',#5408,#5409,#5410);
#5408 = CARTESIAN_POINT('',(-0.146947926077,-1.266343637921,
    -9.258973643345E-09));
#5409 = DIRECTION('',(-0.950645541239,-0.310278995296,0.));
#5410 = DIRECTION('',(-0.310278995296,0.950645541239,0.));
#5411 = ADVANCED_FACE('',(#5412),#5423,.T.);
#5412 = FACE_BOUND('',#5413,.F.);
#5413 = EDGE_LOOP('',(#5414,#5415,#5416,#5417));
#5414 = ORIENTED_EDGE('',*,*,#1008,.F.);
#5415 = ORIENTED_EDGE('',*,*,#5401,.T.);
#5416 = ORIENTED_EDGE('',*,*,#4786,.T.);
#5417 = ORIENTED_EDGE('',*,*,#5418,.F.);
#5418 = EDGE_CURVE('',#1009,#4779,#5419,.T.);
#5419 = LINE('',#5420,#5421);
#5420 = CARTESIAN_POINT('',(-0.172389568009,-1.233864914441,
    -9.258973643345E-09));
#5421 = VECTOR('',#5422,1.);
#5422 = DIRECTION('',(0.,0.,-1.));
#5423 = PLANE('',#5424);
#5424 = AXIS2_PLACEMENT_3D('',#5425,#5426,#5427);
#5425 = CARTESIAN_POINT('',(-0.153308318363,-1.246856406563,
    -9.258973643345E-09));
#5426 = DIRECTION('',(-0.562791065898,-0.826599187119,0.));
#5427 = DIRECTION('',(-0.826599187119,0.562791065898,0.));
#5428 = ADVANCED_FACE('',(#5429),#5440,.T.);
#5429 = FACE_BOUND('',#5430,.F.);
#5430 = EDGE_LOOP('',(#5431,#5432,#5433,#5434));
#5431 = ORIENTED_EDGE('',*,*,#1016,.F.);
#5432 = ORIENTED_EDGE('',*,*,#5418,.T.);
#5433 = ORIENTED_EDGE('',*,*,#4778,.T.);
#5434 = ORIENTED_EDGE('',*,*,#5435,.F.);
#5435 = EDGE_CURVE('',#1017,#4771,#5436,.T.);
#5436 = LINE('',#5437,#5438);
#5437 = CARTESIAN_POINT('',(-0.197831246337,-1.227369170655,
    -9.258973643345E-09));
#5438 = VECTOR('',#5439,1.);
#5439 = DIRECTION('',(0.,0.,-1.));
#5440 = PLANE('',#5441);
#5441 = AXIS2_PLACEMENT_3D('',#5442,#5443,#5444);
#5442 = CARTESIAN_POINT('',(-0.172389568009,-1.233864914441,
    -9.258973643345E-09));
#5443 = DIRECTION('',(-0.247383106838,-0.968917745968,0.));
#5444 = DIRECTION('',(-0.968917745968,0.247383106838,0.));
#5445 = ADVANCED_FACE('',(#5446),#5457,.T.);
#5446 = FACE_BOUND('',#5447,.F.);
#5447 = EDGE_LOOP('',(#5448,#5449,#5450,#5451));
#5448 = ORIENTED_EDGE('',*,*,#1024,.F.);
#5449 = ORIENTED_EDGE('',*,*,#5435,.T.);
#5450 = ORIENTED_EDGE('',*,*,#4770,.T.);
#5451 = ORIENTED_EDGE('',*,*,#5452,.F.);
#5452 = EDGE_CURVE('',#1025,#4763,#5453,.T.);
#5453 = LINE('',#5454,#5455);
#5454 = CARTESIAN_POINT('',(-0.255074995277,-1.227369170655,
    -9.258973643345E-09));
#5455 = VECTOR('',#5456,1.);
#5456 = DIRECTION('',(0.,0.,-1.));
#5457 = PLANE('',#5458);
#5458 = AXIS2_PLACEMENT_3D('',#5459,#5460,#5461);
#5459 = CARTESIAN_POINT('',(-0.197831246337,-1.227369170655,
    -9.258973643345E-09));
#5460 = DIRECTION('',(0.,-1.,0.));
#5461 = DIRECTION('',(-1.,0.,0.));
#5462 = ADVANCED_FACE('',(#5463),#5474,.T.);
#5463 = FACE_BOUND('',#5464,.F.);
#5464 = EDGE_LOOP('',(#5465,#5466,#5467,#5468));
#5465 = ORIENTED_EDGE('',*,*,#1032,.F.);
#5466 = ORIENTED_EDGE('',*,*,#5452,.T.);
#5467 = ORIENTED_EDGE('',*,*,#4762,.T.);
#5468 = ORIENTED_EDGE('',*,*,#5469,.F.);
#5469 = EDGE_CURVE('',#1033,#4755,#5470,.T.);
#5470 = LINE('',#5471,#5472);
#5471 = CARTESIAN_POINT('',(-0.280516673604,-1.233864914441,
    -9.258973643345E-09));
#5472 = VECTOR('',#5473,1.);
#5473 = DIRECTION('',(0.,0.,-1.));
#5474 = PLANE('',#5475);
#5475 = AXIS2_PLACEMENT_3D('',#5476,#5477,#5478);
#5476 = CARTESIAN_POINT('',(-0.255074995277,-1.227369170655,
    -9.258973643345E-09));
#5477 = DIRECTION('',(0.247383106838,-0.968917745968,0.));
#5478 = DIRECTION('',(-0.968917745968,-0.247383106838,0.));
#5479 = ADVANCED_FACE('',(#5480),#5491,.T.);
#5480 = FACE_BOUND('',#5481,.F.);
#5481 = EDGE_LOOP('',(#5482,#5483,#5484,#5485));
#5482 = ORIENTED_EDGE('',*,*,#1040,.F.);
#5483 = ORIENTED_EDGE('',*,*,#5469,.T.);
#5484 = ORIENTED_EDGE('',*,*,#4754,.T.);
#5485 = ORIENTED_EDGE('',*,*,#5486,.F.);
#5486 = EDGE_CURVE('',#1041,#4747,#5487,.T.);
#5487 = LINE('',#5488,#5489);
#5488 = CARTESIAN_POINT('',(-0.29959792325,-1.246856406563,
    -9.258973643345E-09));
#5489 = VECTOR('',#5490,1.);
#5490 = DIRECTION('',(0.,0.,-1.));
#5491 = PLANE('',#5492);
#5492 = AXIS2_PLACEMENT_3D('',#5493,#5494,#5495);
#5493 = CARTESIAN_POINT('',(-0.280516673604,-1.233864914441,
    -9.258973643345E-09));
#5494 = DIRECTION('',(0.562791065898,-0.826599187119,0.));
#5495 = DIRECTION('',(-0.826599187119,-0.562791065898,0.));
#5496 = ADVANCED_FACE('',(#5497),#5508,.T.);
#5497 = FACE_BOUND('',#5498,.F.);
#5498 = EDGE_LOOP('',(#5499,#5500,#5501,#5502));
#5499 = ORIENTED_EDGE('',*,*,#1048,.F.);
#5500 = ORIENTED_EDGE('',*,*,#5486,.T.);
#5501 = ORIENTED_EDGE('',*,*,#4746,.T.);
#5502 = ORIENTED_EDGE('',*,*,#5503,.F.);
#5503 = EDGE_CURVE('',#1049,#4739,#5504,.T.);
#5504 = LINE('',#5505,#5506);
#5505 = CARTESIAN_POINT('',(-0.312318744216,-1.266343637921,
    -9.258973643345E-09));
#5506 = VECTOR('',#5507,1.);
#5507 = DIRECTION('',(0.,0.,-1.));
#5508 = PLANE('',#5509);
#5509 = AXIS2_PLACEMENT_3D('',#5510,#5511,#5512);
#5510 = CARTESIAN_POINT('',(-0.29959792325,-1.246856406563,
    -9.258973643345E-09));
#5511 = DIRECTION('',(0.837379359156,-0.546622181089,0.));
#5512 = DIRECTION('',(-0.546622181089,-0.837379359156,0.));
#5513 = ADVANCED_FACE('',(#5514),#5525,.T.);
#5514 = FACE_BOUND('',#5515,.F.);
#5515 = EDGE_LOOP('',(#5516,#5517,#5518,#5519));
#5516 = ORIENTED_EDGE('',*,*,#1056,.F.);
#5517 = ORIENTED_EDGE('',*,*,#5503,.T.);
#5518 = ORIENTED_EDGE('',*,*,#4738,.T.);
#5519 = ORIENTED_EDGE('',*,*,#5520,.F.);
#5520 = EDGE_CURVE('',#1057,#4731,#5521,.T.);
#5521 = LINE('',#5522,#5523);
#5522 = CARTESIAN_POINT('',(-0.318679172897,-1.292326613066,
    -9.258973643345E-09));
#5523 = VECTOR('',#5524,1.);
#5524 = DIRECTION('',(0.,0.,-1.));
#5525 = PLANE('',#5526);
#5526 = AXIS2_PLACEMENT_3D('',#5527,#5528,#5529);
#5527 = CARTESIAN_POINT('',(-0.312318744216,-1.266343637921,
    -9.258973643345E-09));
#5528 = DIRECTION('',(0.971321049125,-0.237771780341,0.));
#5529 = DIRECTION('',(-0.237771780341,-0.971321049125,0.));
#5530 = ADVANCED_FACE('',(#5531),#5542,.T.);
#5531 = FACE_BOUND('',#5532,.F.);
#5532 = EDGE_LOOP('',(#5533,#5534,#5535,#5536));
#5533 = ORIENTED_EDGE('',*,*,#1064,.F.);
#5534 = ORIENTED_EDGE('',*,*,#5520,.T.);
#5535 = ORIENTED_EDGE('',*,*,#4730,.T.);
#5536 = ORIENTED_EDGE('',*,*,#5537,.F.);
#5537 = EDGE_CURVE('',#1065,#4723,#5538,.T.);
#5538 = LINE('',#5539,#5540);
#5539 = CARTESIAN_POINT('',(-0.318679172897,-1.389762778958,
    -9.258973643345E-09));
#5540 = VECTOR('',#5541,1.);
#5541 = DIRECTION('',(0.,0.,-1.));
#5542 = PLANE('',#5543);
#5543 = AXIS2_PLACEMENT_3D('',#5544,#5545,#5546);
#5544 = CARTESIAN_POINT('',(-0.318679172897,-1.292326613066,
    -9.258973643345E-09));
#5545 = DIRECTION('',(1.,0.,0.));
#5546 = DIRECTION('',(0.,-1.,0.));
#5547 = ADVANCED_FACE('',(#5548),#5559,.T.);
#5548 = FACE_BOUND('',#5549,.F.);
#5549 = EDGE_LOOP('',(#5550,#5551,#5552,#5553));
#5550 = ORIENTED_EDGE('',*,*,#1072,.F.);
#5551 = ORIENTED_EDGE('',*,*,#5537,.T.);
#5552 = ORIENTED_EDGE('',*,*,#4722,.T.);
#5553 = ORIENTED_EDGE('',*,*,#5554,.F.);
#5554 = EDGE_CURVE('',#1073,#4715,#5555,.T.);
#5555 = LINE('',#5556,#5557);
#5556 = CARTESIAN_POINT('',(-0.312318744216,-1.415745754103,
    -9.258973643345E-09));
#5557 = VECTOR('',#5558,1.);
#5558 = DIRECTION('',(0.,0.,-1.));
#5559 = PLANE('',#5560);
#5560 = AXIS2_PLACEMENT_3D('',#5561,#5562,#5563);
#5561 = CARTESIAN_POINT('',(-0.318679172897,-1.389762778958,
    -9.258973643345E-09));
#5562 = DIRECTION('',(0.971321049125,0.237771780341,0.));
#5563 = DIRECTION('',(0.237771780341,-0.971321049125,0.));
#5564 = ADVANCED_FACE('',(#5565),#5576,.T.);
#5565 = FACE_BOUND('',#5566,.F.);
#5566 = EDGE_LOOP('',(#5567,#5568,#5569,#5570));
#5567 = ORIENTED_EDGE('',*,*,#1080,.F.);
#5568 = ORIENTED_EDGE('',*,*,#5554,.T.);
#5569 = ORIENTED_EDGE('',*,*,#4714,.T.);
#5570 = ORIENTED_EDGE('',*,*,#5571,.F.);
#5571 = EDGE_CURVE('',#1081,#4707,#5572,.T.);
#5572 = LINE('',#5573,#5574);
#5573 = CARTESIAN_POINT('',(-0.29959792325,-1.435233003659,
    -9.258973643345E-09));
#5574 = VECTOR('',#5575,1.);
#5575 = DIRECTION('',(0.,0.,-1.));
#5576 = PLANE('',#5577);
#5577 = AXIS2_PLACEMENT_3D('',#5578,#5579,#5580);
#5578 = CARTESIAN_POINT('',(-0.312318744216,-1.415745754103,
    -9.258973643345E-09));
#5579 = DIRECTION('',(0.837379592799,0.546621823168,0.));
#5580 = DIRECTION('',(0.546621823168,-0.837379592799,0.));
#5581 = ADVANCED_FACE('',(#5582),#5593,.T.);
#5582 = FACE_BOUND('',#5583,.F.);
#5583 = EDGE_LOOP('',(#5584,#5585,#5586,#5587));
#5584 = ORIENTED_EDGE('',*,*,#1088,.F.);
#5585 = ORIENTED_EDGE('',*,*,#5571,.T.);
#5586 = ORIENTED_EDGE('',*,*,#4706,.T.);
#5587 = ORIENTED_EDGE('',*,*,#5588,.F.);
#5588 = EDGE_CURVE('',#1089,#4699,#5589,.T.);
#5589 = LINE('',#5590,#5591);
#5590 = CARTESIAN_POINT('',(-0.280516673604,-1.448224491232,
    -9.258973643345E-09));
#5591 = VECTOR('',#5592,1.);
#5592 = DIRECTION('',(0.,0.,-1.));
#5593 = PLANE('',#5594);
#5594 = AXIS2_PLACEMENT_3D('',#5595,#5596,#5597);
#5595 = CARTESIAN_POINT('',(-0.29959792325,-1.435233003659,
    -9.258973643345E-09));
#5596 = DIRECTION('',(0.562790931242,0.8265992788,0.));
#5597 = DIRECTION('',(0.8265992788,-0.562790931242,0.));
#5598 = ADVANCED_FACE('',(#5599),#5610,.T.);
#5599 = FACE_BOUND('',#5600,.F.);
#5600 = EDGE_LOOP('',(#5601,#5602,#5603,#5604));
#5601 = ORIENTED_EDGE('',*,*,#1096,.F.);
#5602 = ORIENTED_EDGE('',*,*,#5588,.T.);
#5603 = ORIENTED_EDGE('',*,*,#4698,.T.);
#5604 = ORIENTED_EDGE('',*,*,#5605,.F.);
#5605 = EDGE_CURVE('',#1097,#4691,#5606,.T.);
#5606 = LINE('',#5607,#5608);
#5607 = CARTESIAN_POINT('',(-0.255074995277,-1.454720235017,
    -9.258973643345E-09));
#5608 = VECTOR('',#5609,1.);
#5609 = DIRECTION('',(0.,0.,-1.));
#5610 = PLANE('',#5611);
#5611 = AXIS2_PLACEMENT_3D('',#5612,#5613,#5614);
#5612 = CARTESIAN_POINT('',(-0.280516673604,-1.448224491232,
    -9.258973643345E-09));
#5613 = DIRECTION('',(0.247383106838,0.968917745968,0.));
#5614 = DIRECTION('',(0.968917745968,-0.247383106838,0.));
#5615 = ADVANCED_FACE('',(#5616),#5627,.T.);
#5616 = FACE_BOUND('',#5617,.F.);
#5617 = EDGE_LOOP('',(#5618,#5619,#5620,#5621));
#5618 = ORIENTED_EDGE('',*,*,#1104,.F.);
#5619 = ORIENTED_EDGE('',*,*,#5605,.T.);
#5620 = ORIENTED_EDGE('',*,*,#4690,.T.);
#5621 = ORIENTED_EDGE('',*,*,#5622,.F.);
#5622 = EDGE_CURVE('',#1105,#4683,#5623,.T.);
#5623 = LINE('',#5624,#5625);
#5624 = CARTESIAN_POINT('',(-0.197831246337,-1.454720235017,
    -9.258973643345E-09));
#5625 = VECTOR('',#5626,1.);
#5626 = DIRECTION('',(0.,0.,-1.));
#5627 = PLANE('',#5628);
#5628 = AXIS2_PLACEMENT_3D('',#5629,#5630,#5631);
#5629 = CARTESIAN_POINT('',(-0.255074995277,-1.454720235017,
    -9.258973643345E-09));
#5630 = DIRECTION('',(0.,1.,0.));
#5631 = DIRECTION('',(1.,0.,0.));
#5632 = ADVANCED_FACE('',(#5633),#5644,.T.);
#5633 = FACE_BOUND('',#5634,.F.);
#5634 = EDGE_LOOP('',(#5635,#5636,#5637,#5638));
#5635 = ORIENTED_EDGE('',*,*,#1112,.F.);
#5636 = ORIENTED_EDGE('',*,*,#5622,.T.);
#5637 = ORIENTED_EDGE('',*,*,#4682,.T.);
#5638 = ORIENTED_EDGE('',*,*,#5639,.F.);
#5639 = EDGE_CURVE('',#1113,#4675,#5640,.T.);
#5640 = LINE('',#5641,#5642);
#5641 = CARTESIAN_POINT('',(-0.172389568009,-1.448224491232,
    -9.258973643345E-09));
#5642 = VECTOR('',#5643,1.);
#5643 = DIRECTION('',(0.,0.,-1.));
#5644 = PLANE('',#5645);
#5645 = AXIS2_PLACEMENT_3D('',#5646,#5647,#5648);
#5646 = CARTESIAN_POINT('',(-0.197831246337,-1.454720235017,
    -9.258973643345E-09));
#5647 = DIRECTION('',(-0.247383106838,0.968917745968,0.));
#5648 = DIRECTION('',(0.968917745968,0.247383106838,0.));
#5649 = ADVANCED_FACE('',(#5650),#5661,.T.);
#5650 = FACE_BOUND('',#5651,.F.);
#5651 = EDGE_LOOP('',(#5652,#5653,#5654,#5655));
#5652 = ORIENTED_EDGE('',*,*,#1120,.F.);
#5653 = ORIENTED_EDGE('',*,*,#5639,.T.);
#5654 = ORIENTED_EDGE('',*,*,#4674,.T.);
#5655 = ORIENTED_EDGE('',*,*,#5656,.F.);
#5656 = EDGE_CURVE('',#1121,#4667,#5657,.T.);
#5657 = LINE('',#5658,#5659);
#5658 = CARTESIAN_POINT('',(-0.153308318363,-1.435233003659,
    -9.258973643345E-09));
#5659 = VECTOR('',#5660,1.);
#5660 = DIRECTION('',(0.,0.,-1.));
#5661 = PLANE('',#5662);
#5662 = AXIS2_PLACEMENT_3D('',#5663,#5664,#5665);
#5663 = CARTESIAN_POINT('',(-0.172389568009,-1.448224491232,
    -9.258973643345E-09));
#5664 = DIRECTION('',(-0.562790931242,0.8265992788,0.));
#5665 = DIRECTION('',(0.8265992788,0.562790931242,0.));
#5666 = ADVANCED_FACE('',(#5667),#5678,.T.);
#5667 = FACE_BOUND('',#5668,.F.);
#5668 = EDGE_LOOP('',(#5669,#5670,#5671,#5672));
#5669 = ORIENTED_EDGE('',*,*,#1128,.F.);
#5670 = ORIENTED_EDGE('',*,*,#5656,.T.);
#5671 = ORIENTED_EDGE('',*,*,#4666,.T.);
#5672 = ORIENTED_EDGE('',*,*,#5673,.F.);
#5673 = EDGE_CURVE('',#1129,#4659,#5674,.T.);
#5674 = LINE('',#5675,#5676);
#5675 = CARTESIAN_POINT('',(-0.146947926077,-1.415745754103,
    -9.258973643345E-09));
#5676 = VECTOR('',#5677,1.);
#5677 = DIRECTION('',(0.,0.,-1.));
#5678 = PLANE('',#5679);
#5679 = AXIS2_PLACEMENT_3D('',#5680,#5681,#5682);
#5680 = CARTESIAN_POINT('',(-0.153308318363,-1.435233003659,
    -9.258973643345E-09));
#5681 = DIRECTION('',(-0.950645626703,0.31027873345,0.));
#5682 = DIRECTION('',(0.31027873345,0.950645626703,0.));
#5683 = ADVANCED_FACE('',(#5684),#5695,.T.);
#5684 = FACE_BOUND('',#5685,.F.);
#5685 = EDGE_LOOP('',(#5686,#5687,#5688,#5689));
#5686 = ORIENTED_EDGE('',*,*,#1136,.F.);
#5687 = ORIENTED_EDGE('',*,*,#5673,.T.);
#5688 = ORIENTED_EDGE('',*,*,#4658,.T.);
#5689 = ORIENTED_EDGE('',*,*,#5690,.F.);
#5690 = EDGE_CURVE('',#1137,#4651,#5691,.T.);
#5691 = LINE('',#5692,#5693);
#5692 = CARTESIAN_POINT('',(-0.108785426784,-1.415745754103,
    -9.258973643345E-09));
#5693 = VECTOR('',#5694,1.);
#5694 = DIRECTION('',(0.,0.,-1.));
#5695 = PLANE('',#5696);
#5696 = AXIS2_PLACEMENT_3D('',#5697,#5698,#5699);
#5697 = CARTESIAN_POINT('',(-0.146947926077,-1.415745754103,
    -9.258973643345E-09));
#5698 = DIRECTION('',(0.,1.,0.));
#5699 = DIRECTION('',(1.,0.,0.));
#5700 = ADVANCED_FACE('',(#5701),#5712,.T.);
#5701 = FACE_BOUND('',#5702,.F.);
#5702 = EDGE_LOOP('',(#5703,#5704,#5705,#5706));
#5703 = ORIENTED_EDGE('',*,*,#1144,.F.);
#5704 = ORIENTED_EDGE('',*,*,#5690,.T.);
#5705 = ORIENTED_EDGE('',*,*,#4650,.T.);
#5706 = ORIENTED_EDGE('',*,*,#5707,.F.);
#5707 = EDGE_CURVE('',#1145,#4643,#5708,.T.);
#5708 = LINE('',#5709,#5710);
#5709 = CARTESIAN_POINT('',(-0.11514581907,-1.448224491232,
    -9.258973643345E-09));
#5710 = VECTOR('',#5711,1.);
#5711 = DIRECTION('',(0.,0.,-1.));
#5712 = PLANE('',#5713);
#5713 = AXIS2_PLACEMENT_3D('',#5714,#5715,#5716);
#5714 = CARTESIAN_POINT('',(-0.108785426784,-1.415745754103,
    -9.258973643345E-09));
#5715 = DIRECTION('',(0.981359293067,-0.192182043673,0.));
#5716 = DIRECTION('',(-0.192182043673,-0.981359293067,0.));
#5717 = ADVANCED_FACE('',(#5718),#5729,.T.);
#5718 = FACE_BOUND('',#5719,.F.);
#5719 = EDGE_LOOP('',(#5720,#5721,#5722,#5723));
#5720 = ORIENTED_EDGE('',*,*,#1152,.F.);
#5721 = ORIENTED_EDGE('',*,*,#5707,.T.);
#5722 = ORIENTED_EDGE('',*,*,#4642,.T.);
#5723 = ORIENTED_EDGE('',*,*,#5724,.F.);
#5724 = EDGE_CURVE('',#1153,#4635,#5725,.T.);
#5725 = LINE('',#5726,#5727);
#5726 = CARTESIAN_POINT('',(-0.140587497397,-1.474207466377,
    -9.258973643345E-09));
#5727 = VECTOR('',#5728,1.);
#5728 = DIRECTION('',(0.,0.,-1.));
#5729 = PLANE('',#5730);
#5730 = AXIS2_PLACEMENT_3D('',#5731,#5732,#5733);
#5731 = CARTESIAN_POINT('',(-0.11514581907,-1.448224491232,
    -9.258973643345E-09));
#5732 = DIRECTION('',(0.714510218035,-0.699625005502,0.));
#5733 = DIRECTION('',(-0.699625005502,-0.714510218035,0.));
#5734 = ADVANCED_FACE('',(#5735),#5746,.T.);
#5735 = FACE_BOUND('',#5736,.F.);
#5736 = EDGE_LOOP('',(#5737,#5738,#5739,#5740));
#5737 = ORIENTED_EDGE('',*,*,#1160,.F.);
#5738 = ORIENTED_EDGE('',*,*,#5724,.T.);
#5739 = ORIENTED_EDGE('',*,*,#4634,.T.);
#5740 = ORIENTED_EDGE('',*,*,#5741,.F.);
#5741 = EDGE_CURVE('',#1161,#4627,#5742,.T.);
#5742 = LINE('',#5743,#5744);
#5743 = CARTESIAN_POINT('',(-0.166029175724,-1.487198953949,
    -9.258973643345E-09));
#5744 = VECTOR('',#5745,1.);
#5745 = DIRECTION('',(0.,0.,-1.));
#5746 = PLANE('',#5747);
#5747 = AXIS2_PLACEMENT_3D('',#5748,#5749,#5750);
#5748 = CARTESIAN_POINT('',(-0.140587497397,-1.474207466377,
    -9.258973643345E-09));
#5749 = DIRECTION('',(0.454776941543,-0.890605374698,0.));
#5750 = DIRECTION('',(-0.890605374698,-0.454776941543,0.));
#5751 = ADVANCED_FACE('',(#5752),#5763,.T.);
#5752 = FACE_BOUND('',#5753,.F.);
#5753 = EDGE_LOOP('',(#5754,#5755,#5756,#5757));
#5754 = ORIENTED_EDGE('',*,*,#1168,.F.);
#5755 = ORIENTED_EDGE('',*,*,#5741,.T.);
#5756 = ORIENTED_EDGE('',*,*,#4626,.T.);
#5757 = ORIENTED_EDGE('',*,*,#5758,.F.);
#5758 = EDGE_CURVE('',#1169,#4619,#5759,.T.);
#5759 = LINE('',#5760,#5761);
#5760 = CARTESIAN_POINT('',(-0.197831246337,-1.493694697735,
    -9.258973643345E-09));
#5761 = VECTOR('',#5762,1.);
#5762 = DIRECTION('',(0.,0.,-1.));
#5763 = PLANE('',#5764);
#5764 = AXIS2_PLACEMENT_3D('',#5765,#5766,#5767);
#5765 = CARTESIAN_POINT('',(-0.166029175724,-1.487198953949,
    -9.258973643345E-09));
#5766 = DIRECTION('',(0.200123428343,-0.97977069431,0.));
#5767 = DIRECTION('',(-0.97977069431,-0.200123428343,0.));
#5768 = ADVANCED_FACE('',(#5769),#5780,.T.);
#5769 = FACE_BOUND('',#5770,.F.);
#5770 = EDGE_LOOP('',(#5771,#5772,#5773,#5774));
#5771 = ORIENTED_EDGE('',*,*,#1176,.F.);
#5772 = ORIENTED_EDGE('',*,*,#5758,.T.);
#5773 = ORIENTED_EDGE('',*,*,#4618,.T.);
#5774 = ORIENTED_EDGE('',*,*,#5775,.F.);
#5775 = EDGE_CURVE('',#1177,#4611,#5776,.T.);
#5776 = LINE('',#5777,#5778);
#5777 = CARTESIAN_POINT('',(-0.255074995277,-1.493694697735,
    -9.258973643345E-09));
#5778 = VECTOR('',#5779,1.);
#5779 = DIRECTION('',(0.,0.,-1.));
#5780 = PLANE('',#5781);
#5781 = AXIS2_PLACEMENT_3D('',#5782,#5783,#5784);
#5782 = CARTESIAN_POINT('',(-0.197831246337,-1.493694697735,
    -9.258973643345E-09));
#5783 = DIRECTION('',(0.,-1.,0.));
#5784 = DIRECTION('',(-1.,0.,0.));
#5785 = ADVANCED_FACE('',(#5786),#5797,.T.);
#5786 = FACE_BOUND('',#5787,.F.);
#5787 = EDGE_LOOP('',(#5788,#5789,#5790,#5791));
#5788 = ORIENTED_EDGE('',*,*,#1184,.F.);
#5789 = ORIENTED_EDGE('',*,*,#5775,.T.);
#5790 = ORIENTED_EDGE('',*,*,#4610,.T.);
#5791 = ORIENTED_EDGE('',*,*,#5792,.F.);
#5792 = EDGE_CURVE('',#1185,#4603,#5793,.T.);
#5793 = LINE('',#5794,#5795);
#5794 = CARTESIAN_POINT('',(-0.286877065889,-1.487198953949,
    -9.258973643345E-09));
#5795 = VECTOR('',#5796,1.);
#5796 = DIRECTION('',(0.,0.,-1.));
#5797 = PLANE('',#5798);
#5798 = AXIS2_PLACEMENT_3D('',#5799,#5800,#5801);
#5799 = CARTESIAN_POINT('',(-0.255074995277,-1.493694697735,
    -9.258973643345E-09));
#5800 = DIRECTION('',(-0.200123428343,-0.97977069431,0.));
#5801 = DIRECTION('',(-0.97977069431,0.200123428343,0.));
#5802 = ADVANCED_FACE('',(#5803),#5814,.T.);
#5803 = FACE_BOUND('',#5804,.F.);
#5804 = EDGE_LOOP('',(#5805,#5806,#5807,#5808));
#5805 = ORIENTED_EDGE('',*,*,#1192,.F.);
#5806 = ORIENTED_EDGE('',*,*,#5792,.T.);
#5807 = ORIENTED_EDGE('',*,*,#4602,.T.);
#5808 = ORIENTED_EDGE('',*,*,#5809,.F.);
#5809 = EDGE_CURVE('',#1193,#4595,#5810,.T.);
#5810 = LINE('',#5811,#5812);
#5811 = CARTESIAN_POINT('',(-0.312318744216,-1.474207466377,
    -9.258973643345E-09));
#5812 = VECTOR('',#5813,1.);
#5813 = DIRECTION('',(1.110223024625E-14,0.,-1.));
#5814 = PLANE('',#5815);
#5815 = AXIS2_PLACEMENT_3D('',#5816,#5817,#5818);
#5816 = CARTESIAN_POINT('',(-0.286877065889,-1.487198953949,
    -9.258973643345E-09));
#5817 = DIRECTION('',(-0.454776941543,-0.890605374698,0.));
#5818 = DIRECTION('',(-0.890605374698,0.454776941543,0.));
#5819 = ADVANCED_FACE('',(#5820),#5831,.T.);
#5820 = FACE_BOUND('',#5821,.F.);
#5821 = EDGE_LOOP('',(#5822,#5823,#5824,#5825));
#5822 = ORIENTED_EDGE('',*,*,#1200,.F.);
#5823 = ORIENTED_EDGE('',*,*,#5809,.T.);
#5824 = ORIENTED_EDGE('',*,*,#4594,.T.);
#5825 = ORIENTED_EDGE('',*,*,#5826,.F.);
#5826 = EDGE_CURVE('',#1201,#4587,#5827,.T.);
#5827 = LINE('',#5828,#5829);
#5828 = CARTESIAN_POINT('',(-0.337760404346,-1.448224491232,
    -9.258973643345E-09));
#5829 = VECTOR('',#5830,1.);
#5830 = DIRECTION('',(0.,0.,-1.));
#5831 = PLANE('',#5832);
#5832 = AXIS2_PLACEMENT_3D('',#5833,#5834,#5835);
#5833 = CARTESIAN_POINT('',(-0.312318744216,-1.474207466377,
    -9.258973643345E-09));
#5834 = DIRECTION('',(-0.714510468185,-0.69962475003,0.));
#5835 = DIRECTION('',(-0.69962475003,0.714510468185,0.));
#5836 = ADVANCED_FACE('',(#5837),#5848,.T.);
#5837 = FACE_BOUND('',#5838,.F.);
#5838 = EDGE_LOOP('',(#5839,#5840,#5841,#5842));
#5839 = ORIENTED_EDGE('',*,*,#1208,.F.);
#5840 = ORIENTED_EDGE('',*,*,#5826,.T.);
#5841 = ORIENTED_EDGE('',*,*,#4586,.T.);
#5842 = ORIENTED_EDGE('',*,*,#5843,.F.);
#5843 = EDGE_CURVE('',#1209,#4579,#5844,.T.);
#5844 = LINE('',#5845,#5846);
#5845 = CARTESIAN_POINT('',(-0.35048124351,-1.422241516087,
    -9.258973643345E-09));
#5846 = VECTOR('',#5847,1.);
#5847 = DIRECTION('',(0.,0.,-1.));
#5848 = PLANE('',#5849);
#5849 = AXIS2_PLACEMENT_3D('',#5850,#5851,#5852);
#5850 = CARTESIAN_POINT('',(-0.337760404346,-1.448224491232,
    -9.258973643345E-09));
#5851 = DIRECTION('',(-0.898138014367,-0.439713664957,0.));
#5852 = DIRECTION('',(-0.439713664957,0.898138014367,0.));
#5853 = ADVANCED_FACE('',(#5854),#5865,.T.);
#5854 = FACE_BOUND('',#5855,.F.);
#5855 = EDGE_LOOP('',(#5856,#5857,#5858,#5859));
#5856 = ORIENTED_EDGE('',*,*,#1216,.F.);
#5857 = ORIENTED_EDGE('',*,*,#5843,.T.);
#5858 = ORIENTED_EDGE('',*,*,#4578,.T.);
#5859 = ORIENTED_EDGE('',*,*,#5860,.F.);
#5860 = EDGE_CURVE('',#1217,#4571,#5861,.T.);
#5861 = LINE('',#5862,#5863);
#5862 = CARTESIAN_POINT('',(-0.356841653993,-1.389762778958,
    -9.258973643345E-09));
#5863 = VECTOR('',#5864,1.);
#5864 = DIRECTION('',(0.,0.,-1.));
#5865 = PLANE('',#5866);
#5866 = AXIS2_PLACEMENT_3D('',#5867,#5868,#5869);
#5867 = CARTESIAN_POINT('',(-0.35048124351,-1.422241516087,
    -9.258973643345E-09));
#5868 = DIRECTION('',(-0.981359189368,-0.192182573205,0.));
#5869 = DIRECTION('',(-0.192182573205,0.981359189368,0.));
#5870 = ADVANCED_FACE('',(#5871),#5877,.T.);
#5871 = FACE_BOUND('',#5872,.F.);
#5872 = EDGE_LOOP('',(#5873,#5874,#5875,#5876));
#5873 = ORIENTED_EDGE('',*,*,#1224,.F.);
#5874 = ORIENTED_EDGE('',*,*,#5860,.T.);
#5875 = ORIENTED_EDGE('',*,*,#4570,.T.);
#5876 = ORIENTED_EDGE('',*,*,#516,.F.);
#5877 = PLANE('',#5878);
#5878 = AXIS2_PLACEMENT_3D('',#5879,#5880,#5881);
#5879 = CARTESIAN_POINT('',(-0.356841653993,-1.389762778958,
    -9.258973643345E-09));
#5880 = DIRECTION('',(-1.,0.,0.));
#5881 = DIRECTION('',(0.,1.,0.));
#5882 = ADVANCED_FACE('',(#5883),#5899,.T.);
#5883 = FACE_BOUND('',#5884,.F.);
#5884 = EDGE_LOOP('',(#5885,#5886,#5892,#5893));
#5885 = ORIENTED_EDGE('',*,*,#1303,.F.);
#5886 = ORIENTED_EDGE('',*,*,#5887,.T.);
#5887 = EDGE_CURVE('',#1304,#4809,#5888,.T.);
#5888 = LINE('',#5889,#5890);
#5889 = CARTESIAN_POINT('',(0.171072889236,-1.227369170655,
    -9.258973643345E-09));
#5890 = VECTOR('',#5891,1.);
#5891 = DIRECTION('',(0.,0.,-1.));
#5892 = ORIENTED_EDGE('',*,*,#4808,.T.);
#5893 = ORIENTED_EDGE('',*,*,#5894,.F.);
#5894 = EDGE_CURVE('',#1306,#4811,#5895,.T.);
#5895 = LINE('',#5896,#5897);
#5896 = CARTESIAN_POINT('',(-1.973960723086E-02,-1.227369170655,
    -9.258973643345E-09));
#5897 = VECTOR('',#5898,1.);
#5898 = DIRECTION('',(0.,0.,-1.));
#5899 = PLANE('',#5900);
#5900 = AXIS2_PLACEMENT_3D('',#5901,#5902,#5903);
#5901 = CARTESIAN_POINT('',(0.171072889236,-1.227369170655,
    -9.258973643345E-09));
#5902 = DIRECTION('',(0.,-1.,0.));
#5903 = DIRECTION('',(-1.,0.,0.));
#5904 = ADVANCED_FACE('',(#5905),#5916,.T.);
#5905 = FACE_BOUND('',#5906,.F.);
#5906 = EDGE_LOOP('',(#5907,#5908,#5914,#5915));
#5907 = ORIENTED_EDGE('',*,*,#1393,.F.);
#5908 = ORIENTED_EDGE('',*,*,#5909,.T.);
#5909 = EDGE_CURVE('',#1386,#4819,#5910,.T.);
#5910 = LINE('',#5911,#5912);
#5911 = CARTESIAN_POINT('',(0.171072889236,-1.188394703388,
    -9.258973643345E-09));
#5912 = VECTOR('',#5913,1.);
#5913 = DIRECTION('',(0.,0.,-1.));
#5914 = ORIENTED_EDGE('',*,*,#4818,.T.);
#5915 = ORIENTED_EDGE('',*,*,#5887,.F.);
#5916 = PLANE('',#5917);
#5917 = AXIS2_PLACEMENT_3D('',#5918,#5919,#5920);
#5918 = CARTESIAN_POINT('',(0.171072889236,-1.188394703388,
    -9.258973643345E-09));
#5919 = DIRECTION('',(1.,0.,0.));
#5920 = DIRECTION('',(0.,-1.,0.));
#5921 = ADVANCED_FACE('',(#5922),#5933,.T.);
#5922 = FACE_BOUND('',#5923,.F.);
#5923 = EDGE_LOOP('',(#5924,#5925,#5931,#5932));
#5924 = ORIENTED_EDGE('',*,*,#1385,.F.);
#5925 = ORIENTED_EDGE('',*,*,#5926,.T.);
#5926 = EDGE_CURVE('',#1378,#4827,#5927,.T.);
#5927 = LINE('',#5928,#5929);
#5928 = CARTESIAN_POINT('',(-5.790207012957E-02,-1.188394703388,
    -9.258973643345E-09));
#5929 = VECTOR('',#5930,1.);
#5930 = DIRECTION('',(0.,0.,-1.));
#5931 = ORIENTED_EDGE('',*,*,#4826,.T.);
#5932 = ORIENTED_EDGE('',*,*,#5909,.F.);
#5933 = PLANE('',#5934);
#5934 = AXIS2_PLACEMENT_3D('',#5935,#5936,#5937);
#5935 = CARTESIAN_POINT('',(-5.790207012957E-02,-1.188394703388,
    -9.258973643345E-09));
#5936 = DIRECTION('',(0.,1.,0.));
#5937 = DIRECTION('',(1.,0.,0.));
#5938 = ADVANCED_FACE('',(#5939),#5950,.T.);
#5939 = FACE_BOUND('',#5940,.F.);
#5940 = EDGE_LOOP('',(#5941,#5942,#5948,#5949));
#5941 = ORIENTED_EDGE('',*,*,#1377,.F.);
#5942 = ORIENTED_EDGE('',*,*,#5943,.T.);
#5943 = EDGE_CURVE('',#1370,#4835,#5944,.T.);
#5944 = LINE('',#5945,#5946);
#5945 = CARTESIAN_POINT('',(-5.790207012957E-02,-1.493694697735,
    -9.258973643345E-09));
#5946 = VECTOR('',#5947,1.);
#5947 = DIRECTION('',(0.,0.,-1.));
#5948 = ORIENTED_EDGE('',*,*,#4834,.T.);
#5949 = ORIENTED_EDGE('',*,*,#5926,.F.);
#5950 = PLANE('',#5951);
#5951 = AXIS2_PLACEMENT_3D('',#5952,#5953,#5954);
#5952 = CARTESIAN_POINT('',(-5.790207012957E-02,-1.493694697735,
    -9.258973643345E-09));
#5953 = DIRECTION('',(-1.,0.,0.));
#5954 = DIRECTION('',(0.,1.,0.));
#5955 = ADVANCED_FACE('',(#5956),#5967,.T.);
#5956 = FACE_BOUND('',#5957,.F.);
#5957 = EDGE_LOOP('',(#5958,#5959,#5965,#5966));
#5958 = ORIENTED_EDGE('',*,*,#1369,.F.);
#5959 = ORIENTED_EDGE('',*,*,#5960,.T.);
#5960 = EDGE_CURVE('',#1362,#4843,#5961,.T.);
#5961 = LINE('',#5962,#5963);
#5962 = CARTESIAN_POINT('',(0.171072889236,-1.493694697735,
    -9.258973643345E-09));
#5963 = VECTOR('',#5964,1.);
#5964 = DIRECTION('',(0.,0.,-1.));
#5965 = ORIENTED_EDGE('',*,*,#4842,.T.);
#5966 = ORIENTED_EDGE('',*,*,#5943,.F.);
#5967 = PLANE('',#5968);
#5968 = AXIS2_PLACEMENT_3D('',#5969,#5970,#5971);
#5969 = CARTESIAN_POINT('',(0.171072889236,-1.493694697735,
    -9.258973643345E-09));
#5970 = DIRECTION('',(0.,-1.,0.));
#5971 = DIRECTION('',(-1.,0.,0.));
#5972 = ADVANCED_FACE('',(#5973),#5984,.T.);
#5973 = FACE_BOUND('',#5974,.F.);
#5974 = EDGE_LOOP('',(#5975,#5976,#5982,#5983));
#5975 = ORIENTED_EDGE('',*,*,#1361,.F.);
#5976 = ORIENTED_EDGE('',*,*,#5977,.T.);
#5977 = EDGE_CURVE('',#1354,#4851,#5978,.T.);
#5978 = LINE('',#5979,#5980);
#5979 = CARTESIAN_POINT('',(0.171072889236,-1.454720235017,
    -9.258973643345E-09));
#5980 = VECTOR('',#5981,1.);
#5981 = DIRECTION('',(0.,0.,-1.));
#5982 = ORIENTED_EDGE('',*,*,#4850,.T.);
#5983 = ORIENTED_EDGE('',*,*,#5960,.F.);
#5984 = PLANE('',#5985);
#5985 = AXIS2_PLACEMENT_3D('',#5986,#5987,#5988);
#5986 = CARTESIAN_POINT('',(0.171072889236,-1.454720235017,
    -9.258973643345E-09));
#5987 = DIRECTION('',(1.,0.,0.));
#5988 = DIRECTION('',(0.,-1.,0.));
#5989 = ADVANCED_FACE('',(#5990),#6001,.T.);
#5990 = FACE_BOUND('',#5991,.F.);
#5991 = EDGE_LOOP('',(#5992,#5993,#5999,#6000));
#5992 = ORIENTED_EDGE('',*,*,#1353,.F.);
#5993 = ORIENTED_EDGE('',*,*,#5994,.T.);
#5994 = EDGE_CURVE('',#1346,#4859,#5995,.T.);
#5995 = LINE('',#5996,#5997);
#5996 = CARTESIAN_POINT('',(-1.973960723086E-02,-1.454720235017,
    -9.258973643345E-09));
#5997 = VECTOR('',#5998,1.);
#5998 = DIRECTION('',(0.,0.,-1.));
#5999 = ORIENTED_EDGE('',*,*,#4858,.T.);
#6000 = ORIENTED_EDGE('',*,*,#5977,.F.);
#6001 = PLANE('',#6002);
#6002 = AXIS2_PLACEMENT_3D('',#6003,#6004,#6005);
#6003 = CARTESIAN_POINT('',(-1.973960723086E-02,-1.454720235017,
    -9.258973643345E-09));
#6004 = DIRECTION('',(0.,1.,0.));
#6005 = DIRECTION('',(1.,0.,0.));
#6006 = ADVANCED_FACE('',(#6007),#6018,.T.);
#6007 = FACE_BOUND('',#6008,.F.);
#6008 = EDGE_LOOP('',(#6009,#6010,#6016,#6017));
#6009 = ORIENTED_EDGE('',*,*,#1345,.F.);
#6010 = ORIENTED_EDGE('',*,*,#6011,.T.);
#6011 = EDGE_CURVE('',#1338,#4867,#6012,.T.);
#6012 = LINE('',#6013,#6014);
#6013 = CARTESIAN_POINT('',(-1.973960723086E-02,-1.370275547599,
    -9.258973643345E-09));
#6014 = VECTOR('',#6015,1.);
#6015 = DIRECTION('',(0.,0.,-1.));
#6016 = ORIENTED_EDGE('',*,*,#4866,.T.);
#6017 = ORIENTED_EDGE('',*,*,#5994,.F.);
#6018 = PLANE('',#6019);
#6019 = AXIS2_PLACEMENT_3D('',#6020,#6021,#6022);
#6020 = CARTESIAN_POINT('',(-1.973960723086E-02,-1.370275547599,
    -9.258973643345E-09));
#6021 = DIRECTION('',(1.,0.,0.));
#6022 = DIRECTION('',(0.,-1.,0.));
#6023 = ADVANCED_FACE('',(#6024),#6035,.T.);
#6024 = FACE_BOUND('',#6025,.F.);
#6025 = EDGE_LOOP('',(#6026,#6027,#6033,#6034));
#6026 = ORIENTED_EDGE('',*,*,#1337,.F.);
#6027 = ORIENTED_EDGE('',*,*,#6028,.T.);
#6028 = EDGE_CURVE('',#1330,#4875,#6029,.T.);
#6029 = LINE('',#6030,#6031);
#6030 = CARTESIAN_POINT('',(0.145631247303,-1.370275547599,
    -9.258973643345E-09));
#6031 = VECTOR('',#6032,1.);
#6032 = DIRECTION('',(0.,0.,-1.));
#6033 = ORIENTED_EDGE('',*,*,#4874,.T.);
#6034 = ORIENTED_EDGE('',*,*,#6011,.F.);
#6035 = PLANE('',#6036);
#6036 = AXIS2_PLACEMENT_3D('',#6037,#6038,#6039);
#6037 = CARTESIAN_POINT('',(0.145631247303,-1.370275547599,
    -9.258973643345E-09));
#6038 = DIRECTION('',(0.,-1.,0.));
#6039 = DIRECTION('',(-1.,0.,0.));
#6040 = ADVANCED_FACE('',(#6041),#6052,.T.);
#6041 = FACE_BOUND('',#6042,.F.);
#6042 = EDGE_LOOP('',(#6043,#6044,#6050,#6051));
#6043 = ORIENTED_EDGE('',*,*,#1329,.F.);
#6044 = ORIENTED_EDGE('',*,*,#6045,.T.);
#6045 = EDGE_CURVE('',#1322,#4883,#6046,.T.);
#6046 = LINE('',#6047,#6048);
#6047 = CARTESIAN_POINT('',(0.145631247303,-1.331301084882,
    -9.258973643345E-09));
#6048 = VECTOR('',#6049,1.);
#6049 = DIRECTION('',(0.,0.,-1.));
#6050 = ORIENTED_EDGE('',*,*,#4882,.T.);
#6051 = ORIENTED_EDGE('',*,*,#6028,.F.);
#6052 = PLANE('',#6053);
#6053 = AXIS2_PLACEMENT_3D('',#6054,#6055,#6056);
#6054 = CARTESIAN_POINT('',(0.145631247303,-1.331301084882,
    -9.258973643345E-09));
#6055 = DIRECTION('',(1.,0.,0.));
#6056 = DIRECTION('',(0.,-1.,0.));
#6057 = ADVANCED_FACE('',(#6058),#6069,.T.);
#6058 = FACE_BOUND('',#6059,.F.);
#6059 = EDGE_LOOP('',(#6060,#6061,#6067,#6068));
#6060 = ORIENTED_EDGE('',*,*,#1321,.F.);
#6061 = ORIENTED_EDGE('',*,*,#6062,.T.);
#6062 = EDGE_CURVE('',#1314,#4891,#6063,.T.);
#6063 = LINE('',#6064,#6065);
#6064 = CARTESIAN_POINT('',(-1.973960723086E-02,-1.331301084882,
    -9.258973643345E-09));
#6065 = VECTOR('',#6066,1.);
#6066 = DIRECTION('',(0.,0.,-1.));
#6067 = ORIENTED_EDGE('',*,*,#4890,.T.);
#6068 = ORIENTED_EDGE('',*,*,#6045,.F.);
#6069 = PLANE('',#6070);
#6070 = AXIS2_PLACEMENT_3D('',#6071,#6072,#6073);
#6071 = CARTESIAN_POINT('',(-1.973960723086E-02,-1.331301084882,
    -9.258973643345E-09));
#6072 = DIRECTION('',(0.,1.,0.));
#6073 = DIRECTION('',(1.,0.,0.));
#6074 = ADVANCED_FACE('',(#6075),#6081,.T.);
#6075 = FACE_BOUND('',#6076,.F.);
#6076 = EDGE_LOOP('',(#6077,#6078,#6079,#6080));
#6077 = ORIENTED_EDGE('',*,*,#1313,.F.);
#6078 = ORIENTED_EDGE('',*,*,#5894,.T.);
#6079 = ORIENTED_EDGE('',*,*,#4898,.T.);
#6080 = ORIENTED_EDGE('',*,*,#6062,.F.);
#6081 = PLANE('',#6082);
#6082 = AXIS2_PLACEMENT_3D('',#6083,#6084,#6085);
#6083 = CARTESIAN_POINT('',(-1.973960723086E-02,-1.227369170655,
    -9.258973643345E-09));
#6084 = DIRECTION('',(1.,0.,0.));
#6085 = DIRECTION('',(0.,-1.,0.));
#6086 = ADVANCED_FACE('',(#6087),#6103,.T.);
#6087 = FACE_BOUND('',#6088,.F.);
#6088 = EDGE_LOOP('',(#6089,#6090,#6096,#6097));
#6089 = ORIENTED_EDGE('',*,*,#1401,.F.);
#6090 = ORIENTED_EDGE('',*,*,#6091,.T.);
#6091 = EDGE_CURVE('',#1402,#4913,#6092,.T.);
#6092 = LINE('',#6093,#6094);
#6093 = CARTESIAN_POINT('',(0.374606243063,-1.493694697735,
    -9.258973643345E-09));
#6094 = VECTOR('',#6095,1.);
#6095 = DIRECTION('',(0.,0.,-1.));
#6096 = ORIENTED_EDGE('',*,*,#4912,.T.);
#6097 = ORIENTED_EDGE('',*,*,#6098,.F.);
#6098 = EDGE_CURVE('',#1404,#4915,#6099,.T.);
#6099 = LINE('',#6100,#6101);
#6100 = CARTESIAN_POINT('',(0.22195624589,-1.493694697735,
    -9.258973643345E-09));
#6101 = VECTOR('',#6102,1.);
#6102 = DIRECTION('',(0.,0.,-1.));
#6103 = PLANE('',#6104);
#6104 = AXIS2_PLACEMENT_3D('',#6105,#6106,#6107);
#6105 = CARTESIAN_POINT('',(0.374606243063,-1.493694697735,
    -9.258973643345E-09));
#6106 = DIRECTION('',(0.,-1.,0.));
#6107 = DIRECTION('',(-1.,0.,0.));
#6108 = ADVANCED_FACE('',(#6109),#6120,.T.);
#6109 = FACE_BOUND('',#6110,.F.);
#6110 = EDGE_LOOP('',(#6111,#6112,#6118,#6119));
#6111 = ORIENTED_EDGE('',*,*,#1507,.F.);
#6112 = ORIENTED_EDGE('',*,*,#6113,.T.);
#6113 = EDGE_CURVE('',#1500,#4923,#6114,.T.);
#6114 = LINE('',#6115,#6116);
#6115 = CARTESIAN_POINT('',(0.406408350071,-1.487198953949,
    -9.258973643345E-09));
#6116 = VECTOR('',#6117,1.);
#6117 = DIRECTION('',(1.665334536938E-14,0.,-1.));
#6118 = ORIENTED_EDGE('',*,*,#4922,.T.);
#6119 = ORIENTED_EDGE('',*,*,#6091,.F.);
#6120 = PLANE('',#6121);
#6121 = AXIS2_PLACEMENT_3D('',#6122,#6123,#6124);
#6122 = CARTESIAN_POINT('',(0.406408350071,-1.487198953949,
    -9.258973643345E-09));
#6123 = DIRECTION('',(0.200123208493,-0.979770739215,0.));
#6124 = DIRECTION('',(-0.979770739215,-0.200123208493,0.));
#6125 = ADVANCED_FACE('',(#6126),#6137,.T.);
#6126 = FACE_BOUND('',#6127,.F.);
#6127 = EDGE_LOOP('',(#6128,#6129,#6135,#6136));
#6128 = ORIENTED_EDGE('',*,*,#1499,.F.);
#6129 = ORIENTED_EDGE('',*,*,#6130,.T.);
#6130 = EDGE_CURVE('',#1492,#4931,#6131,.T.);
#6131 = LINE('',#6132,#6133);
#6132 = CARTESIAN_POINT('',(0.431849992003,-1.474207466377,
    -9.258973643345E-09));
#6133 = VECTOR('',#6134,1.);
#6134 = DIRECTION('',(0.,0.,-1.));
#6135 = ORIENTED_EDGE('',*,*,#4930,.T.);
#6136 = ORIENTED_EDGE('',*,*,#6113,.F.);
#6137 = PLANE('',#6138);
#6138 = AXIS2_PLACEMENT_3D('',#6139,#6140,#6141);
#6139 = CARTESIAN_POINT('',(0.431849992003,-1.474207466377,
    -9.258973643345E-09));
#6140 = DIRECTION('',(0.454777457556,-0.890605111202,0.));
#6141 = DIRECTION('',(-0.890605111202,-0.454777457556,0.));
#6142 = ADVANCED_FACE('',(#6143),#6154,.T.);
#6143 = FACE_BOUND('',#6144,.F.);
#6144 = EDGE_LOOP('',(#6145,#6146,#6152,#6153));
#6145 = ORIENTED_EDGE('',*,*,#1491,.F.);
#6146 = ORIENTED_EDGE('',*,*,#6147,.T.);
#6147 = EDGE_CURVE('',#1484,#4939,#6148,.T.);
#6148 = LINE('',#6149,#6150);
#6149 = CARTESIAN_POINT('',(0.457291633935,-1.448224491232,
    -9.258973643345E-09));
#6150 = VECTOR('',#6151,1.);
#6151 = DIRECTION('',(0.,0.,-1.));
#6152 = ORIENTED_EDGE('',*,*,#4938,.T.);
#6153 = ORIENTED_EDGE('',*,*,#6130,.F.);
#6154 = PLANE('',#6155);
#6155 = AXIS2_PLACEMENT_3D('',#6156,#6157,#6158);
#6156 = CARTESIAN_POINT('',(0.457291633935,-1.448224491232,
    -9.258973643345E-09));
#6157 = DIRECTION('',(0.714510718335,-0.699624494557,0.));
#6158 = DIRECTION('',(-0.699624494557,-0.714510718335,0.));
#6159 = ADVANCED_FACE('',(#6160),#6171,.T.);
#6160 = FACE_BOUND('',#6161,.F.);
#6161 = EDGE_LOOP('',(#6162,#6163,#6169,#6170));
#6162 = ORIENTED_EDGE('',*,*,#1483,.F.);
#6163 = ORIENTED_EDGE('',*,*,#6164,.T.);
#6164 = EDGE_CURVE('',#1476,#4947,#6165,.T.);
#6165 = LINE('',#6166,#6167);
#6166 = CARTESIAN_POINT('',(0.470012491296,-1.422241516087,
    -9.258973643345E-09));
#6167 = VECTOR('',#6168,1.);
#6168 = DIRECTION('',(0.,0.,-1.));
#6169 = ORIENTED_EDGE('',*,*,#4946,.T.);
#6170 = ORIENTED_EDGE('',*,*,#6147,.F.);
#6171 = PLANE('',#6172);
#6172 = AXIS2_PLACEMENT_3D('',#6173,#6174,#6175);
#6173 = CARTESIAN_POINT('',(0.470012491296,-1.422241516087,
    -9.258973643345E-09));
#6174 = DIRECTION('',(0.898137765954,-0.439714172353,0.));
#6175 = DIRECTION('',(-0.439714172353,-0.898137765954,0.));
#6176 = ADVANCED_FACE('',(#6177),#6188,.T.);
#6177 = FACE_BOUND('',#6178,.F.);
#6178 = EDGE_LOOP('',(#6179,#6180,#6186,#6187));
#6179 = ORIENTED_EDGE('',*,*,#1475,.F.);
#6180 = ORIENTED_EDGE('',*,*,#6181,.T.);
#6181 = EDGE_CURVE('',#1468,#4955,#6182,.T.);
#6182 = LINE('',#6183,#6184);
#6183 = CARTESIAN_POINT('',(0.476372883582,-1.389762778958,
    -9.258973643345E-09));
#6184 = VECTOR('',#6185,1.);
#6185 = DIRECTION('',(0.,0.,-1.));
#6186 = ORIENTED_EDGE('',*,*,#4954,.T.);
#6187 = ORIENTED_EDGE('',*,*,#6164,.F.);
#6188 = PLANE('',#6189);
#6189 = AXIS2_PLACEMENT_3D('',#6190,#6191,#6192);
#6190 = CARTESIAN_POINT('',(0.476372883582,-1.389762778958,
    -9.258973643345E-09));
#6191 = DIRECTION('',(0.981359293067,-0.192182043673,0.));
#6192 = DIRECTION('',(-0.192182043673,-0.981359293067,0.));
#6193 = ADVANCED_FACE('',(#6194),#6205,.T.);
#6194 = FACE_BOUND('',#6195,.F.);
#6195 = EDGE_LOOP('',(#6196,#6197,#6203,#6204));
#6196 = ORIENTED_EDGE('',*,*,#1467,.F.);
#6197 = ORIENTED_EDGE('',*,*,#6198,.T.);
#6198 = EDGE_CURVE('',#1460,#4963,#6199,.T.);
#6199 = LINE('',#6200,#6201);
#6200 = CARTESIAN_POINT('',(0.476372883582,-1.292326613066,
    -9.258973643345E-09));
#6201 = VECTOR('',#6202,1.);
#6202 = DIRECTION('',(0.,0.,-1.));
#6203 = ORIENTED_EDGE('',*,*,#4962,.T.);
#6204 = ORIENTED_EDGE('',*,*,#6181,.F.);
#6205 = PLANE('',#6206);
#6206 = AXIS2_PLACEMENT_3D('',#6207,#6208,#6209);
#6207 = CARTESIAN_POINT('',(0.476372883582,-1.292326613066,
    -9.258973643345E-09));
#6208 = DIRECTION('',(1.,0.,0.));
#6209 = DIRECTION('',(0.,-1.,0.));
#6210 = ADVANCED_FACE('',(#6211),#6222,.T.);
#6211 = FACE_BOUND('',#6212,.F.);
#6212 = EDGE_LOOP('',(#6213,#6214,#6220,#6221));
#6213 = ORIENTED_EDGE('',*,*,#1459,.F.);
#6214 = ORIENTED_EDGE('',*,*,#6215,.T.);
#6215 = EDGE_CURVE('',#1452,#4971,#6216,.T.);
#6216 = LINE('',#6217,#6218);
#6217 = CARTESIAN_POINT('',(0.470012491296,-1.259847894135,
    -9.258973643345E-09));
#6218 = VECTOR('',#6219,1.);
#6219 = DIRECTION('',(0.,0.,-1.));
#6220 = ORIENTED_EDGE('',*,*,#4970,.T.);
#6221 = ORIENTED_EDGE('',*,*,#6198,.F.);
#6222 = PLANE('',#6223);
#6223 = AXIS2_PLACEMENT_3D('',#6224,#6225,#6226);
#6224 = CARTESIAN_POINT('',(0.470012491296,-1.259847894135,
    -9.258973643345E-09));
#6225 = DIRECTION('',(0.98135927276,0.192182147373,0.));
#6226 = DIRECTION('',(0.192182147373,-0.98135927276,0.));
#6227 = ADVANCED_FACE('',(#6228),#6239,.T.);
#6228 = FACE_BOUND('',#6229,.F.);
#6229 = EDGE_LOOP('',(#6230,#6231,#6237,#6238));
#6230 = ORIENTED_EDGE('',*,*,#1451,.F.);
#6231 = ORIENTED_EDGE('',*,*,#6232,.T.);
#6232 = EDGE_CURVE('',#1444,#4979,#6233,.T.);
#6233 = LINE('',#6234,#6235);
#6234 = CARTESIAN_POINT('',(0.457291633935,-1.233864914441,
    -9.258973643345E-09));
#6235 = VECTOR('',#6236,1.);
#6236 = DIRECTION('',(0.,0.,-1.));
#6237 = ORIENTED_EDGE('',*,*,#4978,.T.);
#6238 = ORIENTED_EDGE('',*,*,#6215,.F.);
#6239 = PLANE('',#6240);
#6240 = AXIS2_PLACEMENT_3D('',#6241,#6242,#6243);
#6241 = CARTESIAN_POINT('',(0.457291633935,-1.233864914441,
    -9.258973643345E-09));
#6242 = DIRECTION('',(0.898137796358,0.439714110249,0.));
#6243 = DIRECTION('',(0.439714110249,-0.898137796358,0.));
#6244 = ADVANCED_FACE('',(#6245),#6256,.T.);
#6245 = FACE_BOUND('',#6246,.F.);
#6246 = EDGE_LOOP('',(#6247,#6248,#6254,#6255));
#6247 = ORIENTED_EDGE('',*,*,#1443,.F.);
#6248 = ORIENTED_EDGE('',*,*,#6249,.T.);
#6249 = EDGE_CURVE('',#1436,#4987,#6250,.T.);
#6250 = LINE('',#6251,#6252);
#6251 = CARTESIAN_POINT('',(0.431849992003,-1.207881937022,
    -9.258973643345E-09));
#6252 = VECTOR('',#6253,1.);
#6253 = DIRECTION('',(0.,0.,-1.));
#6254 = ORIENTED_EDGE('',*,*,#4986,.T.);
#6255 = ORIENTED_EDGE('',*,*,#6232,.F.);
#6256 = PLANE('',#6257);
#6257 = AXIS2_PLACEMENT_3D('',#6258,#6259,#6260);
#6258 = CARTESIAN_POINT('',(0.431849992003,-1.207881937022,
    -9.258973643345E-09));
#6259 = DIRECTION('',(0.714510748952,0.699624463288,0.));
#6260 = DIRECTION('',(0.699624463288,-0.714510748952,0.));
#6261 = ADVANCED_FACE('',(#6262),#6273,.T.);
#6262 = FACE_BOUND('',#6263,.F.);
#6263 = EDGE_LOOP('',(#6264,#6265,#6271,#6272));
#6264 = ORIENTED_EDGE('',*,*,#1435,.F.);
#6265 = ORIENTED_EDGE('',*,*,#6266,.T.);
#6266 = EDGE_CURVE('',#1428,#4995,#6267,.T.);
#6267 = LINE('',#6268,#6269);
#6268 = CARTESIAN_POINT('',(0.406408350071,-1.194890447743,
    -9.258973643345E-09));
#6269 = VECTOR('',#6270,1.);
#6270 = DIRECTION('',(0.,0.,-1.));
#6271 = ORIENTED_EDGE('',*,*,#4994,.T.);
#6272 = ORIENTED_EDGE('',*,*,#6249,.F.);
#6273 = PLANE('',#6274);
#6274 = AXIS2_PLACEMENT_3D('',#6275,#6276,#6277);
#6275 = CARTESIAN_POINT('',(0.406408350071,-1.194890447743,
    -9.258973643345E-09));
#6276 = DIRECTION('',(0.454777504925,0.890605087014,0.));
#6277 = DIRECTION('',(0.890605087014,-0.454777504925,0.));
#6278 = ADVANCED_FACE('',(#6279),#6290,.T.);
#6279 = FACE_BOUND('',#6280,.F.);
#6280 = EDGE_LOOP('',(#6281,#6282,#6288,#6289));
#6281 = ORIENTED_EDGE('',*,*,#1427,.F.);
#6282 = ORIENTED_EDGE('',*,*,#6283,.T.);
#6283 = EDGE_CURVE('',#1420,#5003,#6284,.T.);
#6284 = LINE('',#6285,#6286);
#6285 = CARTESIAN_POINT('',(0.374606243063,-1.188394703388,
    -9.258973643345E-09));
#6286 = VECTOR('',#6287,1.);
#6287 = DIRECTION('',(0.,0.,-1.));
#6288 = ORIENTED_EDGE('',*,*,#5002,.T.);
#6289 = ORIENTED_EDGE('',*,*,#6266,.F.);
#6290 = PLANE('',#6291);
#6291 = AXIS2_PLACEMENT_3D('',#6292,#6293,#6294);
#6292 = CARTESIAN_POINT('',(0.374606243063,-1.188394703388,
    -9.258973643345E-09));
#6293 = DIRECTION('',(0.200123225311,0.97977073578,0.));
#6294 = DIRECTION('',(0.97977073578,-0.200123225311,0.));
#6295 = ADVANCED_FACE('',(#6296),#6307,.T.);
#6296 = FACE_BOUND('',#6297,.F.);
#6297 = EDGE_LOOP('',(#6298,#6299,#6305,#6306));
#6298 = ORIENTED_EDGE('',*,*,#1419,.F.);
#6299 = ORIENTED_EDGE('',*,*,#6300,.T.);
#6300 = EDGE_CURVE('',#1412,#5011,#6301,.T.);
#6301 = LINE('',#6302,#6303);
#6302 = CARTESIAN_POINT('',(0.22195624589,-1.188394703388,
    -9.258973643345E-09));
#6303 = VECTOR('',#6304,1.);
#6304 = DIRECTION('',(0.,0.,-1.));
#6305 = ORIENTED_EDGE('',*,*,#5010,.T.);
#6306 = ORIENTED_EDGE('',*,*,#6283,.F.);
#6307 = PLANE('',#6308);
#6308 = AXIS2_PLACEMENT_3D('',#6309,#6310,#6311);
#6309 = CARTESIAN_POINT('',(0.22195624589,-1.188394703388,
    -9.258973643345E-09));
#6310 = DIRECTION('',(0.,1.,0.));
#6311 = DIRECTION('',(1.,0.,0.));
#6312 = ADVANCED_FACE('',(#6313),#6319,.T.);
#6313 = FACE_BOUND('',#6314,.F.);
#6314 = EDGE_LOOP('',(#6315,#6316,#6317,#6318));
#6315 = ORIENTED_EDGE('',*,*,#1411,.F.);
#6316 = ORIENTED_EDGE('',*,*,#6098,.T.);
#6317 = ORIENTED_EDGE('',*,*,#5018,.T.);
#6318 = ORIENTED_EDGE('',*,*,#6300,.F.);
#6319 = PLANE('',#6320);
#6320 = AXIS2_PLACEMENT_3D('',#6321,#6322,#6323);
#6321 = CARTESIAN_POINT('',(0.22195624589,-1.493694697735,
    -9.258973643345E-09));
#6322 = DIRECTION('',(-1.,0.,0.));
#6323 = DIRECTION('',(0.,1.,0.));
#6324 = ADVANCED_FACE('',(#6325),#6341,.T.);
#6325 = FACE_BOUND('',#6326,.F.);
#6326 = EDGE_LOOP('',(#6327,#6328,#6334,#6335));
#6327 = ORIENTED_EDGE('',*,*,#1587,.F.);
#6328 = ORIENTED_EDGE('',*,*,#6329,.T.);
#6329 = EDGE_CURVE('',#1588,#5027,#6330,.T.);
#6330 = LINE('',#6331,#6332);
#6331 = CARTESIAN_POINT('',(0.260118745183,-1.454720235017,
    -9.258973643345E-09));
#6332 = VECTOR('',#6333,1.);
#6333 = DIRECTION('',(0.,0.,-1.));
#6334 = ORIENTED_EDGE('',*,*,#5026,.T.);
#6335 = ORIENTED_EDGE('',*,*,#6336,.F.);
#6336 = EDGE_CURVE('',#1590,#5029,#6337,.T.);
#6337 = LINE('',#6338,#6339);
#6338 = CARTESIAN_POINT('',(0.374606243063,-1.454720235017,
    -9.258973643345E-09));
#6339 = VECTOR('',#6340,1.);
#6340 = DIRECTION('',(0.,0.,-1.));
#6341 = PLANE('',#6342);
#6342 = AXIS2_PLACEMENT_3D('',#6343,#6344,#6345);
#6343 = CARTESIAN_POINT('',(0.260118745183,-1.454720235017,
    -9.258973643345E-09));
#6344 = DIRECTION('',(0.,1.,0.));
#6345 = DIRECTION('',(1.,0.,0.));
#6346 = ADVANCED_FACE('',(#6347),#6358,.T.);
#6347 = FACE_BOUND('',#6348,.F.);
#6348 = EDGE_LOOP('',(#6349,#6350,#6356,#6357));
#6349 = ORIENTED_EDGE('',*,*,#1677,.F.);
#6350 = ORIENTED_EDGE('',*,*,#6351,.T.);
#6351 = EDGE_CURVE('',#1670,#5037,#6352,.T.);
#6352 = LINE('',#6353,#6354);
#6353 = CARTESIAN_POINT('',(0.260118745183,-1.227369170655,
    -9.258973643345E-09));
#6354 = VECTOR('',#6355,1.);
#6355 = DIRECTION('',(0.,0.,-1.));
#6356 = ORIENTED_EDGE('',*,*,#5036,.T.);
#6357 = ORIENTED_EDGE('',*,*,#6329,.F.);
#6358 = PLANE('',#6359);
#6359 = AXIS2_PLACEMENT_3D('',#6360,#6361,#6362);
#6360 = CARTESIAN_POINT('',(0.260118745183,-1.227369170655,
    -9.258973643345E-09));
#6361 = DIRECTION('',(1.,0.,0.));
#6362 = DIRECTION('',(0.,-1.,0.));
#6363 = ADVANCED_FACE('',(#6364),#6375,.T.);
#6364 = FACE_BOUND('',#6365,.F.);
#6365 = EDGE_LOOP('',(#6366,#6367,#6373,#6374));
#6366 = ORIENTED_EDGE('',*,*,#1669,.F.);
#6367 = ORIENTED_EDGE('',*,*,#6368,.T.);
#6368 = EDGE_CURVE('',#1662,#5045,#6369,.T.);
#6369 = LINE('',#6370,#6371);
#6370 = CARTESIAN_POINT('',(0.374606243063,-1.227369170655,
    -9.258973643345E-09));
#6371 = VECTOR('',#6372,1.);
#6372 = DIRECTION('',(0.,0.,-1.));
#6373 = ORIENTED_EDGE('',*,*,#5044,.T.);
#6374 = ORIENTED_EDGE('',*,*,#6351,.F.);
#6375 = PLANE('',#6376);
#6376 = AXIS2_PLACEMENT_3D('',#6377,#6378,#6379);
#6377 = CARTESIAN_POINT('',(0.374606243063,-1.227369170655,
    -9.258973643345E-09));
#6378 = DIRECTION('',(0.,-1.,0.));
#6379 = DIRECTION('',(-1.,0.,0.));
#6380 = ADVANCED_FACE('',(#6381),#6392,.T.);
#6381 = FACE_BOUND('',#6382,.F.);
#6382 = EDGE_LOOP('',(#6383,#6384,#6390,#6391));
#6383 = ORIENTED_EDGE('',*,*,#1661,.F.);
#6384 = ORIENTED_EDGE('',*,*,#6385,.T.);
#6385 = EDGE_CURVE('',#1654,#5053,#6386,.T.);
#6386 = LINE('',#6387,#6388);
#6387 = CARTESIAN_POINT('',(0.400047884996,-1.233864914441,
    -9.258973643345E-09));
#6388 = VECTOR('',#6389,1.);
#6389 = DIRECTION('',(0.,0.,-1.));
#6390 = ORIENTED_EDGE('',*,*,#5052,.T.);
#6391 = ORIENTED_EDGE('',*,*,#6368,.F.);
#6392 = PLANE('',#6393);
#6393 = AXIS2_PLACEMENT_3D('',#6394,#6395,#6396);
#6394 = CARTESIAN_POINT('',(0.400047884996,-1.233864914441,
    -9.258973643345E-09));
#6395 = DIRECTION('',(-0.247383439065,-0.968917661144,0.));
#6396 = DIRECTION('',(-0.968917661144,0.247383439065,0.));
#6397 = ADVANCED_FACE('',(#6398),#6409,.T.);
#6398 = FACE_BOUND('',#6399,.F.);
#6399 = EDGE_LOOP('',(#6400,#6401,#6407,#6408));
#6400 = ORIENTED_EDGE('',*,*,#1653,.F.);
#6401 = ORIENTED_EDGE('',*,*,#6402,.T.);
#6402 = EDGE_CURVE('',#1646,#5061,#6403,.T.);
#6403 = LINE('',#6404,#6405);
#6404 = CARTESIAN_POINT('',(0.419129134642,-1.246856406563,
    -9.258973643345E-09));
#6405 = VECTOR('',#6406,1.);
#6406 = DIRECTION('',(0.,0.,-1.));
#6407 = ORIENTED_EDGE('',*,*,#5060,.T.);
#6408 = ORIENTED_EDGE('',*,*,#6385,.F.);
#6409 = PLANE('',#6410);
#6410 = AXIS2_PLACEMENT_3D('',#6411,#6412,#6413);
#6411 = CARTESIAN_POINT('',(0.419129134642,-1.246856406563,
    -9.258973643345E-09));
#6412 = DIRECTION('',(-0.562791065898,-0.826599187119,0.));
#6413 = DIRECTION('',(-0.826599187119,0.562791065898,0.));
#6414 = ADVANCED_FACE('',(#6415),#6426,.T.);
#6415 = FACE_BOUND('',#6416,.F.);
#6416 = EDGE_LOOP('',(#6417,#6418,#6424,#6425));
#6417 = ORIENTED_EDGE('',*,*,#1645,.F.);
#6418 = ORIENTED_EDGE('',*,*,#6419,.T.);
#6419 = EDGE_CURVE('',#1638,#5069,#6420,.T.);
#6420 = LINE('',#6421,#6422);
#6421 = CARTESIAN_POINT('',(0.431849992003,-1.266343637921,
    -9.258973643345E-09));
#6422 = VECTOR('',#6423,1.);
#6423 = DIRECTION('',(0.,0.,-1.));
#6424 = ORIENTED_EDGE('',*,*,#5068,.T.);
#6425 = ORIENTED_EDGE('',*,*,#6402,.F.);
#6426 = PLANE('',#6427);
#6427 = AXIS2_PLACEMENT_3D('',#6428,#6429,#6430);
#6428 = CARTESIAN_POINT('',(0.431849992003,-1.266343637921,
    -9.258973643345E-09));
#6429 = DIRECTION('',(-0.837378643312,-0.546623277701,0.));
#6430 = DIRECTION('',(-0.546623277701,0.837378643312,0.));
#6431 = ADVANCED_FACE('',(#6432),#6443,.T.);
#6432 = FACE_BOUND('',#6433,.F.);
#6433 = EDGE_LOOP('',(#6434,#6435,#6441,#6442));
#6434 = ORIENTED_EDGE('',*,*,#1637,.F.);
#6435 = ORIENTED_EDGE('',*,*,#6436,.T.);
#6436 = EDGE_CURVE('',#1630,#5077,#6437,.T.);
#6437 = LINE('',#6438,#6439);
#6438 = CARTESIAN_POINT('',(0.438210384289,-1.292326613066,
    -9.258973643345E-09));
#6439 = VECTOR('',#6440,1.);
#6440 = DIRECTION('',(0.,-1.110223024625E-14,-1.));
#6441 = ORIENTED_EDGE('',*,*,#5076,.T.);
#6442 = ORIENTED_EDGE('',*,*,#6419,.F.);
#6443 = PLANE('',#6444);
#6444 = AXIS2_PLACEMENT_3D('',#6445,#6446,#6447);
#6445 = CARTESIAN_POINT('',(0.438210384289,-1.292326613066,
    -9.258973643345E-09));
#6446 = DIRECTION('',(-0.971321363344,-0.237770496721,0.));
#6447 = DIRECTION('',(-0.237770496721,0.971321363344,0.));
#6448 = ADVANCED_FACE('',(#6449),#6460,.T.);
#6449 = FACE_BOUND('',#6450,.F.);
#6450 = EDGE_LOOP('',(#6451,#6452,#6458,#6459));
#6451 = ORIENTED_EDGE('',*,*,#1629,.F.);
#6452 = ORIENTED_EDGE('',*,*,#6453,.T.);
#6453 = EDGE_CURVE('',#1622,#5085,#6454,.T.);
#6454 = LINE('',#6455,#6456);
#6455 = CARTESIAN_POINT('',(0.438210384289,-1.389762778958,
    -9.258973643345E-09));
#6456 = VECTOR('',#6457,1.);
#6457 = DIRECTION('',(0.,0.,-1.));
#6458 = ORIENTED_EDGE('',*,*,#5084,.T.);
#6459 = ORIENTED_EDGE('',*,*,#6436,.F.);
#6460 = PLANE('',#6461);
#6461 = AXIS2_PLACEMENT_3D('',#6462,#6463,#6464);
#6462 = CARTESIAN_POINT('',(0.438210384289,-1.389762778958,
    -9.258973643345E-09));
#6463 = DIRECTION('',(-1.,0.,0.));
#6464 = DIRECTION('',(0.,1.,0.));
#6465 = ADVANCED_FACE('',(#6466),#6477,.T.);
#6466 = FACE_BOUND('',#6467,.F.);
#6467 = EDGE_LOOP('',(#6468,#6469,#6475,#6476));
#6468 = ORIENTED_EDGE('',*,*,#1621,.F.);
#6469 = ORIENTED_EDGE('',*,*,#6470,.T.);
#6470 = EDGE_CURVE('',#1614,#5093,#6471,.T.);
#6471 = LINE('',#6472,#6473);
#6472 = CARTESIAN_POINT('',(0.431849992003,-1.415745754103,
    -9.258973643345E-09));
#6473 = VECTOR('',#6474,1.);
#6474 = DIRECTION('',(0.,0.,-1.));
#6475 = ORIENTED_EDGE('',*,*,#5092,.T.);
#6476 = ORIENTED_EDGE('',*,*,#6453,.F.);
#6477 = PLANE('',#6478);
#6478 = AXIS2_PLACEMENT_3D('',#6479,#6480,#6481);
#6479 = CARTESIAN_POINT('',(0.431849992003,-1.415745754103,
    -9.258973643345E-09));
#6480 = DIRECTION('',(-0.971321363344,0.237770496721,0.));
#6481 = DIRECTION('',(0.237770496721,0.971321363344,0.));
#6482 = ADVANCED_FACE('',(#6483),#6494,.T.);
#6483 = FACE_BOUND('',#6484,.F.);
#6484 = EDGE_LOOP('',(#6485,#6486,#6492,#6493));
#6485 = ORIENTED_EDGE('',*,*,#1613,.F.);
#6486 = ORIENTED_EDGE('',*,*,#6487,.T.);
#6487 = EDGE_CURVE('',#1606,#5101,#6488,.T.);
#6488 = LINE('',#6489,#6490);
#6489 = CARTESIAN_POINT('',(0.419129134642,-1.435233003659,
    -9.258973643345E-09));
#6490 = VECTOR('',#6491,1.);
#6491 = DIRECTION('',(0.,0.,-1.));
#6492 = ORIENTED_EDGE('',*,*,#5100,.T.);
#6493 = ORIENTED_EDGE('',*,*,#6470,.F.);
#6494 = PLANE('',#6495);
#6495 = AXIS2_PLACEMENT_3D('',#6496,#6497,#6498);
#6496 = CARTESIAN_POINT('',(0.419129134642,-1.435233003659,
    -9.258973643345E-09));
#6497 = DIRECTION('',(-0.837378876956,0.546622919779,0.));
#6498 = DIRECTION('',(0.546622919779,0.837378876956,0.));
#6499 = ADVANCED_FACE('',(#6500),#6511,.T.);
#6500 = FACE_BOUND('',#6501,.F.);
#6501 = EDGE_LOOP('',(#6502,#6503,#6509,#6510));
#6502 = ORIENTED_EDGE('',*,*,#1605,.F.);
#6503 = ORIENTED_EDGE('',*,*,#6504,.T.);
#6504 = EDGE_CURVE('',#1598,#5109,#6505,.T.);
#6505 = LINE('',#6506,#6507);
#6506 = CARTESIAN_POINT('',(0.400047884996,-1.448224491232,
    -9.258973643345E-09));
#6507 = VECTOR('',#6508,1.);
#6508 = DIRECTION('',(0.,0.,-1.));
#6509 = ORIENTED_EDGE('',*,*,#5108,.T.);
#6510 = ORIENTED_EDGE('',*,*,#6487,.F.);
#6511 = PLANE('',#6512);
#6512 = AXIS2_PLACEMENT_3D('',#6513,#6514,#6515);
#6513 = CARTESIAN_POINT('',(0.400047884996,-1.448224491232,
    -9.258973643345E-09));
#6514 = DIRECTION('',(-0.562790931242,0.8265992788,0.));
#6515 = DIRECTION('',(0.8265992788,0.562790931242,0.));
#6516 = ADVANCED_FACE('',(#6517),#6523,.T.);
#6517 = FACE_BOUND('',#6518,.F.);
#6518 = EDGE_LOOP('',(#6519,#6520,#6521,#6522));
#6519 = ORIENTED_EDGE('',*,*,#1597,.F.);
#6520 = ORIENTED_EDGE('',*,*,#6336,.T.);
#6521 = ORIENTED_EDGE('',*,*,#5116,.T.);
#6522 = ORIENTED_EDGE('',*,*,#6504,.F.);
#6523 = PLANE('',#6524);
#6524 = AXIS2_PLACEMENT_3D('',#6525,#6526,#6527);
#6525 = CARTESIAN_POINT('',(0.374606243063,-1.454720235017,
    -9.258973643345E-09));
#6526 = DIRECTION('',(-0.247383439065,0.968917661144,0.));
#6527 = DIRECTION('',(0.968917661144,0.247383439065,0.));
#6528 = ADVANCED_FACE('',(#6529),#6545,.T.);
#6529 = FACE_BOUND('',#6530,.F.);
#6530 = EDGE_LOOP('',(#6531,#6532,#6538,#6539));
#6531 = ORIENTED_EDGE('',*,*,#1515,.F.);
#6532 = ORIENTED_EDGE('',*,*,#6533,.T.);
#6533 = EDGE_CURVE('',#1516,#5131,#6534,.T.);
#6534 = LINE('',#6535,#6536);
#6535 = CARTESIAN_POINT('',(0.67990623741,-1.493694697735,
    -9.258973643345E-09));
#6536 = VECTOR('',#6537,1.);
#6537 = DIRECTION('',(1.110223024625E-14,-2.22044604925E-14,-1.));
#6538 = ORIENTED_EDGE('',*,*,#5130,.T.);
#6539 = ORIENTED_EDGE('',*,*,#6540,.F.);
#6540 = EDGE_CURVE('',#1518,#5133,#6541,.T.);
#6541 = LINE('',#6542,#6543);
#6542 = CARTESIAN_POINT('',(0.629022953545,-1.493694697735,
    -9.258973643345E-09));
#6543 = VECTOR('',#6544,1.);
#6544 = DIRECTION('',(0.,0.,-1.));
#6545 = PLANE('',#6546);
#6546 = AXIS2_PLACEMENT_3D('',#6547,#6548,#6549);
#6547 = CARTESIAN_POINT('',(0.67990623741,-1.493694697735,
    -9.258973643345E-09));
#6548 = DIRECTION('',(0.,-1.,0.));
#6549 = DIRECTION('',(-1.,0.,0.));
#6550 = ADVANCED_FACE('',(#6551),#6562,.T.);
#6551 = FACE_BOUND('',#6552,.F.);
#6552 = EDGE_LOOP('',(#6553,#6554,#6560,#6561));
#6553 = ORIENTED_EDGE('',*,*,#1573,.F.);
#6554 = ORIENTED_EDGE('',*,*,#6555,.T.);
#6555 = EDGE_CURVE('',#1566,#5141,#6556,.T.);
#6556 = LINE('',#6557,#6558);
#6557 = CARTESIAN_POINT('',(0.781672950718,-1.188394703388,
    -9.258973643345E-09));
#6558 = VECTOR('',#6559,1.);
#6559 = DIRECTION('',(-1.110223024625E-14,0.,-1.));
#6560 = ORIENTED_EDGE('',*,*,#5140,.T.);
#6561 = ORIENTED_EDGE('',*,*,#6533,.F.);
#6562 = PLANE('',#6563);
#6563 = AXIS2_PLACEMENT_3D('',#6564,#6565,#6566);
#6564 = CARTESIAN_POINT('',(0.781672950718,-1.188394703388,
    -9.258973643345E-09));
#6565 = DIRECTION('',(0.948683252814,-0.316227901727,0.));
#6566 = DIRECTION('',(-0.316227901727,-0.948683252814,0.));
#6567 = ADVANCED_FACE('',(#6568),#6579,.T.);
#6568 = FACE_BOUND('',#6569,.F.);
#6569 = EDGE_LOOP('',(#6570,#6571,#6577,#6578));
#6570 = ORIENTED_EDGE('',*,*,#1565,.F.);
#6571 = ORIENTED_EDGE('',*,*,#6572,.T.);
#6572 = EDGE_CURVE('',#1558,#5149,#6573,.T.);
#6573 = LINE('',#6574,#6575);
#6574 = CARTESIAN_POINT('',(0.743510451425,-1.188394703388,
    -9.258973643345E-09));
#6575 = VECTOR('',#6576,1.);
#6576 = DIRECTION('',(0.,1.110223024625E-14,-1.));
#6577 = ORIENTED_EDGE('',*,*,#5148,.T.);
#6578 = ORIENTED_EDGE('',*,*,#6555,.F.);
#6579 = PLANE('',#6580);
#6580 = AXIS2_PLACEMENT_3D('',#6581,#6582,#6583);
#6581 = CARTESIAN_POINT('',(0.743510451425,-1.188394703388,
    -9.258973643345E-09));
#6582 = DIRECTION('',(0.,1.,0.));
#6583 = DIRECTION('',(1.,0.,0.));
#6584 = ADVANCED_FACE('',(#6585),#6596,.T.);
#6585 = FACE_BOUND('',#6586,.F.);
#6586 = EDGE_LOOP('',(#6587,#6588,#6594,#6595));
#6587 = ORIENTED_EDGE('',*,*,#1557,.F.);
#6588 = ORIENTED_EDGE('',*,*,#6589,.T.);
#6589 = EDGE_CURVE('',#1550,#5157,#6590,.T.);
#6590 = LINE('',#6591,#6592);
#6591 = CARTESIAN_POINT('',(0.718068736703,-1.266343637921,
    -9.258973643345E-09));
#6592 = VECTOR('',#6593,1.);
#6593 = DIRECTION('',(0.,0.,-1.));
#6594 = ORIENTED_EDGE('',*,*,#5156,.T.);
#6595 = ORIENTED_EDGE('',*,*,#6572,.F.);
#6596 = PLANE('',#6597);
#6597 = AXIS2_PLACEMENT_3D('',#6598,#6599,#6600);
#6598 = CARTESIAN_POINT('',(0.718068736703,-1.266343637921,
    -9.258973643345E-09));
#6599 = DIRECTION('',(-0.950645028229,0.310280567074,0.));
#6600 = DIRECTION('',(0.310280567074,0.950645028229,0.));
#6601 = ADVANCED_FACE('',(#6602),#6613,.T.);
#6602 = FACE_BOUND('',#6603,.F.);
#6603 = EDGE_LOOP('',(#6604,#6605,#6611,#6612));
#6604 = ORIENTED_EDGE('',*,*,#1549,.F.);
#6605 = ORIENTED_EDGE('',*,*,#6606,.T.);
#6606 = EDGE_CURVE('',#1542,#5165,#6607,.T.);
#6607 = LINE('',#6608,#6609);
#6608 = CARTESIAN_POINT('',(0.590860454251,-1.266343637921,
    -9.258973643345E-09));
#6609 = VECTOR('',#6610,1.);
#6610 = DIRECTION('',(0.,0.,-1.));
#6611 = ORIENTED_EDGE('',*,*,#5164,.T.);
#6612 = ORIENTED_EDGE('',*,*,#6589,.F.);
#6613 = PLANE('',#6614);
#6614 = AXIS2_PLACEMENT_3D('',#6615,#6616,#6617);
#6615 = CARTESIAN_POINT('',(0.590860454251,-1.266343637921,
    -9.258973643345E-09));
#6616 = DIRECTION('',(0.,1.,0.));
#6617 = DIRECTION('',(1.,0.,0.));
#6618 = ADVANCED_FACE('',(#6619),#6630,.T.);
#6619 = FACE_BOUND('',#6620,.F.);
#6620 = EDGE_LOOP('',(#6621,#6622,#6628,#6629));
#6621 = ORIENTED_EDGE('',*,*,#1541,.F.);
#6622 = ORIENTED_EDGE('',*,*,#6623,.T.);
#6623 = EDGE_CURVE('',#1534,#5173,#6624,.T.);
#6624 = LINE('',#6625,#6626);
#6625 = CARTESIAN_POINT('',(0.56541873953,-1.188394703388,
    -9.258973643345E-09));
#6626 = VECTOR('',#6627,1.);
#6627 = DIRECTION('',(0.,0.,-1.));
#6628 = ORIENTED_EDGE('',*,*,#5172,.T.);
#6629 = ORIENTED_EDGE('',*,*,#6606,.F.);
#6630 = PLANE('',#6631);
#6631 = AXIS2_PLACEMENT_3D('',#6632,#6633,#6634);
#6632 = CARTESIAN_POINT('',(0.56541873953,-1.188394703388,
    -9.258973643345E-09));
#6633 = DIRECTION('',(0.950645028229,0.310280567074,0.));
#6634 = DIRECTION('',(0.310280567074,-0.950645028229,0.));
#6635 = ADVANCED_FACE('',(#6636),#6647,.T.);
#6636 = FACE_BOUND('',#6637,.F.);
#6637 = EDGE_LOOP('',(#6638,#6639,#6645,#6646));
#6638 = ORIENTED_EDGE('',*,*,#1533,.F.);
#6639 = ORIENTED_EDGE('',*,*,#6640,.T.);
#6640 = EDGE_CURVE('',#1526,#5181,#6641,.T.);
#6641 = LINE('',#6642,#6643);
#6642 = CARTESIAN_POINT('',(0.527256240236,-1.188394703388,
    -9.258973643345E-09));
#6643 = VECTOR('',#6644,1.);
#6644 = DIRECTION('',(0.,1.110223024625E-14,-1.));
#6645 = ORIENTED_EDGE('',*,*,#5180,.T.);
#6646 = ORIENTED_EDGE('',*,*,#6623,.F.);
#6647 = PLANE('',#6648);
#6648 = AXIS2_PLACEMENT_3D('',#6649,#6650,#6651);
#6649 = CARTESIAN_POINT('',(0.527256240236,-1.188394703388,
    -9.258973643345E-09));
#6650 = DIRECTION('',(0.,1.,0.));
#6651 = DIRECTION('',(1.,0.,0.));
#6652 = ADVANCED_FACE('',(#6653),#6659,.T.);
#6653 = FACE_BOUND('',#6654,.F.);
#6654 = EDGE_LOOP('',(#6655,#6656,#6657,#6658));
#6655 = ORIENTED_EDGE('',*,*,#1525,.F.);
#6656 = ORIENTED_EDGE('',*,*,#6540,.T.);
#6657 = ORIENTED_EDGE('',*,*,#5188,.T.);
#6658 = ORIENTED_EDGE('',*,*,#6640,.F.);
#6659 = PLANE('',#6660);
#6660 = AXIS2_PLACEMENT_3D('',#6661,#6662,#6663);
#6661 = CARTESIAN_POINT('',(0.629022953545,-1.493694697735,
    -9.258973643345E-09));
#6662 = DIRECTION('',(-0.948683252814,-0.316227901727,0.));
#6663 = DIRECTION('',(-0.316227901727,0.948683252814,0.));
#6664 = ADVANCED_FACE('',(#6665),#6681,.T.);
#6665 = FACE_BOUND('',#6666,.F.);
#6666 = EDGE_LOOP('',(#6667,#6668,#6674,#6675));
#6667 = ORIENTED_EDGE('',*,*,#1691,.F.);
#6668 = ORIENTED_EDGE('',*,*,#6669,.T.);
#6669 = EDGE_CURVE('',#1692,#5197,#6670,.T.);
#6670 = LINE('',#6671,#6672);
#6671 = CARTESIAN_POINT('',(0.654464522688,-1.46771172259,
    -9.258973643345E-09));
#6672 = VECTOR('',#6673,1.);
#6673 = DIRECTION('',(0.,0.,-1.));
#6674 = ORIENTED_EDGE('',*,*,#5196,.T.);
#6675 = ORIENTED_EDGE('',*,*,#6676,.F.);
#6676 = EDGE_CURVE('',#1694,#5199,#6677,.T.);
#6677 = LINE('',#6678,#6679);
#6678 = CARTESIAN_POINT('',(0.711708271628,-1.292326613066,
    -9.258973643345E-09));
#6679 = VECTOR('',#6680,1.);
#6680 = DIRECTION('',(0.,-1.110223024625E-14,-1.));
#6681 = PLANE('',#6682);
#6682 = AXIS2_PLACEMENT_3D('',#6683,#6684,#6685);
#6683 = CARTESIAN_POINT('',(0.654464522688,-1.46771172259,
    -9.258973643345E-09));
#6684 = DIRECTION('',(-0.950645206355,0.310280021328,0.));
#6685 = DIRECTION('',(0.310280021328,0.950645206355,0.));
#6686 = ADVANCED_FACE('',(#6687),#6698,.T.);
#6687 = FACE_BOUND('',#6688,.F.);
#6688 = EDGE_LOOP('',(#6689,#6690,#6696,#6697));
#6689 = ORIENTED_EDGE('',*,*,#1709,.F.);
#6690 = ORIENTED_EDGE('',*,*,#6691,.T.);
#6691 = EDGE_CURVE('',#1702,#5207,#6692,.T.);
#6692 = LINE('',#6693,#6694);
#6693 = CARTESIAN_POINT('',(0.597220773748,-1.292326613066,
    -9.258973643345E-09));
#6694 = VECTOR('',#6695,1.);
#6695 = DIRECTION('',(0.,0.,-1.));
#6696 = ORIENTED_EDGE('',*,*,#5206,.T.);
#6697 = ORIENTED_EDGE('',*,*,#6669,.F.);
#6698 = PLANE('',#6699);
#6699 = AXIS2_PLACEMENT_3D('',#6700,#6701,#6702);
#6700 = CARTESIAN_POINT('',(0.597220773748,-1.292326613066,
    -9.258973643345E-09));
#6701 = DIRECTION('',(0.950645206355,0.310280021328,0.));
#6702 = DIRECTION('',(0.310280021328,-0.950645206355,0.));
#6703 = ADVANCED_FACE('',(#6704),#6710,.T.);
#6704 = FACE_BOUND('',#6705,.F.);
#6705 = EDGE_LOOP('',(#6706,#6707,#6708,#6709));
#6706 = ORIENTED_EDGE('',*,*,#1701,.F.);
#6707 = ORIENTED_EDGE('',*,*,#6676,.T.);
#6708 = ORIENTED_EDGE('',*,*,#5214,.T.);
#6709 = ORIENTED_EDGE('',*,*,#6691,.F.);
#6710 = PLANE('',#6711);
#6711 = AXIS2_PLACEMENT_3D('',#6712,#6713,#6714);
#6712 = CARTESIAN_POINT('',(0.711708271628,-1.292326613066,
    -9.258973643345E-09));
#6713 = DIRECTION('',(0.,-1.,0.));
#6714 = DIRECTION('',(-1.,0.,0.));
#6715 = ( GEOMETRIC_REPRESENTATION_CONTEXT(3) 
GLOBAL_UNCERTAINTY_ASSIGNED_CONTEXT((#6719)) 
GLOBAL_UNIT_ASSIGNED_CONTEXT((#6716,#6717,#6718)) REPRESENTATION_CONTEXT
('Context #1','3D Context with UNIT and UNCERTAINTY') );
#6716 = ( LENGTH_UNIT() NAMED_UNIT(*) SI_UNIT(.MILLI.,.METRE.) );
#6717 = ( NAMED_UNIT(*) PLANE_ANGLE_UNIT() SI_UNIT($,.RADIAN.) );
#6718 = ( NAMED_UNIT(*) SI_UNIT($,.STERADIAN.) SOLID_ANGLE_UNIT() );
#6719 = UNCERTAINTY_MEASURE_WITH_UNIT(LENGTH_MEASURE(1.E-07),#6716,
  'distance_accuracy_value','confusion accuracy');
#6720 = CONTEXT_DEPENDENT_SHAPE_REPRESENTATION(#6721,#6723);
#6721 = ( REPRESENTATION_RELATIONSHIP('','',#499,#468) 
REPRESENTATION_RELATIONSHIP_WITH_TRANSFORMATION(#6722) 
SHAPE_REPRESENTATION_RELATIONSHIP() );
#6722 = ITEM_DEFINED_TRANSFORMATION('','',#11,#469);
#6723 = PRODUCT_DEFINITION_SHAPE('Placement','Placement of an item',
  #6724);
#6724 = NEXT_ASSEMBLY_USAGE_OCCURRENCE('6','=>[0:1:1:8]','',#463,#494,$
  );
#6725 = PRODUCT_RELATED_PRODUCT_CATEGORY('part',$,(#496));
#6726 = SHAPE_DEFINITION_REPRESENTATION(#6727,#6733);
#6727 = PRODUCT_DEFINITION_SHAPE('','',#6728);
#6728 = PRODUCT_DEFINITION('design','',#6729,#6732);
#6729 = PRODUCT_DEFINITION_FORMATION('','',#6730);
#6730 = PRODUCT('SOLID','SOLID','',(#6731));
#6731 = PRODUCT_CONTEXT('',#2,'mechanical');
#6732 = PRODUCT_DEFINITION_CONTEXT('part definition',#2,'design');
#6733 = ADVANCED_BREP_SHAPE_REPRESENTATION('',(#11,#6734),#7016);
#6734 = MANIFOLD_SOLID_BREP('',#6735);
#6735 = CLOSED_SHELL('',(#6736,#6776,#6839,#6863,#6887,#6911,#6935,#6959
    ,#6983,#7000));
#6736 = ADVANCED_FACE('',(#6737),#6771,.T.);
#6737 = FACE_BOUND('',#6738,.F.);
#6738 = EDGE_LOOP('',(#6739,#6749,#6757,#6765));
#6739 = ORIENTED_EDGE('',*,*,#6740,.T.);
#6740 = EDGE_CURVE('',#6741,#6743,#6745,.T.);
#6741 = VERTEX_POINT('',#6742);
#6742 = CARTESIAN_POINT('',(0.,-3.207994665989,1.229999967964));
#6743 = VERTEX_POINT('',#6744);
#6744 = CARTESIAN_POINT('',(0.,-1.707994693766,1.229999967964));
#6745 = LINE('',#6746,#6747);
#6746 = CARTESIAN_POINT('',(0.,-3.207994665989,1.229999967964));
#6747 = VECTOR('',#6748,1.);
#6748 = DIRECTION('',(0.,1.,0.));
#6749 = ORIENTED_EDGE('',*,*,#6750,.T.);
#6750 = EDGE_CURVE('',#6743,#6751,#6753,.T.);
#6751 = VERTEX_POINT('',#6752);
#6752 = CARTESIAN_POINT('',(1.299999975927,-1.707994693766,
    1.229999967964));
#6753 = LINE('',#6754,#6755);
#6754 = CARTESIAN_POINT('',(0.,-1.707994693766,1.229999967964));
#6755 = VECTOR('',#6756,1.);
#6756 = DIRECTION('',(1.,0.,0.));
#6757 = ORIENTED_EDGE('',*,*,#6758,.F.);
#6758 = EDGE_CURVE('',#6759,#6751,#6761,.T.);
#6759 = VERTEX_POINT('',#6760);
#6760 = CARTESIAN_POINT('',(1.299999975927,-3.207994665989,
    1.229999967964));
#6761 = LINE('',#6762,#6763);
#6762 = CARTESIAN_POINT('',(1.299999975927,-3.207994665989,
    1.229999967964));
#6763 = VECTOR('',#6764,1.);
#6764 = DIRECTION('',(0.,1.,0.));
#6765 = ORIENTED_EDGE('',*,*,#6766,.F.);
#6766 = EDGE_CURVE('',#6741,#6759,#6767,.T.);
#6767 = LINE('',#6768,#6769);
#6768 = CARTESIAN_POINT('',(0.,-3.207994665989,1.229999967964));
#6769 = VECTOR('',#6770,1.);
#6770 = DIRECTION('',(1.,0.,0.));
#6771 = PLANE('',#6772);
#6772 = AXIS2_PLACEMENT_3D('',#6773,#6774,#6775);
#6773 = CARTESIAN_POINT('',(0.,-3.207994665989,1.229999967964));
#6774 = DIRECTION('',(0.,0.,1.));
#6775 = DIRECTION('',(0.,1.,0.));
#6776 = ADVANCED_FACE('',(#6777),#6834,.T.);
#6777 = FACE_BOUND('',#6778,.F.);
#6778 = EDGE_LOOP('',(#6779,#6787,#6788,#6796,#6804,#6812,#6820,#6828));
#6779 = ORIENTED_EDGE('',*,*,#6780,.F.);
#6780 = EDGE_CURVE('',#6743,#6781,#6783,.T.);
#6781 = VERTEX_POINT('',#6782);
#6782 = CARTESIAN_POINT('',(0.,-0.96799470747,1.229999967964));
#6783 = LINE('',#6784,#6785);
#6784 = CARTESIAN_POINT('',(0.,-1.707994693766,1.229999967964));
#6785 = VECTOR('',#6786,1.);
#6786 = DIRECTION('',(0.,1.,0.));
#6787 = ORIENTED_EDGE('',*,*,#6740,.F.);
#6788 = ORIENTED_EDGE('',*,*,#6789,.F.);
#6789 = EDGE_CURVE('',#6790,#6741,#6792,.T.);
#6790 = VERTEX_POINT('',#6791);
#6791 = CARTESIAN_POINT('',(0.,-3.207994665989,0.129999988334));
#6792 = LINE('',#6793,#6794);
#6793 = CARTESIAN_POINT('',(0.,-3.207994665989,0.129999988334));
#6794 = VECTOR('',#6795,1.);
#6795 = DIRECTION('',(0.,0.,1.));
#6796 = ORIENTED_EDGE('',*,*,#6797,.F.);
#6797 = EDGE_CURVE('',#6798,#6790,#6800,.T.);
#6798 = VERTEX_POINT('',#6799);
#6799 = CARTESIAN_POINT('',(0.,-1.807994691914,0.129999988334));
#6800 = LINE('',#6801,#6802);
#6801 = CARTESIAN_POINT('',(0.,-1.807994691914,0.129999988334));
#6802 = VECTOR('',#6803,1.);
#6803 = DIRECTION('',(0.,-1.,0.));
#6804 = ORIENTED_EDGE('',*,*,#6805,.F.);
#6805 = EDGE_CURVE('',#6806,#6798,#6808,.T.);
#6806 = VERTEX_POINT('',#6807);
#6807 = CARTESIAN_POINT('',(0.,-1.807994691914,0.86999997463));
#6808 = LINE('',#6809,#6810);
#6809 = CARTESIAN_POINT('',(0.,-1.807994691914,0.86999997463));
#6810 = VECTOR('',#6811,1.);
#6811 = DIRECTION('',(0.,0.,-1.));
#6812 = ORIENTED_EDGE('',*,*,#6813,.F.);
#6813 = EDGE_CURVE('',#6814,#6806,#6816,.T.);
#6814 = VERTEX_POINT('',#6815);
#6815 = CARTESIAN_POINT('',(0.,-1.707994693766,0.86999997463));
#6816 = LINE('',#6817,#6818);
#6817 = CARTESIAN_POINT('',(0.,-1.707994693766,0.86999997463));
#6818 = VECTOR('',#6819,1.);
#6819 = DIRECTION('',(0.,-1.,0.));
#6820 = ORIENTED_EDGE('',*,*,#6821,.F.);
#6821 = EDGE_CURVE('',#6822,#6814,#6824,.T.);
#6822 = VERTEX_POINT('',#6823);
#6823 = CARTESIAN_POINT('',(0.,-0.96799470747,0.86999997463));
#6824 = LINE('',#6825,#6826);
#6825 = CARTESIAN_POINT('',(0.,-0.96799470747,0.86999997463));
#6826 = VECTOR('',#6827,1.);
#6827 = DIRECTION('',(0.,-1.,0.));
#6828 = ORIENTED_EDGE('',*,*,#6829,.F.);
#6829 = EDGE_CURVE('',#6781,#6822,#6830,.T.);
#6830 = LINE('',#6831,#6832);
#6831 = CARTESIAN_POINT('',(0.,-0.96799470747,1.229999967964));
#6832 = VECTOR('',#6833,1.);
#6833 = DIRECTION('',(0.,0.,-1.));
#6834 = PLANE('',#6835);
#6835 = AXIS2_PLACEMENT_3D('',#6836,#6837,#6838);
#6836 = CARTESIAN_POINT('',(0.,-0.332994719228,-9.258973643345E-09));
#6837 = DIRECTION('',(-1.,0.,0.));
#6838 = DIRECTION('',(0.,-1.,0.));
#6839 = ADVANCED_FACE('',(#6840),#6858,.T.);
#6840 = FACE_BOUND('',#6841,.F.);
#6841 = EDGE_LOOP('',(#6842,#6843,#6851,#6857));
#6842 = ORIENTED_EDGE('',*,*,#6780,.T.);
#6843 = ORIENTED_EDGE('',*,*,#6844,.T.);
#6844 = EDGE_CURVE('',#6781,#6845,#6847,.T.);
#6845 = VERTEX_POINT('',#6846);
#6846 = CARTESIAN_POINT('',(1.299999975927,-0.96799470747,1.229999967964
    ));
#6847 = LINE('',#6848,#6849);
#6848 = CARTESIAN_POINT('',(0.,-0.96799470747,1.229999967964));
#6849 = VECTOR('',#6850,1.);
#6850 = DIRECTION('',(1.,0.,0.));
#6851 = ORIENTED_EDGE('',*,*,#6852,.F.);
#6852 = EDGE_CURVE('',#6751,#6845,#6853,.T.);
#6853 = LINE('',#6854,#6855);
#6854 = CARTESIAN_POINT('',(1.299999975927,-1.707994693766,
    1.229999967964));
#6855 = VECTOR('',#6856,1.);
#6856 = DIRECTION('',(0.,1.,0.));
#6857 = ORIENTED_EDGE('',*,*,#6750,.F.);
#6858 = PLANE('',#6859);
#6859 = AXIS2_PLACEMENT_3D('',#6860,#6861,#6862);
#6860 = CARTESIAN_POINT('',(0.,-1.707994693766,1.229999967964));
#6861 = DIRECTION('',(0.,0.,1.));
#6862 = DIRECTION('',(0.,1.,0.));
#6863 = ADVANCED_FACE('',(#6864),#6882,.T.);
#6864 = FACE_BOUND('',#6865,.F.);
#6865 = EDGE_LOOP('',(#6866,#6867,#6875,#6881));
#6866 = ORIENTED_EDGE('',*,*,#6829,.T.);
#6867 = ORIENTED_EDGE('',*,*,#6868,.T.);
#6868 = EDGE_CURVE('',#6822,#6869,#6871,.T.);
#6869 = VERTEX_POINT('',#6870);
#6870 = CARTESIAN_POINT('',(1.299999975927,-0.96799470747,0.86999997463)
  );
#6871 = LINE('',#6872,#6873);
#6872 = CARTESIAN_POINT('',(0.,-0.96799470747,0.86999997463));
#6873 = VECTOR('',#6874,1.);
#6874 = DIRECTION('',(1.,0.,0.));
#6875 = ORIENTED_EDGE('',*,*,#6876,.F.);
#6876 = EDGE_CURVE('',#6845,#6869,#6877,.T.);
#6877 = LINE('',#6878,#6879);
#6878 = CARTESIAN_POINT('',(1.299999975927,-0.96799470747,1.229999967964
    ));
#6879 = VECTOR('',#6880,1.);
#6880 = DIRECTION('',(0.,0.,-1.));
#6881 = ORIENTED_EDGE('',*,*,#6844,.F.);
#6882 = PLANE('',#6883);
#6883 = AXIS2_PLACEMENT_3D('',#6884,#6885,#6886);
#6884 = CARTESIAN_POINT('',(0.,-0.96799470747,1.229999967964));
#6885 = DIRECTION('',(0.,1.,0.));
#6886 = DIRECTION('',(0.,0.,-1.));
#6887 = ADVANCED_FACE('',(#6888),#6906,.T.);
#6888 = FACE_BOUND('',#6889,.F.);
#6889 = EDGE_LOOP('',(#6890,#6891,#6899,#6905));
#6890 = ORIENTED_EDGE('',*,*,#6821,.T.);
#6891 = ORIENTED_EDGE('',*,*,#6892,.T.);
#6892 = EDGE_CURVE('',#6814,#6893,#6895,.T.);
#6893 = VERTEX_POINT('',#6894);
#6894 = CARTESIAN_POINT('',(1.299999975927,-1.707994693766,0.86999997463
    ));
#6895 = LINE('',#6896,#6897);
#6896 = CARTESIAN_POINT('',(0.,-1.707994693766,0.86999997463));
#6897 = VECTOR('',#6898,1.);
#6898 = DIRECTION('',(1.,0.,0.));
#6899 = ORIENTED_EDGE('',*,*,#6900,.F.);
#6900 = EDGE_CURVE('',#6869,#6893,#6901,.T.);
#6901 = LINE('',#6902,#6903);
#6902 = CARTESIAN_POINT('',(1.299999975927,-0.96799470747,0.86999997463)
  );
#6903 = VECTOR('',#6904,1.);
#6904 = DIRECTION('',(0.,-1.,0.));
#6905 = ORIENTED_EDGE('',*,*,#6868,.F.);
#6906 = PLANE('',#6907);
#6907 = AXIS2_PLACEMENT_3D('',#6908,#6909,#6910);
#6908 = CARTESIAN_POINT('',(0.,-0.96799470747,0.86999997463));
#6909 = DIRECTION('',(0.,0.,-1.));
#6910 = DIRECTION('',(0.,-1.,0.));
#6911 = ADVANCED_FACE('',(#6912),#6930,.T.);
#6912 = FACE_BOUND('',#6913,.F.);
#6913 = EDGE_LOOP('',(#6914,#6915,#6923,#6929));
#6914 = ORIENTED_EDGE('',*,*,#6813,.T.);
#6915 = ORIENTED_EDGE('',*,*,#6916,.T.);
#6916 = EDGE_CURVE('',#6806,#6917,#6919,.T.);
#6917 = VERTEX_POINT('',#6918);
#6918 = CARTESIAN_POINT('',(1.299999975927,-1.807994691914,0.86999997463
    ));
#6919 = LINE('',#6920,#6921);
#6920 = CARTESIAN_POINT('',(0.,-1.807994691914,0.86999997463));
#6921 = VECTOR('',#6922,1.);
#6922 = DIRECTION('',(1.,0.,0.));
#6923 = ORIENTED_EDGE('',*,*,#6924,.F.);
#6924 = EDGE_CURVE('',#6893,#6917,#6925,.T.);
#6925 = LINE('',#6926,#6927);
#6926 = CARTESIAN_POINT('',(1.299999975927,-1.707994693766,0.86999997463
    ));
#6927 = VECTOR('',#6928,1.);
#6928 = DIRECTION('',(0.,-1.,0.));
#6929 = ORIENTED_EDGE('',*,*,#6892,.F.);
#6930 = PLANE('',#6931);
#6931 = AXIS2_PLACEMENT_3D('',#6932,#6933,#6934);
#6932 = CARTESIAN_POINT('',(0.,-1.707994693766,0.86999997463));
#6933 = DIRECTION('',(0.,0.,-1.));
#6934 = DIRECTION('',(0.,-1.,0.));
#6935 = ADVANCED_FACE('',(#6936),#6954,.T.);
#6936 = FACE_BOUND('',#6937,.F.);
#6937 = EDGE_LOOP('',(#6938,#6939,#6947,#6953));
#6938 = ORIENTED_EDGE('',*,*,#6805,.T.);
#6939 = ORIENTED_EDGE('',*,*,#6940,.T.);
#6940 = EDGE_CURVE('',#6798,#6941,#6943,.T.);
#6941 = VERTEX_POINT('',#6942);
#6942 = CARTESIAN_POINT('',(1.299999975927,-1.807994691914,
    0.129999988334));
#6943 = LINE('',#6944,#6945);
#6944 = CARTESIAN_POINT('',(0.,-1.807994691914,0.129999988334));
#6945 = VECTOR('',#6946,1.);
#6946 = DIRECTION('',(1.,0.,0.));
#6947 = ORIENTED_EDGE('',*,*,#6948,.F.);
#6948 = EDGE_CURVE('',#6917,#6941,#6949,.T.);
#6949 = LINE('',#6950,#6951);
#6950 = CARTESIAN_POINT('',(1.299999975927,-1.807994691914,0.86999997463
    ));
#6951 = VECTOR('',#6952,1.);
#6952 = DIRECTION('',(0.,0.,-1.));
#6953 = ORIENTED_EDGE('',*,*,#6916,.F.);
#6954 = PLANE('',#6955);
#6955 = AXIS2_PLACEMENT_3D('',#6956,#6957,#6958);
#6956 = CARTESIAN_POINT('',(0.,-1.807994691914,0.86999997463));
#6957 = DIRECTION('',(0.,1.,0.));
#6958 = DIRECTION('',(0.,0.,-1.));
#6959 = ADVANCED_FACE('',(#6960),#6978,.T.);
#6960 = FACE_BOUND('',#6961,.F.);
#6961 = EDGE_LOOP('',(#6962,#6963,#6971,#6977));
#6962 = ORIENTED_EDGE('',*,*,#6797,.T.);
#6963 = ORIENTED_EDGE('',*,*,#6964,.T.);
#6964 = EDGE_CURVE('',#6790,#6965,#6967,.T.);
#6965 = VERTEX_POINT('',#6966);
#6966 = CARTESIAN_POINT('',(1.299999975927,-3.207994665989,
    0.129999988334));
#6967 = LINE('',#6968,#6969);
#6968 = CARTESIAN_POINT('',(0.,-3.207994665989,0.129999988334));
#6969 = VECTOR('',#6970,1.);
#6970 = DIRECTION('',(1.,0.,0.));
#6971 = ORIENTED_EDGE('',*,*,#6972,.F.);
#6972 = EDGE_CURVE('',#6941,#6965,#6973,.T.);
#6973 = LINE('',#6974,#6975);
#6974 = CARTESIAN_POINT('',(1.299999975927,-1.807994691914,
    0.129999988334));
#6975 = VECTOR('',#6976,1.);
#6976 = DIRECTION('',(0.,-1.,0.));
#6977 = ORIENTED_EDGE('',*,*,#6940,.F.);
#6978 = PLANE('',#6979);
#6979 = AXIS2_PLACEMENT_3D('',#6980,#6981,#6982);
#6980 = CARTESIAN_POINT('',(0.,-1.807994691914,0.129999988334));
#6981 = DIRECTION('',(0.,0.,-1.));
#6982 = DIRECTION('',(0.,-1.,0.));
#6983 = ADVANCED_FACE('',(#6984),#6995,.T.);
#6984 = FACE_BOUND('',#6985,.F.);
#6985 = EDGE_LOOP('',(#6986,#6987,#6988,#6994));
#6986 = ORIENTED_EDGE('',*,*,#6789,.T.);
#6987 = ORIENTED_EDGE('',*,*,#6766,.T.);
#6988 = ORIENTED_EDGE('',*,*,#6989,.F.);
#6989 = EDGE_CURVE('',#6965,#6759,#6990,.T.);
#6990 = LINE('',#6991,#6992);
#6991 = CARTESIAN_POINT('',(1.299999975927,-3.207994665989,
    0.129999988334));
#6992 = VECTOR('',#6993,1.);
#6993 = DIRECTION('',(0.,0.,1.));
#6994 = ORIENTED_EDGE('',*,*,#6964,.F.);
#6995 = PLANE('',#6996);
#6996 = AXIS2_PLACEMENT_3D('',#6997,#6998,#6999);
#6997 = CARTESIAN_POINT('',(0.,-3.207994665989,0.129999988334));
#6998 = DIRECTION('',(0.,-1.,0.));
#6999 = DIRECTION('',(0.,0.,1.));
#7000 = ADVANCED_FACE('',(#7001),#7011,.F.);
#7001 = FACE_BOUND('',#7002,.F.);
#7002 = EDGE_LOOP('',(#7003,#7004,#7005,#7006,#7007,#7008,#7009,#7010));
#7003 = ORIENTED_EDGE('',*,*,#6852,.T.);
#7004 = ORIENTED_EDGE('',*,*,#6876,.T.);
#7005 = ORIENTED_EDGE('',*,*,#6900,.T.);
#7006 = ORIENTED_EDGE('',*,*,#6924,.T.);
#7007 = ORIENTED_EDGE('',*,*,#6948,.T.);
#7008 = ORIENTED_EDGE('',*,*,#6972,.T.);
#7009 = ORIENTED_EDGE('',*,*,#6989,.T.);
#7010 = ORIENTED_EDGE('',*,*,#6758,.T.);
#7011 = PLANE('',#7012);
#7012 = AXIS2_PLACEMENT_3D('',#7013,#7014,#7015);
#7013 = CARTESIAN_POINT('',(1.299999975927,-0.332994719228,
    -9.258973643345E-09));
#7014 = DIRECTION('',(-1.,0.,0.));
#7015 = DIRECTION('',(0.,-1.,0.));
#7016 = ( GEOMETRIC_REPRESENTATION_CONTEXT(3) 
GLOBAL_UNCERTAINTY_ASSIGNED_CONTEXT((#7020)) 
GLOBAL_UNIT_ASSIGNED_CONTEXT((#7017,#7018,#7019)) REPRESENTATION_CONTEXT
('Context #1','3D Context with UNIT and UNCERTAINTY') );
#7017 = ( LENGTH_UNIT() NAMED_UNIT(*) SI_UNIT(.MILLI.,.METRE.) );
#7018 = ( NAMED_UNIT(*) PLANE_ANGLE_UNIT() SI_UNIT($,.RADIAN.) );
#7019 = ( NAMED_UNIT(*) SI_UNIT($,.STERADIAN.) SOLID_ANGLE_UNIT() );
#7020 = UNCERTAINTY_MEASURE_WITH_UNIT(LENGTH_MEASURE(1.E-07),#7017,
  'distance_accuracy_value','confusion accuracy');
#7021 = CONTEXT_DEPENDENT_SHAPE_REPRESENTATION(#7022,#7024);
#7022 = ( REPRESENTATION_RELATIONSHIP('','',#6733,#468) 
REPRESENTATION_RELATIONSHIP_WITH_TRANSFORMATION(#7023) 
SHAPE_REPRESENTATION_RELATIONSHIP() );
#7023 = ITEM_DEFINED_TRANSFORMATION('','',#11,#473);
#7024 = PRODUCT_DEFINITION_SHAPE('Placement','Placement of an item',
  #7025);
#7025 = NEXT_ASSEMBLY_USAGE_OCCURRENCE('7','=>[0:1:1:9]','',#463,#6728,$
  );
#7026 = PRODUCT_RELATED_PRODUCT_CATEGORY('part',$,(#6730));
#7027 = SHAPE_DEFINITION_REPRESENTATION(#7028,#7034);
#7028 = PRODUCT_DEFINITION_SHAPE('','',#7029);
#7029 = PRODUCT_DEFINITION('design','',#7030,#7033);
#7030 = PRODUCT_DEFINITION_FORMATION('','',#7031);
#7031 = PRODUCT('SOLID','SOLID','',(#7032));
#7032 = PRODUCT_CONTEXT('',#2,'mechanical');
#7033 = PRODUCT_DEFINITION_CONTEXT('part definition',#2,'design');
#7034 = ADVANCED_BREP_SHAPE_REPRESENTATION('',(#11,#7035),#8934);
#7035 = MANIFOLD_SOLID_BREP('',#7036);
#7036 = CLOSED_SHELL('',(#7037,#7077,#7140,#7207,#7238,#7279,#7303,#7334
    ,#7358,#7398,#7422,#7453,#7472,#7489,#7510,#7568,#7610,#7635,#7674,
    #7691,#7713,#7725,#7878,#7903,#8048,#8065,#8082,#8099,#8116,#8133,
    #8150,#8167,#8209,#8234,#8322,#8355,#8386,#8426,#8476,#8493,#8551,
    #8576,#8608,#8625,#8666,#8684,#8725,#8742,#8759,#8776,#8788,#8800,
    #8817,#8837,#8854,#8871,#8888,#8905,#8922));
#7037 = ADVANCED_FACE('',(#7038),#7072,.F.);
#7038 = FACE_BOUND('',#7039,.F.);
#7039 = EDGE_LOOP('',(#7040,#7050,#7058,#7066));
#7040 = ORIENTED_EDGE('',*,*,#7041,.F.);
#7041 = EDGE_CURVE('',#7042,#7044,#7046,.T.);
#7042 = VERTEX_POINT('',#7043);
#7043 = CARTESIAN_POINT('',(2.499999953705,0.538816161498,0.749999976853
    ));
#7044 = VERTEX_POINT('',#7045);
#7045 = CARTESIAN_POINT('',(2.499999953705,0.967005256698,0.749999976853
    ));
#7046 = LINE('',#7047,#7048);
#7047 = CARTESIAN_POINT('',(2.499999953705,0.538816161498,0.749999976853
    ));
#7048 = VECTOR('',#7049,1.);
#7049 = DIRECTION('',(0.,1.,0.));
#7050 = ORIENTED_EDGE('',*,*,#7051,.T.);
#7051 = EDGE_CURVE('',#7042,#7052,#7054,.T.);
#7052 = VERTEX_POINT('',#7053);
#7053 = CARTESIAN_POINT('',(2.349999956483,0.538816161498,0.749999976853
    ));
#7054 = LINE('',#7055,#7056);
#7055 = CARTESIAN_POINT('',(2.499999953705,0.538816161498,0.749999976853
    ));
#7056 = VECTOR('',#7057,1.);
#7057 = DIRECTION('',(-1.,0.,0.));
#7058 = ORIENTED_EDGE('',*,*,#7059,.T.);
#7059 = EDGE_CURVE('',#7052,#7060,#7062,.T.);
#7060 = VERTEX_POINT('',#7061);
#7061 = CARTESIAN_POINT('',(2.349999956483,0.967005256698,0.749999976853
    ));
#7062 = LINE('',#7063,#7064);
#7063 = CARTESIAN_POINT('',(2.349999956483,0.538816161498,0.749999976853
    ));
#7064 = VECTOR('',#7065,1.);
#7065 = DIRECTION('',(0.,1.,0.));
#7066 = ORIENTED_EDGE('',*,*,#7067,.F.);
#7067 = EDGE_CURVE('',#7044,#7060,#7068,.T.);
#7068 = LINE('',#7069,#7070);
#7069 = CARTESIAN_POINT('',(2.499999953705,0.967005256698,0.749999976853
    ));
#7070 = VECTOR('',#7071,1.);
#7071 = DIRECTION('',(-1.,0.,0.));
#7072 = PLANE('',#7073);
#7073 = AXIS2_PLACEMENT_3D('',#7074,#7075,#7076);
#7074 = CARTESIAN_POINT('',(2.499999953705,0.538816161498,0.749999976853
    ));
#7075 = DIRECTION('',(0.,0.,-1.));
#7076 = DIRECTION('',(0.,1.,0.));
#7077 = ADVANCED_FACE('',(#7078),#7135,.T.);
#7078 = FACE_BOUND('',#7079,.F.);
#7079 = EDGE_LOOP('',(#7080,#7090,#7098,#7106,#7114,#7122,#7128,#7129));
#7080 = ORIENTED_EDGE('',*,*,#7081,.F.);
#7081 = EDGE_CURVE('',#7082,#7084,#7086,.T.);
#7082 = VERTEX_POINT('',#7083);
#7083 = CARTESIAN_POINT('',(2.499999953705,-1.632994695155,
    0.249999986112));
#7084 = VERTEX_POINT('',#7085);
#7085 = CARTESIAN_POINT('',(2.499999953705,0.967005256698,0.249999986112
    ));
#7086 = LINE('',#7087,#7088);
#7087 = CARTESIAN_POINT('',(2.499999953705,-1.632994695155,
    0.249999986112));
#7088 = VECTOR('',#7089,1.);
#7089 = DIRECTION('',(0.,1.,0.));
#7090 = ORIENTED_EDGE('',*,*,#7091,.T.);
#7091 = EDGE_CURVE('',#7082,#7092,#7094,.T.);
#7092 = VERTEX_POINT('',#7093);
#7093 = CARTESIAN_POINT('',(2.499999953705,-1.632994695155,
    0.749999976853));
#7094 = LINE('',#7095,#7096);
#7095 = CARTESIAN_POINT('',(2.499999953705,-1.632994695155,
    0.249999986112));
#7096 = VECTOR('',#7097,1.);
#7097 = DIRECTION('',(0.,0.,1.));
#7098 = ORIENTED_EDGE('',*,*,#7099,.T.);
#7099 = EDGE_CURVE('',#7092,#7100,#7102,.T.);
#7100 = VERTEX_POINT('',#7101);
#7101 = CARTESIAN_POINT('',(2.499999953705,-1.204805599955,
    0.749999976853));
#7102 = LINE('',#7103,#7104);
#7103 = CARTESIAN_POINT('',(2.499999953705,-1.632994695155,
    0.749999976853));
#7104 = VECTOR('',#7105,1.);
#7105 = DIRECTION('',(0.,1.,0.));
#7106 = ORIENTED_EDGE('',*,*,#7107,.F.);
#7107 = EDGE_CURVE('',#7108,#7100,#7110,.T.);
#7108 = VERTEX_POINT('',#7109);
#7109 = CARTESIAN_POINT('',(2.499999953705,-1.204805599955,
    1.199999968519));
#7110 = LINE('',#7111,#7112);
#7111 = CARTESIAN_POINT('',(2.499999953705,-1.204805599955,
    1.199999968519));
#7112 = VECTOR('',#7113,1.);
#7113 = DIRECTION('',(0.,0.,-1.));
#7114 = ORIENTED_EDGE('',*,*,#7115,.T.);
#7115 = EDGE_CURVE('',#7108,#7116,#7118,.T.);
#7116 = VERTEX_POINT('',#7117);
#7117 = CARTESIAN_POINT('',(2.499999953705,0.538816161498,1.199999968519
    ));
#7118 = LINE('',#7119,#7120);
#7119 = CARTESIAN_POINT('',(2.499999953705,-1.204805599955,
    1.199999968519));
#7120 = VECTOR('',#7121,1.);
#7121 = DIRECTION('',(0.,1.,0.));
#7122 = ORIENTED_EDGE('',*,*,#7123,.F.);
#7123 = EDGE_CURVE('',#7042,#7116,#7124,.T.);
#7124 = LINE('',#7125,#7126);
#7125 = CARTESIAN_POINT('',(2.499999953705,0.538816161498,0.749999976853
    ));
#7126 = VECTOR('',#7127,1.);
#7127 = DIRECTION('',(0.,0.,1.));
#7128 = ORIENTED_EDGE('',*,*,#7041,.T.);
#7129 = ORIENTED_EDGE('',*,*,#7130,.T.);
#7130 = EDGE_CURVE('',#7044,#7084,#7131,.T.);
#7131 = LINE('',#7132,#7133);
#7132 = CARTESIAN_POINT('',(2.499999953705,0.967005256698,0.749999976853
    ));
#7133 = VECTOR('',#7134,1.);
#7134 = DIRECTION('',(0.,0.,-1.));
#7135 = PLANE('',#7136);
#7136 = AXIS2_PLACEMENT_3D('',#7137,#7138,#7139);
#7137 = CARTESIAN_POINT('',(2.499999953705,-1.204805599955,
    1.249999967594));
#7138 = DIRECTION('',(1.,0.,0.));
#7139 = DIRECTION('',(0.,1.,0.));
#7140 = ADVANCED_FACE('',(#7141),#7202,.F.);
#7141 = FACE_BOUND('',#7142,.F.);
#7142 = EDGE_LOOP('',(#7143,#7153,#7162,#7170,#7177,#7178,#7187,#7195));
#7143 = ORIENTED_EDGE('',*,*,#7144,.T.);
#7144 = EDGE_CURVE('',#7145,#7147,#7149,.T.);
#7145 = VERTEX_POINT('',#7146);
#7146 = CARTESIAN_POINT('',(2.513397413079,0.567005264105,0.199999987037
    ));
#7147 = VERTEX_POINT('',#7148);
#7148 = CARTESIAN_POINT('',(2.513397413079,-1.232994702562,
    0.199999987037));
#7149 = LINE('',#7150,#7151);
#7150 = CARTESIAN_POINT('',(2.513397413079,0.567005264105,0.199999987037
    ));
#7151 = VECTOR('',#7152,1.);
#7152 = DIRECTION('',(0.,-1.,0.));
#7153 = ORIENTED_EDGE('',*,*,#7154,.F.);
#7154 = EDGE_CURVE('',#7155,#7147,#7157,.T.);
#7155 = VERTEX_POINT('',#7156);
#7156 = CARTESIAN_POINT('',(2.599999951853,-1.232994702562,
    0.149999987963));
#7157 = CIRCLE('',#7158,9.999999814821E-02);
#7158 = AXIS2_PLACEMENT_3D('',#7159,#7160,#7161);
#7159 = CARTESIAN_POINT('',(2.599999951853,-1.232994702562,
    0.249999986112));
#7160 = DIRECTION('',(0.,1.,0.));
#7161 = DIRECTION('',(0.,0.,-1.));
#7162 = ORIENTED_EDGE('',*,*,#7163,.T.);
#7163 = EDGE_CURVE('',#7155,#7164,#7166,.T.);
#7164 = VERTEX_POINT('',#7165);
#7165 = CARTESIAN_POINT('',(2.599999951853,-1.632994695155,
    0.149999987963));
#7166 = LINE('',#7167,#7168);
#7167 = CARTESIAN_POINT('',(2.599999951853,-1.232994702562,
    0.149999987963));
#7168 = VECTOR('',#7169,1.);
#7169 = DIRECTION('',(0.,-1.,0.));
#7170 = ORIENTED_EDGE('',*,*,#7171,.T.);
#7171 = EDGE_CURVE('',#7164,#7082,#7172,.T.);
#7172 = CIRCLE('',#7173,9.999999814821E-02);
#7173 = AXIS2_PLACEMENT_3D('',#7174,#7175,#7176);
#7174 = CARTESIAN_POINT('',(2.599999951853,-1.632994695155,
    0.249999986112));
#7175 = DIRECTION('',(0.,1.,0.));
#7176 = DIRECTION('',(0.,0.,-1.));
#7177 = ORIENTED_EDGE('',*,*,#7081,.T.);
#7178 = ORIENTED_EDGE('',*,*,#7179,.T.);
#7179 = EDGE_CURVE('',#7084,#7180,#7182,.T.);
#7180 = VERTEX_POINT('',#7181);
#7181 = CARTESIAN_POINT('',(2.599999951853,0.967005256698,0.149999987963
    ));
#7182 = CIRCLE('',#7183,9.999999814821E-02);
#7183 = AXIS2_PLACEMENT_3D('',#7184,#7185,#7186);
#7184 = CARTESIAN_POINT('',(2.599999951853,0.967005256698,0.249999986112
    ));
#7185 = DIRECTION('',(0.,-1.,0.));
#7186 = DIRECTION('',(-1.,0.,0.));
#7187 = ORIENTED_EDGE('',*,*,#7188,.T.);
#7188 = EDGE_CURVE('',#7180,#7189,#7191,.T.);
#7189 = VERTEX_POINT('',#7190);
#7190 = CARTESIAN_POINT('',(2.599999951853,0.567005264105,0.149999987963
    ));
#7191 = LINE('',#7192,#7193);
#7192 = CARTESIAN_POINT('',(2.599999951853,0.967005256698,0.149999987963
    ));
#7193 = VECTOR('',#7194,1.);
#7194 = DIRECTION('',(0.,-1.,0.));
#7195 = ORIENTED_EDGE('',*,*,#7196,.F.);
#7196 = EDGE_CURVE('',#7145,#7189,#7197,.T.);
#7197 = CIRCLE('',#7198,9.999999814821E-02);
#7198 = AXIS2_PLACEMENT_3D('',#7199,#7200,#7201);
#7199 = CARTESIAN_POINT('',(2.599999951853,0.567005264105,0.249999986112
    ));
#7200 = DIRECTION('',(0.,-1.,0.));
#7201 = DIRECTION('',(-0.866025403784,-0.,-0.5));
#7202 = CYLINDRICAL_SURFACE('',#7203,9.999999814821E-02);
#7203 = AXIS2_PLACEMENT_3D('',#7204,#7205,#7206);
#7204 = CARTESIAN_POINT('',(2.599999951853,6.582305152714,0.249999986112
    ));
#7205 = DIRECTION('',(0.,-1.,0.));
#7206 = DIRECTION('',(-1.,0.,0.));
#7207 = ADVANCED_FACE('',(#7208),#7233,.F.);
#7208 = FACE_BOUND('',#7209,.F.);
#7209 = EDGE_LOOP('',(#7210,#7218,#7219,#7227));
#7210 = ORIENTED_EDGE('',*,*,#7211,.F.);
#7211 = EDGE_CURVE('',#7147,#7212,#7214,.T.);
#7212 = VERTEX_POINT('',#7213);
#7213 = CARTESIAN_POINT('',(2.349999956483,-1.232994702562,
    0.199999987037));
#7214 = LINE('',#7215,#7216);
#7215 = CARTESIAN_POINT('',(2.513397413079,-1.232994702562,
    0.199999987037));
#7216 = VECTOR('',#7217,1.);
#7217 = DIRECTION('',(-1.,0.,0.));
#7218 = ORIENTED_EDGE('',*,*,#7144,.F.);
#7219 = ORIENTED_EDGE('',*,*,#7220,.T.);
#7220 = EDGE_CURVE('',#7145,#7221,#7223,.T.);
#7221 = VERTEX_POINT('',#7222);
#7222 = CARTESIAN_POINT('',(2.349999956483,0.567005264105,0.199999987037
    ));
#7223 = LINE('',#7224,#7225);
#7224 = CARTESIAN_POINT('',(2.513397413079,0.567005264105,0.199999987037
    ));
#7225 = VECTOR('',#7226,1.);
#7226 = DIRECTION('',(-1.,0.,0.));
#7227 = ORIENTED_EDGE('',*,*,#7228,.T.);
#7228 = EDGE_CURVE('',#7221,#7212,#7229,.T.);
#7229 = LINE('',#7230,#7231);
#7230 = CARTESIAN_POINT('',(2.349999956483,0.567005264105,0.199999987037
    ));
#7231 = VECTOR('',#7232,1.);
#7232 = DIRECTION('',(0.,-1.,0.));
#7233 = PLANE('',#7234);
#7234 = AXIS2_PLACEMENT_3D('',#7235,#7236,#7237);
#7235 = CARTESIAN_POINT('',(2.499999953705,0.567005264105,0.199999987037
    ));
#7236 = DIRECTION('',(0.,0.,1.));
#7237 = DIRECTION('',(0.,-1.,0.));
#7238 = ADVANCED_FACE('',(#7239),#7274,.F.);
#7239 = FACE_BOUND('',#7240,.F.);
#7240 = EDGE_LOOP('',(#7241,#7249,#7250,#7251,#7260,#7268));
#7241 = ORIENTED_EDGE('',*,*,#7242,.T.);
#7242 = EDGE_CURVE('',#7243,#7155,#7245,.T.);
#7243 = VERTEX_POINT('',#7244);
#7244 = CARTESIAN_POINT('',(2.999999944446,-1.232994702562,
    0.149999987963));
#7245 = LINE('',#7246,#7247);
#7246 = CARTESIAN_POINT('',(2.999999944446,-1.232994702562,
    0.149999987963));
#7247 = VECTOR('',#7248,1.);
#7248 = DIRECTION('',(-1.,-1.942890293094E-14,0.));
#7249 = ORIENTED_EDGE('',*,*,#7154,.T.);
#7250 = ORIENTED_EDGE('',*,*,#7211,.T.);
#7251 = ORIENTED_EDGE('',*,*,#7252,.F.);
#7252 = EDGE_CURVE('',#7253,#7212,#7255,.T.);
#7253 = VERTEX_POINT('',#7254);
#7254 = CARTESIAN_POINT('',(2.549999952779,-1.232994702562,
    -9.258973643345E-09));
#7255 = CIRCLE('',#7256,0.199999996296);
#7256 = AXIS2_PLACEMENT_3D('',#7257,#7258,#7259);
#7257 = CARTESIAN_POINT('',(2.549999952779,-1.232994702562,
    0.199999987037));
#7258 = DIRECTION('',(0.,1.,0.));
#7259 = DIRECTION('',(0.,0.,-1.));
#7260 = ORIENTED_EDGE('',*,*,#7261,.T.);
#7261 = EDGE_CURVE('',#7253,#7262,#7264,.T.);
#7262 = VERTEX_POINT('',#7263);
#7263 = CARTESIAN_POINT('',(2.999999944446,-1.232994702562,
    -9.258973643345E-09));
#7264 = LINE('',#7265,#7266);
#7265 = CARTESIAN_POINT('',(2.549999952779,-1.232994702562,
    -9.258973643345E-09));
#7266 = VECTOR('',#7267,1.);
#7267 = DIRECTION('',(1.,3.5527136788E-14,0.));
#7268 = ORIENTED_EDGE('',*,*,#7269,.T.);
#7269 = EDGE_CURVE('',#7262,#7243,#7270,.T.);
#7270 = LINE('',#7271,#7272);
#7271 = CARTESIAN_POINT('',(2.999999944446,-1.232994702562,
    -9.258973643345E-09));
#7272 = VECTOR('',#7273,1.);
#7273 = DIRECTION('',(0.,0.,1.));
#7274 = PLANE('',#7275);
#7275 = AXIS2_PLACEMENT_3D('',#7276,#7277,#7278);
#7276 = CARTESIAN_POINT('',(2.499999953705,-1.232994702562,
    0.199999987037));
#7277 = DIRECTION('',(0.,-1.,0.));
#7278 = DIRECTION('',(0.,0.,-1.));
#7279 = ADVANCED_FACE('',(#7280),#7298,.T.);
#7280 = FACE_BOUND('',#7281,.F.);
#7281 = EDGE_LOOP('',(#7282,#7283,#7284,#7292));
#7282 = ORIENTED_EDGE('',*,*,#7163,.F.);
#7283 = ORIENTED_EDGE('',*,*,#7242,.F.);
#7284 = ORIENTED_EDGE('',*,*,#7285,.F.);
#7285 = EDGE_CURVE('',#7286,#7243,#7288,.T.);
#7286 = VERTEX_POINT('',#7287);
#7287 = CARTESIAN_POINT('',(2.999999944446,-1.632994695155,
    0.149999987963));
#7288 = LINE('',#7289,#7290);
#7289 = CARTESIAN_POINT('',(2.999999944446,-1.632994695155,
    0.149999987963));
#7290 = VECTOR('',#7291,1.);
#7291 = DIRECTION('',(0.,1.,0.));
#7292 = ORIENTED_EDGE('',*,*,#7293,.F.);
#7293 = EDGE_CURVE('',#7164,#7286,#7294,.T.);
#7294 = LINE('',#7295,#7296);
#7295 = CARTESIAN_POINT('',(2.599999951853,-1.632994695155,
    0.149999987963));
#7296 = VECTOR('',#7297,1.);
#7297 = DIRECTION('',(1.,4.052314039882E-14,0.));
#7298 = PLANE('',#7299);
#7299 = AXIS2_PLACEMENT_3D('',#7300,#7301,#7302);
#7300 = CARTESIAN_POINT('',(2.349999956483,-0.332994719228,
    0.149999987963));
#7301 = DIRECTION('',(0.,0.,1.));
#7302 = DIRECTION('',(1.,0.,0.));
#7303 = ADVANCED_FACE('',(#7304),#7329,.T.);
#7304 = FACE_BOUND('',#7305,.F.);
#7305 = EDGE_LOOP('',(#7306,#7307,#7315,#7323));
#7306 = ORIENTED_EDGE('',*,*,#7188,.F.);
#7307 = ORIENTED_EDGE('',*,*,#7308,.F.);
#7308 = EDGE_CURVE('',#7309,#7180,#7311,.T.);
#7309 = VERTEX_POINT('',#7310);
#7310 = CARTESIAN_POINT('',(2.999999944446,0.967005256698,0.149999987963
    ));
#7311 = LINE('',#7312,#7313);
#7312 = CARTESIAN_POINT('',(2.999999944446,0.967005256698,0.149999987963
    ));
#7313 = VECTOR('',#7314,1.);
#7314 = DIRECTION('',(-1.,0.,0.));
#7315 = ORIENTED_EDGE('',*,*,#7316,.F.);
#7316 = EDGE_CURVE('',#7317,#7309,#7319,.T.);
#7317 = VERTEX_POINT('',#7318);
#7318 = CARTESIAN_POINT('',(2.999999944446,0.567005264105,0.149999987963
    ));
#7319 = LINE('',#7320,#7321);
#7320 = CARTESIAN_POINT('',(2.999999944446,0.567005264105,0.149999987963
    ));
#7321 = VECTOR('',#7322,1.);
#7322 = DIRECTION('',(0.,1.,0.));
#7323 = ORIENTED_EDGE('',*,*,#7324,.F.);
#7324 = EDGE_CURVE('',#7189,#7317,#7325,.T.);
#7325 = LINE('',#7326,#7327);
#7326 = CARTESIAN_POINT('',(2.599999951853,0.567005264105,0.149999987963
    ));
#7327 = VECTOR('',#7328,1.);
#7328 = DIRECTION('',(1.,0.,0.));
#7329 = PLANE('',#7330);
#7330 = AXIS2_PLACEMENT_3D('',#7331,#7332,#7333);
#7331 = CARTESIAN_POINT('',(2.349999956483,-0.332994719228,
    0.149999987963));
#7332 = DIRECTION('',(0.,0.,1.));
#7333 = DIRECTION('',(1.,0.,0.));
#7334 = ADVANCED_FACE('',(#7335),#7353,.F.);
#7335 = FACE_BOUND('',#7336,.F.);
#7336 = EDGE_LOOP('',(#7337,#7345,#7351,#7352));
#7337 = ORIENTED_EDGE('',*,*,#7338,.F.);
#7338 = EDGE_CURVE('',#7339,#7262,#7341,.T.);
#7339 = VERTEX_POINT('',#7340);
#7340 = CARTESIAN_POINT('',(2.999999944446,-1.632994695155,
    -9.258973643345E-09));
#7341 = LINE('',#7342,#7343);
#7342 = CARTESIAN_POINT('',(2.999999944446,-1.632994695155,
    -9.258973643345E-09));
#7343 = VECTOR('',#7344,1.);
#7344 = DIRECTION('',(0.,1.,0.));
#7345 = ORIENTED_EDGE('',*,*,#7346,.T.);
#7346 = EDGE_CURVE('',#7339,#7286,#7347,.T.);
#7347 = LINE('',#7348,#7349);
#7348 = CARTESIAN_POINT('',(2.999999944446,-1.632994695155,
    -9.258973643345E-09));
#7349 = VECTOR('',#7350,1.);
#7350 = DIRECTION('',(0.,0.,1.));
#7351 = ORIENTED_EDGE('',*,*,#7285,.T.);
#7352 = ORIENTED_EDGE('',*,*,#7269,.F.);
#7353 = PLANE('',#7354);
#7354 = AXIS2_PLACEMENT_3D('',#7355,#7356,#7357);
#7355 = CARTESIAN_POINT('',(2.999999944446,-1.632994695155,
    -9.258973643345E-09));
#7356 = DIRECTION('',(-1.,0.,0.));
#7357 = DIRECTION('',(0.,1.,0.));
#7358 = ADVANCED_FACE('',(#7359),#7393,.F.);
#7359 = FACE_BOUND('',#7360,.F.);
#7360 = EDGE_LOOP('',(#7361,#7371,#7379,#7387));
#7361 = ORIENTED_EDGE('',*,*,#7362,.T.);
#7362 = EDGE_CURVE('',#7363,#7365,#7367,.T.);
#7363 = VERTEX_POINT('',#7364);
#7364 = CARTESIAN_POINT('',(2.549999952779,0.967005256698,
    -9.258973643345E-09));
#7365 = VERTEX_POINT('',#7366);
#7366 = CARTESIAN_POINT('',(2.549999952779,0.567005264105,
    -9.258973643345E-09));
#7367 = LINE('',#7368,#7369);
#7368 = CARTESIAN_POINT('',(2.549999952779,0.967005256698,
    -9.258973643345E-09));
#7369 = VECTOR('',#7370,1.);
#7370 = DIRECTION('',(0.,-1.,0.));
#7371 = ORIENTED_EDGE('',*,*,#7372,.F.);
#7372 = EDGE_CURVE('',#7373,#7365,#7375,.T.);
#7373 = VERTEX_POINT('',#7374);
#7374 = CARTESIAN_POINT('',(2.999999944446,0.567005264105,
    -9.258973643345E-09));
#7375 = LINE('',#7376,#7377);
#7376 = CARTESIAN_POINT('',(2.999999944446,0.567005264105,
    -9.258973643345E-09));
#7377 = VECTOR('',#7378,1.);
#7378 = DIRECTION('',(-1.,0.,0.));
#7379 = ORIENTED_EDGE('',*,*,#7380,.T.);
#7380 = EDGE_CURVE('',#7373,#7381,#7383,.T.);
#7381 = VERTEX_POINT('',#7382);
#7382 = CARTESIAN_POINT('',(2.999999944446,0.967005256698,
    -9.258973643345E-09));
#7383 = LINE('',#7384,#7385);
#7384 = CARTESIAN_POINT('',(2.999999944446,0.567005264105,
    -9.258973643345E-09));
#7385 = VECTOR('',#7386,1.);
#7386 = DIRECTION('',(0.,1.,0.));
#7387 = ORIENTED_EDGE('',*,*,#7388,.F.);
#7388 = EDGE_CURVE('',#7363,#7381,#7389,.T.);
#7389 = LINE('',#7390,#7391);
#7390 = CARTESIAN_POINT('',(2.549999952779,0.967005256698,
    -9.258973643345E-09));
#7391 = VECTOR('',#7392,1.);
#7392 = DIRECTION('',(1.,0.,0.));
#7393 = PLANE('',#7394);
#7394 = AXIS2_PLACEMENT_3D('',#7395,#7396,#7397);
#7395 = CARTESIAN_POINT('',(2.499999953705,0.967005256698,
    -9.258973643345E-09));
#7396 = DIRECTION('',(0.,0.,1.));
#7397 = DIRECTION('',(0.,-1.,0.));
#7398 = ADVANCED_FACE('',(#7399),#7417,.F.);
#7399 = FACE_BOUND('',#7400,.F.);
#7400 = EDGE_LOOP('',(#7401,#7409,#7415,#7416));
#7401 = ORIENTED_EDGE('',*,*,#7402,.T.);
#7402 = EDGE_CURVE('',#7253,#7403,#7405,.T.);
#7403 = VERTEX_POINT('',#7404);
#7404 = CARTESIAN_POINT('',(2.549999952779,-1.632994695155,
    -9.258973643345E-09));
#7405 = LINE('',#7406,#7407);
#7406 = CARTESIAN_POINT('',(2.549999952779,-1.232994702562,
    -9.258973643345E-09));
#7407 = VECTOR('',#7408,1.);
#7408 = DIRECTION('',(0.,-1.,0.));
#7409 = ORIENTED_EDGE('',*,*,#7410,.F.);
#7410 = EDGE_CURVE('',#7339,#7403,#7411,.T.);
#7411 = LINE('',#7412,#7413);
#7412 = CARTESIAN_POINT('',(2.999999944446,-1.632994695155,
    -9.258973643345E-09));
#7413 = VECTOR('',#7414,1.);
#7414 = DIRECTION('',(-1.,-3.454027187723E-14,0.));
#7415 = ORIENTED_EDGE('',*,*,#7338,.T.);
#7416 = ORIENTED_EDGE('',*,*,#7261,.F.);
#7417 = PLANE('',#7418);
#7418 = AXIS2_PLACEMENT_3D('',#7419,#7420,#7421);
#7419 = CARTESIAN_POINT('',(2.499999953705,0.967005256698,
    -9.258973643345E-09));
#7420 = DIRECTION('',(0.,0.,1.));
#7421 = DIRECTION('',(0.,-1.,0.));
#7422 = ADVANCED_FACE('',(#7423),#7448,.T.);
#7423 = FACE_BOUND('',#7424,.T.);
#7424 = EDGE_LOOP('',(#7425,#7433,#7440,#7441));
#7425 = ORIENTED_EDGE('',*,*,#7426,.F.);
#7426 = EDGE_CURVE('',#7427,#7221,#7429,.T.);
#7427 = VERTEX_POINT('',#7428);
#7428 = CARTESIAN_POINT('',(2.349999956483,0.967005256698,0.199999987037
    ));
#7429 = LINE('',#7430,#7431);
#7430 = CARTESIAN_POINT('',(2.349999956483,0.967005256698,0.199999987037
    ));
#7431 = VECTOR('',#7432,1.);
#7432 = DIRECTION('',(0.,-1.,0.));
#7433 = ORIENTED_EDGE('',*,*,#7434,.F.);
#7434 = EDGE_CURVE('',#7363,#7427,#7435,.T.);
#7435 = CIRCLE('',#7436,0.199999996296);
#7436 = AXIS2_PLACEMENT_3D('',#7437,#7438,#7439);
#7437 = CARTESIAN_POINT('',(2.549999952779,0.967005256698,0.199999987037
    ));
#7438 = DIRECTION('',(0.,1.,0.));
#7439 = DIRECTION('',(0.,0.,-1.));
#7440 = ORIENTED_EDGE('',*,*,#7362,.T.);
#7441 = ORIENTED_EDGE('',*,*,#7442,.F.);
#7442 = EDGE_CURVE('',#7221,#7365,#7443,.T.);
#7443 = CIRCLE('',#7444,0.199999996296);
#7444 = AXIS2_PLACEMENT_3D('',#7445,#7446,#7447);
#7445 = CARTESIAN_POINT('',(2.549999952779,0.567005264105,0.199999987037
    ));
#7446 = DIRECTION('',(0.,-1.,0.));
#7447 = DIRECTION('',(-1.,0.,0.));
#7448 = CYLINDRICAL_SURFACE('',#7449,0.199999996296);
#7449 = AXIS2_PLACEMENT_3D('',#7450,#7451,#7452);
#7450 = CARTESIAN_POINT('',(2.549999952779,6.582305152714,0.199999987037
    ));
#7451 = DIRECTION('',(0.,-1.,0.));
#7452 = DIRECTION('',(-1.,0.,0.));
#7453 = ADVANCED_FACE('',(#7454),#7467,.F.);
#7454 = FACE_BOUND('',#7455,.F.);
#7455 = EDGE_LOOP('',(#7456,#7457,#7458,#7459,#7465,#7466));
#7456 = ORIENTED_EDGE('',*,*,#7220,.F.);
#7457 = ORIENTED_EDGE('',*,*,#7196,.T.);
#7458 = ORIENTED_EDGE('',*,*,#7324,.T.);
#7459 = ORIENTED_EDGE('',*,*,#7460,.F.);
#7460 = EDGE_CURVE('',#7373,#7317,#7461,.T.);
#7461 = LINE('',#7462,#7463);
#7462 = CARTESIAN_POINT('',(2.999999944446,0.567005264105,
    -9.258973643345E-09));
#7463 = VECTOR('',#7464,1.);
#7464 = DIRECTION('',(0.,0.,1.));
#7465 = ORIENTED_EDGE('',*,*,#7372,.T.);
#7466 = ORIENTED_EDGE('',*,*,#7442,.F.);
#7467 = PLANE('',#7468);
#7468 = AXIS2_PLACEMENT_3D('',#7469,#7470,#7471);
#7469 = CARTESIAN_POINT('',(2.499999953705,0.567005264105,
    -9.258973643345E-09));
#7470 = DIRECTION('',(0.,1.,0.));
#7471 = DIRECTION('',(0.,0.,1.));
#7472 = ADVANCED_FACE('',(#7473),#7484,.F.);
#7473 = FACE_BOUND('',#7474,.F.);
#7474 = EDGE_LOOP('',(#7475,#7476,#7477,#7478));
#7475 = ORIENTED_EDGE('',*,*,#7380,.F.);
#7476 = ORIENTED_EDGE('',*,*,#7460,.T.);
#7477 = ORIENTED_EDGE('',*,*,#7316,.T.);
#7478 = ORIENTED_EDGE('',*,*,#7479,.F.);
#7479 = EDGE_CURVE('',#7381,#7309,#7480,.T.);
#7480 = LINE('',#7481,#7482);
#7481 = CARTESIAN_POINT('',(2.999999944446,0.967005256698,
    -9.258973643345E-09));
#7482 = VECTOR('',#7483,1.);
#7483 = DIRECTION('',(0.,0.,1.));
#7484 = PLANE('',#7485);
#7485 = AXIS2_PLACEMENT_3D('',#7486,#7487,#7488);
#7486 = CARTESIAN_POINT('',(2.999999944446,0.567005264105,
    -9.258973643345E-09));
#7487 = DIRECTION('',(-1.,0.,0.));
#7488 = DIRECTION('',(0.,1.,0.));
#7489 = ADVANCED_FACE('',(#7490),#7505,.F.);
#7490 = FACE_BOUND('',#7491,.F.);
#7491 = EDGE_LOOP('',(#7492,#7493,#7494,#7495,#7496,#7502,#7503,#7504));
#7492 = ORIENTED_EDGE('',*,*,#7308,.T.);
#7493 = ORIENTED_EDGE('',*,*,#7179,.F.);
#7494 = ORIENTED_EDGE('',*,*,#7130,.F.);
#7495 = ORIENTED_EDGE('',*,*,#7067,.T.);
#7496 = ORIENTED_EDGE('',*,*,#7497,.T.);
#7497 = EDGE_CURVE('',#7060,#7427,#7498,.T.);
#7498 = LINE('',#7499,#7500);
#7499 = CARTESIAN_POINT('',(2.349999956483,0.967005256698,0.749999976853
    ));
#7500 = VECTOR('',#7501,1.);
#7501 = DIRECTION('',(0.,0.,-1.));
#7502 = ORIENTED_EDGE('',*,*,#7434,.F.);
#7503 = ORIENTED_EDGE('',*,*,#7388,.T.);
#7504 = ORIENTED_EDGE('',*,*,#7479,.T.);
#7505 = PLANE('',#7506);
#7506 = AXIS2_PLACEMENT_3D('',#7507,#7508,#7509);
#7507 = CARTESIAN_POINT('',(2.499999953705,0.967005256698,0.749999976853
    ));
#7508 = DIRECTION('',(0.,-1.,0.));
#7509 = DIRECTION('',(0.,0.,-1.));
#7510 = ADVANCED_FACE('',(#7511),#7563,.T.);
#7511 = FACE_BOUND('',#7512,.F.);
#7512 = EDGE_LOOP('',(#7513,#7514,#7515,#7516,#7524,#7532,#7540,#7548,
    #7556,#7562));
#7513 = ORIENTED_EDGE('',*,*,#7426,.F.);
#7514 = ORIENTED_EDGE('',*,*,#7497,.F.);
#7515 = ORIENTED_EDGE('',*,*,#7059,.F.);
#7516 = ORIENTED_EDGE('',*,*,#7517,.F.);
#7517 = EDGE_CURVE('',#7518,#7052,#7520,.T.);
#7518 = VERTEX_POINT('',#7519);
#7519 = CARTESIAN_POINT('',(2.349999956483,0.538816161498,1.249999967594
    ));
#7520 = LINE('',#7521,#7522);
#7521 = CARTESIAN_POINT('',(2.349999956483,0.538816161498,1.249999967594
    ));
#7522 = VECTOR('',#7523,1.);
#7523 = DIRECTION('',(0.,0.,-1.));
#7524 = ORIENTED_EDGE('',*,*,#7525,.T.);
#7525 = EDGE_CURVE('',#7518,#7526,#7528,.T.);
#7526 = VERTEX_POINT('',#7527);
#7527 = CARTESIAN_POINT('',(2.349999956483,-1.204805599955,
    1.249999967594));
#7528 = LINE('',#7529,#7530);
#7529 = CARTESIAN_POINT('',(2.349999956483,0.538816161498,1.249999967594
    ));
#7530 = VECTOR('',#7531,1.);
#7531 = DIRECTION('',(0.,-1.,0.));
#7532 = ORIENTED_EDGE('',*,*,#7533,.F.);
#7533 = EDGE_CURVE('',#7534,#7526,#7536,.T.);
#7534 = VERTEX_POINT('',#7535);
#7535 = CARTESIAN_POINT('',(2.349999956483,-1.204805599955,
    0.749999976853));
#7536 = LINE('',#7537,#7538);
#7537 = CARTESIAN_POINT('',(2.349999956483,-1.204805599955,
    0.749999976853));
#7538 = VECTOR('',#7539,1.);
#7539 = DIRECTION('',(0.,0.,1.));
#7540 = ORIENTED_EDGE('',*,*,#7541,.F.);
#7541 = EDGE_CURVE('',#7542,#7534,#7544,.T.);
#7542 = VERTEX_POINT('',#7543);
#7543 = CARTESIAN_POINT('',(2.349999956483,-1.632994695155,
    0.749999976853));
#7544 = LINE('',#7545,#7546);
#7545 = CARTESIAN_POINT('',(2.349999956483,-1.632994695155,
    0.749999976853));
#7546 = VECTOR('',#7547,1.);
#7547 = DIRECTION('',(0.,1.,0.));
#7548 = ORIENTED_EDGE('',*,*,#7549,.F.);
#7549 = EDGE_CURVE('',#7550,#7542,#7552,.T.);
#7550 = VERTEX_POINT('',#7551);
#7551 = CARTESIAN_POINT('',(2.349999956483,-1.632994695155,
    0.199999987037));
#7552 = LINE('',#7553,#7554);
#7553 = CARTESIAN_POINT('',(2.349999956483,-1.632994695155,
    0.199999987037));
#7554 = VECTOR('',#7555,1.);
#7555 = DIRECTION('',(0.,0.,1.));
#7556 = ORIENTED_EDGE('',*,*,#7557,.F.);
#7557 = EDGE_CURVE('',#7212,#7550,#7558,.T.);
#7558 = LINE('',#7559,#7560);
#7559 = CARTESIAN_POINT('',(2.349999956483,-1.232994702562,
    0.199999987037));
#7560 = VECTOR('',#7561,1.);
#7561 = DIRECTION('',(0.,-1.,0.));
#7562 = ORIENTED_EDGE('',*,*,#7228,.F.);
#7563 = PLANE('',#7564);
#7564 = AXIS2_PLACEMENT_3D('',#7565,#7566,#7567);
#7565 = CARTESIAN_POINT('',(2.349999956483,-0.332994719228,
    1.249999967594));
#7566 = DIRECTION('',(-1.,0.,0.));
#7567 = DIRECTION('',(0.,-1.,0.));
#7568 = ADVANCED_FACE('',(#7569),#7605,.T.);
#7569 = FACE_BOUND('',#7570,.F.);
#7570 = EDGE_LOOP('',(#7571,#7580,#7588,#7596,#7602,#7603,#7604));
#7571 = ORIENTED_EDGE('',*,*,#7572,.F.);
#7572 = EDGE_CURVE('',#7573,#7116,#7575,.T.);
#7573 = VERTEX_POINT('',#7574);
#7574 = CARTESIAN_POINT('',(2.299999957409,0.538816161498,1.399999964816
    ));
#7575 = CIRCLE('',#7576,0.199999996296);
#7576 = AXIS2_PLACEMENT_3D('',#7577,#7578,#7579);
#7577 = CARTESIAN_POINT('',(2.299999957409,0.538816161498,1.199999968519
    ));
#7578 = DIRECTION('',(0.,1.,0.));
#7579 = DIRECTION('',(0.,0.,1.));
#7580 = ORIENTED_EDGE('',*,*,#7581,.T.);
#7581 = EDGE_CURVE('',#7573,#7582,#7584,.T.);
#7582 = VERTEX_POINT('',#7583);
#7583 = CARTESIAN_POINT('',(2.152361079371,0.538816161498,1.399999964816
    ));
#7584 = LINE('',#7585,#7586);
#7585 = CARTESIAN_POINT('',(2.299999957409,0.538816161498,1.399999964816
    ));
#7586 = VECTOR('',#7587,1.);
#7587 = DIRECTION('',(-1.,0.,0.));
#7588 = ORIENTED_EDGE('',*,*,#7589,.F.);
#7589 = EDGE_CURVE('',#7590,#7582,#7592,.T.);
#7590 = VERTEX_POINT('',#7591);
#7591 = CARTESIAN_POINT('',(2.152361079371,0.538816161498,1.249999967594
    ));
#7592 = LINE('',#7593,#7594);
#7593 = CARTESIAN_POINT('',(2.152361079371,0.538816161498,1.249999967594
    ));
#7594 = VECTOR('',#7595,1.);
#7595 = DIRECTION('',(0.,0.,1.));
#7596 = ORIENTED_EDGE('',*,*,#7597,.F.);
#7597 = EDGE_CURVE('',#7518,#7590,#7598,.T.);
#7598 = LINE('',#7599,#7600);
#7599 = CARTESIAN_POINT('',(2.349999956483,0.538816161498,1.249999967594
    ));
#7600 = VECTOR('',#7601,1.);
#7601 = DIRECTION('',(-1.,0.,0.));
#7602 = ORIENTED_EDGE('',*,*,#7517,.T.);
#7603 = ORIENTED_EDGE('',*,*,#7051,.F.);
#7604 = ORIENTED_EDGE('',*,*,#7123,.T.);
#7605 = PLANE('',#7606);
#7606 = AXIS2_PLACEMENT_3D('',#7607,#7608,#7609);
#7607 = CARTESIAN_POINT('',(2.499999953705,0.538816161498,1.249999967594
    ));
#7608 = DIRECTION('',(0.,1.,0.));
#7609 = DIRECTION('',(-1.,0.,0.));
#7610 = ADVANCED_FACE('',(#7611),#7630,.T.);
#7611 = FACE_BOUND('',#7612,.T.);
#7612 = EDGE_LOOP('',(#7613,#7621,#7628,#7629));
#7613 = ORIENTED_EDGE('',*,*,#7614,.F.);
#7614 = EDGE_CURVE('',#7615,#7573,#7617,.T.);
#7615 = VERTEX_POINT('',#7616);
#7616 = CARTESIAN_POINT('',(2.299999957409,-1.204805599955,
    1.399999964816));
#7617 = LINE('',#7618,#7619);
#7618 = CARTESIAN_POINT('',(2.299999957409,-1.204805599955,
    1.399999964816));
#7619 = VECTOR('',#7620,1.);
#7620 = DIRECTION('',(0.,1.,0.));
#7621 = ORIENTED_EDGE('',*,*,#7622,.F.);
#7622 = EDGE_CURVE('',#7108,#7615,#7623,.T.);
#7623 = CIRCLE('',#7624,0.199999996296);
#7624 = AXIS2_PLACEMENT_3D('',#7625,#7626,#7627);
#7625 = CARTESIAN_POINT('',(2.299999957409,-1.204805599955,
    1.199999968519));
#7626 = DIRECTION('',(0.,-1.,0.));
#7627 = DIRECTION('',(1.,0.,0.));
#7628 = ORIENTED_EDGE('',*,*,#7115,.T.);
#7629 = ORIENTED_EDGE('',*,*,#7572,.F.);
#7630 = CYLINDRICAL_SURFACE('',#7631,0.199999996296);
#7631 = AXIS2_PLACEMENT_3D('',#7632,#7633,#7634);
#7632 = CARTESIAN_POINT('',(2.299999957409,-8.748294563394,
    1.199999968519));
#7633 = DIRECTION('',(0.,1.,0.));
#7634 = DIRECTION('',(0.,0.,1.));
#7635 = ADVANCED_FACE('',(#7636),#7669,.T.);
#7636 = FACE_BOUND('',#7637,.F.);
#7637 = EDGE_LOOP('',(#7638,#7639,#7640,#7646,#7647,#7655,#7663));
#7638 = ORIENTED_EDGE('',*,*,#7622,.F.);
#7639 = ORIENTED_EDGE('',*,*,#7107,.T.);
#7640 = ORIENTED_EDGE('',*,*,#7641,.T.);
#7641 = EDGE_CURVE('',#7100,#7534,#7642,.T.);
#7642 = LINE('',#7643,#7644);
#7643 = CARTESIAN_POINT('',(2.499999953705,-1.204805599955,
    0.749999976853));
#7644 = VECTOR('',#7645,1.);
#7645 = DIRECTION('',(-1.,0.,0.));
#7646 = ORIENTED_EDGE('',*,*,#7533,.T.);
#7647 = ORIENTED_EDGE('',*,*,#7648,.F.);
#7648 = EDGE_CURVE('',#7649,#7526,#7651,.T.);
#7649 = VERTEX_POINT('',#7650);
#7650 = CARTESIAN_POINT('',(2.152361079371,-1.204805599955,
    1.249999967594));
#7651 = LINE('',#7652,#7653);
#7652 = CARTESIAN_POINT('',(2.152361079371,-1.204805599955,
    1.249999967594));
#7653 = VECTOR('',#7654,1.);
#7654 = DIRECTION('',(1.,0.,0.));
#7655 = ORIENTED_EDGE('',*,*,#7656,.T.);
#7656 = EDGE_CURVE('',#7649,#7657,#7659,.T.);
#7657 = VERTEX_POINT('',#7658);
#7658 = CARTESIAN_POINT('',(2.152361079371,-1.204805599955,
    1.399999964816));
#7659 = LINE('',#7660,#7661);
#7660 = CARTESIAN_POINT('',(2.152361079371,-1.204805599955,
    1.249999967594));
#7661 = VECTOR('',#7662,1.);
#7662 = DIRECTION('',(0.,0.,1.));
#7663 = ORIENTED_EDGE('',*,*,#7664,.T.);
#7664 = EDGE_CURVE('',#7657,#7615,#7665,.T.);
#7665 = LINE('',#7666,#7667);
#7666 = CARTESIAN_POINT('',(2.152361079371,-1.204805599955,
    1.399999964816));
#7667 = VECTOR('',#7668,1.);
#7668 = DIRECTION('',(1.,0.,0.));
#7669 = PLANE('',#7670);
#7670 = AXIS2_PLACEMENT_3D('',#7671,#7672,#7673);
#7671 = CARTESIAN_POINT('',(2.152361079371,-1.204805599955,
    1.249999967594));
#7672 = DIRECTION('',(0.,-1.,0.));
#7673 = DIRECTION('',(1.,0.,0.));
#7674 = ADVANCED_FACE('',(#7675),#7686,.F.);
#7675 = FACE_BOUND('',#7676,.F.);
#7676 = EDGE_LOOP('',(#7677,#7678,#7684,#7685));
#7677 = ORIENTED_EDGE('',*,*,#7099,.F.);
#7678 = ORIENTED_EDGE('',*,*,#7679,.T.);
#7679 = EDGE_CURVE('',#7092,#7542,#7680,.T.);
#7680 = LINE('',#7681,#7682);
#7681 = CARTESIAN_POINT('',(2.499999953705,-1.632994695155,
    0.749999976853));
#7682 = VECTOR('',#7683,1.);
#7683 = DIRECTION('',(-1.,0.,0.));
#7684 = ORIENTED_EDGE('',*,*,#7541,.T.);
#7685 = ORIENTED_EDGE('',*,*,#7641,.F.);
#7686 = PLANE('',#7687);
#7687 = AXIS2_PLACEMENT_3D('',#7688,#7689,#7690);
#7688 = CARTESIAN_POINT('',(2.499999953705,-1.632994695155,
    0.749999976853));
#7689 = DIRECTION('',(0.,0.,-1.));
#7690 = DIRECTION('',(0.,1.,0.));
#7691 = ADVANCED_FACE('',(#7692),#7708,.F.);
#7692 = FACE_BOUND('',#7693,.F.);
#7693 = EDGE_LOOP('',(#7694,#7695,#7696,#7697,#7698,#7699,#7706,#7707));
#7694 = ORIENTED_EDGE('',*,*,#7091,.F.);
#7695 = ORIENTED_EDGE('',*,*,#7171,.F.);
#7696 = ORIENTED_EDGE('',*,*,#7293,.T.);
#7697 = ORIENTED_EDGE('',*,*,#7346,.F.);
#7698 = ORIENTED_EDGE('',*,*,#7410,.T.);
#7699 = ORIENTED_EDGE('',*,*,#7700,.F.);
#7700 = EDGE_CURVE('',#7550,#7403,#7701,.T.);
#7701 = CIRCLE('',#7702,0.199999996296);
#7702 = AXIS2_PLACEMENT_3D('',#7703,#7704,#7705);
#7703 = CARTESIAN_POINT('',(2.549999952779,-1.632994695155,
    0.199999987037));
#7704 = DIRECTION('',(0.,-1.,0.));
#7705 = DIRECTION('',(-1.,0.,0.));
#7706 = ORIENTED_EDGE('',*,*,#7549,.T.);
#7707 = ORIENTED_EDGE('',*,*,#7679,.F.);
#7708 = PLANE('',#7709);
#7709 = AXIS2_PLACEMENT_3D('',#7710,#7711,#7712);
#7710 = CARTESIAN_POINT('',(2.499999953705,-1.632994695155,
    -9.258973643345E-09));
#7711 = DIRECTION('',(0.,1.,0.));
#7712 = DIRECTION('',(0.,0.,1.));
#7713 = ADVANCED_FACE('',(#7714),#7720,.T.);
#7714 = FACE_BOUND('',#7715,.T.);
#7715 = EDGE_LOOP('',(#7716,#7717,#7718,#7719));
#7716 = ORIENTED_EDGE('',*,*,#7557,.F.);
#7717 = ORIENTED_EDGE('',*,*,#7252,.F.);
#7718 = ORIENTED_EDGE('',*,*,#7402,.T.);
#7719 = ORIENTED_EDGE('',*,*,#7700,.F.);
#7720 = CYLINDRICAL_SURFACE('',#7721,0.199999996296);
#7721 = AXIS2_PLACEMENT_3D('',#7722,#7723,#7724);
#7722 = CARTESIAN_POINT('',(2.549999952779,6.582305152714,0.199999987037
    ));
#7723 = DIRECTION('',(0.,-1.,0.));
#7724 = DIRECTION('',(-1.,0.,0.));
#7725 = ADVANCED_FACE('',(#7726),#7873,.F.);
#7726 = FACE_BOUND('',#7727,.F.);
#7727 = EDGE_LOOP('',(#7728,#7729,#7730,#7739,#7747,#7756,#7764,#7773,
    #7781,#7790,#7798,#7806,#7814,#7823,#7831,#7840,#7848,#7857,#7865,
    #7872));
#7728 = ORIENTED_EDGE('',*,*,#7525,.F.);
#7729 = ORIENTED_EDGE('',*,*,#7597,.T.);
#7730 = ORIENTED_EDGE('',*,*,#7731,.T.);
#7731 = EDGE_CURVE('',#7590,#7732,#7734,.T.);
#7732 = VERTEX_POINT('',#7733);
#7733 = CARTESIAN_POINT('',(2.062114067427,0.629063173443,1.249999967594
    ));
#7734 = CIRCLE('',#7735,9.024701194438E-02);
#7735 = AXIS2_PLACEMENT_3D('',#7736,#7737,#7738);
#7736 = CARTESIAN_POINT('',(2.152361079371,0.629063173443,1.249999967594
    ));
#7737 = DIRECTION('',(0.,0.,-1.));
#7738 = DIRECTION('',(0.,-1.,0.));
#7739 = ORIENTED_EDGE('',*,*,#7740,.T.);
#7740 = EDGE_CURVE('',#7732,#7741,#7743,.T.);
#7741 = VERTEX_POINT('',#7742);
#7742 = CARTESIAN_POINT('',(2.062114067427,0.965476640179,1.249999967594
    ));
#7743 = LINE('',#7744,#7745);
#7744 = CARTESIAN_POINT('',(2.062114067427,0.629063173443,1.249999967594
    ));
#7745 = VECTOR('',#7746,1.);
#7746 = DIRECTION('',(0.,1.,0.));
#7747 = ORIENTED_EDGE('',*,*,#7748,.T.);
#7748 = EDGE_CURVE('',#7741,#7749,#7751,.T.);
#7749 = VERTEX_POINT('',#7750);
#7750 = CARTESIAN_POINT('',(1.985585452295,1.042005255309,1.249999967594
    ));
#7751 = CIRCLE('',#7752,7.652861513131E-02);
#7752 = AXIS2_PLACEMENT_3D('',#7753,#7754,#7755);
#7753 = CARTESIAN_POINT('',(1.985585452295,0.965476640179,1.249999967594
    ));
#7754 = DIRECTION('',(0.,0.,1.));
#7755 = DIRECTION('',(1.,0.,0.));
#7756 = ORIENTED_EDGE('',*,*,#7757,.T.);
#7757 = EDGE_CURVE('',#7749,#7758,#7760,.T.);
#7758 = VERTEX_POINT('',#7759);
#7759 = CARTESIAN_POINT('',(-1.985585452295,1.042005255309,
    1.249999967594));
#7760 = LINE('',#7761,#7762);
#7761 = CARTESIAN_POINT('',(1.985585452295,1.042005255309,1.249999967594
    ));
#7762 = VECTOR('',#7763,1.);
#7763 = DIRECTION('',(-1.,0.,0.));
#7764 = ORIENTED_EDGE('',*,*,#7765,.T.);
#7765 = EDGE_CURVE('',#7758,#7766,#7768,.T.);
#7766 = VERTEX_POINT('',#7767);
#7767 = CARTESIAN_POINT('',(-2.062114067427,0.965476640179,
    1.249999967594));
#7768 = CIRCLE('',#7769,7.652861513131E-02);
#7769 = AXIS2_PLACEMENT_3D('',#7770,#7771,#7772);
#7770 = CARTESIAN_POINT('',(-1.985585452295,0.965476640179,
    1.249999967594));
#7771 = DIRECTION('',(0.,-0.,1.));
#7772 = DIRECTION('',(1.450729249655E-14,1.,0.));
#7773 = ORIENTED_EDGE('',*,*,#7774,.T.);
#7774 = EDGE_CURVE('',#7766,#7775,#7777,.T.);
#7775 = VERTEX_POINT('',#7776);
#7776 = CARTESIAN_POINT('',(-2.062114067427,0.629063173443,
    1.249999967594));
#7777 = LINE('',#7778,#7779);
#7778 = CARTESIAN_POINT('',(-2.062114067427,0.965476640179,
    1.249999967594));
#7779 = VECTOR('',#7780,1.);
#7780 = DIRECTION('',(0.,-1.,0.));
#7781 = ORIENTED_EDGE('',*,*,#7782,.T.);
#7782 = EDGE_CURVE('',#7775,#7783,#7785,.T.);
#7783 = VERTEX_POINT('',#7784);
#7784 = CARTESIAN_POINT('',(-2.152361079371,0.538816161498,
    1.249999967594));
#7785 = CIRCLE('',#7786,9.024701194438E-02);
#7786 = AXIS2_PLACEMENT_3D('',#7787,#7788,#7789);
#7787 = CARTESIAN_POINT('',(-2.152361079371,0.629063173443,
    1.249999967594));
#7788 = DIRECTION('',(0.,0.,-1.));
#7789 = DIRECTION('',(1.,0.,0.));
#7790 = ORIENTED_EDGE('',*,*,#7791,.T.);
#7791 = EDGE_CURVE('',#7783,#7792,#7794,.T.);
#7792 = VERTEX_POINT('',#7793);
#7793 = CARTESIAN_POINT('',(-2.349999956483,0.538816161498,
    1.249999967594));
#7794 = LINE('',#7795,#7796);
#7795 = CARTESIAN_POINT('',(-2.152361079371,0.538816161498,
    1.249999967594));
#7796 = VECTOR('',#7797,1.);
#7797 = DIRECTION('',(-1.,0.,0.));
#7798 = ORIENTED_EDGE('',*,*,#7799,.T.);
#7799 = EDGE_CURVE('',#7792,#7800,#7802,.T.);
#7800 = VERTEX_POINT('',#7801);
#7801 = CARTESIAN_POINT('',(-2.349999956483,-1.204805599955,
    1.249999967594));
#7802 = LINE('',#7803,#7804);
#7803 = CARTESIAN_POINT('',(-2.349999956483,0.538816161498,
    1.249999967594));
#7804 = VECTOR('',#7805,1.);
#7805 = DIRECTION('',(0.,-1.,0.));
#7806 = ORIENTED_EDGE('',*,*,#7807,.T.);
#7807 = EDGE_CURVE('',#7800,#7808,#7810,.T.);
#7808 = VERTEX_POINT('',#7809);
#7809 = CARTESIAN_POINT('',(-2.152361079371,-1.204805599955,
    1.249999967594));
#7810 = LINE('',#7811,#7812);
#7811 = CARTESIAN_POINT('',(-2.349999956483,-1.204805599955,
    1.249999967594));
#7812 = VECTOR('',#7813,1.);
#7813 = DIRECTION('',(1.,0.,0.));
#7814 = ORIENTED_EDGE('',*,*,#7815,.T.);
#7815 = EDGE_CURVE('',#7808,#7816,#7818,.T.);
#7816 = VERTEX_POINT('',#7817);
#7817 = CARTESIAN_POINT('',(-2.062114067427,-1.2950526119,1.249999967594
    ));
#7818 = CIRCLE('',#7819,9.024701194438E-02);
#7819 = AXIS2_PLACEMENT_3D('',#7820,#7821,#7822);
#7820 = CARTESIAN_POINT('',(-2.152361079371,-1.2950526119,1.249999967594
    ));
#7821 = DIRECTION('',(0.,0.,-1.));
#7822 = DIRECTION('',(-1.476245668611E-14,1.,0.));
#7823 = ORIENTED_EDGE('',*,*,#7824,.T.);
#7824 = EDGE_CURVE('',#7816,#7825,#7827,.T.);
#7825 = VERTEX_POINT('',#7826);
#7826 = CARTESIAN_POINT('',(-2.062114067427,-1.631466078635,
    1.249999967594));
#7827 = LINE('',#7828,#7829);
#7828 = CARTESIAN_POINT('',(-2.062114067427,-1.2950526119,1.249999967594
    ));
#7829 = VECTOR('',#7830,1.);
#7830 = DIRECTION('',(0.,-1.,0.));
#7831 = ORIENTED_EDGE('',*,*,#7832,.T.);
#7832 = EDGE_CURVE('',#7825,#7833,#7835,.T.);
#7833 = VERTEX_POINT('',#7834);
#7834 = CARTESIAN_POINT('',(-1.985585452295,-1.707994693766,
    1.249999967594));
#7835 = CIRCLE('',#7836,7.652861513131E-02);
#7836 = AXIS2_PLACEMENT_3D('',#7837,#7838,#7839);
#7837 = CARTESIAN_POINT('',(-1.985585452295,-1.631466078635,
    1.249999967594));
#7838 = DIRECTION('',(0.,0.,1.));
#7839 = DIRECTION('',(-1.,0.,0.));
#7840 = ORIENTED_EDGE('',*,*,#7841,.T.);
#7841 = EDGE_CURVE('',#7833,#7842,#7844,.T.);
#7842 = VERTEX_POINT('',#7843);
#7843 = CARTESIAN_POINT('',(1.985585452295,-1.707994693766,
    1.249999967594));
#7844 = LINE('',#7845,#7846);
#7845 = CARTESIAN_POINT('',(-1.985585452295,-1.707994693766,
    1.249999967594));
#7846 = VECTOR('',#7847,1.);
#7847 = DIRECTION('',(1.,0.,0.));
#7848 = ORIENTED_EDGE('',*,*,#7849,.T.);
#7849 = EDGE_CURVE('',#7842,#7850,#7852,.T.);
#7850 = VERTEX_POINT('',#7851);
#7851 = CARTESIAN_POINT('',(2.062114067427,-1.631466078635,
    1.249999967594));
#7852 = CIRCLE('',#7853,7.652861513131E-02);
#7853 = AXIS2_PLACEMENT_3D('',#7854,#7855,#7856);
#7854 = CARTESIAN_POINT('',(1.985585452295,-1.631466078635,
    1.249999967594));
#7855 = DIRECTION('',(-0.,0.,1.));
#7856 = DIRECTION('',(1.450729249655E-14,-1.,0.));
#7857 = ORIENTED_EDGE('',*,*,#7858,.T.);
#7858 = EDGE_CURVE('',#7850,#7859,#7861,.T.);
#7859 = VERTEX_POINT('',#7860);
#7860 = CARTESIAN_POINT('',(2.062114067427,-1.2950526119,1.249999967594)
  );
#7861 = LINE('',#7862,#7863);
#7862 = CARTESIAN_POINT('',(2.062114067427,-1.631466078635,
    1.249999967594));
#7863 = VECTOR('',#7864,1.);
#7864 = DIRECTION('',(0.,1.,0.));
#7865 = ORIENTED_EDGE('',*,*,#7866,.T.);
#7866 = EDGE_CURVE('',#7859,#7649,#7867,.T.);
#7867 = CIRCLE('',#7868,9.024701194438E-02);
#7868 = AXIS2_PLACEMENT_3D('',#7869,#7870,#7871);
#7869 = CARTESIAN_POINT('',(2.152361079371,-1.2950526119,1.249999967594)
  );
#7870 = DIRECTION('',(0.,0.,-1.));
#7871 = DIRECTION('',(-1.,3.075511809605E-14,0.));
#7872 = ORIENTED_EDGE('',*,*,#7648,.T.);
#7873 = PLANE('',#7874);
#7874 = AXIS2_PLACEMENT_3D('',#7875,#7876,#7877);
#7875 = CARTESIAN_POINT('',(0.,-0.332994719228,1.249999967594));
#7876 = DIRECTION('',(0.,0.,1.));
#7877 = DIRECTION('',(1.,0.,0.));
#7878 = ADVANCED_FACE('',(#7879),#7898,.F.);
#7879 = FACE_BOUND('',#7880,.F.);
#7880 = EDGE_LOOP('',(#7881,#7882,#7883,#7892));
#7881 = ORIENTED_EDGE('',*,*,#7731,.F.);
#7882 = ORIENTED_EDGE('',*,*,#7589,.T.);
#7883 = ORIENTED_EDGE('',*,*,#7884,.T.);
#7884 = EDGE_CURVE('',#7582,#7885,#7887,.T.);
#7885 = VERTEX_POINT('',#7886);
#7886 = CARTESIAN_POINT('',(2.062114067427,0.629063173443,1.399999964816
    ));
#7887 = CIRCLE('',#7888,9.024701194438E-02);
#7888 = AXIS2_PLACEMENT_3D('',#7889,#7890,#7891);
#7889 = CARTESIAN_POINT('',(2.152361079371,0.629063173443,1.399999964816
    ));
#7890 = DIRECTION('',(0.,0.,-1.));
#7891 = DIRECTION('',(0.,-1.,0.));
#7892 = ORIENTED_EDGE('',*,*,#7893,.F.);
#7893 = EDGE_CURVE('',#7732,#7885,#7894,.T.);
#7894 = LINE('',#7895,#7896);
#7895 = CARTESIAN_POINT('',(2.062114067427,0.629063173443,1.249999967594
    ));
#7896 = VECTOR('',#7897,1.);
#7897 = DIRECTION('',(0.,0.,1.));
#7898 = CYLINDRICAL_SURFACE('',#7899,9.024701194438E-02);
#7899 = AXIS2_PLACEMENT_3D('',#7900,#7901,#7902);
#7900 = CARTESIAN_POINT('',(2.152361079371,0.629063173443,1.249999967594
    ));
#7901 = DIRECTION('',(0.,0.,1.));
#7902 = DIRECTION('',(1.,0.,0.));
#7903 = ADVANCED_FACE('',(#7904),#8043,.T.);
#7904 = FACE_BOUND('',#7905,.F.);
#7905 = EDGE_LOOP('',(#7906,#7907,#7908,#7917,#7925,#7934,#7942,#7951,
    #7959,#7968,#7976,#7984,#7992,#8001,#8009,#8018,#8026,#8035,#8041,
    #8042));
#7906 = ORIENTED_EDGE('',*,*,#7614,.F.);
#7907 = ORIENTED_EDGE('',*,*,#7664,.F.);
#7908 = ORIENTED_EDGE('',*,*,#7909,.F.);
#7909 = EDGE_CURVE('',#7910,#7657,#7912,.T.);
#7910 = VERTEX_POINT('',#7911);
#7911 = CARTESIAN_POINT('',(2.062114067427,-1.2950526119,1.399999964816)
  );
#7912 = CIRCLE('',#7913,9.024701194438E-02);
#7913 = AXIS2_PLACEMENT_3D('',#7914,#7915,#7916);
#7914 = CARTESIAN_POINT('',(2.152361079371,-1.2950526119,1.399999964816)
  );
#7915 = DIRECTION('',(0.,0.,-1.));
#7916 = DIRECTION('',(-1.,3.075511809605E-14,0.));
#7917 = ORIENTED_EDGE('',*,*,#7918,.F.);
#7918 = EDGE_CURVE('',#7919,#7910,#7921,.T.);
#7919 = VERTEX_POINT('',#7920);
#7920 = CARTESIAN_POINT('',(2.062114067427,-1.631466078635,
    1.399999964816));
#7921 = LINE('',#7922,#7923);
#7922 = CARTESIAN_POINT('',(2.062114067427,-1.631466078635,
    1.399999964816));
#7923 = VECTOR('',#7924,1.);
#7924 = DIRECTION('',(0.,1.,0.));
#7925 = ORIENTED_EDGE('',*,*,#7926,.F.);
#7926 = EDGE_CURVE('',#7927,#7919,#7929,.T.);
#7927 = VERTEX_POINT('',#7928);
#7928 = CARTESIAN_POINT('',(1.985585452295,-1.707994693766,
    1.399999964816));
#7929 = CIRCLE('',#7930,7.652861513131E-02);
#7930 = AXIS2_PLACEMENT_3D('',#7931,#7932,#7933);
#7931 = CARTESIAN_POINT('',(1.985585452295,-1.631466078635,
    1.399999964816));
#7932 = DIRECTION('',(-0.,0.,1.));
#7933 = DIRECTION('',(1.450729249655E-14,-1.,0.));
#7934 = ORIENTED_EDGE('',*,*,#7935,.F.);
#7935 = EDGE_CURVE('',#7936,#7927,#7938,.T.);
#7936 = VERTEX_POINT('',#7937);
#7937 = CARTESIAN_POINT('',(-1.985585452295,-1.707994693766,
    1.399999964816));
#7938 = LINE('',#7939,#7940);
#7939 = CARTESIAN_POINT('',(-1.985585452295,-1.707994693766,
    1.399999964816));
#7940 = VECTOR('',#7941,1.);
#7941 = DIRECTION('',(1.,0.,0.));
#7942 = ORIENTED_EDGE('',*,*,#7943,.F.);
#7943 = EDGE_CURVE('',#7944,#7936,#7946,.T.);
#7944 = VERTEX_POINT('',#7945);
#7945 = CARTESIAN_POINT('',(-2.062114067427,-1.631466078635,
    1.399999964816));
#7946 = CIRCLE('',#7947,7.652861513131E-02);
#7947 = AXIS2_PLACEMENT_3D('',#7948,#7949,#7950);
#7948 = CARTESIAN_POINT('',(-1.985585452295,-1.631466078635,
    1.399999964816));
#7949 = DIRECTION('',(0.,0.,1.));
#7950 = DIRECTION('',(-1.,0.,0.));
#7951 = ORIENTED_EDGE('',*,*,#7952,.F.);
#7952 = EDGE_CURVE('',#7953,#7944,#7955,.T.);
#7953 = VERTEX_POINT('',#7954);
#7954 = CARTESIAN_POINT('',(-2.062114067427,-1.2950526119,1.399999964816
    ));
#7955 = LINE('',#7956,#7957);
#7956 = CARTESIAN_POINT('',(-2.062114067427,-1.2950526119,1.399999964816
    ));
#7957 = VECTOR('',#7958,1.);
#7958 = DIRECTION('',(0.,-1.,0.));
#7959 = ORIENTED_EDGE('',*,*,#7960,.F.);
#7960 = EDGE_CURVE('',#7961,#7953,#7963,.T.);
#7961 = VERTEX_POINT('',#7962);
#7962 = CARTESIAN_POINT('',(-2.152361079371,-1.204805599955,
    1.399999964816));
#7963 = CIRCLE('',#7964,9.024701194438E-02);
#7964 = AXIS2_PLACEMENT_3D('',#7965,#7966,#7967);
#7965 = CARTESIAN_POINT('',(-2.152361079371,-1.2950526119,1.399999964816
    ));
#7966 = DIRECTION('',(0.,0.,-1.));
#7967 = DIRECTION('',(-1.476245668611E-14,1.,0.));
#7968 = ORIENTED_EDGE('',*,*,#7969,.F.);
#7969 = EDGE_CURVE('',#7970,#7961,#7972,.T.);
#7970 = VERTEX_POINT('',#7971);
#7971 = CARTESIAN_POINT('',(-2.299999957409,-1.204805599955,
    1.399999964816));
#7972 = LINE('',#7973,#7974);
#7973 = CARTESIAN_POINT('',(-2.299999957409,-1.204805599955,
    1.399999964816));
#7974 = VECTOR('',#7975,1.);
#7975 = DIRECTION('',(1.,0.,0.));
#7976 = ORIENTED_EDGE('',*,*,#7977,.F.);
#7977 = EDGE_CURVE('',#7978,#7970,#7980,.T.);
#7978 = VERTEX_POINT('',#7979);
#7979 = CARTESIAN_POINT('',(-2.299999957409,0.538816161498,
    1.399999964816));
#7980 = LINE('',#7981,#7982);
#7981 = CARTESIAN_POINT('',(-2.299999957409,0.538816161498,
    1.399999964816));
#7982 = VECTOR('',#7983,1.);
#7983 = DIRECTION('',(0.,-1.,0.));
#7984 = ORIENTED_EDGE('',*,*,#7985,.F.);
#7985 = EDGE_CURVE('',#7986,#7978,#7988,.T.);
#7986 = VERTEX_POINT('',#7987);
#7987 = CARTESIAN_POINT('',(-2.152361079371,0.538816161498,
    1.399999964816));
#7988 = LINE('',#7989,#7990);
#7989 = CARTESIAN_POINT('',(-2.152361079371,0.538816161498,
    1.399999964816));
#7990 = VECTOR('',#7991,1.);
#7991 = DIRECTION('',(-1.,0.,0.));
#7992 = ORIENTED_EDGE('',*,*,#7993,.F.);
#7993 = EDGE_CURVE('',#7994,#7986,#7996,.T.);
#7994 = VERTEX_POINT('',#7995);
#7995 = CARTESIAN_POINT('',(-2.062114067427,0.629063173443,
    1.399999964816));
#7996 = CIRCLE('',#7997,9.024701194438E-02);
#7997 = AXIS2_PLACEMENT_3D('',#7998,#7999,#8000);
#7998 = CARTESIAN_POINT('',(-2.152361079371,0.629063173443,
    1.399999964816));
#7999 = DIRECTION('',(0.,0.,-1.));
#8000 = DIRECTION('',(1.,0.,0.));
#8001 = ORIENTED_EDGE('',*,*,#8002,.F.);
#8002 = EDGE_CURVE('',#8003,#7994,#8005,.T.);
#8003 = VERTEX_POINT('',#8004);
#8004 = CARTESIAN_POINT('',(-2.062114067427,0.965476640179,
    1.399999964816));
#8005 = LINE('',#8006,#8007);
#8006 = CARTESIAN_POINT('',(-2.062114067427,0.965476640179,
    1.399999964816));
#8007 = VECTOR('',#8008,1.);
#8008 = DIRECTION('',(0.,-1.,0.));
#8009 = ORIENTED_EDGE('',*,*,#8010,.F.);
#8010 = EDGE_CURVE('',#8011,#8003,#8013,.T.);
#8011 = VERTEX_POINT('',#8012);
#8012 = CARTESIAN_POINT('',(-1.985585452295,1.042005255309,
    1.399999964816));
#8013 = CIRCLE('',#8014,7.652861513131E-02);
#8014 = AXIS2_PLACEMENT_3D('',#8015,#8016,#8017);
#8015 = CARTESIAN_POINT('',(-1.985585452295,0.965476640179,
    1.399999964816));
#8016 = DIRECTION('',(0.,-0.,1.));
#8017 = DIRECTION('',(1.450729249655E-14,1.,0.));
#8018 = ORIENTED_EDGE('',*,*,#8019,.F.);
#8019 = EDGE_CURVE('',#8020,#8011,#8022,.T.);
#8020 = VERTEX_POINT('',#8021);
#8021 = CARTESIAN_POINT('',(1.985585452295,1.042005255309,1.399999964816
    ));
#8022 = LINE('',#8023,#8024);
#8023 = CARTESIAN_POINT('',(1.985585452295,1.042005255309,1.399999964816
    ));
#8024 = VECTOR('',#8025,1.);
#8025 = DIRECTION('',(-1.,0.,0.));
#8026 = ORIENTED_EDGE('',*,*,#8027,.F.);
#8027 = EDGE_CURVE('',#8028,#8020,#8030,.T.);
#8028 = VERTEX_POINT('',#8029);
#8029 = CARTESIAN_POINT('',(2.062114067427,0.965476640179,1.399999964816
    ));
#8030 = CIRCLE('',#8031,7.652861513131E-02);
#8031 = AXIS2_PLACEMENT_3D('',#8032,#8033,#8034);
#8032 = CARTESIAN_POINT('',(1.985585452295,0.965476640179,1.399999964816
    ));
#8033 = DIRECTION('',(0.,0.,1.));
#8034 = DIRECTION('',(1.,0.,0.));
#8035 = ORIENTED_EDGE('',*,*,#8036,.F.);
#8036 = EDGE_CURVE('',#7885,#8028,#8037,.T.);
#8037 = LINE('',#8038,#8039);
#8038 = CARTESIAN_POINT('',(2.062114067427,0.629063173443,1.399999964816
    ));
#8039 = VECTOR('',#8040,1.);
#8040 = DIRECTION('',(0.,1.,0.));
#8041 = ORIENTED_EDGE('',*,*,#7884,.F.);
#8042 = ORIENTED_EDGE('',*,*,#7581,.F.);
#8043 = PLANE('',#8044);
#8044 = AXIS2_PLACEMENT_3D('',#8045,#8046,#8047);
#8045 = CARTESIAN_POINT('',(0.,-0.332994719228,1.399999964816));
#8046 = DIRECTION('',(0.,0.,1.));
#8047 = DIRECTION('',(1.,0.,0.));
#8048 = ADVANCED_FACE('',(#8049),#8060,.F.);
#8049 = FACE_BOUND('',#8050,.F.);
#8050 = EDGE_LOOP('',(#8051,#8052,#8058,#8059));
#8051 = ORIENTED_EDGE('',*,*,#7866,.F.);
#8052 = ORIENTED_EDGE('',*,*,#8053,.T.);
#8053 = EDGE_CURVE('',#7859,#7910,#8054,.T.);
#8054 = LINE('',#8055,#8056);
#8055 = CARTESIAN_POINT('',(2.062114067427,-1.2950526119,1.249999967594)
  );
#8056 = VECTOR('',#8057,1.);
#8057 = DIRECTION('',(0.,0.,1.));
#8058 = ORIENTED_EDGE('',*,*,#7909,.T.);
#8059 = ORIENTED_EDGE('',*,*,#7656,.F.);
#8060 = CYLINDRICAL_SURFACE('',#8061,9.024701194438E-02);
#8061 = AXIS2_PLACEMENT_3D('',#8062,#8063,#8064);
#8062 = CARTESIAN_POINT('',(2.152361079371,-1.2950526119,1.249999967594)
  );
#8063 = DIRECTION('',(0.,0.,1.));
#8064 = DIRECTION('',(1.,0.,0.));
#8065 = ADVANCED_FACE('',(#8066),#8077,.T.);
#8066 = FACE_BOUND('',#8067,.F.);
#8067 = EDGE_LOOP('',(#8068,#8069,#8075,#8076));
#8068 = ORIENTED_EDGE('',*,*,#7858,.F.);
#8069 = ORIENTED_EDGE('',*,*,#8070,.T.);
#8070 = EDGE_CURVE('',#7850,#7919,#8071,.T.);
#8071 = LINE('',#8072,#8073);
#8072 = CARTESIAN_POINT('',(2.062114067427,-1.631466078635,
    1.249999967594));
#8073 = VECTOR('',#8074,1.);
#8074 = DIRECTION('',(0.,0.,1.));
#8075 = ORIENTED_EDGE('',*,*,#7918,.T.);
#8076 = ORIENTED_EDGE('',*,*,#8053,.F.);
#8077 = PLANE('',#8078);
#8078 = AXIS2_PLACEMENT_3D('',#8079,#8080,#8081);
#8079 = CARTESIAN_POINT('',(2.062114067427,-1.631466078635,
    1.249999967594));
#8080 = DIRECTION('',(1.,0.,0.));
#8081 = DIRECTION('',(0.,1.,0.));
#8082 = ADVANCED_FACE('',(#8083),#8094,.T.);
#8083 = FACE_BOUND('',#8084,.T.);
#8084 = EDGE_LOOP('',(#8085,#8086,#8087,#8093));
#8085 = ORIENTED_EDGE('',*,*,#8070,.T.);
#8086 = ORIENTED_EDGE('',*,*,#7926,.F.);
#8087 = ORIENTED_EDGE('',*,*,#8088,.F.);
#8088 = EDGE_CURVE('',#7842,#7927,#8089,.T.);
#8089 = LINE('',#8090,#8091);
#8090 = CARTESIAN_POINT('',(1.985585452295,-1.707994693766,
    1.249999967594));
#8091 = VECTOR('',#8092,1.);
#8092 = DIRECTION('',(0.,0.,1.));
#8093 = ORIENTED_EDGE('',*,*,#7849,.T.);
#8094 = CYLINDRICAL_SURFACE('',#8095,7.652861513131E-02);
#8095 = AXIS2_PLACEMENT_3D('',#8096,#8097,#8098);
#8096 = CARTESIAN_POINT('',(1.985585452295,-1.631466078635,
    1.249999967594));
#8097 = DIRECTION('',(0.,0.,1.));
#8098 = DIRECTION('',(1.,0.,0.));
#8099 = ADVANCED_FACE('',(#8100),#8111,.T.);
#8100 = FACE_BOUND('',#8101,.F.);
#8101 = EDGE_LOOP('',(#8102,#8103,#8109,#8110));
#8102 = ORIENTED_EDGE('',*,*,#7841,.F.);
#8103 = ORIENTED_EDGE('',*,*,#8104,.T.);
#8104 = EDGE_CURVE('',#7833,#7936,#8105,.T.);
#8105 = LINE('',#8106,#8107);
#8106 = CARTESIAN_POINT('',(-1.985585452295,-1.707994693766,
    1.249999967594));
#8107 = VECTOR('',#8108,1.);
#8108 = DIRECTION('',(0.,0.,1.));
#8109 = ORIENTED_EDGE('',*,*,#7935,.T.);
#8110 = ORIENTED_EDGE('',*,*,#8088,.F.);
#8111 = PLANE('',#8112);
#8112 = AXIS2_PLACEMENT_3D('',#8113,#8114,#8115);
#8113 = CARTESIAN_POINT('',(-1.985585452295,-1.707994693766,
    1.249999967594));
#8114 = DIRECTION('',(0.,-1.,0.));
#8115 = DIRECTION('',(1.,0.,0.));
#8116 = ADVANCED_FACE('',(#8117),#8128,.T.);
#8117 = FACE_BOUND('',#8118,.T.);
#8118 = EDGE_LOOP('',(#8119,#8120,#8121,#8127));
#8119 = ORIENTED_EDGE('',*,*,#8104,.T.);
#8120 = ORIENTED_EDGE('',*,*,#7943,.F.);
#8121 = ORIENTED_EDGE('',*,*,#8122,.F.);
#8122 = EDGE_CURVE('',#7825,#7944,#8123,.T.);
#8123 = LINE('',#8124,#8125);
#8124 = CARTESIAN_POINT('',(-2.062114067427,-1.631466078635,
    1.249999967594));
#8125 = VECTOR('',#8126,1.);
#8126 = DIRECTION('',(0.,0.,1.));
#8127 = ORIENTED_EDGE('',*,*,#7832,.T.);
#8128 = CYLINDRICAL_SURFACE('',#8129,7.652861513131E-02);
#8129 = AXIS2_PLACEMENT_3D('',#8130,#8131,#8132);
#8130 = CARTESIAN_POINT('',(-1.985585452295,-1.631466078635,
    1.249999967594));
#8131 = DIRECTION('',(0.,0.,1.));
#8132 = DIRECTION('',(1.,0.,0.));
#8133 = ADVANCED_FACE('',(#8134),#8145,.T.);
#8134 = FACE_BOUND('',#8135,.F.);
#8135 = EDGE_LOOP('',(#8136,#8137,#8143,#8144));
#8136 = ORIENTED_EDGE('',*,*,#7824,.F.);
#8137 = ORIENTED_EDGE('',*,*,#8138,.T.);
#8138 = EDGE_CURVE('',#7816,#7953,#8139,.T.);
#8139 = LINE('',#8140,#8141);
#8140 = CARTESIAN_POINT('',(-2.062114067427,-1.2950526119,1.249999967594
    ));
#8141 = VECTOR('',#8142,1.);
#8142 = DIRECTION('',(0.,0.,1.));
#8143 = ORIENTED_EDGE('',*,*,#7952,.T.);
#8144 = ORIENTED_EDGE('',*,*,#8122,.F.);
#8145 = PLANE('',#8146);
#8146 = AXIS2_PLACEMENT_3D('',#8147,#8148,#8149);
#8147 = CARTESIAN_POINT('',(-2.062114067427,-1.2950526119,1.249999967594
    ));
#8148 = DIRECTION('',(-1.,0.,0.));
#8149 = DIRECTION('',(0.,-1.,0.));
#8150 = ADVANCED_FACE('',(#8151),#8162,.F.);
#8151 = FACE_BOUND('',#8152,.F.);
#8152 = EDGE_LOOP('',(#8153,#8154,#8160,#8161));
#8153 = ORIENTED_EDGE('',*,*,#7815,.F.);
#8154 = ORIENTED_EDGE('',*,*,#8155,.T.);
#8155 = EDGE_CURVE('',#7808,#7961,#8156,.T.);
#8156 = LINE('',#8157,#8158);
#8157 = CARTESIAN_POINT('',(-2.152361079371,-1.204805599955,
    1.249999967594));
#8158 = VECTOR('',#8159,1.);
#8159 = DIRECTION('',(0.,0.,1.));
#8160 = ORIENTED_EDGE('',*,*,#7960,.T.);
#8161 = ORIENTED_EDGE('',*,*,#8138,.F.);
#8162 = CYLINDRICAL_SURFACE('',#8163,9.024701194438E-02);
#8163 = AXIS2_PLACEMENT_3D('',#8164,#8165,#8166);
#8164 = CARTESIAN_POINT('',(-2.152361079371,-1.2950526119,1.249999967594
    ));
#8165 = DIRECTION('',(0.,0.,1.));
#8166 = DIRECTION('',(1.,0.,0.));
#8167 = ADVANCED_FACE('',(#8168),#8204,.T.);
#8168 = FACE_BOUND('',#8169,.F.);
#8169 = EDGE_LOOP('',(#8170,#8179,#8180,#8181,#8182,#8190,#8198));
#8170 = ORIENTED_EDGE('',*,*,#8171,.F.);
#8171 = EDGE_CURVE('',#7970,#8172,#8174,.T.);
#8172 = VERTEX_POINT('',#8173);
#8173 = CARTESIAN_POINT('',(-2.499999953705,-1.204805599955,
    1.199999968519));
#8174 = CIRCLE('',#8175,0.199999996296);
#8175 = AXIS2_PLACEMENT_3D('',#8176,#8177,#8178);
#8176 = CARTESIAN_POINT('',(-2.299999957409,-1.204805599955,
    1.199999968519));
#8177 = DIRECTION('',(0.,-1.,0.));
#8178 = DIRECTION('',(0.,0.,1.));
#8179 = ORIENTED_EDGE('',*,*,#7969,.T.);
#8180 = ORIENTED_EDGE('',*,*,#8155,.F.);
#8181 = ORIENTED_EDGE('',*,*,#7807,.F.);
#8182 = ORIENTED_EDGE('',*,*,#8183,.F.);
#8183 = EDGE_CURVE('',#8184,#7800,#8186,.T.);
#8184 = VERTEX_POINT('',#8185);
#8185 = CARTESIAN_POINT('',(-2.349999956483,-1.204805599955,
    0.749999976853));
#8186 = LINE('',#8187,#8188);
#8187 = CARTESIAN_POINT('',(-2.349999956483,-1.204805599955,
    0.749999976853));
#8188 = VECTOR('',#8189,1.);
#8189 = DIRECTION('',(0.,0.,1.));
#8190 = ORIENTED_EDGE('',*,*,#8191,.F.);
#8191 = EDGE_CURVE('',#8192,#8184,#8194,.T.);
#8192 = VERTEX_POINT('',#8193);
#8193 = CARTESIAN_POINT('',(-2.499999953705,-1.204805599955,
    0.749999976853));
#8194 = LINE('',#8195,#8196);
#8195 = CARTESIAN_POINT('',(-2.499999953705,-1.204805599955,
    0.749999976853));
#8196 = VECTOR('',#8197,1.);
#8197 = DIRECTION('',(1.,0.,0.));
#8198 = ORIENTED_EDGE('',*,*,#8199,.T.);
#8199 = EDGE_CURVE('',#8192,#8172,#8200,.T.);
#8200 = LINE('',#8201,#8202);
#8201 = CARTESIAN_POINT('',(-2.499999953705,-1.204805599955,
    0.749999976853));
#8202 = VECTOR('',#8203,1.);
#8203 = DIRECTION('',(0.,0.,1.));
#8204 = PLANE('',#8205);
#8205 = AXIS2_PLACEMENT_3D('',#8206,#8207,#8208);
#8206 = CARTESIAN_POINT('',(-2.499999953705,-1.204805599955,
    1.249999967594));
#8207 = DIRECTION('',(0.,-1.,0.));
#8208 = DIRECTION('',(1.,0.,0.));
#8209 = ADVANCED_FACE('',(#8210),#8229,.T.);
#8210 = FACE_BOUND('',#8211,.T.);
#8211 = EDGE_LOOP('',(#8212,#8213,#8222,#8228));
#8212 = ORIENTED_EDGE('',*,*,#7977,.F.);
#8213 = ORIENTED_EDGE('',*,*,#8214,.F.);
#8214 = EDGE_CURVE('',#8215,#7978,#8217,.T.);
#8215 = VERTEX_POINT('',#8216);
#8216 = CARTESIAN_POINT('',(-2.499999953705,0.538816161498,
    1.199999968519));
#8217 = CIRCLE('',#8218,0.199999996296);
#8218 = AXIS2_PLACEMENT_3D('',#8219,#8220,#8221);
#8219 = CARTESIAN_POINT('',(-2.299999957409,0.538816161498,
    1.199999968519));
#8220 = DIRECTION('',(0.,1.,-0.));
#8221 = DIRECTION('',(-1.,0.,0.));
#8222 = ORIENTED_EDGE('',*,*,#8223,.T.);
#8223 = EDGE_CURVE('',#8215,#8172,#8224,.T.);
#8224 = LINE('',#8225,#8226);
#8225 = CARTESIAN_POINT('',(-2.499999953705,0.538816161498,
    1.199999968519));
#8226 = VECTOR('',#8227,1.);
#8227 = DIRECTION('',(0.,-1.,0.));
#8228 = ORIENTED_EDGE('',*,*,#8171,.F.);
#8229 = CYLINDRICAL_SURFACE('',#8230,0.199999996296);
#8230 = AXIS2_PLACEMENT_3D('',#8231,#8232,#8233);
#8231 = CARTESIAN_POINT('',(-2.299999957409,6.582305152714,
    1.199999968519));
#8232 = DIRECTION('',(0.,-1.,0.));
#8233 = DIRECTION('',(0.,0.,1.));
#8234 = ADVANCED_FACE('',(#8235),#8317,.T.);
#8235 = FACE_BOUND('',#8236,.F.);
#8236 = EDGE_LOOP('',(#8237,#8247,#8255,#8263,#8271,#8279,#8287,#8295,
    #8301,#8302,#8303,#8311));
#8237 = ORIENTED_EDGE('',*,*,#8238,.T.);
#8238 = EDGE_CURVE('',#8239,#8241,#8243,.T.);
#8239 = VERTEX_POINT('',#8240);
#8240 = CARTESIAN_POINT('',(-2.499999953705,-1.632994695155,
    0.249999986112));
#8241 = VERTEX_POINT('',#8242);
#8242 = CARTESIAN_POINT('',(-2.499999953705,-1.232994702562,
    0.249999986112));
#8243 = LINE('',#8244,#8245);
#8244 = CARTESIAN_POINT('',(-2.499999953705,-1.632994695155,
    0.249999986112));
#8245 = VECTOR('',#8246,1.);
#8246 = DIRECTION('',(0.,1.,0.));
#8247 = ORIENTED_EDGE('',*,*,#8248,.T.);
#8248 = EDGE_CURVE('',#8241,#8249,#8251,.T.);
#8249 = VERTEX_POINT('',#8250);
#8250 = CARTESIAN_POINT('',(-2.499999953705,-1.232994702562,
    0.199999987037));
#8251 = LINE('',#8252,#8253);
#8252 = CARTESIAN_POINT('',(-2.499999953705,-1.232994702562,
    0.249999986112));
#8253 = VECTOR('',#8254,1.);
#8254 = DIRECTION('',(0.,-1.7763568394E-14,-1.));
#8255 = ORIENTED_EDGE('',*,*,#8256,.F.);
#8256 = EDGE_CURVE('',#8257,#8249,#8259,.T.);
#8257 = VERTEX_POINT('',#8258);
#8258 = CARTESIAN_POINT('',(-2.499999953705,0.567005264105,
    0.199999987037));
#8259 = LINE('',#8260,#8261);
#8260 = CARTESIAN_POINT('',(-2.499999953705,0.567005264105,
    0.199999987037));
#8261 = VECTOR('',#8262,1.);
#8262 = DIRECTION('',(0.,-1.,0.));
#8263 = ORIENTED_EDGE('',*,*,#8264,.F.);
#8264 = EDGE_CURVE('',#8265,#8257,#8267,.T.);
#8265 = VERTEX_POINT('',#8266);
#8266 = CARTESIAN_POINT('',(-2.499999953705,0.567005264105,
    0.249999986112));
#8267 = LINE('',#8268,#8269);
#8268 = CARTESIAN_POINT('',(-2.499999953705,0.567005264105,
    0.249999986112));
#8269 = VECTOR('',#8270,1.);
#8270 = DIRECTION('',(0.,0.,-1.));
#8271 = ORIENTED_EDGE('',*,*,#8272,.T.);
#8272 = EDGE_CURVE('',#8265,#8273,#8275,.T.);
#8273 = VERTEX_POINT('',#8274);
#8274 = CARTESIAN_POINT('',(-2.499999953705,0.967005256698,
    0.249999986112));
#8275 = LINE('',#8276,#8277);
#8276 = CARTESIAN_POINT('',(-2.499999953705,0.567005264105,
    0.249999986112));
#8277 = VECTOR('',#8278,1.);
#8278 = DIRECTION('',(0.,1.,0.));
#8279 = ORIENTED_EDGE('',*,*,#8280,.F.);
#8280 = EDGE_CURVE('',#8281,#8273,#8283,.T.);
#8281 = VERTEX_POINT('',#8282);
#8282 = CARTESIAN_POINT('',(-2.499999953705,0.967005256698,
    0.749999976853));
#8283 = LINE('',#8284,#8285);
#8284 = CARTESIAN_POINT('',(-2.499999953705,0.967005256698,
    0.749999976853));
#8285 = VECTOR('',#8286,1.);
#8286 = DIRECTION('',(0.,0.,-1.));
#8287 = ORIENTED_EDGE('',*,*,#8288,.F.);
#8288 = EDGE_CURVE('',#8289,#8281,#8291,.T.);
#8289 = VERTEX_POINT('',#8290);
#8290 = CARTESIAN_POINT('',(-2.499999953705,0.538816161498,
    0.749999976853));
#8291 = LINE('',#8292,#8293);
#8292 = CARTESIAN_POINT('',(-2.499999953705,0.538816161498,
    0.749999976853));
#8293 = VECTOR('',#8294,1.);
#8294 = DIRECTION('',(0.,1.,0.));
#8295 = ORIENTED_EDGE('',*,*,#8296,.F.);
#8296 = EDGE_CURVE('',#8215,#8289,#8297,.T.);
#8297 = LINE('',#8298,#8299);
#8298 = CARTESIAN_POINT('',(-2.499999953705,0.538816161498,
    1.199999968519));
#8299 = VECTOR('',#8300,1.);
#8300 = DIRECTION('',(0.,0.,-1.));
#8301 = ORIENTED_EDGE('',*,*,#8223,.T.);
#8302 = ORIENTED_EDGE('',*,*,#8199,.F.);
#8303 = ORIENTED_EDGE('',*,*,#8304,.F.);
#8304 = EDGE_CURVE('',#8305,#8192,#8307,.T.);
#8305 = VERTEX_POINT('',#8306);
#8306 = CARTESIAN_POINT('',(-2.499999953705,-1.632994695155,
    0.749999976853));
#8307 = LINE('',#8308,#8309);
#8308 = CARTESIAN_POINT('',(-2.499999953705,-1.632994695155,
    0.749999976853));
#8309 = VECTOR('',#8310,1.);
#8310 = DIRECTION('',(0.,1.,0.));
#8311 = ORIENTED_EDGE('',*,*,#8312,.F.);
#8312 = EDGE_CURVE('',#8239,#8305,#8313,.T.);
#8313 = LINE('',#8314,#8315);
#8314 = CARTESIAN_POINT('',(-2.499999953705,-1.632994695155,
    0.249999986112));
#8315 = VECTOR('',#8316,1.);
#8316 = DIRECTION('',(0.,0.,1.));
#8317 = PLANE('',#8318);
#8318 = AXIS2_PLACEMENT_3D('',#8319,#8320,#8321);
#8319 = CARTESIAN_POINT('',(-2.499999953705,0.538816161498,
    1.249999967594));
#8320 = DIRECTION('',(-1.,0.,0.));
#8321 = DIRECTION('',(0.,-1.,0.));
#8322 = ADVANCED_FACE('',(#8323),#8350,.F.);
#8323 = FACE_BOUND('',#8324,.F.);
#8324 = EDGE_LOOP('',(#8325,#8335,#8342,#8343));
#8325 = ORIENTED_EDGE('',*,*,#8326,.T.);
#8326 = EDGE_CURVE('',#8327,#8329,#8331,.T.);
#8327 = VERTEX_POINT('',#8328);
#8328 = CARTESIAN_POINT('',(-2.599999951853,-1.632994695155,
    0.149999987963));
#8329 = VERTEX_POINT('',#8330);
#8330 = CARTESIAN_POINT('',(-2.599999951853,-1.232994702562,
    0.149999987963));
#8331 = LINE('',#8332,#8333);
#8332 = CARTESIAN_POINT('',(-2.599999951853,-1.632994695155,
    0.149999987963));
#8333 = VECTOR('',#8334,1.);
#8334 = DIRECTION('',(0.,1.,0.));
#8335 = ORIENTED_EDGE('',*,*,#8336,.F.);
#8336 = EDGE_CURVE('',#8241,#8329,#8337,.T.);
#8337 = CIRCLE('',#8338,9.999999814821E-02);
#8338 = AXIS2_PLACEMENT_3D('',#8339,#8340,#8341);
#8339 = CARTESIAN_POINT('',(-2.599999951853,-1.232994702562,
    0.249999986112));
#8340 = DIRECTION('',(-0.,1.,0.));
#8341 = DIRECTION('',(1.,0.,0.));
#8342 = ORIENTED_EDGE('',*,*,#8238,.F.);
#8343 = ORIENTED_EDGE('',*,*,#8344,.T.);
#8344 = EDGE_CURVE('',#8239,#8327,#8345,.T.);
#8345 = CIRCLE('',#8346,9.999999814821E-02);
#8346 = AXIS2_PLACEMENT_3D('',#8347,#8348,#8349);
#8347 = CARTESIAN_POINT('',(-2.599999951853,-1.632994695155,
    0.249999986112));
#8348 = DIRECTION('',(-0.,1.,0.));
#8349 = DIRECTION('',(1.,0.,0.));
#8350 = CYLINDRICAL_SURFACE('',#8351,9.999999814821E-02);
#8351 = AXIS2_PLACEMENT_3D('',#8352,#8353,#8354);
#8352 = CARTESIAN_POINT('',(-2.599999951853,-8.748294563394,
    0.249999986112));
#8353 = DIRECTION('',(0.,1.,0.));
#8354 = DIRECTION('',(1.,0.,0.));
#8355 = ADVANCED_FACE('',(#8356),#8381,.F.);
#8356 = FACE_BOUND('',#8357,.F.);
#8357 = EDGE_LOOP('',(#8358,#8359,#8367,#8375));
#8358 = ORIENTED_EDGE('',*,*,#8326,.F.);
#8359 = ORIENTED_EDGE('',*,*,#8360,.T.);
#8360 = EDGE_CURVE('',#8327,#8361,#8363,.T.);
#8361 = VERTEX_POINT('',#8362);
#8362 = CARTESIAN_POINT('',(-2.999999944446,-1.632994695155,
    0.149999987963));
#8363 = LINE('',#8364,#8365);
#8364 = CARTESIAN_POINT('',(-2.599999951853,-1.632994695155,
    0.149999987963));
#8365 = VECTOR('',#8366,1.);
#8366 = DIRECTION('',(-1.,3.885780586188E-14,0.));
#8367 = ORIENTED_EDGE('',*,*,#8368,.T.);
#8368 = EDGE_CURVE('',#8361,#8369,#8371,.T.);
#8369 = VERTEX_POINT('',#8370);
#8370 = CARTESIAN_POINT('',(-2.999999944446,-1.232994702562,
    0.149999987963));
#8371 = LINE('',#8372,#8373);
#8372 = CARTESIAN_POINT('',(-2.999999944446,-1.632994695155,
    0.149999987963));
#8373 = VECTOR('',#8374,1.);
#8374 = DIRECTION('',(0.,1.,0.));
#8375 = ORIENTED_EDGE('',*,*,#8376,.T.);
#8376 = EDGE_CURVE('',#8369,#8329,#8377,.T.);
#8377 = LINE('',#8378,#8379);
#8378 = CARTESIAN_POINT('',(-2.999999944446,-1.232994702562,
    0.149999987963));
#8379 = VECTOR('',#8380,1.);
#8380 = DIRECTION('',(1.,-3.996802888651E-14,0.));
#8381 = PLANE('',#8382);
#8382 = AXIS2_PLACEMENT_3D('',#8383,#8384,#8385);
#8383 = CARTESIAN_POINT('',(-2.349999956483,-0.332994719228,
    0.149999987963));
#8384 = DIRECTION('',(0.,0.,-1.));
#8385 = DIRECTION('',(-1.,0.,0.));
#8386 = ADVANCED_FACE('',(#8387),#8421,.F.);
#8387 = FACE_BOUND('',#8388,.F.);
#8388 = EDGE_LOOP('',(#8389,#8399,#8407,#8415));
#8389 = ORIENTED_EDGE('',*,*,#8390,.F.);
#8390 = EDGE_CURVE('',#8391,#8393,#8395,.T.);
#8391 = VERTEX_POINT('',#8392);
#8392 = CARTESIAN_POINT('',(-2.599999951853,0.567005264105,
    0.149999987963));
#8393 = VERTEX_POINT('',#8394);
#8394 = CARTESIAN_POINT('',(-2.599999951853,0.967005256698,
    0.149999987963));
#8395 = LINE('',#8396,#8397);
#8396 = CARTESIAN_POINT('',(-2.599999951853,0.567005264105,
    0.149999987963));
#8397 = VECTOR('',#8398,1.);
#8398 = DIRECTION('',(0.,1.,0.));
#8399 = ORIENTED_EDGE('',*,*,#8400,.T.);
#8400 = EDGE_CURVE('',#8391,#8401,#8403,.T.);
#8401 = VERTEX_POINT('',#8402);
#8402 = CARTESIAN_POINT('',(-2.999999944446,0.567005264105,
    0.149999987963));
#8403 = LINE('',#8404,#8405);
#8404 = CARTESIAN_POINT('',(-2.599999951853,0.567005264105,
    0.149999987963));
#8405 = VECTOR('',#8406,1.);
#8406 = DIRECTION('',(-1.,0.,0.));
#8407 = ORIENTED_EDGE('',*,*,#8408,.T.);
#8408 = EDGE_CURVE('',#8401,#8409,#8411,.T.);
#8409 = VERTEX_POINT('',#8410);
#8410 = CARTESIAN_POINT('',(-2.999999944446,0.967005256698,
    0.149999987963));
#8411 = LINE('',#8412,#8413);
#8412 = CARTESIAN_POINT('',(-2.999999944446,0.567005264105,
    0.149999987963));
#8413 = VECTOR('',#8414,1.);
#8414 = DIRECTION('',(0.,1.,0.));
#8415 = ORIENTED_EDGE('',*,*,#8416,.T.);
#8416 = EDGE_CURVE('',#8409,#8393,#8417,.T.);
#8417 = LINE('',#8418,#8419);
#8418 = CARTESIAN_POINT('',(-2.999999944446,0.967005256698,
    0.149999987963));
#8419 = VECTOR('',#8420,1.);
#8420 = DIRECTION('',(1.,0.,0.));
#8421 = PLANE('',#8422);
#8422 = AXIS2_PLACEMENT_3D('',#8423,#8424,#8425);
#8423 = CARTESIAN_POINT('',(-2.349999956483,-0.332994719228,
    0.149999987963));
#8424 = DIRECTION('',(0.,0.,-1.));
#8425 = DIRECTION('',(-1.,0.,0.));
#8426 = ADVANCED_FACE('',(#8427),#8471,.T.);
#8427 = FACE_BOUND('',#8428,.F.);
#8428 = EDGE_LOOP('',(#8429,#8430,#8431,#8432,#8440,#8448,#8457,#8465));
#8429 = ORIENTED_EDGE('',*,*,#8360,.F.);
#8430 = ORIENTED_EDGE('',*,*,#8344,.F.);
#8431 = ORIENTED_EDGE('',*,*,#8312,.T.);
#8432 = ORIENTED_EDGE('',*,*,#8433,.T.);
#8433 = EDGE_CURVE('',#8305,#8434,#8436,.T.);
#8434 = VERTEX_POINT('',#8435);
#8435 = CARTESIAN_POINT('',(-2.349999956483,-1.632994695155,
    0.749999976853));
#8436 = LINE('',#8437,#8438);
#8437 = CARTESIAN_POINT('',(-2.499999953705,-1.632994695155,
    0.749999976853));
#8438 = VECTOR('',#8439,1.);
#8439 = DIRECTION('',(1.,0.,0.));
#8440 = ORIENTED_EDGE('',*,*,#8441,.F.);
#8441 = EDGE_CURVE('',#8442,#8434,#8444,.T.);
#8442 = VERTEX_POINT('',#8443);
#8443 = CARTESIAN_POINT('',(-2.349999956483,-1.632994695155,
    0.199999987037));
#8444 = LINE('',#8445,#8446);
#8445 = CARTESIAN_POINT('',(-2.349999956483,-1.632994695155,
    0.199999987037));
#8446 = VECTOR('',#8447,1.);
#8447 = DIRECTION('',(0.,0.,1.));
#8448 = ORIENTED_EDGE('',*,*,#8449,.F.);
#8449 = EDGE_CURVE('',#8450,#8442,#8452,.T.);
#8450 = VERTEX_POINT('',#8451);
#8451 = CARTESIAN_POINT('',(-2.549999952779,-1.632994695155,
    -9.258973643345E-09));
#8452 = CIRCLE('',#8453,0.199999996296);
#8453 = AXIS2_PLACEMENT_3D('',#8454,#8455,#8456);
#8454 = CARTESIAN_POINT('',(-2.549999952779,-1.632994695155,
    0.199999987037));
#8455 = DIRECTION('',(0.,-1.,0.));
#8456 = DIRECTION('',(0.,0.,-1.));
#8457 = ORIENTED_EDGE('',*,*,#8458,.T.);
#8458 = EDGE_CURVE('',#8450,#8459,#8461,.T.);
#8459 = VERTEX_POINT('',#8460);
#8460 = CARTESIAN_POINT('',(-2.999999944446,-1.632994695155,
    -9.258973643345E-09));
#8461 = LINE('',#8462,#8463);
#8462 = CARTESIAN_POINT('',(-2.549999952779,-1.632994695155,
    -9.258973643345E-09));
#8463 = VECTOR('',#8464,1.);
#8464 = DIRECTION('',(-1.,3.454027187723E-14,0.));
#8465 = ORIENTED_EDGE('',*,*,#8466,.T.);
#8466 = EDGE_CURVE('',#8459,#8361,#8467,.T.);
#8467 = LINE('',#8468,#8469);
#8468 = CARTESIAN_POINT('',(-2.999999944446,-1.632994695155,
    -9.258973643345E-09));
#8469 = VECTOR('',#8470,1.);
#8470 = DIRECTION('',(0.,0.,1.));
#8471 = PLANE('',#8472);
#8472 = AXIS2_PLACEMENT_3D('',#8473,#8474,#8475);
#8473 = CARTESIAN_POINT('',(-2.499999953705,-1.632994695155,
    -9.258973643345E-09));
#8474 = DIRECTION('',(0.,-1.,0.));
#8475 = DIRECTION('',(0.,0.,1.));
#8476 = ADVANCED_FACE('',(#8477),#8488,.T.);
#8477 = FACE_BOUND('',#8478,.F.);
#8478 = EDGE_LOOP('',(#8479,#8480,#8481,#8487));
#8479 = ORIENTED_EDGE('',*,*,#8304,.T.);
#8480 = ORIENTED_EDGE('',*,*,#8191,.T.);
#8481 = ORIENTED_EDGE('',*,*,#8482,.F.);
#8482 = EDGE_CURVE('',#8434,#8184,#8483,.T.);
#8483 = LINE('',#8484,#8485);
#8484 = CARTESIAN_POINT('',(-2.349999956483,-1.632994695155,
    0.749999976853));
#8485 = VECTOR('',#8486,1.);
#8486 = DIRECTION('',(0.,1.,0.));
#8487 = ORIENTED_EDGE('',*,*,#8433,.F.);
#8488 = PLANE('',#8489);
#8489 = AXIS2_PLACEMENT_3D('',#8490,#8491,#8492);
#8490 = CARTESIAN_POINT('',(-2.499999953705,-1.632994695155,
    0.749999976853));
#8491 = DIRECTION('',(0.,0.,1.));
#8492 = DIRECTION('',(0.,1.,0.));
#8493 = ADVANCED_FACE('',(#8494),#8546,.F.);
#8494 = FACE_BOUND('',#8495,.F.);
#8495 = EDGE_LOOP('',(#8496,#8504,#8505,#8506,#8507,#8508,#8516,#8524,
    #8532,#8540));
#8496 = ORIENTED_EDGE('',*,*,#8497,.F.);
#8497 = EDGE_CURVE('',#8442,#8498,#8500,.T.);
#8498 = VERTEX_POINT('',#8499);
#8499 = CARTESIAN_POINT('',(-2.349999956483,-1.232994702562,
    0.199999987037));
#8500 = LINE('',#8501,#8502);
#8501 = CARTESIAN_POINT('',(-2.349999956483,-1.632994695155,
    0.199999987037));
#8502 = VECTOR('',#8503,1.);
#8503 = DIRECTION('',(0.,1.,0.));
#8504 = ORIENTED_EDGE('',*,*,#8441,.T.);
#8505 = ORIENTED_EDGE('',*,*,#8482,.T.);
#8506 = ORIENTED_EDGE('',*,*,#8183,.T.);
#8507 = ORIENTED_EDGE('',*,*,#7799,.F.);
#8508 = ORIENTED_EDGE('',*,*,#8509,.T.);
#8509 = EDGE_CURVE('',#7792,#8510,#8512,.T.);
#8510 = VERTEX_POINT('',#8511);
#8511 = CARTESIAN_POINT('',(-2.349999956483,0.538816161498,
    0.749999976853));
#8512 = LINE('',#8513,#8514);
#8513 = CARTESIAN_POINT('',(-2.349999956483,0.538816161498,
    1.249999967594));
#8514 = VECTOR('',#8515,1.);
#8515 = DIRECTION('',(0.,0.,-1.));
#8516 = ORIENTED_EDGE('',*,*,#8517,.T.);
#8517 = EDGE_CURVE('',#8510,#8518,#8520,.T.);
#8518 = VERTEX_POINT('',#8519);
#8519 = CARTESIAN_POINT('',(-2.349999956483,0.967005256698,
    0.749999976853));
#8520 = LINE('',#8521,#8522);
#8521 = CARTESIAN_POINT('',(-2.349999956483,0.538816161498,
    0.749999976853));
#8522 = VECTOR('',#8523,1.);
#8523 = DIRECTION('',(0.,1.,0.));
#8524 = ORIENTED_EDGE('',*,*,#8525,.T.);
#8525 = EDGE_CURVE('',#8518,#8526,#8528,.T.);
#8526 = VERTEX_POINT('',#8527);
#8527 = CARTESIAN_POINT('',(-2.349999956483,0.967005256698,
    0.199999987037));
#8528 = LINE('',#8529,#8530);
#8529 = CARTESIAN_POINT('',(-2.349999956483,0.967005256698,
    0.749999976853));
#8530 = VECTOR('',#8531,1.);
#8531 = DIRECTION('',(0.,0.,-1.));
#8532 = ORIENTED_EDGE('',*,*,#8533,.F.);
#8533 = EDGE_CURVE('',#8534,#8526,#8536,.T.);
#8534 = VERTEX_POINT('',#8535);
#8535 = CARTESIAN_POINT('',(-2.349999956483,0.567005264105,
    0.199999987037));
#8536 = LINE('',#8537,#8538);
#8537 = CARTESIAN_POINT('',(-2.349999956483,0.567005264105,
    0.199999987037));
#8538 = VECTOR('',#8539,1.);
#8539 = DIRECTION('',(0.,1.,0.));
#8540 = ORIENTED_EDGE('',*,*,#8541,.T.);
#8541 = EDGE_CURVE('',#8534,#8498,#8542,.T.);
#8542 = LINE('',#8543,#8544);
#8543 = CARTESIAN_POINT('',(-2.349999956483,0.567005264105,
    0.199999987037));
#8544 = VECTOR('',#8545,1.);
#8545 = DIRECTION('',(0.,-1.,0.));
#8546 = PLANE('',#8547);
#8547 = AXIS2_PLACEMENT_3D('',#8548,#8549,#8550);
#8548 = CARTESIAN_POINT('',(-2.349999956483,-0.332994719228,
    1.249999967594));
#8549 = DIRECTION('',(-1.,0.,0.));
#8550 = DIRECTION('',(0.,-1.,0.));
#8551 = ADVANCED_FACE('',(#8552),#8571,.T.);
#8552 = FACE_BOUND('',#8553,.T.);
#8553 = EDGE_LOOP('',(#8554,#8562,#8569,#8570));
#8554 = ORIENTED_EDGE('',*,*,#8555,.T.);
#8555 = EDGE_CURVE('',#8450,#8556,#8558,.T.);
#8556 = VERTEX_POINT('',#8557);
#8557 = CARTESIAN_POINT('',(-2.549999952779,-1.232994702562,
    -9.258973643345E-09));
#8558 = LINE('',#8559,#8560);
#8559 = CARTESIAN_POINT('',(-2.549999952779,-1.632994695155,
    -9.258973643345E-09));
#8560 = VECTOR('',#8561,1.);
#8561 = DIRECTION('',(0.,1.,0.));
#8562 = ORIENTED_EDGE('',*,*,#8563,.T.);
#8563 = EDGE_CURVE('',#8556,#8498,#8564,.T.);
#8564 = CIRCLE('',#8565,0.199999996296);
#8565 = AXIS2_PLACEMENT_3D('',#8566,#8567,#8568);
#8566 = CARTESIAN_POINT('',(-2.549999952779,-1.232994702562,
    0.199999987037));
#8567 = DIRECTION('',(0.,-1.,0.));
#8568 = DIRECTION('',(0.,0.,-1.));
#8569 = ORIENTED_EDGE('',*,*,#8497,.F.);
#8570 = ORIENTED_EDGE('',*,*,#8449,.F.);
#8571 = CYLINDRICAL_SURFACE('',#8572,0.199999996296);
#8572 = AXIS2_PLACEMENT_3D('',#8573,#8574,#8575);
#8573 = CARTESIAN_POINT('',(-2.549999952779,-8.748294563394,
    0.199999987037));
#8574 = DIRECTION('',(0.,1.,0.));
#8575 = DIRECTION('',(1.,0.,0.));
#8576 = ADVANCED_FACE('',(#8577),#8603,.T.);
#8577 = FACE_BOUND('',#8578,.F.);
#8578 = EDGE_LOOP('',(#8579,#8585,#8586,#8587,#8588,#8596,#8602));
#8579 = ORIENTED_EDGE('',*,*,#8580,.F.);
#8580 = EDGE_CURVE('',#8249,#8498,#8581,.T.);
#8581 = LINE('',#8582,#8583);
#8582 = CARTESIAN_POINT('',(-2.499999953705,-1.232994702562,
    0.199999987037));
#8583 = VECTOR('',#8584,1.);
#8584 = DIRECTION('',(1.,0.,0.));
#8585 = ORIENTED_EDGE('',*,*,#8248,.F.);
#8586 = ORIENTED_EDGE('',*,*,#8336,.T.);
#8587 = ORIENTED_EDGE('',*,*,#8376,.F.);
#8588 = ORIENTED_EDGE('',*,*,#8589,.F.);
#8589 = EDGE_CURVE('',#8590,#8369,#8592,.T.);
#8590 = VERTEX_POINT('',#8591);
#8591 = CARTESIAN_POINT('',(-2.999999944446,-1.232994702562,
    -9.258973643345E-09));
#8592 = LINE('',#8593,#8594);
#8593 = CARTESIAN_POINT('',(-2.999999944446,-1.232994702562,
    -9.258973643345E-09));
#8594 = VECTOR('',#8595,1.);
#8595 = DIRECTION('',(0.,0.,1.));
#8596 = ORIENTED_EDGE('',*,*,#8597,.T.);
#8597 = EDGE_CURVE('',#8590,#8556,#8598,.T.);
#8598 = LINE('',#8599,#8600);
#8599 = CARTESIAN_POINT('',(-2.999999944446,-1.232994702562,
    -9.258973643345E-09));
#8600 = VECTOR('',#8601,1.);
#8601 = DIRECTION('',(1.,-3.5527136788E-14,0.));
#8602 = ORIENTED_EDGE('',*,*,#8563,.T.);
#8603 = PLANE('',#8604);
#8604 = AXIS2_PLACEMENT_3D('',#8605,#8606,#8607);
#8605 = CARTESIAN_POINT('',(-2.499999953705,-1.232994702562,
    0.199999987037));
#8606 = DIRECTION('',(0.,1.,0.));
#8607 = DIRECTION('',(0.,0.,-1.));
#8608 = ADVANCED_FACE('',(#8609),#8620,.T.);
#8609 = FACE_BOUND('',#8610,.F.);
#8610 = EDGE_LOOP('',(#8611,#8617,#8618,#8619));
#8611 = ORIENTED_EDGE('',*,*,#8612,.F.);
#8612 = EDGE_CURVE('',#8257,#8534,#8613,.T.);
#8613 = LINE('',#8614,#8615);
#8614 = CARTESIAN_POINT('',(-2.499999953705,0.567005264105,
    0.199999987037));
#8615 = VECTOR('',#8616,1.);
#8616 = DIRECTION('',(1.,0.,0.));
#8617 = ORIENTED_EDGE('',*,*,#8256,.T.);
#8618 = ORIENTED_EDGE('',*,*,#8580,.T.);
#8619 = ORIENTED_EDGE('',*,*,#8541,.F.);
#8620 = PLANE('',#8621);
#8621 = AXIS2_PLACEMENT_3D('',#8622,#8623,#8624);
#8622 = CARTESIAN_POINT('',(-2.499999953705,0.567005264105,
    0.199999987037));
#8623 = DIRECTION('',(0.,0.,-1.));
#8624 = DIRECTION('',(0.,-1.,0.));
#8625 = ADVANCED_FACE('',(#8626),#8661,.T.);
#8626 = FACE_BOUND('',#8627,.F.);
#8627 = EDGE_LOOP('',(#8628,#8629,#8636,#8637,#8638,#8647,#8655));
#8628 = ORIENTED_EDGE('',*,*,#8400,.F.);
#8629 = ORIENTED_EDGE('',*,*,#8630,.T.);
#8630 = EDGE_CURVE('',#8391,#8265,#8631,.T.);
#8631 = CIRCLE('',#8632,9.999999814821E-02);
#8632 = AXIS2_PLACEMENT_3D('',#8633,#8634,#8635);
#8633 = CARTESIAN_POINT('',(-2.599999951853,0.567005264105,
    0.249999986112));
#8634 = DIRECTION('',(0.,-1.,0.));
#8635 = DIRECTION('',(0.,0.,-1.));
#8636 = ORIENTED_EDGE('',*,*,#8264,.T.);
#8637 = ORIENTED_EDGE('',*,*,#8612,.T.);
#8638 = ORIENTED_EDGE('',*,*,#8639,.T.);
#8639 = EDGE_CURVE('',#8534,#8640,#8642,.T.);
#8640 = VERTEX_POINT('',#8641);
#8641 = CARTESIAN_POINT('',(-2.549999952779,0.567005264105,
    -9.258973643345E-09));
#8642 = CIRCLE('',#8643,0.199999996296);
#8643 = AXIS2_PLACEMENT_3D('',#8644,#8645,#8646);
#8644 = CARTESIAN_POINT('',(-2.549999952779,0.567005264105,
    0.199999987037));
#8645 = DIRECTION('',(-0.,1.,0.));
#8646 = DIRECTION('',(1.,0.,0.));
#8647 = ORIENTED_EDGE('',*,*,#8648,.T.);
#8648 = EDGE_CURVE('',#8640,#8649,#8651,.T.);
#8649 = VERTEX_POINT('',#8650);
#8650 = CARTESIAN_POINT('',(-2.999999944446,0.567005264105,
    -9.258973643345E-09));
#8651 = LINE('',#8652,#8653);
#8652 = CARTESIAN_POINT('',(-2.549999952779,0.567005264105,
    -9.258973643345E-09));
#8653 = VECTOR('',#8654,1.);
#8654 = DIRECTION('',(-1.,0.,0.));
#8655 = ORIENTED_EDGE('',*,*,#8656,.T.);
#8656 = EDGE_CURVE('',#8649,#8401,#8657,.T.);
#8657 = LINE('',#8658,#8659);
#8658 = CARTESIAN_POINT('',(-2.999999944446,0.567005264105,
    -9.258973643345E-09));
#8659 = VECTOR('',#8660,1.);
#8660 = DIRECTION('',(0.,0.,1.));
#8661 = PLANE('',#8662);
#8662 = AXIS2_PLACEMENT_3D('',#8663,#8664,#8665);
#8663 = CARTESIAN_POINT('',(-2.499999953705,0.567005264105,
    -9.258973643345E-09));
#8664 = DIRECTION('',(0.,-1.,0.));
#8665 = DIRECTION('',(0.,0.,1.));
#8666 = ADVANCED_FACE('',(#8667),#8679,.F.);
#8667 = FACE_BOUND('',#8668,.F.);
#8668 = EDGE_LOOP('',(#8669,#8670,#8671,#8672));
#8669 = ORIENTED_EDGE('',*,*,#8272,.F.);
#8670 = ORIENTED_EDGE('',*,*,#8630,.F.);
#8671 = ORIENTED_EDGE('',*,*,#8390,.T.);
#8672 = ORIENTED_EDGE('',*,*,#8673,.T.);
#8673 = EDGE_CURVE('',#8393,#8273,#8674,.T.);
#8674 = CIRCLE('',#8675,9.999999814821E-02);
#8675 = AXIS2_PLACEMENT_3D('',#8676,#8677,#8678);
#8676 = CARTESIAN_POINT('',(-2.599999951853,0.967005256698,
    0.249999986112));
#8677 = DIRECTION('',(0.,-1.,0.));
#8678 = DIRECTION('',(0.,0.,-1.));
#8679 = CYLINDRICAL_SURFACE('',#8680,9.999999814821E-02);
#8680 = AXIS2_PLACEMENT_3D('',#8681,#8682,#8683);
#8681 = CARTESIAN_POINT('',(-2.599999951853,-8.748294563394,
    0.249999986112));
#8682 = DIRECTION('',(0.,1.,0.));
#8683 = DIRECTION('',(1.,0.,0.));
#8684 = ADVANCED_FACE('',(#8685),#8720,.T.);
#8685 = FACE_BOUND('',#8686,.F.);
#8686 = EDGE_LOOP('',(#8687,#8688,#8689,#8690,#8698,#8706,#8713,#8714));
#8687 = ORIENTED_EDGE('',*,*,#8280,.T.);
#8688 = ORIENTED_EDGE('',*,*,#8673,.F.);
#8689 = ORIENTED_EDGE('',*,*,#8416,.F.);
#8690 = ORIENTED_EDGE('',*,*,#8691,.F.);
#8691 = EDGE_CURVE('',#8692,#8409,#8694,.T.);
#8692 = VERTEX_POINT('',#8693);
#8693 = CARTESIAN_POINT('',(-2.999999944446,0.967005256698,
    -9.258973643345E-09));
#8694 = LINE('',#8695,#8696);
#8695 = CARTESIAN_POINT('',(-2.999999944446,0.967005256698,
    -9.258973643345E-09));
#8696 = VECTOR('',#8697,1.);
#8697 = DIRECTION('',(0.,0.,1.));
#8698 = ORIENTED_EDGE('',*,*,#8699,.T.);
#8699 = EDGE_CURVE('',#8692,#8700,#8702,.T.);
#8700 = VERTEX_POINT('',#8701);
#8701 = CARTESIAN_POINT('',(-2.549999952779,0.967005256698,
    -9.258973643345E-09));
#8702 = LINE('',#8703,#8704);
#8703 = CARTESIAN_POINT('',(-2.999999944446,0.967005256698,
    -9.258973643345E-09));
#8704 = VECTOR('',#8705,1.);
#8705 = DIRECTION('',(1.,0.,0.));
#8706 = ORIENTED_EDGE('',*,*,#8707,.F.);
#8707 = EDGE_CURVE('',#8526,#8700,#8708,.T.);
#8708 = CIRCLE('',#8709,0.199999996296);
#8709 = AXIS2_PLACEMENT_3D('',#8710,#8711,#8712);
#8710 = CARTESIAN_POINT('',(-2.549999952779,0.967005256698,
    0.199999987037));
#8711 = DIRECTION('',(-0.,1.,0.));
#8712 = DIRECTION('',(1.,0.,0.));
#8713 = ORIENTED_EDGE('',*,*,#8525,.F.);
#8714 = ORIENTED_EDGE('',*,*,#8715,.F.);
#8715 = EDGE_CURVE('',#8281,#8518,#8716,.T.);
#8716 = LINE('',#8717,#8718);
#8717 = CARTESIAN_POINT('',(-2.499999953705,0.967005256698,
    0.749999976853));
#8718 = VECTOR('',#8719,1.);
#8719 = DIRECTION('',(1.,0.,0.));
#8720 = PLANE('',#8721);
#8721 = AXIS2_PLACEMENT_3D('',#8722,#8723,#8724);
#8722 = CARTESIAN_POINT('',(-2.499999953705,0.967005256698,
    0.749999976853));
#8723 = DIRECTION('',(0.,1.,0.));
#8724 = DIRECTION('',(0.,0.,-1.));
#8725 = ADVANCED_FACE('',(#8726),#8737,.T.);
#8726 = FACE_BOUND('',#8727,.F.);
#8727 = EDGE_LOOP('',(#8728,#8734,#8735,#8736));
#8728 = ORIENTED_EDGE('',*,*,#8729,.T.);
#8729 = EDGE_CURVE('',#8649,#8692,#8730,.T.);
#8730 = LINE('',#8731,#8732);
#8731 = CARTESIAN_POINT('',(-2.999999944446,0.567005264105,
    -9.258973643345E-09));
#8732 = VECTOR('',#8733,1.);
#8733 = DIRECTION('',(0.,1.,0.));
#8734 = ORIENTED_EDGE('',*,*,#8691,.T.);
#8735 = ORIENTED_EDGE('',*,*,#8408,.F.);
#8736 = ORIENTED_EDGE('',*,*,#8656,.F.);
#8737 = PLANE('',#8738);
#8738 = AXIS2_PLACEMENT_3D('',#8739,#8740,#8741);
#8739 = CARTESIAN_POINT('',(-2.999999944446,0.567005264105,
    -9.258973643345E-09));
#8740 = DIRECTION('',(-1.,0.,0.));
#8741 = DIRECTION('',(0.,1.,0.));
#8742 = ADVANCED_FACE('',(#8743),#8754,.T.);
#8743 = FACE_BOUND('',#8744,.F.);
#8744 = EDGE_LOOP('',(#8745,#8746,#8747,#8753));
#8745 = ORIENTED_EDGE('',*,*,#8555,.T.);
#8746 = ORIENTED_EDGE('',*,*,#8597,.F.);
#8747 = ORIENTED_EDGE('',*,*,#8748,.F.);
#8748 = EDGE_CURVE('',#8459,#8590,#8749,.T.);
#8749 = LINE('',#8750,#8751);
#8750 = CARTESIAN_POINT('',(-2.999999944446,-1.632994695155,
    -9.258973643345E-09));
#8751 = VECTOR('',#8752,1.);
#8752 = DIRECTION('',(0.,1.,0.));
#8753 = ORIENTED_EDGE('',*,*,#8458,.F.);
#8754 = PLANE('',#8755);
#8755 = AXIS2_PLACEMENT_3D('',#8756,#8757,#8758);
#8756 = CARTESIAN_POINT('',(-2.499999953705,0.967005256698,
    -9.258973643345E-09));
#8757 = DIRECTION('',(0.,0.,-1.));
#8758 = DIRECTION('',(0.,-1.,0.));
#8759 = ADVANCED_FACE('',(#8760),#8771,.T.);
#8760 = FACE_BOUND('',#8761,.F.);
#8761 = EDGE_LOOP('',(#8762,#8768,#8769,#8770));
#8762 = ORIENTED_EDGE('',*,*,#8763,.T.);
#8763 = EDGE_CURVE('',#8640,#8700,#8764,.T.);
#8764 = LINE('',#8765,#8766);
#8765 = CARTESIAN_POINT('',(-2.549999952779,0.567005264105,
    -9.258973643345E-09));
#8766 = VECTOR('',#8767,1.);
#8767 = DIRECTION('',(0.,1.,0.));
#8768 = ORIENTED_EDGE('',*,*,#8699,.F.);
#8769 = ORIENTED_EDGE('',*,*,#8729,.F.);
#8770 = ORIENTED_EDGE('',*,*,#8648,.F.);
#8771 = PLANE('',#8772);
#8772 = AXIS2_PLACEMENT_3D('',#8773,#8774,#8775);
#8773 = CARTESIAN_POINT('',(-2.499999953705,0.967005256698,
    -9.258973643345E-09));
#8774 = DIRECTION('',(0.,0.,-1.));
#8775 = DIRECTION('',(0.,-1.,0.));
#8776 = ADVANCED_FACE('',(#8777),#8783,.T.);
#8777 = FACE_BOUND('',#8778,.F.);
#8778 = EDGE_LOOP('',(#8779,#8780,#8781,#8782));
#8779 = ORIENTED_EDGE('',*,*,#8748,.T.);
#8780 = ORIENTED_EDGE('',*,*,#8589,.T.);
#8781 = ORIENTED_EDGE('',*,*,#8368,.F.);
#8782 = ORIENTED_EDGE('',*,*,#8466,.F.);
#8783 = PLANE('',#8784);
#8784 = AXIS2_PLACEMENT_3D('',#8785,#8786,#8787);
#8785 = CARTESIAN_POINT('',(-2.999999944446,-1.632994695155,
    -9.258973643345E-09));
#8786 = DIRECTION('',(-1.,0.,0.));
#8787 = DIRECTION('',(0.,1.,0.));
#8788 = ADVANCED_FACE('',(#8789),#8795,.T.);
#8789 = FACE_BOUND('',#8790,.T.);
#8790 = EDGE_LOOP('',(#8791,#8792,#8793,#8794));
#8791 = ORIENTED_EDGE('',*,*,#8533,.F.);
#8792 = ORIENTED_EDGE('',*,*,#8639,.T.);
#8793 = ORIENTED_EDGE('',*,*,#8763,.T.);
#8794 = ORIENTED_EDGE('',*,*,#8707,.F.);
#8795 = CYLINDRICAL_SURFACE('',#8796,0.199999996296);
#8796 = AXIS2_PLACEMENT_3D('',#8797,#8798,#8799);
#8797 = CARTESIAN_POINT('',(-2.549999952779,-8.748294563394,
    0.199999987037));
#8798 = DIRECTION('',(0.,1.,0.));
#8799 = DIRECTION('',(1.,0.,0.));
#8800 = ADVANCED_FACE('',(#8801),#8812,.T.);
#8801 = FACE_BOUND('',#8802,.F.);
#8802 = EDGE_LOOP('',(#8803,#8804,#8805,#8806));
#8803 = ORIENTED_EDGE('',*,*,#8288,.T.);
#8804 = ORIENTED_EDGE('',*,*,#8715,.T.);
#8805 = ORIENTED_EDGE('',*,*,#8517,.F.);
#8806 = ORIENTED_EDGE('',*,*,#8807,.F.);
#8807 = EDGE_CURVE('',#8289,#8510,#8808,.T.);
#8808 = LINE('',#8809,#8810);
#8809 = CARTESIAN_POINT('',(-2.499999953705,0.538816161498,
    0.749999976853));
#8810 = VECTOR('',#8811,1.);
#8811 = DIRECTION('',(1.,0.,0.));
#8812 = PLANE('',#8813);
#8813 = AXIS2_PLACEMENT_3D('',#8814,#8815,#8816);
#8814 = CARTESIAN_POINT('',(-2.499999953705,0.538816161498,
    0.749999976853));
#8815 = DIRECTION('',(0.,0.,1.));
#8816 = DIRECTION('',(0.,1.,0.));
#8817 = ADVANCED_FACE('',(#8818),#8832,.T.);
#8818 = FACE_BOUND('',#8819,.F.);
#8819 = EDGE_LOOP('',(#8820,#8821,#8822,#8823,#8824,#8825,#8831));
#8820 = ORIENTED_EDGE('',*,*,#8214,.F.);
#8821 = ORIENTED_EDGE('',*,*,#8296,.T.);
#8822 = ORIENTED_EDGE('',*,*,#8807,.T.);
#8823 = ORIENTED_EDGE('',*,*,#8509,.F.);
#8824 = ORIENTED_EDGE('',*,*,#7791,.F.);
#8825 = ORIENTED_EDGE('',*,*,#8826,.T.);
#8826 = EDGE_CURVE('',#7783,#7986,#8827,.T.);
#8827 = LINE('',#8828,#8829);
#8828 = CARTESIAN_POINT('',(-2.152361079371,0.538816161498,
    1.249999967594));
#8829 = VECTOR('',#8830,1.);
#8830 = DIRECTION('',(0.,0.,1.));
#8831 = ORIENTED_EDGE('',*,*,#7985,.T.);
#8832 = PLANE('',#8833);
#8833 = AXIS2_PLACEMENT_3D('',#8834,#8835,#8836);
#8834 = CARTESIAN_POINT('',(-2.152361079371,0.538816161498,
    1.249999967594));
#8835 = DIRECTION('',(0.,1.,0.));
#8836 = DIRECTION('',(-1.,0.,0.));
#8837 = ADVANCED_FACE('',(#8838),#8849,.F.);
#8838 = FACE_BOUND('',#8839,.F.);
#8839 = EDGE_LOOP('',(#8840,#8841,#8847,#8848));
#8840 = ORIENTED_EDGE('',*,*,#7782,.F.);
#8841 = ORIENTED_EDGE('',*,*,#8842,.T.);
#8842 = EDGE_CURVE('',#7775,#7994,#8843,.T.);
#8843 = LINE('',#8844,#8845);
#8844 = CARTESIAN_POINT('',(-2.062114067427,0.629063173443,
    1.249999967594));
#8845 = VECTOR('',#8846,1.);
#8846 = DIRECTION('',(0.,0.,1.));
#8847 = ORIENTED_EDGE('',*,*,#7993,.T.);
#8848 = ORIENTED_EDGE('',*,*,#8826,.F.);
#8849 = CYLINDRICAL_SURFACE('',#8850,9.024701194438E-02);
#8850 = AXIS2_PLACEMENT_3D('',#8851,#8852,#8853);
#8851 = CARTESIAN_POINT('',(-2.152361079371,0.629063173443,
    1.249999967594));
#8852 = DIRECTION('',(0.,0.,1.));
#8853 = DIRECTION('',(1.,0.,0.));
#8854 = ADVANCED_FACE('',(#8855),#8866,.T.);
#8855 = FACE_BOUND('',#8856,.F.);
#8856 = EDGE_LOOP('',(#8857,#8858,#8864,#8865));
#8857 = ORIENTED_EDGE('',*,*,#7774,.F.);
#8858 = ORIENTED_EDGE('',*,*,#8859,.T.);
#8859 = EDGE_CURVE('',#7766,#8003,#8860,.T.);
#8860 = LINE('',#8861,#8862);
#8861 = CARTESIAN_POINT('',(-2.062114067427,0.965476640179,
    1.249999967594));
#8862 = VECTOR('',#8863,1.);
#8863 = DIRECTION('',(0.,0.,1.));
#8864 = ORIENTED_EDGE('',*,*,#8002,.T.);
#8865 = ORIENTED_EDGE('',*,*,#8842,.F.);
#8866 = PLANE('',#8867);
#8867 = AXIS2_PLACEMENT_3D('',#8868,#8869,#8870);
#8868 = CARTESIAN_POINT('',(-2.062114067427,0.965476640179,
    1.249999967594));
#8869 = DIRECTION('',(-1.,0.,0.));
#8870 = DIRECTION('',(0.,-1.,0.));
#8871 = ADVANCED_FACE('',(#8872),#8883,.T.);
#8872 = FACE_BOUND('',#8873,.T.);
#8873 = EDGE_LOOP('',(#8874,#8875,#8876,#8882));
#8874 = ORIENTED_EDGE('',*,*,#8859,.T.);
#8875 = ORIENTED_EDGE('',*,*,#8010,.F.);
#8876 = ORIENTED_EDGE('',*,*,#8877,.F.);
#8877 = EDGE_CURVE('',#7758,#8011,#8878,.T.);
#8878 = LINE('',#8879,#8880);
#8879 = CARTESIAN_POINT('',(-1.985585452295,1.042005255309,
    1.249999967594));
#8880 = VECTOR('',#8881,1.);
#8881 = DIRECTION('',(0.,0.,1.));
#8882 = ORIENTED_EDGE('',*,*,#7765,.T.);
#8883 = CYLINDRICAL_SURFACE('',#8884,7.652861513131E-02);
#8884 = AXIS2_PLACEMENT_3D('',#8885,#8886,#8887);
#8885 = CARTESIAN_POINT('',(-1.985585452295,0.965476640179,
    1.249999967594));
#8886 = DIRECTION('',(0.,0.,1.));
#8887 = DIRECTION('',(1.,0.,0.));
#8888 = ADVANCED_FACE('',(#8889),#8900,.T.);
#8889 = FACE_BOUND('',#8890,.F.);
#8890 = EDGE_LOOP('',(#8891,#8892,#8898,#8899));
#8891 = ORIENTED_EDGE('',*,*,#7757,.F.);
#8892 = ORIENTED_EDGE('',*,*,#8893,.T.);
#8893 = EDGE_CURVE('',#7749,#8020,#8894,.T.);
#8894 = LINE('',#8895,#8896);
#8895 = CARTESIAN_POINT('',(1.985585452295,1.042005255309,1.249999967594
    ));
#8896 = VECTOR('',#8897,1.);
#8897 = DIRECTION('',(0.,0.,1.));
#8898 = ORIENTED_EDGE('',*,*,#8019,.T.);
#8899 = ORIENTED_EDGE('',*,*,#8877,.F.);
#8900 = PLANE('',#8901);
#8901 = AXIS2_PLACEMENT_3D('',#8902,#8903,#8904);
#8902 = CARTESIAN_POINT('',(1.985585452295,1.042005255309,1.249999967594
    ));
#8903 = DIRECTION('',(0.,1.,0.));
#8904 = DIRECTION('',(-1.,0.,0.));
#8905 = ADVANCED_FACE('',(#8906),#8917,.T.);
#8906 = FACE_BOUND('',#8907,.T.);
#8907 = EDGE_LOOP('',(#8908,#8909,#8910,#8916));
#8908 = ORIENTED_EDGE('',*,*,#8893,.T.);
#8909 = ORIENTED_EDGE('',*,*,#8027,.F.);
#8910 = ORIENTED_EDGE('',*,*,#8911,.F.);
#8911 = EDGE_CURVE('',#7741,#8028,#8912,.T.);
#8912 = LINE('',#8913,#8914);
#8913 = CARTESIAN_POINT('',(2.062114067427,0.965476640179,1.249999967594
    ));
#8914 = VECTOR('',#8915,1.);
#8915 = DIRECTION('',(0.,0.,1.));
#8916 = ORIENTED_EDGE('',*,*,#7748,.T.);
#8917 = CYLINDRICAL_SURFACE('',#8918,7.652861513131E-02);
#8918 = AXIS2_PLACEMENT_3D('',#8919,#8920,#8921);
#8919 = CARTESIAN_POINT('',(1.985585452295,0.965476640179,1.249999967594
    ));
#8920 = DIRECTION('',(0.,0.,1.));
#8921 = DIRECTION('',(1.,0.,0.));
#8922 = ADVANCED_FACE('',(#8923),#8929,.T.);
#8923 = FACE_BOUND('',#8924,.F.);
#8924 = EDGE_LOOP('',(#8925,#8926,#8927,#8928));
#8925 = ORIENTED_EDGE('',*,*,#7740,.F.);
#8926 = ORIENTED_EDGE('',*,*,#7893,.T.);
#8927 = ORIENTED_EDGE('',*,*,#8036,.T.);
#8928 = ORIENTED_EDGE('',*,*,#8911,.F.);
#8929 = PLANE('',#8930);
#8930 = AXIS2_PLACEMENT_3D('',#8931,#8932,#8933);
#8931 = CARTESIAN_POINT('',(2.062114067427,0.629063173443,1.249999967594
    ));
#8932 = DIRECTION('',(1.,0.,0.));
#8933 = DIRECTION('',(0.,1.,0.));
#8934 = ( GEOMETRIC_REPRESENTATION_CONTEXT(3) 
GLOBAL_UNCERTAINTY_ASSIGNED_CONTEXT((#8938)) 
GLOBAL_UNIT_ASSIGNED_CONTEXT((#8935,#8936,#8937)) REPRESENTATION_CONTEXT
('Context #1','3D Context with UNIT and UNCERTAINTY') );
#8935 = ( LENGTH_UNIT() NAMED_UNIT(*) SI_UNIT(.MILLI.,.METRE.) );
#8936 = ( NAMED_UNIT(*) PLANE_ANGLE_UNIT() SI_UNIT($,.RADIAN.) );
#8937 = ( NAMED_UNIT(*) SI_UNIT($,.STERADIAN.) SOLID_ANGLE_UNIT() );
#8938 = UNCERTAINTY_MEASURE_WITH_UNIT(LENGTH_MEASURE(1.E-07),#8935,
  'distance_accuracy_value','confusion accuracy');
#8939 = CONTEXT_DEPENDENT_SHAPE_REPRESENTATION(#8940,#8942);
#8940 = ( REPRESENTATION_RELATIONSHIP('','',#7034,#468) 
REPRESENTATION_RELATIONSHIP_WITH_TRANSFORMATION(#8941) 
SHAPE_REPRESENTATION_RELATIONSHIP() );
#8941 = ITEM_DEFINED_TRANSFORMATION('','',#11,#477);
#8942 = PRODUCT_DEFINITION_SHAPE('Placement','Placement of an item',
  #8943);
#8943 = NEXT_ASSEMBLY_USAGE_OCCURRENCE('8','=>[0:1:1:10]','',#463,#7029,
  $);
#8944 = PRODUCT_RELATED_PRODUCT_CATEGORY('part',$,(#7031));
#8945 = MECHANICAL_DESIGN_GEOMETRIC_PRESENTATION_REPRESENTATION('',(
    #8946,#8956,#8966,#8975,#8984,#8993,#9002,#9011,#9020,#9029,#9038,
    #9047,#9056,#9065,#9074,#9083,#9092,#9101,#9110,#9119,#9128,#9137,
    #9146,#9155,#9164,#9173,#9182,#9191,#9200,#9209,#9218,#9227,#9236,
    #9245,#9254,#9263,#9272,#9281,#9290,#9299,#9308,#9317,#9326,#9335,
    #9344,#9353,#9362,#9371,#9380,#9389,#9398,#9407,#9416,#9425,#9434,
    #9443,#9452,#9461,#9470,#9479,#9488,#9497,#9506,#9515,#9524,#9533,
    #9542,#9551,#9560,#9569,#9578,#9587,#9596,#9605,#9614,#9623,#9632,
    #9641,#9650,#9659,#9668,#9677,#9686,#9695,#9704,#9713,#9722,#9731,
    #9740,#9749,#9758,#9767,#9776,#9785,#9794,#9803,#9812,#9821,#9830,
    #9839,#9848,#9857,#9866,#9875,#9884,#9893,#9902,#9911,#9920,#9929,
    #9938,#9947,#9956,#9965,#9974,#9983,#9992,#10001,#10010,#10019,
    #10028,#10037,#10046,#10055,#10064,#10073,#10082,#10091,#10100,
    #10109,#10118,#10127,#10136,#10145,#10154,#10163,#10172,#10181,
    #10190,#10199,#10208,#10217,#10226,#10235,#10244,#10253,#10262,
    #10271,#10280,#10289,#10298,#10307,#10316,#10325,#10334,#10343,
    #10352,#10361,#10370,#10379,#10388,#10397,#10406,#10415,#10424,
    #10433,#10442,#10451,#10460,#10469,#10478,#10487,#10496,#10505,
    #10514,#10523,#10532,#10541,#10550,#10559,#10568,#10577,#10586,
    #10595,#10604,#10613,#10622,#10631,#10640,#10649,#10658,#10667,
    #10676,#10685,#10694,#10703,#10712,#10721,#10730,#10739,#10748,
    #10757,#10766,#10775),#6715);
#8946 = STYLED_ITEM('color',(#8947),#502);
#8947 = PRESENTATION_STYLE_ASSIGNMENT((#8948,#8954));
#8948 = SURFACE_STYLE_USAGE(.BOTH.,#8949);
#8949 = SURFACE_SIDE_STYLE('',(#8950));
#8950 = SURFACE_STYLE_FILL_AREA(#8951);
#8951 = FILL_AREA_STYLE('',(#8952));
#8952 = FILL_AREA_STYLE_COLOUR('',#8953);
#8953 = COLOUR_RGB('',0.882352996632,0.882352996632,0.882352996632);
#8954 = CURVE_STYLE('',#8955,POSITIVE_LENGTH_MEASURE(0.1),#8953);
#8955 = DRAUGHTING_PRE_DEFINED_CURVE_FONT('continuous');
#8956 = STYLED_ITEM('color',(#8957),#542);
#8957 = PRESENTATION_STYLE_ASSIGNMENT((#8958,#8964));
#8958 = SURFACE_STYLE_USAGE(.BOTH.,#8959);
#8959 = SURFACE_SIDE_STYLE('',(#8960));
#8960 = SURFACE_STYLE_FILL_AREA(#8961);
#8961 = FILL_AREA_STYLE('',(#8962));
#8962 = FILL_AREA_STYLE_COLOUR('',#8963);
#8963 = COLOUR_RGB('',0.257282004069,0.257282004069,0.257282004069);
#8964 = CURVE_STYLE('',#8965,POSITIVE_LENGTH_MEASURE(0.1),#8963);
#8965 = DRAUGHTING_PRE_DEFINED_CURVE_FONT('continuous');
#8966 = STYLED_ITEM('color',(#8967),#1583);
#8967 = PRESENTATION_STYLE_ASSIGNMENT((#8968,#8973));
#8968 = SURFACE_STYLE_USAGE(.BOTH.,#8969);
#8969 = SURFACE_SIDE_STYLE('',(#8970));
#8970 = SURFACE_STYLE_FILL_AREA(#8971);
#8971 = FILL_AREA_STYLE('',(#8972));
#8972 = FILL_AREA_STYLE_COLOUR('',#8963);
#8973 = CURVE_STYLE('',#8974,POSITIVE_LENGTH_MEASURE(0.1),#8963);
#8974 = DRAUGHTING_PRE_DEFINED_CURVE_FONT('continuous');
#8975 = STYLED_ITEM('color',(#8976),#1687);
#8976 = PRESENTATION_STYLE_ASSIGNMENT((#8977,#8982));
#8977 = SURFACE_STYLE_USAGE(.BOTH.,#8978);
#8978 = SURFACE_SIDE_STYLE('',(#8979));
#8979 = SURFACE_STYLE_FILL_AREA(#8980);
#8980 = FILL_AREA_STYLE('',(#8981));
#8981 = FILL_AREA_STYLE_COLOUR('',#8963);
#8982 = CURVE_STYLE('',#8983,POSITIVE_LENGTH_MEASURE(0.1),#8963);
#8983 = DRAUGHTING_PRE_DEFINED_CURVE_FONT('continuous');
#8984 = STYLED_ITEM('color',(#8985),#1719);
#8985 = PRESENTATION_STYLE_ASSIGNMENT((#8986,#8991));
#8986 = SURFACE_STYLE_USAGE(.BOTH.,#8987);
#8987 = SURFACE_SIDE_STYLE('',(#8988));
#8988 = SURFACE_STYLE_FILL_AREA(#8989);
#8989 = FILL_AREA_STYLE('',(#8990));
#8990 = FILL_AREA_STYLE_COLOUR('',#8963);
#8991 = CURVE_STYLE('',#8992,POSITIVE_LENGTH_MEASURE(0.1),#8963);
#8992 = DRAUGHTING_PRE_DEFINED_CURVE_FONT('continuous');
#8993 = STYLED_ITEM('color',(#8994),#1751);
#8994 = PRESENTATION_STYLE_ASSIGNMENT((#8995,#9000));
#8995 = SURFACE_STYLE_USAGE(.BOTH.,#8996);
#8996 = SURFACE_SIDE_STYLE('',(#8997));
#8997 = SURFACE_STYLE_FILL_AREA(#8998);
#8998 = FILL_AREA_STYLE('',(#8999));
#8999 = FILL_AREA_STYLE_COLOUR('',#8963);
#9000 = CURVE_STYLE('',#9001,POSITIVE_LENGTH_MEASURE(0.1),#8963);
#9001 = DRAUGHTING_PRE_DEFINED_CURVE_FONT('continuous');
#9002 = STYLED_ITEM('color',(#9003),#1783);
#9003 = PRESENTATION_STYLE_ASSIGNMENT((#9004,#9009));
#9004 = SURFACE_STYLE_USAGE(.BOTH.,#9005);
#9005 = SURFACE_SIDE_STYLE('',(#9006));
#9006 = SURFACE_STYLE_FILL_AREA(#9007);
#9007 = FILL_AREA_STYLE('',(#9008));
#9008 = FILL_AREA_STYLE_COLOUR('',#8963);
#9009 = CURVE_STYLE('',#9010,POSITIVE_LENGTH_MEASURE(0.1),#8963);
#9010 = DRAUGHTING_PRE_DEFINED_CURVE_FONT('continuous');
#9011 = STYLED_ITEM('color',(#9012),#1799);
#9012 = PRESENTATION_STYLE_ASSIGNMENT((#9013,#9018));
#9013 = SURFACE_STYLE_USAGE(.BOTH.,#9014);
#9014 = SURFACE_SIDE_STYLE('',(#9015));
#9015 = SURFACE_STYLE_FILL_AREA(#9016);
#9016 = FILL_AREA_STYLE('',(#9017));
#9017 = FILL_AREA_STYLE_COLOUR('',#8963);
#9018 = CURVE_STYLE('',#9019,POSITIVE_LENGTH_MEASURE(0.1),#8963);
#9019 = DRAUGHTING_PRE_DEFINED_CURVE_FONT('continuous');
#9020 = STYLED_ITEM('color',(#9021),#1825);
#9021 = PRESENTATION_STYLE_ASSIGNMENT((#9022,#9027));
#9022 = SURFACE_STYLE_USAGE(.BOTH.,#9023);
#9023 = SURFACE_SIDE_STYLE('',(#9024));
#9024 = SURFACE_STYLE_FILL_AREA(#9025);
#9025 = FILL_AREA_STYLE('',(#9026));
#9026 = FILL_AREA_STYLE_COLOUR('',#8963);
#9027 = CURVE_STYLE('',#9028,POSITIVE_LENGTH_MEASURE(0.1),#8963);
#9028 = DRAUGHTING_PRE_DEFINED_CURVE_FONT('continuous');
#9029 = STYLED_ITEM('color',(#9030),#1843);
#9030 = PRESENTATION_STYLE_ASSIGNMENT((#9031,#9036));
#9031 = SURFACE_STYLE_USAGE(.BOTH.,#9032);
#9032 = SURFACE_SIDE_STYLE('',(#9033));
#9033 = SURFACE_STYLE_FILL_AREA(#9034);
#9034 = FILL_AREA_STYLE('',(#9035));
#9035 = FILL_AREA_STYLE_COLOUR('',#8963);
#9036 = CURVE_STYLE('',#9037,POSITIVE_LENGTH_MEASURE(0.1),#8963);
#9037 = DRAUGHTING_PRE_DEFINED_CURVE_FONT('continuous');
#9038 = STYLED_ITEM('color',(#9039),#1855);
#9039 = PRESENTATION_STYLE_ASSIGNMENT((#9040,#9045));
#9040 = SURFACE_STYLE_USAGE(.BOTH.,#9041);
#9041 = SURFACE_SIDE_STYLE('',(#9042));
#9042 = SURFACE_STYLE_FILL_AREA(#9043);
#9043 = FILL_AREA_STYLE('',(#9044));
#9044 = FILL_AREA_STYLE_COLOUR('',#8963);
#9045 = CURVE_STYLE('',#9046,POSITIVE_LENGTH_MEASURE(0.1),#8963);
#9046 = DRAUGHTING_PRE_DEFINED_CURVE_FONT('continuous');
#9047 = STYLED_ITEM('color',(#9048),#1887);
#9048 = PRESENTATION_STYLE_ASSIGNMENT((#9049,#9054));
#9049 = SURFACE_STYLE_USAGE(.BOTH.,#9050);
#9050 = SURFACE_SIDE_STYLE('',(#9051));
#9051 = SURFACE_STYLE_FILL_AREA(#9052);
#9052 = FILL_AREA_STYLE('',(#9053));
#9053 = FILL_AREA_STYLE_COLOUR('',#8963);
#9054 = CURVE_STYLE('',#9055,POSITIVE_LENGTH_MEASURE(0.1),#8963);
#9055 = DRAUGHTING_PRE_DEFINED_CURVE_FONT('continuous');
#9056 = STYLED_ITEM('color',(#9057),#1905);
#9057 = PRESENTATION_STYLE_ASSIGNMENT((#9058,#9063));
#9058 = SURFACE_STYLE_USAGE(.BOTH.,#9059);
#9059 = SURFACE_SIDE_STYLE('',(#9060));
#9060 = SURFACE_STYLE_FILL_AREA(#9061);
#9061 = FILL_AREA_STYLE('',(#9062));
#9062 = FILL_AREA_STYLE_COLOUR('',#8963);
#9063 = CURVE_STYLE('',#9064,POSITIVE_LENGTH_MEASURE(0.1),#8963);
#9064 = DRAUGHTING_PRE_DEFINED_CURVE_FONT('continuous');
#9065 = STYLED_ITEM('color',(#9066),#1927);
#9066 = PRESENTATION_STYLE_ASSIGNMENT((#9067,#9072));
#9067 = SURFACE_STYLE_USAGE(.BOTH.,#9068);
#9068 = SURFACE_SIDE_STYLE('',(#9069));
#9069 = SURFACE_STYLE_FILL_AREA(#9070);
#9070 = FILL_AREA_STYLE('',(#9071));
#9071 = FILL_AREA_STYLE_COLOUR('',#8963);
#9072 = CURVE_STYLE('',#9073,POSITIVE_LENGTH_MEASURE(0.1),#8963);
#9073 = DRAUGHTING_PRE_DEFINED_CURVE_FONT('continuous');
#9074 = STYLED_ITEM('color',(#9075),#1939);
#9075 = PRESENTATION_STYLE_ASSIGNMENT((#9076,#9081));
#9076 = SURFACE_STYLE_USAGE(.BOTH.,#9077);
#9077 = SURFACE_SIDE_STYLE('',(#9078));
#9078 = SURFACE_STYLE_FILL_AREA(#9079);
#9079 = FILL_AREA_STYLE('',(#9080));
#9080 = FILL_AREA_STYLE_COLOUR('',#8963);
#9081 = CURVE_STYLE('',#9082,POSITIVE_LENGTH_MEASURE(0.1),#8963);
#9082 = DRAUGHTING_PRE_DEFINED_CURVE_FONT('continuous');
#9083 = STYLED_ITEM('color',(#9084),#1970);
#9084 = PRESENTATION_STYLE_ASSIGNMENT((#9085,#9090));
#9085 = SURFACE_STYLE_USAGE(.BOTH.,#9086);
#9086 = SURFACE_SIDE_STYLE('',(#9087));
#9087 = SURFACE_STYLE_FILL_AREA(#9088);
#9088 = FILL_AREA_STYLE('',(#9089));
#9089 = FILL_AREA_STYLE_COLOUR('',#8963);
#9090 = CURVE_STYLE('',#9091,POSITIVE_LENGTH_MEASURE(0.1),#8963);
#9091 = DRAUGHTING_PRE_DEFINED_CURVE_FONT('continuous');
#9092 = STYLED_ITEM('color',(#9093),#1994);
#9093 = PRESENTATION_STYLE_ASSIGNMENT((#9094,#9099));
#9094 = SURFACE_STYLE_USAGE(.BOTH.,#9095);
#9095 = SURFACE_SIDE_STYLE('',(#9096));
#9096 = SURFACE_STYLE_FILL_AREA(#9097);
#9097 = FILL_AREA_STYLE('',(#9098));
#9098 = FILL_AREA_STYLE_COLOUR('',#8963);
#9099 = CURVE_STYLE('',#9100,POSITIVE_LENGTH_MEASURE(0.1),#8963);
#9100 = DRAUGHTING_PRE_DEFINED_CURVE_FONT('continuous');
#9101 = STYLED_ITEM('color',(#9102),#2018);
#9102 = PRESENTATION_STYLE_ASSIGNMENT((#9103,#9108));
#9103 = SURFACE_STYLE_USAGE(.BOTH.,#9104);
#9104 = SURFACE_SIDE_STYLE('',(#9105));
#9105 = SURFACE_STYLE_FILL_AREA(#9106);
#9106 = FILL_AREA_STYLE('',(#9107));
#9107 = FILL_AREA_STYLE_COLOUR('',#8963);
#9108 = CURVE_STYLE('',#9109,POSITIVE_LENGTH_MEASURE(0.1),#8963);
#9109 = DRAUGHTING_PRE_DEFINED_CURVE_FONT('continuous');
#9110 = STYLED_ITEM('color',(#9111),#2035);
#9111 = PRESENTATION_STYLE_ASSIGNMENT((#9112,#9117));
#9112 = SURFACE_STYLE_USAGE(.BOTH.,#9113);
#9113 = SURFACE_SIDE_STYLE('',(#9114));
#9114 = SURFACE_STYLE_FILL_AREA(#9115);
#9115 = FILL_AREA_STYLE('',(#9116));
#9116 = FILL_AREA_STYLE_COLOUR('',#8953);
#9117 = CURVE_STYLE('',#9118,POSITIVE_LENGTH_MEASURE(0.1),#8953);
#9118 = DRAUGHTING_PRE_DEFINED_CURVE_FONT('continuous');
#9119 = STYLED_ITEM('color',(#9120),#2047);
#9120 = PRESENTATION_STYLE_ASSIGNMENT((#9121,#9126));
#9121 = SURFACE_STYLE_USAGE(.BOTH.,#9122);
#9122 = SURFACE_SIDE_STYLE('',(#9123));
#9123 = SURFACE_STYLE_FILL_AREA(#9124);
#9124 = FILL_AREA_STYLE('',(#9125));
#9125 = FILL_AREA_STYLE_COLOUR('',#8953);
#9126 = CURVE_STYLE('',#9127,POSITIVE_LENGTH_MEASURE(0.1),#8953);
#9127 = DRAUGHTING_PRE_DEFINED_CURVE_FONT('continuous');
#9128 = STYLED_ITEM('color',(#9129),#2087);
#9129 = PRESENTATION_STYLE_ASSIGNMENT((#9130,#9135));
#9130 = SURFACE_STYLE_USAGE(.BOTH.,#9131);
#9131 = SURFACE_SIDE_STYLE('',(#9132));
#9132 = SURFACE_STYLE_FILL_AREA(#9133);
#9133 = FILL_AREA_STYLE('',(#9134));
#9134 = FILL_AREA_STYLE_COLOUR('',#8953);
#9135 = CURVE_STYLE('',#9136,POSITIVE_LENGTH_MEASURE(0.1),#8953);
#9136 = DRAUGHTING_PRE_DEFINED_CURVE_FONT('continuous');
#9137 = STYLED_ITEM('color',(#9138),#2127);
#9138 = PRESENTATION_STYLE_ASSIGNMENT((#9139,#9144));
#9139 = SURFACE_STYLE_USAGE(.BOTH.,#9140);
#9140 = SURFACE_SIDE_STYLE('',(#9141));
#9141 = SURFACE_STYLE_FILL_AREA(#9142);
#9142 = FILL_AREA_STYLE('',(#9143));
#9143 = FILL_AREA_STYLE_COLOUR('',#8953);
#9144 = CURVE_STYLE('',#9145,POSITIVE_LENGTH_MEASURE(0.1),#8953);
#9145 = DRAUGHTING_PRE_DEFINED_CURVE_FONT('continuous');
#9146 = STYLED_ITEM('color',(#9147),#2167);
#9147 = PRESENTATION_STYLE_ASSIGNMENT((#9148,#9153));
#9148 = SURFACE_STYLE_USAGE(.BOTH.,#9149);
#9149 = SURFACE_SIDE_STYLE('',(#9150));
#9150 = SURFACE_STYLE_FILL_AREA(#9151);
#9151 = FILL_AREA_STYLE('',(#9152));
#9152 = FILL_AREA_STYLE_COLOUR('',#8953);
#9153 = CURVE_STYLE('',#9154,POSITIVE_LENGTH_MEASURE(0.1),#8953);
#9154 = DRAUGHTING_PRE_DEFINED_CURVE_FONT('continuous');
#9155 = STYLED_ITEM('color',(#9156),#2207);
#9156 = PRESENTATION_STYLE_ASSIGNMENT((#9157,#9162));
#9157 = SURFACE_STYLE_USAGE(.BOTH.,#9158);
#9158 = SURFACE_SIDE_STYLE('',(#9159));
#9159 = SURFACE_STYLE_FILL_AREA(#9160);
#9160 = FILL_AREA_STYLE('',(#9161));
#9161 = FILL_AREA_STYLE_COLOUR('',#8953);
#9162 = CURVE_STYLE('',#9163,POSITIVE_LENGTH_MEASURE(0.1),#8953);
#9163 = DRAUGHTING_PRE_DEFINED_CURVE_FONT('continuous');
#9164 = STYLED_ITEM('color',(#9165),#2247);
#9165 = PRESENTATION_STYLE_ASSIGNMENT((#9166,#9171));
#9166 = SURFACE_STYLE_USAGE(.BOTH.,#9167);
#9167 = SURFACE_SIDE_STYLE('',(#9168));
#9168 = SURFACE_STYLE_FILL_AREA(#9169);
#9169 = FILL_AREA_STYLE('',(#9170));
#9170 = FILL_AREA_STYLE_COLOUR('',#8953);
#9171 = CURVE_STYLE('',#9172,POSITIVE_LENGTH_MEASURE(0.1),#8953);
#9172 = DRAUGHTING_PRE_DEFINED_CURVE_FONT('continuous');
#9173 = STYLED_ITEM('color',(#9174),#2287);
#9174 = PRESENTATION_STYLE_ASSIGNMENT((#9175,#9180));
#9175 = SURFACE_STYLE_USAGE(.BOTH.,#9176);
#9176 = SURFACE_SIDE_STYLE('',(#9177));
#9177 = SURFACE_STYLE_FILL_AREA(#9178);
#9178 = FILL_AREA_STYLE('',(#9179));
#9179 = FILL_AREA_STYLE_COLOUR('',#8953);
#9180 = CURVE_STYLE('',#9181,POSITIVE_LENGTH_MEASURE(0.1),#8953);
#9181 = DRAUGHTING_PRE_DEFINED_CURVE_FONT('continuous');
#9182 = STYLED_ITEM('color',(#9183),#2327);
#9183 = PRESENTATION_STYLE_ASSIGNMENT((#9184,#9189));
#9184 = SURFACE_STYLE_USAGE(.BOTH.,#9185);
#9185 = SURFACE_SIDE_STYLE('',(#9186));
#9186 = SURFACE_STYLE_FILL_AREA(#9187);
#9187 = FILL_AREA_STYLE('',(#9188));
#9188 = FILL_AREA_STYLE_COLOUR('',#8963);
#9189 = CURVE_STYLE('',#9190,POSITIVE_LENGTH_MEASURE(0.1),#8963);
#9190 = DRAUGHTING_PRE_DEFINED_CURVE_FONT('continuous');
#9191 = STYLED_ITEM('color',(#9192),#2349);
#9192 = PRESENTATION_STYLE_ASSIGNMENT((#9193,#9198));
#9193 = SURFACE_STYLE_USAGE(.BOTH.,#9194);
#9194 = SURFACE_SIDE_STYLE('',(#9195));
#9195 = SURFACE_STYLE_FILL_AREA(#9196);
#9196 = FILL_AREA_STYLE('',(#9197));
#9197 = FILL_AREA_STYLE_COLOUR('',#8963);
#9198 = CURVE_STYLE('',#9199,POSITIVE_LENGTH_MEASURE(0.1),#8963);
#9199 = DRAUGHTING_PRE_DEFINED_CURVE_FONT('continuous');
#9200 = STYLED_ITEM('color',(#9201),#2366);
#9201 = PRESENTATION_STYLE_ASSIGNMENT((#9202,#9207));
#9202 = SURFACE_STYLE_USAGE(.BOTH.,#9203);
#9203 = SURFACE_SIDE_STYLE('',(#9204));
#9204 = SURFACE_STYLE_FILL_AREA(#9205);
#9205 = FILL_AREA_STYLE('',(#9206));
#9206 = FILL_AREA_STYLE_COLOUR('',#8963);
#9207 = CURVE_STYLE('',#9208,POSITIVE_LENGTH_MEASURE(0.1),#8963);
#9208 = DRAUGHTING_PRE_DEFINED_CURVE_FONT('continuous');
#9209 = STYLED_ITEM('color',(#9210),#2383);
#9210 = PRESENTATION_STYLE_ASSIGNMENT((#9211,#9216));
#9211 = SURFACE_STYLE_USAGE(.BOTH.,#9212);
#9212 = SURFACE_SIDE_STYLE('',(#9213));
#9213 = SURFACE_STYLE_FILL_AREA(#9214);
#9214 = FILL_AREA_STYLE('',(#9215));
#9215 = FILL_AREA_STYLE_COLOUR('',#8963);
#9216 = CURVE_STYLE('',#9217,POSITIVE_LENGTH_MEASURE(0.1),#8963);
#9217 = DRAUGHTING_PRE_DEFINED_CURVE_FONT('continuous');
#9218 = STYLED_ITEM('color',(#9219),#2395);
#9219 = PRESENTATION_STYLE_ASSIGNMENT((#9220,#9225));
#9220 = SURFACE_STYLE_USAGE(.BOTH.,#9221);
#9221 = SURFACE_SIDE_STYLE('',(#9222));
#9222 = SURFACE_STYLE_FILL_AREA(#9223);
#9223 = FILL_AREA_STYLE('',(#9224));
#9224 = FILL_AREA_STYLE_COLOUR('',#8963);
#9225 = CURVE_STYLE('',#9226,POSITIVE_LENGTH_MEASURE(0.1),#8963);
#9226 = DRAUGHTING_PRE_DEFINED_CURVE_FONT('continuous');
#9227 = STYLED_ITEM('color',(#9228),#2417);
#9228 = PRESENTATION_STYLE_ASSIGNMENT((#9229,#9234));
#9229 = SURFACE_STYLE_USAGE(.BOTH.,#9230);
#9230 = SURFACE_SIDE_STYLE('',(#9231));
#9231 = SURFACE_STYLE_FILL_AREA(#9232);
#9232 = FILL_AREA_STYLE('',(#9233));
#9233 = FILL_AREA_STYLE_COLOUR('',#8963);
#9234 = CURVE_STYLE('',#9235,POSITIVE_LENGTH_MEASURE(0.1),#8963);
#9235 = DRAUGHTING_PRE_DEFINED_CURVE_FONT('continuous');
#9236 = STYLED_ITEM('color',(#9237),#2434);
#9237 = PRESENTATION_STYLE_ASSIGNMENT((#9238,#9243));
#9238 = SURFACE_STYLE_USAGE(.BOTH.,#9239);
#9239 = SURFACE_SIDE_STYLE('',(#9240));
#9240 = SURFACE_STYLE_FILL_AREA(#9241);
#9241 = FILL_AREA_STYLE('',(#9242));
#9242 = FILL_AREA_STYLE_COLOUR('',#8963);
#9243 = CURVE_STYLE('',#9244,POSITIVE_LENGTH_MEASURE(0.1),#8963);
#9244 = DRAUGHTING_PRE_DEFINED_CURVE_FONT('continuous');
#9245 = STYLED_ITEM('color',(#9246),#2451);
#9246 = PRESENTATION_STYLE_ASSIGNMENT((#9247,#9252));
#9247 = SURFACE_STYLE_USAGE(.BOTH.,#9248);
#9248 = SURFACE_SIDE_STYLE('',(#9249));
#9249 = SURFACE_STYLE_FILL_AREA(#9250);
#9250 = FILL_AREA_STYLE('',(#9251));
#9251 = FILL_AREA_STYLE_COLOUR('',#8963);
#9252 = CURVE_STYLE('',#9253,POSITIVE_LENGTH_MEASURE(0.1),#8963);
#9253 = DRAUGHTING_PRE_DEFINED_CURVE_FONT('continuous');
#9254 = STYLED_ITEM('color',(#9255),#2463);
#9255 = PRESENTATION_STYLE_ASSIGNMENT((#9256,#9261));
#9256 = SURFACE_STYLE_USAGE(.BOTH.,#9257);
#9257 = SURFACE_SIDE_STYLE('',(#9258));
#9258 = SURFACE_STYLE_FILL_AREA(#9259);
#9259 = FILL_AREA_STYLE('',(#9260));
#9260 = FILL_AREA_STYLE_COLOUR('',#8963);
#9261 = CURVE_STYLE('',#9262,POSITIVE_LENGTH_MEASURE(0.1),#8963);
#9262 = DRAUGHTING_PRE_DEFINED_CURVE_FONT('continuous');
#9263 = STYLED_ITEM('color',(#9264),#2485);
#9264 = PRESENTATION_STYLE_ASSIGNMENT((#9265,#9270));
#9265 = SURFACE_STYLE_USAGE(.BOTH.,#9266);
#9266 = SURFACE_SIDE_STYLE('',(#9267));
#9267 = SURFACE_STYLE_FILL_AREA(#9268);
#9268 = FILL_AREA_STYLE('',(#9269));
#9269 = FILL_AREA_STYLE_COLOUR('',#8963);
#9270 = CURVE_STYLE('',#9271,POSITIVE_LENGTH_MEASURE(0.1),#8963);
#9271 = DRAUGHTING_PRE_DEFINED_CURVE_FONT('continuous');
#9272 = STYLED_ITEM('color',(#9273),#2502);
#9273 = PRESENTATION_STYLE_ASSIGNMENT((#9274,#9279));
#9274 = SURFACE_STYLE_USAGE(.BOTH.,#9275);
#9275 = SURFACE_SIDE_STYLE('',(#9276));
#9276 = SURFACE_STYLE_FILL_AREA(#9277);
#9277 = FILL_AREA_STYLE('',(#9278));
#9278 = FILL_AREA_STYLE_COLOUR('',#8963);
#9279 = CURVE_STYLE('',#9280,POSITIVE_LENGTH_MEASURE(0.1),#8963);
#9280 = DRAUGHTING_PRE_DEFINED_CURVE_FONT('continuous');
#9281 = STYLED_ITEM('color',(#9282),#2519);
#9282 = PRESENTATION_STYLE_ASSIGNMENT((#9283,#9288));
#9283 = SURFACE_STYLE_USAGE(.BOTH.,#9284);
#9284 = SURFACE_SIDE_STYLE('',(#9285));
#9285 = SURFACE_STYLE_FILL_AREA(#9286);
#9286 = FILL_AREA_STYLE('',(#9287));
#9287 = FILL_AREA_STYLE_COLOUR('',#8963);
#9288 = CURVE_STYLE('',#9289,POSITIVE_LENGTH_MEASURE(0.1),#8963);
#9289 = DRAUGHTING_PRE_DEFINED_CURVE_FONT('continuous');
#9290 = STYLED_ITEM('color',(#9291),#2531);
#9291 = PRESENTATION_STYLE_ASSIGNMENT((#9292,#9297));
#9292 = SURFACE_STYLE_USAGE(.BOTH.,#9293);
#9293 = SURFACE_SIDE_STYLE('',(#9294));
#9294 = SURFACE_STYLE_FILL_AREA(#9295);
#9295 = FILL_AREA_STYLE('',(#9296));
#9296 = FILL_AREA_STYLE_COLOUR('',#8963);
#9297 = CURVE_STYLE('',#9298,POSITIVE_LENGTH_MEASURE(0.1),#8963);
#9298 = DRAUGHTING_PRE_DEFINED_CURVE_FONT('continuous');
#9299 = STYLED_ITEM('color',(#9300),#2553);
#9300 = PRESENTATION_STYLE_ASSIGNMENT((#9301,#9306));
#9301 = SURFACE_STYLE_USAGE(.BOTH.,#9302);
#9302 = SURFACE_SIDE_STYLE('',(#9303));
#9303 = SURFACE_STYLE_FILL_AREA(#9304);
#9304 = FILL_AREA_STYLE('',(#9305));
#9305 = FILL_AREA_STYLE_COLOUR('',#8963);
#9306 = CURVE_STYLE('',#9307,POSITIVE_LENGTH_MEASURE(0.1),#8963);
#9307 = DRAUGHTING_PRE_DEFINED_CURVE_FONT('continuous');
#9308 = STYLED_ITEM('color',(#9309),#2570);
#9309 = PRESENTATION_STYLE_ASSIGNMENT((#9310,#9315));
#9310 = SURFACE_STYLE_USAGE(.BOTH.,#9311);
#9311 = SURFACE_SIDE_STYLE('',(#9312));
#9312 = SURFACE_STYLE_FILL_AREA(#9313);
#9313 = FILL_AREA_STYLE('',(#9314));
#9314 = FILL_AREA_STYLE_COLOUR('',#8963);
#9315 = CURVE_STYLE('',#9316,POSITIVE_LENGTH_MEASURE(0.1),#8963);
#9316 = DRAUGHTING_PRE_DEFINED_CURVE_FONT('continuous');
#9317 = STYLED_ITEM('color',(#9318),#2587);
#9318 = PRESENTATION_STYLE_ASSIGNMENT((#9319,#9324));
#9319 = SURFACE_STYLE_USAGE(.BOTH.,#9320);
#9320 = SURFACE_SIDE_STYLE('',(#9321));
#9321 = SURFACE_STYLE_FILL_AREA(#9322);
#9322 = FILL_AREA_STYLE('',(#9323));
#9323 = FILL_AREA_STYLE_COLOUR('',#8963);
#9324 = CURVE_STYLE('',#9325,POSITIVE_LENGTH_MEASURE(0.1),#8963);
#9325 = DRAUGHTING_PRE_DEFINED_CURVE_FONT('continuous');
#9326 = STYLED_ITEM('color',(#9327),#2599);
#9327 = PRESENTATION_STYLE_ASSIGNMENT((#9328,#9333));
#9328 = SURFACE_STYLE_USAGE(.BOTH.,#9329);
#9329 = SURFACE_SIDE_STYLE('',(#9330));
#9330 = SURFACE_STYLE_FILL_AREA(#9331);
#9331 = FILL_AREA_STYLE('',(#9332));
#9332 = FILL_AREA_STYLE_COLOUR('',#8963);
#9333 = CURVE_STYLE('',#9334,POSITIVE_LENGTH_MEASURE(0.1),#8963);
#9334 = DRAUGHTING_PRE_DEFINED_CURVE_FONT('continuous');
#9335 = STYLED_ITEM('color',(#9336),#2621);
#9336 = PRESENTATION_STYLE_ASSIGNMENT((#9337,#9342));
#9337 = SURFACE_STYLE_USAGE(.BOTH.,#9338);
#9338 = SURFACE_SIDE_STYLE('',(#9339));
#9339 = SURFACE_STYLE_FILL_AREA(#9340);
#9340 = FILL_AREA_STYLE('',(#9341));
#9341 = FILL_AREA_STYLE_COLOUR('',#8963);
#9342 = CURVE_STYLE('',#9343,POSITIVE_LENGTH_MEASURE(0.1),#8963);
#9343 = DRAUGHTING_PRE_DEFINED_CURVE_FONT('continuous');
#9344 = STYLED_ITEM('color',(#9345),#2638);
#9345 = PRESENTATION_STYLE_ASSIGNMENT((#9346,#9351));
#9346 = SURFACE_STYLE_USAGE(.BOTH.,#9347);
#9347 = SURFACE_SIDE_STYLE('',(#9348));
#9348 = SURFACE_STYLE_FILL_AREA(#9349);
#9349 = FILL_AREA_STYLE('',(#9350));
#9350 = FILL_AREA_STYLE_COLOUR('',#8963);
#9351 = CURVE_STYLE('',#9352,POSITIVE_LENGTH_MEASURE(0.1),#8963);
#9352 = DRAUGHTING_PRE_DEFINED_CURVE_FONT('continuous');
#9353 = STYLED_ITEM('color',(#9354),#2655);
#9354 = PRESENTATION_STYLE_ASSIGNMENT((#9355,#9360));
#9355 = SURFACE_STYLE_USAGE(.BOTH.,#9356);
#9356 = SURFACE_SIDE_STYLE('',(#9357));
#9357 = SURFACE_STYLE_FILL_AREA(#9358);
#9358 = FILL_AREA_STYLE('',(#9359));
#9359 = FILL_AREA_STYLE_COLOUR('',#8963);
#9360 = CURVE_STYLE('',#9361,POSITIVE_LENGTH_MEASURE(0.1),#8963);
#9361 = DRAUGHTING_PRE_DEFINED_CURVE_FONT('continuous');
#9362 = STYLED_ITEM('color',(#9363),#2667);
#9363 = PRESENTATION_STYLE_ASSIGNMENT((#9364,#9369));
#9364 = SURFACE_STYLE_USAGE(.BOTH.,#9365);
#9365 = SURFACE_SIDE_STYLE('',(#9366));
#9366 = SURFACE_STYLE_FILL_AREA(#9367);
#9367 = FILL_AREA_STYLE('',(#9368));
#9368 = FILL_AREA_STYLE_COLOUR('',#8963);
#9369 = CURVE_STYLE('',#9370,POSITIVE_LENGTH_MEASURE(0.1),#8963);
#9370 = DRAUGHTING_PRE_DEFINED_CURVE_FONT('continuous');
#9371 = STYLED_ITEM('color',(#9372),#2689);
#9372 = PRESENTATION_STYLE_ASSIGNMENT((#9373,#9378));
#9373 = SURFACE_STYLE_USAGE(.BOTH.,#9374);
#9374 = SURFACE_SIDE_STYLE('',(#9375));
#9375 = SURFACE_STYLE_FILL_AREA(#9376);
#9376 = FILL_AREA_STYLE('',(#9377));
#9377 = FILL_AREA_STYLE_COLOUR('',#8963);
#9378 = CURVE_STYLE('',#9379,POSITIVE_LENGTH_MEASURE(0.1),#8963);
#9379 = DRAUGHTING_PRE_DEFINED_CURVE_FONT('continuous');
#9380 = STYLED_ITEM('color',(#9381),#2706);
#9381 = PRESENTATION_STYLE_ASSIGNMENT((#9382,#9387));
#9382 = SURFACE_STYLE_USAGE(.BOTH.,#9383);
#9383 = SURFACE_SIDE_STYLE('',(#9384));
#9384 = SURFACE_STYLE_FILL_AREA(#9385);
#9385 = FILL_AREA_STYLE('',(#9386));
#9386 = FILL_AREA_STYLE_COLOUR('',#8963);
#9387 = CURVE_STYLE('',#9388,POSITIVE_LENGTH_MEASURE(0.1),#8963);
#9388 = DRAUGHTING_PRE_DEFINED_CURVE_FONT('continuous');
#9389 = STYLED_ITEM('color',(#9390),#2723);
#9390 = PRESENTATION_STYLE_ASSIGNMENT((#9391,#9396));
#9391 = SURFACE_STYLE_USAGE(.BOTH.,#9392);
#9392 = SURFACE_SIDE_STYLE('',(#9393));
#9393 = SURFACE_STYLE_FILL_AREA(#9394);
#9394 = FILL_AREA_STYLE('',(#9395));
#9395 = FILL_AREA_STYLE_COLOUR('',#8963);
#9396 = CURVE_STYLE('',#9397,POSITIVE_LENGTH_MEASURE(0.1),#8963);
#9397 = DRAUGHTING_PRE_DEFINED_CURVE_FONT('continuous');
#9398 = STYLED_ITEM('color',(#9399),#2735);
#9399 = PRESENTATION_STYLE_ASSIGNMENT((#9400,#9405));
#9400 = SURFACE_STYLE_USAGE(.BOTH.,#9401);
#9401 = SURFACE_SIDE_STYLE('',(#9402));
#9402 = SURFACE_STYLE_FILL_AREA(#9403);
#9403 = FILL_AREA_STYLE('',(#9404));
#9404 = FILL_AREA_STYLE_COLOUR('',#8963);
#9405 = CURVE_STYLE('',#9406,POSITIVE_LENGTH_MEASURE(0.1),#8963);
#9406 = DRAUGHTING_PRE_DEFINED_CURVE_FONT('continuous');
#9407 = STYLED_ITEM('color',(#9408),#2757);
#9408 = PRESENTATION_STYLE_ASSIGNMENT((#9409,#9414));
#9409 = SURFACE_STYLE_USAGE(.BOTH.,#9410);
#9410 = SURFACE_SIDE_STYLE('',(#9411));
#9411 = SURFACE_STYLE_FILL_AREA(#9412);
#9412 = FILL_AREA_STYLE('',(#9413));
#9413 = FILL_AREA_STYLE_COLOUR('',#8963);
#9414 = CURVE_STYLE('',#9415,POSITIVE_LENGTH_MEASURE(0.1),#8963);
#9415 = DRAUGHTING_PRE_DEFINED_CURVE_FONT('continuous');
#9416 = STYLED_ITEM('color',(#9417),#2774);
#9417 = PRESENTATION_STYLE_ASSIGNMENT((#9418,#9423));
#9418 = SURFACE_STYLE_USAGE(.BOTH.,#9419);
#9419 = SURFACE_SIDE_STYLE('',(#9420));
#9420 = SURFACE_STYLE_FILL_AREA(#9421);
#9421 = FILL_AREA_STYLE('',(#9422));
#9422 = FILL_AREA_STYLE_COLOUR('',#8963);
#9423 = CURVE_STYLE('',#9424,POSITIVE_LENGTH_MEASURE(0.1),#8963);
#9424 = DRAUGHTING_PRE_DEFINED_CURVE_FONT('continuous');
#9425 = STYLED_ITEM('color',(#9426),#2791);
#9426 = PRESENTATION_STYLE_ASSIGNMENT((#9427,#9432));
#9427 = SURFACE_STYLE_USAGE(.BOTH.,#9428);
#9428 = SURFACE_SIDE_STYLE('',(#9429));
#9429 = SURFACE_STYLE_FILL_AREA(#9430);
#9430 = FILL_AREA_STYLE('',(#9431));
#9431 = FILL_AREA_STYLE_COLOUR('',#8963);
#9432 = CURVE_STYLE('',#9433,POSITIVE_LENGTH_MEASURE(0.1),#8963);
#9433 = DRAUGHTING_PRE_DEFINED_CURVE_FONT('continuous');
#9434 = STYLED_ITEM('color',(#9435),#2803);
#9435 = PRESENTATION_STYLE_ASSIGNMENT((#9436,#9441));
#9436 = SURFACE_STYLE_USAGE(.BOTH.,#9437);
#9437 = SURFACE_SIDE_STYLE('',(#9438));
#9438 = SURFACE_STYLE_FILL_AREA(#9439);
#9439 = FILL_AREA_STYLE('',(#9440));
#9440 = FILL_AREA_STYLE_COLOUR('',#8963);
#9441 = CURVE_STYLE('',#9442,POSITIVE_LENGTH_MEASURE(0.1),#8963);
#9442 = DRAUGHTING_PRE_DEFINED_CURVE_FONT('continuous');
#9443 = STYLED_ITEM('color',(#9444),#2983);
#9444 = PRESENTATION_STYLE_ASSIGNMENT((#9445,#9450));
#9445 = SURFACE_STYLE_USAGE(.BOTH.,#9446);
#9446 = SURFACE_SIDE_STYLE('',(#9447));
#9447 = SURFACE_STYLE_FILL_AREA(#9448);
#9448 = FILL_AREA_STYLE('',(#9449));
#9449 = FILL_AREA_STYLE_COLOUR('',#8953);
#9450 = CURVE_STYLE('',#9451,POSITIVE_LENGTH_MEASURE(0.1),#8953);
#9451 = DRAUGHTING_PRE_DEFINED_CURVE_FONT('continuous');
#9452 = STYLED_ITEM('color',(#9453),#3022);
#9453 = PRESENTATION_STYLE_ASSIGNMENT((#9454,#9459));
#9454 = SURFACE_STYLE_USAGE(.BOTH.,#9455);
#9455 = SURFACE_SIDE_STYLE('',(#9456));
#9456 = SURFACE_STYLE_FILL_AREA(#9457);
#9457 = FILL_AREA_STYLE('',(#9458));
#9458 = FILL_AREA_STYLE_COLOUR('',#8953);
#9459 = CURVE_STYLE('',#9460,POSITIVE_LENGTH_MEASURE(0.1),#8953);
#9460 = DRAUGHTING_PRE_DEFINED_CURVE_FONT('continuous');
#9461 = STYLED_ITEM('color',(#9462),#3046);
#9462 = PRESENTATION_STYLE_ASSIGNMENT((#9463,#9468));
#9463 = SURFACE_STYLE_USAGE(.BOTH.,#9464);
#9464 = SURFACE_SIDE_STYLE('',(#9465));
#9465 = SURFACE_STYLE_FILL_AREA(#9466);
#9466 = FILL_AREA_STYLE('',(#9467));
#9467 = FILL_AREA_STYLE_COLOUR('',#8953);
#9468 = CURVE_STYLE('',#9469,POSITIVE_LENGTH_MEASURE(0.1),#8953);
#9469 = DRAUGHTING_PRE_DEFINED_CURVE_FONT('continuous');
#9470 = STYLED_ITEM('color',(#9471),#3078);
#9471 = PRESENTATION_STYLE_ASSIGNMENT((#9472,#9477));
#9472 = SURFACE_STYLE_USAGE(.BOTH.,#9473);
#9473 = SURFACE_SIDE_STYLE('',(#9474));
#9474 = SURFACE_STYLE_FILL_AREA(#9475);
#9475 = FILL_AREA_STYLE('',(#9476));
#9476 = FILL_AREA_STYLE_COLOUR('',#8953);
#9477 = CURVE_STYLE('',#9478,POSITIVE_LENGTH_MEASURE(0.1),#8953);
#9478 = DRAUGHTING_PRE_DEFINED_CURVE_FONT('continuous');
#9479 = STYLED_ITEM('color',(#9480),#3095);
#9480 = PRESENTATION_STYLE_ASSIGNMENT((#9481,#9486));
#9481 = SURFACE_STYLE_USAGE(.BOTH.,#9482);
#9482 = SURFACE_SIDE_STYLE('',(#9483));
#9483 = SURFACE_STYLE_FILL_AREA(#9484);
#9484 = FILL_AREA_STYLE('',(#9485));
#9485 = FILL_AREA_STYLE_COLOUR('',#8953);
#9486 = CURVE_STYLE('',#9487,POSITIVE_LENGTH_MEASURE(0.1),#8953);
#9487 = DRAUGHTING_PRE_DEFINED_CURVE_FONT('continuous');
#9488 = STYLED_ITEM('color',(#9489),#3112);
#9489 = PRESENTATION_STYLE_ASSIGNMENT((#9490,#9495));
#9490 = SURFACE_STYLE_USAGE(.BOTH.,#9491);
#9491 = SURFACE_SIDE_STYLE('',(#9492));
#9492 = SURFACE_STYLE_FILL_AREA(#9493);
#9493 = FILL_AREA_STYLE('',(#9494));
#9494 = FILL_AREA_STYLE_COLOUR('',#8953);
#9495 = CURVE_STYLE('',#9496,POSITIVE_LENGTH_MEASURE(0.1),#8953);
#9496 = DRAUGHTING_PRE_DEFINED_CURVE_FONT('continuous');
#9497 = STYLED_ITEM('color',(#9498),#3124);
#9498 = PRESENTATION_STYLE_ASSIGNMENT((#9499,#9504));
#9499 = SURFACE_STYLE_USAGE(.BOTH.,#9500);
#9500 = SURFACE_SIDE_STYLE('',(#9501));
#9501 = SURFACE_STYLE_FILL_AREA(#9502);
#9502 = FILL_AREA_STYLE('',(#9503));
#9503 = FILL_AREA_STYLE_COLOUR('',#8953);
#9504 = CURVE_STYLE('',#9505,POSITIVE_LENGTH_MEASURE(0.1),#8953);
#9505 = DRAUGHTING_PRE_DEFINED_CURVE_FONT('continuous');
#9506 = STYLED_ITEM('color',(#9507),#3163);
#9507 = PRESENTATION_STYLE_ASSIGNMENT((#9508,#9513));
#9508 = SURFACE_STYLE_USAGE(.BOTH.,#9509);
#9509 = SURFACE_SIDE_STYLE('',(#9510));
#9510 = SURFACE_STYLE_FILL_AREA(#9511);
#9511 = FILL_AREA_STYLE('',(#9512));
#9512 = FILL_AREA_STYLE_COLOUR('',#8953);
#9513 = CURVE_STYLE('',#9514,POSITIVE_LENGTH_MEASURE(0.1),#8953);
#9514 = DRAUGHTING_PRE_DEFINED_CURVE_FONT('continuous');
#9515 = STYLED_ITEM('color',(#9516),#3187);
#9516 = PRESENTATION_STYLE_ASSIGNMENT((#9517,#9522));
#9517 = SURFACE_STYLE_USAGE(.BOTH.,#9518);
#9518 = SURFACE_SIDE_STYLE('',(#9519));
#9519 = SURFACE_STYLE_FILL_AREA(#9520);
#9520 = FILL_AREA_STYLE('',(#9521));
#9521 = FILL_AREA_STYLE_COLOUR('',#8953);
#9522 = CURVE_STYLE('',#9523,POSITIVE_LENGTH_MEASURE(0.1),#8953);
#9523 = DRAUGHTING_PRE_DEFINED_CURVE_FONT('continuous');
#9524 = STYLED_ITEM('color',(#9525),#3219);
#9525 = PRESENTATION_STYLE_ASSIGNMENT((#9526,#9531));
#9526 = SURFACE_STYLE_USAGE(.BOTH.,#9527);
#9527 = SURFACE_SIDE_STYLE('',(#9528));
#9528 = SURFACE_STYLE_FILL_AREA(#9529);
#9529 = FILL_AREA_STYLE('',(#9530));
#9530 = FILL_AREA_STYLE_COLOUR('',#8953);
#9531 = CURVE_STYLE('',#9532,POSITIVE_LENGTH_MEASURE(0.1),#8953);
#9532 = DRAUGHTING_PRE_DEFINED_CURVE_FONT('continuous');
#9533 = STYLED_ITEM('color',(#9534),#3236);
#9534 = PRESENTATION_STYLE_ASSIGNMENT((#9535,#9540));
#9535 = SURFACE_STYLE_USAGE(.BOTH.,#9536);
#9536 = SURFACE_SIDE_STYLE('',(#9537));
#9537 = SURFACE_STYLE_FILL_AREA(#9538);
#9538 = FILL_AREA_STYLE('',(#9539));
#9539 = FILL_AREA_STYLE_COLOUR('',#8953);
#9540 = CURVE_STYLE('',#9541,POSITIVE_LENGTH_MEASURE(0.1),#8953);
#9541 = DRAUGHTING_PRE_DEFINED_CURVE_FONT('continuous');
#9542 = STYLED_ITEM('color',(#9543),#3253);
#9543 = PRESENTATION_STYLE_ASSIGNMENT((#9544,#9549));
#9544 = SURFACE_STYLE_USAGE(.BOTH.,#9545);
#9545 = SURFACE_SIDE_STYLE('',(#9546));
#9546 = SURFACE_STYLE_FILL_AREA(#9547);
#9547 = FILL_AREA_STYLE('',(#9548));
#9548 = FILL_AREA_STYLE_COLOUR('',#8953);
#9549 = CURVE_STYLE('',#9550,POSITIVE_LENGTH_MEASURE(0.1),#8953);
#9550 = DRAUGHTING_PRE_DEFINED_CURVE_FONT('continuous');
#9551 = STYLED_ITEM('color',(#9552),#3265);
#9552 = PRESENTATION_STYLE_ASSIGNMENT((#9553,#9558));
#9553 = SURFACE_STYLE_USAGE(.BOTH.,#9554);
#9554 = SURFACE_SIDE_STYLE('',(#9555));
#9555 = SURFACE_STYLE_FILL_AREA(#9556);
#9556 = FILL_AREA_STYLE('',(#9557));
#9557 = FILL_AREA_STYLE_COLOUR('',#8953);
#9558 = CURVE_STYLE('',#9559,POSITIVE_LENGTH_MEASURE(0.1),#8953);
#9559 = DRAUGHTING_PRE_DEFINED_CURVE_FONT('continuous');
#9560 = STYLED_ITEM('color',(#9561),#3304);
#9561 = PRESENTATION_STYLE_ASSIGNMENT((#9562,#9567));
#9562 = SURFACE_STYLE_USAGE(.BOTH.,#9563);
#9563 = SURFACE_SIDE_STYLE('',(#9564));
#9564 = SURFACE_STYLE_FILL_AREA(#9565);
#9565 = FILL_AREA_STYLE('',(#9566));
#9566 = FILL_AREA_STYLE_COLOUR('',#8953);
#9567 = CURVE_STYLE('',#9568,POSITIVE_LENGTH_MEASURE(0.1),#8953);
#9568 = DRAUGHTING_PRE_DEFINED_CURVE_FONT('continuous');
#9569 = STYLED_ITEM('color',(#9570),#3328);
#9570 = PRESENTATION_STYLE_ASSIGNMENT((#9571,#9576));
#9571 = SURFACE_STYLE_USAGE(.BOTH.,#9572);
#9572 = SURFACE_SIDE_STYLE('',(#9573));
#9573 = SURFACE_STYLE_FILL_AREA(#9574);
#9574 = FILL_AREA_STYLE('',(#9575));
#9575 = FILL_AREA_STYLE_COLOUR('',#8953);
#9576 = CURVE_STYLE('',#9577,POSITIVE_LENGTH_MEASURE(0.1),#8953);
#9577 = DRAUGHTING_PRE_DEFINED_CURVE_FONT('continuous');
#9578 = STYLED_ITEM('color',(#9579),#3360);
#9579 = PRESENTATION_STYLE_ASSIGNMENT((#9580,#9585));
#9580 = SURFACE_STYLE_USAGE(.BOTH.,#9581);
#9581 = SURFACE_SIDE_STYLE('',(#9582));
#9582 = SURFACE_STYLE_FILL_AREA(#9583);
#9583 = FILL_AREA_STYLE('',(#9584));
#9584 = FILL_AREA_STYLE_COLOUR('',#8953);
#9585 = CURVE_STYLE('',#9586,POSITIVE_LENGTH_MEASURE(0.1),#8953);
#9586 = DRAUGHTING_PRE_DEFINED_CURVE_FONT('continuous');
#9587 = STYLED_ITEM('color',(#9588),#3377);
#9588 = PRESENTATION_STYLE_ASSIGNMENT((#9589,#9594));
#9589 = SURFACE_STYLE_USAGE(.BOTH.,#9590);
#9590 = SURFACE_SIDE_STYLE('',(#9591));
#9591 = SURFACE_STYLE_FILL_AREA(#9592);
#9592 = FILL_AREA_STYLE('',(#9593));
#9593 = FILL_AREA_STYLE_COLOUR('',#8953);
#9594 = CURVE_STYLE('',#9595,POSITIVE_LENGTH_MEASURE(0.1),#8953);
#9595 = DRAUGHTING_PRE_DEFINED_CURVE_FONT('continuous');
#9596 = STYLED_ITEM('color',(#9597),#3394);
#9597 = PRESENTATION_STYLE_ASSIGNMENT((#9598,#9603));
#9598 = SURFACE_STYLE_USAGE(.BOTH.,#9599);
#9599 = SURFACE_SIDE_STYLE('',(#9600));
#9600 = SURFACE_STYLE_FILL_AREA(#9601);
#9601 = FILL_AREA_STYLE('',(#9602));
#9602 = FILL_AREA_STYLE_COLOUR('',#8953);
#9603 = CURVE_STYLE('',#9604,POSITIVE_LENGTH_MEASURE(0.1),#8953);
#9604 = DRAUGHTING_PRE_DEFINED_CURVE_FONT('continuous');
#9605 = STYLED_ITEM('color',(#9606),#3406);
#9606 = PRESENTATION_STYLE_ASSIGNMENT((#9607,#9612));
#9607 = SURFACE_STYLE_USAGE(.BOTH.,#9608);
#9608 = SURFACE_SIDE_STYLE('',(#9609));
#9609 = SURFACE_STYLE_FILL_AREA(#9610);
#9610 = FILL_AREA_STYLE('',(#9611));
#9611 = FILL_AREA_STYLE_COLOUR('',#8963);
#9612 = CURVE_STYLE('',#9613,POSITIVE_LENGTH_MEASURE(0.1),#8963);
#9613 = DRAUGHTING_PRE_DEFINED_CURVE_FONT('continuous');
#9614 = STYLED_ITEM('color',(#9615),#3462);
#9615 = PRESENTATION_STYLE_ASSIGNMENT((#9616,#9621));
#9616 = SURFACE_STYLE_USAGE(.BOTH.,#9617);
#9617 = SURFACE_SIDE_STYLE('',(#9618));
#9618 = SURFACE_STYLE_FILL_AREA(#9619);
#9619 = FILL_AREA_STYLE('',(#9620));
#9620 = FILL_AREA_STYLE_COLOUR('',#8963);
#9621 = CURVE_STYLE('',#9622,POSITIVE_LENGTH_MEASURE(0.1),#8963);
#9622 = DRAUGHTING_PRE_DEFINED_CURVE_FONT('continuous');
#9623 = STYLED_ITEM('color',(#9624),#3517);
#9624 = PRESENTATION_STYLE_ASSIGNMENT((#9625,#9630));
#9625 = SURFACE_STYLE_USAGE(.BOTH.,#9626);
#9626 = SURFACE_SIDE_STYLE('',(#9627));
#9627 = SURFACE_STYLE_FILL_AREA(#9628);
#9628 = FILL_AREA_STYLE('',(#9629));
#9629 = FILL_AREA_STYLE_COLOUR('',#8963);
#9630 = CURVE_STYLE('',#9631,POSITIVE_LENGTH_MEASURE(0.1),#8963);
#9631 = DRAUGHTING_PRE_DEFINED_CURVE_FONT('continuous');
#9632 = STYLED_ITEM('color',(#9633),#3539);
#9633 = PRESENTATION_STYLE_ASSIGNMENT((#9634,#9639));
#9634 = SURFACE_STYLE_USAGE(.BOTH.,#9635);
#9635 = SURFACE_SIDE_STYLE('',(#9636));
#9636 = SURFACE_STYLE_FILL_AREA(#9637);
#9637 = FILL_AREA_STYLE('',(#9638));
#9638 = FILL_AREA_STYLE_COLOUR('',#8963);
#9639 = CURVE_STYLE('',#9640,POSITIVE_LENGTH_MEASURE(0.1),#8963);
#9640 = DRAUGHTING_PRE_DEFINED_CURVE_FONT('continuous');
#9641 = STYLED_ITEM('color',(#9642),#3579);
#9642 = PRESENTATION_STYLE_ASSIGNMENT((#9643,#9648));
#9643 = SURFACE_STYLE_USAGE(.BOTH.,#9644);
#9644 = SURFACE_SIDE_STYLE('',(#9645));
#9645 = SURFACE_STYLE_FILL_AREA(#9646);
#9646 = FILL_AREA_STYLE('',(#9647));
#9647 = FILL_AREA_STYLE_COLOUR('',#8963);
#9648 = CURVE_STYLE('',#9649,POSITIVE_LENGTH_MEASURE(0.1),#8963);
#9649 = DRAUGHTING_PRE_DEFINED_CURVE_FONT('continuous');
#9650 = STYLED_ITEM('color',(#9651),#3596);
#9651 = PRESENTATION_STYLE_ASSIGNMENT((#9652,#9657));
#9652 = SURFACE_STYLE_USAGE(.BOTH.,#9653);
#9653 = SURFACE_SIDE_STYLE('',(#9654));
#9654 = SURFACE_STYLE_FILL_AREA(#9655);
#9655 = FILL_AREA_STYLE('',(#9656));
#9656 = FILL_AREA_STYLE_COLOUR('',#8963);
#9657 = CURVE_STYLE('',#9658,POSITIVE_LENGTH_MEASURE(0.1),#8963);
#9658 = DRAUGHTING_PRE_DEFINED_CURVE_FONT('continuous');
#9659 = STYLED_ITEM('color',(#9660),#3627);
#9660 = PRESENTATION_STYLE_ASSIGNMENT((#9661,#9666));
#9661 = SURFACE_STYLE_USAGE(.BOTH.,#9662);
#9662 = SURFACE_SIDE_STYLE('',(#9663));
#9663 = SURFACE_STYLE_FILL_AREA(#9664);
#9664 = FILL_AREA_STYLE('',(#9665));
#9665 = FILL_AREA_STYLE_COLOUR('',#8963);
#9666 = CURVE_STYLE('',#9667,POSITIVE_LENGTH_MEASURE(0.1),#8963);
#9667 = DRAUGHTING_PRE_DEFINED_CURVE_FONT('continuous');
#9668 = STYLED_ITEM('color',(#9669),#3666);
#9669 = PRESENTATION_STYLE_ASSIGNMENT((#9670,#9675));
#9670 = SURFACE_STYLE_USAGE(.BOTH.,#9671);
#9671 = SURFACE_SIDE_STYLE('',(#9672));
#9672 = SURFACE_STYLE_FILL_AREA(#9673);
#9673 = FILL_AREA_STYLE('',(#9674));
#9674 = FILL_AREA_STYLE_COLOUR('',#8963);
#9675 = CURVE_STYLE('',#9676,POSITIVE_LENGTH_MEASURE(0.1),#8963);
#9676 = DRAUGHTING_PRE_DEFINED_CURVE_FONT('continuous');
#9677 = STYLED_ITEM('color',(#9678),#3697);
#9678 = PRESENTATION_STYLE_ASSIGNMENT((#9679,#9684));
#9679 = SURFACE_STYLE_USAGE(.BOTH.,#9680);
#9680 = SURFACE_SIDE_STYLE('',(#9681));
#9681 = SURFACE_STYLE_FILL_AREA(#9682);
#9682 = FILL_AREA_STYLE('',(#9683));
#9683 = FILL_AREA_STYLE_COLOUR('',#8963);
#9684 = CURVE_STYLE('',#9685,POSITIVE_LENGTH_MEASURE(0.1),#8963);
#9685 = DRAUGHTING_PRE_DEFINED_CURVE_FONT('continuous');
#9686 = STYLED_ITEM('color',(#9687),#3737);
#9687 = PRESENTATION_STYLE_ASSIGNMENT((#9688,#9693));
#9688 = SURFACE_STYLE_USAGE(.BOTH.,#9689);
#9689 = SURFACE_SIDE_STYLE('',(#9690));
#9690 = SURFACE_STYLE_FILL_AREA(#9691);
#9691 = FILL_AREA_STYLE('',(#9692));
#9692 = FILL_AREA_STYLE_COLOUR('',#8963);
#9693 = CURVE_STYLE('',#9694,POSITIVE_LENGTH_MEASURE(0.1),#8963);
#9694 = DRAUGHTING_PRE_DEFINED_CURVE_FONT('continuous');
#9695 = STYLED_ITEM('color',(#9696),#3761);
#9696 = PRESENTATION_STYLE_ASSIGNMENT((#9697,#9702));
#9697 = SURFACE_STYLE_USAGE(.BOTH.,#9698);
#9698 = SURFACE_SIDE_STYLE('',(#9699));
#9699 = SURFACE_STYLE_FILL_AREA(#9700);
#9700 = FILL_AREA_STYLE('',(#9701));
#9701 = FILL_AREA_STYLE_COLOUR('',#8963);
#9702 = CURVE_STYLE('',#9703,POSITIVE_LENGTH_MEASURE(0.1),#8963);
#9703 = DRAUGHTING_PRE_DEFINED_CURVE_FONT('continuous');
#9704 = STYLED_ITEM('color',(#9705),#3778);
#9705 = PRESENTATION_STYLE_ASSIGNMENT((#9706,#9711));
#9706 = SURFACE_STYLE_USAGE(.BOTH.,#9707);
#9707 = SURFACE_SIDE_STYLE('',(#9708));
#9708 = SURFACE_STYLE_FILL_AREA(#9709);
#9709 = FILL_AREA_STYLE('',(#9710));
#9710 = FILL_AREA_STYLE_COLOUR('',#8963);
#9711 = CURVE_STYLE('',#9712,POSITIVE_LENGTH_MEASURE(0.1),#8963);
#9712 = DRAUGHTING_PRE_DEFINED_CURVE_FONT('continuous');
#9713 = STYLED_ITEM('color',(#9714),#3802);
#9714 = PRESENTATION_STYLE_ASSIGNMENT((#9715,#9720));
#9715 = SURFACE_STYLE_USAGE(.BOTH.,#9716);
#9716 = SURFACE_SIDE_STYLE('',(#9717));
#9717 = SURFACE_STYLE_FILL_AREA(#9718);
#9718 = FILL_AREA_STYLE('',(#9719));
#9719 = FILL_AREA_STYLE_COLOUR('',#8963);
#9720 = CURVE_STYLE('',#9721,POSITIVE_LENGTH_MEASURE(0.1),#8963);
#9721 = DRAUGHTING_PRE_DEFINED_CURVE_FONT('continuous');
#9722 = STYLED_ITEM('color',(#9723),#3850);
#9723 = PRESENTATION_STYLE_ASSIGNMENT((#9724,#9729));
#9724 = SURFACE_STYLE_USAGE(.BOTH.,#9725);
#9725 = SURFACE_SIDE_STYLE('',(#9726));
#9726 = SURFACE_STYLE_FILL_AREA(#9727);
#9727 = FILL_AREA_STYLE('',(#9728));
#9728 = FILL_AREA_STYLE_COLOUR('',#8963);
#9729 = CURVE_STYLE('',#9730,POSITIVE_LENGTH_MEASURE(0.1),#8963);
#9730 = DRAUGHTING_PRE_DEFINED_CURVE_FONT('continuous');
#9731 = STYLED_ITEM('color',(#9732),#3867);
#9732 = PRESENTATION_STYLE_ASSIGNMENT((#9733,#9738));
#9733 = SURFACE_STYLE_USAGE(.BOTH.,#9734);
#9734 = SURFACE_SIDE_STYLE('',(#9735));
#9735 = SURFACE_STYLE_FILL_AREA(#9736);
#9736 = FILL_AREA_STYLE('',(#9737));
#9737 = FILL_AREA_STYLE_COLOUR('',#8963);
#9738 = CURVE_STYLE('',#9739,POSITIVE_LENGTH_MEASURE(0.1),#8963);
#9739 = DRAUGHTING_PRE_DEFINED_CURVE_FONT('continuous');
#9740 = STYLED_ITEM('color',(#9741),#3957);
#9741 = PRESENTATION_STYLE_ASSIGNMENT((#9742,#9747));
#9742 = SURFACE_STYLE_USAGE(.BOTH.,#9743);
#9743 = SURFACE_SIDE_STYLE('',(#9744));
#9744 = SURFACE_STYLE_FILL_AREA(#9745);
#9745 = FILL_AREA_STYLE('',(#9746));
#9746 = FILL_AREA_STYLE_COLOUR('',#8963);
#9747 = CURVE_STYLE('',#9748,POSITIVE_LENGTH_MEASURE(0.1),#8963);
#9748 = DRAUGHTING_PRE_DEFINED_CURVE_FONT('continuous');
#9749 = STYLED_ITEM('color',(#9750),#3988);
#9750 = PRESENTATION_STYLE_ASSIGNMENT((#9751,#9756));
#9751 = SURFACE_STYLE_USAGE(.BOTH.,#9752);
#9752 = SURFACE_SIDE_STYLE('',(#9753));
#9753 = SURFACE_STYLE_FILL_AREA(#9754);
#9754 = FILL_AREA_STYLE('',(#9755));
#9755 = FILL_AREA_STYLE_COLOUR('',#8963);
#9756 = CURVE_STYLE('',#9757,POSITIVE_LENGTH_MEASURE(0.1),#8963);
#9757 = DRAUGHTING_PRE_DEFINED_CURVE_FONT('continuous');
#9758 = STYLED_ITEM('color',(#9759),#4012);
#9759 = PRESENTATION_STYLE_ASSIGNMENT((#9760,#9765));
#9760 = SURFACE_STYLE_USAGE(.BOTH.,#9761);
#9761 = SURFACE_SIDE_STYLE('',(#9762));
#9762 = SURFACE_STYLE_FILL_AREA(#9763);
#9763 = FILL_AREA_STYLE('',(#9764));
#9764 = FILL_AREA_STYLE_COLOUR('',#8963);
#9765 = CURVE_STYLE('',#9766,POSITIVE_LENGTH_MEASURE(0.1),#8963);
#9766 = DRAUGHTING_PRE_DEFINED_CURVE_FONT('continuous');
#9767 = STYLED_ITEM('color',(#9768),#4091);
#9768 = PRESENTATION_STYLE_ASSIGNMENT((#9769,#9774));
#9769 = SURFACE_STYLE_USAGE(.BOTH.,#9770);
#9770 = SURFACE_SIDE_STYLE('',(#9771));
#9771 = SURFACE_STYLE_FILL_AREA(#9772);
#9772 = FILL_AREA_STYLE('',(#9773));
#9773 = FILL_AREA_STYLE_COLOUR('',#8963);
#9774 = CURVE_STYLE('',#9775,POSITIVE_LENGTH_MEASURE(0.1),#8963);
#9775 = DRAUGHTING_PRE_DEFINED_CURVE_FONT('continuous');
#9776 = STYLED_ITEM('color',(#9777),#4108);
#9777 = PRESENTATION_STYLE_ASSIGNMENT((#9778,#9783));
#9778 = SURFACE_STYLE_USAGE(.BOTH.,#9779);
#9779 = SURFACE_SIDE_STYLE('',(#9780));
#9780 = SURFACE_STYLE_FILL_AREA(#9781);
#9781 = FILL_AREA_STYLE('',(#9782));
#9782 = FILL_AREA_STYLE_COLOUR('',#8963);
#9783 = CURVE_STYLE('',#9784,POSITIVE_LENGTH_MEASURE(0.1),#8963);
#9784 = DRAUGHTING_PRE_DEFINED_CURVE_FONT('continuous');
#9785 = STYLED_ITEM('color',(#9786),#4120);
#9786 = PRESENTATION_STYLE_ASSIGNMENT((#9787,#9792));
#9787 = SURFACE_STYLE_USAGE(.BOTH.,#9788);
#9788 = SURFACE_SIDE_STYLE('',(#9789));
#9789 = SURFACE_STYLE_FILL_AREA(#9790);
#9790 = FILL_AREA_STYLE('',(#9791));
#9791 = FILL_AREA_STYLE_COLOUR('',#8963);
#9792 = CURVE_STYLE('',#9793,POSITIVE_LENGTH_MEASURE(0.1),#8963);
#9793 = DRAUGHTING_PRE_DEFINED_CURVE_FONT('continuous');
#9794 = STYLED_ITEM('color',(#9795),#4132);
#9795 = PRESENTATION_STYLE_ASSIGNMENT((#9796,#9801));
#9796 = SURFACE_STYLE_USAGE(.BOTH.,#9797);
#9797 = SURFACE_SIDE_STYLE('',(#9798));
#9798 = SURFACE_STYLE_FILL_AREA(#9799);
#9799 = FILL_AREA_STYLE('',(#9800));
#9800 = FILL_AREA_STYLE_COLOUR('',#8963);
#9801 = CURVE_STYLE('',#9802,POSITIVE_LENGTH_MEASURE(0.1),#8963);
#9802 = DRAUGHTING_PRE_DEFINED_CURVE_FONT('continuous');
#9803 = STYLED_ITEM('color',(#9804),#4144);
#9804 = PRESENTATION_STYLE_ASSIGNMENT((#9805,#9810));
#9805 = SURFACE_STYLE_USAGE(.BOTH.,#9806);
#9806 = SURFACE_SIDE_STYLE('',(#9807));
#9807 = SURFACE_STYLE_FILL_AREA(#9808);
#9808 = FILL_AREA_STYLE('',(#9809));
#9809 = FILL_AREA_STYLE_COLOUR('',#8963);
#9810 = CURVE_STYLE('',#9811,POSITIVE_LENGTH_MEASURE(0.1),#8963);
#9811 = DRAUGHTING_PRE_DEFINED_CURVE_FONT('continuous');
#9812 = STYLED_ITEM('color',(#9813),#4177);
#9813 = PRESENTATION_STYLE_ASSIGNMENT((#9814,#9819));
#9814 = SURFACE_STYLE_USAGE(.BOTH.,#9815);
#9815 = SURFACE_SIDE_STYLE('',(#9816));
#9816 = SURFACE_STYLE_FILL_AREA(#9817);
#9817 = FILL_AREA_STYLE('',(#9818));
#9818 = FILL_AREA_STYLE_COLOUR('',#8963);
#9819 = CURVE_STYLE('',#9820,POSITIVE_LENGTH_MEASURE(0.1),#8963);
#9820 = DRAUGHTING_PRE_DEFINED_CURVE_FONT('continuous');
#9821 = STYLED_ITEM('color',(#9822),#4194);
#9822 = PRESENTATION_STYLE_ASSIGNMENT((#9823,#9828));
#9823 = SURFACE_STYLE_USAGE(.BOTH.,#9824);
#9824 = SURFACE_SIDE_STYLE('',(#9825));
#9825 = SURFACE_STYLE_FILL_AREA(#9826);
#9826 = FILL_AREA_STYLE('',(#9827));
#9827 = FILL_AREA_STYLE_COLOUR('',#8963);
#9828 = CURVE_STYLE('',#9829,POSITIVE_LENGTH_MEASURE(0.1),#8963);
#9829 = DRAUGHTING_PRE_DEFINED_CURVE_FONT('continuous');
#9830 = STYLED_ITEM('color',(#9831),#4206);
#9831 = PRESENTATION_STYLE_ASSIGNMENT((#9832,#9837));
#9832 = SURFACE_STYLE_USAGE(.BOTH.,#9833);
#9833 = SURFACE_SIDE_STYLE('',(#9834));
#9834 = SURFACE_STYLE_FILL_AREA(#9835);
#9835 = FILL_AREA_STYLE('',(#9836));
#9836 = FILL_AREA_STYLE_COLOUR('',#8963);
#9837 = CURVE_STYLE('',#9838,POSITIVE_LENGTH_MEASURE(0.1),#8963);
#9838 = DRAUGHTING_PRE_DEFINED_CURVE_FONT('continuous');
#9839 = STYLED_ITEM('color',(#9840),#4237);
#9840 = PRESENTATION_STYLE_ASSIGNMENT((#9841,#9846));
#9841 = SURFACE_STYLE_USAGE(.BOTH.,#9842);
#9842 = SURFACE_SIDE_STYLE('',(#9843));
#9843 = SURFACE_STYLE_FILL_AREA(#9844);
#9844 = FILL_AREA_STYLE('',(#9845));
#9845 = FILL_AREA_STYLE_COLOUR('',#8963);
#9846 = CURVE_STYLE('',#9847,POSITIVE_LENGTH_MEASURE(0.1),#8963);
#9847 = DRAUGHTING_PRE_DEFINED_CURVE_FONT('continuous');
#9848 = STYLED_ITEM('color',(#9849),#4254);
#9849 = PRESENTATION_STYLE_ASSIGNMENT((#9850,#9855));
#9850 = SURFACE_STYLE_USAGE(.BOTH.,#9851);
#9851 = SURFACE_SIDE_STYLE('',(#9852));
#9852 = SURFACE_STYLE_FILL_AREA(#9853);
#9853 = FILL_AREA_STYLE('',(#9854));
#9854 = FILL_AREA_STYLE_COLOUR('',#8963);
#9855 = CURVE_STYLE('',#9856,POSITIVE_LENGTH_MEASURE(0.1),#8963);
#9856 = DRAUGHTING_PRE_DEFINED_CURVE_FONT('continuous');
#9857 = STYLED_ITEM('color',(#9858),#4279);
#9858 = PRESENTATION_STYLE_ASSIGNMENT((#9859,#9864));
#9859 = SURFACE_STYLE_USAGE(.BOTH.,#9860);
#9860 = SURFACE_SIDE_STYLE('',(#9861));
#9861 = SURFACE_STYLE_FILL_AREA(#9862);
#9862 = FILL_AREA_STYLE('',(#9863));
#9863 = FILL_AREA_STYLE_COLOUR('',#8963);
#9864 = CURVE_STYLE('',#9865,POSITIVE_LENGTH_MEASURE(0.1),#8963);
#9865 = DRAUGHTING_PRE_DEFINED_CURVE_FONT('continuous');
#9866 = STYLED_ITEM('color',(#9867),#4291);
#9867 = PRESENTATION_STYLE_ASSIGNMENT((#9868,#9873));
#9868 = SURFACE_STYLE_USAGE(.BOTH.,#9869);
#9869 = SURFACE_SIDE_STYLE('',(#9870));
#9870 = SURFACE_STYLE_FILL_AREA(#9871);
#9871 = FILL_AREA_STYLE('',(#9872));
#9872 = FILL_AREA_STYLE_COLOUR('',#8963);
#9873 = CURVE_STYLE('',#9874,POSITIVE_LENGTH_MEASURE(0.1),#8963);
#9874 = DRAUGHTING_PRE_DEFINED_CURVE_FONT('continuous');
#9875 = STYLED_ITEM('color',(#9876),#4303);
#9876 = PRESENTATION_STYLE_ASSIGNMENT((#9877,#9882));
#9877 = SURFACE_STYLE_USAGE(.BOTH.,#9878);
#9878 = SURFACE_SIDE_STYLE('',(#9879));
#9879 = SURFACE_STYLE_FILL_AREA(#9880);
#9880 = FILL_AREA_STYLE('',(#9881));
#9881 = FILL_AREA_STYLE_COLOUR('',#8963);
#9882 = CURVE_STYLE('',#9883,POSITIVE_LENGTH_MEASURE(0.1),#8963);
#9883 = DRAUGHTING_PRE_DEFINED_CURVE_FONT('continuous');
#9884 = STYLED_ITEM('color',(#9885),#4315);
#9885 = PRESENTATION_STYLE_ASSIGNMENT((#9886,#9891));
#9886 = SURFACE_STYLE_USAGE(.BOTH.,#9887);
#9887 = SURFACE_SIDE_STYLE('',(#9888));
#9888 = SURFACE_STYLE_FILL_AREA(#9889);
#9889 = FILL_AREA_STYLE('',(#9890));
#9890 = FILL_AREA_STYLE_COLOUR('',#8963);
#9891 = CURVE_STYLE('',#9892,POSITIVE_LENGTH_MEASURE(0.1),#8963);
#9892 = DRAUGHTING_PRE_DEFINED_CURVE_FONT('continuous');
#9893 = STYLED_ITEM('color',(#9894),#4327);
#9894 = PRESENTATION_STYLE_ASSIGNMENT((#9895,#9900));
#9895 = SURFACE_STYLE_USAGE(.BOTH.,#9896);
#9896 = SURFACE_SIDE_STYLE('',(#9897));
#9897 = SURFACE_STYLE_FILL_AREA(#9898);
#9898 = FILL_AREA_STYLE('',(#9899));
#9899 = FILL_AREA_STYLE_COLOUR('',#8953);
#9900 = CURVE_STYLE('',#9901,POSITIVE_LENGTH_MEASURE(0.1),#8953);
#9901 = DRAUGHTING_PRE_DEFINED_CURVE_FONT('continuous');
#9902 = STYLED_ITEM('color',(#9903),#4358);
#9903 = PRESENTATION_STYLE_ASSIGNMENT((#9904,#9909));
#9904 = SURFACE_STYLE_USAGE(.BOTH.,#9905);
#9905 = SURFACE_SIDE_STYLE('',(#9906));
#9906 = SURFACE_STYLE_FILL_AREA(#9907);
#9907 = FILL_AREA_STYLE('',(#9908));
#9908 = FILL_AREA_STYLE_COLOUR('',#8953);
#9909 = CURVE_STYLE('',#9910,POSITIVE_LENGTH_MEASURE(0.1),#8953);
#9910 = DRAUGHTING_PRE_DEFINED_CURVE_FONT('continuous');
#9911 = STYLED_ITEM('color',(#9912),#4382);
#9912 = PRESENTATION_STYLE_ASSIGNMENT((#9913,#9918));
#9913 = SURFACE_STYLE_USAGE(.BOTH.,#9914);
#9914 = SURFACE_SIDE_STYLE('',(#9915));
#9915 = SURFACE_STYLE_FILL_AREA(#9916);
#9916 = FILL_AREA_STYLE('',(#9917));
#9917 = FILL_AREA_STYLE_COLOUR('',#8953);
#9918 = CURVE_STYLE('',#9919,POSITIVE_LENGTH_MEASURE(0.1),#8953);
#9919 = DRAUGHTING_PRE_DEFINED_CURVE_FONT('continuous');
#9920 = STYLED_ITEM('color',(#9921),#4406);
#9921 = PRESENTATION_STYLE_ASSIGNMENT((#9922,#9927));
#9922 = SURFACE_STYLE_USAGE(.BOTH.,#9923);
#9923 = SURFACE_SIDE_STYLE('',(#9924));
#9924 = SURFACE_STYLE_FILL_AREA(#9925);
#9925 = FILL_AREA_STYLE('',(#9926));
#9926 = FILL_AREA_STYLE_COLOUR('',#8953);
#9927 = CURVE_STYLE('',#9928,POSITIVE_LENGTH_MEASURE(0.1),#8953);
#9928 = DRAUGHTING_PRE_DEFINED_CURVE_FONT('continuous');
#9929 = STYLED_ITEM('color',(#9930),#4430);
#9930 = PRESENTATION_STYLE_ASSIGNMENT((#9931,#9936));
#9931 = SURFACE_STYLE_USAGE(.BOTH.,#9932);
#9932 = SURFACE_SIDE_STYLE('',(#9933));
#9933 = SURFACE_STYLE_FILL_AREA(#9934);
#9934 = FILL_AREA_STYLE('',(#9935));
#9935 = FILL_AREA_STYLE_COLOUR('',#8953);
#9936 = CURVE_STYLE('',#9937,POSITIVE_LENGTH_MEASURE(0.1),#8953);
#9937 = DRAUGHTING_PRE_DEFINED_CURVE_FONT('continuous');
#9938 = STYLED_ITEM('color',(#9939),#4454);
#9939 = PRESENTATION_STYLE_ASSIGNMENT((#9940,#9945));
#9940 = SURFACE_STYLE_USAGE(.BOTH.,#9941);
#9941 = SURFACE_SIDE_STYLE('',(#9942));
#9942 = SURFACE_STYLE_FILL_AREA(#9943);
#9943 = FILL_AREA_STYLE('',(#9944));
#9944 = FILL_AREA_STYLE_COLOUR('',#8953);
#9945 = CURVE_STYLE('',#9946,POSITIVE_LENGTH_MEASURE(0.1),#8953);
#9946 = DRAUGHTING_PRE_DEFINED_CURVE_FONT('continuous');
#9947 = STYLED_ITEM('color',(#9948),#4471);
#9948 = PRESENTATION_STYLE_ASSIGNMENT((#9949,#9954));
#9949 = SURFACE_STYLE_USAGE(.BOTH.,#9950);
#9950 = SURFACE_SIDE_STYLE('',(#9951));
#9951 = SURFACE_STYLE_FILL_AREA(#9952);
#9952 = FILL_AREA_STYLE('',(#9953));
#9953 = FILL_AREA_STYLE_COLOUR('',#8953);
#9954 = CURVE_STYLE('',#9955,POSITIVE_LENGTH_MEASURE(0.1),#8953);
#9955 = DRAUGHTING_PRE_DEFINED_CURVE_FONT('continuous');
#9956 = STYLED_ITEM('color',(#9957),#4485);
#9957 = PRESENTATION_STYLE_ASSIGNMENT((#9958,#9963));
#9958 = SURFACE_STYLE_USAGE(.BOTH.,#9959);
#9959 = SURFACE_SIDE_STYLE('',(#9960));
#9960 = SURFACE_STYLE_FILL_AREA(#9961);
#9961 = FILL_AREA_STYLE('',(#9962));
#9962 = FILL_AREA_STYLE_COLOUR('',#8953);
#9963 = CURVE_STYLE('',#9964,POSITIVE_LENGTH_MEASURE(0.1),#8953);
#9964 = DRAUGHTING_PRE_DEFINED_CURVE_FONT('continuous');
#9965 = STYLED_ITEM('color',(#9966),#4804);
#9966 = PRESENTATION_STYLE_ASSIGNMENT((#9967,#9972));
#9967 = SURFACE_STYLE_USAGE(.BOTH.,#9968);
#9968 = SURFACE_SIDE_STYLE('',(#9969));
#9969 = SURFACE_STYLE_FILL_AREA(#9970);
#9970 = FILL_AREA_STYLE('',(#9971));
#9971 = FILL_AREA_STYLE_COLOUR('',#8953);
#9972 = CURVE_STYLE('',#9973,POSITIVE_LENGTH_MEASURE(0.1),#8953);
#9973 = DRAUGHTING_PRE_DEFINED_CURVE_FONT('continuous');
#9974 = STYLED_ITEM('color',(#9975),#4908);
#9975 = PRESENTATION_STYLE_ASSIGNMENT((#9976,#9981));
#9976 = SURFACE_STYLE_USAGE(.BOTH.,#9977);
#9977 = SURFACE_SIDE_STYLE('',(#9978));
#9978 = SURFACE_STYLE_FILL_AREA(#9979);
#9979 = FILL_AREA_STYLE('',(#9980));
#9980 = FILL_AREA_STYLE_COLOUR('',#8953);
#9981 = CURVE_STYLE('',#9982,POSITIVE_LENGTH_MEASURE(0.1),#8953);
#9982 = DRAUGHTING_PRE_DEFINED_CURVE_FONT('continuous');
#9983 = STYLED_ITEM('color',(#9984),#5126);
#9984 = PRESENTATION_STYLE_ASSIGNMENT((#9985,#9990));
#9985 = SURFACE_STYLE_USAGE(.BOTH.,#9986);
#9986 = SURFACE_SIDE_STYLE('',(#9987));
#9987 = SURFACE_STYLE_FILL_AREA(#9988);
#9988 = FILL_AREA_STYLE('',(#9989));
#9989 = FILL_AREA_STYLE_COLOUR('',#8953);
#9990 = CURVE_STYLE('',#9991,POSITIVE_LENGTH_MEASURE(0.1),#8953);
#9991 = DRAUGHTING_PRE_DEFINED_CURVE_FONT('continuous');
#9992 = STYLED_ITEM('color',(#9993),#5224);
#9993 = PRESENTATION_STYLE_ASSIGNMENT((#9994,#9999));
#9994 = SURFACE_STYLE_USAGE(.BOTH.,#9995);
#9995 = SURFACE_SIDE_STYLE('',(#9996));
#9996 = SURFACE_STYLE_FILL_AREA(#9997);
#9997 = FILL_AREA_STYLE('',(#9998));
#9998 = FILL_AREA_STYLE_COLOUR('',#8953);
#9999 = CURVE_STYLE('',#10000,POSITIVE_LENGTH_MEASURE(0.1),#8953);
#10000 = DRAUGHTING_PRE_DEFINED_CURVE_FONT('continuous');
#10001 = STYLED_ITEM('color',(#10002),#5246);
#10002 = PRESENTATION_STYLE_ASSIGNMENT((#10003,#10008));
#10003 = SURFACE_STYLE_USAGE(.BOTH.,#10004);
#10004 = SURFACE_SIDE_STYLE('',(#10005));
#10005 = SURFACE_STYLE_FILL_AREA(#10006);
#10006 = FILL_AREA_STYLE('',(#10007));
#10007 = FILL_AREA_STYLE_COLOUR('',#8953);
#10008 = CURVE_STYLE('',#10009,POSITIVE_LENGTH_MEASURE(0.1),#8953);
#10009 = DRAUGHTING_PRE_DEFINED_CURVE_FONT('continuous');
#10010 = STYLED_ITEM('color',(#10011),#5263);
#10011 = PRESENTATION_STYLE_ASSIGNMENT((#10012,#10017));
#10012 = SURFACE_STYLE_USAGE(.BOTH.,#10013);
#10013 = SURFACE_SIDE_STYLE('',(#10014));
#10014 = SURFACE_STYLE_FILL_AREA(#10015);
#10015 = FILL_AREA_STYLE('',(#10016));
#10016 = FILL_AREA_STYLE_COLOUR('',#8953);
#10017 = CURVE_STYLE('',#10018,POSITIVE_LENGTH_MEASURE(0.1),#8953);
#10018 = DRAUGHTING_PRE_DEFINED_CURVE_FONT('continuous');
#10019 = STYLED_ITEM('color',(#10020),#5280);
#10020 = PRESENTATION_STYLE_ASSIGNMENT((#10021,#10026));
#10021 = SURFACE_STYLE_USAGE(.BOTH.,#10022);
#10022 = SURFACE_SIDE_STYLE('',(#10023));
#10023 = SURFACE_STYLE_FILL_AREA(#10024);
#10024 = FILL_AREA_STYLE('',(#10025));
#10025 = FILL_AREA_STYLE_COLOUR('',#8953);
#10026 = CURVE_STYLE('',#10027,POSITIVE_LENGTH_MEASURE(0.1),#8953);
#10027 = DRAUGHTING_PRE_DEFINED_CURVE_FONT('continuous');
#10028 = STYLED_ITEM('color',(#10029),#5297);
#10029 = PRESENTATION_STYLE_ASSIGNMENT((#10030,#10035));
#10030 = SURFACE_STYLE_USAGE(.BOTH.,#10031);
#10031 = SURFACE_SIDE_STYLE('',(#10032));
#10032 = SURFACE_STYLE_FILL_AREA(#10033);
#10033 = FILL_AREA_STYLE('',(#10034));
#10034 = FILL_AREA_STYLE_COLOUR('',#8953);
#10035 = CURVE_STYLE('',#10036,POSITIVE_LENGTH_MEASURE(0.1),#8953);
#10036 = DRAUGHTING_PRE_DEFINED_CURVE_FONT('continuous');
#10037 = STYLED_ITEM('color',(#10038),#5314);
#10038 = PRESENTATION_STYLE_ASSIGNMENT((#10039,#10044));
#10039 = SURFACE_STYLE_USAGE(.BOTH.,#10040);
#10040 = SURFACE_SIDE_STYLE('',(#10041));
#10041 = SURFACE_STYLE_FILL_AREA(#10042);
#10042 = FILL_AREA_STYLE('',(#10043));
#10043 = FILL_AREA_STYLE_COLOUR('',#8953);
#10044 = CURVE_STYLE('',#10045,POSITIVE_LENGTH_MEASURE(0.1),#8953);
#10045 = DRAUGHTING_PRE_DEFINED_CURVE_FONT('continuous');
#10046 = STYLED_ITEM('color',(#10047),#5331);
#10047 = PRESENTATION_STYLE_ASSIGNMENT((#10048,#10053));
#10048 = SURFACE_STYLE_USAGE(.BOTH.,#10049);
#10049 = SURFACE_SIDE_STYLE('',(#10050));
#10050 = SURFACE_STYLE_FILL_AREA(#10051);
#10051 = FILL_AREA_STYLE('',(#10052));
#10052 = FILL_AREA_STYLE_COLOUR('',#8953);
#10053 = CURVE_STYLE('',#10054,POSITIVE_LENGTH_MEASURE(0.1),#8953);
#10054 = DRAUGHTING_PRE_DEFINED_CURVE_FONT('continuous');
#10055 = STYLED_ITEM('color',(#10056),#5348);
#10056 = PRESENTATION_STYLE_ASSIGNMENT((#10057,#10062));
#10057 = SURFACE_STYLE_USAGE(.BOTH.,#10058);
#10058 = SURFACE_SIDE_STYLE('',(#10059));
#10059 = SURFACE_STYLE_FILL_AREA(#10060);
#10060 = FILL_AREA_STYLE('',(#10061));
#10061 = FILL_AREA_STYLE_COLOUR('',#8953);
#10062 = CURVE_STYLE('',#10063,POSITIVE_LENGTH_MEASURE(0.1),#8953);
#10063 = DRAUGHTING_PRE_DEFINED_CURVE_FONT('continuous');
#10064 = STYLED_ITEM('color',(#10065),#5365);
#10065 = PRESENTATION_STYLE_ASSIGNMENT((#10066,#10071));
#10066 = SURFACE_STYLE_USAGE(.BOTH.,#10067);
#10067 = SURFACE_SIDE_STYLE('',(#10068));
#10068 = SURFACE_STYLE_FILL_AREA(#10069);
#10069 = FILL_AREA_STYLE('',(#10070));
#10070 = FILL_AREA_STYLE_COLOUR('',#8953);
#10071 = CURVE_STYLE('',#10072,POSITIVE_LENGTH_MEASURE(0.1),#8953);
#10072 = DRAUGHTING_PRE_DEFINED_CURVE_FONT('continuous');
#10073 = STYLED_ITEM('color',(#10074),#5382);
#10074 = PRESENTATION_STYLE_ASSIGNMENT((#10075,#10080));
#10075 = SURFACE_STYLE_USAGE(.BOTH.,#10076);
#10076 = SURFACE_SIDE_STYLE('',(#10077));
#10077 = SURFACE_STYLE_FILL_AREA(#10078);
#10078 = FILL_AREA_STYLE('',(#10079));
#10079 = FILL_AREA_STYLE_COLOUR('',#8953);
#10080 = CURVE_STYLE('',#10081,POSITIVE_LENGTH_MEASURE(0.1),#8953);
#10081 = DRAUGHTING_PRE_DEFINED_CURVE_FONT('continuous');
#10082 = STYLED_ITEM('color',(#10083),#5394);
#10083 = PRESENTATION_STYLE_ASSIGNMENT((#10084,#10089));
#10084 = SURFACE_STYLE_USAGE(.BOTH.,#10085);
#10085 = SURFACE_SIDE_STYLE('',(#10086));
#10086 = SURFACE_STYLE_FILL_AREA(#10087);
#10087 = FILL_AREA_STYLE('',(#10088));
#10088 = FILL_AREA_STYLE_COLOUR('',#8953);
#10089 = CURVE_STYLE('',#10090,POSITIVE_LENGTH_MEASURE(0.1),#8953);
#10090 = DRAUGHTING_PRE_DEFINED_CURVE_FONT('continuous');
#10091 = STYLED_ITEM('color',(#10092),#5411);
#10092 = PRESENTATION_STYLE_ASSIGNMENT((#10093,#10098));
#10093 = SURFACE_STYLE_USAGE(.BOTH.,#10094);
#10094 = SURFACE_SIDE_STYLE('',(#10095));
#10095 = SURFACE_STYLE_FILL_AREA(#10096);
#10096 = FILL_AREA_STYLE('',(#10097));
#10097 = FILL_AREA_STYLE_COLOUR('',#8953);
#10098 = CURVE_STYLE('',#10099,POSITIVE_LENGTH_MEASURE(0.1),#8953);
#10099 = DRAUGHTING_PRE_DEFINED_CURVE_FONT('continuous');
#10100 = STYLED_ITEM('color',(#10101),#5428);
#10101 = PRESENTATION_STYLE_ASSIGNMENT((#10102,#10107));
#10102 = SURFACE_STYLE_USAGE(.BOTH.,#10103);
#10103 = SURFACE_SIDE_STYLE('',(#10104));
#10104 = SURFACE_STYLE_FILL_AREA(#10105);
#10105 = FILL_AREA_STYLE('',(#10106));
#10106 = FILL_AREA_STYLE_COLOUR('',#8953);
#10107 = CURVE_STYLE('',#10108,POSITIVE_LENGTH_MEASURE(0.1),#8953);
#10108 = DRAUGHTING_PRE_DEFINED_CURVE_FONT('continuous');
#10109 = STYLED_ITEM('color',(#10110),#5445);
#10110 = PRESENTATION_STYLE_ASSIGNMENT((#10111,#10116));
#10111 = SURFACE_STYLE_USAGE(.BOTH.,#10112);
#10112 = SURFACE_SIDE_STYLE('',(#10113));
#10113 = SURFACE_STYLE_FILL_AREA(#10114);
#10114 = FILL_AREA_STYLE('',(#10115));
#10115 = FILL_AREA_STYLE_COLOUR('',#8953);
#10116 = CURVE_STYLE('',#10117,POSITIVE_LENGTH_MEASURE(0.1),#8953);
#10117 = DRAUGHTING_PRE_DEFINED_CURVE_FONT('continuous');
#10118 = STYLED_ITEM('color',(#10119),#5462);
#10119 = PRESENTATION_STYLE_ASSIGNMENT((#10120,#10125));
#10120 = SURFACE_STYLE_USAGE(.BOTH.,#10121);
#10121 = SURFACE_SIDE_STYLE('',(#10122));
#10122 = SURFACE_STYLE_FILL_AREA(#10123);
#10123 = FILL_AREA_STYLE('',(#10124));
#10124 = FILL_AREA_STYLE_COLOUR('',#8953);
#10125 = CURVE_STYLE('',#10126,POSITIVE_LENGTH_MEASURE(0.1),#8953);
#10126 = DRAUGHTING_PRE_DEFINED_CURVE_FONT('continuous');
#10127 = STYLED_ITEM('color',(#10128),#5479);
#10128 = PRESENTATION_STYLE_ASSIGNMENT((#10129,#10134));
#10129 = SURFACE_STYLE_USAGE(.BOTH.,#10130);
#10130 = SURFACE_SIDE_STYLE('',(#10131));
#10131 = SURFACE_STYLE_FILL_AREA(#10132);
#10132 = FILL_AREA_STYLE('',(#10133));
#10133 = FILL_AREA_STYLE_COLOUR('',#8953);
#10134 = CURVE_STYLE('',#10135,POSITIVE_LENGTH_MEASURE(0.1),#8953);
#10135 = DRAUGHTING_PRE_DEFINED_CURVE_FONT('continuous');
#10136 = STYLED_ITEM('color',(#10137),#5496);
#10137 = PRESENTATION_STYLE_ASSIGNMENT((#10138,#10143));
#10138 = SURFACE_STYLE_USAGE(.BOTH.,#10139);
#10139 = SURFACE_SIDE_STYLE('',(#10140));
#10140 = SURFACE_STYLE_FILL_AREA(#10141);
#10141 = FILL_AREA_STYLE('',(#10142));
#10142 = FILL_AREA_STYLE_COLOUR('',#8953);
#10143 = CURVE_STYLE('',#10144,POSITIVE_LENGTH_MEASURE(0.1),#8953);
#10144 = DRAUGHTING_PRE_DEFINED_CURVE_FONT('continuous');
#10145 = STYLED_ITEM('color',(#10146),#5513);
#10146 = PRESENTATION_STYLE_ASSIGNMENT((#10147,#10152));
#10147 = SURFACE_STYLE_USAGE(.BOTH.,#10148);
#10148 = SURFACE_SIDE_STYLE('',(#10149));
#10149 = SURFACE_STYLE_FILL_AREA(#10150);
#10150 = FILL_AREA_STYLE('',(#10151));
#10151 = FILL_AREA_STYLE_COLOUR('',#8953);
#10152 = CURVE_STYLE('',#10153,POSITIVE_LENGTH_MEASURE(0.1),#8953);
#10153 = DRAUGHTING_PRE_DEFINED_CURVE_FONT('continuous');
#10154 = STYLED_ITEM('color',(#10155),#5530);
#10155 = PRESENTATION_STYLE_ASSIGNMENT((#10156,#10161));
#10156 = SURFACE_STYLE_USAGE(.BOTH.,#10157);
#10157 = SURFACE_SIDE_STYLE('',(#10158));
#10158 = SURFACE_STYLE_FILL_AREA(#10159);
#10159 = FILL_AREA_STYLE('',(#10160));
#10160 = FILL_AREA_STYLE_COLOUR('',#8953);
#10161 = CURVE_STYLE('',#10162,POSITIVE_LENGTH_MEASURE(0.1),#8953);
#10162 = DRAUGHTING_PRE_DEFINED_CURVE_FONT('continuous');
#10163 = STYLED_ITEM('color',(#10164),#5547);
#10164 = PRESENTATION_STYLE_ASSIGNMENT((#10165,#10170));
#10165 = SURFACE_STYLE_USAGE(.BOTH.,#10166);
#10166 = SURFACE_SIDE_STYLE('',(#10167));
#10167 = SURFACE_STYLE_FILL_AREA(#10168);
#10168 = FILL_AREA_STYLE('',(#10169));
#10169 = FILL_AREA_STYLE_COLOUR('',#8953);
#10170 = CURVE_STYLE('',#10171,POSITIVE_LENGTH_MEASURE(0.1),#8953);
#10171 = DRAUGHTING_PRE_DEFINED_CURVE_FONT('continuous');
#10172 = STYLED_ITEM('color',(#10173),#5564);
#10173 = PRESENTATION_STYLE_ASSIGNMENT((#10174,#10179));
#10174 = SURFACE_STYLE_USAGE(.BOTH.,#10175);
#10175 = SURFACE_SIDE_STYLE('',(#10176));
#10176 = SURFACE_STYLE_FILL_AREA(#10177);
#10177 = FILL_AREA_STYLE('',(#10178));
#10178 = FILL_AREA_STYLE_COLOUR('',#8953);
#10179 = CURVE_STYLE('',#10180,POSITIVE_LENGTH_MEASURE(0.1),#8953);
#10180 = DRAUGHTING_PRE_DEFINED_CURVE_FONT('continuous');
#10181 = STYLED_ITEM('color',(#10182),#5581);
#10182 = PRESENTATION_STYLE_ASSIGNMENT((#10183,#10188));
#10183 = SURFACE_STYLE_USAGE(.BOTH.,#10184);
#10184 = SURFACE_SIDE_STYLE('',(#10185));
#10185 = SURFACE_STYLE_FILL_AREA(#10186);
#10186 = FILL_AREA_STYLE('',(#10187));
#10187 = FILL_AREA_STYLE_COLOUR('',#8953);
#10188 = CURVE_STYLE('',#10189,POSITIVE_LENGTH_MEASURE(0.1),#8953);
#10189 = DRAUGHTING_PRE_DEFINED_CURVE_FONT('continuous');
#10190 = STYLED_ITEM('color',(#10191),#5598);
#10191 = PRESENTATION_STYLE_ASSIGNMENT((#10192,#10197));
#10192 = SURFACE_STYLE_USAGE(.BOTH.,#10193);
#10193 = SURFACE_SIDE_STYLE('',(#10194));
#10194 = SURFACE_STYLE_FILL_AREA(#10195);
#10195 = FILL_AREA_STYLE('',(#10196));
#10196 = FILL_AREA_STYLE_COLOUR('',#8953);
#10197 = CURVE_STYLE('',#10198,POSITIVE_LENGTH_MEASURE(0.1),#8953);
#10198 = DRAUGHTING_PRE_DEFINED_CURVE_FONT('continuous');
#10199 = STYLED_ITEM('color',(#10200),#5615);
#10200 = PRESENTATION_STYLE_ASSIGNMENT((#10201,#10206));
#10201 = SURFACE_STYLE_USAGE(.BOTH.,#10202);
#10202 = SURFACE_SIDE_STYLE('',(#10203));
#10203 = SURFACE_STYLE_FILL_AREA(#10204);
#10204 = FILL_AREA_STYLE('',(#10205));
#10205 = FILL_AREA_STYLE_COLOUR('',#8953);
#10206 = CURVE_STYLE('',#10207,POSITIVE_LENGTH_MEASURE(0.1),#8953);
#10207 = DRAUGHTING_PRE_DEFINED_CURVE_FONT('continuous');
#10208 = STYLED_ITEM('color',(#10209),#5632);
#10209 = PRESENTATION_STYLE_ASSIGNMENT((#10210,#10215));
#10210 = SURFACE_STYLE_USAGE(.BOTH.,#10211);
#10211 = SURFACE_SIDE_STYLE('',(#10212));
#10212 = SURFACE_STYLE_FILL_AREA(#10213);
#10213 = FILL_AREA_STYLE('',(#10214));
#10214 = FILL_AREA_STYLE_COLOUR('',#8953);
#10215 = CURVE_STYLE('',#10216,POSITIVE_LENGTH_MEASURE(0.1),#8953);
#10216 = DRAUGHTING_PRE_DEFINED_CURVE_FONT('continuous');
#10217 = STYLED_ITEM('color',(#10218),#5649);
#10218 = PRESENTATION_STYLE_ASSIGNMENT((#10219,#10224));
#10219 = SURFACE_STYLE_USAGE(.BOTH.,#10220);
#10220 = SURFACE_SIDE_STYLE('',(#10221));
#10221 = SURFACE_STYLE_FILL_AREA(#10222);
#10222 = FILL_AREA_STYLE('',(#10223));
#10223 = FILL_AREA_STYLE_COLOUR('',#8953);
#10224 = CURVE_STYLE('',#10225,POSITIVE_LENGTH_MEASURE(0.1),#8953);
#10225 = DRAUGHTING_PRE_DEFINED_CURVE_FONT('continuous');
#10226 = STYLED_ITEM('color',(#10227),#5666);
#10227 = PRESENTATION_STYLE_ASSIGNMENT((#10228,#10233));
#10228 = SURFACE_STYLE_USAGE(.BOTH.,#10229);
#10229 = SURFACE_SIDE_STYLE('',(#10230));
#10230 = SURFACE_STYLE_FILL_AREA(#10231);
#10231 = FILL_AREA_STYLE('',(#10232));
#10232 = FILL_AREA_STYLE_COLOUR('',#8953);
#10233 = CURVE_STYLE('',#10234,POSITIVE_LENGTH_MEASURE(0.1),#8953);
#10234 = DRAUGHTING_PRE_DEFINED_CURVE_FONT('continuous');
#10235 = STYLED_ITEM('color',(#10236),#5683);
#10236 = PRESENTATION_STYLE_ASSIGNMENT((#10237,#10242));
#10237 = SURFACE_STYLE_USAGE(.BOTH.,#10238);
#10238 = SURFACE_SIDE_STYLE('',(#10239));
#10239 = SURFACE_STYLE_FILL_AREA(#10240);
#10240 = FILL_AREA_STYLE('',(#10241));
#10241 = FILL_AREA_STYLE_COLOUR('',#8953);
#10242 = CURVE_STYLE('',#10243,POSITIVE_LENGTH_MEASURE(0.1),#8953);
#10243 = DRAUGHTING_PRE_DEFINED_CURVE_FONT('continuous');
#10244 = STYLED_ITEM('color',(#10245),#5700);
#10245 = PRESENTATION_STYLE_ASSIGNMENT((#10246,#10251));
#10246 = SURFACE_STYLE_USAGE(.BOTH.,#10247);
#10247 = SURFACE_SIDE_STYLE('',(#10248));
#10248 = SURFACE_STYLE_FILL_AREA(#10249);
#10249 = FILL_AREA_STYLE('',(#10250));
#10250 = FILL_AREA_STYLE_COLOUR('',#8953);
#10251 = CURVE_STYLE('',#10252,POSITIVE_LENGTH_MEASURE(0.1),#8953);
#10252 = DRAUGHTING_PRE_DEFINED_CURVE_FONT('continuous');
#10253 = STYLED_ITEM('color',(#10254),#5717);
#10254 = PRESENTATION_STYLE_ASSIGNMENT((#10255,#10260));
#10255 = SURFACE_STYLE_USAGE(.BOTH.,#10256);
#10256 = SURFACE_SIDE_STYLE('',(#10257));
#10257 = SURFACE_STYLE_FILL_AREA(#10258);
#10258 = FILL_AREA_STYLE('',(#10259));
#10259 = FILL_AREA_STYLE_COLOUR('',#8953);
#10260 = CURVE_STYLE('',#10261,POSITIVE_LENGTH_MEASURE(0.1),#8953);
#10261 = DRAUGHTING_PRE_DEFINED_CURVE_FONT('continuous');
#10262 = STYLED_ITEM('color',(#10263),#5734);
#10263 = PRESENTATION_STYLE_ASSIGNMENT((#10264,#10269));
#10264 = SURFACE_STYLE_USAGE(.BOTH.,#10265);
#10265 = SURFACE_SIDE_STYLE('',(#10266));
#10266 = SURFACE_STYLE_FILL_AREA(#10267);
#10267 = FILL_AREA_STYLE('',(#10268));
#10268 = FILL_AREA_STYLE_COLOUR('',#8953);
#10269 = CURVE_STYLE('',#10270,POSITIVE_LENGTH_MEASURE(0.1),#8953);
#10270 = DRAUGHTING_PRE_DEFINED_CURVE_FONT('continuous');
#10271 = STYLED_ITEM('color',(#10272),#5751);
#10272 = PRESENTATION_STYLE_ASSIGNMENT((#10273,#10278));
#10273 = SURFACE_STYLE_USAGE(.BOTH.,#10274);
#10274 = SURFACE_SIDE_STYLE('',(#10275));
#10275 = SURFACE_STYLE_FILL_AREA(#10276);
#10276 = FILL_AREA_STYLE('',(#10277));
#10277 = FILL_AREA_STYLE_COLOUR('',#8953);
#10278 = CURVE_STYLE('',#10279,POSITIVE_LENGTH_MEASURE(0.1),#8953);
#10279 = DRAUGHTING_PRE_DEFINED_CURVE_FONT('continuous');
#10280 = STYLED_ITEM('color',(#10281),#5768);
#10281 = PRESENTATION_STYLE_ASSIGNMENT((#10282,#10287));
#10282 = SURFACE_STYLE_USAGE(.BOTH.,#10283);
#10283 = SURFACE_SIDE_STYLE('',(#10284));
#10284 = SURFACE_STYLE_FILL_AREA(#10285);
#10285 = FILL_AREA_STYLE('',(#10286));
#10286 = FILL_AREA_STYLE_COLOUR('',#8953);
#10287 = CURVE_STYLE('',#10288,POSITIVE_LENGTH_MEASURE(0.1),#8953);
#10288 = DRAUGHTING_PRE_DEFINED_CURVE_FONT('continuous');
#10289 = STYLED_ITEM('color',(#10290),#5785);
#10290 = PRESENTATION_STYLE_ASSIGNMENT((#10291,#10296));
#10291 = SURFACE_STYLE_USAGE(.BOTH.,#10292);
#10292 = SURFACE_SIDE_STYLE('',(#10293));
#10293 = SURFACE_STYLE_FILL_AREA(#10294);
#10294 = FILL_AREA_STYLE('',(#10295));
#10295 = FILL_AREA_STYLE_COLOUR('',#8953);
#10296 = CURVE_STYLE('',#10297,POSITIVE_LENGTH_MEASURE(0.1),#8953);
#10297 = DRAUGHTING_PRE_DEFINED_CURVE_FONT('continuous');
#10298 = STYLED_ITEM('color',(#10299),#5802);
#10299 = PRESENTATION_STYLE_ASSIGNMENT((#10300,#10305));
#10300 = SURFACE_STYLE_USAGE(.BOTH.,#10301);
#10301 = SURFACE_SIDE_STYLE('',(#10302));
#10302 = SURFACE_STYLE_FILL_AREA(#10303);
#10303 = FILL_AREA_STYLE('',(#10304));
#10304 = FILL_AREA_STYLE_COLOUR('',#8953);
#10305 = CURVE_STYLE('',#10306,POSITIVE_LENGTH_MEASURE(0.1),#8953);
#10306 = DRAUGHTING_PRE_DEFINED_CURVE_FONT('continuous');
#10307 = STYLED_ITEM('color',(#10308),#5819);
#10308 = PRESENTATION_STYLE_ASSIGNMENT((#10309,#10314));
#10309 = SURFACE_STYLE_USAGE(.BOTH.,#10310);
#10310 = SURFACE_SIDE_STYLE('',(#10311));
#10311 = SURFACE_STYLE_FILL_AREA(#10312);
#10312 = FILL_AREA_STYLE('',(#10313));
#10313 = FILL_AREA_STYLE_COLOUR('',#8953);
#10314 = CURVE_STYLE('',#10315,POSITIVE_LENGTH_MEASURE(0.1),#8953);
#10315 = DRAUGHTING_PRE_DEFINED_CURVE_FONT('continuous');
#10316 = STYLED_ITEM('color',(#10317),#5836);
#10317 = PRESENTATION_STYLE_ASSIGNMENT((#10318,#10323));
#10318 = SURFACE_STYLE_USAGE(.BOTH.,#10319);
#10319 = SURFACE_SIDE_STYLE('',(#10320));
#10320 = SURFACE_STYLE_FILL_AREA(#10321);
#10321 = FILL_AREA_STYLE('',(#10322));
#10322 = FILL_AREA_STYLE_COLOUR('',#8953);
#10323 = CURVE_STYLE('',#10324,POSITIVE_LENGTH_MEASURE(0.1),#8953);
#10324 = DRAUGHTING_PRE_DEFINED_CURVE_FONT('continuous');
#10325 = STYLED_ITEM('color',(#10326),#5853);
#10326 = PRESENTATION_STYLE_ASSIGNMENT((#10327,#10332));
#10327 = SURFACE_STYLE_USAGE(.BOTH.,#10328);
#10328 = SURFACE_SIDE_STYLE('',(#10329));
#10329 = SURFACE_STYLE_FILL_AREA(#10330);
#10330 = FILL_AREA_STYLE('',(#10331));
#10331 = FILL_AREA_STYLE_COLOUR('',#8953);
#10332 = CURVE_STYLE('',#10333,POSITIVE_LENGTH_MEASURE(0.1),#8953);
#10333 = DRAUGHTING_PRE_DEFINED_CURVE_FONT('continuous');
#10334 = STYLED_ITEM('color',(#10335),#5870);
#10335 = PRESENTATION_STYLE_ASSIGNMENT((#10336,#10341));
#10336 = SURFACE_STYLE_USAGE(.BOTH.,#10337);
#10337 = SURFACE_SIDE_STYLE('',(#10338));
#10338 = SURFACE_STYLE_FILL_AREA(#10339);
#10339 = FILL_AREA_STYLE('',(#10340));
#10340 = FILL_AREA_STYLE_COLOUR('',#8953);
#10341 = CURVE_STYLE('',#10342,POSITIVE_LENGTH_MEASURE(0.1),#8953);
#10342 = DRAUGHTING_PRE_DEFINED_CURVE_FONT('continuous');
#10343 = STYLED_ITEM('color',(#10344),#5882);
#10344 = PRESENTATION_STYLE_ASSIGNMENT((#10345,#10350));
#10345 = SURFACE_STYLE_USAGE(.BOTH.,#10346);
#10346 = SURFACE_SIDE_STYLE('',(#10347));
#10347 = SURFACE_STYLE_FILL_AREA(#10348);
#10348 = FILL_AREA_STYLE('',(#10349));
#10349 = FILL_AREA_STYLE_COLOUR('',#8953);
#10350 = CURVE_STYLE('',#10351,POSITIVE_LENGTH_MEASURE(0.1),#8953);
#10351 = DRAUGHTING_PRE_DEFINED_CURVE_FONT('continuous');
#10352 = STYLED_ITEM('color',(#10353),#5904);
#10353 = PRESENTATION_STYLE_ASSIGNMENT((#10354,#10359));
#10354 = SURFACE_STYLE_USAGE(.BOTH.,#10355);
#10355 = SURFACE_SIDE_STYLE('',(#10356));
#10356 = SURFACE_STYLE_FILL_AREA(#10357);
#10357 = FILL_AREA_STYLE('',(#10358));
#10358 = FILL_AREA_STYLE_COLOUR('',#8953);
#10359 = CURVE_STYLE('',#10360,POSITIVE_LENGTH_MEASURE(0.1),#8953);
#10360 = DRAUGHTING_PRE_DEFINED_CURVE_FONT('continuous');
#10361 = STYLED_ITEM('color',(#10362),#5921);
#10362 = PRESENTATION_STYLE_ASSIGNMENT((#10363,#10368));
#10363 = SURFACE_STYLE_USAGE(.BOTH.,#10364);
#10364 = SURFACE_SIDE_STYLE('',(#10365));
#10365 = SURFACE_STYLE_FILL_AREA(#10366);
#10366 = FILL_AREA_STYLE('',(#10367));
#10367 = FILL_AREA_STYLE_COLOUR('',#8953);
#10368 = CURVE_STYLE('',#10369,POSITIVE_LENGTH_MEASURE(0.1),#8953);
#10369 = DRAUGHTING_PRE_DEFINED_CURVE_FONT('continuous');
#10370 = STYLED_ITEM('color',(#10371),#5938);
#10371 = PRESENTATION_STYLE_ASSIGNMENT((#10372,#10377));
#10372 = SURFACE_STYLE_USAGE(.BOTH.,#10373);
#10373 = SURFACE_SIDE_STYLE('',(#10374));
#10374 = SURFACE_STYLE_FILL_AREA(#10375);
#10375 = FILL_AREA_STYLE('',(#10376));
#10376 = FILL_AREA_STYLE_COLOUR('',#8953);
#10377 = CURVE_STYLE('',#10378,POSITIVE_LENGTH_MEASURE(0.1),#8953);
#10378 = DRAUGHTING_PRE_DEFINED_CURVE_FONT('continuous');
#10379 = STYLED_ITEM('color',(#10380),#5955);
#10380 = PRESENTATION_STYLE_ASSIGNMENT((#10381,#10386));
#10381 = SURFACE_STYLE_USAGE(.BOTH.,#10382);
#10382 = SURFACE_SIDE_STYLE('',(#10383));
#10383 = SURFACE_STYLE_FILL_AREA(#10384);
#10384 = FILL_AREA_STYLE('',(#10385));
#10385 = FILL_AREA_STYLE_COLOUR('',#8953);
#10386 = CURVE_STYLE('',#10387,POSITIVE_LENGTH_MEASURE(0.1),#8953);
#10387 = DRAUGHTING_PRE_DEFINED_CURVE_FONT('continuous');
#10388 = STYLED_ITEM('color',(#10389),#5972);
#10389 = PRESENTATION_STYLE_ASSIGNMENT((#10390,#10395));
#10390 = SURFACE_STYLE_USAGE(.BOTH.,#10391);
#10391 = SURFACE_SIDE_STYLE('',(#10392));
#10392 = SURFACE_STYLE_FILL_AREA(#10393);
#10393 = FILL_AREA_STYLE('',(#10394));
#10394 = FILL_AREA_STYLE_COLOUR('',#8953);
#10395 = CURVE_STYLE('',#10396,POSITIVE_LENGTH_MEASURE(0.1),#8953);
#10396 = DRAUGHTING_PRE_DEFINED_CURVE_FONT('continuous');
#10397 = STYLED_ITEM('color',(#10398),#5989);
#10398 = PRESENTATION_STYLE_ASSIGNMENT((#10399,#10404));
#10399 = SURFACE_STYLE_USAGE(.BOTH.,#10400);
#10400 = SURFACE_SIDE_STYLE('',(#10401));
#10401 = SURFACE_STYLE_FILL_AREA(#10402);
#10402 = FILL_AREA_STYLE('',(#10403));
#10403 = FILL_AREA_STYLE_COLOUR('',#8953);
#10404 = CURVE_STYLE('',#10405,POSITIVE_LENGTH_MEASURE(0.1),#8953);
#10405 = DRAUGHTING_PRE_DEFINED_CURVE_FONT('continuous');
#10406 = STYLED_ITEM('color',(#10407),#6006);
#10407 = PRESENTATION_STYLE_ASSIGNMENT((#10408,#10413));
#10408 = SURFACE_STYLE_USAGE(.BOTH.,#10409);
#10409 = SURFACE_SIDE_STYLE('',(#10410));
#10410 = SURFACE_STYLE_FILL_AREA(#10411);
#10411 = FILL_AREA_STYLE('',(#10412));
#10412 = FILL_AREA_STYLE_COLOUR('',#8953);
#10413 = CURVE_STYLE('',#10414,POSITIVE_LENGTH_MEASURE(0.1),#8953);
#10414 = DRAUGHTING_PRE_DEFINED_CURVE_FONT('continuous');
#10415 = STYLED_ITEM('color',(#10416),#6023);
#10416 = PRESENTATION_STYLE_ASSIGNMENT((#10417,#10422));
#10417 = SURFACE_STYLE_USAGE(.BOTH.,#10418);
#10418 = SURFACE_SIDE_STYLE('',(#10419));
#10419 = SURFACE_STYLE_FILL_AREA(#10420);
#10420 = FILL_AREA_STYLE('',(#10421));
#10421 = FILL_AREA_STYLE_COLOUR('',#8953);
#10422 = CURVE_STYLE('',#10423,POSITIVE_LENGTH_MEASURE(0.1),#8953);
#10423 = DRAUGHTING_PRE_DEFINED_CURVE_FONT('continuous');
#10424 = STYLED_ITEM('color',(#10425),#6040);
#10425 = PRESENTATION_STYLE_ASSIGNMENT((#10426,#10431));
#10426 = SURFACE_STYLE_USAGE(.BOTH.,#10427);
#10427 = SURFACE_SIDE_STYLE('',(#10428));
#10428 = SURFACE_STYLE_FILL_AREA(#10429);
#10429 = FILL_AREA_STYLE('',(#10430));
#10430 = FILL_AREA_STYLE_COLOUR('',#8953);
#10431 = CURVE_STYLE('',#10432,POSITIVE_LENGTH_MEASURE(0.1),#8953);
#10432 = DRAUGHTING_PRE_DEFINED_CURVE_FONT('continuous');
#10433 = STYLED_ITEM('color',(#10434),#6057);
#10434 = PRESENTATION_STYLE_ASSIGNMENT((#10435,#10440));
#10435 = SURFACE_STYLE_USAGE(.BOTH.,#10436);
#10436 = SURFACE_SIDE_STYLE('',(#10437));
#10437 = SURFACE_STYLE_FILL_AREA(#10438);
#10438 = FILL_AREA_STYLE('',(#10439));
#10439 = FILL_AREA_STYLE_COLOUR('',#8953);
#10440 = CURVE_STYLE('',#10441,POSITIVE_LENGTH_MEASURE(0.1),#8953);
#10441 = DRAUGHTING_PRE_DEFINED_CURVE_FONT('continuous');
#10442 = STYLED_ITEM('color',(#10443),#6074);
#10443 = PRESENTATION_STYLE_ASSIGNMENT((#10444,#10449));
#10444 = SURFACE_STYLE_USAGE(.BOTH.,#10445);
#10445 = SURFACE_SIDE_STYLE('',(#10446));
#10446 = SURFACE_STYLE_FILL_AREA(#10447);
#10447 = FILL_AREA_STYLE('',(#10448));
#10448 = FILL_AREA_STYLE_COLOUR('',#8953);
#10449 = CURVE_STYLE('',#10450,POSITIVE_LENGTH_MEASURE(0.1),#8953);
#10450 = DRAUGHTING_PRE_DEFINED_CURVE_FONT('continuous');
#10451 = STYLED_ITEM('color',(#10452),#6086);
#10452 = PRESENTATION_STYLE_ASSIGNMENT((#10453,#10458));
#10453 = SURFACE_STYLE_USAGE(.BOTH.,#10454);
#10454 = SURFACE_SIDE_STYLE('',(#10455));
#10455 = SURFACE_STYLE_FILL_AREA(#10456);
#10456 = FILL_AREA_STYLE('',(#10457));
#10457 = FILL_AREA_STYLE_COLOUR('',#8953);
#10458 = CURVE_STYLE('',#10459,POSITIVE_LENGTH_MEASURE(0.1),#8953);
#10459 = DRAUGHTING_PRE_DEFINED_CURVE_FONT('continuous');
#10460 = STYLED_ITEM('color',(#10461),#6108);
#10461 = PRESENTATION_STYLE_ASSIGNMENT((#10462,#10467));
#10462 = SURFACE_STYLE_USAGE(.BOTH.,#10463);
#10463 = SURFACE_SIDE_STYLE('',(#10464));
#10464 = SURFACE_STYLE_FILL_AREA(#10465);
#10465 = FILL_AREA_STYLE('',(#10466));
#10466 = FILL_AREA_STYLE_COLOUR('',#8953);
#10467 = CURVE_STYLE('',#10468,POSITIVE_LENGTH_MEASURE(0.1),#8953);
#10468 = DRAUGHTING_PRE_DEFINED_CURVE_FONT('continuous');
#10469 = STYLED_ITEM('color',(#10470),#6125);
#10470 = PRESENTATION_STYLE_ASSIGNMENT((#10471,#10476));
#10471 = SURFACE_STYLE_USAGE(.BOTH.,#10472);
#10472 = SURFACE_SIDE_STYLE('',(#10473));
#10473 = SURFACE_STYLE_FILL_AREA(#10474);
#10474 = FILL_AREA_STYLE('',(#10475));
#10475 = FILL_AREA_STYLE_COLOUR('',#8953);
#10476 = CURVE_STYLE('',#10477,POSITIVE_LENGTH_MEASURE(0.1),#8953);
#10477 = DRAUGHTING_PRE_DEFINED_CURVE_FONT('continuous');
#10478 = STYLED_ITEM('color',(#10479),#6142);
#10479 = PRESENTATION_STYLE_ASSIGNMENT((#10480,#10485));
#10480 = SURFACE_STYLE_USAGE(.BOTH.,#10481);
#10481 = SURFACE_SIDE_STYLE('',(#10482));
#10482 = SURFACE_STYLE_FILL_AREA(#10483);
#10483 = FILL_AREA_STYLE('',(#10484));
#10484 = FILL_AREA_STYLE_COLOUR('',#8953);
#10485 = CURVE_STYLE('',#10486,POSITIVE_LENGTH_MEASURE(0.1),#8953);
#10486 = DRAUGHTING_PRE_DEFINED_CURVE_FONT('continuous');
#10487 = STYLED_ITEM('color',(#10488),#6159);
#10488 = PRESENTATION_STYLE_ASSIGNMENT((#10489,#10494));
#10489 = SURFACE_STYLE_USAGE(.BOTH.,#10490);
#10490 = SURFACE_SIDE_STYLE('',(#10491));
#10491 = SURFACE_STYLE_FILL_AREA(#10492);
#10492 = FILL_AREA_STYLE('',(#10493));
#10493 = FILL_AREA_STYLE_COLOUR('',#8953);
#10494 = CURVE_STYLE('',#10495,POSITIVE_LENGTH_MEASURE(0.1),#8953);
#10495 = DRAUGHTING_PRE_DEFINED_CURVE_FONT('continuous');
#10496 = STYLED_ITEM('color',(#10497),#6176);
#10497 = PRESENTATION_STYLE_ASSIGNMENT((#10498,#10503));
#10498 = SURFACE_STYLE_USAGE(.BOTH.,#10499);
#10499 = SURFACE_SIDE_STYLE('',(#10500));
#10500 = SURFACE_STYLE_FILL_AREA(#10501);
#10501 = FILL_AREA_STYLE('',(#10502));
#10502 = FILL_AREA_STYLE_COLOUR('',#8953);
#10503 = CURVE_STYLE('',#10504,POSITIVE_LENGTH_MEASURE(0.1),#8953);
#10504 = DRAUGHTING_PRE_DEFINED_CURVE_FONT('continuous');
#10505 = STYLED_ITEM('color',(#10506),#6193);
#10506 = PRESENTATION_STYLE_ASSIGNMENT((#10507,#10512));
#10507 = SURFACE_STYLE_USAGE(.BOTH.,#10508);
#10508 = SURFACE_SIDE_STYLE('',(#10509));
#10509 = SURFACE_STYLE_FILL_AREA(#10510);
#10510 = FILL_AREA_STYLE('',(#10511));
#10511 = FILL_AREA_STYLE_COLOUR('',#8953);
#10512 = CURVE_STYLE('',#10513,POSITIVE_LENGTH_MEASURE(0.1),#8953);
#10513 = DRAUGHTING_PRE_DEFINED_CURVE_FONT('continuous');
#10514 = STYLED_ITEM('color',(#10515),#6210);
#10515 = PRESENTATION_STYLE_ASSIGNMENT((#10516,#10521));
#10516 = SURFACE_STYLE_USAGE(.BOTH.,#10517);
#10517 = SURFACE_SIDE_STYLE('',(#10518));
#10518 = SURFACE_STYLE_FILL_AREA(#10519);
#10519 = FILL_AREA_STYLE('',(#10520));
#10520 = FILL_AREA_STYLE_COLOUR('',#8953);
#10521 = CURVE_STYLE('',#10522,POSITIVE_LENGTH_MEASURE(0.1),#8953);
#10522 = DRAUGHTING_PRE_DEFINED_CURVE_FONT('continuous');
#10523 = STYLED_ITEM('color',(#10524),#6227);
#10524 = PRESENTATION_STYLE_ASSIGNMENT((#10525,#10530));
#10525 = SURFACE_STYLE_USAGE(.BOTH.,#10526);
#10526 = SURFACE_SIDE_STYLE('',(#10527));
#10527 = SURFACE_STYLE_FILL_AREA(#10528);
#10528 = FILL_AREA_STYLE('',(#10529));
#10529 = FILL_AREA_STYLE_COLOUR('',#8953);
#10530 = CURVE_STYLE('',#10531,POSITIVE_LENGTH_MEASURE(0.1),#8953);
#10531 = DRAUGHTING_PRE_DEFINED_CURVE_FONT('continuous');
#10532 = STYLED_ITEM('color',(#10533),#6244);
#10533 = PRESENTATION_STYLE_ASSIGNMENT((#10534,#10539));
#10534 = SURFACE_STYLE_USAGE(.BOTH.,#10535);
#10535 = SURFACE_SIDE_STYLE('',(#10536));
#10536 = SURFACE_STYLE_FILL_AREA(#10537);
#10537 = FILL_AREA_STYLE('',(#10538));
#10538 = FILL_AREA_STYLE_COLOUR('',#8953);
#10539 = CURVE_STYLE('',#10540,POSITIVE_LENGTH_MEASURE(0.1),#8953);
#10540 = DRAUGHTING_PRE_DEFINED_CURVE_FONT('continuous');
#10541 = STYLED_ITEM('color',(#10542),#6261);
#10542 = PRESENTATION_STYLE_ASSIGNMENT((#10543,#10548));
#10543 = SURFACE_STYLE_USAGE(.BOTH.,#10544);
#10544 = SURFACE_SIDE_STYLE('',(#10545));
#10545 = SURFACE_STYLE_FILL_AREA(#10546);
#10546 = FILL_AREA_STYLE('',(#10547));
#10547 = FILL_AREA_STYLE_COLOUR('',#8953);
#10548 = CURVE_STYLE('',#10549,POSITIVE_LENGTH_MEASURE(0.1),#8953);
#10549 = DRAUGHTING_PRE_DEFINED_CURVE_FONT('continuous');
#10550 = STYLED_ITEM('color',(#10551),#6278);
#10551 = PRESENTATION_STYLE_ASSIGNMENT((#10552,#10557));
#10552 = SURFACE_STYLE_USAGE(.BOTH.,#10553);
#10553 = SURFACE_SIDE_STYLE('',(#10554));
#10554 = SURFACE_STYLE_FILL_AREA(#10555);
#10555 = FILL_AREA_STYLE('',(#10556));
#10556 = FILL_AREA_STYLE_COLOUR('',#8953);
#10557 = CURVE_STYLE('',#10558,POSITIVE_LENGTH_MEASURE(0.1),#8953);
#10558 = DRAUGHTING_PRE_DEFINED_CURVE_FONT('continuous');
#10559 = STYLED_ITEM('color',(#10560),#6295);
#10560 = PRESENTATION_STYLE_ASSIGNMENT((#10561,#10566));
#10561 = SURFACE_STYLE_USAGE(.BOTH.,#10562);
#10562 = SURFACE_SIDE_STYLE('',(#10563));
#10563 = SURFACE_STYLE_FILL_AREA(#10564);
#10564 = FILL_AREA_STYLE('',(#10565));
#10565 = FILL_AREA_STYLE_COLOUR('',#8953);
#10566 = CURVE_STYLE('',#10567,POSITIVE_LENGTH_MEASURE(0.1),#8953);
#10567 = DRAUGHTING_PRE_DEFINED_CURVE_FONT('continuous');
#10568 = STYLED_ITEM('color',(#10569),#6312);
#10569 = PRESENTATION_STYLE_ASSIGNMENT((#10570,#10575));
#10570 = SURFACE_STYLE_USAGE(.BOTH.,#10571);
#10571 = SURFACE_SIDE_STYLE('',(#10572));
#10572 = SURFACE_STYLE_FILL_AREA(#10573);
#10573 = FILL_AREA_STYLE('',(#10574));
#10574 = FILL_AREA_STYLE_COLOUR('',#8953);
#10575 = CURVE_STYLE('',#10576,POSITIVE_LENGTH_MEASURE(0.1),#8953);
#10576 = DRAUGHTING_PRE_DEFINED_CURVE_FONT('continuous');
#10577 = STYLED_ITEM('color',(#10578),#6324);
#10578 = PRESENTATION_STYLE_ASSIGNMENT((#10579,#10584));
#10579 = SURFACE_STYLE_USAGE(.BOTH.,#10580);
#10580 = SURFACE_SIDE_STYLE('',(#10581));
#10581 = SURFACE_STYLE_FILL_AREA(#10582);
#10582 = FILL_AREA_STYLE('',(#10583));
#10583 = FILL_AREA_STYLE_COLOUR('',#8953);
#10584 = CURVE_STYLE('',#10585,POSITIVE_LENGTH_MEASURE(0.1),#8953);
#10585 = DRAUGHTING_PRE_DEFINED_CURVE_FONT('continuous');
#10586 = STYLED_ITEM('color',(#10587),#6346);
#10587 = PRESENTATION_STYLE_ASSIGNMENT((#10588,#10593));
#10588 = SURFACE_STYLE_USAGE(.BOTH.,#10589);
#10589 = SURFACE_SIDE_STYLE('',(#10590));
#10590 = SURFACE_STYLE_FILL_AREA(#10591);
#10591 = FILL_AREA_STYLE('',(#10592));
#10592 = FILL_AREA_STYLE_COLOUR('',#8953);
#10593 = CURVE_STYLE('',#10594,POSITIVE_LENGTH_MEASURE(0.1),#8953);
#10594 = DRAUGHTING_PRE_DEFINED_CURVE_FONT('continuous');
#10595 = STYLED_ITEM('color',(#10596),#6363);
#10596 = PRESENTATION_STYLE_ASSIGNMENT((#10597,#10602));
#10597 = SURFACE_STYLE_USAGE(.BOTH.,#10598);
#10598 = SURFACE_SIDE_STYLE('',(#10599));
#10599 = SURFACE_STYLE_FILL_AREA(#10600);
#10600 = FILL_AREA_STYLE('',(#10601));
#10601 = FILL_AREA_STYLE_COLOUR('',#8953);
#10602 = CURVE_STYLE('',#10603,POSITIVE_LENGTH_MEASURE(0.1),#8953);
#10603 = DRAUGHTING_PRE_DEFINED_CURVE_FONT('continuous');
#10604 = STYLED_ITEM('color',(#10605),#6380);
#10605 = PRESENTATION_STYLE_ASSIGNMENT((#10606,#10611));
#10606 = SURFACE_STYLE_USAGE(.BOTH.,#10607);
#10607 = SURFACE_SIDE_STYLE('',(#10608));
#10608 = SURFACE_STYLE_FILL_AREA(#10609);
#10609 = FILL_AREA_STYLE('',(#10610));
#10610 = FILL_AREA_STYLE_COLOUR('',#8953);
#10611 = CURVE_STYLE('',#10612,POSITIVE_LENGTH_MEASURE(0.1),#8953);
#10612 = DRAUGHTING_PRE_DEFINED_CURVE_FONT('continuous');
#10613 = STYLED_ITEM('color',(#10614),#6397);
#10614 = PRESENTATION_STYLE_ASSIGNMENT((#10615,#10620));
#10615 = SURFACE_STYLE_USAGE(.BOTH.,#10616);
#10616 = SURFACE_SIDE_STYLE('',(#10617));
#10617 = SURFACE_STYLE_FILL_AREA(#10618);
#10618 = FILL_AREA_STYLE('',(#10619));
#10619 = FILL_AREA_STYLE_COLOUR('',#8953);
#10620 = CURVE_STYLE('',#10621,POSITIVE_LENGTH_MEASURE(0.1),#8953);
#10621 = DRAUGHTING_PRE_DEFINED_CURVE_FONT('continuous');
#10622 = STYLED_ITEM('color',(#10623),#6414);
#10623 = PRESENTATION_STYLE_ASSIGNMENT((#10624,#10629));
#10624 = SURFACE_STYLE_USAGE(.BOTH.,#10625);
#10625 = SURFACE_SIDE_STYLE('',(#10626));
#10626 = SURFACE_STYLE_FILL_AREA(#10627);
#10627 = FILL_AREA_STYLE('',(#10628));
#10628 = FILL_AREA_STYLE_COLOUR('',#8953);
#10629 = CURVE_STYLE('',#10630,POSITIVE_LENGTH_MEASURE(0.1),#8953);
#10630 = DRAUGHTING_PRE_DEFINED_CURVE_FONT('continuous');
#10631 = STYLED_ITEM('color',(#10632),#6431);
#10632 = PRESENTATION_STYLE_ASSIGNMENT((#10633,#10638));
#10633 = SURFACE_STYLE_USAGE(.BOTH.,#10634);
#10634 = SURFACE_SIDE_STYLE('',(#10635));
#10635 = SURFACE_STYLE_FILL_AREA(#10636);
#10636 = FILL_AREA_STYLE('',(#10637));
#10637 = FILL_AREA_STYLE_COLOUR('',#8953);
#10638 = CURVE_STYLE('',#10639,POSITIVE_LENGTH_MEASURE(0.1),#8953);
#10639 = DRAUGHTING_PRE_DEFINED_CURVE_FONT('continuous');
#10640 = STYLED_ITEM('color',(#10641),#6448);
#10641 = PRESENTATION_STYLE_ASSIGNMENT((#10642,#10647));
#10642 = SURFACE_STYLE_USAGE(.BOTH.,#10643);
#10643 = SURFACE_SIDE_STYLE('',(#10644));
#10644 = SURFACE_STYLE_FILL_AREA(#10645);
#10645 = FILL_AREA_STYLE('',(#10646));
#10646 = FILL_AREA_STYLE_COLOUR('',#8953);
#10647 = CURVE_STYLE('',#10648,POSITIVE_LENGTH_MEASURE(0.1),#8953);
#10648 = DRAUGHTING_PRE_DEFINED_CURVE_FONT('continuous');
#10649 = STYLED_ITEM('color',(#10650),#6465);
#10650 = PRESENTATION_STYLE_ASSIGNMENT((#10651,#10656));
#10651 = SURFACE_STYLE_USAGE(.BOTH.,#10652);
#10652 = SURFACE_SIDE_STYLE('',(#10653));
#10653 = SURFACE_STYLE_FILL_AREA(#10654);
#10654 = FILL_AREA_STYLE('',(#10655));
#10655 = FILL_AREA_STYLE_COLOUR('',#8953);
#10656 = CURVE_STYLE('',#10657,POSITIVE_LENGTH_MEASURE(0.1),#8953);
#10657 = DRAUGHTING_PRE_DEFINED_CURVE_FONT('continuous');
#10658 = STYLED_ITEM('color',(#10659),#6482);
#10659 = PRESENTATION_STYLE_ASSIGNMENT((#10660,#10665));
#10660 = SURFACE_STYLE_USAGE(.BOTH.,#10661);
#10661 = SURFACE_SIDE_STYLE('',(#10662));
#10662 = SURFACE_STYLE_FILL_AREA(#10663);
#10663 = FILL_AREA_STYLE('',(#10664));
#10664 = FILL_AREA_STYLE_COLOUR('',#8953);
#10665 = CURVE_STYLE('',#10666,POSITIVE_LENGTH_MEASURE(0.1),#8953);
#10666 = DRAUGHTING_PRE_DEFINED_CURVE_FONT('continuous');
#10667 = STYLED_ITEM('color',(#10668),#6499);
#10668 = PRESENTATION_STYLE_ASSIGNMENT((#10669,#10674));
#10669 = SURFACE_STYLE_USAGE(.BOTH.,#10670);
#10670 = SURFACE_SIDE_STYLE('',(#10671));
#10671 = SURFACE_STYLE_FILL_AREA(#10672);
#10672 = FILL_AREA_STYLE('',(#10673));
#10673 = FILL_AREA_STYLE_COLOUR('',#8953);
#10674 = CURVE_STYLE('',#10675,POSITIVE_LENGTH_MEASURE(0.1),#8953);
#10675 = DRAUGHTING_PRE_DEFINED_CURVE_FONT('continuous');
#10676 = STYLED_ITEM('color',(#10677),#6516);
#10677 = PRESENTATION_STYLE_ASSIGNMENT((#10678,#10683));
#10678 = SURFACE_STYLE_USAGE(.BOTH.,#10679);
#10679 = SURFACE_SIDE_STYLE('',(#10680));
#10680 = SURFACE_STYLE_FILL_AREA(#10681);
#10681 = FILL_AREA_STYLE('',(#10682));
#10682 = FILL_AREA_STYLE_COLOUR('',#8953);
#10683 = CURVE_STYLE('',#10684,POSITIVE_LENGTH_MEASURE(0.1),#8953);
#10684 = DRAUGHTING_PRE_DEFINED_CURVE_FONT('continuous');
#10685 = STYLED_ITEM('color',(#10686),#6528);
#10686 = PRESENTATION_STYLE_ASSIGNMENT((#10687,#10692));
#10687 = SURFACE_STYLE_USAGE(.BOTH.,#10688);
#10688 = SURFACE_SIDE_STYLE('',(#10689));
#10689 = SURFACE_STYLE_FILL_AREA(#10690);
#10690 = FILL_AREA_STYLE('',(#10691));
#10691 = FILL_AREA_STYLE_COLOUR('',#8953);
#10692 = CURVE_STYLE('',#10693,POSITIVE_LENGTH_MEASURE(0.1),#8953);
#10693 = DRAUGHTING_PRE_DEFINED_CURVE_FONT('continuous');
#10694 = STYLED_ITEM('color',(#10695),#6550);
#10695 = PRESENTATION_STYLE_ASSIGNMENT((#10696,#10701));
#10696 = SURFACE_STYLE_USAGE(.BOTH.,#10697);
#10697 = SURFACE_SIDE_STYLE('',(#10698));
#10698 = SURFACE_STYLE_FILL_AREA(#10699);
#10699 = FILL_AREA_STYLE('',(#10700));
#10700 = FILL_AREA_STYLE_COLOUR('',#8953);
#10701 = CURVE_STYLE('',#10702,POSITIVE_LENGTH_MEASURE(0.1),#8953);
#10702 = DRAUGHTING_PRE_DEFINED_CURVE_FONT('continuous');
#10703 = STYLED_ITEM('color',(#10704),#6567);
#10704 = PRESENTATION_STYLE_ASSIGNMENT((#10705,#10710));
#10705 = SURFACE_STYLE_USAGE(.BOTH.,#10706);
#10706 = SURFACE_SIDE_STYLE('',(#10707));
#10707 = SURFACE_STYLE_FILL_AREA(#10708);
#10708 = FILL_AREA_STYLE('',(#10709));
#10709 = FILL_AREA_STYLE_COLOUR('',#8953);
#10710 = CURVE_STYLE('',#10711,POSITIVE_LENGTH_MEASURE(0.1),#8953);
#10711 = DRAUGHTING_PRE_DEFINED_CURVE_FONT('continuous');
#10712 = STYLED_ITEM('color',(#10713),#6584);
#10713 = PRESENTATION_STYLE_ASSIGNMENT((#10714,#10719));
#10714 = SURFACE_STYLE_USAGE(.BOTH.,#10715);
#10715 = SURFACE_SIDE_STYLE('',(#10716));
#10716 = SURFACE_STYLE_FILL_AREA(#10717);
#10717 = FILL_AREA_STYLE('',(#10718));
#10718 = FILL_AREA_STYLE_COLOUR('',#8953);
#10719 = CURVE_STYLE('',#10720,POSITIVE_LENGTH_MEASURE(0.1),#8953);
#10720 = DRAUGHTING_PRE_DEFINED_CURVE_FONT('continuous');
#10721 = STYLED_ITEM('color',(#10722),#6601);
#10722 = PRESENTATION_STYLE_ASSIGNMENT((#10723,#10728));
#10723 = SURFACE_STYLE_USAGE(.BOTH.,#10724);
#10724 = SURFACE_SIDE_STYLE('',(#10725));
#10725 = SURFACE_STYLE_FILL_AREA(#10726);
#10726 = FILL_AREA_STYLE('',(#10727));
#10727 = FILL_AREA_STYLE_COLOUR('',#8953);
#10728 = CURVE_STYLE('',#10729,POSITIVE_LENGTH_MEASURE(0.1),#8953);
#10729 = DRAUGHTING_PRE_DEFINED_CURVE_FONT('continuous');
#10730 = STYLED_ITEM('color',(#10731),#6618);
#10731 = PRESENTATION_STYLE_ASSIGNMENT((#10732,#10737));
#10732 = SURFACE_STYLE_USAGE(.BOTH.,#10733);
#10733 = SURFACE_SIDE_STYLE('',(#10734));
#10734 = SURFACE_STYLE_FILL_AREA(#10735);
#10735 = FILL_AREA_STYLE('',(#10736));
#10736 = FILL_AREA_STYLE_COLOUR('',#8953);
#10737 = CURVE_STYLE('',#10738,POSITIVE_LENGTH_MEASURE(0.1),#8953);
#10738 = DRAUGHTING_PRE_DEFINED_CURVE_FONT('continuous');
#10739 = STYLED_ITEM('color',(#10740),#6635);
#10740 = PRESENTATION_STYLE_ASSIGNMENT((#10741,#10746));
#10741 = SURFACE_STYLE_USAGE(.BOTH.,#10742);
#10742 = SURFACE_SIDE_STYLE('',(#10743));
#10743 = SURFACE_STYLE_FILL_AREA(#10744);
#10744 = FILL_AREA_STYLE('',(#10745));
#10745 = FILL_AREA_STYLE_COLOUR('',#8953);
#10746 = CURVE_STYLE('',#10747,POSITIVE_LENGTH_MEASURE(0.1),#8953);
#10747 = DRAUGHTING_PRE_DEFINED_CURVE_FONT('continuous');
#10748 = STYLED_ITEM('color',(#10749),#6652);
#10749 = PRESENTATION_STYLE_ASSIGNMENT((#10750,#10755));
#10750 = SURFACE_STYLE_USAGE(.BOTH.,#10751);
#10751 = SURFACE_SIDE_STYLE('',(#10752));
#10752 = SURFACE_STYLE_FILL_AREA(#10753);
#10753 = FILL_AREA_STYLE('',(#10754));
#10754 = FILL_AREA_STYLE_COLOUR('',#8953);
#10755 = CURVE_STYLE('',#10756,POSITIVE_LENGTH_MEASURE(0.1),#8953);
#10756 = DRAUGHTING_PRE_DEFINED_CURVE_FONT('continuous');
#10757 = STYLED_ITEM('color',(#10758),#6664);
#10758 = PRESENTATION_STYLE_ASSIGNMENT((#10759,#10764));
#10759 = SURFACE_STYLE_USAGE(.BOTH.,#10760);
#10760 = SURFACE_SIDE_STYLE('',(#10761));
#10761 = SURFACE_STYLE_FILL_AREA(#10762);
#10762 = FILL_AREA_STYLE('',(#10763));
#10763 = FILL_AREA_STYLE_COLOUR('',#8953);
#10764 = CURVE_STYLE('',#10765,POSITIVE_LENGTH_MEASURE(0.1),#8953);
#10765 = DRAUGHTING_PRE_DEFINED_CURVE_FONT('continuous');
#10766 = STYLED_ITEM('color',(#10767),#6686);
#10767 = PRESENTATION_STYLE_ASSIGNMENT((#10768,#10773));
#10768 = SURFACE_STYLE_USAGE(.BOTH.,#10769);
#10769 = SURFACE_SIDE_STYLE('',(#10770));
#10770 = SURFACE_STYLE_FILL_AREA(#10771);
#10771 = FILL_AREA_STYLE('',(#10772));
#10772 = FILL_AREA_STYLE_COLOUR('',#8953);
#10773 = CURVE_STYLE('',#10774,POSITIVE_LENGTH_MEASURE(0.1),#8953);
#10774 = DRAUGHTING_PRE_DEFINED_CURVE_FONT('continuous');
#10775 = STYLED_ITEM('color',(#10776),#6703);
#10776 = PRESENTATION_STYLE_ASSIGNMENT((#10777,#10782));
#10777 = SURFACE_STYLE_USAGE(.BOTH.,#10778);
#10778 = SURFACE_SIDE_STYLE('',(#10779));
#10779 = SURFACE_STYLE_FILL_AREA(#10780);
#10780 = FILL_AREA_STYLE('',(#10781));
#10781 = FILL_AREA_STYLE_COLOUR('',#8953);
#10782 = CURVE_STYLE('',#10783,POSITIVE_LENGTH_MEASURE(0.1),#8953);
#10783 = DRAUGHTING_PRE_DEFINED_CURVE_FONT('continuous');
#10784 = MECHANICAL_DESIGN_GEOMETRIC_PRESENTATION_REPRESENTATION('',(
    #10785,#10795,#10804,#10813,#10822,#10831,#10840,#10849,#10858,
    #10867),#7016);
#10785 = STYLED_ITEM('color',(#10786),#6736);
#10786 = PRESENTATION_STYLE_ASSIGNMENT((#10787,#10793));
#10787 = SURFACE_STYLE_USAGE(.BOTH.,#10788);
#10788 = SURFACE_SIDE_STYLE('',(#10789));
#10789 = SURFACE_STYLE_FILL_AREA(#10790);
#10790 = FILL_AREA_STYLE('',(#10791));
#10791 = FILL_AREA_STYLE_COLOUR('',#10792);
#10792 = COLOUR_RGB('',0.766990306819,0.766990306819,0.766990306819);
#10793 = CURVE_STYLE('',#10794,POSITIVE_LENGTH_MEASURE(0.1),#10792);
#10794 = DRAUGHTING_PRE_DEFINED_CURVE_FONT('continuous');
#10795 = STYLED_ITEM('color',(#10796),#6776);
#10796 = PRESENTATION_STYLE_ASSIGNMENT((#10797,#10802));
#10797 = SURFACE_STYLE_USAGE(.BOTH.,#10798);
#10798 = SURFACE_SIDE_STYLE('',(#10799));
#10799 = SURFACE_STYLE_FILL_AREA(#10800);
#10800 = FILL_AREA_STYLE('',(#10801));
#10801 = FILL_AREA_STYLE_COLOUR('',#10792);
#10802 = CURVE_STYLE('',#10803,POSITIVE_LENGTH_MEASURE(0.1),#10792);
#10803 = DRAUGHTING_PRE_DEFINED_CURVE_FONT('continuous');
#10804 = STYLED_ITEM('color',(#10805),#6839);
#10805 = PRESENTATION_STYLE_ASSIGNMENT((#10806,#10811));
#10806 = SURFACE_STYLE_USAGE(.BOTH.,#10807);
#10807 = SURFACE_SIDE_STYLE('',(#10808));
#10808 = SURFACE_STYLE_FILL_AREA(#10809);
#10809 = FILL_AREA_STYLE('',(#10810));
#10810 = FILL_AREA_STYLE_COLOUR('',#10792);
#10811 = CURVE_STYLE('',#10812,POSITIVE_LENGTH_MEASURE(0.1),#10792);
#10812 = DRAUGHTING_PRE_DEFINED_CURVE_FONT('continuous');
#10813 = STYLED_ITEM('color',(#10814),#6863);
#10814 = PRESENTATION_STYLE_ASSIGNMENT((#10815,#10820));
#10815 = SURFACE_STYLE_USAGE(.BOTH.,#10816);
#10816 = SURFACE_SIDE_STYLE('',(#10817));
#10817 = SURFACE_STYLE_FILL_AREA(#10818);
#10818 = FILL_AREA_STYLE('',(#10819));
#10819 = FILL_AREA_STYLE_COLOUR('',#10792);
#10820 = CURVE_STYLE('',#10821,POSITIVE_LENGTH_MEASURE(0.1),#10792);
#10821 = DRAUGHTING_PRE_DEFINED_CURVE_FONT('continuous');
#10822 = STYLED_ITEM('color',(#10823),#6887);
#10823 = PRESENTATION_STYLE_ASSIGNMENT((#10824,#10829));
#10824 = SURFACE_STYLE_USAGE(.BOTH.,#10825);
#10825 = SURFACE_SIDE_STYLE('',(#10826));
#10826 = SURFACE_STYLE_FILL_AREA(#10827);
#10827 = FILL_AREA_STYLE('',(#10828));
#10828 = FILL_AREA_STYLE_COLOUR('',#10792);
#10829 = CURVE_STYLE('',#10830,POSITIVE_LENGTH_MEASURE(0.1),#10792);
#10830 = DRAUGHTING_PRE_DEFINED_CURVE_FONT('continuous');
#10831 = STYLED_ITEM('color',(#10832),#6911);
#10832 = PRESENTATION_STYLE_ASSIGNMENT((#10833,#10838));
#10833 = SURFACE_STYLE_USAGE(.BOTH.,#10834);
#10834 = SURFACE_SIDE_STYLE('',(#10835));
#10835 = SURFACE_STYLE_FILL_AREA(#10836);
#10836 = FILL_AREA_STYLE('',(#10837));
#10837 = FILL_AREA_STYLE_COLOUR('',#10792);
#10838 = CURVE_STYLE('',#10839,POSITIVE_LENGTH_MEASURE(0.1),#10792);
#10839 = DRAUGHTING_PRE_DEFINED_CURVE_FONT('continuous');
#10840 = STYLED_ITEM('color',(#10841),#6935);
#10841 = PRESENTATION_STYLE_ASSIGNMENT((#10842,#10847));
#10842 = SURFACE_STYLE_USAGE(.BOTH.,#10843);
#10843 = SURFACE_SIDE_STYLE('',(#10844));
#10844 = SURFACE_STYLE_FILL_AREA(#10845);
#10845 = FILL_AREA_STYLE('',(#10846));
#10846 = FILL_AREA_STYLE_COLOUR('',#10792);
#10847 = CURVE_STYLE('',#10848,POSITIVE_LENGTH_MEASURE(0.1),#10792);
#10848 = DRAUGHTING_PRE_DEFINED_CURVE_FONT('continuous');
#10849 = STYLED_ITEM('color',(#10850),#6959);
#10850 = PRESENTATION_STYLE_ASSIGNMENT((#10851,#10856));
#10851 = SURFACE_STYLE_USAGE(.BOTH.,#10852);
#10852 = SURFACE_SIDE_STYLE('',(#10853));
#10853 = SURFACE_STYLE_FILL_AREA(#10854);
#10854 = FILL_AREA_STYLE('',(#10855));
#10855 = FILL_AREA_STYLE_COLOUR('',#10792);
#10856 = CURVE_STYLE('',#10857,POSITIVE_LENGTH_MEASURE(0.1),#10792);
#10857 = DRAUGHTING_PRE_DEFINED_CURVE_FONT('continuous');
#10858 = STYLED_ITEM('color',(#10859),#6983);
#10859 = PRESENTATION_STYLE_ASSIGNMENT((#10860,#10865));
#10860 = SURFACE_STYLE_USAGE(.BOTH.,#10861);
#10861 = SURFACE_SIDE_STYLE('',(#10862));
#10862 = SURFACE_STYLE_FILL_AREA(#10863);
#10863 = FILL_AREA_STYLE('',(#10864));
#10864 = FILL_AREA_STYLE_COLOUR('',#10792);
#10865 = CURVE_STYLE('',#10866,POSITIVE_LENGTH_MEASURE(0.1),#10792);
#10866 = DRAUGHTING_PRE_DEFINED_CURVE_FONT('continuous');
#10867 = STYLED_ITEM('color',(#10868),#7000);
#10868 = PRESENTATION_STYLE_ASSIGNMENT((#10869,#10874));
#10869 = SURFACE_STYLE_USAGE(.BOTH.,#10870);
#10870 = SURFACE_SIDE_STYLE('',(#10871));
#10871 = SURFACE_STYLE_FILL_AREA(#10872);
#10872 = FILL_AREA_STYLE('',(#10873));
#10873 = FILL_AREA_STYLE_COLOUR('',#10792);
#10874 = CURVE_STYLE('',#10875,POSITIVE_LENGTH_MEASURE(0.1),#10792);
#10875 = DRAUGHTING_PRE_DEFINED_CURVE_FONT('continuous');
#10876 = MECHANICAL_DESIGN_GEOMETRIC_PRESENTATION_REPRESENTATION('',(
    #10877,#10887,#10895,#10902,#10909,#10916,#10923,#10930,#10937),#389
  );
#10877 = STYLED_ITEM('color',(#10878),#91);
#10878 = PRESENTATION_STYLE_ASSIGNMENT((#10879,#10885));
#10879 = SURFACE_STYLE_USAGE(.BOTH.,#10880);
#10880 = SURFACE_SIDE_STYLE('',(#10881));
#10881 = SURFACE_STYLE_FILL_AREA(#10882);
#10882 = FILL_AREA_STYLE('',(#10883));
#10883 = FILL_AREA_STYLE_COLOUR('',#10884);
#10884 = COLOUR_RGB('',0.,0.377508427907,0.578582128266);
#10885 = CURVE_STYLE('',#10886,POSITIVE_LENGTH_MEASURE(0.1),#10884);
#10886 = DRAUGHTING_PRE_DEFINED_CURVE_FONT('continuous');
#10887 = OVER_RIDING_STYLED_ITEM('overriding color',(#10888),#93,#10877
  );
#10888 = PRESENTATION_STYLE_ASSIGNMENT((#10889));
#10889 = SURFACE_STYLE_USAGE(.BOTH.,#10890);
#10890 = SURFACE_SIDE_STYLE('',(#10891));
#10891 = SURFACE_STYLE_FILL_AREA(#10892);
#10892 = FILL_AREA_STYLE('',(#10893));
#10893 = FILL_AREA_STYLE_COLOUR('',#10894);
#10894 = COLOUR_RGB('',0.937179583391,0.9357410338,0.649182888601);
#10895 = OVER_RIDING_STYLED_ITEM('overriding color',(#10896),#133,#10877
  );
#10896 = PRESENTATION_STYLE_ASSIGNMENT((#10897));
#10897 = SURFACE_STYLE_USAGE(.BOTH.,#10898);
#10898 = SURFACE_SIDE_STYLE('',(#10899));
#10899 = SURFACE_STYLE_FILL_AREA(#10900);
#10900 = FILL_AREA_STYLE('',(#10901));
#10901 = FILL_AREA_STYLE_COLOUR('',#10894);
#10902 = OVER_RIDING_STYLED_ITEM('overriding color',(#10903),#164,#10877
  );
#10903 = PRESENTATION_STYLE_ASSIGNMENT((#10904));
#10904 = SURFACE_STYLE_USAGE(.BOTH.,#10905);
#10905 = SURFACE_SIDE_STYLE('',(#10906));
#10906 = SURFACE_STYLE_FILL_AREA(#10907);
#10907 = FILL_AREA_STYLE('',(#10908));
#10908 = FILL_AREA_STYLE_COLOUR('',#10894);
#10909 = OVER_RIDING_STYLED_ITEM('overriding color',(#10910),#195,#10877
  );
#10910 = PRESENTATION_STYLE_ASSIGNMENT((#10911));
#10911 = SURFACE_STYLE_USAGE(.BOTH.,#10912);
#10912 = SURFACE_SIDE_STYLE('',(#10913));
#10913 = SURFACE_STYLE_FILL_AREA(#10914);
#10914 = FILL_AREA_STYLE('',(#10915));
#10915 = FILL_AREA_STYLE_COLOUR('',#10894);
#10916 = OVER_RIDING_STYLED_ITEM('overriding color',(#10917),#217,#10877
  );
#10917 = PRESENTATION_STYLE_ASSIGNMENT((#10918));
#10918 = SURFACE_STYLE_USAGE(.BOTH.,#10919);
#10919 = SURFACE_SIDE_STYLE('',(#10920));
#10920 = SURFACE_STYLE_FILL_AREA(#10921);
#10921 = FILL_AREA_STYLE('',(#10922));
#10922 = FILL_AREA_STYLE_COLOUR('',#10894);
#10923 = OVER_RIDING_STYLED_ITEM('overriding color',(#10924),#259,#10877
  );
#10924 = PRESENTATION_STYLE_ASSIGNMENT((#10925));
#10925 = SURFACE_STYLE_USAGE(.BOTH.,#10926);
#10926 = SURFACE_SIDE_STYLE('',(#10927));
#10927 = SURFACE_STYLE_FILL_AREA(#10928);
#10928 = FILL_AREA_STYLE('',(#10929));
#10929 = FILL_AREA_STYLE_COLOUR('',#10894);
#10930 = OVER_RIDING_STYLED_ITEM('overriding color',(#10931),#283,#10877
  );
#10931 = PRESENTATION_STYLE_ASSIGNMENT((#10932));
#10932 = SURFACE_STYLE_USAGE(.BOTH.,#10933);
#10933 = SURFACE_SIDE_STYLE('',(#10934));
#10934 = SURFACE_STYLE_FILL_AREA(#10935);
#10935 = FILL_AREA_STYLE('',(#10936));
#10936 = FILL_AREA_STYLE_COLOUR('',#10894);
#10937 = OVER_RIDING_STYLED_ITEM('overriding color',(#10938),#325,#10877
  );
#10938 = PRESENTATION_STYLE_ASSIGNMENT((#10939));
#10939 = SURFACE_STYLE_USAGE(.BOTH.,#10940);
#10940 = SURFACE_SIDE_STYLE('',(#10941));
#10941 = SURFACE_STYLE_FILL_AREA(#10942);
#10942 = FILL_AREA_STYLE('',(#10943));
#10943 = FILL_AREA_STYLE_COLOUR('',#10894);
#10944 = MECHANICAL_DESIGN_GEOMETRIC_PRESENTATION_REPRESENTATION('',(
    #10945,#10954,#10963,#10972,#10981,#10990,#10999,#11008,#11017,
    #11026,#11035,#11044,#11053,#11062,#11071,#11080,#11089,#11098,
    #11107,#11116,#11125,#11134,#11143,#11152,#11161,#11170,#11179,
    #11188,#11197,#11206,#11215,#11224,#11233,#11242,#11251,#11260,
    #11269,#11278,#11287,#11296,#11305,#11314,#11323,#11332,#11341,
    #11350,#11359,#11368,#11377,#11386,#11395,#11404,#11413,#11422,
    #11431,#11440,#11449,#11458,#11467),#8934);
#10945 = STYLED_ITEM('color',(#10946),#7037);
#10946 = PRESENTATION_STYLE_ASSIGNMENT((#10947,#10952));
#10947 = SURFACE_STYLE_USAGE(.BOTH.,#10948);
#10948 = SURFACE_SIDE_STYLE('',(#10949));
#10949 = SURFACE_STYLE_FILL_AREA(#10950);
#10950 = FILL_AREA_STYLE('',(#10951));
#10951 = FILL_AREA_STYLE_COLOUR('',#8953);
#10952 = CURVE_STYLE('',#10953,POSITIVE_LENGTH_MEASURE(0.1),#8953);
#10953 = DRAUGHTING_PRE_DEFINED_CURVE_FONT('continuous');
#10954 = STYLED_ITEM('color',(#10955),#7077);
#10955 = PRESENTATION_STYLE_ASSIGNMENT((#10956,#10961));
#10956 = SURFACE_STYLE_USAGE(.BOTH.,#10957);
#10957 = SURFACE_SIDE_STYLE('',(#10958));
#10958 = SURFACE_STYLE_FILL_AREA(#10959);
#10959 = FILL_AREA_STYLE('',(#10960));
#10960 = FILL_AREA_STYLE_COLOUR('',#8953);
#10961 = CURVE_STYLE('',#10962,POSITIVE_LENGTH_MEASURE(0.1),#8953);
#10962 = DRAUGHTING_PRE_DEFINED_CURVE_FONT('continuous');
#10963 = STYLED_ITEM('color',(#10964),#7140);
#10964 = PRESENTATION_STYLE_ASSIGNMENT((#10965,#10970));
#10965 = SURFACE_STYLE_USAGE(.BOTH.,#10966);
#10966 = SURFACE_SIDE_STYLE('',(#10967));
#10967 = SURFACE_STYLE_FILL_AREA(#10968);
#10968 = FILL_AREA_STYLE('',(#10969));
#10969 = FILL_AREA_STYLE_COLOUR('',#8953);
#10970 = CURVE_STYLE('',#10971,POSITIVE_LENGTH_MEASURE(0.1),#8953);
#10971 = DRAUGHTING_PRE_DEFINED_CURVE_FONT('continuous');
#10972 = STYLED_ITEM('color',(#10973),#7207);
#10973 = PRESENTATION_STYLE_ASSIGNMENT((#10974,#10979));
#10974 = SURFACE_STYLE_USAGE(.BOTH.,#10975);
#10975 = SURFACE_SIDE_STYLE('',(#10976));
#10976 = SURFACE_STYLE_FILL_AREA(#10977);
#10977 = FILL_AREA_STYLE('',(#10978));
#10978 = FILL_AREA_STYLE_COLOUR('',#8953);
#10979 = CURVE_STYLE('',#10980,POSITIVE_LENGTH_MEASURE(0.1),#8953);
#10980 = DRAUGHTING_PRE_DEFINED_CURVE_FONT('continuous');
#10981 = STYLED_ITEM('color',(#10982),#7238);
#10982 = PRESENTATION_STYLE_ASSIGNMENT((#10983,#10988));
#10983 = SURFACE_STYLE_USAGE(.BOTH.,#10984);
#10984 = SURFACE_SIDE_STYLE('',(#10985));
#10985 = SURFACE_STYLE_FILL_AREA(#10986);
#10986 = FILL_AREA_STYLE('',(#10987));
#10987 = FILL_AREA_STYLE_COLOUR('',#8953);
#10988 = CURVE_STYLE('',#10989,POSITIVE_LENGTH_MEASURE(0.1),#8953);
#10989 = DRAUGHTING_PRE_DEFINED_CURVE_FONT('continuous');
#10990 = STYLED_ITEM('color',(#10991),#7279);
#10991 = PRESENTATION_STYLE_ASSIGNMENT((#10992,#10997));
#10992 = SURFACE_STYLE_USAGE(.BOTH.,#10993);
#10993 = SURFACE_SIDE_STYLE('',(#10994));
#10994 = SURFACE_STYLE_FILL_AREA(#10995);
#10995 = FILL_AREA_STYLE('',(#10996));
#10996 = FILL_AREA_STYLE_COLOUR('',#8953);
#10997 = CURVE_STYLE('',#10998,POSITIVE_LENGTH_MEASURE(0.1),#8953);
#10998 = DRAUGHTING_PRE_DEFINED_CURVE_FONT('continuous');
#10999 = STYLED_ITEM('color',(#11000),#7303);
#11000 = PRESENTATION_STYLE_ASSIGNMENT((#11001,#11006));
#11001 = SURFACE_STYLE_USAGE(.BOTH.,#11002);
#11002 = SURFACE_SIDE_STYLE('',(#11003));
#11003 = SURFACE_STYLE_FILL_AREA(#11004);
#11004 = FILL_AREA_STYLE('',(#11005));
#11005 = FILL_AREA_STYLE_COLOUR('',#8953);
#11006 = CURVE_STYLE('',#11007,POSITIVE_LENGTH_MEASURE(0.1),#8953);
#11007 = DRAUGHTING_PRE_DEFINED_CURVE_FONT('continuous');
#11008 = STYLED_ITEM('color',(#11009),#7334);
#11009 = PRESENTATION_STYLE_ASSIGNMENT((#11010,#11015));
#11010 = SURFACE_STYLE_USAGE(.BOTH.,#11011);
#11011 = SURFACE_SIDE_STYLE('',(#11012));
#11012 = SURFACE_STYLE_FILL_AREA(#11013);
#11013 = FILL_AREA_STYLE('',(#11014));
#11014 = FILL_AREA_STYLE_COLOUR('',#8953);
#11015 = CURVE_STYLE('',#11016,POSITIVE_LENGTH_MEASURE(0.1),#8953);
#11016 = DRAUGHTING_PRE_DEFINED_CURVE_FONT('continuous');
#11017 = STYLED_ITEM('color',(#11018),#7358);
#11018 = PRESENTATION_STYLE_ASSIGNMENT((#11019,#11024));
#11019 = SURFACE_STYLE_USAGE(.BOTH.,#11020);
#11020 = SURFACE_SIDE_STYLE('',(#11021));
#11021 = SURFACE_STYLE_FILL_AREA(#11022);
#11022 = FILL_AREA_STYLE('',(#11023));
#11023 = FILL_AREA_STYLE_COLOUR('',#8953);
#11024 = CURVE_STYLE('',#11025,POSITIVE_LENGTH_MEASURE(0.1),#8953);
#11025 = DRAUGHTING_PRE_DEFINED_CURVE_FONT('continuous');
#11026 = STYLED_ITEM('color',(#11027),#7398);
#11027 = PRESENTATION_STYLE_ASSIGNMENT((#11028,#11033));
#11028 = SURFACE_STYLE_USAGE(.BOTH.,#11029);
#11029 = SURFACE_SIDE_STYLE('',(#11030));
#11030 = SURFACE_STYLE_FILL_AREA(#11031);
#11031 = FILL_AREA_STYLE('',(#11032));
#11032 = FILL_AREA_STYLE_COLOUR('',#8953);
#11033 = CURVE_STYLE('',#11034,POSITIVE_LENGTH_MEASURE(0.1),#8953);
#11034 = DRAUGHTING_PRE_DEFINED_CURVE_FONT('continuous');
#11035 = STYLED_ITEM('color',(#11036),#7422);
#11036 = PRESENTATION_STYLE_ASSIGNMENT((#11037,#11042));
#11037 = SURFACE_STYLE_USAGE(.BOTH.,#11038);
#11038 = SURFACE_SIDE_STYLE('',(#11039));
#11039 = SURFACE_STYLE_FILL_AREA(#11040);
#11040 = FILL_AREA_STYLE('',(#11041));
#11041 = FILL_AREA_STYLE_COLOUR('',#8953);
#11042 = CURVE_STYLE('',#11043,POSITIVE_LENGTH_MEASURE(0.1),#8953);
#11043 = DRAUGHTING_PRE_DEFINED_CURVE_FONT('continuous');
#11044 = STYLED_ITEM('color',(#11045),#7453);
#11045 = PRESENTATION_STYLE_ASSIGNMENT((#11046,#11051));
#11046 = SURFACE_STYLE_USAGE(.BOTH.,#11047);
#11047 = SURFACE_SIDE_STYLE('',(#11048));
#11048 = SURFACE_STYLE_FILL_AREA(#11049);
#11049 = FILL_AREA_STYLE('',(#11050));
#11050 = FILL_AREA_STYLE_COLOUR('',#8953);
#11051 = CURVE_STYLE('',#11052,POSITIVE_LENGTH_MEASURE(0.1),#8953);
#11052 = DRAUGHTING_PRE_DEFINED_CURVE_FONT('continuous');
#11053 = STYLED_ITEM('color',(#11054),#7472);
#11054 = PRESENTATION_STYLE_ASSIGNMENT((#11055,#11060));
#11055 = SURFACE_STYLE_USAGE(.BOTH.,#11056);
#11056 = SURFACE_SIDE_STYLE('',(#11057));
#11057 = SURFACE_STYLE_FILL_AREA(#11058);
#11058 = FILL_AREA_STYLE('',(#11059));
#11059 = FILL_AREA_STYLE_COLOUR('',#8953);
#11060 = CURVE_STYLE('',#11061,POSITIVE_LENGTH_MEASURE(0.1),#8953);
#11061 = DRAUGHTING_PRE_DEFINED_CURVE_FONT('continuous');
#11062 = STYLED_ITEM('color',(#11063),#7489);
#11063 = PRESENTATION_STYLE_ASSIGNMENT((#11064,#11069));
#11064 = SURFACE_STYLE_USAGE(.BOTH.,#11065);
#11065 = SURFACE_SIDE_STYLE('',(#11066));
#11066 = SURFACE_STYLE_FILL_AREA(#11067);
#11067 = FILL_AREA_STYLE('',(#11068));
#11068 = FILL_AREA_STYLE_COLOUR('',#8953);
#11069 = CURVE_STYLE('',#11070,POSITIVE_LENGTH_MEASURE(0.1),#8953);
#11070 = DRAUGHTING_PRE_DEFINED_CURVE_FONT('continuous');
#11071 = STYLED_ITEM('color',(#11072),#7510);
#11072 = PRESENTATION_STYLE_ASSIGNMENT((#11073,#11078));
#11073 = SURFACE_STYLE_USAGE(.BOTH.,#11074);
#11074 = SURFACE_SIDE_STYLE('',(#11075));
#11075 = SURFACE_STYLE_FILL_AREA(#11076);
#11076 = FILL_AREA_STYLE('',(#11077));
#11077 = FILL_AREA_STYLE_COLOUR('',#8953);
#11078 = CURVE_STYLE('',#11079,POSITIVE_LENGTH_MEASURE(0.1),#8953);
#11079 = DRAUGHTING_PRE_DEFINED_CURVE_FONT('continuous');
#11080 = STYLED_ITEM('color',(#11081),#7568);
#11081 = PRESENTATION_STYLE_ASSIGNMENT((#11082,#11087));
#11082 = SURFACE_STYLE_USAGE(.BOTH.,#11083);
#11083 = SURFACE_SIDE_STYLE('',(#11084));
#11084 = SURFACE_STYLE_FILL_AREA(#11085);
#11085 = FILL_AREA_STYLE('',(#11086));
#11086 = FILL_AREA_STYLE_COLOUR('',#8953);
#11087 = CURVE_STYLE('',#11088,POSITIVE_LENGTH_MEASURE(0.1),#8953);
#11088 = DRAUGHTING_PRE_DEFINED_CURVE_FONT('continuous');
#11089 = STYLED_ITEM('color',(#11090),#7610);
#11090 = PRESENTATION_STYLE_ASSIGNMENT((#11091,#11096));
#11091 = SURFACE_STYLE_USAGE(.BOTH.,#11092);
#11092 = SURFACE_SIDE_STYLE('',(#11093));
#11093 = SURFACE_STYLE_FILL_AREA(#11094);
#11094 = FILL_AREA_STYLE('',(#11095));
#11095 = FILL_AREA_STYLE_COLOUR('',#8953);
#11096 = CURVE_STYLE('',#11097,POSITIVE_LENGTH_MEASURE(0.1),#8953);
#11097 = DRAUGHTING_PRE_DEFINED_CURVE_FONT('continuous');
#11098 = STYLED_ITEM('color',(#11099),#7635);
#11099 = PRESENTATION_STYLE_ASSIGNMENT((#11100,#11105));
#11100 = SURFACE_STYLE_USAGE(.BOTH.,#11101);
#11101 = SURFACE_SIDE_STYLE('',(#11102));
#11102 = SURFACE_STYLE_FILL_AREA(#11103);
#11103 = FILL_AREA_STYLE('',(#11104));
#11104 = FILL_AREA_STYLE_COLOUR('',#8953);
#11105 = CURVE_STYLE('',#11106,POSITIVE_LENGTH_MEASURE(0.1),#8953);
#11106 = DRAUGHTING_PRE_DEFINED_CURVE_FONT('continuous');
#11107 = STYLED_ITEM('color',(#11108),#7674);
#11108 = PRESENTATION_STYLE_ASSIGNMENT((#11109,#11114));
#11109 = SURFACE_STYLE_USAGE(.BOTH.,#11110);
#11110 = SURFACE_SIDE_STYLE('',(#11111));
#11111 = SURFACE_STYLE_FILL_AREA(#11112);
#11112 = FILL_AREA_STYLE('',(#11113));
#11113 = FILL_AREA_STYLE_COLOUR('',#8953);
#11114 = CURVE_STYLE('',#11115,POSITIVE_LENGTH_MEASURE(0.1),#8953);
#11115 = DRAUGHTING_PRE_DEFINED_CURVE_FONT('continuous');
#11116 = STYLED_ITEM('color',(#11117),#7691);
#11117 = PRESENTATION_STYLE_ASSIGNMENT((#11118,#11123));
#11118 = SURFACE_STYLE_USAGE(.BOTH.,#11119);
#11119 = SURFACE_SIDE_STYLE('',(#11120));
#11120 = SURFACE_STYLE_FILL_AREA(#11121);
#11121 = FILL_AREA_STYLE('',(#11122));
#11122 = FILL_AREA_STYLE_COLOUR('',#8953);
#11123 = CURVE_STYLE('',#11124,POSITIVE_LENGTH_MEASURE(0.1),#8953);
#11124 = DRAUGHTING_PRE_DEFINED_CURVE_FONT('continuous');
#11125 = STYLED_ITEM('color',(#11126),#7713);
#11126 = PRESENTATION_STYLE_ASSIGNMENT((#11127,#11132));
#11127 = SURFACE_STYLE_USAGE(.BOTH.,#11128);
#11128 = SURFACE_SIDE_STYLE('',(#11129));
#11129 = SURFACE_STYLE_FILL_AREA(#11130);
#11130 = FILL_AREA_STYLE('',(#11131));
#11131 = FILL_AREA_STYLE_COLOUR('',#8953);
#11132 = CURVE_STYLE('',#11133,POSITIVE_LENGTH_MEASURE(0.1),#8953);
#11133 = DRAUGHTING_PRE_DEFINED_CURVE_FONT('continuous');
#11134 = STYLED_ITEM('color',(#11135),#7725);
#11135 = PRESENTATION_STYLE_ASSIGNMENT((#11136,#11141));
#11136 = SURFACE_STYLE_USAGE(.BOTH.,#11137);
#11137 = SURFACE_SIDE_STYLE('',(#11138));
#11138 = SURFACE_STYLE_FILL_AREA(#11139);
#11139 = FILL_AREA_STYLE('',(#11140));
#11140 = FILL_AREA_STYLE_COLOUR('',#8953);
#11141 = CURVE_STYLE('',#11142,POSITIVE_LENGTH_MEASURE(0.1),#8953);
#11142 = DRAUGHTING_PRE_DEFINED_CURVE_FONT('continuous');
#11143 = STYLED_ITEM('color',(#11144),#7878);
#11144 = PRESENTATION_STYLE_ASSIGNMENT((#11145,#11150));
#11145 = SURFACE_STYLE_USAGE(.BOTH.,#11146);
#11146 = SURFACE_SIDE_STYLE('',(#11147));
#11147 = SURFACE_STYLE_FILL_AREA(#11148);
#11148 = FILL_AREA_STYLE('',(#11149));
#11149 = FILL_AREA_STYLE_COLOUR('',#8953);
#11150 = CURVE_STYLE('',#11151,POSITIVE_LENGTH_MEASURE(0.1),#8953);
#11151 = DRAUGHTING_PRE_DEFINED_CURVE_FONT('continuous');
#11152 = STYLED_ITEM('color',(#11153),#7903);
#11153 = PRESENTATION_STYLE_ASSIGNMENT((#11154,#11159));
#11154 = SURFACE_STYLE_USAGE(.BOTH.,#11155);
#11155 = SURFACE_SIDE_STYLE('',(#11156));
#11156 = SURFACE_STYLE_FILL_AREA(#11157);
#11157 = FILL_AREA_STYLE('',(#11158));
#11158 = FILL_AREA_STYLE_COLOUR('',#8953);
#11159 = CURVE_STYLE('',#11160,POSITIVE_LENGTH_MEASURE(0.1),#8953);
#11160 = DRAUGHTING_PRE_DEFINED_CURVE_FONT('continuous');
#11161 = STYLED_ITEM('color',(#11162),#8048);
#11162 = PRESENTATION_STYLE_ASSIGNMENT((#11163,#11168));
#11163 = SURFACE_STYLE_USAGE(.BOTH.,#11164);
#11164 = SURFACE_SIDE_STYLE('',(#11165));
#11165 = SURFACE_STYLE_FILL_AREA(#11166);
#11166 = FILL_AREA_STYLE('',(#11167));
#11167 = FILL_AREA_STYLE_COLOUR('',#8953);
#11168 = CURVE_STYLE('',#11169,POSITIVE_LENGTH_MEASURE(0.1),#8953);
#11169 = DRAUGHTING_PRE_DEFINED_CURVE_FONT('continuous');
#11170 = STYLED_ITEM('color',(#11171),#8065);
#11171 = PRESENTATION_STYLE_ASSIGNMENT((#11172,#11177));
#11172 = SURFACE_STYLE_USAGE(.BOTH.,#11173);
#11173 = SURFACE_SIDE_STYLE('',(#11174));
#11174 = SURFACE_STYLE_FILL_AREA(#11175);
#11175 = FILL_AREA_STYLE('',(#11176));
#11176 = FILL_AREA_STYLE_COLOUR('',#8953);
#11177 = CURVE_STYLE('',#11178,POSITIVE_LENGTH_MEASURE(0.1),#8953);
#11178 = DRAUGHTING_PRE_DEFINED_CURVE_FONT('continuous');
#11179 = STYLED_ITEM('color',(#11180),#8082);
#11180 = PRESENTATION_STYLE_ASSIGNMENT((#11181,#11186));
#11181 = SURFACE_STYLE_USAGE(.BOTH.,#11182);
#11182 = SURFACE_SIDE_STYLE('',(#11183));
#11183 = SURFACE_STYLE_FILL_AREA(#11184);
#11184 = FILL_AREA_STYLE('',(#11185));
#11185 = FILL_AREA_STYLE_COLOUR('',#8953);
#11186 = CURVE_STYLE('',#11187,POSITIVE_LENGTH_MEASURE(0.1),#8953);
#11187 = DRAUGHTING_PRE_DEFINED_CURVE_FONT('continuous');
#11188 = STYLED_ITEM('color',(#11189),#8099);
#11189 = PRESENTATION_STYLE_ASSIGNMENT((#11190,#11195));
#11190 = SURFACE_STYLE_USAGE(.BOTH.,#11191);
#11191 = SURFACE_SIDE_STYLE('',(#11192));
#11192 = SURFACE_STYLE_FILL_AREA(#11193);
#11193 = FILL_AREA_STYLE('',(#11194));
#11194 = FILL_AREA_STYLE_COLOUR('',#8953);
#11195 = CURVE_STYLE('',#11196,POSITIVE_LENGTH_MEASURE(0.1),#8953);
#11196 = DRAUGHTING_PRE_DEFINED_CURVE_FONT('continuous');
#11197 = STYLED_ITEM('color',(#11198),#8116);
#11198 = PRESENTATION_STYLE_ASSIGNMENT((#11199,#11204));
#11199 = SURFACE_STYLE_USAGE(.BOTH.,#11200);
#11200 = SURFACE_SIDE_STYLE('',(#11201));
#11201 = SURFACE_STYLE_FILL_AREA(#11202);
#11202 = FILL_AREA_STYLE('',(#11203));
#11203 = FILL_AREA_STYLE_COLOUR('',#8953);
#11204 = CURVE_STYLE('',#11205,POSITIVE_LENGTH_MEASURE(0.1),#8953);
#11205 = DRAUGHTING_PRE_DEFINED_CURVE_FONT('continuous');
#11206 = STYLED_ITEM('color',(#11207),#8133);
#11207 = PRESENTATION_STYLE_ASSIGNMENT((#11208,#11213));
#11208 = SURFACE_STYLE_USAGE(.BOTH.,#11209);
#11209 = SURFACE_SIDE_STYLE('',(#11210));
#11210 = SURFACE_STYLE_FILL_AREA(#11211);
#11211 = FILL_AREA_STYLE('',(#11212));
#11212 = FILL_AREA_STYLE_COLOUR('',#8953);
#11213 = CURVE_STYLE('',#11214,POSITIVE_LENGTH_MEASURE(0.1),#8953);
#11214 = DRAUGHTING_PRE_DEFINED_CURVE_FONT('continuous');
#11215 = STYLED_ITEM('color',(#11216),#8150);
#11216 = PRESENTATION_STYLE_ASSIGNMENT((#11217,#11222));
#11217 = SURFACE_STYLE_USAGE(.BOTH.,#11218);
#11218 = SURFACE_SIDE_STYLE('',(#11219));
#11219 = SURFACE_STYLE_FILL_AREA(#11220);
#11220 = FILL_AREA_STYLE('',(#11221));
#11221 = FILL_AREA_STYLE_COLOUR('',#8953);
#11222 = CURVE_STYLE('',#11223,POSITIVE_LENGTH_MEASURE(0.1),#8953);
#11223 = DRAUGHTING_PRE_DEFINED_CURVE_FONT('continuous');
#11224 = STYLED_ITEM('color',(#11225),#8167);
#11225 = PRESENTATION_STYLE_ASSIGNMENT((#11226,#11231));
#11226 = SURFACE_STYLE_USAGE(.BOTH.,#11227);
#11227 = SURFACE_SIDE_STYLE('',(#11228));
#11228 = SURFACE_STYLE_FILL_AREA(#11229);
#11229 = FILL_AREA_STYLE('',(#11230));
#11230 = FILL_AREA_STYLE_COLOUR('',#8953);
#11231 = CURVE_STYLE('',#11232,POSITIVE_LENGTH_MEASURE(0.1),#8953);
#11232 = DRAUGHTING_PRE_DEFINED_CURVE_FONT('continuous');
#11233 = STYLED_ITEM('color',(#11234),#8209);
#11234 = PRESENTATION_STYLE_ASSIGNMENT((#11235,#11240));
#11235 = SURFACE_STYLE_USAGE(.BOTH.,#11236);
#11236 = SURFACE_SIDE_STYLE('',(#11237));
#11237 = SURFACE_STYLE_FILL_AREA(#11238);
#11238 = FILL_AREA_STYLE('',(#11239));
#11239 = FILL_AREA_STYLE_COLOUR('',#8953);
#11240 = CURVE_STYLE('',#11241,POSITIVE_LENGTH_MEASURE(0.1),#8953);
#11241 = DRAUGHTING_PRE_DEFINED_CURVE_FONT('continuous');
#11242 = STYLED_ITEM('color',(#11243),#8234);
#11243 = PRESENTATION_STYLE_ASSIGNMENT((#11244,#11249));
#11244 = SURFACE_STYLE_USAGE(.BOTH.,#11245);
#11245 = SURFACE_SIDE_STYLE('',(#11246));
#11246 = SURFACE_STYLE_FILL_AREA(#11247);
#11247 = FILL_AREA_STYLE('',(#11248));
#11248 = FILL_AREA_STYLE_COLOUR('',#8953);
#11249 = CURVE_STYLE('',#11250,POSITIVE_LENGTH_MEASURE(0.1),#8953);
#11250 = DRAUGHTING_PRE_DEFINED_CURVE_FONT('continuous');
#11251 = STYLED_ITEM('color',(#11252),#8322);
#11252 = PRESENTATION_STYLE_ASSIGNMENT((#11253,#11258));
#11253 = SURFACE_STYLE_USAGE(.BOTH.,#11254);
#11254 = SURFACE_SIDE_STYLE('',(#11255));
#11255 = SURFACE_STYLE_FILL_AREA(#11256);
#11256 = FILL_AREA_STYLE('',(#11257));
#11257 = FILL_AREA_STYLE_COLOUR('',#8953);
#11258 = CURVE_STYLE('',#11259,POSITIVE_LENGTH_MEASURE(0.1),#8953);
#11259 = DRAUGHTING_PRE_DEFINED_CURVE_FONT('continuous');
#11260 = STYLED_ITEM('color',(#11261),#8355);
#11261 = PRESENTATION_STYLE_ASSIGNMENT((#11262,#11267));
#11262 = SURFACE_STYLE_USAGE(.BOTH.,#11263);
#11263 = SURFACE_SIDE_STYLE('',(#11264));
#11264 = SURFACE_STYLE_FILL_AREA(#11265);
#11265 = FILL_AREA_STYLE('',(#11266));
#11266 = FILL_AREA_STYLE_COLOUR('',#8953);
#11267 = CURVE_STYLE('',#11268,POSITIVE_LENGTH_MEASURE(0.1),#8953);
#11268 = DRAUGHTING_PRE_DEFINED_CURVE_FONT('continuous');
#11269 = STYLED_ITEM('color',(#11270),#8386);
#11270 = PRESENTATION_STYLE_ASSIGNMENT((#11271,#11276));
#11271 = SURFACE_STYLE_USAGE(.BOTH.,#11272);
#11272 = SURFACE_SIDE_STYLE('',(#11273));
#11273 = SURFACE_STYLE_FILL_AREA(#11274);
#11274 = FILL_AREA_STYLE('',(#11275));
#11275 = FILL_AREA_STYLE_COLOUR('',#8953);
#11276 = CURVE_STYLE('',#11277,POSITIVE_LENGTH_MEASURE(0.1),#8953);
#11277 = DRAUGHTING_PRE_DEFINED_CURVE_FONT('continuous');
#11278 = STYLED_ITEM('color',(#11279),#8426);
#11279 = PRESENTATION_STYLE_ASSIGNMENT((#11280,#11285));
#11280 = SURFACE_STYLE_USAGE(.BOTH.,#11281);
#11281 = SURFACE_SIDE_STYLE('',(#11282));
#11282 = SURFACE_STYLE_FILL_AREA(#11283);
#11283 = FILL_AREA_STYLE('',(#11284));
#11284 = FILL_AREA_STYLE_COLOUR('',#8953);
#11285 = CURVE_STYLE('',#11286,POSITIVE_LENGTH_MEASURE(0.1),#8953);
#11286 = DRAUGHTING_PRE_DEFINED_CURVE_FONT('continuous');
#11287 = STYLED_ITEM('color',(#11288),#8476);
#11288 = PRESENTATION_STYLE_ASSIGNMENT((#11289,#11294));
#11289 = SURFACE_STYLE_USAGE(.BOTH.,#11290);
#11290 = SURFACE_SIDE_STYLE('',(#11291));
#11291 = SURFACE_STYLE_FILL_AREA(#11292);
#11292 = FILL_AREA_STYLE('',(#11293));
#11293 = FILL_AREA_STYLE_COLOUR('',#8953);
#11294 = CURVE_STYLE('',#11295,POSITIVE_LENGTH_MEASURE(0.1),#8953);
#11295 = DRAUGHTING_PRE_DEFINED_CURVE_FONT('continuous');
#11296 = STYLED_ITEM('color',(#11297),#8493);
#11297 = PRESENTATION_STYLE_ASSIGNMENT((#11298,#11303));
#11298 = SURFACE_STYLE_USAGE(.BOTH.,#11299);
#11299 = SURFACE_SIDE_STYLE('',(#11300));
#11300 = SURFACE_STYLE_FILL_AREA(#11301);
#11301 = FILL_AREA_STYLE('',(#11302));
#11302 = FILL_AREA_STYLE_COLOUR('',#8953);
#11303 = CURVE_STYLE('',#11304,POSITIVE_LENGTH_MEASURE(0.1),#8953);
#11304 = DRAUGHTING_PRE_DEFINED_CURVE_FONT('continuous');
#11305 = STYLED_ITEM('color',(#11306),#8551);
#11306 = PRESENTATION_STYLE_ASSIGNMENT((#11307,#11312));
#11307 = SURFACE_STYLE_USAGE(.BOTH.,#11308);
#11308 = SURFACE_SIDE_STYLE('',(#11309));
#11309 = SURFACE_STYLE_FILL_AREA(#11310);
#11310 = FILL_AREA_STYLE('',(#11311));
#11311 = FILL_AREA_STYLE_COLOUR('',#8953);
#11312 = CURVE_STYLE('',#11313,POSITIVE_LENGTH_MEASURE(0.1),#8953);
#11313 = DRAUGHTING_PRE_DEFINED_CURVE_FONT('continuous');
#11314 = STYLED_ITEM('color',(#11315),#8576);
#11315 = PRESENTATION_STYLE_ASSIGNMENT((#11316,#11321));
#11316 = SURFACE_STYLE_USAGE(.BOTH.,#11317);
#11317 = SURFACE_SIDE_STYLE('',(#11318));
#11318 = SURFACE_STYLE_FILL_AREA(#11319);
#11319 = FILL_AREA_STYLE('',(#11320));
#11320 = FILL_AREA_STYLE_COLOUR('',#8953);
#11321 = CURVE_STYLE('',#11322,POSITIVE_LENGTH_MEASURE(0.1),#8953);
#11322 = DRAUGHTING_PRE_DEFINED_CURVE_FONT('continuous');
#11323 = STYLED_ITEM('color',(#11324),#8608);
#11324 = PRESENTATION_STYLE_ASSIGNMENT((#11325,#11330));
#11325 = SURFACE_STYLE_USAGE(.BOTH.,#11326);
#11326 = SURFACE_SIDE_STYLE('',(#11327));
#11327 = SURFACE_STYLE_FILL_AREA(#11328);
#11328 = FILL_AREA_STYLE('',(#11329));
#11329 = FILL_AREA_STYLE_COLOUR('',#8953);
#11330 = CURVE_STYLE('',#11331,POSITIVE_LENGTH_MEASURE(0.1),#8953);
#11331 = DRAUGHTING_PRE_DEFINED_CURVE_FONT('continuous');
#11332 = STYLED_ITEM('color',(#11333),#8625);
#11333 = PRESENTATION_STYLE_ASSIGNMENT((#11334,#11339));
#11334 = SURFACE_STYLE_USAGE(.BOTH.,#11335);
#11335 = SURFACE_SIDE_STYLE('',(#11336));
#11336 = SURFACE_STYLE_FILL_AREA(#11337);
#11337 = FILL_AREA_STYLE('',(#11338));
#11338 = FILL_AREA_STYLE_COLOUR('',#8953);
#11339 = CURVE_STYLE('',#11340,POSITIVE_LENGTH_MEASURE(0.1),#8953);
#11340 = DRAUGHTING_PRE_DEFINED_CURVE_FONT('continuous');
#11341 = STYLED_ITEM('color',(#11342),#8666);
#11342 = PRESENTATION_STYLE_ASSIGNMENT((#11343,#11348));
#11343 = SURFACE_STYLE_USAGE(.BOTH.,#11344);
#11344 = SURFACE_SIDE_STYLE('',(#11345));
#11345 = SURFACE_STYLE_FILL_AREA(#11346);
#11346 = FILL_AREA_STYLE('',(#11347));
#11347 = FILL_AREA_STYLE_COLOUR('',#8953);
#11348 = CURVE_STYLE('',#11349,POSITIVE_LENGTH_MEASURE(0.1),#8953);
#11349 = DRAUGHTING_PRE_DEFINED_CURVE_FONT('continuous');
#11350 = STYLED_ITEM('color',(#11351),#8684);
#11351 = PRESENTATION_STYLE_ASSIGNMENT((#11352,#11357));
#11352 = SURFACE_STYLE_USAGE(.BOTH.,#11353);
#11353 = SURFACE_SIDE_STYLE('',(#11354));
#11354 = SURFACE_STYLE_FILL_AREA(#11355);
#11355 = FILL_AREA_STYLE('',(#11356));
#11356 = FILL_AREA_STYLE_COLOUR('',#8953);
#11357 = CURVE_STYLE('',#11358,POSITIVE_LENGTH_MEASURE(0.1),#8953);
#11358 = DRAUGHTING_PRE_DEFINED_CURVE_FONT('continuous');
#11359 = STYLED_ITEM('color',(#11360),#8725);
#11360 = PRESENTATION_STYLE_ASSIGNMENT((#11361,#11366));
#11361 = SURFACE_STYLE_USAGE(.BOTH.,#11362);
#11362 = SURFACE_SIDE_STYLE('',(#11363));
#11363 = SURFACE_STYLE_FILL_AREA(#11364);
#11364 = FILL_AREA_STYLE('',(#11365));
#11365 = FILL_AREA_STYLE_COLOUR('',#8953);
#11366 = CURVE_STYLE('',#11367,POSITIVE_LENGTH_MEASURE(0.1),#8953);
#11367 = DRAUGHTING_PRE_DEFINED_CURVE_FONT('continuous');
#11368 = STYLED_ITEM('color',(#11369),#8742);
#11369 = PRESENTATION_STYLE_ASSIGNMENT((#11370,#11375));
#11370 = SURFACE_STYLE_USAGE(.BOTH.,#11371);
#11371 = SURFACE_SIDE_STYLE('',(#11372));
#11372 = SURFACE_STYLE_FILL_AREA(#11373);
#11373 = FILL_AREA_STYLE('',(#11374));
#11374 = FILL_AREA_STYLE_COLOUR('',#8953);
#11375 = CURVE_STYLE('',#11376,POSITIVE_LENGTH_MEASURE(0.1),#8953);
#11376 = DRAUGHTING_PRE_DEFINED_CURVE_FONT('continuous');
#11377 = STYLED_ITEM('color',(#11378),#8759);
#11378 = PRESENTATION_STYLE_ASSIGNMENT((#11379,#11384));
#11379 = SURFACE_STYLE_USAGE(.BOTH.,#11380);
#11380 = SURFACE_SIDE_STYLE('',(#11381));
#11381 = SURFACE_STYLE_FILL_AREA(#11382);
#11382 = FILL_AREA_STYLE('',(#11383));
#11383 = FILL_AREA_STYLE_COLOUR('',#8953);
#11384 = CURVE_STYLE('',#11385,POSITIVE_LENGTH_MEASURE(0.1),#8953);
#11385 = DRAUGHTING_PRE_DEFINED_CURVE_FONT('continuous');
#11386 = STYLED_ITEM('color',(#11387),#8776);
#11387 = PRESENTATION_STYLE_ASSIGNMENT((#11388,#11393));
#11388 = SURFACE_STYLE_USAGE(.BOTH.,#11389);
#11389 = SURFACE_SIDE_STYLE('',(#11390));
#11390 = SURFACE_STYLE_FILL_AREA(#11391);
#11391 = FILL_AREA_STYLE('',(#11392));
#11392 = FILL_AREA_STYLE_COLOUR('',#8953);
#11393 = CURVE_STYLE('',#11394,POSITIVE_LENGTH_MEASURE(0.1),#8953);
#11394 = DRAUGHTING_PRE_DEFINED_CURVE_FONT('continuous');
#11395 = STYLED_ITEM('color',(#11396),#8788);
#11396 = PRESENTATION_STYLE_ASSIGNMENT((#11397,#11402));
#11397 = SURFACE_STYLE_USAGE(.BOTH.,#11398);
#11398 = SURFACE_SIDE_STYLE('',(#11399));
#11399 = SURFACE_STYLE_FILL_AREA(#11400);
#11400 = FILL_AREA_STYLE('',(#11401));
#11401 = FILL_AREA_STYLE_COLOUR('',#8953);
#11402 = CURVE_STYLE('',#11403,POSITIVE_LENGTH_MEASURE(0.1),#8953);
#11403 = DRAUGHTING_PRE_DEFINED_CURVE_FONT('continuous');
#11404 = STYLED_ITEM('color',(#11405),#8800);
#11405 = PRESENTATION_STYLE_ASSIGNMENT((#11406,#11411));
#11406 = SURFACE_STYLE_USAGE(.BOTH.,#11407);
#11407 = SURFACE_SIDE_STYLE('',(#11408));
#11408 = SURFACE_STYLE_FILL_AREA(#11409);
#11409 = FILL_AREA_STYLE('',(#11410));
#11410 = FILL_AREA_STYLE_COLOUR('',#8953);
#11411 = CURVE_STYLE('',#11412,POSITIVE_LENGTH_MEASURE(0.1),#8953);
#11412 = DRAUGHTING_PRE_DEFINED_CURVE_FONT('continuous');
#11413 = STYLED_ITEM('color',(#11414),#8817);
#11414 = PRESENTATION_STYLE_ASSIGNMENT((#11415,#11420));
#11415 = SURFACE_STYLE_USAGE(.BOTH.,#11416);
#11416 = SURFACE_SIDE_STYLE('',(#11417));
#11417 = SURFACE_STYLE_FILL_AREA(#11418);
#11418 = FILL_AREA_STYLE('',(#11419));
#11419 = FILL_AREA_STYLE_COLOUR('',#8953);
#11420 = CURVE_STYLE('',#11421,POSITIVE_LENGTH_MEASURE(0.1),#8953);
#11421 = DRAUGHTING_PRE_DEFINED_CURVE_FONT('continuous');
#11422 = STYLED_ITEM('color',(#11423),#8837);
#11423 = PRESENTATION_STYLE_ASSIGNMENT((#11424,#11429));
#11424 = SURFACE_STYLE_USAGE(.BOTH.,#11425);
#11425 = SURFACE_SIDE_STYLE('',(#11426));
#11426 = SURFACE_STYLE_FILL_AREA(#11427);
#11427 = FILL_AREA_STYLE('',(#11428));
#11428 = FILL_AREA_STYLE_COLOUR('',#8953);
#11429 = CURVE_STYLE('',#11430,POSITIVE_LENGTH_MEASURE(0.1),#8953);
#11430 = DRAUGHTING_PRE_DEFINED_CURVE_FONT('continuous');
#11431 = STYLED_ITEM('color',(#11432),#8854);
#11432 = PRESENTATION_STYLE_ASSIGNMENT((#11433,#11438));
#11433 = SURFACE_STYLE_USAGE(.BOTH.,#11434);
#11434 = SURFACE_SIDE_STYLE('',(#11435));
#11435 = SURFACE_STYLE_FILL_AREA(#11436);
#11436 = FILL_AREA_STYLE('',(#11437));
#11437 = FILL_AREA_STYLE_COLOUR('',#8953);
#11438 = CURVE_STYLE('',#11439,POSITIVE_LENGTH_MEASURE(0.1),#8953);
#11439 = DRAUGHTING_PRE_DEFINED_CURVE_FONT('continuous');
#11440 = STYLED_ITEM('color',(#11441),#8871);
#11441 = PRESENTATION_STYLE_ASSIGNMENT((#11442,#11447));
#11442 = SURFACE_STYLE_USAGE(.BOTH.,#11443);
#11443 = SURFACE_SIDE_STYLE('',(#11444));
#11444 = SURFACE_STYLE_FILL_AREA(#11445);
#11445 = FILL_AREA_STYLE('',(#11446));
#11446 = FILL_AREA_STYLE_COLOUR('',#8953);
#11447 = CURVE_STYLE('',#11448,POSITIVE_LENGTH_MEASURE(0.1),#8953);
#11448 = DRAUGHTING_PRE_DEFINED_CURVE_FONT('continuous');
#11449 = STYLED_ITEM('color',(#11450),#8888);
#11450 = PRESENTATION_STYLE_ASSIGNMENT((#11451,#11456));
#11451 = SURFACE_STYLE_USAGE(.BOTH.,#11452);
#11452 = SURFACE_SIDE_STYLE('',(#11453));
#11453 = SURFACE_STYLE_FILL_AREA(#11454);
#11454 = FILL_AREA_STYLE('',(#11455));
#11455 = FILL_AREA_STYLE_COLOUR('',#8953);
#11456 = CURVE_STYLE('',#11457,POSITIVE_LENGTH_MEASURE(0.1),#8953);
#11457 = DRAUGHTING_PRE_DEFINED_CURVE_FONT('continuous');
#11458 = STYLED_ITEM('color',(#11459),#8905);
#11459 = PRESENTATION_STYLE_ASSIGNMENT((#11460,#11465));
#11460 = SURFACE_STYLE_USAGE(.BOTH.,#11461);
#11461 = SURFACE_SIDE_STYLE('',(#11462));
#11462 = SURFACE_STYLE_FILL_AREA(#11463);
#11463 = FILL_AREA_STYLE('',(#11464));
#11464 = FILL_AREA_STYLE_COLOUR('',#8953);
#11465 = CURVE_STYLE('',#11466,POSITIVE_LENGTH_MEASURE(0.1),#8953);
#11466 = DRAUGHTING_PRE_DEFINED_CURVE_FONT('continuous');
#11467 = STYLED_ITEM('color',(#11468),#8922);
#11468 = PRESENTATION_STYLE_ASSIGNMENT((#11469,#11474));
#11469 = SURFACE_STYLE_USAGE(.BOTH.,#11470);
#11470 = SURFACE_SIDE_STYLE('',(#11471));
#11471 = SURFACE_STYLE_FILL_AREA(#11472);
#11472 = FILL_AREA_STYLE('',(#11473));
#11473 = FILL_AREA_STYLE_COLOUR('',#8953);
#11474 = CURVE_STYLE('',#11475,POSITIVE_LENGTH_MEASURE(0.1),#8953);
#11475 = DRAUGHTING_PRE_DEFINED_CURVE_FONT('continuous');
ENDSEC;
END-ISO-10303-21;
