ISO-10303-21;
HEADER;
/* Generated by software containing ST-Developer
 * from STEP Tools, Inc. (www.steptools.com) 
 */

FILE_DESCRIPTION(
/* description */ ('Designed by EasyEDA Pro'),
/* implementation_level */ '2;1');

FILE_NAME(
/* name */ '1-1825027-4.step',
/* time_stamp */ '2025-08-04T23:50:06+05:00',
/* author */ (''),
/* organization */ (''),
/* preprocessor_version */ 'ST-DEVELOPER v20.1',
/* originating_system */ 'Autodesk Translation Framework v14.10.0.0',
/* authorisation */ '');

FILE_SCHEMA (('AUTOMOTIVE_DESIGN { 1 0 10303 214 3 1 1 }'));
ENDSEC;

DATA;
#10=MECHANICAL_DESIGN_GEOMETRIC_PRESENTATION_REPRESENTATION('',(#6175,#6176,
#6177,#6178,#6179,#6180,#6181,#6182,#6183,#6184,#6185,#6186,#6187,#6188,
#6189,#6190,#6191,#6192,#6193,#6194,#6195,#6196,#6197,#6198,#6199,#6200,
#6201,#6202,#6203,#6204,#6205,#6206,#6207,#6208,#6209,#6210,#6211,#6212,
#6213,#6214,#6215,#6216,#6217,#6218,#6219,#6220,#6221,#6222,#6223,#6224,
#6225,#6226,#6227,#6228,#6229,#6230,#6231,#6232,#6233,#6234,#6235,#6236,
#6237,#6238,#6239,#6240,#6241,#6242,#6243,#6244,#6245,#6246,#6247,#6248,
#6249,#6250,#6251,#6252,#6253,#6254,#6255,#6256,#6257,#6258,#6259,#6260,
#6261,#6262,#6263,#6264,#6265,#6266,#6267,#6268,#6269,#6270,#6271,#6272,
#6273,#6274,#6275,#6276,#6277,#6278,#6279,#6280,#6281,#6282,#6283,#6284,
#6285,#6286,#6287,#6288,#6289,#6290,#6291,#6292,#6293,#6294,#6295,#6296,
#6297,#6298,#6299,#6300,#6301,#6302,#6303,#6304,#6305,#6306,#6307,#6308,
#6309,#6310,#6311,#6312,#6313,#6314,#6315,#6316,#6317,#6318,#6319,#6320,
#6321,#6322,#6323,#6324,#6325,#6326,#6327,#6328,#6329,#6330,#6331,#6332,
#6333,#6334,#6335,#6336,#6337,#6338,#6339,#6340,#6341,#6342,#6343,#6344,
#6345,#6346,#6347,#6348,#6349,#6350,#6351,#6352,#6353,#6354,#6355,#6356,
#6357,#6358,#6359,#6360,#6361,#6362,#6363,#6364,#6365,#6366,#6367,#6368,
#6369,#6370,#6371,#6372,#6373,#6374,#6375,#6376,#6377,#6378,#6379,#6380,
#6381,#6382,#6383,#6384,#6385,#6386,#6387,#6388,#6389,#6390,#6391,#6392,
#6393,#6394,#6395,#6396,#6397,#6398,#6399,#6400,#6401,#6402,#6403,#6404,
#6405,#6406,#6407,#6408,#6409,#6410,#6411,#6412,#6413,#6414,#6415,#6416,
#6417,#6418,#6419,#6420,#6421,#6422,#6423,#6424,#6425,#6426,#6427,#6428,
#6429,#6430,#6431,#6432,#6433,#6434,#6435,#6436,#6437,#6438,#6439,#6440,
#6441,#6442,#6443,#6444,#6445,#6446,#6447,#6448,#6449,#6450,#6451,#6452,
#6453,#6454,#6455,#6456,#6457,#6458,#6459,#6460,#6461,#6462,#6463,#6464,
#6465,#6466,#6467,#6468,#6469,#6470,#6471,#6472,#6473,#6474,#6475,#6476,
#6477,#6478,#6479,#6480,#6481,#6482,#6483,#6484,#6485,#6486,#6487,#6488,
#6489,#6490,#6491,#6492,#6493,#6494,#6495,#6496,#6497,#6498,#6499,#6500,
#6501,#6502,#6503,#6504,#6505,#6506,#6507,#6508,#6509,#6510,#6511,#6512,
#6513,#6514,#6515,#6516,#6517),#11775);
#11=ITEM_DEFINED_TRANSFORMATION($,$,#6874,#7271);
#12=(
REPRESENTATION_RELATIONSHIP($,$,#11786,#11785)
REPRESENTATION_RELATIONSHIP_WITH_TRANSFORMATION(#11)
SHAPE_REPRESENTATION_RELATIONSHIP()
);
#13=CONTEXT_DEPENDENT_SHAPE_REPRESENTATION(#12,#11784);
#14=NEXT_ASSEMBLY_USAGE_OCCURRENCE('aZC3-SW1-SW-TH_1-1825027-4:1',
'aZC3-SW1-SW-TH_1-1825027-4:1','aZC3-SW1-SW-TH_1-1825027-4:1',#11788,#11789,
'aZC3-SW1-SW-TH_1-1825027-4:1');
#15=SHAPE_REPRESENTATION_RELATIONSHIP('SRR','None',#11786,#16);
#16=ADVANCED_BREP_SHAPE_REPRESENTATION('',(#17),#11774);
#17=MANIFOLD_SOLID_BREP('Body1',#6860);
#18=B_SPLINE_SURFACE_WITH_KNOTS('',3,1,((#9982,#9983),(#9984,#9985),(#9986,
#9987),(#9988,#9989)),.UNSPECIFIED.,.F.,.F.,.F.,(4,4),(2,2),(0.,1.),(0.,
0.00119999998859999),.UNSPECIFIED.);
#19=B_SPLINE_SURFACE_WITH_KNOTS('',3,1,((#10002,#10003),(#10004,#10005),
(#10006,#10007),(#10008,#10009)),.UNSPECIFIED.,.F.,.F.,.F.,(4,4),(2,2),
(12.,13.),(0.,0.00119999998859999),.UNSPECIFIED.);
#20=B_SPLINE_SURFACE_WITH_KNOTS('',3,1,((#10013,#10014),(#10015,#10016),
(#10017,#10018),(#10019,#10020)),.UNSPECIFIED.,.F.,.F.,.F.,(4,4),(2,2),
(11.,12.),(0.,0.00119999998859999),.UNSPECIFIED.);
#21=B_SPLINE_SURFACE_WITH_KNOTS('',3,1,((#10024,#10025),(#10026,#10027),
(#10028,#10029),(#10030,#10031)),.UNSPECIFIED.,.F.,.F.,.F.,(4,4),(2,2),
(10.,11.),(0.,0.00119999998859999),.UNSPECIFIED.);
#22=B_SPLINE_SURFACE_WITH_KNOTS('',3,1,((#10038,#10039),(#10040,#10041),
(#10042,#10043),(#10044,#10045)),.UNSPECIFIED.,.F.,.F.,.F.,(4,4),(2,2),
(9.,10.),(0.,0.00119999998859999),.UNSPECIFIED.);
#23=B_SPLINE_SURFACE_WITH_KNOTS('',3,1,((#10052,#10053),(#10054,#10055),
(#10056,#10057),(#10058,#10059)),.UNSPECIFIED.,.F.,.F.,.F.,(4,4),(2,2),
(8.,9.),(0.,0.00119999998859999),.UNSPECIFIED.);
#24=B_SPLINE_SURFACE_WITH_KNOTS('',3,1,((#10066,#10067),(#10068,#10069),
(#10070,#10071),(#10072,#10073)),.UNSPECIFIED.,.F.,.F.,.F.,(4,4),(2,2),
(7.,8.),(0.,0.00119999998859999),.UNSPECIFIED.);
#25=B_SPLINE_SURFACE_WITH_KNOTS('',3,1,((#10084,#10085),(#10086,#10087),
(#10088,#10089),(#10090,#10091)),.UNSPECIFIED.,.F.,.F.,.F.,(4,4),(2,2),
(5.,6.),(0.,0.00119999998859999),.UNSPECIFIED.);
#26=B_SPLINE_SURFACE_WITH_KNOTS('',3,1,((#10095,#10096),(#10097,#10098),
(#10099,#10100),(#10101,#10102)),.UNSPECIFIED.,.F.,.F.,.F.,(4,4),(2,2),
(4.,5.),(0.,0.00119999998859999),.UNSPECIFIED.);
#27=B_SPLINE_SURFACE_WITH_KNOTS('',3,1,((#10109,#10110),(#10111,#10112),
(#10113,#10114),(#10115,#10116)),.UNSPECIFIED.,.F.,.F.,.F.,(4,4),(2,2),
(3.,4.),(0.,0.00119999998859999),.UNSPECIFIED.);
#28=B_SPLINE_SURFACE_WITH_KNOTS('',3,1,((#10123,#10124),(#10125,#10126),
(#10127,#10128),(#10129,#10130)),.UNSPECIFIED.,.F.,.F.,.F.,(4,4),(2,2),
(2.,3.),(0.,0.00119999998859999),.UNSPECIFIED.);
#29=B_SPLINE_SURFACE_WITH_KNOTS('',3,1,((#10134,#10135),(#10136,#10137),
(#10138,#10139),(#10140,#10141)),.UNSPECIFIED.,.F.,.F.,.F.,(4,4),(2,2),
(1.,2.),(0.,0.00119999998859999),.UNSPECIFIED.);
#30=B_SPLINE_SURFACE_WITH_KNOTS('',3,1,((#10234,#10235),(#10236,#10237),
(#10238,#10239),(#10240,#10241)),.UNSPECIFIED.,.F.,.F.,.F.,(4,4),(2,2),
(5.,6.),(0.,0.00119999998859999),.UNSPECIFIED.);
#31=B_SPLINE_SURFACE_WITH_KNOTS('',3,1,((#10243,#10244),(#10245,#10246),
(#10247,#10248),(#10249,#10250)),.UNSPECIFIED.,.F.,.F.,.F.,(4,4),(2,2),
(4.,5.),(0.,0.00119999998859999),.UNSPECIFIED.);
#32=B_SPLINE_SURFACE_WITH_KNOTS('',3,1,((#10252,#10253),(#10254,#10255),
(#10256,#10257),(#10258,#10259)),.UNSPECIFIED.,.F.,.F.,.F.,(4,4),(2,2),
(3.,4.),(0.,0.00119999998859999),.UNSPECIFIED.);
#33=B_SPLINE_SURFACE_WITH_KNOTS('',3,1,((#10261,#10262),(#10263,#10264),
(#10265,#10266),(#10267,#10268)),.UNSPECIFIED.,.F.,.F.,.F.,(4,4),(2,2),
(2.,3.),(0.,0.00119999998859999),.UNSPECIFIED.);
#34=B_SPLINE_SURFACE_WITH_KNOTS('',3,1,((#10287,#10288),(#10289,#10290),
(#10291,#10292),(#10293,#10294)),.UNSPECIFIED.,.F.,.F.,.F.,(4,4),(2,2),
(2.,3.),(0.,0.00119999998859999),.UNSPECIFIED.);
#35=B_SPLINE_SURFACE_WITH_KNOTS('',3,1,((#10298,#10299),(#10300,#10301),
(#10302,#10303),(#10304,#10305)),.UNSPECIFIED.,.F.,.F.,.F.,(4,4),(2,2),
(3.,4.),(0.,0.00119999998859999),.UNSPECIFIED.);
#36=B_SPLINE_SURFACE_WITH_KNOTS('',3,1,((#10309,#10310),(#10311,#10312),
(#10313,#10314),(#10315,#10316)),.UNSPECIFIED.,.F.,.F.,.F.,(4,4),(2,2),
(4.,5.),(0.,0.00119999998859999),.UNSPECIFIED.);
#37=B_SPLINE_SURFACE_WITH_KNOTS('',3,1,((#10320,#10321),(#10322,#10323),
(#10324,#10325),(#10326,#10327)),.UNSPECIFIED.,.F.,.F.,.F.,(4,4),(2,2),
(5.,6.),(0.,0.00119999998859999),.UNSPECIFIED.);
#38=B_SPLINE_SURFACE_WITH_KNOTS('',3,1,((#10391,#10392),(#10393,#10394),
(#10395,#10396),(#10397,#10398)),.UNSPECIFIED.,.F.,.F.,.F.,(4,4),(2,2),
(1.,2.),(0.,0.00119999998859999),.UNSPECIFIED.);
#39=B_SPLINE_SURFACE_WITH_KNOTS('',3,1,((#10409,#10410),(#10411,#10412),
(#10413,#10414),(#10415,#10416)),.UNSPECIFIED.,.F.,.F.,.F.,(4,4),(2,2),
(3.,4.),(0.,0.00119999998859999),.UNSPECIFIED.);
#40=B_SPLINE_SURFACE_WITH_KNOTS('',3,1,((#10544,#10545),(#10546,#10547),
(#10548,#10549),(#10550,#10551)),.UNSPECIFIED.,.F.,.F.,.F.,(4,4),(2,2),
(0.,1.),(0.,0.00119999998859999),.UNSPECIFIED.);
#41=B_SPLINE_SURFACE_WITH_KNOTS('',3,1,((#10556,#10557),(#10558,#10559),
(#10560,#10561),(#10562,#10563)),.UNSPECIFIED.,.F.,.F.,.F.,(4,4),(2,2),
(12.,13.),(0.,0.00119999998859999),.UNSPECIFIED.);
#42=B_SPLINE_SURFACE_WITH_KNOTS('',3,1,((#10565,#10566),(#10567,#10568),
(#10569,#10570),(#10571,#10572)),.UNSPECIFIED.,.F.,.F.,.F.,(4,4),(2,2),
(11.,12.),(0.,0.00119999998859999),.UNSPECIFIED.);
#43=B_SPLINE_SURFACE_WITH_KNOTS('',3,1,((#10576,#10577),(#10578,#10579),
(#10580,#10581),(#10582,#10583)),.UNSPECIFIED.,.F.,.F.,.F.,(4,4),(2,2),
(9.,10.),(0.,0.00119999998859999),.UNSPECIFIED.);
#44=B_SPLINE_SURFACE_WITH_KNOTS('',3,1,((#10585,#10586),(#10587,#10588),
(#10589,#10590),(#10591,#10592)),.UNSPECIFIED.,.F.,.F.,.F.,(4,4),(2,2),
(8.,9.),(0.,0.00119999998859999),.UNSPECIFIED.);
#45=B_SPLINE_SURFACE_WITH_KNOTS('',3,1,((#10594,#10595),(#10596,#10597),
(#10598,#10599),(#10600,#10601)),.UNSPECIFIED.,.F.,.F.,.F.,(4,4),(2,2),
(7.,8.),(0.,0.00119999998859999),.UNSPECIFIED.);
#46=B_SPLINE_SURFACE_WITH_KNOTS('',3,1,((#10603,#10604),(#10605,#10606),
(#10607,#10608),(#10609,#10610)),.UNSPECIFIED.,.F.,.F.,.F.,(4,4),(2,2),
(6.,7.),(0.,0.00119999998859999),.UNSPECIFIED.);
#47=B_SPLINE_SURFACE_WITH_KNOTS('',3,1,((#10620,#10621),(#10622,#10623),
(#10624,#10625),(#10626,#10627)),.UNSPECIFIED.,.F.,.F.,.F.,(4,4),(2,2),
(1.,2.),(0.,0.00119999998859999),.UNSPECIFIED.);
#48=B_SPLINE_SURFACE_WITH_KNOTS('',3,1,((#10628,#10629),(#10630,#10631),
(#10632,#10633),(#10634,#10635)),.UNSPECIFIED.,.F.,.F.,.F.,(4,4),(2,2),
(0.,1.),(0.,0.00119999998859999),.UNSPECIFIED.);
#49=B_SPLINE_SURFACE_WITH_KNOTS('',3,1,((#10644,#10645),(#10646,#10647),
(#10648,#10649),(#10650,#10651)),.UNSPECIFIED.,.F.,.F.,.F.,(4,4),(2,2),
(1.,2.),(0.,0.00119999998859999),.UNSPECIFIED.);
#50=B_SPLINE_SURFACE_WITH_KNOTS('',3,1,((#10655,#10656),(#10657,#10658),
(#10659,#10660),(#10661,#10662)),.UNSPECIFIED.,.F.,.F.,.F.,(4,4),(2,2),
(2.,3.),(0.,0.00119999998859999),.UNSPECIFIED.);
#51=B_SPLINE_SURFACE_WITH_KNOTS('',3,1,((#10669,#10670),(#10671,#10672),
(#10673,#10674),(#10675,#10676)),.UNSPECIFIED.,.F.,.F.,.F.,(4,4),(2,2),
(3.,4.),(0.,0.00119999998859999),.UNSPECIFIED.);
#52=B_SPLINE_SURFACE_WITH_KNOTS('',3,1,((#10680,#10681),(#10682,#10683),
(#10684,#10685),(#10686,#10687)),.UNSPECIFIED.,.F.,.F.,.F.,(4,4),(2,2),
(4.,5.),(0.,0.00119999998859999),.UNSPECIFIED.);
#53=B_SPLINE_SURFACE_WITH_KNOTS('',3,1,((#10691,#10692),(#10693,#10694),
(#10695,#10696),(#10697,#10698)),.UNSPECIFIED.,.F.,.F.,.F.,(4,4),(2,2),
(5.,6.),(0.,0.00119999998859999),.UNSPECIFIED.);
#54=B_SPLINE_SURFACE_WITH_KNOTS('',3,1,((#10712,#10713),(#10714,#10715),
(#10716,#10717),(#10718,#10719)),.UNSPECIFIED.,.F.,.F.,.F.,(4,4),(2,2),
(0.,1.),(0.,0.00119999998859999),.UNSPECIFIED.);
#55=B_SPLINE_SURFACE_WITH_KNOTS('',3,1,((#10732,#10733),(#10734,#10735),
(#10736,#10737),(#10738,#10739)),.UNSPECIFIED.,.F.,.F.,.F.,(4,4),(2,2),
(19.,20.),(0.,0.00119999998859999),.UNSPECIFIED.);
#56=B_SPLINE_SURFACE_WITH_KNOTS('',3,1,((#10743,#10744),(#10745,#10746),
(#10747,#10748),(#10749,#10750)),.UNSPECIFIED.,.F.,.F.,.F.,(4,4),(2,2),
(18.,19.),(0.,0.00119999998859999),.UNSPECIFIED.);
#57=B_SPLINE_SURFACE_WITH_KNOTS('',3,1,((#10754,#10755),(#10756,#10757),
(#10758,#10759),(#10760,#10761)),.UNSPECIFIED.,.F.,.F.,.F.,(4,4),(2,2),
(17.,18.),(0.,0.00119999998859999),.UNSPECIFIED.);
#58=B_SPLINE_SURFACE_WITH_KNOTS('',3,1,((#10765,#10766),(#10767,#10768),
(#10769,#10770),(#10771,#10772)),.UNSPECIFIED.,.F.,.F.,.F.,(4,4),(2,2),
(16.,17.),(0.,0.00119999998859999),.UNSPECIFIED.);
#59=B_SPLINE_SURFACE_WITH_KNOTS('',3,1,((#10776,#10777),(#10778,#10779),
(#10780,#10781),(#10782,#10783)),.UNSPECIFIED.,.F.,.F.,.F.,(4,4),(2,2),
(15.,16.),(0.,0.00119999998859999),.UNSPECIFIED.);
#60=B_SPLINE_SURFACE_WITH_KNOTS('',3,1,((#10787,#10788),(#10789,#10790),
(#10791,#10792),(#10793,#10794)),.UNSPECIFIED.,.F.,.F.,.F.,(4,4),(2,2),
(14.,15.),(0.,0.00119999998859999),.UNSPECIFIED.);
#61=B_SPLINE_SURFACE_WITH_KNOTS('',3,1,((#10798,#10799),(#10800,#10801),
(#10802,#10803),(#10804,#10805)),.UNSPECIFIED.,.F.,.F.,.F.,(4,4),(2,2),
(13.,14.),(0.,0.00119999998859999),.UNSPECIFIED.);
#62=B_SPLINE_SURFACE_WITH_KNOTS('',3,1,((#10812,#10813),(#10814,#10815),
(#10816,#10817),(#10818,#10819)),.UNSPECIFIED.,.F.,.F.,.F.,(4,4),(2,2),
(12.,13.),(0.,0.00119999998859999),.UNSPECIFIED.);
#63=B_SPLINE_SURFACE_WITH_KNOTS('',3,1,((#10823,#10824),(#10825,#10826),
(#10827,#10828),(#10829,#10830)),.UNSPECIFIED.,.F.,.F.,.F.,(4,4),(2,2),
(11.,12.),(0.,0.00119999998859999),.UNSPECIFIED.);
#64=B_SPLINE_SURFACE_WITH_KNOTS('',3,1,((#10837,#10838),(#10839,#10840),
(#10841,#10842),(#10843,#10844)),.UNSPECIFIED.,.F.,.F.,.F.,(4,4),(2,2),
(10.,11.),(0.,0.00119999998859999),.UNSPECIFIED.);
#65=B_SPLINE_SURFACE_WITH_KNOTS('',3,1,((#10855,#10856),(#10857,#10858),
(#10859,#10860),(#10861,#10862)),.UNSPECIFIED.,.F.,.F.,.F.,(4,4),(2,2),
(8.,9.),(0.,0.00119999998859999),.UNSPECIFIED.);
#66=B_SPLINE_SURFACE_WITH_KNOTS('',3,1,((#10869,#10870),(#10871,#10872),
(#10873,#10874),(#10875,#10876)),.UNSPECIFIED.,.F.,.F.,.F.,(4,4),(2,2),
(7.,8.),(0.,0.00119999998859999),.UNSPECIFIED.);
#67=B_SPLINE_SURFACE_WITH_KNOTS('',3,1,((#10883,#10884),(#10885,#10886),
(#10887,#10888),(#10889,#10890)),.UNSPECIFIED.,.F.,.F.,.F.,(4,4),(2,2),
(6.,7.),(0.,0.00119999998859999),.UNSPECIFIED.);
#68=B_SPLINE_SURFACE_WITH_KNOTS('',3,1,((#10897,#10898),(#10899,#10900),
(#10901,#10902),(#10903,#10904)),.UNSPECIFIED.,.F.,.F.,.F.,(4,4),(2,2),
(5.,6.),(0.,0.00119999998859999),.UNSPECIFIED.);
#69=B_SPLINE_SURFACE_WITH_KNOTS('',3,1,((#10908,#10909),(#10910,#10911),
(#10912,#10913),(#10914,#10915)),.UNSPECIFIED.,.F.,.F.,.F.,(4,4),(2,2),
(4.,5.),(0.,0.00119999998859999),.UNSPECIFIED.);
#70=B_SPLINE_SURFACE_WITH_KNOTS('',3,1,((#10919,#10920),(#10921,#10922),
(#10923,#10924),(#10925,#10926)),.UNSPECIFIED.,.F.,.F.,.F.,(4,4),(2,2),
(3.,4.),(0.,0.00119999998859999),.UNSPECIFIED.);
#71=B_SPLINE_SURFACE_WITH_KNOTS('',3,1,((#10930,#10931),(#10932,#10933),
(#10934,#10935),(#10936,#10937)),.UNSPECIFIED.,.F.,.F.,.F.,(4,4),(2,2),
(2.,3.),(0.,0.00119999998859999),.UNSPECIFIED.);
#72=B_SPLINE_SURFACE_WITH_KNOTS('',3,1,((#10944,#10945),(#10946,#10947),
(#10948,#10949),(#10950,#10951)),.UNSPECIFIED.,.F.,.F.,.F.,(4,4),(2,2),
(1.,2.),(0.,0.00119999998859999),.UNSPECIFIED.);
#73=B_SPLINE_SURFACE_WITH_KNOTS('',3,1,((#10964,#10965),(#10966,#10967),
(#10968,#10969),(#10970,#10971)),.UNSPECIFIED.,.F.,.F.,.F.,(4,4),(2,2),
(12.,13.),(0.,0.00119999998859999),.UNSPECIFIED.);
#74=B_SPLINE_SURFACE_WITH_KNOTS('',3,1,((#11002,#11003),(#11004,#11005),
(#11006,#11007),(#11008,#11009)),.UNSPECIFIED.,.F.,.F.,.F.,(4,4),(2,2),
(5.,6.),(0.,0.00119999998859999),.UNSPECIFIED.);
#75=B_SPLINE_SURFACE_WITH_KNOTS('',3,1,((#11016,#11017),(#11018,#11019),
(#11020,#11021),(#11022,#11023)),.UNSPECIFIED.,.F.,.F.,.F.,(4,4),(2,2),
(4.,5.),(0.,0.00119999998859999),.UNSPECIFIED.);
#76=B_SPLINE_SURFACE_WITH_KNOTS('',3,1,((#11034,#11035),(#11036,#11037),
(#11038,#11039),(#11040,#11041)),.UNSPECIFIED.,.F.,.F.,.F.,(4,4),(2,2),
(2.,3.),(0.,0.00119999998859999),.UNSPECIFIED.);
#77=B_SPLINE_SURFACE_WITH_KNOTS('',3,1,((#11045,#11046),(#11047,#11048),
(#11049,#11050),(#11051,#11052)),.UNSPECIFIED.,.F.,.F.,.F.,(4,4),(2,2),
(1.,2.),(0.,0.00119999998859999),.UNSPECIFIED.);
#78=B_SPLINE_SURFACE_WITH_KNOTS('',3,1,((#11149,#11150),(#11151,#11152),
(#11153,#11154),(#11155,#11156)),.UNSPECIFIED.,.F.,.F.,.F.,(4,4),(2,2),
(5.,6.),(0.,0.00119999998859999),.UNSPECIFIED.);
#79=B_SPLINE_SURFACE_WITH_KNOTS('',3,1,((#11158,#11159),(#11160,#11161),
(#11162,#11163),(#11164,#11165)),.UNSPECIFIED.,.F.,.F.,.F.,(4,4),(2,2),
(4.,5.),(0.,0.00119999998859999),.UNSPECIFIED.);
#80=B_SPLINE_SURFACE_WITH_KNOTS('',3,1,((#11167,#11168),(#11169,#11170),
(#11171,#11172),(#11173,#11174)),.UNSPECIFIED.,.F.,.F.,.F.,(4,4),(2,2),
(3.,4.),(0.,0.00119999998859999),.UNSPECIFIED.);
#81=B_SPLINE_SURFACE_WITH_KNOTS('',3,1,((#11176,#11177),(#11178,#11179),
(#11180,#11181),(#11182,#11183)),.UNSPECIFIED.,.F.,.F.,.F.,(4,4),(2,2),
(2.,3.),(0.,0.00119999998859999),.UNSPECIFIED.);
#82=B_SPLINE_SURFACE_WITH_KNOTS('',3,1,((#11202,#11203),(#11204,#11205),
(#11206,#11207),(#11208,#11209)),.UNSPECIFIED.,.F.,.F.,.F.,(4,4),(2,2),
(2.,3.),(0.,0.00119999998859999),.UNSPECIFIED.);
#83=B_SPLINE_SURFACE_WITH_KNOTS('',3,1,((#11213,#11214),(#11215,#11216),
(#11217,#11218),(#11219,#11220)),.UNSPECIFIED.,.F.,.F.,.F.,(4,4),(2,2),
(3.,4.),(0.,0.00119999998859999),.UNSPECIFIED.);
#84=B_SPLINE_SURFACE_WITH_KNOTS('',3,1,((#11224,#11225),(#11226,#11227),
(#11228,#11229),(#11230,#11231)),.UNSPECIFIED.,.F.,.F.,.F.,(4,4),(2,2),
(4.,5.),(0.,0.00119999998859999),.UNSPECIFIED.);
#85=B_SPLINE_SURFACE_WITH_KNOTS('',3,1,((#11235,#11236),(#11237,#11238),
(#11239,#11240),(#11241,#11242)),.UNSPECIFIED.,.F.,.F.,.F.,(4,4),(2,2),
(5.,6.),(0.,0.00119999998859999),.UNSPECIFIED.);
#86=B_SPLINE_SURFACE_WITH_KNOTS('',3,1,((#11306,#11307),(#11308,#11309),
(#11310,#11311),(#11312,#11313)),.UNSPECIFIED.,.F.,.F.,.F.,(4,4),(2,2),
(1.,2.),(0.,0.00119999998859999),.UNSPECIFIED.);
#87=B_SPLINE_SURFACE_WITH_KNOTS('',3,1,((#11324,#11325),(#11326,#11327),
(#11328,#11329),(#11330,#11331)),.UNSPECIFIED.,.F.,.F.,.F.,(4,4),(2,2),
(3.,4.),(0.,0.00119999998859999),.UNSPECIFIED.);
#88=B_SPLINE_SURFACE_WITH_KNOTS('',3,1,((#11477,#11478),(#11479,#11480),
(#11481,#11482),(#11483,#11484)),.UNSPECIFIED.,.F.,.F.,.F.,(4,4),(2,2),
(35.,36.),(0.,0.00119999998859999),.UNSPECIFIED.);
#89=B_SPLINE_SURFACE_WITH_KNOTS('',3,1,((#11487,#11488),(#11489,#11490),
(#11491,#11492),(#11493,#11494)),.UNSPECIFIED.,.F.,.F.,.F.,(4,4),(2,2),
(0.,1.),(0.,0.00119999998859999),.UNSPECIFIED.);
#90=B_SPLINE_SURFACE_WITH_KNOTS('',3,1,((#11496,#11497),(#11498,#11499),
(#11500,#11501),(#11502,#11503)),.UNSPECIFIED.,.F.,.F.,.F.,(4,4),(2,2),
(1.,2.),(0.,0.00119999998859999),.UNSPECIFIED.);
#91=B_SPLINE_SURFACE_WITH_KNOTS('',3,1,((#11505,#11506),(#11507,#11508),
(#11509,#11510),(#11511,#11512)),.UNSPECIFIED.,.F.,.F.,.F.,(4,4),(2,2),
(2.,3.),(0.,0.00119999998859999),.UNSPECIFIED.);
#92=B_SPLINE_SURFACE_WITH_KNOTS('',3,1,((#11514,#11515),(#11516,#11517),
(#11518,#11519),(#11520,#11521)),.UNSPECIFIED.,.F.,.F.,.F.,(4,4),(2,2),
(3.,4.),(0.,0.00119999998859999),.UNSPECIFIED.);
#93=B_SPLINE_SURFACE_WITH_KNOTS('',3,1,((#11523,#11524),(#11525,#11526),
(#11527,#11528),(#11529,#11530)),.UNSPECIFIED.,.F.,.F.,.F.,(4,4),(2,2),
(4.,5.),(0.,0.00119999998859999),.UNSPECIFIED.);
#94=B_SPLINE_SURFACE_WITH_KNOTS('',3,1,((#11532,#11533),(#11534,#11535),
(#11536,#11537),(#11538,#11539)),.UNSPECIFIED.,.F.,.F.,.F.,(4,4),(2,2),
(5.,6.),(0.,0.00119999998859999),.UNSPECIFIED.);
#95=B_SPLINE_SURFACE_WITH_KNOTS('',3,1,((#11541,#11542),(#11543,#11544),
(#11545,#11546),(#11547,#11548)),.UNSPECIFIED.,.F.,.F.,.F.,(4,4),(2,2),
(6.,7.),(0.,0.00119999998859999),.UNSPECIFIED.);
#96=B_SPLINE_SURFACE_WITH_KNOTS('',3,1,((#11550,#11551),(#11552,#11553),
(#11554,#11555),(#11556,#11557)),.UNSPECIFIED.,.F.,.F.,.F.,(4,4),(2,2),
(7.,8.),(0.,0.00119999998859999),.UNSPECIFIED.);
#97=B_SPLINE_SURFACE_WITH_KNOTS('',3,1,((#11559,#11560),(#11561,#11562),
(#11563,#11564),(#11565,#11566)),.UNSPECIFIED.,.F.,.F.,.F.,(4,4),(2,2),
(8.,9.),(0.,0.00119999998859999),.UNSPECIFIED.);
#98=B_SPLINE_SURFACE_WITH_KNOTS('',3,1,((#11568,#11569),(#11570,#11571),
(#11572,#11573),(#11574,#11575)),.UNSPECIFIED.,.F.,.F.,.F.,(4,4),(2,2),
(9.,10.),(0.,0.00119999998859999),.UNSPECIFIED.);
#99=B_SPLINE_SURFACE_WITH_KNOTS('',3,1,((#11577,#11578),(#11579,#11580),
(#11581,#11582),(#11583,#11584)),.UNSPECIFIED.,.F.,.F.,.F.,(4,4),(2,2),
(10.,11.),(0.,0.00119999998859999),.UNSPECIFIED.);
#100=B_SPLINE_SURFACE_WITH_KNOTS('',3,1,((#11594,#11595),(#11596,#11597),
(#11598,#11599),(#11600,#11601)),.UNSPECIFIED.,.F.,.F.,.F.,(4,4),(2,2),
(15.,16.),(0.,0.00119999998859999),.UNSPECIFIED.);
#101=B_SPLINE_SURFACE_WITH_KNOTS('',3,1,((#11603,#11604),(#11605,#11606),
(#11607,#11608),(#11609,#11610)),.UNSPECIFIED.,.F.,.F.,.F.,(4,4),(2,2),
(16.,17.),(0.,0.00119999998859999),.UNSPECIFIED.);
#102=B_SPLINE_SURFACE_WITH_KNOTS('',3,1,((#11612,#11613),(#11614,#11615),
(#11616,#11617),(#11618,#11619)),.UNSPECIFIED.,.F.,.F.,.F.,(4,4),(2,2),
(17.,18.),(0.,0.00119999998859999),.UNSPECIFIED.);
#103=B_SPLINE_SURFACE_WITH_KNOTS('',3,1,((#11621,#11622),(#11623,#11624),
(#11625,#11626),(#11627,#11628)),.UNSPECIFIED.,.F.,.F.,.F.,(4,4),(2,2),
(18.,19.),(0.,0.00119999998859999),.UNSPECIFIED.);
#104=B_SPLINE_SURFACE_WITH_KNOTS('',3,1,((#11630,#11631),(#11632,#11633),
(#11634,#11635),(#11636,#11637)),.UNSPECIFIED.,.F.,.F.,.F.,(4,4),(2,2),
(19.,20.),(0.,0.00119999998859999),.UNSPECIFIED.);
#105=B_SPLINE_SURFACE_WITH_KNOTS('',3,1,((#11639,#11640),(#11641,#11642),
(#11643,#11644),(#11645,#11646)),.UNSPECIFIED.,.F.,.F.,.F.,(4,4),(2,2),
(20.,21.),(0.,0.00119999998859999),.UNSPECIFIED.);
#106=B_SPLINE_SURFACE_WITH_KNOTS('',3,1,((#11648,#11649),(#11650,#11651),
(#11652,#11653),(#11654,#11655)),.UNSPECIFIED.,.F.,.F.,.F.,(4,4),(2,2),
(21.,22.),(0.,0.00119999998859999),.UNSPECIFIED.);
#107=B_SPLINE_SURFACE_WITH_KNOTS('',3,1,((#11659,#11660),(#11661,#11662),
(#11663,#11664),(#11665,#11666)),.UNSPECIFIED.,.F.,.F.,.F.,(4,4),(2,2),
(23.,24.),(0.,0.00119999998859999),.UNSPECIFIED.);
#108=B_SPLINE_SURFACE_WITH_KNOTS('',3,1,((#11668,#11669),(#11670,#11671),
(#11672,#11673),(#11674,#11675)),.UNSPECIFIED.,.F.,.F.,.F.,(4,4),(2,2),
(24.,25.),(0.,0.00119999998859999),.UNSPECIFIED.);
#109=B_SPLINE_SURFACE_WITH_KNOTS('',3,1,((#11679,#11680),(#11681,#11682),
(#11683,#11684),(#11685,#11686)),.UNSPECIFIED.,.F.,.F.,.F.,(4,4),(2,2),
(26.,27.),(0.,0.00119999998859999),.UNSPECIFIED.);
#110=B_SPLINE_SURFACE_WITH_KNOTS('',3,1,((#11688,#11689),(#11690,#11691),
(#11692,#11693),(#11694,#11695)),.UNSPECIFIED.,.F.,.F.,.F.,(4,4),(2,2),
(27.,28.),(0.,0.00119999998859999),.UNSPECIFIED.);
#111=B_SPLINE_SURFACE_WITH_KNOTS('',3,1,((#11697,#11698),(#11699,#11700),
(#11701,#11702),(#11703,#11704)),.UNSPECIFIED.,.F.,.F.,.F.,(4,4),(2,2),
(28.,29.),(0.,0.00119999998859999),.UNSPECIFIED.);
#112=B_SPLINE_SURFACE_WITH_KNOTS('',3,1,((#11708,#11709),(#11710,#11711),
(#11712,#11713),(#11714,#11715)),.UNSPECIFIED.,.F.,.F.,.F.,(4,4),(2,2),
(33.,34.),(0.,0.00119999998859999),.UNSPECIFIED.);
#113=B_SPLINE_SURFACE_WITH_KNOTS('',3,1,((#11717,#11718),(#11719,#11720),
(#11721,#11722),(#11723,#11724)),.UNSPECIFIED.,.F.,.F.,.F.,(4,4),(2,2),
(34.,35.),(0.,0.00119999998859999),.UNSPECIFIED.);
#114=B_SPLINE_SURFACE_WITH_KNOTS('',3,1,((#11725,#11726),(#11727,#11728),
(#11729,#11730),(#11731,#11732),(#11733,#11734),(#11735,#11736),(#11737,
#11738)),.UNSPECIFIED.,.F.,.F.,.F.,(4,3,4),(2,2),(0.,1.,2.),(0.,0.00119999998859999),
 .UNSPECIFIED.);
#115=B_SPLINE_SURFACE_WITH_KNOTS('',3,1,((#11750,#11751),(#11752,#11753),
(#11754,#11755),(#11756,#11757),(#11758,#11759),(#11760,#11761)),
 .UNSPECIFIED.,.F.,.F.,.F.,(4,2,4),(2,2),(2.,3.,4.),(0.,0.00119999998859999),
 .UNSPECIFIED.);
#116=TOROIDAL_SURFACE('',#7044,0.419099995991,0.05079999951405);
#117=TOROIDAL_SURFACE('',#7051,0.419099995991,0.05079999951405);
#118=TOROIDAL_SURFACE('',#7058,0.419099995991,0.05079999951405);
#119=TOROIDAL_SURFACE('',#7065,0.419099995991,0.05079999951405);
#120=TOROIDAL_SURFACE('',#7074,1.625599984449,0.126999998785);
#121=CYLINDRICAL_SURFACE('',#6943,0.152399998542);
#122=CYLINDRICAL_SURFACE('',#6947,0.25399999757);
#123=CYLINDRICAL_SURFACE('',#6954,0.380999996355);
#124=CYLINDRICAL_SURFACE('',#6968,0.380999996355);
#125=CYLINDRICAL_SURFACE('',#6974,0.25399999757);
#126=CYLINDRICAL_SURFACE('',#6979,0.152399998542);
#127=CYLINDRICAL_SURFACE('',#7008,0.50799999514);
#128=CYLINDRICAL_SURFACE('',#7010,0.584199994412);
#129=CYLINDRICAL_SURFACE('',#7015,0.380999996355);
#130=CYLINDRICAL_SURFACE('',#7018,0.50799999514);
#131=CYLINDRICAL_SURFACE('',#7032,0.584199994412);
#132=CYLINDRICAL_SURFACE('',#7033,0.50799999514);
#133=CYLINDRICAL_SURFACE('',#7037,0.380999996355);
#134=CYLINDRICAL_SURFACE('',#7039,0.50799999514);
#135=CYLINDRICAL_SURFACE('',#7040,0.469899995505);
#136=CYLINDRICAL_SURFACE('',#7047,0.469899995505);
#137=CYLINDRICAL_SURFACE('',#7054,0.469899995505);
#138=CYLINDRICAL_SURFACE('',#7061,0.469899995505);
#139=CYLINDRICAL_SURFACE('',#7077,1.752599983235);
#140=CYLINDRICAL_SURFACE('',#7084,0.499999995217);
#141=CYLINDRICAL_SURFACE('',#7085,0.499999995217);
#142=CYLINDRICAL_SURFACE('',#7086,0.499999995217);
#143=CYLINDRICAL_SURFACE('',#7087,0.499999995217);
#144=ELLIPSE('',#6879,17.8169779153792,1.62895794473995);
#145=ELLIPSE('',#6880,2.57792067147824,0.473013009091043);
#146=ELLIPSE('',#6881,11.1878924540491,1.0890927606757);
#147=ELLIPSE('',#6882,3.55433580868831,0.719432308310568);
#148=ELLIPSE('',#6883,34.8477107331051,2.41342196491173);
#149=ELLIPSE('',#6884,44.7008581451763,2.59941370403484);
#150=ELLIPSE('',#6885,0.489191687634447,0.409936797528484);
#151=ELLIPSE('',#6886,0.337992254710725,0.334259442343993);
#152=ELLIPSE('',#6887,0.41382798400129,0.370568794233517);
#153=ELLIPSE('',#6888,1.82355237598044,0.83545215368394);
#154=ELLIPSE('',#6889,0.380528693708862,0.366024804953495);
#155=ELLIPSE('',#6890,0.386312106375411,0.38095089665969);
#156=ELLIPSE('',#6891,0.450796699469191,0.417670459986252);
#157=ELLIPSE('',#6892,0.839618991161444,0.638098447654986);
#158=ELLIPSE('',#6893,0.133669741308593,0.0556904300436493);
#159=ELLIPSE('',#6894,17.2967979831961,0.659208924480736);
#160=ELLIPSE('',#6895,0.52450908372755,0.0486426552930651);
#161=ELLIPSE('',#6896,1.32949529818602,0.149425361184564);
#162=ELLIPSE('',#6897,1.24574875993298,0.26433126820445);
#163=ELLIPSE('',#6898,0.269793723489959,0.083183699133171);
#164=ELLIPSE('',#6899,2.47107113974493,0.0957123793314273);
#165=ELLIPSE('',#6900,0.691884605996296,0.119602435157372);
#166=ELLIPSE('',#6901,4.12174330708906,0.474001243413639);
#167=ELLIPSE('',#6902,2.96970888184727,0.410007556468362);
#168=ELLIPSE('',#6903,3.15679127677296,0.52362275991042);
#169=ELLIPSE('',#6904,8.43758010348477,1.00355631001834);
#170=ELLIPSE('',#6905,6.99324601859074,0.72259724710445);
#171=ELLIPSE('',#6906,9.98787580654585,0.815638271284109);
#172=ELLIPSE('',#6907,21.7712988513984,0.89927919810882);
#173=ELLIPSE('',#6908,34.8477104293663,2.41342195458828);
#174=ELLIPSE('',#6909,44.7008551123089,2.5994136158118);
#175=ELLIPSE('',#6928,0.535302192795695,0.499999995523727);
#176=ELLIPSE('',#6929,0.535302192795009,0.499999995522408);
#177=ELLIPSE('',#6937,0.535302192794779,0.499999995526802);
#178=ELLIPSE('',#6938,0.535302192792097,0.499999995521946);
#179=ELLIPSE('',#6983,0.535302192792858,0.499999995518539);
#180=ELLIPSE('',#6984,0.535302192795138,0.499999995522697);
#181=ELLIPSE('',#6992,0.535302192792548,0.499999995522836);
#182=ELLIPSE('',#6993,0.535302192794905,0.49999999552706);
#183=ELLIPSE('',#7100,3.55433580868831,0.719432308310568);
#184=ELLIPSE('',#7101,11.1878924540491,1.0890927606757);
#185=ELLIPSE('',#7103,2.57792067147824,0.473013009091043);
#186=ELLIPSE('',#7104,17.8169779153792,1.62895794473995);
#187=ELLIPSE('',#7120,34.8477104293663,2.41342195458828);
#188=ELLIPSE('',#7121,44.7008551123089,2.5994136158118);
#189=ELLIPSE('',#7122,27.3823622922073,1.810684116719);
#190=ELLIPSE('',#7123,8.93938613331252,0.927172136261667);
#191=ELLIPSE('',#7124,13.9614390733228,1.22901244597895);
#192=ELLIPSE('',#7125,16.9466424722113,1.37421488859394);
#193=ELLIPSE('',#7132,16.9466424722113,1.37421488859394);
#194=ELLIPSE('',#7133,13.9614390733228,1.22901244597895);
#195=ELLIPSE('',#7134,8.93938613331252,0.927172136261667);
#196=ELLIPSE('',#7135,27.3823622922073,1.810684116719);
#197=ELLIPSE('',#7165,21.7712988513984,0.89927919810882);
#198=ELLIPSE('',#7166,9.98787580654585,0.815638271284109);
#199=ELLIPSE('',#7167,6.99324601859074,0.72259724710445);
#200=ELLIPSE('',#7168,1.0552267775332,0.189806318543446);
#201=ELLIPSE('',#7169,1.78973383151731,0.318781077885741);
#202=ELLIPSE('',#7170,1.57696156938216,0.248840189171497);
#203=ELLIPSE('',#7177,1.0552267775332,0.189806318543446);
#204=ELLIPSE('',#7178,1.57696156938216,0.248840189171497);
#205=ELLIPSE('',#7179,1.78973383151731,0.318781077885741);
#206=ELLIPSE('',#7184,8.43758010348477,1.00355631001834);
#207=ELLIPSE('',#7185,3.15679127677296,0.52362275991042);
#208=ELLIPSE('',#7186,2.96970888184727,0.410007556468362);
#209=ELLIPSE('',#7187,4.12174330708906,0.474001243413639);
#210=ELLIPSE('',#7188,0.691884605996296,0.119602435157372);
#211=ELLIPSE('',#7189,2.47107113974493,0.0957123793314273);
#212=ELLIPSE('',#7190,0.269793723489959,0.083183699133171);
#213=ELLIPSE('',#7192,1.24574875993298,0.26433126820445);
#214=ELLIPSE('',#7193,1.32949529818602,0.149425361184564);
#215=ELLIPSE('',#7194,0.52450908372755,0.0486426552930651);
#216=ELLIPSE('',#7195,17.2967979831961,0.659208924480736);
#217=ELLIPSE('',#7206,0.133669741308593,0.0556904300436493);
#218=ELLIPSE('',#7223,34.8477107331051,2.41342196491173);
#219=ELLIPSE('',#7224,44.7008581451763,2.59941370403484);
#220=ELLIPSE('',#7225,27.382356400263,1.81068392180857);
#221=ELLIPSE('',#7226,8.93938656494649,0.927172158685265);
#222=ELLIPSE('',#7227,13.9614390994683,1.22901244702098);
#223=ELLIPSE('',#7228,16.9466435841923,1.37421493358162);
#224=ELLIPSE('',#7235,16.9466435841923,1.37421493358162);
#225=ELLIPSE('',#7236,13.9614390994683,1.22901244702098);
#226=ELLIPSE('',#7237,8.93938656494649,0.927172158685265);
#227=ELLIPSE('',#7238,27.382356400263,1.81068392180857);
#228=ELLIPSE('',#7255,0.489191687634447,0.409936797528484);
#229=ELLIPSE('',#7256,0.839618991161444,0.638098447654986);
#230=ELLIPSE('',#7257,0.450796699469191,0.417670459986252);
#231=ELLIPSE('',#7258,0.386312106375411,0.38095089665969);
#232=ELLIPSE('',#7259,0.380528693708862,0.366024804953495);
#233=ELLIPSE('',#7260,1.82355237598044,0.83545215368394);
#234=ELLIPSE('',#7261,0.41382798400129,0.370568794233517);
#235=ELLIPSE('',#7262,0.337992254710725,0.334259442343993);
#236=B_SPLINE_CURVE_WITH_KNOTS('',3,(#8805,#8806,#8807,#8808),
 .UNSPECIFIED.,.F.,.F.,(4,4),(0.,1.),.UNSPECIFIED.);
#237=B_SPLINE_CURVE_WITH_KNOTS('',3,(#8810,#8811,#8812,#8813),
 .UNSPECIFIED.,.F.,.F.,(4,4),(1.,2.),.UNSPECIFIED.);
#238=B_SPLINE_CURVE_WITH_KNOTS('',3,(#8817,#8818,#8819,#8820),
 .UNSPECIFIED.,.F.,.F.,(4,4),(3.,4.),.UNSPECIFIED.);
#239=B_SPLINE_CURVE_WITH_KNOTS('',3,(#8822,#8823,#8824,#8825),
 .UNSPECIFIED.,.F.,.F.,(4,4),(4.,5.),.UNSPECIFIED.);
#240=B_SPLINE_CURVE_WITH_KNOTS('',3,(#8831,#8832,#8833,#8834),
 .UNSPECIFIED.,.F.,.F.,(4,4),(7.,8.),.UNSPECIFIED.);
#241=B_SPLINE_CURVE_WITH_KNOTS('',3,(#8836,#8837,#8838,#8839),
 .UNSPECIFIED.,.F.,.F.,(4,4),(8.,9.),.UNSPECIFIED.);
#242=B_SPLINE_CURVE_WITH_KNOTS('',3,(#8841,#8842,#8843,#8844),
 .UNSPECIFIED.,.F.,.F.,(4,4),(9.,10.),.UNSPECIFIED.);
#243=B_SPLINE_CURVE_WITH_KNOTS('',3,(#8846,#8847,#8848,#8849),
 .UNSPECIFIED.,.F.,.F.,(4,4),(10.,11.),.UNSPECIFIED.);
#244=B_SPLINE_CURVE_WITH_KNOTS('',3,(#8927,#8928,#8929,#8930),
 .UNSPECIFIED.,.F.,.F.,(4,4),(2.,3.),.UNSPECIFIED.);
#245=B_SPLINE_CURVE_WITH_KNOTS('',3,(#8932,#8933,#8934,#8935),
 .UNSPECIFIED.,.F.,.F.,(4,4),(3.,4.),.UNSPECIFIED.);
#246=B_SPLINE_CURVE_WITH_KNOTS('',3,(#8941,#8942,#8943,#8944),
 .UNSPECIFIED.,.F.,.F.,(4,4),(35.,36.),.UNSPECIFIED.);
#247=B_SPLINE_CURVE_WITH_KNOTS('',3,(#8952,#8953,#8954,#8955),
 .UNSPECIFIED.,.F.,.F.,(4,4),(28.,29.),.UNSPECIFIED.);
#248=B_SPLINE_CURVE_WITH_KNOTS('',3,(#8957,#8958,#8959,#8960),
 .UNSPECIFIED.,.F.,.F.,(4,4),(27.,28.),.UNSPECIFIED.);
#249=B_SPLINE_CURVE_WITH_KNOTS('',3,(#8962,#8963,#8964,#8965),
 .UNSPECIFIED.,.F.,.F.,(4,4),(26.,27.),.UNSPECIFIED.);
#250=B_SPLINE_CURVE_WITH_KNOTS('',3,(#8969,#8970,#8971,#8972),
 .UNSPECIFIED.,.F.,.F.,(4,4),(24.,25.),.UNSPECIFIED.);
#251=B_SPLINE_CURVE_WITH_KNOTS('',3,(#8974,#8975,#8976,#8977),
 .UNSPECIFIED.,.F.,.F.,(4,4),(23.,24.),.UNSPECIFIED.);
#252=B_SPLINE_CURVE_WITH_KNOTS('',3,(#8981,#8982,#8983,#8984),
 .UNSPECIFIED.,.F.,.F.,(4,4),(21.,22.),.UNSPECIFIED.);
#253=B_SPLINE_CURVE_WITH_KNOTS('',3,(#8986,#8987,#8988,#8989),
 .UNSPECIFIED.,.F.,.F.,(4,4),(20.,21.),.UNSPECIFIED.);
#254=B_SPLINE_CURVE_WITH_KNOTS('',3,(#8991,#8992,#8993,#8994),
 .UNSPECIFIED.,.F.,.F.,(4,4),(0.,0.0133917879491892),.UNSPECIFIED.);
#255=B_SPLINE_CURVE_WITH_KNOTS('',3,(#8996,#8997,#8998,#8999),
 .UNSPECIFIED.,.F.,.F.,(4,4),(18.,19.),.UNSPECIFIED.);
#256=B_SPLINE_CURVE_WITH_KNOTS('',3,(#9001,#9002,#9003,#9004),
 .UNSPECIFIED.,.F.,.F.,(4,4),(17.,18.),.UNSPECIFIED.);
#257=B_SPLINE_CURVE_WITH_KNOTS('',3,(#9006,#9007,#9008,#9009),
 .UNSPECIFIED.,.F.,.F.,(4,4),(16.,17.),.UNSPECIFIED.);
#258=B_SPLINE_CURVE_WITH_KNOTS('',3,(#9011,#9012,#9013,#9014),
 .UNSPECIFIED.,.F.,.F.,(4,4),(0.,0.0204937336566459),.UNSPECIFIED.);
#259=B_SPLINE_CURVE_WITH_KNOTS('',3,(#9024,#9025,#9026,#9027),
 .UNSPECIFIED.,.F.,.F.,(4,4),(10.,11.),.UNSPECIFIED.);
#260=B_SPLINE_CURVE_WITH_KNOTS('',3,(#9029,#9030,#9031,#9032),
 .UNSPECIFIED.,.F.,.F.,(4,4),(0.,0.0301761008824673),.UNSPECIFIED.);
#261=B_SPLINE_CURVE_WITH_KNOTS('',3,(#9042,#9043,#9044,#9045),
 .UNSPECIFIED.,.F.,.F.,(4,4),(4.,5.),.UNSPECIFIED.);
#262=B_SPLINE_CURVE_WITH_KNOTS('',3,(#9047,#9048,#9049,#9050),
 .UNSPECIFIED.,.F.,.F.,(4,4),(3.,4.),.UNSPECIFIED.);
#263=B_SPLINE_CURVE_WITH_KNOTS('',3,(#9053,#9054,#9055,#9056),
 .UNSPECIFIED.,.F.,.F.,(4,4),(0.,0.035973335258565),.UNSPECIFIED.);
#264=B_SPLINE_CURVE_WITH_KNOTS('',3,(#9105,#9106,#9107,#9108),
 .UNSPECIFIED.,.F.,.F.,(4,4),(1.,2.),.UNSPECIFIED.);
#265=B_SPLINE_CURVE_WITH_KNOTS('',3,(#9114,#9115,#9116,#9117),
 .UNSPECIFIED.,.F.,.F.,(4,4),(4.,5.),.UNSPECIFIED.);
#266=B_SPLINE_CURVE_WITH_KNOTS('',3,(#9119,#9120,#9121,#9122),
 .UNSPECIFIED.,.F.,.F.,(4,4),(5.,6.),.UNSPECIFIED.);
#267=B_SPLINE_CURVE_WITH_KNOTS('',3,(#9135,#9136,#9137,#9138),
 .UNSPECIFIED.,.F.,.F.,(4,4),(12.,13.),.UNSPECIFIED.);
#268=B_SPLINE_CURVE_WITH_KNOTS('',3,(#9143,#9144,#9145,#9146),
 .UNSPECIFIED.,.F.,.F.,(4,4),(0.,1.),.UNSPECIFIED.);
#269=B_SPLINE_CURVE_WITH_KNOTS('',3,(#9150,#9151,#9152,#9153),
 .UNSPECIFIED.,.F.,.F.,(4,4),(2.,3.),.UNSPECIFIED.);
#270=B_SPLINE_CURVE_WITH_KNOTS('',3,(#9161,#9162,#9163,#9164),
 .UNSPECIFIED.,.F.,.F.,(4,4),(6.,7.),.UNSPECIFIED.);
#271=B_SPLINE_CURVE_WITH_KNOTS('',3,(#9166,#9167,#9168,#9169),
 .UNSPECIFIED.,.F.,.F.,(4,4),(7.,8.),.UNSPECIFIED.);
#272=B_SPLINE_CURVE_WITH_KNOTS('',3,(#9171,#9172,#9173,#9174),
 .UNSPECIFIED.,.F.,.F.,(4,4),(8.,9.),.UNSPECIFIED.);
#273=B_SPLINE_CURVE_WITH_KNOTS('',3,(#9178,#9179,#9180,#9181),
 .UNSPECIFIED.,.F.,.F.,(4,4),(10.,11.),.UNSPECIFIED.);
#274=B_SPLINE_CURVE_WITH_KNOTS('',3,(#9183,#9184,#9185,#9186),
 .UNSPECIFIED.,.F.,.F.,(4,4),(11.,12.),.UNSPECIFIED.);
#275=B_SPLINE_CURVE_WITH_KNOTS('',3,(#9190,#9191,#9192,#9193),
 .UNSPECIFIED.,.F.,.F.,(4,4),(13.,14.),.UNSPECIFIED.);
#276=B_SPLINE_CURVE_WITH_KNOTS('',3,(#9209,#9210,#9211,#9212),
 .UNSPECIFIED.,.F.,.F.,(4,4),(0.,1.),.UNSPECIFIED.);
#277=B_SPLINE_CURVE_WITH_KNOTS('',3,(#9214,#9215,#9216,#9217),
 .UNSPECIFIED.,.F.,.F.,(4,4),(1.,2.),.UNSPECIFIED.);
#278=B_SPLINE_CURVE_WITH_KNOTS('',3,(#9231,#9232,#9233,#9234),
 .UNSPECIFIED.,.F.,.F.,(4,4),(8.,9.),.UNSPECIFIED.);
#279=B_SPLINE_CURVE_WITH_KNOTS('',3,(#9236,#9237,#9238,#9239),
 .UNSPECIFIED.,.F.,.F.,(4,4),(9.,10.),.UNSPECIFIED.);
#280=B_SPLINE_CURVE_WITH_KNOTS('',3,(#9244,#9245,#9246,#9247),
 .UNSPECIFIED.,.F.,.F.,(4,4),(12.,13.),.UNSPECIFIED.);
#281=B_SPLINE_CURVE_WITH_KNOTS('',3,(#9258,#9259,#9260,#9261),
 .UNSPECIFIED.,.F.,.F.,(4,4),(2.,3.),.UNSPECIFIED.);
#282=B_SPLINE_CURVE_WITH_KNOTS('',3,(#9263,#9264,#9265,#9266),
 .UNSPECIFIED.,.F.,.F.,(4,4),(3.,4.),.UNSPECIFIED.);
#283=B_SPLINE_CURVE_WITH_KNOTS('',3,(#9488,#9489,#9490,#9491,#9492,#9493,
#9494,#9495,#9496,#9497,#9498,#9499),.UNSPECIFIED.,.F.,.F.,(4,2,2,2,2,4),
(-0.372839896962546,-0.370191116110527,-0.360343288541402,-0.350495460972278,
-0.340850826388187,-0.331404298727231),.UNSPECIFIED.);
#284=B_SPLINE_CURVE_WITH_KNOTS('',3,(#9568,#9569,#9570,#9571,#9572,#9573,
#9574,#9575,#9576,#9577,#9578,#9579),.UNSPECIFIED.,.F.,.F.,(4,2,2,2,2,4),
(-0.372839896962546,-0.370191116110527,-0.360343288541403,-0.350495460972278,
-0.340850826388187,-0.331404298727231),.UNSPECIFIED.);
#285=B_SPLINE_CURVE_WITH_KNOTS('',3,(#9741,#9742,#9743,#9744,#9745,#9746,
#9747,#9748,#9749,#9750,#9751,#9752),.UNSPECIFIED.,.F.,.F.,(4,2,2,2,2,4),
(0.0292849353840655,0.0518144392087647,0.0628628752493762,0.0739113112899877,
0.0951633069996258,0.106408495172567),.UNSPECIFIED.);
#286=B_SPLINE_CURVE_WITH_KNOTS('',3,(#9772,#9773,#9774,#9775,#9776,#9777,
#9778,#9779,#9780,#9781,#9782,#9783),.UNSPECIFIED.,.F.,.F.,(4,2,2,2,2,4),
(-0.292429546544595,-0.282983018883639,-0.273338384299548,-0.263490556730423,
-0.253642729161298,-0.250993948309281),.UNSPECIFIED.);
#287=B_SPLINE_CURVE_WITH_KNOTS('',3,(#9835,#9836,#9837,#9838,#9839,#9840,
#9841,#9842,#9843,#9844,#9845,#9846,#9847,#9848),.UNSPECIFIED.,.F.,.F.,
(4,2,2,2,2,2,4),(-0.455648673796781,-0.441422446174567,-0.429270671246646,
-0.417118896318726,-0.406008311024106,-0.394897725729487,-0.378270782411387),
 .UNSPECIFIED.);
#288=B_SPLINE_CURVE_WITH_KNOTS('',3,(#9857,#9858,#9859,#9860,#9861,#9862,
#9863,#9864,#9865,#9866,#9867,#9868),.UNSPECIFIED.,.F.,.F.,(4,2,2,2,2,4),
(-0.292429546544595,-0.282983018883639,-0.273338384299548,-0.263490556730423,
-0.253642729161298,-0.250993948309278),.UNSPECIFIED.);
#289=B_SPLINE_CURVE_WITH_KNOTS('',3,(#9994,#9995,#9996,#9997),
 .UNSPECIFIED.,.F.,.F.,(4,4),(0.,1.),.UNSPECIFIED.);
#290=B_SPLINE_CURVE_WITH_KNOTS('',3,(#10034,#10035,#10036,#10037),
 .UNSPECIFIED.,.F.,.F.,(4,4),(10.,11.),.UNSPECIFIED.);
#291=B_SPLINE_CURVE_WITH_KNOTS('',3,(#10048,#10049,#10050,#10051),
 .UNSPECIFIED.,.F.,.F.,(4,4),(9.,10.),.UNSPECIFIED.);
#292=B_SPLINE_CURVE_WITH_KNOTS('',3,(#10062,#10063,#10064,#10065),
 .UNSPECIFIED.,.F.,.F.,(4,4),(8.,9.),.UNSPECIFIED.);
#293=B_SPLINE_CURVE_WITH_KNOTS('',3,(#10076,#10077,#10078,#10079),
 .UNSPECIFIED.,.F.,.F.,(4,4),(7.,8.),.UNSPECIFIED.);
#294=B_SPLINE_CURVE_WITH_KNOTS('',3,(#10105,#10106,#10107,#10108),
 .UNSPECIFIED.,.F.,.F.,(4,4),(4.,5.),.UNSPECIFIED.);
#295=B_SPLINE_CURVE_WITH_KNOTS('',3,(#10119,#10120,#10121,#10122),
 .UNSPECIFIED.,.F.,.F.,(4,4),(3.,4.),.UNSPECIFIED.);
#296=B_SPLINE_CURVE_WITH_KNOTS('',3,(#10142,#10143,#10144,#10145),
 .UNSPECIFIED.,.F.,.F.,(4,4),(1.,2.),.UNSPECIFIED.);
#297=B_SPLINE_CURVE_WITH_KNOTS('',3,(#10205,#10206,#10207,#10208),
 .UNSPECIFIED.,.F.,.F.,(4,4),(3.,4.),.UNSPECIFIED.);
#298=B_SPLINE_CURVE_WITH_KNOTS('',3,(#10210,#10211,#10212,#10213),
 .UNSPECIFIED.,.F.,.F.,(4,4),(2.,3.),.UNSPECIFIED.);
#299=B_SPLINE_CURVE_WITH_KNOTS('',3,(#10353,#10354,#10355,#10356),
 .UNSPECIFIED.,.F.,.F.,(4,4),(3.,4.),.UNSPECIFIED.);
#300=B_SPLINE_CURVE_WITH_KNOTS('',3,(#10360,#10361,#10362,#10363),
 .UNSPECIFIED.,.F.,.F.,(4,4),(1.,2.),.UNSPECIFIED.);
#301=B_SPLINE_CURVE_WITH_KNOTS('',3,(#10400,#10401,#10402,#10403),
 .UNSPECIFIED.,.F.,.F.,(4,4),(1.,2.),.UNSPECIFIED.);
#302=B_SPLINE_CURVE_WITH_KNOTS('',3,(#10418,#10419,#10420,#10421),
 .UNSPECIFIED.,.F.,.F.,(4,4),(3.,4.),.UNSPECIFIED.);
#303=B_SPLINE_CURVE_WITH_KNOTS('',3,(#10478,#10479,#10480,#10481),
 .UNSPECIFIED.,.F.,.F.,(4,4),(0.,1.),.UNSPECIFIED.);
#304=B_SPLINE_CURVE_WITH_KNOTS('',3,(#10485,#10486,#10487,#10488),
 .UNSPECIFIED.,.F.,.F.,(4,4),(12.,13.),.UNSPECIFIED.);
#305=B_SPLINE_CURVE_WITH_KNOTS('',3,(#10494,#10495,#10496,#10497),
 .UNSPECIFIED.,.F.,.F.,(4,4),(9.,10.),.UNSPECIFIED.);
#306=B_SPLINE_CURVE_WITH_KNOTS('',3,(#10499,#10500,#10501,#10502),
 .UNSPECIFIED.,.F.,.F.,(4,4),(8.,9.),.UNSPECIFIED.);
#307=B_SPLINE_CURVE_WITH_KNOTS('',3,(#10515,#10516,#10517,#10518),
 .UNSPECIFIED.,.F.,.F.,(4,4),(1.,2.),.UNSPECIFIED.);
#308=B_SPLINE_CURVE_WITH_KNOTS('',3,(#10523,#10524,#10525,#10526),
 .UNSPECIFIED.,.F.,.F.,(4,4),(0.,1.),.UNSPECIFIED.);
#309=B_SPLINE_CURVE_WITH_KNOTS('',3,(#10532,#10533,#10534,#10535),
 .UNSPECIFIED.,.F.,.F.,(4,4),(5.,6.),.UNSPECIFIED.);
#310=B_SPLINE_CURVE_WITH_KNOTS('',3,(#10540,#10541,#10542,#10543),
 .UNSPECIFIED.,.F.,.F.,(4,4),(2.,3.),.UNSPECIFIED.);
#311=B_SPLINE_CURVE_WITH_KNOTS('',3,(#10638,#10639,#10640,#10641),
 .UNSPECIFIED.,.F.,.F.,(4,4),(0.,1.),.UNSPECIFIED.);
#312=B_SPLINE_CURVE_WITH_KNOTS('',3,(#10664,#10665,#10666,#10667),
 .UNSPECIFIED.,.F.,.F.,(4,4),(2.,3.),.UNSPECIFIED.);
#313=B_SPLINE_CURVE_WITH_KNOTS('',3,(#10700,#10701,#10702,#10703),
 .UNSPECIFIED.,.F.,.F.,(4,4),(5.,6.),.UNSPECIFIED.);
#314=B_SPLINE_CURVE_WITH_KNOTS('',3,(#10724,#10725,#10726,#10727),
 .UNSPECIFIED.,.F.,.F.,(4,4),(0.,1.),.UNSPECIFIED.);
#315=B_SPLINE_CURVE_WITH_KNOTS('',3,(#10808,#10809,#10810,#10811),
 .UNSPECIFIED.,.F.,.F.,(4,4),(13.,14.),.UNSPECIFIED.);
#316=B_SPLINE_CURVE_WITH_KNOTS('',3,(#10833,#10834,#10835,#10836),
 .UNSPECIFIED.,.F.,.F.,(4,4),(11.,12.),.UNSPECIFIED.);
#317=B_SPLINE_CURVE_WITH_KNOTS('',3,(#10847,#10848,#10849,#10850),
 .UNSPECIFIED.,.F.,.F.,(4,4),(10.,11.),.UNSPECIFIED.);
#318=B_SPLINE_CURVE_WITH_KNOTS('',3,(#10865,#10866,#10867,#10868),
 .UNSPECIFIED.,.F.,.F.,(4,4),(8.,9.),.UNSPECIFIED.);
#319=B_SPLINE_CURVE_WITH_KNOTS('',3,(#10879,#10880,#10881,#10882),
 .UNSPECIFIED.,.F.,.F.,(4,4),(7.,8.),.UNSPECIFIED.);
#320=B_SPLINE_CURVE_WITH_KNOTS('',3,(#10893,#10894,#10895,#10896),
 .UNSPECIFIED.,.F.,.F.,(4,4),(6.,7.),.UNSPECIFIED.);
#321=B_SPLINE_CURVE_WITH_KNOTS('',3,(#10940,#10941,#10942,#10943),
 .UNSPECIFIED.,.F.,.F.,(4,4),(2.,3.),.UNSPECIFIED.);
#322=B_SPLINE_CURVE_WITH_KNOTS('',3,(#10974,#10975,#10976,#10977),
 .UNSPECIFIED.,.F.,.F.,(4,4),(12.,13.),.UNSPECIFIED.);
#323=B_SPLINE_CURVE_WITH_KNOTS('',3,(#11012,#11013,#11014,#11015),
 .UNSPECIFIED.,.F.,.F.,(4,4),(5.,6.),.UNSPECIFIED.);
#324=B_SPLINE_CURVE_WITH_KNOTS('',3,(#11026,#11027,#11028,#11029),
 .UNSPECIFIED.,.F.,.F.,(4,4),(4.,5.),.UNSPECIFIED.);
#325=B_SPLINE_CURVE_WITH_KNOTS('',3,(#11055,#11056,#11057,#11058),
 .UNSPECIFIED.,.F.,.F.,(4,4),(1.,2.),.UNSPECIFIED.);
#326=B_SPLINE_CURVE_WITH_KNOTS('',3,(#11120,#11121,#11122,#11123),
 .UNSPECIFIED.,.F.,.F.,(4,4),(3.,4.),.UNSPECIFIED.);
#327=B_SPLINE_CURVE_WITH_KNOTS('',3,(#11125,#11126,#11127,#11128),
 .UNSPECIFIED.,.F.,.F.,(4,4),(2.,3.),.UNSPECIFIED.);
#328=B_SPLINE_CURVE_WITH_KNOTS('',3,(#11268,#11269,#11270,#11271),
 .UNSPECIFIED.,.F.,.F.,(4,4),(3.,4.),.UNSPECIFIED.);
#329=B_SPLINE_CURVE_WITH_KNOTS('',3,(#11275,#11276,#11277,#11278),
 .UNSPECIFIED.,.F.,.F.,(4,4),(1.,2.),.UNSPECIFIED.);
#330=B_SPLINE_CURVE_WITH_KNOTS('',3,(#11315,#11316,#11317,#11318),
 .UNSPECIFIED.,.F.,.F.,(4,4),(1.,2.),.UNSPECIFIED.);
#331=B_SPLINE_CURVE_WITH_KNOTS('',3,(#11333,#11334,#11335,#11336),
 .UNSPECIFIED.,.F.,.F.,(4,4),(3.,4.),.UNSPECIFIED.);
#332=B_SPLINE_CURVE_WITH_KNOTS('',3,(#11344,#11345,#11346,#11347),
 .UNSPECIFIED.,.F.,.F.,(4,4),(35.,36.),.UNSPECIFIED.);
#333=B_SPLINE_CURVE_WITH_KNOTS('',3,(#11351,#11352,#11353,#11354),
 .UNSPECIFIED.,.F.,.F.,(4,4),(-0.0359629915200848,0.),.UNSPECIFIED.);
#334=B_SPLINE_CURVE_WITH_KNOTS('',3,(#11358,#11359,#11360,#11361),
 .UNSPECIFIED.,.F.,.F.,(4,4),(3.,4.),.UNSPECIFIED.);
#335=B_SPLINE_CURVE_WITH_KNOTS('',3,(#11363,#11364,#11365,#11366),
 .UNSPECIFIED.,.F.,.F.,(4,4),(4.,5.),.UNSPECIFIED.);
#336=B_SPLINE_CURVE_WITH_KNOTS('',3,(#11376,#11377,#11378,#11379),
 .UNSPECIFIED.,.F.,.F.,(4,4),(-0.0302072066572496,0.),.UNSPECIFIED.);
#337=B_SPLINE_CURVE_WITH_KNOTS('',3,(#11381,#11382,#11383,#11384),
 .UNSPECIFIED.,.F.,.F.,(4,4),(10.,11.),.UNSPECIFIED.);
#338=B_SPLINE_CURVE_WITH_KNOTS('',3,(#11394,#11395,#11396,#11397),
 .UNSPECIFIED.,.F.,.F.,(4,4),(-0.0205123093470516,0.),.UNSPECIFIED.);
#339=B_SPLINE_CURVE_WITH_KNOTS('',3,(#11399,#11400,#11401,#11402),
 .UNSPECIFIED.,.F.,.F.,(4,4),(16.,17.),.UNSPECIFIED.);
#340=B_SPLINE_CURVE_WITH_KNOTS('',3,(#11404,#11405,#11406,#11407),
 .UNSPECIFIED.,.F.,.F.,(4,4),(17.,18.),.UNSPECIFIED.);
#341=B_SPLINE_CURVE_WITH_KNOTS('',3,(#11409,#11410,#11411,#11412),
 .UNSPECIFIED.,.F.,.F.,(4,4),(18.,19.),.UNSPECIFIED.);
#342=B_SPLINE_CURVE_WITH_KNOTS('',3,(#11414,#11415,#11416,#11417),
 .UNSPECIFIED.,.F.,.F.,(4,4),(-0.013338307316359,0.),.UNSPECIFIED.);
#343=B_SPLINE_CURVE_WITH_KNOTS('',3,(#11419,#11420,#11421,#11422),
 .UNSPECIFIED.,.F.,.F.,(4,4),(20.,21.),.UNSPECIFIED.);
#344=B_SPLINE_CURVE_WITH_KNOTS('',3,(#11424,#11425,#11426,#11427),
 .UNSPECIFIED.,.F.,.F.,(4,4),(21.,22.),.UNSPECIFIED.);
#345=B_SPLINE_CURVE_WITH_KNOTS('',3,(#11431,#11432,#11433,#11434),
 .UNSPECIFIED.,.F.,.F.,(4,4),(23.,24.),.UNSPECIFIED.);
#346=B_SPLINE_CURVE_WITH_KNOTS('',3,(#11436,#11437,#11438,#11439),
 .UNSPECIFIED.,.F.,.F.,(4,4),(24.,25.),.UNSPECIFIED.);
#347=B_SPLINE_CURVE_WITH_KNOTS('',3,(#11443,#11444,#11445,#11446),
 .UNSPECIFIED.,.F.,.F.,(4,4),(26.,27.),.UNSPECIFIED.);
#348=B_SPLINE_CURVE_WITH_KNOTS('',3,(#11448,#11449,#11450,#11451),
 .UNSPECIFIED.,.F.,.F.,(4,4),(27.,28.),.UNSPECIFIED.);
#349=B_SPLINE_CURVE_WITH_KNOTS('',3,(#11453,#11454,#11455,#11456),
 .UNSPECIFIED.,.F.,.F.,(4,4),(28.,29.),.UNSPECIFIED.);
#350=B_SPLINE_CURVE_WITH_KNOTS('',3,(#11464,#11465,#11466,#11467,#11468,
#11469,#11470),.UNSPECIFIED.,.F.,.F.,(4,3,4),(0.,1.,2.),.UNSPECIFIED.);
#351=B_SPLINE_CURVE_WITH_KNOTS('',3,(#11471,#11472,#11473,#11474,#11475,
#11476),.UNSPECIFIED.,.F.,.F.,(4,2,4),(2.,3.,4.),.UNSPECIFIED.);
#352=B_SPLINE_CURVE_WITH_KNOTS('',3,(#11741,#11742,#11743,#11744,#11745,
#11746,#11747),.UNSPECIFIED.,.F.,.F.,(4,3,4),(0.,1.,2.),.UNSPECIFIED.);
#353=B_SPLINE_CURVE_WITH_KNOTS('',3,(#11762,#11763,#11764,#11765,#11766,
#11767),.UNSPECIFIED.,.F.,.F.,(4,2,4),(2.,3.,4.),.UNSPECIFIED.);
#354=FACE_BOUND('',#724,.T.);
#355=FACE_BOUND('',#725,.T.);
#356=FACE_BOUND('',#726,.T.);
#357=FACE_BOUND('',#727,.T.);
#358=FACE_BOUND('',#728,.T.);
#359=FACE_BOUND('',#729,.T.);
#360=FACE_BOUND('',#730,.T.);
#361=FACE_BOUND('',#731,.T.);
#362=FACE_BOUND('',#732,.T.);
#363=FACE_BOUND('',#733,.T.);
#364=FACE_BOUND('',#734,.T.);
#365=FACE_BOUND('',#735,.T.);
#366=FACE_BOUND('',#736,.T.);
#367=FACE_BOUND('',#742,.T.);
#368=FACE_BOUND('',#743,.T.);
#369=FACE_BOUND('',#816,.T.);
#370=FACE_BOUND('',#845,.T.);
#371=FACE_BOUND('',#846,.T.);
#372=FACE_BOUND('',#847,.T.);
#373=FACE_BOUND('',#848,.T.);
#374=FACE_BOUND('',#849,.T.);
#375=FACE_BOUND('',#898,.T.);
#376=FACE_BOUND('',#915,.T.);
#377=FACE_BOUND('',#945,.T.);
#378=FACE_BOUND('',#1021,.T.);
#379=FACE_BOUND('',#1038,.T.);
#380=FACE_BOUND('',#1055,.T.);
#381=FACE_OUTER_BOUND('',#723,.T.);
#382=FACE_OUTER_BOUND('',#737,.T.);
#383=FACE_OUTER_BOUND('',#738,.T.);
#384=FACE_OUTER_BOUND('',#739,.T.);
#385=FACE_OUTER_BOUND('',#740,.T.);
#386=FACE_OUTER_BOUND('',#741,.T.);
#387=FACE_OUTER_BOUND('',#744,.T.);
#388=FACE_OUTER_BOUND('',#745,.T.);
#389=FACE_OUTER_BOUND('',#746,.T.);
#390=FACE_OUTER_BOUND('',#747,.T.);
#391=FACE_OUTER_BOUND('',#748,.T.);
#392=FACE_OUTER_BOUND('',#749,.T.);
#393=FACE_OUTER_BOUND('',#750,.T.);
#394=FACE_OUTER_BOUND('',#751,.T.);
#395=FACE_OUTER_BOUND('',#752,.T.);
#396=FACE_OUTER_BOUND('',#753,.T.);
#397=FACE_OUTER_BOUND('',#754,.T.);
#398=FACE_OUTER_BOUND('',#755,.T.);
#399=FACE_OUTER_BOUND('',#756,.T.);
#400=FACE_OUTER_BOUND('',#757,.T.);
#401=FACE_OUTER_BOUND('',#758,.T.);
#402=FACE_OUTER_BOUND('',#759,.T.);
#403=FACE_OUTER_BOUND('',#760,.T.);
#404=FACE_OUTER_BOUND('',#761,.T.);
#405=FACE_OUTER_BOUND('',#762,.T.);
#406=FACE_OUTER_BOUND('',#763,.T.);
#407=FACE_OUTER_BOUND('',#764,.T.);
#408=FACE_OUTER_BOUND('',#765,.T.);
#409=FACE_OUTER_BOUND('',#766,.T.);
#410=FACE_OUTER_BOUND('',#767,.T.);
#411=FACE_OUTER_BOUND('',#768,.T.);
#412=FACE_OUTER_BOUND('',#769,.T.);
#413=FACE_OUTER_BOUND('',#770,.T.);
#414=FACE_OUTER_BOUND('',#771,.T.);
#415=FACE_OUTER_BOUND('',#772,.T.);
#416=FACE_OUTER_BOUND('',#773,.T.);
#417=FACE_OUTER_BOUND('',#774,.T.);
#418=FACE_OUTER_BOUND('',#775,.T.);
#419=FACE_OUTER_BOUND('',#776,.T.);
#420=FACE_OUTER_BOUND('',#777,.T.);
#421=FACE_OUTER_BOUND('',#778,.T.);
#422=FACE_OUTER_BOUND('',#779,.T.);
#423=FACE_OUTER_BOUND('',#780,.T.);
#424=FACE_OUTER_BOUND('',#781,.T.);
#425=FACE_OUTER_BOUND('',#782,.T.);
#426=FACE_OUTER_BOUND('',#783,.T.);
#427=FACE_OUTER_BOUND('',#784,.T.);
#428=FACE_OUTER_BOUND('',#785,.T.);
#429=FACE_OUTER_BOUND('',#786,.T.);
#430=FACE_OUTER_BOUND('',#787,.T.);
#431=FACE_OUTER_BOUND('',#788,.T.);
#432=FACE_OUTER_BOUND('',#789,.T.);
#433=FACE_OUTER_BOUND('',#790,.T.);
#434=FACE_OUTER_BOUND('',#791,.T.);
#435=FACE_OUTER_BOUND('',#792,.T.);
#436=FACE_OUTER_BOUND('',#793,.T.);
#437=FACE_OUTER_BOUND('',#794,.T.);
#438=FACE_OUTER_BOUND('',#795,.T.);
#439=FACE_OUTER_BOUND('',#796,.T.);
#440=FACE_OUTER_BOUND('',#797,.T.);
#441=FACE_OUTER_BOUND('',#798,.T.);
#442=FACE_OUTER_BOUND('',#799,.T.);
#443=FACE_OUTER_BOUND('',#800,.T.);
#444=FACE_OUTER_BOUND('',#801,.T.);
#445=FACE_OUTER_BOUND('',#802,.T.);
#446=FACE_OUTER_BOUND('',#803,.T.);
#447=FACE_OUTER_BOUND('',#804,.T.);
#448=FACE_OUTER_BOUND('',#805,.T.);
#449=FACE_OUTER_BOUND('',#806,.T.);
#450=FACE_OUTER_BOUND('',#807,.T.);
#451=FACE_OUTER_BOUND('',#808,.T.);
#452=FACE_OUTER_BOUND('',#809,.T.);
#453=FACE_OUTER_BOUND('',#810,.T.);
#454=FACE_OUTER_BOUND('',#811,.T.);
#455=FACE_OUTER_BOUND('',#812,.T.);
#456=FACE_OUTER_BOUND('',#813,.T.);
#457=FACE_OUTER_BOUND('',#814,.T.);
#458=FACE_OUTER_BOUND('',#815,.T.);
#459=FACE_OUTER_BOUND('',#817,.T.);
#460=FACE_OUTER_BOUND('',#818,.T.);
#461=FACE_OUTER_BOUND('',#819,.T.);
#462=FACE_OUTER_BOUND('',#820,.T.);
#463=FACE_OUTER_BOUND('',#821,.T.);
#464=FACE_OUTER_BOUND('',#822,.T.);
#465=FACE_OUTER_BOUND('',#823,.T.);
#466=FACE_OUTER_BOUND('',#824,.T.);
#467=FACE_OUTER_BOUND('',#825,.T.);
#468=FACE_OUTER_BOUND('',#826,.T.);
#469=FACE_OUTER_BOUND('',#827,.T.);
#470=FACE_OUTER_BOUND('',#828,.T.);
#471=FACE_OUTER_BOUND('',#829,.T.);
#472=FACE_OUTER_BOUND('',#830,.T.);
#473=FACE_OUTER_BOUND('',#831,.T.);
#474=FACE_OUTER_BOUND('',#832,.T.);
#475=FACE_OUTER_BOUND('',#833,.T.);
#476=FACE_OUTER_BOUND('',#834,.T.);
#477=FACE_OUTER_BOUND('',#835,.T.);
#478=FACE_OUTER_BOUND('',#836,.T.);
#479=FACE_OUTER_BOUND('',#837,.T.);
#480=FACE_OUTER_BOUND('',#838,.T.);
#481=FACE_OUTER_BOUND('',#839,.T.);
#482=FACE_OUTER_BOUND('',#840,.T.);
#483=FACE_OUTER_BOUND('',#841,.T.);
#484=FACE_OUTER_BOUND('',#842,.T.);
#485=FACE_OUTER_BOUND('',#843,.T.);
#486=FACE_OUTER_BOUND('',#844,.T.);
#487=FACE_OUTER_BOUND('',#850,.T.);
#488=FACE_OUTER_BOUND('',#851,.T.);
#489=FACE_OUTER_BOUND('',#852,.T.);
#490=FACE_OUTER_BOUND('',#853,.T.);
#491=FACE_OUTER_BOUND('',#854,.T.);
#492=FACE_OUTER_BOUND('',#855,.T.);
#493=FACE_OUTER_BOUND('',#856,.T.);
#494=FACE_OUTER_BOUND('',#857,.T.);
#495=FACE_OUTER_BOUND('',#858,.T.);
#496=FACE_OUTER_BOUND('',#859,.T.);
#497=FACE_OUTER_BOUND('',#860,.T.);
#498=FACE_OUTER_BOUND('',#861,.T.);
#499=FACE_OUTER_BOUND('',#862,.T.);
#500=FACE_OUTER_BOUND('',#863,.T.);
#501=FACE_OUTER_BOUND('',#864,.T.);
#502=FACE_OUTER_BOUND('',#865,.T.);
#503=FACE_OUTER_BOUND('',#866,.T.);
#504=FACE_OUTER_BOUND('',#867,.T.);
#505=FACE_OUTER_BOUND('',#868,.T.);
#506=FACE_OUTER_BOUND('',#869,.T.);
#507=FACE_OUTER_BOUND('',#870,.T.);
#508=FACE_OUTER_BOUND('',#871,.T.);
#509=FACE_OUTER_BOUND('',#872,.T.);
#510=FACE_OUTER_BOUND('',#873,.T.);
#511=FACE_OUTER_BOUND('',#874,.T.);
#512=FACE_OUTER_BOUND('',#875,.T.);
#513=FACE_OUTER_BOUND('',#876,.T.);
#514=FACE_OUTER_BOUND('',#877,.T.);
#515=FACE_OUTER_BOUND('',#878,.T.);
#516=FACE_OUTER_BOUND('',#879,.T.);
#517=FACE_OUTER_BOUND('',#880,.T.);
#518=FACE_OUTER_BOUND('',#881,.T.);
#519=FACE_OUTER_BOUND('',#882,.T.);
#520=FACE_OUTER_BOUND('',#883,.T.);
#521=FACE_OUTER_BOUND('',#884,.T.);
#522=FACE_OUTER_BOUND('',#885,.T.);
#523=FACE_OUTER_BOUND('',#886,.T.);
#524=FACE_OUTER_BOUND('',#887,.T.);
#525=FACE_OUTER_BOUND('',#888,.T.);
#526=FACE_OUTER_BOUND('',#889,.T.);
#527=FACE_OUTER_BOUND('',#890,.T.);
#528=FACE_OUTER_BOUND('',#891,.T.);
#529=FACE_OUTER_BOUND('',#892,.T.);
#530=FACE_OUTER_BOUND('',#893,.T.);
#531=FACE_OUTER_BOUND('',#894,.T.);
#532=FACE_OUTER_BOUND('',#895,.T.);
#533=FACE_OUTER_BOUND('',#896,.T.);
#534=FACE_OUTER_BOUND('',#897,.T.);
#535=FACE_OUTER_BOUND('',#899,.T.);
#536=FACE_OUTER_BOUND('',#900,.T.);
#537=FACE_OUTER_BOUND('',#901,.T.);
#538=FACE_OUTER_BOUND('',#902,.T.);
#539=FACE_OUTER_BOUND('',#903,.T.);
#540=FACE_OUTER_BOUND('',#904,.T.);
#541=FACE_OUTER_BOUND('',#905,.T.);
#542=FACE_OUTER_BOUND('',#906,.T.);
#543=FACE_OUTER_BOUND('',#907,.T.);
#544=FACE_OUTER_BOUND('',#908,.T.);
#545=FACE_OUTER_BOUND('',#909,.T.);
#546=FACE_OUTER_BOUND('',#910,.T.);
#547=FACE_OUTER_BOUND('',#911,.T.);
#548=FACE_OUTER_BOUND('',#912,.T.);
#549=FACE_OUTER_BOUND('',#913,.T.);
#550=FACE_OUTER_BOUND('',#914,.T.);
#551=FACE_OUTER_BOUND('',#916,.T.);
#552=FACE_OUTER_BOUND('',#917,.T.);
#553=FACE_OUTER_BOUND('',#918,.T.);
#554=FACE_OUTER_BOUND('',#919,.T.);
#555=FACE_OUTER_BOUND('',#920,.T.);
#556=FACE_OUTER_BOUND('',#921,.T.);
#557=FACE_OUTER_BOUND('',#922,.T.);
#558=FACE_OUTER_BOUND('',#923,.T.);
#559=FACE_OUTER_BOUND('',#924,.T.);
#560=FACE_OUTER_BOUND('',#925,.T.);
#561=FACE_OUTER_BOUND('',#926,.T.);
#562=FACE_OUTER_BOUND('',#927,.T.);
#563=FACE_OUTER_BOUND('',#928,.T.);
#564=FACE_OUTER_BOUND('',#929,.T.);
#565=FACE_OUTER_BOUND('',#930,.T.);
#566=FACE_OUTER_BOUND('',#931,.T.);
#567=FACE_OUTER_BOUND('',#932,.T.);
#568=FACE_OUTER_BOUND('',#933,.T.);
#569=FACE_OUTER_BOUND('',#934,.T.);
#570=FACE_OUTER_BOUND('',#935,.T.);
#571=FACE_OUTER_BOUND('',#936,.T.);
#572=FACE_OUTER_BOUND('',#937,.T.);
#573=FACE_OUTER_BOUND('',#938,.T.);
#574=FACE_OUTER_BOUND('',#939,.T.);
#575=FACE_OUTER_BOUND('',#940,.T.);
#576=FACE_OUTER_BOUND('',#941,.T.);
#577=FACE_OUTER_BOUND('',#942,.T.);
#578=FACE_OUTER_BOUND('',#943,.T.);
#579=FACE_OUTER_BOUND('',#944,.T.);
#580=FACE_OUTER_BOUND('',#946,.T.);
#581=FACE_OUTER_BOUND('',#947,.T.);
#582=FACE_OUTER_BOUND('',#948,.T.);
#583=FACE_OUTER_BOUND('',#949,.T.);
#584=FACE_OUTER_BOUND('',#950,.T.);
#585=FACE_OUTER_BOUND('',#951,.T.);
#586=FACE_OUTER_BOUND('',#952,.T.);
#587=FACE_OUTER_BOUND('',#953,.T.);
#588=FACE_OUTER_BOUND('',#954,.T.);
#589=FACE_OUTER_BOUND('',#955,.T.);
#590=FACE_OUTER_BOUND('',#956,.T.);
#591=FACE_OUTER_BOUND('',#957,.T.);
#592=FACE_OUTER_BOUND('',#958,.T.);
#593=FACE_OUTER_BOUND('',#959,.T.);
#594=FACE_OUTER_BOUND('',#960,.T.);
#595=FACE_OUTER_BOUND('',#961,.T.);
#596=FACE_OUTER_BOUND('',#962,.T.);
#597=FACE_OUTER_BOUND('',#963,.T.);
#598=FACE_OUTER_BOUND('',#964,.T.);
#599=FACE_OUTER_BOUND('',#965,.T.);
#600=FACE_OUTER_BOUND('',#966,.T.);
#601=FACE_OUTER_BOUND('',#967,.T.);
#602=FACE_OUTER_BOUND('',#968,.T.);
#603=FACE_OUTER_BOUND('',#969,.T.);
#604=FACE_OUTER_BOUND('',#970,.T.);
#605=FACE_OUTER_BOUND('',#971,.T.);
#606=FACE_OUTER_BOUND('',#972,.T.);
#607=FACE_OUTER_BOUND('',#973,.T.);
#608=FACE_OUTER_BOUND('',#974,.T.);
#609=FACE_OUTER_BOUND('',#975,.T.);
#610=FACE_OUTER_BOUND('',#976,.T.);
#611=FACE_OUTER_BOUND('',#977,.T.);
#612=FACE_OUTER_BOUND('',#978,.T.);
#613=FACE_OUTER_BOUND('',#979,.T.);
#614=FACE_OUTER_BOUND('',#980,.T.);
#615=FACE_OUTER_BOUND('',#981,.T.);
#616=FACE_OUTER_BOUND('',#982,.T.);
#617=FACE_OUTER_BOUND('',#983,.T.);
#618=FACE_OUTER_BOUND('',#984,.T.);
#619=FACE_OUTER_BOUND('',#985,.T.);
#620=FACE_OUTER_BOUND('',#986,.T.);
#621=FACE_OUTER_BOUND('',#987,.T.);
#622=FACE_OUTER_BOUND('',#988,.T.);
#623=FACE_OUTER_BOUND('',#989,.T.);
#624=FACE_OUTER_BOUND('',#990,.T.);
#625=FACE_OUTER_BOUND('',#991,.T.);
#626=FACE_OUTER_BOUND('',#992,.T.);
#627=FACE_OUTER_BOUND('',#993,.T.);
#628=FACE_OUTER_BOUND('',#994,.T.);
#629=FACE_OUTER_BOUND('',#995,.T.);
#630=FACE_OUTER_BOUND('',#996,.T.);
#631=FACE_OUTER_BOUND('',#997,.T.);
#632=FACE_OUTER_BOUND('',#998,.T.);
#633=FACE_OUTER_BOUND('',#999,.T.);
#634=FACE_OUTER_BOUND('',#1000,.T.);
#635=FACE_OUTER_BOUND('',#1001,.T.);
#636=FACE_OUTER_BOUND('',#1002,.T.);
#637=FACE_OUTER_BOUND('',#1003,.T.);
#638=FACE_OUTER_BOUND('',#1004,.T.);
#639=FACE_OUTER_BOUND('',#1005,.T.);
#640=FACE_OUTER_BOUND('',#1006,.T.);
#641=FACE_OUTER_BOUND('',#1007,.T.);
#642=FACE_OUTER_BOUND('',#1008,.T.);
#643=FACE_OUTER_BOUND('',#1009,.T.);
#644=FACE_OUTER_BOUND('',#1010,.T.);
#645=FACE_OUTER_BOUND('',#1011,.T.);
#646=FACE_OUTER_BOUND('',#1012,.T.);
#647=FACE_OUTER_BOUND('',#1013,.T.);
#648=FACE_OUTER_BOUND('',#1014,.T.);
#649=FACE_OUTER_BOUND('',#1015,.T.);
#650=FACE_OUTER_BOUND('',#1016,.T.);
#651=FACE_OUTER_BOUND('',#1017,.T.);
#652=FACE_OUTER_BOUND('',#1018,.T.);
#653=FACE_OUTER_BOUND('',#1019,.T.);
#654=FACE_OUTER_BOUND('',#1020,.T.);
#655=FACE_OUTER_BOUND('',#1022,.T.);
#656=FACE_OUTER_BOUND('',#1023,.T.);
#657=FACE_OUTER_BOUND('',#1024,.T.);
#658=FACE_OUTER_BOUND('',#1025,.T.);
#659=FACE_OUTER_BOUND('',#1026,.T.);
#660=FACE_OUTER_BOUND('',#1027,.T.);
#661=FACE_OUTER_BOUND('',#1028,.T.);
#662=FACE_OUTER_BOUND('',#1029,.T.);
#663=FACE_OUTER_BOUND('',#1030,.T.);
#664=FACE_OUTER_BOUND('',#1031,.T.);
#665=FACE_OUTER_BOUND('',#1032,.T.);
#666=FACE_OUTER_BOUND('',#1033,.T.);
#667=FACE_OUTER_BOUND('',#1034,.T.);
#668=FACE_OUTER_BOUND('',#1035,.T.);
#669=FACE_OUTER_BOUND('',#1036,.T.);
#670=FACE_OUTER_BOUND('',#1037,.T.);
#671=FACE_OUTER_BOUND('',#1039,.T.);
#672=FACE_OUTER_BOUND('',#1040,.T.);
#673=FACE_OUTER_BOUND('',#1041,.T.);
#674=FACE_OUTER_BOUND('',#1042,.T.);
#675=FACE_OUTER_BOUND('',#1043,.T.);
#676=FACE_OUTER_BOUND('',#1044,.T.);
#677=FACE_OUTER_BOUND('',#1045,.T.);
#678=FACE_OUTER_BOUND('',#1046,.T.);
#679=FACE_OUTER_BOUND('',#1047,.T.);
#680=FACE_OUTER_BOUND('',#1048,.T.);
#681=FACE_OUTER_BOUND('',#1049,.T.);
#682=FACE_OUTER_BOUND('',#1050,.T.);
#683=FACE_OUTER_BOUND('',#1051,.T.);
#684=FACE_OUTER_BOUND('',#1052,.T.);
#685=FACE_OUTER_BOUND('',#1053,.T.);
#686=FACE_OUTER_BOUND('',#1054,.T.);
#687=FACE_OUTER_BOUND('',#1056,.T.);
#688=FACE_OUTER_BOUND('',#1057,.T.);
#689=FACE_OUTER_BOUND('',#1058,.T.);
#690=FACE_OUTER_BOUND('',#1059,.T.);
#691=FACE_OUTER_BOUND('',#1060,.T.);
#692=FACE_OUTER_BOUND('',#1061,.T.);
#693=FACE_OUTER_BOUND('',#1062,.T.);
#694=FACE_OUTER_BOUND('',#1063,.T.);
#695=FACE_OUTER_BOUND('',#1064,.T.);
#696=FACE_OUTER_BOUND('',#1065,.T.);
#697=FACE_OUTER_BOUND('',#1066,.T.);
#698=FACE_OUTER_BOUND('',#1067,.T.);
#699=FACE_OUTER_BOUND('',#1068,.T.);
#700=FACE_OUTER_BOUND('',#1069,.T.);
#701=FACE_OUTER_BOUND('',#1070,.T.);
#702=FACE_OUTER_BOUND('',#1071,.T.);
#703=FACE_OUTER_BOUND('',#1072,.T.);
#704=FACE_OUTER_BOUND('',#1073,.T.);
#705=FACE_OUTER_BOUND('',#1074,.T.);
#706=FACE_OUTER_BOUND('',#1075,.T.);
#707=FACE_OUTER_BOUND('',#1076,.T.);
#708=FACE_OUTER_BOUND('',#1077,.T.);
#709=FACE_OUTER_BOUND('',#1078,.T.);
#710=FACE_OUTER_BOUND('',#1079,.T.);
#711=FACE_OUTER_BOUND('',#1080,.T.);
#712=FACE_OUTER_BOUND('',#1081,.T.);
#713=FACE_OUTER_BOUND('',#1082,.T.);
#714=FACE_OUTER_BOUND('',#1083,.T.);
#715=FACE_OUTER_BOUND('',#1084,.T.);
#716=FACE_OUTER_BOUND('',#1085,.T.);
#717=FACE_OUTER_BOUND('',#1086,.T.);
#718=FACE_OUTER_BOUND('',#1087,.T.);
#719=FACE_OUTER_BOUND('',#1088,.T.);
#720=FACE_OUTER_BOUND('',#1089,.T.);
#721=FACE_OUTER_BOUND('',#1090,.T.);
#722=FACE_OUTER_BOUND('',#1091,.T.);
#723=EDGE_LOOP('',(#4071,#4072,#4073,#4074,#4075,#4076,#4077,#4078,#4079,
#4080,#4081,#4082,#4083,#4084,#4085,#4086,#4087,#4088,#4089,#4090,#4091));
#724=EDGE_LOOP('',(#4092,#4093,#4094,#4095,#4096,#4097));
#725=EDGE_LOOP('',(#4098,#4099,#4100,#4101,#4102,#4103,#4104,#4105,#4106,
#4107,#4108,#4109,#4110,#4111));
#726=EDGE_LOOP('',(#4112,#4113,#4114,#4115,#4116,#4117,#4118,#4119,#4120,
#4121,#4122,#4123));
#727=EDGE_LOOP('',(#4124,#4125,#4126,#4127,#4128,#4129,#4130,#4131));
#728=EDGE_LOOP('',(#4132,#4133,#4134,#4135,#4136,#4137,#4138,#4139,#4140,
#4141,#4142,#4143));
#729=EDGE_LOOP('',(#4144,#4145,#4146,#4147,#4148,#4149,#4150));
#730=EDGE_LOOP('',(#4151,#4152,#4153,#4154,#4155,#4156,#4157,#4158,#4159,
#4160,#4161,#4162,#4163,#4164,#4165,#4166,#4167,#4168,#4169,#4170,#4171,
#4172,#4173,#4174,#4175,#4176,#4177,#4178,#4179,#4180,#4181,#4182,#4183));
#731=EDGE_LOOP('',(#4184,#4185,#4186,#4187,#4188,#4189,#4190,#4191));
#732=EDGE_LOOP('',(#4192,#4193,#4194,#4195,#4196,#4197,#4198,#4199,#4200,
#4201,#4202,#4203));
#733=EDGE_LOOP('',(#4204,#4205,#4206,#4207,#4208,#4209,#4210,#4211,#4212,
#4213,#4214,#4215,#4216,#4217,#4218));
#734=EDGE_LOOP('',(#4219,#4220,#4221,#4222,#4223,#4224,#4225,#4226,#4227,
#4228,#4229,#4230,#4231,#4232,#4233,#4234,#4235,#4236,#4237,#4238,#4239));
#735=EDGE_LOOP('',(#4240,#4241,#4242,#4243,#4244,#4245,#4246,#4247,#4248,
#4249,#4250,#4251,#4252,#4253));
#736=EDGE_LOOP('',(#4254,#4255,#4256,#4257,#4258,#4259,#4260));
#737=EDGE_LOOP('',(#4261,#4262,#4263,#4264));
#738=EDGE_LOOP('',(#4265,#4266,#4267,#4268));
#739=EDGE_LOOP('',(#4269,#4270,#4271,#4272));
#740=EDGE_LOOP('',(#4273,#4274,#4275,#4276));
#741=EDGE_LOOP('',(#4277,#4278,#4279,#4280));
#742=EDGE_LOOP('',(#4281,#4282,#4283,#4284));
#743=EDGE_LOOP('',(#4285,#4286,#4287,#4288));
#744=EDGE_LOOP('',(#4289,#4290,#4291,#4292,#4293,#4294,#4295,#4296));
#745=EDGE_LOOP('',(#4297,#4298,#4299,#4300));
#746=EDGE_LOOP('',(#4301,#4302,#4303,#4304));
#747=EDGE_LOOP('',(#4305,#4306,#4307,#4308));
#748=EDGE_LOOP('',(#4309,#4310,#4311,#4312));
#749=EDGE_LOOP('',(#4313,#4314,#4315,#4316));
#750=EDGE_LOOP('',(#4317,#4318,#4319,#4320));
#751=EDGE_LOOP('',(#4321,#4322,#4323,#4324));
#752=EDGE_LOOP('',(#4325,#4326,#4327,#4328));
#753=EDGE_LOOP('',(#4329,#4330,#4331,#4332));
#754=EDGE_LOOP('',(#4333,#4334,#4335,#4336));
#755=EDGE_LOOP('',(#4337,#4338,#4339,#4340));
#756=EDGE_LOOP('',(#4341,#4342,#4343,#4344,#4345,#4346));
#757=EDGE_LOOP('',(#4347,#4348,#4349));
#758=EDGE_LOOP('',(#4350,#4351,#4352));
#759=EDGE_LOOP('',(#4353,#4354,#4355,#4356,#4357,#4358));
#760=EDGE_LOOP('',(#4359,#4360,#4361,#4362));
#761=EDGE_LOOP('',(#4363,#4364,#4365,#4366,#4367,#4368,#4369,#4370));
#762=EDGE_LOOP('',(#4371,#4372,#4373,#4374));
#763=EDGE_LOOP('',(#4375,#4376,#4377,#4378,#4379,#4380,#4381,#4382));
#764=EDGE_LOOP('',(#4383,#4384,#4385,#4386));
#765=EDGE_LOOP('',(#4387,#4388,#4389,#4390));
#766=EDGE_LOOP('',(#4391,#4392,#4393,#4394));
#767=EDGE_LOOP('',(#4395,#4396,#4397,#4398));
#768=EDGE_LOOP('',(#4399,#4400,#4401,#4402));
#769=EDGE_LOOP('',(#4403,#4404,#4405,#4406));
#770=EDGE_LOOP('',(#4407,#4408,#4409,#4410));
#771=EDGE_LOOP('',(#4411,#4412,#4413,#4414,#4415,#4416));
#772=EDGE_LOOP('',(#4417,#4418,#4419,#4420,#4421));
#773=EDGE_LOOP('',(#4422,#4423,#4424,#4425));
#774=EDGE_LOOP('',(#4426,#4427,#4428,#4429));
#775=EDGE_LOOP('',(#4430,#4431,#4432,#4433));
#776=EDGE_LOOP('',(#4434,#4435,#4436,#4437));
#777=EDGE_LOOP('',(#4438,#4439,#4440,#4441));
#778=EDGE_LOOP('',(#4442,#4443,#4444,#4445,#4446,#4447));
#779=EDGE_LOOP('',(#4448,#4449,#4450,#4451,#4452,#4453));
#780=EDGE_LOOP('',(#4454,#4455,#4456,#4457));
#781=EDGE_LOOP('',(#4458,#4459,#4460,#4461,#4462,#4463));
#782=EDGE_LOOP('',(#4464,#4465,#4466,#4467,#4468,#4469));
#783=EDGE_LOOP('',(#4470,#4471,#4472,#4473));
#784=EDGE_LOOP('',(#4474,#4475,#4476,#4477,#4478));
#785=EDGE_LOOP('',(#4479,#4480,#4481,#4482));
#786=EDGE_LOOP('',(#4483,#4484,#4485,#4486));
#787=EDGE_LOOP('',(#4487,#4488,#4489,#4490));
#788=EDGE_LOOP('',(#4491,#4492,#4493,#4494));
#789=EDGE_LOOP('',(#4495,#4496,#4497,#4498));
#790=EDGE_LOOP('',(#4499,#4500,#4501,#4502));
#791=EDGE_LOOP('',(#4503,#4504,#4505,#4506));
#792=EDGE_LOOP('',(#4507,#4508,#4509,#4510,#4511,#4512));
#793=EDGE_LOOP('',(#4513,#4514,#4515));
#794=EDGE_LOOP('',(#4516,#4517,#4518));
#795=EDGE_LOOP('',(#4519,#4520,#4521,#4522,#4523,#4524));
#796=EDGE_LOOP('',(#4525,#4526,#4527,#4528));
#797=EDGE_LOOP('',(#4529,#4530,#4531,#4532,#4533,#4534,#4535,#4536));
#798=EDGE_LOOP('',(#4537,#4538,#4539,#4540));
#799=EDGE_LOOP('',(#4541,#4542,#4543,#4544,#4545,#4546,#4547,#4548));
#800=EDGE_LOOP('',(#4549,#4550,#4551,#4552));
#801=EDGE_LOOP('',(#4553,#4554,#4555,#4556));
#802=EDGE_LOOP('',(#4557,#4558,#4559,#4560));
#803=EDGE_LOOP('',(#4561,#4562,#4563,#4564));
#804=EDGE_LOOP('',(#4565,#4566,#4567,#4568));
#805=EDGE_LOOP('',(#4569,#4570,#4571,#4572));
#806=EDGE_LOOP('',(#4573,#4574,#4575,#4576,#4577,#4578,#4579,#4580,#4581,
#4582,#4583,#4584,#4585,#4586,#4587,#4588,#4589,#4590,#4591,#4592,#4593));
#807=EDGE_LOOP('',(#4594,#4595,#4596,#4597,#4598));
#808=EDGE_LOOP('',(#4599,#4600,#4601,#4602,#4603));
#809=EDGE_LOOP('',(#4604,#4605,#4606,#4607));
#810=EDGE_LOOP('',(#4608,#4609,#4610,#4611,#4612,#4613,#4614,#4615,#4616,
#4617,#4618,#4619,#4620,#4621,#4622,#4623,#4624,#4625,#4626,#4627,#4628,
#4629));
#811=EDGE_LOOP('',(#4630,#4631,#4632,#4633,#4634,#4635));
#812=EDGE_LOOP('',(#4636,#4637,#4638,#4639,#4640));
#813=EDGE_LOOP('',(#4641,#4642,#4643,#4644,#4645,#4646));
#814=EDGE_LOOP('',(#4647,#4648,#4649,#4650,#4651,#4652,#4653,#4654,#4655,
#4656,#4657));
#815=EDGE_LOOP('',(#4658,#4659,#4660,#4661,#4662,#4663,#4664,#4665,#4666,
#4667,#4668,#4669,#4670,#4671,#4672,#4673));
#816=EDGE_LOOP('',(#4674,#4675,#4676,#4677));
#817=EDGE_LOOP('',(#4678,#4679,#4680,#4681,#4682,#4683,#4684,#4685,#4686,
#4687,#4688));
#818=EDGE_LOOP('',(#4689,#4690,#4691,#4692,#4693));
#819=EDGE_LOOP('',(#4694,#4695,#4696,#4697,#4698));
#820=EDGE_LOOP('',(#4699,#4700,#4701,#4702,#4703));
#821=EDGE_LOOP('',(#4704,#4705,#4706,#4707,#4708,#4709,#4710,#4711,#4712,
#4713,#4714,#4715,#4716,#4717,#4718,#4719,#4720,#4721,#4722,#4723,#4724,
#4725));
#822=EDGE_LOOP('',(#4726,#4727,#4728,#4729));
#823=EDGE_LOOP('',(#4730,#4731,#4732,#4733,#4734));
#824=EDGE_LOOP('',(#4735,#4736,#4737,#4738,#4739));
#825=EDGE_LOOP('',(#4740,#4741,#4742,#4743,#4744));
#826=EDGE_LOOP('',(#4745,#4746,#4747,#4748));
#827=EDGE_LOOP('',(#4749,#4750,#4751,#4752,#4753));
#828=EDGE_LOOP('',(#4754,#4755,#4756,#4757,#4758,#4759));
#829=EDGE_LOOP('',(#4760,#4761,#4762,#4763,#4764));
#830=EDGE_LOOP('',(#4765,#4766,#4767,#4768,#4769));
#831=EDGE_LOOP('',(#4770,#4771,#4772,#4773,#4774));
#832=EDGE_LOOP('',(#4775,#4776,#4777,#4778,#4779));
#833=EDGE_LOOP('',(#4780,#4781,#4782,#4783,#4784));
#834=EDGE_LOOP('',(#4785,#4786,#4787,#4788,#4789));
#835=EDGE_LOOP('',(#4790,#4791,#4792,#4793,#4794));
#836=EDGE_LOOP('',(#4795,#4796,#4797,#4798,#4799));
#837=EDGE_LOOP('',(#4800));
#838=EDGE_LOOP('',(#4801));
#839=EDGE_LOOP('',(#4802));
#840=EDGE_LOOP('',(#4803));
#841=EDGE_LOOP('',(#4804));
#842=EDGE_LOOP('',(#4805,#4806,#4807,#4808));
#843=EDGE_LOOP('',(#4809,#4810,#4811,#4812));
#844=EDGE_LOOP('',(#4813,#4814,#4815,#4816,#4817,#4818,#4819,#4820,#4821,
#4822,#4823,#4824));
#845=EDGE_LOOP('',(#4825));
#846=EDGE_LOOP('',(#4826));
#847=EDGE_LOOP('',(#4827));
#848=EDGE_LOOP('',(#4828));
#849=EDGE_LOOP('',(#4829));
#850=EDGE_LOOP('',(#4830,#4831,#4832,#4833,#4834,#4835,#4836,#4837,#4838));
#851=EDGE_LOOP('',(#4839,#4840,#4841,#4842,#4843,#4844,#4845,#4846,#4847));
#852=EDGE_LOOP('',(#4848,#4849,#4850,#4851));
#853=EDGE_LOOP('',(#4852,#4853,#4854,#4855,#4856,#4857));
#854=EDGE_LOOP('',(#4858,#4859,#4860,#4861,#4862,#4863));
#855=EDGE_LOOP('',(#4864,#4865,#4866,#4867,#4868,#4869));
#856=EDGE_LOOP('',(#4870,#4871,#4872,#4873,#4874,#4875));
#857=EDGE_LOOP('',(#4876,#4877,#4878,#4879,#4880,#4881));
#858=EDGE_LOOP('',(#4882,#4883,#4884,#4885));
#859=EDGE_LOOP('',(#4886,#4887,#4888,#4889));
#860=EDGE_LOOP('',(#4890,#4891,#4892,#4893));
#861=EDGE_LOOP('',(#4894,#4895,#4896,#4897));
#862=EDGE_LOOP('',(#4898,#4899,#4900,#4901));
#863=EDGE_LOOP('',(#4902,#4903,#4904,#4905));
#864=EDGE_LOOP('',(#4906,#4907,#4908,#4909));
#865=EDGE_LOOP('',(#4910,#4911,#4912,#4913));
#866=EDGE_LOOP('',(#4914,#4915,#4916,#4917));
#867=EDGE_LOOP('',(#4918,#4919,#4920,#4921));
#868=EDGE_LOOP('',(#4922,#4923,#4924,#4925,#4926,#4927));
#869=EDGE_LOOP('',(#4928,#4929,#4930,#4931));
#870=EDGE_LOOP('',(#4932,#4933,#4934,#4935));
#871=EDGE_LOOP('',(#4936,#4937,#4938,#4939));
#872=EDGE_LOOP('',(#4940,#4941,#4942,#4943));
#873=EDGE_LOOP('',(#4944,#4945,#4946,#4947));
#874=EDGE_LOOP('',(#4948,#4949,#4950,#4951));
#875=EDGE_LOOP('',(#4952,#4953,#4954,#4955));
#876=EDGE_LOOP('',(#4956,#4957,#4958,#4959));
#877=EDGE_LOOP('',(#4960,#4961,#4962,#4963));
#878=EDGE_LOOP('',(#4964,#4965,#4966,#4967));
#879=EDGE_LOOP('',(#4968,#4969,#4970,#4971));
#880=EDGE_LOOP('',(#4972,#4973,#4974,#4975));
#881=EDGE_LOOP('',(#4976,#4977,#4978,#4979));
#882=EDGE_LOOP('',(#4980,#4981,#4982,#4983));
#883=EDGE_LOOP('',(#4984,#4985,#4986,#4987,#4988,#4989,#4990,#4991,#4992,
#4993,#4994,#4995,#4996,#4997));
#884=EDGE_LOOP('',(#4998,#4999,#5000,#5001));
#885=EDGE_LOOP('',(#5002,#5003,#5004,#5005));
#886=EDGE_LOOP('',(#5006,#5007,#5008,#5009));
#887=EDGE_LOOP('',(#5010,#5011,#5012,#5013));
#888=EDGE_LOOP('',(#5014,#5015,#5016,#5017));
#889=EDGE_LOOP('',(#5018,#5019,#5020,#5021));
#890=EDGE_LOOP('',(#5022,#5023,#5024,#5025));
#891=EDGE_LOOP('',(#5026,#5027,#5028,#5029));
#892=EDGE_LOOP('',(#5030,#5031,#5032,#5033));
#893=EDGE_LOOP('',(#5034,#5035,#5036,#5037));
#894=EDGE_LOOP('',(#5038,#5039,#5040,#5041));
#895=EDGE_LOOP('',(#5042,#5043,#5044,#5045));
#896=EDGE_LOOP('',(#5046,#5047,#5048,#5049,#5050,#5051,#5052,#5053,#5054,
#5055,#5056,#5057));
#897=EDGE_LOOP('',(#5058,#5059,#5060,#5061,#5062,#5063,#5064));
#898=EDGE_LOOP('',(#5065,#5066,#5067,#5068,#5069,#5070,#5071));
#899=EDGE_LOOP('',(#5072,#5073,#5074,#5075));
#900=EDGE_LOOP('',(#5076,#5077,#5078,#5079));
#901=EDGE_LOOP('',(#5080,#5081,#5082,#5083));
#902=EDGE_LOOP('',(#5084,#5085,#5086,#5087));
#903=EDGE_LOOP('',(#5088,#5089,#5090,#5091));
#904=EDGE_LOOP('',(#5092,#5093,#5094,#5095));
#905=EDGE_LOOP('',(#5096,#5097,#5098,#5099));
#906=EDGE_LOOP('',(#5100,#5101,#5102,#5103));
#907=EDGE_LOOP('',(#5104,#5105,#5106,#5107));
#908=EDGE_LOOP('',(#5108,#5109,#5110,#5111));
#909=EDGE_LOOP('',(#5112,#5113,#5114,#5115));
#910=EDGE_LOOP('',(#5116,#5117,#5118,#5119));
#911=EDGE_LOOP('',(#5120,#5121,#5122,#5123));
#912=EDGE_LOOP('',(#5124,#5125,#5126,#5127));
#913=EDGE_LOOP('',(#5128,#5129,#5130,#5131,#5132,#5133,#5134));
#914=EDGE_LOOP('',(#5135,#5136,#5137,#5138,#5139,#5140,#5141,#5142));
#915=EDGE_LOOP('',(#5143,#5144,#5145,#5146,#5147,#5148));
#916=EDGE_LOOP('',(#5149,#5150,#5151,#5152));
#917=EDGE_LOOP('',(#5153,#5154,#5155,#5156));
#918=EDGE_LOOP('',(#5157,#5158,#5159,#5160));
#919=EDGE_LOOP('',(#5161,#5162,#5163,#5164));
#920=EDGE_LOOP('',(#5165,#5166,#5167,#5168));
#921=EDGE_LOOP('',(#5169,#5170,#5171,#5172));
#922=EDGE_LOOP('',(#5173,#5174,#5175,#5176));
#923=EDGE_LOOP('',(#5177,#5178,#5179,#5180));
#924=EDGE_LOOP('',(#5181,#5182,#5183,#5184));
#925=EDGE_LOOP('',(#5185,#5186,#5187,#5188));
#926=EDGE_LOOP('',(#5189,#5190,#5191,#5192));
#927=EDGE_LOOP('',(#5193,#5194,#5195,#5196));
#928=EDGE_LOOP('',(#5197,#5198,#5199,#5200));
#929=EDGE_LOOP('',(#5201,#5202,#5203,#5204));
#930=EDGE_LOOP('',(#5205,#5206,#5207,#5208,#5209,#5210));
#931=EDGE_LOOP('',(#5211,#5212,#5213,#5214));
#932=EDGE_LOOP('',(#5215,#5216,#5217,#5218));
#933=EDGE_LOOP('',(#5219,#5220,#5221,#5222));
#934=EDGE_LOOP('',(#5223,#5224,#5225,#5226));
#935=EDGE_LOOP('',(#5227,#5228,#5229,#5230));
#936=EDGE_LOOP('',(#5231,#5232,#5233,#5234));
#937=EDGE_LOOP('',(#5235,#5236,#5237,#5238));
#938=EDGE_LOOP('',(#5239,#5240,#5241,#5242));
#939=EDGE_LOOP('',(#5243,#5244,#5245,#5246));
#940=EDGE_LOOP('',(#5247,#5248,#5249,#5250));
#941=EDGE_LOOP('',(#5251,#5252,#5253,#5254));
#942=EDGE_LOOP('',(#5255,#5256,#5257,#5258));
#943=EDGE_LOOP('',(#5259,#5260,#5261,#5262,#5263,#5264,#5265,#5266,#5267,
#5268,#5269,#5270));
#944=EDGE_LOOP('',(#5271,#5272,#5273,#5274,#5275,#5276,#5277,#5278,#5279,
#5280,#5281,#5282,#5283,#5284));
#945=EDGE_LOOP('',(#5285,#5286,#5287,#5288,#5289,#5290,#5291,#5292));
#946=EDGE_LOOP('',(#5293,#5294,#5295,#5296));
#947=EDGE_LOOP('',(#5297,#5298,#5299,#5300));
#948=EDGE_LOOP('',(#5301,#5302,#5303,#5304));
#949=EDGE_LOOP('',(#5305,#5306,#5307,#5308));
#950=EDGE_LOOP('',(#5309,#5310,#5311,#5312));
#951=EDGE_LOOP('',(#5313,#5314,#5315,#5316));
#952=EDGE_LOOP('',(#5317,#5318,#5319,#5320));
#953=EDGE_LOOP('',(#5321,#5322,#5323,#5324));
#954=EDGE_LOOP('',(#5325,#5326,#5327,#5328));
#955=EDGE_LOOP('',(#5329,#5330,#5331,#5332));
#956=EDGE_LOOP('',(#5333,#5334,#5335,#5336));
#957=EDGE_LOOP('',(#5337,#5338,#5339,#5340));
#958=EDGE_LOOP('',(#5341,#5342,#5343,#5344));
#959=EDGE_LOOP('',(#5345,#5346,#5347,#5348));
#960=EDGE_LOOP('',(#5349,#5350,#5351,#5352));
#961=EDGE_LOOP('',(#5353,#5354,#5355,#5356));
#962=EDGE_LOOP('',(#5357,#5358,#5359,#5360));
#963=EDGE_LOOP('',(#5361,#5362,#5363,#5364));
#964=EDGE_LOOP('',(#5365,#5366,#5367,#5368));
#965=EDGE_LOOP('',(#5369,#5370,#5371,#5372));
#966=EDGE_LOOP('',(#5373,#5374,#5375,#5376));
#967=EDGE_LOOP('',(#5377,#5378,#5379,#5380));
#968=EDGE_LOOP('',(#5381,#5382,#5383,#5384,#5385,#5386,#5387,#5388));
#969=EDGE_LOOP('',(#5389,#5390,#5391,#5392));
#970=EDGE_LOOP('',(#5393,#5394,#5395,#5396));
#971=EDGE_LOOP('',(#5397,#5398,#5399,#5400));
#972=EDGE_LOOP('',(#5401,#5402,#5403,#5404));
#973=EDGE_LOOP('',(#5405,#5406,#5407,#5408));
#974=EDGE_LOOP('',(#5409,#5410,#5411,#5412));
#975=EDGE_LOOP('',(#5413,#5414,#5415,#5416));
#976=EDGE_LOOP('',(#5417,#5418,#5419,#5420));
#977=EDGE_LOOP('',(#5421,#5422,#5423,#5424));
#978=EDGE_LOOP('',(#5425,#5426,#5427,#5428));
#979=EDGE_LOOP('',(#5429,#5430,#5431,#5432));
#980=EDGE_LOOP('',(#5433,#5434,#5435,#5436));
#981=EDGE_LOOP('',(#5437,#5438,#5439,#5440));
#982=EDGE_LOOP('',(#5441,#5442,#5443,#5444));
#983=EDGE_LOOP('',(#5445,#5446,#5447,#5448));
#984=EDGE_LOOP('',(#5449,#5450,#5451,#5452));
#985=EDGE_LOOP('',(#5453,#5454,#5455,#5456));
#986=EDGE_LOOP('',(#5457,#5458,#5459,#5460));
#987=EDGE_LOOP('',(#5461,#5462,#5463,#5464));
#988=EDGE_LOOP('',(#5465,#5466,#5467,#5468));
#989=EDGE_LOOP('',(#5469,#5470,#5471,#5472));
#990=EDGE_LOOP('',(#5473,#5474,#5475,#5476,#5477,#5478,#5479,#5480,#5481,
#5482,#5483,#5484,#5485,#5486,#5487,#5488,#5489,#5490,#5491,#5492,#5493));
#991=EDGE_LOOP('',(#5494,#5495,#5496,#5497));
#992=EDGE_LOOP('',(#5498,#5499,#5500,#5501));
#993=EDGE_LOOP('',(#5502,#5503,#5504,#5505));
#994=EDGE_LOOP('',(#5506,#5507,#5508,#5509));
#995=EDGE_LOOP('',(#5510,#5511,#5512,#5513));
#996=EDGE_LOOP('',(#5514,#5515,#5516,#5517));
#997=EDGE_LOOP('',(#5518,#5519,#5520,#5521));
#998=EDGE_LOOP('',(#5522,#5523,#5524,#5525));
#999=EDGE_LOOP('',(#5526,#5527,#5528,#5529));
#1000=EDGE_LOOP('',(#5530,#5531,#5532,#5533));
#1001=EDGE_LOOP('',(#5534,#5535,#5536,#5537));
#1002=EDGE_LOOP('',(#5538,#5539,#5540,#5541));
#1003=EDGE_LOOP('',(#5542,#5543,#5544,#5545));
#1004=EDGE_LOOP('',(#5546,#5547,#5548,#5549));
#1005=EDGE_LOOP('',(#5550,#5551,#5552,#5553));
#1006=EDGE_LOOP('',(#5554,#5555,#5556,#5557,#5558,#5559,#5560,#5561,#5562,
#5563,#5564,#5565,#5566,#5567,#5568));
#1007=EDGE_LOOP('',(#5569,#5570,#5571,#5572));
#1008=EDGE_LOOP('',(#5573,#5574,#5575,#5576));
#1009=EDGE_LOOP('',(#5577,#5578,#5579,#5580));
#1010=EDGE_LOOP('',(#5581,#5582,#5583,#5584));
#1011=EDGE_LOOP('',(#5585,#5586,#5587,#5588));
#1012=EDGE_LOOP('',(#5589,#5590,#5591,#5592));
#1013=EDGE_LOOP('',(#5593,#5594,#5595,#5596));
#1014=EDGE_LOOP('',(#5597,#5598,#5599,#5600));
#1015=EDGE_LOOP('',(#5601,#5602,#5603,#5604));
#1016=EDGE_LOOP('',(#5605,#5606,#5607,#5608));
#1017=EDGE_LOOP('',(#5609,#5610,#5611,#5612));
#1018=EDGE_LOOP('',(#5613,#5614,#5615,#5616));
#1019=EDGE_LOOP('',(#5617,#5618,#5619,#5620,#5621,#5622,#5623,#5624,#5625,
#5626,#5627,#5628));
#1020=EDGE_LOOP('',(#5629,#5630,#5631,#5632,#5633,#5634,#5635));
#1021=EDGE_LOOP('',(#5636,#5637,#5638,#5639,#5640,#5641,#5642));
#1022=EDGE_LOOP('',(#5643,#5644,#5645,#5646));
#1023=EDGE_LOOP('',(#5647,#5648,#5649,#5650));
#1024=EDGE_LOOP('',(#5651,#5652,#5653,#5654));
#1025=EDGE_LOOP('',(#5655,#5656,#5657,#5658));
#1026=EDGE_LOOP('',(#5659,#5660,#5661,#5662));
#1027=EDGE_LOOP('',(#5663,#5664,#5665,#5666));
#1028=EDGE_LOOP('',(#5667,#5668,#5669,#5670));
#1029=EDGE_LOOP('',(#5671,#5672,#5673,#5674));
#1030=EDGE_LOOP('',(#5675,#5676,#5677,#5678));
#1031=EDGE_LOOP('',(#5679,#5680,#5681,#5682));
#1032=EDGE_LOOP('',(#5683,#5684,#5685,#5686));
#1033=EDGE_LOOP('',(#5687,#5688,#5689,#5690));
#1034=EDGE_LOOP('',(#5691,#5692,#5693,#5694));
#1035=EDGE_LOOP('',(#5695,#5696,#5697,#5698));
#1036=EDGE_LOOP('',(#5699,#5700,#5701,#5702,#5703,#5704,#5705));
#1037=EDGE_LOOP('',(#5706,#5707,#5708,#5709,#5710,#5711,#5712,#5713));
#1038=EDGE_LOOP('',(#5714,#5715,#5716,#5717,#5718,#5719));
#1039=EDGE_LOOP('',(#5720,#5721,#5722,#5723));
#1040=EDGE_LOOP('',(#5724,#5725,#5726,#5727));
#1041=EDGE_LOOP('',(#5728,#5729,#5730,#5731));
#1042=EDGE_LOOP('',(#5732,#5733,#5734,#5735));
#1043=EDGE_LOOP('',(#5736,#5737,#5738,#5739));
#1044=EDGE_LOOP('',(#5740,#5741,#5742,#5743));
#1045=EDGE_LOOP('',(#5744,#5745,#5746,#5747));
#1046=EDGE_LOOP('',(#5748,#5749,#5750,#5751));
#1047=EDGE_LOOP('',(#5752,#5753,#5754,#5755));
#1048=EDGE_LOOP('',(#5756,#5757,#5758,#5759));
#1049=EDGE_LOOP('',(#5760,#5761,#5762,#5763));
#1050=EDGE_LOOP('',(#5764,#5765,#5766,#5767));
#1051=EDGE_LOOP('',(#5768,#5769,#5770,#5771));
#1052=EDGE_LOOP('',(#5772,#5773,#5774,#5775));
#1053=EDGE_LOOP('',(#5776,#5777,#5778,#5779,#5780,#5781));
#1054=EDGE_LOOP('',(#5782,#5783,#5784,#5785,#5786,#5787,#5788,#5789,#5790,
#5791,#5792,#5793,#5794,#5795,#5796,#5797,#5798,#5799,#5800,#5801,#5802,
#5803,#5804,#5805,#5806,#5807,#5808,#5809,#5810,#5811,#5812,#5813,#5814));
#1055=EDGE_LOOP('',(#5815,#5816));
#1056=EDGE_LOOP('',(#5817,#5818,#5819,#5820));
#1057=EDGE_LOOP('',(#5821,#5822,#5823,#5824));
#1058=EDGE_LOOP('',(#5825,#5826,#5827,#5828));
#1059=EDGE_LOOP('',(#5829,#5830,#5831,#5832));
#1060=EDGE_LOOP('',(#5833,#5834,#5835,#5836));
#1061=EDGE_LOOP('',(#5837,#5838,#5839,#5840));
#1062=EDGE_LOOP('',(#5841,#5842,#5843,#5844));
#1063=EDGE_LOOP('',(#5845,#5846,#5847,#5848));
#1064=EDGE_LOOP('',(#5849,#5850,#5851,#5852));
#1065=EDGE_LOOP('',(#5853,#5854,#5855,#5856));
#1066=EDGE_LOOP('',(#5857,#5858,#5859,#5860));
#1067=EDGE_LOOP('',(#5861,#5862,#5863,#5864));
#1068=EDGE_LOOP('',(#5865,#5866,#5867,#5868));
#1069=EDGE_LOOP('',(#5869,#5870,#5871,#5872));
#1070=EDGE_LOOP('',(#5873,#5874,#5875,#5876));
#1071=EDGE_LOOP('',(#5877,#5878,#5879,#5880));
#1072=EDGE_LOOP('',(#5881,#5882,#5883,#5884));
#1073=EDGE_LOOP('',(#5885,#5886,#5887,#5888));
#1074=EDGE_LOOP('',(#5889,#5890,#5891,#5892));
#1075=EDGE_LOOP('',(#5893,#5894,#5895,#5896));
#1076=EDGE_LOOP('',(#5897,#5898,#5899,#5900));
#1077=EDGE_LOOP('',(#5901,#5902,#5903,#5904));
#1078=EDGE_LOOP('',(#5905,#5906,#5907,#5908));
#1079=EDGE_LOOP('',(#5909,#5910,#5911,#5912));
#1080=EDGE_LOOP('',(#5913,#5914,#5915,#5916));
#1081=EDGE_LOOP('',(#5917,#5918,#5919,#5920));
#1082=EDGE_LOOP('',(#5921,#5922,#5923,#5924));
#1083=EDGE_LOOP('',(#5925,#5926,#5927,#5928));
#1084=EDGE_LOOP('',(#5929,#5930,#5931,#5932));
#1085=EDGE_LOOP('',(#5933,#5934,#5935,#5936));
#1086=EDGE_LOOP('',(#5937,#5938,#5939,#5940));
#1087=EDGE_LOOP('',(#5941,#5942,#5943,#5944));
#1088=EDGE_LOOP('',(#5945,#5946,#5947,#5948));
#1089=EDGE_LOOP('',(#5949,#5950,#5951,#5952));
#1090=EDGE_LOOP('',(#5953,#5954,#5955,#5956));
#1091=EDGE_LOOP('',(#5957,#5958));
#1092=CIRCLE('',#6876,0.152399998542);
#1093=CIRCLE('',#6877,0.25399999757);
#1094=CIRCLE('',#6878,0.584199994412);
#1095=CIRCLE('',#6931,0.499999995217);
#1096=CIRCLE('',#6932,0.499999995217);
#1097=CIRCLE('',#6934,0.499999995217);
#1098=CIRCLE('',#6935,0.499999995217);
#1099=CIRCLE('',#6944,0.152399998542);
#1100=CIRCLE('',#6948,0.25399999757);
#1101=CIRCLE('',#6953,0.50799999514);
#1102=CIRCLE('',#6955,0.380999996355);
#1103=CIRCLE('',#6956,0.380999996355);
#1104=CIRCLE('',#6969,0.380999996355);
#1105=CIRCLE('',#6970,0.380999996355);
#1106=CIRCLE('',#6975,0.25399999757);
#1107=CIRCLE('',#6976,0.25399999757);
#1108=CIRCLE('',#6980,0.152399998542);
#1109=CIRCLE('',#6981,0.152399998542);
#1110=CIRCLE('',#6986,0.499999995217);
#1111=CIRCLE('',#6987,0.499999995217);
#1112=CIRCLE('',#6989,0.499999995217);
#1113=CIRCLE('',#6990,0.499999995217);
#1114=CIRCLE('',#7005,0.584199994412);
#1115=CIRCLE('',#7007,0.50799999514);
#1116=CIRCLE('',#7009,0.50799999514);
#1117=CIRCLE('',#7011,0.584199994412);
#1118=CIRCLE('',#7014,0.50799999514);
#1119=CIRCLE('',#7016,0.380999996355);
#1120=CIRCLE('',#7017,0.380999996355);
#1121=CIRCLE('',#7019,0.50799999514);
#1122=CIRCLE('',#7022,0.380999996355);
#1123=CIRCLE('',#7024,0.50799999514);
#1124=CIRCLE('',#7025,0.50799999514);
#1125=CIRCLE('',#7029,0.50799999514);
#1126=CIRCLE('',#7031,0.584199994412);
#1127=CIRCLE('',#7038,0.380999996355);
#1128=CIRCLE('',#7041,0.469899995505);
#1129=CIRCLE('',#7042,0.469899995505);
#1130=CIRCLE('',#7043,0.469899995505);
#1131=CIRCLE('',#7045,0.419099324737);
#1132=CIRCLE('',#7046,0.05079999951405);
#1133=CIRCLE('',#7048,0.469899995505);
#1134=CIRCLE('',#7049,0.469899995505);
#1135=CIRCLE('',#7050,0.469899995505);
#1136=CIRCLE('',#7052,0.419099324737);
#1137=CIRCLE('',#7053,0.05079999951405);
#1138=CIRCLE('',#7055,0.469899995505);
#1139=CIRCLE('',#7056,0.469899995505);
#1140=CIRCLE('',#7057,0.469899995505);
#1141=CIRCLE('',#7059,0.419099324737);
#1142=CIRCLE('',#7060,0.05079999951405);
#1143=CIRCLE('',#7062,0.469899995505);
#1144=CIRCLE('',#7063,0.469899995505);
#1145=CIRCLE('',#7064,0.469899995505);
#1146=CIRCLE('',#7066,0.419099324737);
#1147=CIRCLE('',#7067,0.05079999951405);
#1148=CIRCLE('',#7073,1.625599984449);
#1149=CIRCLE('',#7075,1.752599983235);
#1150=CIRCLE('',#7076,0.126999998785);
#1151=CIRCLE('',#7078,1.752599983235);
#1152=LINE('',#8749,#1826);
#1153=LINE('',#8751,#1827);
#1154=LINE('',#8753,#1828);
#1155=LINE('',#8755,#1829);
#1156=LINE('',#8757,#1830);
#1157=LINE('',#8759,#1831);
#1158=LINE('',#8761,#1832);
#1159=LINE('',#8763,#1833);
#1160=LINE('',#8765,#1834);
#1161=LINE('',#8767,#1835);
#1162=LINE('',#8771,#1836);
#1163=LINE('',#8773,#1837);
#1164=LINE('',#8777,#1838);
#1165=LINE('',#8779,#1839);
#1166=LINE('',#8781,#1840);
#1167=LINE('',#8785,#1841);
#1168=LINE('',#8787,#1842);
#1169=LINE('',#8788,#1843);
#1170=LINE('',#8791,#1844);
#1171=LINE('',#8793,#1845);
#1172=LINE('',#8795,#1846);
#1173=LINE('',#8797,#1847);
#1174=LINE('',#8799,#1848);
#1175=LINE('',#8800,#1849);
#1176=LINE('',#8803,#1850);
#1177=LINE('',#8829,#1851);
#1178=LINE('',#8855,#1852);
#1179=LINE('',#8857,#1853);
#1180=LINE('',#8859,#1854);
#1181=LINE('',#8861,#1855);
#1182=LINE('',#8863,#1856);
#1183=LINE('',#8865,#1857);
#1184=LINE('',#8867,#1858);
#1185=LINE('',#8869,#1859);
#1186=LINE('',#8871,#1860);
#1187=LINE('',#8873,#1861);
#1188=LINE('',#8875,#1862);
#1189=LINE('',#8876,#1863);
#1190=LINE('',#8879,#1864);
#1191=LINE('',#8881,#1865);
#1192=LINE('',#8883,#1866);
#1193=LINE('',#8885,#1867);
#1194=LINE('',#8887,#1868);
#1195=LINE('',#8889,#1869);
#1196=LINE('',#8891,#1870);
#1197=LINE('',#8892,#1871);
#1198=LINE('',#8895,#1872);
#1199=LINE('',#8897,#1873);
#1200=LINE('',#8899,#1874);
#1201=LINE('',#8901,#1875);
#1202=LINE('',#8903,#1876);
#1203=LINE('',#8905,#1877);
#1204=LINE('',#8907,#1878);
#1205=LINE('',#8909,#1879);
#1206=LINE('',#8911,#1880);
#1207=LINE('',#8913,#1881);
#1208=LINE('',#8915,#1882);
#1209=LINE('',#8916,#1883);
#1210=LINE('',#8921,#1884);
#1211=LINE('',#8923,#1885);
#1212=LINE('',#8925,#1886);
#1213=LINE('',#8950,#1887);
#1214=LINE('',#8967,#1888);
#1215=LINE('',#8979,#1889);
#1216=LINE('',#9016,#1890);
#1217=LINE('',#9018,#1891);
#1218=LINE('',#9020,#1892);
#1219=LINE('',#9022,#1893);
#1220=LINE('',#9059,#1894);
#1221=LINE('',#9061,#1895);
#1222=LINE('',#9063,#1896);
#1223=LINE('',#9065,#1897);
#1224=LINE('',#9067,#1898);
#1225=LINE('',#9069,#1899);
#1226=LINE('',#9071,#1900);
#1227=LINE('',#9072,#1901);
#1228=LINE('',#9075,#1902);
#1229=LINE('',#9077,#1903);
#1230=LINE('',#9079,#1904);
#1231=LINE('',#9081,#1905);
#1232=LINE('',#9083,#1906);
#1233=LINE('',#9085,#1907);
#1234=LINE('',#9087,#1908);
#1235=LINE('',#9089,#1909);
#1236=LINE('',#9091,#1910);
#1237=LINE('',#9093,#1911);
#1238=LINE('',#9095,#1912);
#1239=LINE('',#9096,#1913);
#1240=LINE('',#9099,#1914);
#1241=LINE('',#9101,#1915);
#1242=LINE('',#9103,#1916);
#1243=LINE('',#9112,#1917);
#1244=LINE('',#9124,#1918);
#1245=LINE('',#9126,#1919);
#1246=LINE('',#9128,#1920);
#1247=LINE('',#9130,#1921);
#1248=LINE('',#9132,#1922);
#1249=LINE('',#9134,#1923);
#1250=LINE('',#9141,#1924);
#1251=LINE('',#9176,#1925);
#1252=LINE('',#9207,#1926);
#1253=LINE('',#9219,#1927);
#1254=LINE('',#9221,#1928);
#1255=LINE('',#9223,#1929);
#1256=LINE('',#9225,#1930);
#1257=LINE('',#9241,#1931);
#1258=LINE('',#9252,#1932);
#1259=LINE('',#9254,#1933);
#1260=LINE('',#9256,#1934);
#1261=LINE('',#9271,#1935);
#1262=LINE('',#9273,#1936);
#1263=LINE('',#9275,#1937);
#1264=LINE('',#9276,#1938);
#1265=LINE('',#9280,#1939);
#1266=LINE('',#9282,#1940);
#1267=LINE('',#9284,#1941);
#1268=LINE('',#9285,#1942);
#1269=LINE('',#9289,#1943);
#1270=LINE('',#9290,#1944);
#1271=LINE('',#9291,#1945);
#1272=LINE('',#9295,#1946);
#1273=LINE('',#9296,#1947);
#1274=LINE('',#9297,#1948);
#1275=LINE('',#9301,#1949);
#1276=LINE('',#9302,#1950);
#1277=LINE('',#9303,#1951);
#1278=LINE('',#9306,#1952);
#1279=LINE('',#9308,#1953);
#1280=LINE('',#9310,#1954);
#1281=LINE('',#9311,#1955);
#1282=LINE('',#9314,#1956);
#1283=LINE('',#9316,#1957);
#1284=LINE('',#9318,#1958);
#1285=LINE('',#9319,#1959);
#1286=LINE('',#9323,#1960);
#1287=LINE('',#9325,#1961);
#1288=LINE('',#9327,#1962);
#1289=LINE('',#9328,#1963);
#1290=LINE('',#9330,#1964);
#1291=LINE('',#9332,#1965);
#1292=LINE('',#9333,#1966);
#1293=LINE('',#9337,#1967);
#1294=LINE('',#9339,#1968);
#1295=LINE('',#9341,#1969);
#1296=LINE('',#9342,#1970);
#1297=LINE('',#9345,#1971);
#1298=LINE('',#9347,#1972);
#1299=LINE('',#9348,#1973);
#1300=LINE('',#9352,#1974);
#1301=LINE('',#9354,#1975);
#1302=LINE('',#9356,#1976);
#1303=LINE('',#9357,#1977);
#1304=LINE('',#9361,#1978);
#1305=LINE('',#9363,#1979);
#1306=LINE('',#9365,#1980);
#1307=LINE('',#9366,#1981);
#1308=LINE('',#9369,#1982);
#1309=LINE('',#9371,#1983);
#1310=LINE('',#9372,#1984);
#1311=LINE('',#9375,#1985);
#1312=LINE('',#9377,#1986);
#1313=LINE('',#9378,#1987);
#1314=LINE('',#9381,#1988);
#1315=LINE('',#9382,#1989);
#1316=LINE('',#9385,#1990);
#1317=LINE('',#9386,#1991);
#1318=LINE('',#9389,#1992);
#1319=LINE('',#9390,#1993);
#1320=LINE('',#9393,#1994);
#1321=LINE('',#9394,#1995);
#1322=LINE('',#9397,#1996);
#1323=LINE('',#9398,#1997);
#1324=LINE('',#9402,#1998);
#1325=LINE('',#9406,#1999);
#1326=LINE('',#9408,#2000);
#1327=LINE('',#9410,#2001);
#1328=LINE('',#9419,#2002);
#1329=LINE('',#9426,#2003);
#1330=LINE('',#9431,#2004);
#1331=LINE('',#9432,#2005);
#1332=LINE('',#9434,#2006);
#1333=LINE('',#9435,#2007);
#1334=LINE('',#9437,#2008);
#1335=LINE('',#9439,#2009);
#1336=LINE('',#9440,#2010);
#1337=LINE('',#9443,#2011);
#1338=LINE('',#9444,#2012);
#1339=LINE('',#9446,#2013);
#1340=LINE('',#9448,#2014);
#1341=LINE('',#9449,#2015);
#1342=LINE('',#9453,#2016);
#1343=LINE('',#9456,#2017);
#1344=LINE('',#9457,#2018);
#1345=LINE('',#9460,#2019);
#1346=LINE('',#9461,#2020);
#1347=LINE('',#9465,#2021);
#1348=LINE('',#9468,#2022);
#1349=LINE('',#9469,#2023);
#1350=LINE('',#9472,#2024);
#1351=LINE('',#9473,#2025);
#1352=LINE('',#9476,#2026);
#1353=LINE('',#9477,#2027);
#1354=LINE('',#9481,#2028);
#1355=LINE('',#9483,#2029);
#1356=LINE('',#9484,#2030);
#1357=LINE('',#9503,#2031);
#1358=LINE('',#9507,#2032);
#1359=LINE('',#9509,#2033);
#1360=LINE('',#9510,#2034);
#1361=LINE('',#9514,#2035);
#1362=LINE('',#9516,#2036);
#1363=LINE('',#9518,#2037);
#1364=LINE('',#9519,#2038);
#1365=LINE('',#9522,#2039);
#1366=LINE('',#9524,#2040);
#1367=LINE('',#9525,#2041);
#1368=LINE('',#9529,#2042);
#1369=LINE('',#9531,#2043);
#1370=LINE('',#9533,#2044);
#1371=LINE('',#9534,#2045);
#1372=LINE('',#9537,#2046);
#1373=LINE('',#9539,#2047);
#1374=LINE('',#9540,#2048);
#1375=LINE('',#9542,#2049);
#1376=LINE('',#9543,#2050);
#1377=LINE('',#9546,#2051);
#1378=LINE('',#9547,#2052);
#1379=LINE('',#9548,#2053);
#1380=LINE('',#9551,#2054);
#1381=LINE('',#9552,#2055);
#1382=LINE('',#9554,#2056);
#1383=LINE('',#9555,#2057);
#1384=LINE('',#9557,#2058);
#1385=LINE('',#9558,#2059);
#1386=LINE('',#9561,#2060);
#1387=LINE('',#9563,#2061);
#1388=LINE('',#9564,#2062);
#1389=LINE('',#9583,#2063);
#1390=LINE('',#9587,#2064);
#1391=LINE('',#9589,#2065);
#1392=LINE('',#9591,#2066);
#1393=LINE('',#9592,#2067);
#1394=LINE('',#9595,#2068);
#1395=LINE('',#9597,#2069);
#1396=LINE('',#9598,#2070);
#1397=LINE('',#9601,#2071);
#1398=LINE('',#9603,#2072);
#1399=LINE('',#9604,#2073);
#1400=LINE('',#9609,#2074);
#1401=LINE('',#9613,#2075);
#1402=LINE('',#9615,#2076);
#1403=LINE('',#9616,#2077);
#1404=LINE('',#9619,#2078);
#1405=LINE('',#9621,#2079);
#1406=LINE('',#9622,#2080);
#1407=LINE('',#9628,#2081);
#1408=LINE('',#9632,#2082);
#1409=LINE('',#9636,#2083);
#1410=LINE('',#9638,#2084);
#1411=LINE('',#9640,#2085);
#1412=LINE('',#9649,#2086);
#1413=LINE('',#9656,#2087);
#1414=LINE('',#9661,#2088);
#1415=LINE('',#9662,#2089);
#1416=LINE('',#9665,#2090);
#1417=LINE('',#9667,#2091);
#1418=LINE('',#9668,#2092);
#1419=LINE('',#9670,#2093);
#1420=LINE('',#9671,#2094);
#1421=LINE('',#9673,#2095);
#1422=LINE('',#9674,#2096);
#1423=LINE('',#9677,#2097);
#1424=LINE('',#9678,#2098);
#1425=LINE('',#9680,#2099);
#1426=LINE('',#9682,#2100);
#1427=LINE('',#9684,#2101);
#1428=LINE('',#9685,#2102);
#1429=LINE('',#9688,#2103);
#1430=LINE('',#9690,#2104);
#1431=LINE('',#9691,#2105);
#1432=LINE('',#9694,#2106);
#1433=LINE('',#9696,#2107);
#1434=LINE('',#9697,#2108);
#1435=LINE('',#9700,#2109);
#1436=LINE('',#9702,#2110);
#1437=LINE('',#9703,#2111);
#1438=LINE('',#9706,#2112);
#1439=LINE('',#9708,#2113);
#1440=LINE('',#9709,#2114);
#1441=LINE('',#9712,#2115);
#1442=LINE('',#9714,#2116);
#1443=LINE('',#9715,#2117);
#1444=LINE('',#9718,#2118);
#1445=LINE('',#9720,#2119);
#1446=LINE('',#9721,#2120);
#1447=LINE('',#9725,#2121);
#1448=LINE('',#9727,#2122);
#1449=LINE('',#9730,#2123);
#1450=LINE('',#9731,#2124);
#1451=LINE('',#9734,#2125);
#1452=LINE('',#9736,#2126);
#1453=LINE('',#9738,#2127);
#1454=LINE('',#9758,#2128);
#1455=LINE('',#9760,#2129);
#1456=LINE('',#9762,#2130);
#1457=LINE('',#9763,#2131);
#1458=LINE('',#9766,#2132);
#1459=LINE('',#9768,#2133);
#1460=LINE('',#9787,#2134);
#1461=LINE('',#9790,#2135);
#1462=LINE('',#9791,#2136);
#1463=LINE('',#9793,#2137);
#1464=LINE('',#9794,#2138);
#1465=LINE('',#9795,#2139);
#1466=LINE('',#9800,#2140);
#1467=LINE('',#9801,#2141);
#1468=LINE('',#9802,#2142);
#1469=LINE('',#9805,#2143);
#1470=LINE('',#9806,#2144);
#1471=LINE('',#9807,#2145);
#1472=LINE('',#9810,#2146);
#1473=LINE('',#9812,#2147);
#1474=LINE('',#9813,#2148);
#1475=LINE('',#9815,#2149);
#1476=LINE('',#9816,#2150);
#1477=LINE('',#9818,#2151);
#1478=LINE('',#9822,#2152);
#1479=LINE('',#9824,#2153);
#1480=LINE('',#9825,#2154);
#1481=LINE('',#9827,#2155);
#1482=LINE('',#9830,#2156);
#1483=LINE('',#9851,#2157);
#1484=LINE('',#9854,#2158);
#1485=LINE('',#9871,#2159);
#1486=LINE('',#9877,#2160);
#1487=LINE('',#9889,#2161);
#1488=LINE('',#9902,#2162);
#1489=LINE('',#9913,#2163);
#1490=LINE('',#9934,#2164);
#1491=LINE('',#9938,#2165);
#1492=LINE('',#9939,#2166);
#1493=LINE('',#9942,#2167);
#1494=LINE('',#9943,#2168);
#1495=LINE('',#9945,#2169);
#1496=LINE('',#9948,#2170);
#1497=LINE('',#9951,#2171);
#1498=LINE('',#9959,#2172);
#1499=LINE('',#9961,#2173);
#1500=LINE('',#9962,#2174);
#1501=LINE('',#9965,#2175);
#1502=LINE('',#9966,#2176);
#1503=LINE('',#9969,#2177);
#1504=LINE('',#9970,#2178);
#1505=LINE('',#9973,#2179);
#1506=LINE('',#9974,#2180);
#1507=LINE('',#9977,#2181);
#1508=LINE('',#9978,#2182);
#1509=LINE('',#9980,#2183);
#1510=LINE('',#9991,#2184);
#1511=LINE('',#9993,#2185);
#1512=LINE('',#10000,#2186);
#1513=LINE('',#10001,#2187);
#1514=LINE('',#10011,#2188);
#1515=LINE('',#10022,#2189);
#1516=LINE('',#10033,#2190);
#1517=LINE('',#10047,#2191);
#1518=LINE('',#10061,#2192);
#1519=LINE('',#10075,#2193);
#1520=LINE('',#10082,#2194);
#1521=LINE('',#10083,#2195);
#1522=LINE('',#10093,#2196);
#1523=LINE('',#10104,#2197);
#1524=LINE('',#10118,#2198);
#1525=LINE('',#10132,#2199);
#1526=LINE('',#10149,#2200);
#1527=LINE('',#10151,#2201);
#1528=LINE('',#10152,#2202);
#1529=LINE('',#10155,#2203);
#1530=LINE('',#10156,#2204);
#1531=LINE('',#10159,#2205);
#1532=LINE('',#10160,#2206);
#1533=LINE('',#10163,#2207);
#1534=LINE('',#10164,#2208);
#1535=LINE('',#10167,#2209);
#1536=LINE('',#10168,#2210);
#1537=LINE('',#10171,#2211);
#1538=LINE('',#10172,#2212);
#1539=LINE('',#10175,#2213);
#1540=LINE('',#10176,#2214);
#1541=LINE('',#10179,#2215);
#1542=LINE('',#10180,#2216);
#1543=LINE('',#10183,#2217);
#1544=LINE('',#10184,#2218);
#1545=LINE('',#10187,#2219);
#1546=LINE('',#10188,#2220);
#1547=LINE('',#10191,#2221);
#1548=LINE('',#10192,#2222);
#1549=LINE('',#10194,#2223);
#1550=LINE('',#10199,#2224);
#1551=LINE('',#10215,#2225);
#1552=LINE('',#10216,#2226);
#1553=LINE('',#10219,#2227);
#1554=LINE('',#10221,#2228);
#1555=LINE('',#10230,#2229);
#1556=LINE('',#10232,#2230);
#1557=LINE('',#10233,#2231);
#1558=LINE('',#10242,#2232);
#1559=LINE('',#10251,#2233);
#1560=LINE('',#10260,#2234);
#1561=LINE('',#10269,#2235);
#1562=LINE('',#10271,#2236);
#1563=LINE('',#10276,#2237);
#1564=LINE('',#10277,#2238);
#1565=LINE('',#10278,#2239);
#1566=LINE('',#10281,#2240);
#1567=LINE('',#10282,#2241);
#1568=LINE('',#10285,#2242);
#1569=LINE('',#10286,#2243);
#1570=LINE('',#10297,#2244);
#1571=LINE('',#10308,#2245);
#1572=LINE('',#10319,#2246);
#1573=LINE('',#10333,#2247);
#1574=LINE('',#10335,#2248);
#1575=LINE('',#10337,#2249);
#1576=LINE('',#10339,#2250);
#1577=LINE('',#10341,#2251);
#1578=LINE('',#10343,#2252);
#1579=LINE('',#10345,#2253);
#1580=LINE('',#10346,#2254);
#1581=LINE('',#10349,#2255);
#1582=LINE('',#10351,#2256);
#1583=LINE('',#10358,#2257);
#1584=LINE('',#10364,#2258);
#1585=LINE('',#10366,#2259);
#1586=LINE('',#10367,#2260);
#1587=LINE('',#10369,#2261);
#1588=LINE('',#10371,#2262);
#1589=LINE('',#10373,#2263);
#1590=LINE('',#10375,#2264);
#1591=LINE('',#10377,#2265);
#1592=LINE('',#10379,#2266);
#1593=LINE('',#10384,#2267);
#1594=LINE('',#10385,#2268);
#1595=LINE('',#10386,#2269);
#1596=LINE('',#10389,#2270);
#1597=LINE('',#10390,#2271);
#1598=LINE('',#10404,#2272);
#1599=LINE('',#10407,#2273);
#1600=LINE('',#10408,#2274);
#1601=LINE('',#10422,#2275);
#1602=LINE('',#10424,#2276);
#1603=LINE('',#10428,#2277);
#1604=LINE('',#10430,#2278);
#1605=LINE('',#10431,#2279);
#1606=LINE('',#10434,#2280);
#1607=LINE('',#10435,#2281);
#1608=LINE('',#10438,#2282);
#1609=LINE('',#10439,#2283);
#1610=LINE('',#10442,#2284);
#1611=LINE('',#10443,#2285);
#1612=LINE('',#10446,#2286);
#1613=LINE('',#10447,#2287);
#1614=LINE('',#10450,#2288);
#1615=LINE('',#10451,#2289);
#1616=LINE('',#10454,#2290);
#1617=LINE('',#10455,#2291);
#1618=LINE('',#10458,#2292);
#1619=LINE('',#10459,#2293);
#1620=LINE('',#10462,#2294);
#1621=LINE('',#10463,#2295);
#1622=LINE('',#10466,#2296);
#1623=LINE('',#10467,#2297);
#1624=LINE('',#10470,#2298);
#1625=LINE('',#10471,#2299);
#1626=LINE('',#10473,#2300);
#1627=LINE('',#10483,#2301);
#1628=LINE('',#10492,#2302);
#1629=LINE('',#10508,#2303);
#1630=LINE('',#10510,#2304);
#1631=LINE('',#10512,#2305);
#1632=LINE('',#10514,#2306);
#1633=LINE('',#10528,#2307);
#1634=LINE('',#10530,#2308);
#1635=LINE('',#10552,#2309);
#1636=LINE('',#10553,#2310);
#1637=LINE('',#10555,#2311);
#1638=LINE('',#10564,#2312);
#1639=LINE('',#10573,#2313);
#1640=LINE('',#10575,#2314);
#1641=LINE('',#10584,#2315);
#1642=LINE('',#10593,#2316);
#1643=LINE('',#10602,#2317);
#1644=LINE('',#10611,#2318);
#1645=LINE('',#10613,#2319);
#1646=LINE('',#10615,#2320);
#1647=LINE('',#10617,#2321);
#1648=LINE('',#10619,#2322);
#1649=LINE('',#10642,#2323);
#1650=LINE('',#10643,#2324);
#1651=LINE('',#10654,#2325);
#1652=LINE('',#10668,#2326);
#1653=LINE('',#10679,#2327);
#1654=LINE('',#10690,#2328);
#1655=LINE('',#10704,#2329);
#1656=LINE('',#10707,#2330);
#1657=LINE('',#10708,#2331);
#1658=LINE('',#10710,#2332);
#1659=LINE('',#10721,#2333);
#1660=LINE('',#10723,#2334);
#1661=LINE('',#10730,#2335);
#1662=LINE('',#10731,#2336);
#1663=LINE('',#10741,#2337);
#1664=LINE('',#10752,#2338);
#1665=LINE('',#10763,#2339);
#1666=LINE('',#10774,#2340);
#1667=LINE('',#10785,#2341);
#1668=LINE('',#10796,#2342);
#1669=LINE('',#10807,#2343);
#1670=LINE('',#10821,#2344);
#1671=LINE('',#10832,#2345);
#1672=LINE('',#10846,#2346);
#1673=LINE('',#10853,#2347);
#1674=LINE('',#10854,#2348);
#1675=LINE('',#10864,#2349);
#1676=LINE('',#10878,#2350);
#1677=LINE('',#10892,#2351);
#1678=LINE('',#10906,#2352);
#1679=LINE('',#10917,#2353);
#1680=LINE('',#10928,#2354);
#1681=LINE('',#10939,#2355);
#1682=LINE('',#10956,#2356);
#1683=LINE('',#10958,#2357);
#1684=LINE('',#10959,#2358);
#1685=LINE('',#10962,#2359);
#1686=LINE('',#10963,#2360);
#1687=LINE('',#10973,#2361);
#1688=LINE('',#10980,#2362);
#1689=LINE('',#10981,#2363);
#1690=LINE('',#10984,#2364);
#1691=LINE('',#10985,#2365);
#1692=LINE('',#10988,#2366);
#1693=LINE('',#10989,#2367);
#1694=LINE('',#10992,#2368);
#1695=LINE('',#10993,#2369);
#1696=LINE('',#10996,#2370);
#1697=LINE('',#10997,#2371);
#1698=LINE('',#11000,#2372);
#1699=LINE('',#11001,#2373);
#1700=LINE('',#11011,#2374);
#1701=LINE('',#11025,#2375);
#1702=LINE('',#11032,#2376);
#1703=LINE('',#11033,#2377);
#1704=LINE('',#11043,#2378);
#1705=LINE('',#11054,#2379);
#1706=LINE('',#11060,#2380);
#1707=LINE('',#11064,#2381);
#1708=LINE('',#11066,#2382);
#1709=LINE('',#11067,#2383);
#1710=LINE('',#11070,#2384);
#1711=LINE('',#11071,#2385);
#1712=LINE('',#11074,#2386);
#1713=LINE('',#11075,#2387);
#1714=LINE('',#11078,#2388);
#1715=LINE('',#11079,#2389);
#1716=LINE('',#11082,#2390);
#1717=LINE('',#11083,#2391);
#1718=LINE('',#11086,#2392);
#1719=LINE('',#11087,#2393);
#1720=LINE('',#11090,#2394);
#1721=LINE('',#11091,#2395);
#1722=LINE('',#11094,#2396);
#1723=LINE('',#11095,#2397);
#1724=LINE('',#11098,#2398);
#1725=LINE('',#11099,#2399);
#1726=LINE('',#11102,#2400);
#1727=LINE('',#11103,#2401);
#1728=LINE('',#11106,#2402);
#1729=LINE('',#11107,#2403);
#1730=LINE('',#11109,#2404);
#1731=LINE('',#11114,#2405);
#1732=LINE('',#11130,#2406);
#1733=LINE('',#11131,#2407);
#1734=LINE('',#11134,#2408);
#1735=LINE('',#11136,#2409);
#1736=LINE('',#11145,#2410);
#1737=LINE('',#11147,#2411);
#1738=LINE('',#11148,#2412);
#1739=LINE('',#11157,#2413);
#1740=LINE('',#11166,#2414);
#1741=LINE('',#11175,#2415);
#1742=LINE('',#11184,#2416);
#1743=LINE('',#11186,#2417);
#1744=LINE('',#11191,#2418);
#1745=LINE('',#11192,#2419);
#1746=LINE('',#11193,#2420);
#1747=LINE('',#11196,#2421);
#1748=LINE('',#11197,#2422);
#1749=LINE('',#11200,#2423);
#1750=LINE('',#11201,#2424);
#1751=LINE('',#11212,#2425);
#1752=LINE('',#11223,#2426);
#1753=LINE('',#11234,#2427);
#1754=LINE('',#11248,#2428);
#1755=LINE('',#11250,#2429);
#1756=LINE('',#11252,#2430);
#1757=LINE('',#11254,#2431);
#1758=LINE('',#11256,#2432);
#1759=LINE('',#11258,#2433);
#1760=LINE('',#11260,#2434);
#1761=LINE('',#11261,#2435);
#1762=LINE('',#11264,#2436);
#1763=LINE('',#11266,#2437);
#1764=LINE('',#11273,#2438);
#1765=LINE('',#11279,#2439);
#1766=LINE('',#11281,#2440);
#1767=LINE('',#11282,#2441);
#1768=LINE('',#11284,#2442);
#1769=LINE('',#11286,#2443);
#1770=LINE('',#11288,#2444);
#1771=LINE('',#11290,#2445);
#1772=LINE('',#11292,#2446);
#1773=LINE('',#11294,#2447);
#1774=LINE('',#11299,#2448);
#1775=LINE('',#11300,#2449);
#1776=LINE('',#11301,#2450);
#1777=LINE('',#11304,#2451);
#1778=LINE('',#11305,#2452);
#1779=LINE('',#11319,#2453);
#1780=LINE('',#11322,#2454);
#1781=LINE('',#11323,#2455);
#1782=LINE('',#11337,#2456);
#1783=LINE('',#11339,#2457);
#1784=LINE('',#11386,#2458);
#1785=LINE('',#11388,#2459);
#1786=LINE('',#11390,#2460);
#1787=LINE('',#11392,#2461);
#1788=LINE('',#11429,#2462);
#1789=LINE('',#11441,#2463);
#1790=LINE('',#11458,#2464);
#1791=LINE('',#11485,#2465);
#1792=LINE('',#11486,#2466);
#1793=LINE('',#11495,#2467);
#1794=LINE('',#11504,#2468);
#1795=LINE('',#11513,#2469);
#1796=LINE('',#11522,#2470);
#1797=LINE('',#11531,#2471);
#1798=LINE('',#11540,#2472);
#1799=LINE('',#11549,#2473);
#1800=LINE('',#11558,#2474);
#1801=LINE('',#11567,#2475);
#1802=LINE('',#11576,#2476);
#1803=LINE('',#11585,#2477);
#1804=LINE('',#11587,#2478);
#1805=LINE('',#11589,#2479);
#1806=LINE('',#11591,#2480);
#1807=LINE('',#11593,#2481);
#1808=LINE('',#11602,#2482);
#1809=LINE('',#11611,#2483);
#1810=LINE('',#11620,#2484);
#1811=LINE('',#11629,#2485);
#1812=LINE('',#11638,#2486);
#1813=LINE('',#11647,#2487);
#1814=LINE('',#11656,#2488);
#1815=LINE('',#11658,#2489);
#1816=LINE('',#11667,#2490);
#1817=LINE('',#11676,#2491);
#1818=LINE('',#11678,#2492);
#1819=LINE('',#11687,#2493);
#1820=LINE('',#11696,#2494);
#1821=LINE('',#11705,#2495);
#1822=LINE('',#11707,#2496);
#1823=LINE('',#11716,#2497);
#1824=LINE('',#11748,#2498);
#1825=LINE('',#11749,#2499);
#1826=VECTOR('',#7278,1.);
#1827=VECTOR('',#7279,1.);
#1828=VECTOR('',#7280,0.999999999999885);
#1829=VECTOR('',#7281,1.);
#1830=VECTOR('',#7282,1.);
#1831=VECTOR('',#7283,1.);
#1832=VECTOR('',#7284,1.);
#1833=VECTOR('',#7285,1.);
#1834=VECTOR('',#7286,1.);
#1835=VECTOR('',#7287,1.);
#1836=VECTOR('',#7290,1.);
#1837=VECTOR('',#7291,1.);
#1838=VECTOR('',#7294,1.);
#1839=VECTOR('',#7295,0.999999999999893);
#1840=VECTOR('',#7296,1.);
#1841=VECTOR('',#7299,1.);
#1842=VECTOR('',#7300,1.);
#1843=VECTOR('',#7301,1.);
#1844=VECTOR('',#7302,1.);
#1845=VECTOR('',#7303,1.);
#1846=VECTOR('',#7304,1.);
#1847=VECTOR('',#7305,1.);
#1848=VECTOR('',#7306,1.);
#1849=VECTOR('',#7307,1.);
#1850=VECTOR('',#7308,1.);
#1851=VECTOR('',#7313,1.);
#1852=VECTOR('',#7318,1.);
#1853=VECTOR('',#7319,1.);
#1854=VECTOR('',#7320,1.);
#1855=VECTOR('',#7321,1.);
#1856=VECTOR('',#7322,1.);
#1857=VECTOR('',#7323,1.);
#1858=VECTOR('',#7324,1.);
#1859=VECTOR('',#7325,1.);
#1860=VECTOR('',#7326,1.);
#1861=VECTOR('',#7327,1.);
#1862=VECTOR('',#7328,1.);
#1863=VECTOR('',#7329,1.);
#1864=VECTOR('',#7330,1.);
#1865=VECTOR('',#7331,1.00000000000028);
#1866=VECTOR('',#7332,1.);
#1867=VECTOR('',#7333,0.999999999999495);
#1868=VECTOR('',#7334,1.);
#1869=VECTOR('',#7335,0.999999999999401);
#1870=VECTOR('',#7336,1.);
#1871=VECTOR('',#7337,1.00000000000001);
#1872=VECTOR('',#7338,1.);
#1873=VECTOR('',#7339,1.);
#1874=VECTOR('',#7340,1.);
#1875=VECTOR('',#7341,1.);
#1876=VECTOR('',#7342,1.);
#1877=VECTOR('',#7343,1.);
#1878=VECTOR('',#7344,1.);
#1879=VECTOR('',#7345,1.);
#1880=VECTOR('',#7346,1.);
#1881=VECTOR('',#7347,1.);
#1882=VECTOR('',#7348,1.);
#1883=VECTOR('',#7349,1.);
#1884=VECTOR('',#7352,1.);
#1885=VECTOR('',#7353,1.);
#1886=VECTOR('',#7354,1.);
#1887=VECTOR('',#7363,1.);
#1888=VECTOR('',#7364,1.);
#1889=VECTOR('',#7365,10.);
#1890=VECTOR('',#7366,1.00000000000026);
#1891=VECTOR('',#7367,0.999999999999852);
#1892=VECTOR('',#7368,1.00000000000031);
#1893=VECTOR('',#7369,10.);
#1894=VECTOR('',#7380,1.);
#1895=VECTOR('',#7381,1.00000000000001);
#1896=VECTOR('',#7382,1.);
#1897=VECTOR('',#7383,0.999999999999909);
#1898=VECTOR('',#7384,1.);
#1899=VECTOR('',#7385,1.00000000000017);
#1900=VECTOR('',#7386,1.);
#1901=VECTOR('',#7387,1.00000000000028);
#1902=VECTOR('',#7388,1.);
#1903=VECTOR('',#7389,1.);
#1904=VECTOR('',#7390,1.);
#1905=VECTOR('',#7391,1.);
#1906=VECTOR('',#7392,1.);
#1907=VECTOR('',#7393,1.);
#1908=VECTOR('',#7394,1.);
#1909=VECTOR('',#7395,1.);
#1910=VECTOR('',#7396,1.);
#1911=VECTOR('',#7397,1.);
#1912=VECTOR('',#7398,1.);
#1913=VECTOR('',#7399,1.);
#1914=VECTOR('',#7400,1.00000000000018);
#1915=VECTOR('',#7401,1.);
#1916=VECTOR('',#7402,0.999999999999857);
#1917=VECTOR('',#7405,1.);
#1918=VECTOR('',#7406,0.999999999999566);
#1919=VECTOR('',#7407,1.0000000000001);
#1920=VECTOR('',#7408,1.);
#1921=VECTOR('',#7409,0.999999999999744);
#1922=VECTOR('',#7410,0.999999999999856);
#1923=VECTOR('',#7411,1.);
#1924=VECTOR('',#7412,1.);
#1925=VECTOR('',#7421,1.);
#1926=VECTOR('',#7436,1.);
#1927=VECTOR('',#7437,1.);
#1928=VECTOR('',#7438,1.);
#1929=VECTOR('',#7439,1.);
#1930=VECTOR('',#7440,1.);
#1931=VECTOR('',#7445,0.999999999999829);
#1932=VECTOR('',#7450,1.);
#1933=VECTOR('',#7451,1.);
#1934=VECTOR('',#7452,1.);
#1935=VECTOR('',#7457,1.);
#1936=VECTOR('',#7458,1.);
#1937=VECTOR('',#7459,1.);
#1938=VECTOR('',#7460,1.);
#1939=VECTOR('',#7463,1.);
#1940=VECTOR('',#7464,1.);
#1941=VECTOR('',#7465,1.);
#1942=VECTOR('',#7466,1.);
#1943=VECTOR('',#7469,1.);
#1944=VECTOR('',#7470,1.);
#1945=VECTOR('',#7471,1.);
#1946=VECTOR('',#7474,1.);
#1947=VECTOR('',#7475,1.);
#1948=VECTOR('',#7476,1.);
#1949=VECTOR('',#7479,1.);
#1950=VECTOR('',#7480,1.);
#1951=VECTOR('',#7481,1.);
#1952=VECTOR('',#7482,1.);
#1953=VECTOR('',#7483,1.);
#1954=VECTOR('',#7484,1.);
#1955=VECTOR('',#7485,1.);
#1956=VECTOR('',#7486,1.);
#1957=VECTOR('',#7487,1.);
#1958=VECTOR('',#7488,1.);
#1959=VECTOR('',#7489,1.);
#1960=VECTOR('',#7492,1.);
#1961=VECTOR('',#7493,1.);
#1962=VECTOR('',#7494,1.);
#1963=VECTOR('',#7495,1.);
#1964=VECTOR('',#7496,1.);
#1965=VECTOR('',#7497,1.);
#1966=VECTOR('',#7498,1.);
#1967=VECTOR('',#7501,1.);
#1968=VECTOR('',#7502,1.);
#1969=VECTOR('',#7503,1.);
#1970=VECTOR('',#7504,1.);
#1971=VECTOR('',#7507,1.);
#1972=VECTOR('',#7508,1.);
#1973=VECTOR('',#7509,1.);
#1974=VECTOR('',#7512,1.);
#1975=VECTOR('',#7513,1.);
#1976=VECTOR('',#7514,1.);
#1977=VECTOR('',#7515,1.);
#1978=VECTOR('',#7518,1.);
#1979=VECTOR('',#7519,1.);
#1980=VECTOR('',#7520,1.);
#1981=VECTOR('',#7521,1.);
#1982=VECTOR('',#7524,1.);
#1983=VECTOR('',#7525,1.);
#1984=VECTOR('',#7526,1.);
#1985=VECTOR('',#7529,1.);
#1986=VECTOR('',#7530,1.);
#1987=VECTOR('',#7531,1.);
#1988=VECTOR('',#7534,0.999999999999885);
#1989=VECTOR('',#7535,1.);
#1990=VECTOR('',#7538,1.);
#1991=VECTOR('',#7539,1.);
#1992=VECTOR('',#7542,1.);
#1993=VECTOR('',#7543,1.);
#1994=VECTOR('',#7546,1.);
#1995=VECTOR('',#7547,1.);
#1996=VECTOR('',#7550,1.);
#1997=VECTOR('',#7551,1.);
#1998=VECTOR('',#7554,1.);
#1999=VECTOR('',#7557,1.00000000000007);
#2000=VECTOR('',#7558,1.);
#2001=VECTOR('',#7559,1.00000000000007);
#2002=VECTOR('',#7570,1.);
#2003=VECTOR('',#7577,1.00000000000007);
#2004=VECTOR('',#7582,1.00000000000007);
#2005=VECTOR('',#7583,1.);
#2006=VECTOR('',#7586,1.0000000000004);
#2007=VECTOR('',#7587,1.0000000000004);
#2008=VECTOR('',#7590,1.);
#2009=VECTOR('',#7591,1.);
#2010=VECTOR('',#7592,1.0000000000004);
#2011=VECTOR('',#7595,1.);
#2012=VECTOR('',#7596,1.0000000000004);
#2013=VECTOR('',#7599,1.);
#2014=VECTOR('',#7600,1.);
#2015=VECTOR('',#7601,1.);
#2016=VECTOR('',#7606,1.);
#2017=VECTOR('',#7609,1.);
#2018=VECTOR('',#7610,1.);
#2019=VECTOR('',#7613,1.);
#2020=VECTOR('',#7614,1.);
#2021=VECTOR('',#7619,1.);
#2022=VECTOR('',#7622,1.);
#2023=VECTOR('',#7623,1.);
#2024=VECTOR('',#7626,0.999999999999893);
#2025=VECTOR('',#7627,1.);
#2026=VECTOR('',#7630,1.);
#2027=VECTOR('',#7631,1.);
#2028=VECTOR('',#7634,1.);
#2029=VECTOR('',#7635,1.);
#2030=VECTOR('',#7636,1.);
#2031=VECTOR('',#7643,1.);
#2032=VECTOR('',#7648,1.);
#2033=VECTOR('',#7649,1.);
#2034=VECTOR('',#7650,1.);
#2035=VECTOR('',#7653,1.);
#2036=VECTOR('',#7654,1.);
#2037=VECTOR('',#7655,1.);
#2038=VECTOR('',#7656,1.);
#2039=VECTOR('',#7659,1.);
#2040=VECTOR('',#7660,1.);
#2041=VECTOR('',#7661,1.);
#2042=VECTOR('',#7664,1.);
#2043=VECTOR('',#7665,1.);
#2044=VECTOR('',#7666,1.);
#2045=VECTOR('',#7667,1.);
#2046=VECTOR('',#7670,1.);
#2047=VECTOR('',#7671,1.);
#2048=VECTOR('',#7672,1.);
#2049=VECTOR('',#7675,1.0000000000002);
#2050=VECTOR('',#7676,1.0000000000002);
#2051=VECTOR('',#7679,1.);
#2052=VECTOR('',#7680,1.0000000000002);
#2053=VECTOR('',#7681,1.0000000000002);
#2054=VECTOR('',#7684,1.);
#2055=VECTOR('',#7685,1.);
#2056=VECTOR('',#7688,1.0000000000002);
#2057=VECTOR('',#7689,1.0000000000002);
#2058=VECTOR('',#7692,1.0000000000002);
#2059=VECTOR('',#7693,1.0000000000002);
#2060=VECTOR('',#7696,1.);
#2061=VECTOR('',#7697,1.);
#2062=VECTOR('',#7698,1.);
#2063=VECTOR('',#7705,1.);
#2064=VECTOR('',#7708,1.);
#2065=VECTOR('',#7709,1.);
#2066=VECTOR('',#7710,1.);
#2067=VECTOR('',#7711,1.);
#2068=VECTOR('',#7714,0.999999999999893);
#2069=VECTOR('',#7715,1.);
#2070=VECTOR('',#7716,0.999999999999893);
#2071=VECTOR('',#7719,1.);
#2072=VECTOR('',#7720,1.);
#2073=VECTOR('',#7721,1.);
#2074=VECTOR('',#7726,1.);
#2075=VECTOR('',#7731,1.);
#2076=VECTOR('',#7732,1.);
#2077=VECTOR('',#7733,1.);
#2078=VECTOR('',#7736,1.);
#2079=VECTOR('',#7737,1.);
#2080=VECTOR('',#7738,1.);
#2081=VECTOR('',#7745,1.);
#2082=VECTOR('',#7748,1.);
#2083=VECTOR('',#7751,1.00000000000007);
#2084=VECTOR('',#7752,1.);
#2085=VECTOR('',#7753,1.00000000000007);
#2086=VECTOR('',#7764,1.);
#2087=VECTOR('',#7771,1.00000000000007);
#2088=VECTOR('',#7776,1.00000000000007);
#2089=VECTOR('',#7777,1.);
#2090=VECTOR('',#7780,1.0000000000004);
#2091=VECTOR('',#7781,1.);
#2092=VECTOR('',#7782,1.0000000000004);
#2093=VECTOR('',#7785,1.);
#2094=VECTOR('',#7786,1.);
#2095=VECTOR('',#7787,1.);
#2096=VECTOR('',#7788,1.0000000000004);
#2097=VECTOR('',#7791,1.);
#2098=VECTOR('',#7792,1.0000000000004);
#2099=VECTOR('',#7795,1.);
#2100=VECTOR('',#7796,1.);
#2101=VECTOR('',#7797,1.);
#2102=VECTOR('',#7798,1.);
#2103=VECTOR('',#7801,1.);
#2104=VECTOR('',#7802,1.);
#2105=VECTOR('',#7803,1.);
#2106=VECTOR('',#7806,1.);
#2107=VECTOR('',#7807,1.);
#2108=VECTOR('',#7808,1.);
#2109=VECTOR('',#7811,1.);
#2110=VECTOR('',#7812,1.);
#2111=VECTOR('',#7813,1.);
#2112=VECTOR('',#7816,1.);
#2113=VECTOR('',#7817,1.);
#2114=VECTOR('',#7818,1.);
#2115=VECTOR('',#7821,0.999999999999885);
#2116=VECTOR('',#7822,1.);
#2117=VECTOR('',#7823,0.999999999999885);
#2118=VECTOR('',#7826,1.);
#2119=VECTOR('',#7827,1.);
#2120=VECTOR('',#7828,1.);
#2121=VECTOR('',#7831,1.);
#2122=VECTOR('',#7832,1.);
#2123=VECTOR('',#7835,1.);
#2124=VECTOR('',#7836,1.);
#2125=VECTOR('',#7839,1.);
#2126=VECTOR('',#7840,1.);
#2127=VECTOR('',#7841,1.);
#2128=VECTOR('',#7854,1.);
#2129=VECTOR('',#7855,1.);
#2130=VECTOR('',#7856,1.);
#2131=VECTOR('',#7857,1.);
#2132=VECTOR('',#7860,1.);
#2133=VECTOR('',#7861,1.);
#2134=VECTOR('',#7872,1.);
#2135=VECTOR('',#7877,1.);
#2136=VECTOR('',#7878,1.);
#2137=VECTOR('',#7879,1.);
#2138=VECTOR('',#7880,1.);
#2139=VECTOR('',#7881,1.);
#2140=VECTOR('',#7886,1.);
#2141=VECTOR('',#7887,1.);
#2142=VECTOR('',#7888,1.);
#2143=VECTOR('',#7889,1.);
#2144=VECTOR('',#7890,1.);
#2145=VECTOR('',#7891,1.);
#2146=VECTOR('',#7896,1.);
#2147=VECTOR('',#7897,1.);
#2148=VECTOR('',#7898,1.);
#2149=VECTOR('',#7899,1.);
#2150=VECTOR('',#7900,1.);
#2151=VECTOR('',#7901,1.);
#2152=VECTOR('',#7906,1.);
#2153=VECTOR('',#7907,1.);
#2154=VECTOR('',#7908,1.);
#2155=VECTOR('',#7911,1.);
#2156=VECTOR('',#7914,10.);
#2157=VECTOR('',#7927,1.);
#2158=VECTOR('',#7932,1.);
#2159=VECTOR('',#7939,1.);
#2160=VECTOR('',#7944,0.469899995505);
#2161=VECTOR('',#7959,0.469899995505);
#2162=VECTOR('',#7976,0.469899995505);
#2163=VECTOR('',#7989,0.469899995505);
#2164=VECTOR('',#8022,1.752599983235);
#2165=VECTOR('',#8027,1.);
#2166=VECTOR('',#8028,1.);
#2167=VECTOR('',#8031,1.);
#2168=VECTOR('',#8032,1.);
#2169=VECTOR('',#8035,1.);
#2170=VECTOR('',#8040,1.);
#2171=VECTOR('',#8045,1.);
#2172=VECTOR('',#8058,1.);
#2173=VECTOR('',#8059,1.);
#2174=VECTOR('',#8060,1.);
#2175=VECTOR('',#8063,1.);
#2176=VECTOR('',#8064,1.);
#2177=VECTOR('',#8067,1.);
#2178=VECTOR('',#8068,1.);
#2179=VECTOR('',#8071,1.);
#2180=VECTOR('',#8072,1.);
#2181=VECTOR('',#8075,1.);
#2182=VECTOR('',#8076,1.);
#2183=VECTOR('',#8079,1.);
#2184=VECTOR('',#8082,1.);
#2185=VECTOR('',#8083,1.);
#2186=VECTOR('',#8086,1.);
#2187=VECTOR('',#8087,1.);
#2188=VECTOR('',#8088,1.);
#2189=VECTOR('',#8091,1.);
#2190=VECTOR('',#8094,1.);
#2191=VECTOR('',#8095,1.);
#2192=VECTOR('',#8096,1.);
#2193=VECTOR('',#8097,1.);
#2194=VECTOR('',#8100,1.);
#2195=VECTOR('',#8101,1.);
#2196=VECTOR('',#8102,1.);
#2197=VECTOR('',#8105,1.);
#2198=VECTOR('',#8106,1.);
#2199=VECTOR('',#8107,1.);
#2200=VECTOR('',#8114,1.);
#2201=VECTOR('',#8115,1.);
#2202=VECTOR('',#8116,1.);
#2203=VECTOR('',#8119,1.);
#2204=VECTOR('',#8120,1.);
#2205=VECTOR('',#8123,1.);
#2206=VECTOR('',#8124,1.);
#2207=VECTOR('',#8127,1.);
#2208=VECTOR('',#8128,1.);
#2209=VECTOR('',#8131,1.);
#2210=VECTOR('',#8132,1.);
#2211=VECTOR('',#8135,1.);
#2212=VECTOR('',#8136,1.);
#2213=VECTOR('',#8139,1.);
#2214=VECTOR('',#8140,1.);
#2215=VECTOR('',#8143,1.);
#2216=VECTOR('',#8144,1.);
#2217=VECTOR('',#8147,1.);
#2218=VECTOR('',#8148,1.);
#2219=VECTOR('',#8151,1.);
#2220=VECTOR('',#8152,1.);
#2221=VECTOR('',#8155,1.);
#2222=VECTOR('',#8156,1.);
#2223=VECTOR('',#8159,1.);
#2224=VECTOR('',#8164,1.);
#2225=VECTOR('',#8169,1.);
#2226=VECTOR('',#8170,1.);
#2227=VECTOR('',#8171,1.);
#2228=VECTOR('',#8172,1.);
#2229=VECTOR('',#8181,1.);
#2230=VECTOR('',#8184,1.);
#2231=VECTOR('',#8185,1.);
#2232=VECTOR('',#8186,1.);
#2233=VECTOR('',#8187,1.);
#2234=VECTOR('',#8188,1.);
#2235=VECTOR('',#8189,1.);
#2236=VECTOR('',#8192,1.);
#2237=VECTOR('',#8197,1.);
#2238=VECTOR('',#8198,1.);
#2239=VECTOR('',#8199,1.);
#2240=VECTOR('',#8202,1.);
#2241=VECTOR('',#8203,1.);
#2242=VECTOR('',#8206,1.);
#2243=VECTOR('',#8207,1.);
#2244=VECTOR('',#8210,1.);
#2245=VECTOR('',#8213,1.);
#2246=VECTOR('',#8216,1.);
#2247=VECTOR('',#8223,1.00000000000028);
#2248=VECTOR('',#8224,1.);
#2249=VECTOR('',#8225,1.00000000000001);
#2250=VECTOR('',#8226,1.);
#2251=VECTOR('',#8227,0.999999999999401);
#2252=VECTOR('',#8228,1.);
#2253=VECTOR('',#8229,0.999999999999495);
#2254=VECTOR('',#8230,1.);
#2255=VECTOR('',#8231,1.);
#2256=VECTOR('',#8232,0.999999999999896);
#2257=VECTOR('',#8233,1.);
#2258=VECTOR('',#8234,1.00000000000017);
#2259=VECTOR('',#8237,1.);
#2260=VECTOR('',#8238,1.);
#2261=VECTOR('',#8241,1.);
#2262=VECTOR('',#8244,1.);
#2263=VECTOR('',#8247,1.);
#2264=VECTOR('',#8250,1.);
#2265=VECTOR('',#8253,1.);
#2266=VECTOR('',#8256,1.);
#2267=VECTOR('',#8261,1.);
#2268=VECTOR('',#8262,1.);
#2269=VECTOR('',#8263,1.);
#2270=VECTOR('',#8266,1.00000000000017);
#2271=VECTOR('',#8267,1.);
#2272=VECTOR('',#8268,1.);
#2273=VECTOR('',#8271,1.);
#2274=VECTOR('',#8272,1.);
#2275=VECTOR('',#8273,1.);
#2276=VECTOR('',#8276,0.999999999999896);
#2277=VECTOR('',#8281,1.);
#2278=VECTOR('',#8282,1.);
#2279=VECTOR('',#8283,1.);
#2280=VECTOR('',#8286,1.);
#2281=VECTOR('',#8287,1.);
#2282=VECTOR('',#8290,1.);
#2283=VECTOR('',#8291,1.);
#2284=VECTOR('',#8294,1.);
#2285=VECTOR('',#8295,1.);
#2286=VECTOR('',#8298,1.);
#2287=VECTOR('',#8299,1.);
#2288=VECTOR('',#8302,1.);
#2289=VECTOR('',#8303,1.);
#2290=VECTOR('',#8306,1.);
#2291=VECTOR('',#8307,1.);
#2292=VECTOR('',#8310,1.);
#2293=VECTOR('',#8311,1.);
#2294=VECTOR('',#8314,1.);
#2295=VECTOR('',#8315,1.);
#2296=VECTOR('',#8318,1.);
#2297=VECTOR('',#8319,1.);
#2298=VECTOR('',#8322,1.);
#2299=VECTOR('',#8323,1.);
#2300=VECTOR('',#8326,1.);
#2301=VECTOR('',#8331,1.);
#2302=VECTOR('',#8334,0.999999999999829);
#2303=VECTOR('',#8339,1.);
#2304=VECTOR('',#8340,1.);
#2305=VECTOR('',#8341,1.);
#2306=VECTOR('',#8342,1.);
#2307=VECTOR('',#8345,1.00000000000024);
#2308=VECTOR('',#8346,1.);
#2309=VECTOR('',#8351,1.);
#2310=VECTOR('',#8352,1.);
#2311=VECTOR('',#8355,1.);
#2312=VECTOR('',#8356,1.);
#2313=VECTOR('',#8357,1.);
#2314=VECTOR('',#8360,1.);
#2315=VECTOR('',#8361,1.);
#2316=VECTOR('',#8362,1.);
#2317=VECTOR('',#8363,1.);
#2318=VECTOR('',#8364,1.);
#2319=VECTOR('',#8367,1.);
#2320=VECTOR('',#8370,1.);
#2321=VECTOR('',#8373,1.);
#2322=VECTOR('',#8376,1.);
#2323=VECTOR('',#8377,1.);
#2324=VECTOR('',#8378,1.);
#2325=VECTOR('',#8381,1.);
#2326=VECTOR('',#8382,1.);
#2327=VECTOR('',#8385,1.);
#2328=VECTOR('',#8388,1.);
#2329=VECTOR('',#8389,1.);
#2330=VECTOR('',#8392,1.);
#2331=VECTOR('',#8393,1.);
#2332=VECTOR('',#8396,1.00000000000024);
#2333=VECTOR('',#8399,1.);
#2334=VECTOR('',#8400,1.);
#2335=VECTOR('',#8403,1.);
#2336=VECTOR('',#8404,1.);
#2337=VECTOR('',#8405,1.);
#2338=VECTOR('',#8408,1.);
#2339=VECTOR('',#8411,1.);
#2340=VECTOR('',#8414,1.);
#2341=VECTOR('',#8417,1.);
#2342=VECTOR('',#8420,1.);
#2343=VECTOR('',#8423,1.);
#2344=VECTOR('',#8424,1.);
#2345=VECTOR('',#8427,1.);
#2346=VECTOR('',#8428,1.);
#2347=VECTOR('',#8431,1.);
#2348=VECTOR('',#8432,1.);
#2349=VECTOR('',#8433,1.);
#2350=VECTOR('',#8434,1.);
#2351=VECTOR('',#8435,1.);
#2352=VECTOR('',#8436,1.);
#2353=VECTOR('',#8439,1.);
#2354=VECTOR('',#8442,1.);
#2355=VECTOR('',#8445,1.);
#2356=VECTOR('',#8452,1.);
#2357=VECTOR('',#8453,1.);
#2358=VECTOR('',#8454,1.);
#2359=VECTOR('',#8457,1.);
#2360=VECTOR('',#8458,1.00000000000018);
#2361=VECTOR('',#8459,1.);
#2362=VECTOR('',#8462,1.);
#2363=VECTOR('',#8463,1.);
#2364=VECTOR('',#8466,1.);
#2365=VECTOR('',#8467,0.999999999999856);
#2366=VECTOR('',#8470,1.);
#2367=VECTOR('',#8471,0.999999999999744);
#2368=VECTOR('',#8474,1.);
#2369=VECTOR('',#8475,1.);
#2370=VECTOR('',#8478,1.);
#2371=VECTOR('',#8479,1.0000000000001);
#2372=VECTOR('',#8482,1.);
#2373=VECTOR('',#8483,0.999999999999566);
#2374=VECTOR('',#8484,1.);
#2375=VECTOR('',#8485,1.);
#2376=VECTOR('',#8488,1.);
#2377=VECTOR('',#8489,1.);
#2378=VECTOR('',#8490,1.);
#2379=VECTOR('',#8493,1.);
#2380=VECTOR('',#8496,0.999999999999857);
#2381=VECTOR('',#8501,1.);
#2382=VECTOR('',#8502,1.);
#2383=VECTOR('',#8503,1.);
#2384=VECTOR('',#8506,1.);
#2385=VECTOR('',#8507,1.);
#2386=VECTOR('',#8510,1.);
#2387=VECTOR('',#8511,1.);
#2388=VECTOR('',#8514,1.);
#2389=VECTOR('',#8515,1.);
#2390=VECTOR('',#8518,1.);
#2391=VECTOR('',#8519,1.);
#2392=VECTOR('',#8522,1.);
#2393=VECTOR('',#8523,1.);
#2394=VECTOR('',#8526,1.);
#2395=VECTOR('',#8527,1.);
#2396=VECTOR('',#8530,1.);
#2397=VECTOR('',#8531,1.);
#2398=VECTOR('',#8534,1.);
#2399=VECTOR('',#8535,1.);
#2400=VECTOR('',#8538,1.);
#2401=VECTOR('',#8539,1.);
#2402=VECTOR('',#8542,1.);
#2403=VECTOR('',#8543,1.);
#2404=VECTOR('',#8546,1.);
#2405=VECTOR('',#8551,1.);
#2406=VECTOR('',#8556,1.);
#2407=VECTOR('',#8557,1.);
#2408=VECTOR('',#8558,1.);
#2409=VECTOR('',#8559,1.);
#2410=VECTOR('',#8568,1.);
#2411=VECTOR('',#8571,1.);
#2412=VECTOR('',#8572,1.);
#2413=VECTOR('',#8573,1.);
#2414=VECTOR('',#8574,1.);
#2415=VECTOR('',#8575,1.);
#2416=VECTOR('',#8576,1.);
#2417=VECTOR('',#8579,1.);
#2418=VECTOR('',#8584,1.);
#2419=VECTOR('',#8585,1.);
#2420=VECTOR('',#8586,1.);
#2421=VECTOR('',#8589,1.);
#2422=VECTOR('',#8590,1.);
#2423=VECTOR('',#8593,1.);
#2424=VECTOR('',#8594,1.);
#2425=VECTOR('',#8597,1.);
#2426=VECTOR('',#8600,1.);
#2427=VECTOR('',#8603,1.);
#2428=VECTOR('',#8610,1.00000000000001);
#2429=VECTOR('',#8611,1.);
#2430=VECTOR('',#8612,1.00000000000028);
#2431=VECTOR('',#8613,1.);
#2432=VECTOR('',#8614,1.00000000000017);
#2433=VECTOR('',#8615,1.);
#2434=VECTOR('',#8616,0.999999999999909);
#2435=VECTOR('',#8617,1.);
#2436=VECTOR('',#8618,1.);
#2437=VECTOR('',#8619,1.00000000000039);
#2438=VECTOR('',#8620,1.);
#2439=VECTOR('',#8621,1.00000000000009);
#2440=VECTOR('',#8624,1.);
#2441=VECTOR('',#8625,1.);
#2442=VECTOR('',#8628,1.);
#2443=VECTOR('',#8631,1.);
#2444=VECTOR('',#8634,1.);
#2445=VECTOR('',#8637,1.);
#2446=VECTOR('',#8640,1.);
#2447=VECTOR('',#8643,1.);
#2448=VECTOR('',#8648,1.);
#2449=VECTOR('',#8649,1.);
#2450=VECTOR('',#8650,1.);
#2451=VECTOR('',#8653,1.00000000000009);
#2452=VECTOR('',#8654,1.);
#2453=VECTOR('',#8655,1.);
#2454=VECTOR('',#8658,1.);
#2455=VECTOR('',#8659,1.);
#2456=VECTOR('',#8660,1.);
#2457=VECTOR('',#8663,1.00000000000039);
#2458=VECTOR('',#8680,10.);
#2459=VECTOR('',#8681,1.00000000000031);
#2460=VECTOR('',#8682,0.999999999999852);
#2461=VECTOR('',#8683,1.00000000000026);
#2462=VECTOR('',#8684,10.);
#2463=VECTOR('',#8685,1.);
#2464=VECTOR('',#8686,1.);
#2465=VECTOR('',#8691,1.);
#2466=VECTOR('',#8692,1.);
#2467=VECTOR('',#8693,1.);
#2468=VECTOR('',#8694,1.);
#2469=VECTOR('',#8695,1.);
#2470=VECTOR('',#8696,1.);
#2471=VECTOR('',#8697,1.);
#2472=VECTOR('',#8698,1.);
#2473=VECTOR('',#8699,1.);
#2474=VECTOR('',#8700,1.);
#2475=VECTOR('',#8701,1.);
#2476=VECTOR('',#8702,1.);
#2477=VECTOR('',#8703,1.);
#2478=VECTOR('',#8706,1.);
#2479=VECTOR('',#8709,1.);
#2480=VECTOR('',#8712,1.);
#2481=VECTOR('',#8715,1.);
#2482=VECTOR('',#8716,1.);
#2483=VECTOR('',#8717,1.);
#2484=VECTOR('',#8718,1.);
#2485=VECTOR('',#8719,1.);
#2486=VECTOR('',#8720,1.);
#2487=VECTOR('',#8721,1.);
#2488=VECTOR('',#8722,1.);
#2489=VECTOR('',#8725,1.);
#2490=VECTOR('',#8726,1.);
#2491=VECTOR('',#8727,1.);
#2492=VECTOR('',#8730,1.);
#2493=VECTOR('',#8731,1.);
#2494=VECTOR('',#8732,1.);
#2495=VECTOR('',#8733,1.);
#2496=VECTOR('',#8736,1.);
#2497=VECTOR('',#8737,1.);
#2498=VECTOR('',#8738,1.);
#2499=VECTOR('',#8739,1.);
#2500=VERTEX_POINT('',#8747);
#2501=VERTEX_POINT('',#8748);
#2502=VERTEX_POINT('',#8750);
#2503=VERTEX_POINT('',#8752);
#2504=VERTEX_POINT('',#8754);
#2505=VERTEX_POINT('',#8756);
#2506=VERTEX_POINT('',#8758);
#2507=VERTEX_POINT('',#8760);
#2508=VERTEX_POINT('',#8762);
#2509=VERTEX_POINT('',#8764);
#2510=VERTEX_POINT('',#8766);
#2511=VERTEX_POINT('',#8768);
#2512=VERTEX_POINT('',#8770);
#2513=VERTEX_POINT('',#8772);
#2514=VERTEX_POINT('',#8774);
#2515=VERTEX_POINT('',#8776);
#2516=VERTEX_POINT('',#8778);
#2517=VERTEX_POINT('',#8780);
#2518=VERTEX_POINT('',#8782);
#2519=VERTEX_POINT('',#8784);
#2520=VERTEX_POINT('',#8786);
#2521=VERTEX_POINT('',#8789);
#2522=VERTEX_POINT('',#8790);
#2523=VERTEX_POINT('',#8792);
#2524=VERTEX_POINT('',#8794);
#2525=VERTEX_POINT('',#8796);
#2526=VERTEX_POINT('',#8798);
#2527=VERTEX_POINT('',#8801);
#2528=VERTEX_POINT('',#8802);
#2529=VERTEX_POINT('',#8804);
#2530=VERTEX_POINT('',#8809);
#2531=VERTEX_POINT('',#8814);
#2532=VERTEX_POINT('',#8816);
#2533=VERTEX_POINT('',#8821);
#2534=VERTEX_POINT('',#8826);
#2535=VERTEX_POINT('',#8828);
#2536=VERTEX_POINT('',#8830);
#2537=VERTEX_POINT('',#8835);
#2538=VERTEX_POINT('',#8840);
#2539=VERTEX_POINT('',#8845);
#2540=VERTEX_POINT('',#8850);
#2541=VERTEX_POINT('',#8853);
#2542=VERTEX_POINT('',#8854);
#2543=VERTEX_POINT('',#8856);
#2544=VERTEX_POINT('',#8858);
#2545=VERTEX_POINT('',#8860);
#2546=VERTEX_POINT('',#8862);
#2547=VERTEX_POINT('',#8864);
#2548=VERTEX_POINT('',#8866);
#2549=VERTEX_POINT('',#8868);
#2550=VERTEX_POINT('',#8870);
#2551=VERTEX_POINT('',#8872);
#2552=VERTEX_POINT('',#8874);
#2553=VERTEX_POINT('',#8877);
#2554=VERTEX_POINT('',#8878);
#2555=VERTEX_POINT('',#8880);
#2556=VERTEX_POINT('',#8882);
#2557=VERTEX_POINT('',#8884);
#2558=VERTEX_POINT('',#8886);
#2559=VERTEX_POINT('',#8888);
#2560=VERTEX_POINT('',#8890);
#2561=VERTEX_POINT('',#8893);
#2562=VERTEX_POINT('',#8894);
#2563=VERTEX_POINT('',#8896);
#2564=VERTEX_POINT('',#8898);
#2565=VERTEX_POINT('',#8900);
#2566=VERTEX_POINT('',#8902);
#2567=VERTEX_POINT('',#8904);
#2568=VERTEX_POINT('',#8906);
#2569=VERTEX_POINT('',#8908);
#2570=VERTEX_POINT('',#8910);
#2571=VERTEX_POINT('',#8912);
#2572=VERTEX_POINT('',#8914);
#2573=VERTEX_POINT('',#8917);
#2574=VERTEX_POINT('',#8918);
#2575=VERTEX_POINT('',#8920);
#2576=VERTEX_POINT('',#8922);
#2577=VERTEX_POINT('',#8924);
#2578=VERTEX_POINT('',#8926);
#2579=VERTEX_POINT('',#8931);
#2580=VERTEX_POINT('',#8937);
#2581=VERTEX_POINT('',#8938);
#2582=VERTEX_POINT('',#8940);
#2583=VERTEX_POINT('',#8945);
#2584=VERTEX_POINT('',#8947);
#2585=VERTEX_POINT('',#8949);
#2586=VERTEX_POINT('',#8951);
#2587=VERTEX_POINT('',#8956);
#2588=VERTEX_POINT('',#8961);
#2589=VERTEX_POINT('',#8966);
#2590=VERTEX_POINT('',#8968);
#2591=VERTEX_POINT('',#8973);
#2592=VERTEX_POINT('',#8978);
#2593=VERTEX_POINT('',#8980);
#2594=VERTEX_POINT('',#8985);
#2595=VERTEX_POINT('',#8990);
#2596=VERTEX_POINT('',#8995);
#2597=VERTEX_POINT('',#9000);
#2598=VERTEX_POINT('',#9005);
#2599=VERTEX_POINT('',#9010);
#2600=VERTEX_POINT('',#9015);
#2601=VERTEX_POINT('',#9017);
#2602=VERTEX_POINT('',#9019);
#2603=VERTEX_POINT('',#9021);
#2604=VERTEX_POINT('',#9023);
#2605=VERTEX_POINT('',#9028);
#2606=VERTEX_POINT('',#9033);
#2607=VERTEX_POINT('',#9035);
#2608=VERTEX_POINT('',#9037);
#2609=VERTEX_POINT('',#9039);
#2610=VERTEX_POINT('',#9041);
#2611=VERTEX_POINT('',#9046);
#2612=VERTEX_POINT('',#9051);
#2613=VERTEX_POINT('',#9057);
#2614=VERTEX_POINT('',#9058);
#2615=VERTEX_POINT('',#9060);
#2616=VERTEX_POINT('',#9062);
#2617=VERTEX_POINT('',#9064);
#2618=VERTEX_POINT('',#9066);
#2619=VERTEX_POINT('',#9068);
#2620=VERTEX_POINT('',#9070);
#2621=VERTEX_POINT('',#9073);
#2622=VERTEX_POINT('',#9074);
#2623=VERTEX_POINT('',#9076);
#2624=VERTEX_POINT('',#9078);
#2625=VERTEX_POINT('',#9080);
#2626=VERTEX_POINT('',#9082);
#2627=VERTEX_POINT('',#9084);
#2628=VERTEX_POINT('',#9086);
#2629=VERTEX_POINT('',#9088);
#2630=VERTEX_POINT('',#9090);
#2631=VERTEX_POINT('',#9092);
#2632=VERTEX_POINT('',#9094);
#2633=VERTEX_POINT('',#9097);
#2634=VERTEX_POINT('',#9098);
#2635=VERTEX_POINT('',#9100);
#2636=VERTEX_POINT('',#9102);
#2637=VERTEX_POINT('',#9104);
#2638=VERTEX_POINT('',#9109);
#2639=VERTEX_POINT('',#9111);
#2640=VERTEX_POINT('',#9113);
#2641=VERTEX_POINT('',#9118);
#2642=VERTEX_POINT('',#9123);
#2643=VERTEX_POINT('',#9125);
#2644=VERTEX_POINT('',#9127);
#2645=VERTEX_POINT('',#9129);
#2646=VERTEX_POINT('',#9131);
#2647=VERTEX_POINT('',#9133);
#2648=VERTEX_POINT('',#9139);
#2649=VERTEX_POINT('',#9140);
#2650=VERTEX_POINT('',#9142);
#2651=VERTEX_POINT('',#9147);
#2652=VERTEX_POINT('',#9149);
#2653=VERTEX_POINT('',#9154);
#2654=VERTEX_POINT('',#9156);
#2655=VERTEX_POINT('',#9158);
#2656=VERTEX_POINT('',#9160);
#2657=VERTEX_POINT('',#9165);
#2658=VERTEX_POINT('',#9170);
#2659=VERTEX_POINT('',#9175);
#2660=VERTEX_POINT('',#9177);
#2661=VERTEX_POINT('',#9182);
#2662=VERTEX_POINT('',#9187);
#2663=VERTEX_POINT('',#9189);
#2664=VERTEX_POINT('',#9194);
#2665=VERTEX_POINT('',#9196);
#2666=VERTEX_POINT('',#9198);
#2667=VERTEX_POINT('',#9200);
#2668=VERTEX_POINT('',#9202);
#2669=VERTEX_POINT('',#9205);
#2670=VERTEX_POINT('',#9206);
#2671=VERTEX_POINT('',#9208);
#2672=VERTEX_POINT('',#9213);
#2673=VERTEX_POINT('',#9218);
#2674=VERTEX_POINT('',#9220);
#2675=VERTEX_POINT('',#9222);
#2676=VERTEX_POINT('',#9224);
#2677=VERTEX_POINT('',#9226);
#2678=VERTEX_POINT('',#9228);
#2679=VERTEX_POINT('',#9230);
#2680=VERTEX_POINT('',#9235);
#2681=VERTEX_POINT('',#9240);
#2682=VERTEX_POINT('',#9242);
#2683=VERTEX_POINT('',#9248);
#2684=VERTEX_POINT('',#9249);
#2685=VERTEX_POINT('',#9251);
#2686=VERTEX_POINT('',#9253);
#2687=VERTEX_POINT('',#9255);
#2688=VERTEX_POINT('',#9257);
#2689=VERTEX_POINT('',#9262);
#2690=VERTEX_POINT('',#9269);
#2691=VERTEX_POINT('',#9270);
#2692=VERTEX_POINT('',#9272);
#2693=VERTEX_POINT('',#9274);
#2694=VERTEX_POINT('',#9278);
#2695=VERTEX_POINT('',#9279);
#2696=VERTEX_POINT('',#9281);
#2697=VERTEX_POINT('',#9283);
#2698=VERTEX_POINT('',#9287);
#2699=VERTEX_POINT('',#9288);
#2700=VERTEX_POINT('',#9293);
#2701=VERTEX_POINT('',#9294);
#2702=VERTEX_POINT('',#9299);
#2703=VERTEX_POINT('',#9300);
#2704=VERTEX_POINT('',#9304);
#2705=VERTEX_POINT('',#9305);
#2706=VERTEX_POINT('',#9307);
#2707=VERTEX_POINT('',#9309);
#2708=VERTEX_POINT('',#9312);
#2709=VERTEX_POINT('',#9313);
#2710=VERTEX_POINT('',#9315);
#2711=VERTEX_POINT('',#9317);
#2712=VERTEX_POINT('',#9321);
#2713=VERTEX_POINT('',#9322);
#2714=VERTEX_POINT('',#9324);
#2715=VERTEX_POINT('',#9326);
#2716=VERTEX_POINT('',#9329);
#2717=VERTEX_POINT('',#9331);
#2718=VERTEX_POINT('',#9335);
#2719=VERTEX_POINT('',#9336);
#2720=VERTEX_POINT('',#9338);
#2721=VERTEX_POINT('',#9340);
#2722=VERTEX_POINT('',#9344);
#2723=VERTEX_POINT('',#9346);
#2724=VERTEX_POINT('',#9350);
#2725=VERTEX_POINT('',#9351);
#2726=VERTEX_POINT('',#9353);
#2727=VERTEX_POINT('',#9355);
#2728=VERTEX_POINT('',#9359);
#2729=VERTEX_POINT('',#9360);
#2730=VERTEX_POINT('',#9362);
#2731=VERTEX_POINT('',#9364);
#2732=VERTEX_POINT('',#9368);
#2733=VERTEX_POINT('',#9370);
#2734=VERTEX_POINT('',#9374);
#2735=VERTEX_POINT('',#9376);
#2736=VERTEX_POINT('',#9380);
#2737=VERTEX_POINT('',#9384);
#2738=VERTEX_POINT('',#9388);
#2739=VERTEX_POINT('',#9392);
#2740=VERTEX_POINT('',#9396);
#2741=VERTEX_POINT('',#9400);
#2742=VERTEX_POINT('',#9401);
#2743=VERTEX_POINT('',#9403);
#2744=VERTEX_POINT('',#9405);
#2745=VERTEX_POINT('',#9407);
#2746=VERTEX_POINT('',#9409);
#2747=VERTEX_POINT('',#9413);
#2748=VERTEX_POINT('',#9417);
#2749=VERTEX_POINT('',#9418);
#2750=VERTEX_POINT('',#9420);
#2751=VERTEX_POINT('',#9424);
#2752=VERTEX_POINT('',#9425);
#2753=VERTEX_POINT('',#9428);
#2754=VERTEX_POINT('',#9430);
#2755=VERTEX_POINT('',#9438);
#2756=VERTEX_POINT('',#9442);
#2757=VERTEX_POINT('',#9447);
#2758=VERTEX_POINT('',#9451);
#2759=VERTEX_POINT('',#9455);
#2760=VERTEX_POINT('',#9459);
#2761=VERTEX_POINT('',#9463);
#2762=VERTEX_POINT('',#9467);
#2763=VERTEX_POINT('',#9471);
#2764=VERTEX_POINT('',#9475);
#2765=VERTEX_POINT('',#9479);
#2766=VERTEX_POINT('',#9480);
#2767=VERTEX_POINT('',#9482);
#2768=VERTEX_POINT('',#9487);
#2769=VERTEX_POINT('',#9500);
#2770=VERTEX_POINT('',#9502);
#2771=VERTEX_POINT('',#9506);
#2772=VERTEX_POINT('',#9508);
#2773=VERTEX_POINT('',#9512);
#2774=VERTEX_POINT('',#9513);
#2775=VERTEX_POINT('',#9515);
#2776=VERTEX_POINT('',#9517);
#2777=VERTEX_POINT('',#9521);
#2778=VERTEX_POINT('',#9523);
#2779=VERTEX_POINT('',#9527);
#2780=VERTEX_POINT('',#9528);
#2781=VERTEX_POINT('',#9530);
#2782=VERTEX_POINT('',#9532);
#2783=VERTEX_POINT('',#9536);
#2784=VERTEX_POINT('',#9538);
#2785=VERTEX_POINT('',#9545);
#2786=VERTEX_POINT('',#9550);
#2787=VERTEX_POINT('',#9560);
#2788=VERTEX_POINT('',#9562);
#2789=VERTEX_POINT('',#9566);
#2790=VERTEX_POINT('',#9567);
#2791=VERTEX_POINT('',#9581);
#2792=VERTEX_POINT('',#9585);
#2793=VERTEX_POINT('',#9586);
#2794=VERTEX_POINT('',#9588);
#2795=VERTEX_POINT('',#9590);
#2796=VERTEX_POINT('',#9594);
#2797=VERTEX_POINT('',#9596);
#2798=VERTEX_POINT('',#9600);
#2799=VERTEX_POINT('',#9602);
#2800=VERTEX_POINT('',#9606);
#2801=VERTEX_POINT('',#9608);
#2802=VERTEX_POINT('',#9612);
#2803=VERTEX_POINT('',#9614);
#2804=VERTEX_POINT('',#9618);
#2805=VERTEX_POINT('',#9620);
#2806=VERTEX_POINT('',#9624);
#2807=VERTEX_POINT('',#9626);
#2808=VERTEX_POINT('',#9630);
#2809=VERTEX_POINT('',#9631);
#2810=VERTEX_POINT('',#9633);
#2811=VERTEX_POINT('',#9635);
#2812=VERTEX_POINT('',#9637);
#2813=VERTEX_POINT('',#9639);
#2814=VERTEX_POINT('',#9643);
#2815=VERTEX_POINT('',#9647);
#2816=VERTEX_POINT('',#9648);
#2817=VERTEX_POINT('',#9650);
#2818=VERTEX_POINT('',#9654);
#2819=VERTEX_POINT('',#9655);
#2820=VERTEX_POINT('',#9658);
#2821=VERTEX_POINT('',#9660);
#2822=VERTEX_POINT('',#9664);
#2823=VERTEX_POINT('',#9666);
#2824=VERTEX_POINT('',#9672);
#2825=VERTEX_POINT('',#9676);
#2826=VERTEX_POINT('',#9681);
#2827=VERTEX_POINT('',#9683);
#2828=VERTEX_POINT('',#9687);
#2829=VERTEX_POINT('',#9689);
#2830=VERTEX_POINT('',#9693);
#2831=VERTEX_POINT('',#9695);
#2832=VERTEX_POINT('',#9699);
#2833=VERTEX_POINT('',#9701);
#2834=VERTEX_POINT('',#9705);
#2835=VERTEX_POINT('',#9707);
#2836=VERTEX_POINT('',#9711);
#2837=VERTEX_POINT('',#9713);
#2838=VERTEX_POINT('',#9717);
#2839=VERTEX_POINT('',#9719);
#2840=VERTEX_POINT('',#9723);
#2841=VERTEX_POINT('',#9724);
#2842=VERTEX_POINT('',#9726);
#2843=VERTEX_POINT('',#9729);
#2844=VERTEX_POINT('',#9733);
#2845=VERTEX_POINT('',#9735);
#2846=VERTEX_POINT('',#9737);
#2847=VERTEX_POINT('',#9757);
#2848=VERTEX_POINT('',#9759);
#2849=VERTEX_POINT('',#9761);
#2850=VERTEX_POINT('',#9765);
#2851=VERTEX_POINT('',#9767);
#2852=VERTEX_POINT('',#9771);
#2853=VERTEX_POINT('',#9792);
#2854=VERTEX_POINT('',#9797);
#2855=VERTEX_POINT('',#9799);
#2856=VERTEX_POINT('',#9803);
#2857=VERTEX_POINT('',#9804);
#2858=VERTEX_POINT('',#9811);
#2859=VERTEX_POINT('',#9814);
#2860=VERTEX_POINT('',#9817);
#2861=VERTEX_POINT('',#9821);
#2862=VERTEX_POINT('',#9823);
#2863=VERTEX_POINT('',#9829);
#2864=VERTEX_POINT('',#9856);
#2865=VERTEX_POINT('',#9873);
#2866=VERTEX_POINT('',#9874);
#2867=VERTEX_POINT('',#9876);
#2868=VERTEX_POINT('',#9881);
#2869=VERTEX_POINT('',#9885);
#2870=VERTEX_POINT('',#9886);
#2871=VERTEX_POINT('',#9888);
#2872=VERTEX_POINT('',#9893);
#2873=VERTEX_POINT('',#9897);
#2874=VERTEX_POINT('',#9898);
#2875=VERTEX_POINT('',#9901);
#2876=VERTEX_POINT('',#9905);
#2877=VERTEX_POINT('',#9909);
#2878=VERTEX_POINT('',#9910);
#2879=VERTEX_POINT('',#9912);
#2880=VERTEX_POINT('',#9917);
#2881=VERTEX_POINT('',#9925);
#2882=VERTEX_POINT('',#9928);
#2883=VERTEX_POINT('',#9932);
#2884=VERTEX_POINT('',#9937);
#2885=VERTEX_POINT('',#9941);
#2886=VERTEX_POINT('',#9958);
#2887=VERTEX_POINT('',#9960);
#2888=VERTEX_POINT('',#9964);
#2889=VERTEX_POINT('',#9968);
#2890=VERTEX_POINT('',#9972);
#2891=VERTEX_POINT('',#9976);
#2892=VERTEX_POINT('',#9990);
#2893=VERTEX_POINT('',#9992);
#2894=VERTEX_POINT('',#9999);
#2895=VERTEX_POINT('',#10010);
#2896=VERTEX_POINT('',#10021);
#2897=VERTEX_POINT('',#10032);
#2898=VERTEX_POINT('',#10046);
#2899=VERTEX_POINT('',#10060);
#2900=VERTEX_POINT('',#10074);
#2901=VERTEX_POINT('',#10081);
#2902=VERTEX_POINT('',#10092);
#2903=VERTEX_POINT('',#10103);
#2904=VERTEX_POINT('',#10117);
#2905=VERTEX_POINT('',#10131);
#2906=VERTEX_POINT('',#10148);
#2907=VERTEX_POINT('',#10150);
#2908=VERTEX_POINT('',#10154);
#2909=VERTEX_POINT('',#10158);
#2910=VERTEX_POINT('',#10162);
#2911=VERTEX_POINT('',#10166);
#2912=VERTEX_POINT('',#10170);
#2913=VERTEX_POINT('',#10174);
#2914=VERTEX_POINT('',#10178);
#2915=VERTEX_POINT('',#10182);
#2916=VERTEX_POINT('',#10186);
#2917=VERTEX_POINT('',#10190);
#2918=VERTEX_POINT('',#10197);
#2919=VERTEX_POINT('',#10198);
#2920=VERTEX_POINT('',#10200);
#2921=VERTEX_POINT('',#10202);
#2922=VERTEX_POINT('',#10204);
#2923=VERTEX_POINT('',#10209);
#2924=VERTEX_POINT('',#10214);
#2925=VERTEX_POINT('',#10217);
#2926=VERTEX_POINT('',#10218);
#2927=VERTEX_POINT('',#10220);
#2928=VERTEX_POINT('',#10222);
#2929=VERTEX_POINT('',#10224);
#2930=VERTEX_POINT('',#10226);
#2931=VERTEX_POINT('',#10228);
#2932=VERTEX_POINT('',#10274);
#2933=VERTEX_POINT('',#10275);
#2934=VERTEX_POINT('',#10280);
#2935=VERTEX_POINT('',#10284);
#2936=VERTEX_POINT('',#10295);
#2937=VERTEX_POINT('',#10306);
#2938=VERTEX_POINT('',#10317);
#2939=VERTEX_POINT('',#10331);
#2940=VERTEX_POINT('',#10332);
#2941=VERTEX_POINT('',#10334);
#2942=VERTEX_POINT('',#10336);
#2943=VERTEX_POINT('',#10338);
#2944=VERTEX_POINT('',#10340);
#2945=VERTEX_POINT('',#10342);
#2946=VERTEX_POINT('',#10344);
#2947=VERTEX_POINT('',#10347);
#2948=VERTEX_POINT('',#10348);
#2949=VERTEX_POINT('',#10350);
#2950=VERTEX_POINT('',#10352);
#2951=VERTEX_POINT('',#10357);
#2952=VERTEX_POINT('',#10359);
#2953=VERTEX_POINT('',#10382);
#2954=VERTEX_POINT('',#10383);
#2955=VERTEX_POINT('',#10388);
#2956=VERTEX_POINT('',#10399);
#2957=VERTEX_POINT('',#10406);
#2958=VERTEX_POINT('',#10417);
#2959=VERTEX_POINT('',#10427);
#2960=VERTEX_POINT('',#10429);
#2961=VERTEX_POINT('',#10433);
#2962=VERTEX_POINT('',#10437);
#2963=VERTEX_POINT('',#10441);
#2964=VERTEX_POINT('',#10445);
#2965=VERTEX_POINT('',#10449);
#2966=VERTEX_POINT('',#10453);
#2967=VERTEX_POINT('',#10457);
#2968=VERTEX_POINT('',#10461);
#2969=VERTEX_POINT('',#10465);
#2970=VERTEX_POINT('',#10469);
#2971=VERTEX_POINT('',#10476);
#2972=VERTEX_POINT('',#10477);
#2973=VERTEX_POINT('',#10482);
#2974=VERTEX_POINT('',#10484);
#2975=VERTEX_POINT('',#10489);
#2976=VERTEX_POINT('',#10491);
#2977=VERTEX_POINT('',#10493);
#2978=VERTEX_POINT('',#10498);
#2979=VERTEX_POINT('',#10503);
#2980=VERTEX_POINT('',#10505);
#2981=VERTEX_POINT('',#10507);
#2982=VERTEX_POINT('',#10509);
#2983=VERTEX_POINT('',#10511);
#2984=VERTEX_POINT('',#10513);
#2985=VERTEX_POINT('',#10519);
#2986=VERTEX_POINT('',#10520);
#2987=VERTEX_POINT('',#10522);
#2988=VERTEX_POINT('',#10527);
#2989=VERTEX_POINT('',#10529);
#2990=VERTEX_POINT('',#10531);
#2991=VERTEX_POINT('',#10536);
#2992=VERTEX_POINT('',#10538);
#2993=VERTEX_POINT('',#10636);
#2994=VERTEX_POINT('',#10637);
#2995=VERTEX_POINT('',#10652);
#2996=VERTEX_POINT('',#10663);
#2997=VERTEX_POINT('',#10677);
#2998=VERTEX_POINT('',#10688);
#2999=VERTEX_POINT('',#10699);
#3000=VERTEX_POINT('',#10706);
#3001=VERTEX_POINT('',#10720);
#3002=VERTEX_POINT('',#10722);
#3003=VERTEX_POINT('',#10729);
#3004=VERTEX_POINT('',#10740);
#3005=VERTEX_POINT('',#10751);
#3006=VERTEX_POINT('',#10762);
#3007=VERTEX_POINT('',#10773);
#3008=VERTEX_POINT('',#10784);
#3009=VERTEX_POINT('',#10795);
#3010=VERTEX_POINT('',#10806);
#3011=VERTEX_POINT('',#10820);
#3012=VERTEX_POINT('',#10831);
#3013=VERTEX_POINT('',#10845);
#3014=VERTEX_POINT('',#10852);
#3015=VERTEX_POINT('',#10863);
#3016=VERTEX_POINT('',#10877);
#3017=VERTEX_POINT('',#10891);
#3018=VERTEX_POINT('',#10905);
#3019=VERTEX_POINT('',#10916);
#3020=VERTEX_POINT('',#10927);
#3021=VERTEX_POINT('',#10938);
#3022=VERTEX_POINT('',#10955);
#3023=VERTEX_POINT('',#10957);
#3024=VERTEX_POINT('',#10961);
#3025=VERTEX_POINT('',#10972);
#3026=VERTEX_POINT('',#10979);
#3027=VERTEX_POINT('',#10983);
#3028=VERTEX_POINT('',#10987);
#3029=VERTEX_POINT('',#10991);
#3030=VERTEX_POINT('',#10995);
#3031=VERTEX_POINT('',#10999);
#3032=VERTEX_POINT('',#11010);
#3033=VERTEX_POINT('',#11024);
#3034=VERTEX_POINT('',#11031);
#3035=VERTEX_POINT('',#11042);
#3036=VERTEX_POINT('',#11053);
#3037=VERTEX_POINT('',#11063);
#3038=VERTEX_POINT('',#11065);
#3039=VERTEX_POINT('',#11069);
#3040=VERTEX_POINT('',#11073);
#3041=VERTEX_POINT('',#11077);
#3042=VERTEX_POINT('',#11081);
#3043=VERTEX_POINT('',#11085);
#3044=VERTEX_POINT('',#11089);
#3045=VERTEX_POINT('',#11093);
#3046=VERTEX_POINT('',#11097);
#3047=VERTEX_POINT('',#11101);
#3048=VERTEX_POINT('',#11105);
#3049=VERTEX_POINT('',#11112);
#3050=VERTEX_POINT('',#11113);
#3051=VERTEX_POINT('',#11115);
#3052=VERTEX_POINT('',#11117);
#3053=VERTEX_POINT('',#11119);
#3054=VERTEX_POINT('',#11124);
#3055=VERTEX_POINT('',#11129);
#3056=VERTEX_POINT('',#11132);
#3057=VERTEX_POINT('',#11133);
#3058=VERTEX_POINT('',#11135);
#3059=VERTEX_POINT('',#11137);
#3060=VERTEX_POINT('',#11139);
#3061=VERTEX_POINT('',#11141);
#3062=VERTEX_POINT('',#11143);
#3063=VERTEX_POINT('',#11189);
#3064=VERTEX_POINT('',#11190);
#3065=VERTEX_POINT('',#11195);
#3066=VERTEX_POINT('',#11199);
#3067=VERTEX_POINT('',#11210);
#3068=VERTEX_POINT('',#11221);
#3069=VERTEX_POINT('',#11232);
#3070=VERTEX_POINT('',#11246);
#3071=VERTEX_POINT('',#11247);
#3072=VERTEX_POINT('',#11249);
#3073=VERTEX_POINT('',#11251);
#3074=VERTEX_POINT('',#11253);
#3075=VERTEX_POINT('',#11255);
#3076=VERTEX_POINT('',#11257);
#3077=VERTEX_POINT('',#11259);
#3078=VERTEX_POINT('',#11262);
#3079=VERTEX_POINT('',#11263);
#3080=VERTEX_POINT('',#11265);
#3081=VERTEX_POINT('',#11267);
#3082=VERTEX_POINT('',#11272);
#3083=VERTEX_POINT('',#11274);
#3084=VERTEX_POINT('',#11297);
#3085=VERTEX_POINT('',#11298);
#3086=VERTEX_POINT('',#11303);
#3087=VERTEX_POINT('',#11314);
#3088=VERTEX_POINT('',#11321);
#3089=VERTEX_POINT('',#11332);
#3090=VERTEX_POINT('',#11342);
#3091=VERTEX_POINT('',#11343);
#3092=VERTEX_POINT('',#11348);
#3093=VERTEX_POINT('',#11350);
#3094=VERTEX_POINT('',#11355);
#3095=VERTEX_POINT('',#11357);
#3096=VERTEX_POINT('',#11362);
#3097=VERTEX_POINT('',#11367);
#3098=VERTEX_POINT('',#11369);
#3099=VERTEX_POINT('',#11371);
#3100=VERTEX_POINT('',#11373);
#3101=VERTEX_POINT('',#11375);
#3102=VERTEX_POINT('',#11380);
#3103=VERTEX_POINT('',#11385);
#3104=VERTEX_POINT('',#11387);
#3105=VERTEX_POINT('',#11389);
#3106=VERTEX_POINT('',#11391);
#3107=VERTEX_POINT('',#11393);
#3108=VERTEX_POINT('',#11398);
#3109=VERTEX_POINT('',#11403);
#3110=VERTEX_POINT('',#11408);
#3111=VERTEX_POINT('',#11413);
#3112=VERTEX_POINT('',#11418);
#3113=VERTEX_POINT('',#11423);
#3114=VERTEX_POINT('',#11428);
#3115=VERTEX_POINT('',#11430);
#3116=VERTEX_POINT('',#11435);
#3117=VERTEX_POINT('',#11440);
#3118=VERTEX_POINT('',#11442);
#3119=VERTEX_POINT('',#11447);
#3120=VERTEX_POINT('',#11452);
#3121=VERTEX_POINT('',#11457);
#3122=VERTEX_POINT('',#11459);
#3123=VERTEX_POINT('',#11462);
#3124=VERTEX_POINT('',#11463);
#3125=VERTEX_POINT('',#11739);
#3126=VERTEX_POINT('',#11740);
#3127=EDGE_CURVE('',#2500,#2501,#1152,.T.);
#3128=EDGE_CURVE('',#2501,#2502,#1153,.T.);
#3129=EDGE_CURVE('',#2502,#2503,#1154,.T.);
#3130=EDGE_CURVE('',#2503,#2504,#1155,.T.);
#3131=EDGE_CURVE('',#2504,#2505,#1156,.T.);
#3132=EDGE_CURVE('',#2505,#2506,#1157,.T.);
#3133=EDGE_CURVE('',#2506,#2507,#1158,.T.);
#3134=EDGE_CURVE('',#2508,#2507,#1159,.T.);
#3135=EDGE_CURVE('',#2508,#2509,#1160,.T.);
#3136=EDGE_CURVE('',#2509,#2510,#1161,.T.);
#3137=EDGE_CURVE('',#2510,#2511,#1092,.T.);
#3138=EDGE_CURVE('',#2511,#2512,#1162,.T.);
#3139=EDGE_CURVE('',#2512,#2513,#1163,.T.);
#3140=EDGE_CURVE('',#2513,#2514,#1093,.T.);
#3141=EDGE_CURVE('',#2514,#2515,#1164,.T.);
#3142=EDGE_CURVE('',#2515,#2516,#1165,.T.);
#3143=EDGE_CURVE('',#2516,#2517,#1166,.T.);
#3144=EDGE_CURVE('',#2517,#2518,#1094,.T.);
#3145=EDGE_CURVE('',#2518,#2519,#1167,.T.);
#3146=EDGE_CURVE('',#2519,#2520,#1168,.T.);
#3147=EDGE_CURVE('',#2500,#2520,#1169,.T.);
#3148=EDGE_CURVE('',#2521,#2522,#1170,.T.);
#3149=EDGE_CURVE('',#2523,#2521,#1171,.T.);
#3150=EDGE_CURVE('',#2524,#2523,#1172,.T.);
#3151=EDGE_CURVE('',#2525,#2524,#1173,.T.);
#3152=EDGE_CURVE('',#2526,#2525,#1174,.T.);
#3153=EDGE_CURVE('',#2522,#2526,#1175,.T.);
#3154=EDGE_CURVE('',#2527,#2528,#1176,.T.);
#3155=EDGE_CURVE('',#2529,#2527,#236,.T.);
#3156=EDGE_CURVE('',#2530,#2529,#237,.T.);
#3157=EDGE_CURVE('',#2531,#2530,#144,.T.);
#3158=EDGE_CURVE('',#2532,#2531,#238,.T.);
#3159=EDGE_CURVE('',#2533,#2532,#239,.T.);
#3160=EDGE_CURVE('',#2534,#2533,#145,.T.);
#3161=EDGE_CURVE('',#2535,#2534,#1177,.T.);
#3162=EDGE_CURVE('',#2536,#2535,#240,.T.);
#3163=EDGE_CURVE('',#2537,#2536,#241,.T.);
#3164=EDGE_CURVE('',#2538,#2537,#242,.T.);
#3165=EDGE_CURVE('',#2539,#2538,#243,.T.);
#3166=EDGE_CURVE('',#2540,#2539,#146,.T.);
#3167=EDGE_CURVE('',#2528,#2540,#147,.T.);
#3168=EDGE_CURVE('',#2541,#2542,#1178,.T.);
#3169=EDGE_CURVE('',#2543,#2541,#1179,.T.);
#3170=EDGE_CURVE('',#2544,#2543,#1180,.T.);
#3171=EDGE_CURVE('',#2545,#2544,#1181,.T.);
#3172=EDGE_CURVE('',#2546,#2545,#1182,.T.);
#3173=EDGE_CURVE('',#2547,#2546,#1183,.T.);
#3174=EDGE_CURVE('',#2548,#2547,#1184,.T.);
#3175=EDGE_CURVE('',#2549,#2548,#1185,.T.);
#3176=EDGE_CURVE('',#2550,#2549,#1186,.T.);
#3177=EDGE_CURVE('',#2551,#2550,#1187,.T.);
#3178=EDGE_CURVE('',#2552,#2551,#1188,.T.);
#3179=EDGE_CURVE('',#2542,#2552,#1189,.T.);
#3180=EDGE_CURVE('',#2553,#2554,#1190,.T.);
#3181=EDGE_CURVE('',#2555,#2553,#1191,.T.);
#3182=EDGE_CURVE('',#2556,#2555,#1192,.T.);
#3183=EDGE_CURVE('',#2557,#2556,#1193,.T.);
#3184=EDGE_CURVE('',#2558,#2557,#1194,.T.);
#3185=EDGE_CURVE('',#2559,#2558,#1195,.T.);
#3186=EDGE_CURVE('',#2560,#2559,#1196,.T.);
#3187=EDGE_CURVE('',#2554,#2560,#1197,.T.);
#3188=EDGE_CURVE('',#2561,#2562,#1198,.T.);
#3189=EDGE_CURVE('',#2563,#2561,#1199,.T.);
#3190=EDGE_CURVE('',#2564,#2563,#1200,.T.);
#3191=EDGE_CURVE('',#2565,#2564,#1201,.T.);
#3192=EDGE_CURVE('',#2566,#2565,#1202,.T.);
#3193=EDGE_CURVE('',#2567,#2566,#1203,.T.);
#3194=EDGE_CURVE('',#2568,#2567,#1204,.T.);
#3195=EDGE_CURVE('',#2569,#2568,#1205,.T.);
#3196=EDGE_CURVE('',#2570,#2569,#1206,.T.);
#3197=EDGE_CURVE('',#2571,#2570,#1207,.T.);
#3198=EDGE_CURVE('',#2572,#2571,#1208,.T.);
#3199=EDGE_CURVE('',#2562,#2572,#1209,.T.);
#3200=EDGE_CURVE('',#2573,#2574,#148,.T.);
#3201=EDGE_CURVE('',#2575,#2573,#1210,.T.);
#3202=EDGE_CURVE('',#2576,#2575,#1211,.T.);
#3203=EDGE_CURVE('',#2577,#2576,#1212,.T.);
#3204=EDGE_CURVE('',#2578,#2577,#244,.T.);
#3205=EDGE_CURVE('',#2579,#2578,#245,.T.);
#3206=EDGE_CURVE('',#2574,#2579,#149,.T.);
#3207=EDGE_CURVE('',#2580,#2581,#150,.T.);
#3208=EDGE_CURVE('',#2582,#2580,#246,.T.);
#3209=EDGE_CURVE('',#2583,#2582,#151,.T.);
#3210=EDGE_CURVE('',#2584,#2583,#152,.T.);
#3211=EDGE_CURVE('',#2585,#2584,#1213,.T.);
#3212=EDGE_CURVE('',#2586,#2585,#247,.T.);
#3213=EDGE_CURVE('',#2587,#2586,#248,.T.);
#3214=EDGE_CURVE('',#2588,#2587,#249,.T.);
#3215=EDGE_CURVE('',#2589,#2588,#1214,.T.);
#3216=EDGE_CURVE('',#2590,#2589,#250,.T.);
#3217=EDGE_CURVE('',#2591,#2590,#251,.T.);
#3218=EDGE_CURVE('',#2592,#2591,#1215,.T.);
#3219=EDGE_CURVE('',#2593,#2592,#252,.T.);
#3220=EDGE_CURVE('',#2594,#2593,#253,.T.);
#3221=EDGE_CURVE('',#2595,#2594,#254,.T.);
#3222=EDGE_CURVE('',#2596,#2595,#255,.T.);
#3223=EDGE_CURVE('',#2597,#2596,#256,.T.);
#3224=EDGE_CURVE('',#2598,#2597,#257,.T.);
#3225=EDGE_CURVE('',#2599,#2598,#258,.T.);
#3226=EDGE_CURVE('',#2600,#2599,#1216,.T.);
#3227=EDGE_CURVE('',#2601,#2600,#1217,.T.);
#3228=EDGE_CURVE('',#2602,#2601,#1218,.T.);
#3229=EDGE_CURVE('',#2603,#2602,#1219,.T.);
#3230=EDGE_CURVE('',#2604,#2603,#259,.T.);
#3231=EDGE_CURVE('',#2605,#2604,#260,.T.);
#3232=EDGE_CURVE('',#2606,#2605,#153,.T.);
#3233=EDGE_CURVE('',#2607,#2606,#154,.T.);
#3234=EDGE_CURVE('',#2608,#2607,#155,.T.);
#3235=EDGE_CURVE('',#2609,#2608,#156,.T.);
#3236=EDGE_CURVE('',#2610,#2609,#261,.T.);
#3237=EDGE_CURVE('',#2611,#2610,#262,.T.);
#3238=EDGE_CURVE('',#2612,#2611,#157,.T.);
#3239=EDGE_CURVE('',#2581,#2612,#263,.T.);
#3240=EDGE_CURVE('',#2613,#2614,#1220,.T.);
#3241=EDGE_CURVE('',#2615,#2613,#1221,.T.);
#3242=EDGE_CURVE('',#2616,#2615,#1222,.T.);
#3243=EDGE_CURVE('',#2617,#2616,#1223,.T.);
#3244=EDGE_CURVE('',#2618,#2617,#1224,.T.);
#3245=EDGE_CURVE('',#2619,#2618,#1225,.T.);
#3246=EDGE_CURVE('',#2620,#2619,#1226,.T.);
#3247=EDGE_CURVE('',#2614,#2620,#1227,.T.);
#3248=EDGE_CURVE('',#2621,#2622,#1228,.T.);
#3249=EDGE_CURVE('',#2623,#2621,#1229,.T.);
#3250=EDGE_CURVE('',#2624,#2623,#1230,.T.);
#3251=EDGE_CURVE('',#2625,#2624,#1231,.T.);
#3252=EDGE_CURVE('',#2626,#2625,#1232,.T.);
#3253=EDGE_CURVE('',#2627,#2626,#1233,.T.);
#3254=EDGE_CURVE('',#2628,#2627,#1234,.T.);
#3255=EDGE_CURVE('',#2629,#2628,#1235,.T.);
#3256=EDGE_CURVE('',#2630,#2629,#1236,.T.);
#3257=EDGE_CURVE('',#2631,#2630,#1237,.T.);
#3258=EDGE_CURVE('',#2632,#2631,#1238,.T.);
#3259=EDGE_CURVE('',#2622,#2632,#1239,.T.);
#3260=EDGE_CURVE('',#2633,#2634,#1240,.T.);
#3261=EDGE_CURVE('',#2635,#2633,#1241,.T.);
#3262=EDGE_CURVE('',#2636,#2635,#1242,.T.);
#3263=EDGE_CURVE('',#2637,#2636,#264,.T.);
#3264=EDGE_CURVE('',#2638,#2637,#158,.T.);
#3265=EDGE_CURVE('',#2639,#2638,#1243,.T.);
#3266=EDGE_CURVE('',#2640,#2639,#265,.T.);
#3267=EDGE_CURVE('',#2641,#2640,#266,.T.);
#3268=EDGE_CURVE('',#2642,#2641,#1244,.T.);
#3269=EDGE_CURVE('',#2643,#2642,#1245,.T.);
#3270=EDGE_CURVE('',#2644,#2643,#1246,.T.);
#3271=EDGE_CURVE('',#2645,#2644,#1247,.T.);
#3272=EDGE_CURVE('',#2646,#2645,#1248,.T.);
#3273=EDGE_CURVE('',#2647,#2646,#1249,.T.);
#3274=EDGE_CURVE('',#2634,#2647,#267,.T.);
#3275=EDGE_CURVE('',#2648,#2649,#1250,.T.);
#3276=EDGE_CURVE('',#2650,#2648,#268,.T.);
#3277=EDGE_CURVE('',#2651,#2650,#159,.T.);
#3278=EDGE_CURVE('',#2652,#2651,#269,.T.);
#3279=EDGE_CURVE('',#2653,#2652,#160,.T.);
#3280=EDGE_CURVE('',#2654,#2653,#161,.T.);
#3281=EDGE_CURVE('',#2655,#2654,#162,.T.);
#3282=EDGE_CURVE('',#2656,#2655,#270,.T.);
#3283=EDGE_CURVE('',#2657,#2656,#271,.T.);
#3284=EDGE_CURVE('',#2658,#2657,#272,.T.);
#3285=EDGE_CURVE('',#2659,#2658,#1251,.T.);
#3286=EDGE_CURVE('',#2660,#2659,#273,.T.);
#3287=EDGE_CURVE('',#2661,#2660,#274,.T.);
#3288=EDGE_CURVE('',#2662,#2661,#163,.T.);
#3289=EDGE_CURVE('',#2663,#2662,#275,.T.);
#3290=EDGE_CURVE('',#2664,#2663,#164,.T.);
#3291=EDGE_CURVE('',#2665,#2664,#165,.T.);
#3292=EDGE_CURVE('',#2666,#2665,#166,.T.);
#3293=EDGE_CURVE('',#2667,#2666,#167,.T.);
#3294=EDGE_CURVE('',#2668,#2667,#168,.T.);
#3295=EDGE_CURVE('',#2649,#2668,#169,.T.);
#3296=EDGE_CURVE('',#2669,#2670,#1252,.T.);
#3297=EDGE_CURVE('',#2671,#2669,#276,.T.);
#3298=EDGE_CURVE('',#2672,#2671,#277,.T.);
#3299=EDGE_CURVE('',#2673,#2672,#1253,.T.);
#3300=EDGE_CURVE('',#2674,#2673,#1254,.T.);
#3301=EDGE_CURVE('',#2675,#2674,#1255,.T.);
#3302=EDGE_CURVE('',#2676,#2675,#1256,.T.);
#3303=EDGE_CURVE('',#2677,#2676,#170,.T.);
#3304=EDGE_CURVE('',#2678,#2677,#171,.T.);
#3305=EDGE_CURVE('',#2679,#2678,#278,.T.);
#3306=EDGE_CURVE('',#2680,#2679,#279,.T.);
#3307=EDGE_CURVE('',#2681,#2680,#1257,.T.);
#3308=EDGE_CURVE('',#2682,#2681,#172,.T.);
#3309=EDGE_CURVE('',#2670,#2682,#280,.T.);
#3310=EDGE_CURVE('',#2683,#2684,#173,.T.);
#3311=EDGE_CURVE('',#2685,#2683,#1258,.T.);
#3312=EDGE_CURVE('',#2686,#2685,#1259,.T.);
#3313=EDGE_CURVE('',#2687,#2686,#1260,.T.);
#3314=EDGE_CURVE('',#2688,#2687,#281,.T.);
#3315=EDGE_CURVE('',#2689,#2688,#282,.T.);
#3316=EDGE_CURVE('',#2684,#2689,#174,.T.);
#3317=EDGE_CURVE('',#2690,#2691,#1261,.T.);
#3318=EDGE_CURVE('',#2691,#2692,#1262,.T.);
#3319=EDGE_CURVE('',#2693,#2692,#1263,.T.);
#3320=EDGE_CURVE('',#2693,#2690,#1264,.T.);
#3321=EDGE_CURVE('',#2694,#2695,#1265,.T.);
#3322=EDGE_CURVE('',#2694,#2696,#1266,.T.);
#3323=EDGE_CURVE('',#2696,#2697,#1267,.T.);
#3324=EDGE_CURVE('',#2695,#2697,#1268,.T.);
#3325=EDGE_CURVE('',#2698,#2699,#1269,.T.);
#3326=EDGE_CURVE('',#2698,#2694,#1270,.T.);
#3327=EDGE_CURVE('',#2699,#2695,#1271,.T.);
#3328=EDGE_CURVE('',#2700,#2701,#1272,.T.);
#3329=EDGE_CURVE('',#2700,#2698,#1273,.T.);
#3330=EDGE_CURVE('',#2701,#2699,#1274,.T.);
#3331=EDGE_CURVE('',#2702,#2703,#1275,.T.);
#3332=EDGE_CURVE('',#2702,#2700,#1276,.T.);
#3333=EDGE_CURVE('',#2703,#2701,#1277,.T.);
#3334=EDGE_CURVE('',#2704,#2705,#1278,.T.);
#3335=EDGE_CURVE('',#2706,#2704,#1279,.T.);
#3336=EDGE_CURVE('',#2706,#2707,#1280,.T.);
#3337=EDGE_CURVE('',#2707,#2705,#1281,.T.);
#3338=EDGE_CURVE('',#2708,#2709,#1282,.T.);
#3339=EDGE_CURVE('',#2710,#2708,#1283,.T.);
#3340=EDGE_CURVE('',#2710,#2711,#1284,.T.);
#3341=EDGE_CURVE('',#2711,#2709,#1285,.T.);
#3342=EDGE_CURVE('',#2712,#2713,#1286,.T.);
#3343=EDGE_CURVE('',#2712,#2714,#1287,.T.);
#3344=EDGE_CURVE('',#2714,#2715,#1288,.T.);
#3345=EDGE_CURVE('',#2697,#2715,#1289,.T.);
#3346=EDGE_CURVE('',#2696,#2716,#1290,.T.);
#3347=EDGE_CURVE('',#2716,#2717,#1291,.T.);
#3348=EDGE_CURVE('',#2713,#2717,#1292,.T.);
#3349=EDGE_CURVE('',#2718,#2719,#1293,.T.);
#3350=EDGE_CURVE('',#2718,#2720,#1294,.T.);
#3351=EDGE_CURVE('',#2721,#2720,#1295,.T.);
#3352=EDGE_CURVE('',#2721,#2719,#1296,.T.);
#3353=EDGE_CURVE('',#2718,#2722,#1297,.T.);
#3354=EDGE_CURVE('',#2723,#2722,#1298,.T.);
#3355=EDGE_CURVE('',#2720,#2723,#1299,.T.);
#3356=EDGE_CURVE('',#2724,#2725,#1300,.T.);
#3357=EDGE_CURVE('',#2725,#2726,#1301,.T.);
#3358=EDGE_CURVE('',#2727,#2726,#1302,.T.);
#3359=EDGE_CURVE('',#2724,#2727,#1303,.T.);
#3360=EDGE_CURVE('',#2728,#2729,#1304,.T.);
#3361=EDGE_CURVE('',#2729,#2730,#1305,.T.);
#3362=EDGE_CURVE('',#2730,#2731,#1306,.T.);
#3363=EDGE_CURVE('',#2728,#2731,#1307,.T.);
#3364=EDGE_CURVE('',#2719,#2732,#1308,.T.);
#3365=EDGE_CURVE('',#2733,#2721,#1309,.T.);
#3366=EDGE_CURVE('',#2733,#2732,#1310,.T.);
#3367=EDGE_CURVE('',#2734,#2501,#1311,.T.);
#3368=EDGE_CURVE('',#2735,#2734,#1312,.T.);
#3369=EDGE_CURVE('',#2735,#2502,#1313,.T.);
#3370=EDGE_CURVE('',#2736,#2735,#1314,.T.);
#3371=EDGE_CURVE('',#2736,#2503,#1315,.T.);
#3372=EDGE_CURVE('',#2737,#2736,#1316,.T.);
#3373=EDGE_CURVE('',#2737,#2504,#1317,.T.);
#3374=EDGE_CURVE('',#2738,#2737,#1318,.T.);
#3375=EDGE_CURVE('',#2738,#2505,#1319,.T.);
#3376=EDGE_CURVE('',#2739,#2738,#1320,.T.);
#3377=EDGE_CURVE('',#2739,#2506,#1321,.T.);
#3378=EDGE_CURVE('',#2740,#2739,#1322,.T.);
#3379=EDGE_CURVE('',#2740,#2507,#1323,.T.);
#3380=EDGE_CURVE('',#2741,#2742,#1324,.T.);
#3381=EDGE_CURVE('',#2741,#2743,#175,.T.);
#3382=EDGE_CURVE('',#2744,#2743,#1325,.T.);
#3383=EDGE_CURVE('',#2744,#2745,#1326,.T.);
#3384=EDGE_CURVE('',#2745,#2746,#1327,.T.);
#3385=EDGE_CURVE('',#2746,#2742,#176,.T.);
#3386=EDGE_CURVE('',#2742,#2747,#1095,.T.);
#3387=EDGE_CURVE('',#2747,#2741,#1096,.T.);
#3388=EDGE_CURVE('',#2748,#2749,#1328,.T.);
#3389=EDGE_CURVE('',#2748,#2750,#1097,.T.);
#3390=EDGE_CURVE('',#2750,#2749,#1098,.T.);
#3391=EDGE_CURVE('',#2751,#2752,#1329,.T.);
#3392=EDGE_CURVE('',#2751,#2748,#177,.T.);
#3393=EDGE_CURVE('',#2749,#2753,#178,.T.);
#3394=EDGE_CURVE('',#2753,#2754,#1330,.T.);
#3395=EDGE_CURVE('',#2752,#2754,#1331,.T.);
#3396=EDGE_CURVE('',#2754,#2509,#1332,.T.);
#3397=EDGE_CURVE('',#2752,#2508,#1333,.T.);
#3398=EDGE_CURVE('',#2743,#2751,#1334,.T.);
#3399=EDGE_CURVE('',#2740,#2755,#1335,.T.);
#3400=EDGE_CURVE('',#2755,#2744,#1336,.T.);
#3401=EDGE_CURVE('',#2755,#2756,#1337,.T.);
#3402=EDGE_CURVE('',#2756,#2745,#1338,.T.);
#3403=EDGE_CURVE('',#2753,#2746,#1339,.T.);
#3404=EDGE_CURVE('',#2757,#2756,#1340,.T.);
#3405=EDGE_CURVE('',#2757,#2510,#1341,.T.);
#3406=EDGE_CURVE('',#2758,#2757,#1099,.T.);
#3407=EDGE_CURVE('',#2758,#2511,#1342,.T.);
#3408=EDGE_CURVE('',#2759,#2758,#1343,.T.);
#3409=EDGE_CURVE('',#2759,#2512,#1344,.T.);
#3410=EDGE_CURVE('',#2760,#2759,#1345,.T.);
#3411=EDGE_CURVE('',#2760,#2513,#1346,.T.);
#3412=EDGE_CURVE('',#2761,#2760,#1100,.T.);
#3413=EDGE_CURVE('',#2761,#2514,#1347,.T.);
#3414=EDGE_CURVE('',#2762,#2761,#1348,.T.);
#3415=EDGE_CURVE('',#2762,#2515,#1349,.T.);
#3416=EDGE_CURVE('',#2763,#2762,#1350,.T.);
#3417=EDGE_CURVE('',#2763,#2516,#1351,.T.);
#3418=EDGE_CURVE('',#2764,#2763,#1352,.T.);
#3419=EDGE_CURVE('',#2764,#2517,#1353,.T.);
#3420=EDGE_CURVE('',#2765,#2766,#1354,.T.);
#3421=EDGE_CURVE('',#2766,#2767,#1355,.T.);
#3422=EDGE_CURVE('',#2767,#2734,#1356,.T.);
#3423=EDGE_CURVE('',#2500,#2765,#1101,.T.);
#3424=EDGE_CURVE('',#2765,#2768,#283,.T.);
#3425=EDGE_CURVE('',#2769,#2768,#1102,.T.);
#3426=EDGE_CURVE('',#2769,#2770,#1357,.T.);
#3427=EDGE_CURVE('',#2770,#2766,#1103,.T.);
#3428=EDGE_CURVE('',#2771,#2705,#1358,.T.);
#3429=EDGE_CURVE('',#2771,#2772,#1359,.T.);
#3430=EDGE_CURVE('',#2772,#2704,#1360,.T.);
#3431=EDGE_CURVE('',#2773,#2774,#1361,.T.);
#3432=EDGE_CURVE('',#2774,#2775,#1362,.T.);
#3433=EDGE_CURVE('',#2776,#2775,#1363,.T.);
#3434=EDGE_CURVE('',#2776,#2773,#1364,.T.);
#3435=EDGE_CURVE('',#2706,#2777,#1365,.T.);
#3436=EDGE_CURVE('',#2777,#2778,#1366,.T.);
#3437=EDGE_CURVE('',#2707,#2778,#1367,.T.);
#3438=EDGE_CURVE('',#2779,#2780,#1368,.T.);
#3439=EDGE_CURVE('',#2780,#2781,#1369,.T.);
#3440=EDGE_CURVE('',#2782,#2781,#1370,.T.);
#3441=EDGE_CURVE('',#2782,#2779,#1371,.T.);
#3442=EDGE_CURVE('',#2710,#2783,#1372,.T.);
#3443=EDGE_CURVE('',#2783,#2784,#1373,.T.);
#3444=EDGE_CURVE('',#2711,#2784,#1374,.T.);
#3445=EDGE_CURVE('',#2772,#2774,#1375,.T.);
#3446=EDGE_CURVE('',#2773,#2777,#1376,.T.);
#3447=EDGE_CURVE('',#2785,#2708,#1377,.T.);
#3448=EDGE_CURVE('',#2785,#2780,#1378,.T.);
#3449=EDGE_CURVE('',#2779,#2783,#1379,.T.);
#3450=EDGE_CURVE('',#2786,#2709,#1380,.T.);
#3451=EDGE_CURVE('',#2786,#2785,#1381,.T.);
#3452=EDGE_CURVE('',#2775,#2771,#1382,.T.);
#3453=EDGE_CURVE('',#2778,#2776,#1383,.T.);
#3454=EDGE_CURVE('',#2781,#2786,#1384,.T.);
#3455=EDGE_CURVE('',#2784,#2782,#1385,.T.);
#3456=EDGE_CURVE('',#2726,#2787,#1386,.T.);
#3457=EDGE_CURVE('',#2788,#2787,#1387,.T.);
#3458=EDGE_CURVE('',#2727,#2788,#1388,.T.);
#3459=EDGE_CURVE('',#2789,#2790,#284,.T.);
#3460=EDGE_CURVE('',#2723,#2790,#1104,.T.);
#3461=EDGE_CURVE('',#2722,#2791,#1105,.T.);
#3462=EDGE_CURVE('',#2789,#2791,#1389,.T.);
#3463=EDGE_CURVE('',#2792,#2793,#1390,.T.);
#3464=EDGE_CURVE('',#2793,#2794,#1391,.T.);
#3465=EDGE_CURVE('',#2795,#2794,#1392,.T.);
#3466=EDGE_CURVE('',#2792,#2795,#1393,.T.);
#3467=EDGE_CURVE('',#2794,#2796,#1394,.T.);
#3468=EDGE_CURVE('',#2797,#2796,#1395,.T.);
#3469=EDGE_CURVE('',#2795,#2797,#1396,.T.);
#3470=EDGE_CURVE('',#2796,#2798,#1397,.T.);
#3471=EDGE_CURVE('',#2799,#2798,#1398,.T.);
#3472=EDGE_CURVE('',#2797,#2799,#1399,.T.);
#3473=EDGE_CURVE('',#2798,#2800,#1106,.T.);
#3474=EDGE_CURVE('',#2801,#2800,#1400,.T.);
#3475=EDGE_CURVE('',#2799,#2801,#1107,.T.);
#3476=EDGE_CURVE('',#2800,#2802,#1401,.T.);
#3477=EDGE_CURVE('',#2803,#2802,#1402,.T.);
#3478=EDGE_CURVE('',#2801,#2803,#1403,.T.);
#3479=EDGE_CURVE('',#2802,#2804,#1404,.T.);
#3480=EDGE_CURVE('',#2805,#2804,#1405,.T.);
#3481=EDGE_CURVE('',#2803,#2805,#1406,.T.);
#3482=EDGE_CURVE('',#2805,#2806,#1108,.T.);
#3483=EDGE_CURVE('',#2804,#2807,#1109,.T.);
#3484=EDGE_CURVE('',#2806,#2807,#1407,.T.);
#3485=EDGE_CURVE('',#2808,#2809,#1408,.T.);
#3486=EDGE_CURVE('',#2808,#2810,#179,.T.);
#3487=EDGE_CURVE('',#2810,#2811,#1409,.T.);
#3488=EDGE_CURVE('',#2811,#2812,#1410,.T.);
#3489=EDGE_CURVE('',#2813,#2812,#1411,.T.);
#3490=EDGE_CURVE('',#2813,#2809,#180,.T.);
#3491=EDGE_CURVE('',#2809,#2814,#1110,.T.);
#3492=EDGE_CURVE('',#2814,#2808,#1111,.T.);
#3493=EDGE_CURVE('',#2815,#2816,#1412,.T.);
#3494=EDGE_CURVE('',#2815,#2817,#1112,.T.);
#3495=EDGE_CURVE('',#2817,#2816,#1113,.T.);
#3496=EDGE_CURVE('',#2818,#2819,#1413,.T.);
#3497=EDGE_CURVE('',#2819,#2815,#181,.T.);
#3498=EDGE_CURVE('',#2816,#2820,#182,.T.);
#3499=EDGE_CURVE('',#2821,#2820,#1414,.T.);
#3500=EDGE_CURVE('',#2818,#2821,#1415,.T.);
#3501=EDGE_CURVE('',#2822,#2821,#1416,.T.);
#3502=EDGE_CURVE('',#2823,#2822,#1417,.T.);
#3503=EDGE_CURVE('',#2823,#2818,#1418,.T.);
#3504=EDGE_CURVE('',#2810,#2819,#1419,.T.);
#3505=EDGE_CURVE('',#2823,#2806,#1420,.T.);
#3506=EDGE_CURVE('',#2807,#2824,#1421,.T.);
#3507=EDGE_CURVE('',#2811,#2824,#1422,.T.);
#3508=EDGE_CURVE('',#2824,#2825,#1423,.T.);
#3509=EDGE_CURVE('',#2812,#2825,#1424,.T.);
#3510=EDGE_CURVE('',#2820,#2813,#1425,.T.);
#3511=EDGE_CURVE('',#2825,#2826,#1426,.T.);
#3512=EDGE_CURVE('',#2827,#2826,#1427,.T.);
#3513=EDGE_CURVE('',#2827,#2822,#1428,.T.);
#3514=EDGE_CURVE('',#2826,#2828,#1429,.T.);
#3515=EDGE_CURVE('',#2829,#2828,#1430,.T.);
#3516=EDGE_CURVE('',#2827,#2829,#1431,.T.);
#3517=EDGE_CURVE('',#2828,#2830,#1432,.T.);
#3518=EDGE_CURVE('',#2831,#2830,#1433,.T.);
#3519=EDGE_CURVE('',#2829,#2831,#1434,.T.);
#3520=EDGE_CURVE('',#2830,#2832,#1435,.T.);
#3521=EDGE_CURVE('',#2833,#2832,#1436,.T.);
#3522=EDGE_CURVE('',#2831,#2833,#1437,.T.);
#3523=EDGE_CURVE('',#2832,#2834,#1438,.T.);
#3524=EDGE_CURVE('',#2835,#2834,#1439,.T.);
#3525=EDGE_CURVE('',#2833,#2835,#1440,.T.);
#3526=EDGE_CURVE('',#2834,#2836,#1441,.T.);
#3527=EDGE_CURVE('',#2837,#2836,#1442,.T.);
#3528=EDGE_CURVE('',#2835,#2837,#1443,.T.);
#3529=EDGE_CURVE('',#2836,#2838,#1444,.T.);
#3530=EDGE_CURVE('',#2839,#2838,#1445,.T.);
#3531=EDGE_CURVE('',#2837,#2839,#1446,.T.);
#3532=EDGE_CURVE('',#2840,#2841,#1447,.T.);
#3533=EDGE_CURVE('',#2841,#2842,#1448,.T.);
#3534=EDGE_CURVE('',#2842,#2792,#1114,.T.);
#3535=EDGE_CURVE('',#2839,#2843,#1449,.T.);
#3536=EDGE_CURVE('',#2840,#2843,#1450,.T.);
#3537=EDGE_CURVE('',#2730,#2844,#1451,.T.);
#3538=EDGE_CURVE('',#2844,#2845,#1452,.T.);
#3539=EDGE_CURVE('',#2845,#2846,#1453,.T.);
#3540=EDGE_CURVE('',#2846,#2731,#1115,.T.);
#3541=EDGE_CURVE('',#2842,#2846,#285,.T.);
#3542=EDGE_CURVE('',#2728,#2841,#1116,.T.);
#3543=EDGE_CURVE('',#2846,#2793,#1117,.T.);
#3544=EDGE_CURVE('',#2847,#2845,#1454,.T.);
#3545=EDGE_CURVE('',#2848,#2847,#1455,.T.);
#3546=EDGE_CURVE('',#2849,#2848,#1456,.T.);
#3547=EDGE_CURVE('',#2838,#2849,#1457,.T.);
#3548=EDGE_CURVE('',#2850,#2849,#1458,.T.);
#3549=EDGE_CURVE('',#2851,#2850,#1459,.T.);
#3550=EDGE_CURVE('',#2851,#2843,#1118,.T.);
#3551=EDGE_CURVE('',#2852,#2851,#286,.T.);
#3552=EDGE_CURVE('',#2850,#2725,#1119,.T.);
#3553=EDGE_CURVE('',#2852,#2724,#1120,.T.);
#3554=EDGE_CURVE('',#2790,#2852,#1460,.T.);
#3555=EDGE_CURVE('',#2840,#2789,#1121,.T.);
#3556=EDGE_CURVE('',#2791,#2848,#1461,.T.);
#3557=EDGE_CURVE('',#2847,#2716,#1462,.T.);
#3558=EDGE_CURVE('',#2716,#2853,#1463,.T.);
#3559=EDGE_CURVE('',#2713,#2853,#1464,.T.);
#3560=EDGE_CURVE('',#2729,#2713,#1465,.T.);
#3561=EDGE_CURVE('',#2854,#2732,#1122,.T.);
#3562=EDGE_CURVE('',#2854,#2855,#1466,.T.);
#3563=EDGE_CURVE('',#2767,#2855,#1467,.T.);
#3564=EDGE_CURVE('',#2787,#2770,#1468,.T.);
#3565=EDGE_CURVE('',#2856,#2857,#1469,.T.);
#3566=EDGE_CURVE('',#2856,#2702,#1470,.T.);
#3567=EDGE_CURVE('',#2857,#2703,#1471,.T.);
#3568=EDGE_CURVE('',#2519,#2692,#1123,.T.);
#3569=EDGE_CURVE('',#2691,#2712,#1472,.T.);
#3570=EDGE_CURVE('',#2858,#2712,#1473,.T.);
#3571=EDGE_CURVE('',#2715,#2858,#1474,.T.);
#3572=EDGE_CURVE('',#2715,#2859,#1475,.T.);
#3573=EDGE_CURVE('',#2859,#2855,#1476,.T.);
#3574=EDGE_CURVE('',#2860,#2854,#1477,.T.);
#3575=EDGE_CURVE('',#2860,#2520,#1124,.T.);
#3576=EDGE_CURVE('',#2861,#2714,#1478,.T.);
#3577=EDGE_CURVE('',#2862,#2861,#1479,.T.);
#3578=EDGE_CURVE('',#2859,#2862,#1480,.T.);
#3579=EDGE_CURVE('',#2861,#2690,#1481,.T.);
#3580=EDGE_CURVE('',#2862,#2863,#1482,.T.);
#3581=EDGE_CURVE('',#2693,#2863,#1125,.T.);
#3582=EDGE_CURVE('',#2863,#2764,#1126,.T.);
#3583=EDGE_CURVE('',#2863,#2518,#287,.T.);
#3584=EDGE_CURVE('',#2717,#2844,#1483,.T.);
#3585=EDGE_CURVE('',#2788,#2769,#1484,.T.);
#3586=EDGE_CURVE('',#2864,#2860,#288,.T.);
#3587=EDGE_CURVE('',#2864,#2733,#1127,.T.);
#3588=EDGE_CURVE('',#2768,#2864,#1485,.T.);
#3589=EDGE_CURVE('',#2865,#2866,#1128,.T.);
#3590=EDGE_CURVE('',#2865,#2867,#1486,.T.);
#3591=EDGE_CURVE('',#2867,#2867,#1129,.T.);
#3592=EDGE_CURVE('',#2866,#2865,#1130,.T.);
#3593=EDGE_CURVE('',#2868,#2868,#1131,.T.);
#3594=EDGE_CURVE('',#2868,#2866,#1132,.T.);
#3595=EDGE_CURVE('',#2869,#2870,#1133,.T.);
#3596=EDGE_CURVE('',#2869,#2871,#1487,.T.);
#3597=EDGE_CURVE('',#2871,#2871,#1134,.T.);
#3598=EDGE_CURVE('',#2870,#2869,#1135,.T.);
#3599=EDGE_CURVE('',#2872,#2872,#1136,.T.);
#3600=EDGE_CURVE('',#2872,#2870,#1137,.T.);
#3601=EDGE_CURVE('',#2873,#2874,#1138,.T.);
#3602=EDGE_CURVE('',#2874,#2873,#1139,.T.);
#3603=EDGE_CURVE('',#2874,#2875,#1488,.T.);
#3604=EDGE_CURVE('',#2875,#2875,#1140,.T.);
#3605=EDGE_CURVE('',#2876,#2876,#1141,.T.);
#3606=EDGE_CURVE('',#2876,#2873,#1142,.T.);
#3607=EDGE_CURVE('',#2877,#2878,#1143,.T.);
#3608=EDGE_CURVE('',#2877,#2879,#1489,.T.);
#3609=EDGE_CURVE('',#2879,#2879,#1144,.T.);
#3610=EDGE_CURVE('',#2878,#2877,#1145,.T.);
#3611=EDGE_CURVE('',#2880,#2880,#1146,.T.);
#3612=EDGE_CURVE('',#2880,#2878,#1147,.T.);
#3613=EDGE_CURVE('',#2881,#2881,#1148,.T.);
#3614=EDGE_CURVE('',#2882,#2882,#1149,.T.);
#3615=EDGE_CURVE('',#2882,#2881,#1150,.T.);
#3616=EDGE_CURVE('',#2883,#2883,#1151,.T.);
#3617=EDGE_CURVE('',#2883,#2882,#1490,.T.);
#3618=EDGE_CURVE('',#2884,#2858,#1491,.T.);
#3619=EDGE_CURVE('',#2857,#2884,#1492,.T.);
#3620=EDGE_CURVE('',#2853,#2885,#1493,.T.);
#3621=EDGE_CURVE('',#2885,#2856,#1494,.T.);
#3622=EDGE_CURVE('',#2885,#2884,#1495,.T.);
#3623=EDGE_CURVE('',#2814,#2817,#1496,.T.);
#3624=EDGE_CURVE('',#2747,#2750,#1497,.T.);
#3625=EDGE_CURVE('',#2886,#2521,#1498,.T.);
#3626=EDGE_CURVE('',#2887,#2886,#1499,.T.);
#3627=EDGE_CURVE('',#2887,#2523,#1500,.T.);
#3628=EDGE_CURVE('',#2888,#2522,#1501,.T.);
#3629=EDGE_CURVE('',#2886,#2888,#1502,.T.);
#3630=EDGE_CURVE('',#2889,#2526,#1503,.T.);
#3631=EDGE_CURVE('',#2888,#2889,#1504,.T.);
#3632=EDGE_CURVE('',#2890,#2525,#1505,.T.);
#3633=EDGE_CURVE('',#2889,#2890,#1506,.T.);
#3634=EDGE_CURVE('',#2891,#2524,#1507,.T.);
#3635=EDGE_CURVE('',#2890,#2891,#1508,.T.);
#3636=EDGE_CURVE('',#2891,#2887,#1509,.T.);
#3637=EDGE_CURVE('',#2892,#2529,#1510,.T.);
#3638=EDGE_CURVE('',#2893,#2527,#1511,.T.);
#3639=EDGE_CURVE('',#2892,#2893,#289,.T.);
#3640=EDGE_CURVE('',#2894,#2528,#1512,.T.);
#3641=EDGE_CURVE('',#2893,#2894,#1513,.T.);
#3642=EDGE_CURVE('',#2895,#2540,#1514,.T.);
#3643=EDGE_CURVE('',#2894,#2895,#183,.T.);
#3644=EDGE_CURVE('',#2896,#2539,#1515,.T.);
#3645=EDGE_CURVE('',#2895,#2896,#184,.T.);
#3646=EDGE_CURVE('',#2897,#2538,#1516,.T.);
#3647=EDGE_CURVE('',#2896,#2897,#290,.T.);
#3648=EDGE_CURVE('',#2898,#2537,#1517,.T.);
#3649=EDGE_CURVE('',#2897,#2898,#291,.T.);
#3650=EDGE_CURVE('',#2899,#2536,#1518,.T.);
#3651=EDGE_CURVE('',#2898,#2899,#292,.T.);
#3652=EDGE_CURVE('',#2900,#2535,#1519,.T.);
#3653=EDGE_CURVE('',#2899,#2900,#293,.T.);
#3654=EDGE_CURVE('',#2901,#2534,#1520,.T.);
#3655=EDGE_CURVE('',#2900,#2901,#1521,.T.);
#3656=EDGE_CURVE('',#2902,#2533,#1522,.T.);
#3657=EDGE_CURVE('',#2901,#2902,#185,.T.);
#3658=EDGE_CURVE('',#2903,#2532,#1523,.T.);
#3659=EDGE_CURVE('',#2902,#2903,#294,.T.);
#3660=EDGE_CURVE('',#2904,#2531,#1524,.T.);
#3661=EDGE_CURVE('',#2903,#2904,#295,.T.);
#3662=EDGE_CURVE('',#2905,#2530,#1525,.T.);
#3663=EDGE_CURVE('',#2904,#2905,#186,.T.);
#3664=EDGE_CURVE('',#2905,#2892,#296,.T.);
#3665=EDGE_CURVE('',#2906,#2541,#1526,.T.);
#3666=EDGE_CURVE('',#2907,#2906,#1527,.T.);
#3667=EDGE_CURVE('',#2907,#2543,#1528,.T.);
#3668=EDGE_CURVE('',#2908,#2542,#1529,.T.);
#3669=EDGE_CURVE('',#2906,#2908,#1530,.T.);
#3670=EDGE_CURVE('',#2909,#2552,#1531,.T.);
#3671=EDGE_CURVE('',#2908,#2909,#1532,.T.);
#3672=EDGE_CURVE('',#2910,#2551,#1533,.T.);
#3673=EDGE_CURVE('',#2909,#2910,#1534,.T.);
#3674=EDGE_CURVE('',#2911,#2550,#1535,.T.);
#3675=EDGE_CURVE('',#2910,#2911,#1536,.T.);
#3676=EDGE_CURVE('',#2912,#2549,#1537,.T.);
#3677=EDGE_CURVE('',#2911,#2912,#1538,.T.);
#3678=EDGE_CURVE('',#2913,#2548,#1539,.T.);
#3679=EDGE_CURVE('',#2912,#2913,#1540,.T.);
#3680=EDGE_CURVE('',#2914,#2547,#1541,.T.);
#3681=EDGE_CURVE('',#2913,#2914,#1542,.T.);
#3682=EDGE_CURVE('',#2915,#2546,#1543,.T.);
#3683=EDGE_CURVE('',#2914,#2915,#1544,.T.);
#3684=EDGE_CURVE('',#2916,#2545,#1545,.T.);
#3685=EDGE_CURVE('',#2915,#2916,#1546,.T.);
#3686=EDGE_CURVE('',#2917,#2544,#1547,.T.);
#3687=EDGE_CURVE('',#2916,#2917,#1548,.T.);
#3688=EDGE_CURVE('',#2917,#2907,#1549,.T.);
#3689=EDGE_CURVE('',#2918,#2919,#1550,.T.);
#3690=EDGE_CURVE('',#2919,#2920,#187,.T.);
#3691=EDGE_CURVE('',#2920,#2921,#188,.T.);
#3692=EDGE_CURVE('',#2921,#2922,#297,.T.);
#3693=EDGE_CURVE('',#2922,#2923,#298,.T.);
#3694=EDGE_CURVE('',#2923,#2924,#1551,.T.);
#3695=EDGE_CURVE('',#2924,#2918,#1552,.T.);
#3696=EDGE_CURVE('',#2925,#2926,#1553,.T.);
#3697=EDGE_CURVE('',#2927,#2925,#1554,.T.);
#3698=EDGE_CURVE('',#2928,#2927,#189,.T.);
#3699=EDGE_CURVE('',#2929,#2928,#190,.T.);
#3700=EDGE_CURVE('',#2930,#2929,#191,.T.);
#3701=EDGE_CURVE('',#2931,#2930,#192,.T.);
#3702=EDGE_CURVE('',#2926,#2931,#1555,.T.);
#3703=EDGE_CURVE('',#2919,#2683,#1556,.T.);
#3704=EDGE_CURVE('',#2918,#2685,#1557,.T.);
#3705=EDGE_CURVE('',#2920,#2684,#1558,.T.);
#3706=EDGE_CURVE('',#2921,#2689,#1559,.T.);
#3707=EDGE_CURVE('',#2922,#2688,#1560,.T.);
#3708=EDGE_CURVE('',#2923,#2687,#1561,.T.);
#3709=EDGE_CURVE('',#2924,#2686,#1562,.T.);
#3710=EDGE_CURVE('',#2932,#2933,#1563,.T.);
#3711=EDGE_CURVE('',#2927,#2932,#1564,.T.);
#3712=EDGE_CURVE('',#2925,#2933,#1565,.T.);
#3713=EDGE_CURVE('',#2933,#2934,#1566,.T.);
#3714=EDGE_CURVE('',#2926,#2934,#1567,.T.);
#3715=EDGE_CURVE('',#2934,#2935,#1568,.T.);
#3716=EDGE_CURVE('',#2931,#2935,#1569,.T.);
#3717=EDGE_CURVE('',#2935,#2936,#193,.T.);
#3718=EDGE_CURVE('',#2930,#2936,#1570,.T.);
#3719=EDGE_CURVE('',#2936,#2937,#194,.T.);
#3720=EDGE_CURVE('',#2929,#2937,#1571,.T.);
#3721=EDGE_CURVE('',#2937,#2938,#195,.T.);
#3722=EDGE_CURVE('',#2928,#2938,#1572,.T.);
#3723=EDGE_CURVE('',#2938,#2932,#196,.T.);
#3724=EDGE_CURVE('',#2939,#2940,#1573,.T.);
#3725=EDGE_CURVE('',#2940,#2941,#1574,.T.);
#3726=EDGE_CURVE('',#2941,#2942,#1575,.T.);
#3727=EDGE_CURVE('',#2942,#2943,#1576,.T.);
#3728=EDGE_CURVE('',#2943,#2944,#1577,.T.);
#3729=EDGE_CURVE('',#2944,#2945,#1578,.T.);
#3730=EDGE_CURVE('',#2945,#2946,#1579,.T.);
#3731=EDGE_CURVE('',#2946,#2939,#1580,.T.);
#3732=EDGE_CURVE('',#2947,#2948,#1581,.T.);
#3733=EDGE_CURVE('',#2949,#2947,#1582,.T.);
#3734=EDGE_CURVE('',#2950,#2949,#299,.T.);
#3735=EDGE_CURVE('',#2951,#2950,#1583,.T.);
#3736=EDGE_CURVE('',#2952,#2951,#300,.T.);
#3737=EDGE_CURVE('',#2948,#2952,#1584,.T.);
#3738=EDGE_CURVE('',#2940,#2553,#1585,.T.);
#3739=EDGE_CURVE('',#2939,#2555,#1586,.T.);
#3740=EDGE_CURVE('',#2941,#2554,#1587,.T.);
#3741=EDGE_CURVE('',#2942,#2560,#1588,.T.);
#3742=EDGE_CURVE('',#2943,#2559,#1589,.T.);
#3743=EDGE_CURVE('',#2944,#2558,#1590,.T.);
#3744=EDGE_CURVE('',#2945,#2557,#1591,.T.);
#3745=EDGE_CURVE('',#2946,#2556,#1592,.T.);
#3746=EDGE_CURVE('',#2953,#2954,#1593,.T.);
#3747=EDGE_CURVE('',#2947,#2953,#1594,.T.);
#3748=EDGE_CURVE('',#2948,#2954,#1595,.T.);
#3749=EDGE_CURVE('',#2954,#2955,#1596,.T.);
#3750=EDGE_CURVE('',#2952,#2955,#1597,.T.);
#3751=EDGE_CURVE('',#2955,#2956,#301,.T.);
#3752=EDGE_CURVE('',#2951,#2956,#1598,.T.);
#3753=EDGE_CURVE('',#2956,#2957,#1599,.T.);
#3754=EDGE_CURVE('',#2950,#2957,#1600,.T.);
#3755=EDGE_CURVE('',#2957,#2958,#302,.T.);
#3756=EDGE_CURVE('',#2949,#2958,#1601,.T.);
#3757=EDGE_CURVE('',#2958,#2953,#1602,.T.);
#3758=EDGE_CURVE('',#2959,#2561,#1603,.T.);
#3759=EDGE_CURVE('',#2960,#2959,#1604,.T.);
#3760=EDGE_CURVE('',#2960,#2563,#1605,.T.);
#3761=EDGE_CURVE('',#2961,#2562,#1606,.T.);
#3762=EDGE_CURVE('',#2959,#2961,#1607,.T.);
#3763=EDGE_CURVE('',#2962,#2572,#1608,.T.);
#3764=EDGE_CURVE('',#2961,#2962,#1609,.T.);
#3765=EDGE_CURVE('',#2963,#2571,#1610,.T.);
#3766=EDGE_CURVE('',#2962,#2963,#1611,.T.);
#3767=EDGE_CURVE('',#2964,#2570,#1612,.T.);
#3768=EDGE_CURVE('',#2963,#2964,#1613,.T.);
#3769=EDGE_CURVE('',#2965,#2569,#1614,.T.);
#3770=EDGE_CURVE('',#2964,#2965,#1615,.T.);
#3771=EDGE_CURVE('',#2966,#2568,#1616,.T.);
#3772=EDGE_CURVE('',#2965,#2966,#1617,.T.);
#3773=EDGE_CURVE('',#2967,#2567,#1618,.T.);
#3774=EDGE_CURVE('',#2966,#2967,#1619,.T.);
#3775=EDGE_CURVE('',#2968,#2566,#1620,.T.);
#3776=EDGE_CURVE('',#2967,#2968,#1621,.T.);
#3777=EDGE_CURVE('',#2969,#2565,#1622,.T.);
#3778=EDGE_CURVE('',#2968,#2969,#1623,.T.);
#3779=EDGE_CURVE('',#2970,#2564,#1624,.T.);
#3780=EDGE_CURVE('',#2969,#2970,#1625,.T.);
#3781=EDGE_CURVE('',#2970,#2960,#1626,.T.);
#3782=EDGE_CURVE('',#2971,#2972,#303,.T.);
#3783=EDGE_CURVE('',#2972,#2973,#1627,.T.);
#3784=EDGE_CURVE('',#2973,#2974,#304,.T.);
#3785=EDGE_CURVE('',#2974,#2975,#197,.T.);
#3786=EDGE_CURVE('',#2975,#2976,#1628,.T.);
#3787=EDGE_CURVE('',#2976,#2977,#305,.T.);
#3788=EDGE_CURVE('',#2977,#2978,#306,.T.);
#3789=EDGE_CURVE('',#2978,#2979,#198,.T.);
#3790=EDGE_CURVE('',#2979,#2980,#199,.T.);
#3791=EDGE_CURVE('',#2980,#2981,#1629,.T.);
#3792=EDGE_CURVE('',#2981,#2982,#1630,.T.);
#3793=EDGE_CURVE('',#2982,#2983,#1631,.T.);
#3794=EDGE_CURVE('',#2983,#2984,#1632,.T.);
#3795=EDGE_CURVE('',#2984,#2971,#307,.T.);
#3796=EDGE_CURVE('',#2985,#2986,#200,.T.);
#3797=EDGE_CURVE('',#2987,#2985,#308,.T.);
#3798=EDGE_CURVE('',#2988,#2987,#1633,.T.);
#3799=EDGE_CURVE('',#2989,#2988,#1634,.T.);
#3800=EDGE_CURVE('',#2990,#2989,#309,.T.);
#3801=EDGE_CURVE('',#2991,#2990,#201,.T.);
#3802=EDGE_CURVE('',#2992,#2991,#202,.T.);
#3803=EDGE_CURVE('',#2986,#2992,#310,.T.);
#3804=EDGE_CURVE('',#2971,#2671,#1635,.T.);
#3805=EDGE_CURVE('',#2972,#2669,#1636,.T.);
#3806=EDGE_CURVE('',#2973,#2670,#1637,.T.);
#3807=EDGE_CURVE('',#2974,#2682,#1638,.T.);
#3808=EDGE_CURVE('',#2975,#2681,#1639,.T.);
#3809=EDGE_CURVE('',#2976,#2680,#1640,.T.);
#3810=EDGE_CURVE('',#2977,#2679,#1641,.T.);
#3811=EDGE_CURVE('',#2978,#2678,#1642,.T.);
#3812=EDGE_CURVE('',#2979,#2677,#1643,.T.);
#3813=EDGE_CURVE('',#2980,#2676,#1644,.T.);
#3814=EDGE_CURVE('',#2981,#2675,#1645,.T.);
#3815=EDGE_CURVE('',#2982,#2674,#1646,.T.);
#3816=EDGE_CURVE('',#2983,#2673,#1647,.T.);
#3817=EDGE_CURVE('',#2984,#2672,#1648,.T.);
#3818=EDGE_CURVE('',#2993,#2994,#311,.T.);
#3819=EDGE_CURVE('',#2987,#2993,#1649,.T.);
#3820=EDGE_CURVE('',#2985,#2994,#1650,.T.);
#3821=EDGE_CURVE('',#2994,#2995,#203,.T.);
#3822=EDGE_CURVE('',#2986,#2995,#1651,.T.);
#3823=EDGE_CURVE('',#2995,#2996,#312,.T.);
#3824=EDGE_CURVE('',#2992,#2996,#1652,.T.);
#3825=EDGE_CURVE('',#2996,#2997,#204,.T.);
#3826=EDGE_CURVE('',#2991,#2997,#1653,.T.);
#3827=EDGE_CURVE('',#2997,#2998,#205,.T.);
#3828=EDGE_CURVE('',#2990,#2998,#1654,.T.);
#3829=EDGE_CURVE('',#2998,#2999,#313,.T.);
#3830=EDGE_CURVE('',#2989,#2999,#1655,.T.);
#3831=EDGE_CURVE('',#2999,#3000,#1656,.T.);
#3832=EDGE_CURVE('',#2988,#3000,#1657,.T.);
#3833=EDGE_CURVE('',#3000,#2993,#1658,.T.);
#3834=EDGE_CURVE('',#3001,#2650,#1659,.T.);
#3835=EDGE_CURVE('',#3002,#2648,#1660,.T.);
#3836=EDGE_CURVE('',#3001,#3002,#314,.T.);
#3837=EDGE_CURVE('',#3003,#2649,#1661,.T.);
#3838=EDGE_CURVE('',#3002,#3003,#1662,.T.);
#3839=EDGE_CURVE('',#3004,#2668,#1663,.T.);
#3840=EDGE_CURVE('',#3003,#3004,#206,.T.);
#3841=EDGE_CURVE('',#3005,#2667,#1664,.T.);
#3842=EDGE_CURVE('',#3004,#3005,#207,.T.);
#3843=EDGE_CURVE('',#3006,#2666,#1665,.T.);
#3844=EDGE_CURVE('',#3005,#3006,#208,.T.);
#3845=EDGE_CURVE('',#3007,#2665,#1666,.T.);
#3846=EDGE_CURVE('',#3006,#3007,#209,.T.);
#3847=EDGE_CURVE('',#3008,#2664,#1667,.T.);
#3848=EDGE_CURVE('',#3007,#3008,#210,.T.);
#3849=EDGE_CURVE('',#3009,#2663,#1668,.T.);
#3850=EDGE_CURVE('',#3008,#3009,#211,.T.);
#3851=EDGE_CURVE('',#3010,#2662,#1669,.T.);
#3852=EDGE_CURVE('',#3009,#3010,#315,.T.);
#3853=EDGE_CURVE('',#3011,#2661,#1670,.T.);
#3854=EDGE_CURVE('',#3010,#3011,#212,.T.);
#3855=EDGE_CURVE('',#3012,#2660,#1671,.T.);
#3856=EDGE_CURVE('',#3011,#3012,#316,.T.);
#3857=EDGE_CURVE('',#3013,#2659,#1672,.T.);
#3858=EDGE_CURVE('',#3012,#3013,#317,.T.);
#3859=EDGE_CURVE('',#3014,#2658,#1673,.T.);
#3860=EDGE_CURVE('',#3013,#3014,#1674,.T.);
#3861=EDGE_CURVE('',#3015,#2657,#1675,.T.);
#3862=EDGE_CURVE('',#3014,#3015,#318,.T.);
#3863=EDGE_CURVE('',#3016,#2656,#1676,.T.);
#3864=EDGE_CURVE('',#3015,#3016,#319,.T.);
#3865=EDGE_CURVE('',#3017,#2655,#1677,.T.);
#3866=EDGE_CURVE('',#3016,#3017,#320,.T.);
#3867=EDGE_CURVE('',#3018,#2654,#1678,.T.);
#3868=EDGE_CURVE('',#3017,#3018,#213,.T.);
#3869=EDGE_CURVE('',#3019,#2653,#1679,.T.);
#3870=EDGE_CURVE('',#3018,#3019,#214,.T.);
#3871=EDGE_CURVE('',#3020,#2652,#1680,.T.);
#3872=EDGE_CURVE('',#3019,#3020,#215,.T.);
#3873=EDGE_CURVE('',#3021,#2651,#1681,.T.);
#3874=EDGE_CURVE('',#3020,#3021,#321,.T.);
#3875=EDGE_CURVE('',#3021,#3001,#216,.T.);
#3876=EDGE_CURVE('',#3022,#2633,#1682,.T.);
#3877=EDGE_CURVE('',#3023,#3022,#1683,.T.);
#3878=EDGE_CURVE('',#3023,#2635,#1684,.T.);
#3879=EDGE_CURVE('',#3024,#2634,#1685,.T.);
#3880=EDGE_CURVE('',#3022,#3024,#1686,.T.);
#3881=EDGE_CURVE('',#3025,#2647,#1687,.T.);
#3882=EDGE_CURVE('',#3024,#3025,#322,.T.);
#3883=EDGE_CURVE('',#3026,#2646,#1688,.T.);
#3884=EDGE_CURVE('',#3025,#3026,#1689,.T.);
#3885=EDGE_CURVE('',#3027,#2645,#1690,.T.);
#3886=EDGE_CURVE('',#3026,#3027,#1691,.T.);
#3887=EDGE_CURVE('',#3028,#2644,#1692,.T.);
#3888=EDGE_CURVE('',#3027,#3028,#1693,.T.);
#3889=EDGE_CURVE('',#3029,#2643,#1694,.T.);
#3890=EDGE_CURVE('',#3028,#3029,#1695,.T.);
#3891=EDGE_CURVE('',#3030,#2642,#1696,.T.);
#3892=EDGE_CURVE('',#3029,#3030,#1697,.T.);
#3893=EDGE_CURVE('',#3031,#2641,#1698,.T.);
#3894=EDGE_CURVE('',#3030,#3031,#1699,.T.);
#3895=EDGE_CURVE('',#3032,#2640,#1700,.T.);
#3896=EDGE_CURVE('',#3031,#3032,#323,.T.);
#3897=EDGE_CURVE('',#3033,#2639,#1701,.T.);
#3898=EDGE_CURVE('',#3032,#3033,#324,.T.);
#3899=EDGE_CURVE('',#3034,#2638,#1702,.T.);
#3900=EDGE_CURVE('',#3033,#3034,#1703,.T.);
#3901=EDGE_CURVE('',#3035,#2637,#1704,.T.);
#3902=EDGE_CURVE('',#3034,#3035,#217,.T.);
#3903=EDGE_CURVE('',#3036,#2636,#1705,.T.);
#3904=EDGE_CURVE('',#3035,#3036,#325,.T.);
#3905=EDGE_CURVE('',#3036,#3023,#1706,.T.);
#3906=EDGE_CURVE('',#3037,#2621,#1707,.T.);
#3907=EDGE_CURVE('',#3038,#3037,#1708,.T.);
#3908=EDGE_CURVE('',#3038,#2623,#1709,.T.);
#3909=EDGE_CURVE('',#3039,#2622,#1710,.T.);
#3910=EDGE_CURVE('',#3037,#3039,#1711,.T.);
#3911=EDGE_CURVE('',#3040,#2632,#1712,.T.);
#3912=EDGE_CURVE('',#3039,#3040,#1713,.T.);
#3913=EDGE_CURVE('',#3041,#2631,#1714,.T.);
#3914=EDGE_CURVE('',#3040,#3041,#1715,.T.);
#3915=EDGE_CURVE('',#3042,#2630,#1716,.T.);
#3916=EDGE_CURVE('',#3041,#3042,#1717,.T.);
#3917=EDGE_CURVE('',#3043,#2629,#1718,.T.);
#3918=EDGE_CURVE('',#3042,#3043,#1719,.T.);
#3919=EDGE_CURVE('',#3044,#2628,#1720,.T.);
#3920=EDGE_CURVE('',#3043,#3044,#1721,.T.);
#3921=EDGE_CURVE('',#3045,#2627,#1722,.T.);
#3922=EDGE_CURVE('',#3044,#3045,#1723,.T.);
#3923=EDGE_CURVE('',#3046,#2626,#1724,.T.);
#3924=EDGE_CURVE('',#3045,#3046,#1725,.T.);
#3925=EDGE_CURVE('',#3047,#2625,#1726,.T.);
#3926=EDGE_CURVE('',#3046,#3047,#1727,.T.);
#3927=EDGE_CURVE('',#3048,#2624,#1728,.T.);
#3928=EDGE_CURVE('',#3047,#3048,#1729,.T.);
#3929=EDGE_CURVE('',#3048,#3038,#1730,.T.);
#3930=EDGE_CURVE('',#3049,#3050,#1731,.T.);
#3931=EDGE_CURVE('',#3050,#3051,#218,.T.);
#3932=EDGE_CURVE('',#3051,#3052,#219,.T.);
#3933=EDGE_CURVE('',#3052,#3053,#326,.T.);
#3934=EDGE_CURVE('',#3053,#3054,#327,.T.);
#3935=EDGE_CURVE('',#3054,#3055,#1732,.T.);
#3936=EDGE_CURVE('',#3055,#3049,#1733,.T.);
#3937=EDGE_CURVE('',#3056,#3057,#1734,.T.);
#3938=EDGE_CURVE('',#3058,#3056,#1735,.T.);
#3939=EDGE_CURVE('',#3059,#3058,#220,.T.);
#3940=EDGE_CURVE('',#3060,#3059,#221,.T.);
#3941=EDGE_CURVE('',#3061,#3060,#222,.T.);
#3942=EDGE_CURVE('',#3062,#3061,#223,.T.);
#3943=EDGE_CURVE('',#3057,#3062,#1736,.T.);
#3944=EDGE_CURVE('',#3050,#2573,#1737,.T.);
#3945=EDGE_CURVE('',#3049,#2575,#1738,.T.);
#3946=EDGE_CURVE('',#3051,#2574,#1739,.T.);
#3947=EDGE_CURVE('',#3052,#2579,#1740,.T.);
#3948=EDGE_CURVE('',#3053,#2578,#1741,.T.);
#3949=EDGE_CURVE('',#3054,#2577,#1742,.T.);
#3950=EDGE_CURVE('',#3055,#2576,#1743,.T.);
#3951=EDGE_CURVE('',#3063,#3064,#1744,.T.);
#3952=EDGE_CURVE('',#3058,#3063,#1745,.T.);
#3953=EDGE_CURVE('',#3056,#3064,#1746,.T.);
#3954=EDGE_CURVE('',#3064,#3065,#1747,.T.);
#3955=EDGE_CURVE('',#3057,#3065,#1748,.T.);
#3956=EDGE_CURVE('',#3065,#3066,#1749,.T.);
#3957=EDGE_CURVE('',#3062,#3066,#1750,.T.);
#3958=EDGE_CURVE('',#3066,#3067,#224,.T.);
#3959=EDGE_CURVE('',#3061,#3067,#1751,.T.);
#3960=EDGE_CURVE('',#3067,#3068,#225,.T.);
#3961=EDGE_CURVE('',#3060,#3068,#1752,.T.);
#3962=EDGE_CURVE('',#3068,#3069,#226,.T.);
#3963=EDGE_CURVE('',#3059,#3069,#1753,.T.);
#3964=EDGE_CURVE('',#3069,#3063,#227,.T.);
#3965=EDGE_CURVE('',#3070,#3071,#1754,.T.);
#3966=EDGE_CURVE('',#3071,#3072,#1755,.T.);
#3967=EDGE_CURVE('',#3072,#3073,#1756,.T.);
#3968=EDGE_CURVE('',#3073,#3074,#1757,.T.);
#3969=EDGE_CURVE('',#3074,#3075,#1758,.T.);
#3970=EDGE_CURVE('',#3075,#3076,#1759,.T.);
#3971=EDGE_CURVE('',#3076,#3077,#1760,.T.);
#3972=EDGE_CURVE('',#3077,#3070,#1761,.T.);
#3973=EDGE_CURVE('',#3078,#3079,#1762,.T.);
#3974=EDGE_CURVE('',#3080,#3078,#1763,.T.);
#3975=EDGE_CURVE('',#3081,#3080,#328,.T.);
#3976=EDGE_CURVE('',#3082,#3081,#1764,.T.);
#3977=EDGE_CURVE('',#3083,#3082,#329,.T.);
#3978=EDGE_CURVE('',#3079,#3083,#1765,.T.);
#3979=EDGE_CURVE('',#3071,#2613,#1766,.T.);
#3980=EDGE_CURVE('',#3070,#2615,#1767,.T.);
#3981=EDGE_CURVE('',#3072,#2614,#1768,.T.);
#3982=EDGE_CURVE('',#3073,#2620,#1769,.T.);
#3983=EDGE_CURVE('',#3074,#2619,#1770,.T.);
#3984=EDGE_CURVE('',#3075,#2618,#1771,.T.);
#3985=EDGE_CURVE('',#3076,#2617,#1772,.T.);
#3986=EDGE_CURVE('',#3077,#2616,#1773,.T.);
#3987=EDGE_CURVE('',#3084,#3085,#1774,.T.);
#3988=EDGE_CURVE('',#3078,#3084,#1775,.T.);
#3989=EDGE_CURVE('',#3079,#3085,#1776,.T.);
#3990=EDGE_CURVE('',#3085,#3086,#1777,.T.);
#3991=EDGE_CURVE('',#3083,#3086,#1778,.T.);
#3992=EDGE_CURVE('',#3086,#3087,#330,.T.);
#3993=EDGE_CURVE('',#3082,#3087,#1779,.T.);
#3994=EDGE_CURVE('',#3087,#3088,#1780,.T.);
#3995=EDGE_CURVE('',#3081,#3088,#1781,.T.);
#3996=EDGE_CURVE('',#3088,#3089,#331,.T.);
#3997=EDGE_CURVE('',#3080,#3089,#1782,.T.);
#3998=EDGE_CURVE('',#3089,#3084,#1783,.T.);
#3999=EDGE_CURVE('',#3090,#3091,#332,.T.);
#4000=EDGE_CURVE('',#3091,#3092,#228,.T.);
#4001=EDGE_CURVE('',#3092,#3093,#333,.T.);
#4002=EDGE_CURVE('',#3093,#3094,#229,.T.);
#4003=EDGE_CURVE('',#3094,#3095,#334,.T.);
#4004=EDGE_CURVE('',#3095,#3096,#335,.T.);
#4005=EDGE_CURVE('',#3096,#3097,#230,.T.);
#4006=EDGE_CURVE('',#3097,#3098,#231,.T.);
#4007=EDGE_CURVE('',#3098,#3099,#232,.T.);
#4008=EDGE_CURVE('',#3099,#3100,#233,.T.);
#4009=EDGE_CURVE('',#3100,#3101,#336,.T.);
#4010=EDGE_CURVE('',#3101,#3102,#337,.T.);
#4011=EDGE_CURVE('',#3102,#3103,#1784,.T.);
#4012=EDGE_CURVE('',#3103,#3104,#1785,.T.);
#4013=EDGE_CURVE('',#3104,#3105,#1786,.T.);
#4014=EDGE_CURVE('',#3105,#3106,#1787,.T.);
#4015=EDGE_CURVE('',#3106,#3107,#338,.T.);
#4016=EDGE_CURVE('',#3107,#3108,#339,.T.);
#4017=EDGE_CURVE('',#3108,#3109,#340,.T.);
#4018=EDGE_CURVE('',#3109,#3110,#341,.T.);
#4019=EDGE_CURVE('',#3110,#3111,#342,.T.);
#4020=EDGE_CURVE('',#3111,#3112,#343,.T.);
#4021=EDGE_CURVE('',#3112,#3113,#344,.T.);
#4022=EDGE_CURVE('',#3113,#3114,#1788,.T.);
#4023=EDGE_CURVE('',#3114,#3115,#345,.T.);
#4024=EDGE_CURVE('',#3115,#3116,#346,.T.);
#4025=EDGE_CURVE('',#3116,#3117,#1789,.T.);
#4026=EDGE_CURVE('',#3117,#3118,#347,.T.);
#4027=EDGE_CURVE('',#3118,#3119,#348,.T.);
#4028=EDGE_CURVE('',#3119,#3120,#349,.T.);
#4029=EDGE_CURVE('',#3120,#3121,#1790,.T.);
#4030=EDGE_CURVE('',#3121,#3122,#234,.T.);
#4031=EDGE_CURVE('',#3122,#3090,#235,.T.);
#4032=EDGE_CURVE('',#3123,#3124,#350,.T.);
#4033=EDGE_CURVE('',#3124,#3123,#351,.T.);
#4034=EDGE_CURVE('',#3090,#2582,#1791,.T.);
#4035=EDGE_CURVE('',#3091,#2580,#1792,.T.);
#4036=EDGE_CURVE('',#3092,#2581,#1793,.T.);
#4037=EDGE_CURVE('',#3093,#2612,#1794,.T.);
#4038=EDGE_CURVE('',#3094,#2611,#1795,.T.);
#4039=EDGE_CURVE('',#3095,#2610,#1796,.T.);
#4040=EDGE_CURVE('',#3096,#2609,#1797,.T.);
#4041=EDGE_CURVE('',#3097,#2608,#1798,.T.);
#4042=EDGE_CURVE('',#3098,#2607,#1799,.T.);
#4043=EDGE_CURVE('',#3099,#2606,#1800,.T.);
#4044=EDGE_CURVE('',#3100,#2605,#1801,.T.);
#4045=EDGE_CURVE('',#3101,#2604,#1802,.T.);
#4046=EDGE_CURVE('',#3102,#2603,#1803,.T.);
#4047=EDGE_CURVE('',#3103,#2602,#1804,.T.);
#4048=EDGE_CURVE('',#3104,#2601,#1805,.T.);
#4049=EDGE_CURVE('',#3105,#2600,#1806,.T.);
#4050=EDGE_CURVE('',#3106,#2599,#1807,.T.);
#4051=EDGE_CURVE('',#3107,#2598,#1808,.T.);
#4052=EDGE_CURVE('',#3108,#2597,#1809,.T.);
#4053=EDGE_CURVE('',#3109,#2596,#1810,.T.);
#4054=EDGE_CURVE('',#3110,#2595,#1811,.T.);
#4055=EDGE_CURVE('',#3111,#2594,#1812,.T.);
#4056=EDGE_CURVE('',#3112,#2593,#1813,.T.);
#4057=EDGE_CURVE('',#3113,#2592,#1814,.T.);
#4058=EDGE_CURVE('',#3114,#2591,#1815,.T.);
#4059=EDGE_CURVE('',#3115,#2590,#1816,.T.);
#4060=EDGE_CURVE('',#3116,#2589,#1817,.T.);
#4061=EDGE_CURVE('',#3117,#2588,#1818,.T.);
#4062=EDGE_CURVE('',#3118,#2587,#1819,.T.);
#4063=EDGE_CURVE('',#3119,#2586,#1820,.T.);
#4064=EDGE_CURVE('',#3120,#2585,#1821,.T.);
#4065=EDGE_CURVE('',#3121,#2584,#1822,.T.);
#4066=EDGE_CURVE('',#3122,#2583,#1823,.T.);
#4067=EDGE_CURVE('',#3125,#3126,#352,.T.);
#4068=EDGE_CURVE('',#3123,#3125,#1824,.T.);
#4069=EDGE_CURVE('',#3124,#3126,#1825,.T.);
#4070=EDGE_CURVE('',#3126,#3125,#353,.T.);
#4071=ORIENTED_EDGE('',*,*,#3127,.T.);
#4072=ORIENTED_EDGE('',*,*,#3128,.T.);
#4073=ORIENTED_EDGE('',*,*,#3129,.T.);
#4074=ORIENTED_EDGE('',*,*,#3130,.T.);
#4075=ORIENTED_EDGE('',*,*,#3131,.T.);
#4076=ORIENTED_EDGE('',*,*,#3132,.T.);
#4077=ORIENTED_EDGE('',*,*,#3133,.T.);
#4078=ORIENTED_EDGE('',*,*,#3134,.F.);
#4079=ORIENTED_EDGE('',*,*,#3135,.T.);
#4080=ORIENTED_EDGE('',*,*,#3136,.T.);
#4081=ORIENTED_EDGE('',*,*,#3137,.T.);
#4082=ORIENTED_EDGE('',*,*,#3138,.T.);
#4083=ORIENTED_EDGE('',*,*,#3139,.T.);
#4084=ORIENTED_EDGE('',*,*,#3140,.T.);
#4085=ORIENTED_EDGE('',*,*,#3141,.T.);
#4086=ORIENTED_EDGE('',*,*,#3142,.T.);
#4087=ORIENTED_EDGE('',*,*,#3143,.T.);
#4088=ORIENTED_EDGE('',*,*,#3144,.T.);
#4089=ORIENTED_EDGE('',*,*,#3145,.T.);
#4090=ORIENTED_EDGE('',*,*,#3146,.T.);
#4091=ORIENTED_EDGE('',*,*,#3147,.F.);
#4092=ORIENTED_EDGE('',*,*,#3148,.F.);
#4093=ORIENTED_EDGE('',*,*,#3149,.F.);
#4094=ORIENTED_EDGE('',*,*,#3150,.F.);
#4095=ORIENTED_EDGE('',*,*,#3151,.F.);
#4096=ORIENTED_EDGE('',*,*,#3152,.F.);
#4097=ORIENTED_EDGE('',*,*,#3153,.F.);
#4098=ORIENTED_EDGE('',*,*,#3154,.F.);
#4099=ORIENTED_EDGE('',*,*,#3155,.F.);
#4100=ORIENTED_EDGE('',*,*,#3156,.F.);
#4101=ORIENTED_EDGE('',*,*,#3157,.F.);
#4102=ORIENTED_EDGE('',*,*,#3158,.F.);
#4103=ORIENTED_EDGE('',*,*,#3159,.F.);
#4104=ORIENTED_EDGE('',*,*,#3160,.F.);
#4105=ORIENTED_EDGE('',*,*,#3161,.F.);
#4106=ORIENTED_EDGE('',*,*,#3162,.F.);
#4107=ORIENTED_EDGE('',*,*,#3163,.F.);
#4108=ORIENTED_EDGE('',*,*,#3164,.F.);
#4109=ORIENTED_EDGE('',*,*,#3165,.F.);
#4110=ORIENTED_EDGE('',*,*,#3166,.F.);
#4111=ORIENTED_EDGE('',*,*,#3167,.F.);
#4112=ORIENTED_EDGE('',*,*,#3168,.F.);
#4113=ORIENTED_EDGE('',*,*,#3169,.F.);
#4114=ORIENTED_EDGE('',*,*,#3170,.F.);
#4115=ORIENTED_EDGE('',*,*,#3171,.F.);
#4116=ORIENTED_EDGE('',*,*,#3172,.F.);
#4117=ORIENTED_EDGE('',*,*,#3173,.F.);
#4118=ORIENTED_EDGE('',*,*,#3174,.F.);
#4119=ORIENTED_EDGE('',*,*,#3175,.F.);
#4120=ORIENTED_EDGE('',*,*,#3176,.F.);
#4121=ORIENTED_EDGE('',*,*,#3177,.F.);
#4122=ORIENTED_EDGE('',*,*,#3178,.F.);
#4123=ORIENTED_EDGE('',*,*,#3179,.F.);
#4124=ORIENTED_EDGE('',*,*,#3180,.F.);
#4125=ORIENTED_EDGE('',*,*,#3181,.F.);
#4126=ORIENTED_EDGE('',*,*,#3182,.F.);
#4127=ORIENTED_EDGE('',*,*,#3183,.F.);
#4128=ORIENTED_EDGE('',*,*,#3184,.F.);
#4129=ORIENTED_EDGE('',*,*,#3185,.F.);
#4130=ORIENTED_EDGE('',*,*,#3186,.F.);
#4131=ORIENTED_EDGE('',*,*,#3187,.F.);
#4132=ORIENTED_EDGE('',*,*,#3188,.F.);
#4133=ORIENTED_EDGE('',*,*,#3189,.F.);
#4134=ORIENTED_EDGE('',*,*,#3190,.F.);
#4135=ORIENTED_EDGE('',*,*,#3191,.F.);
#4136=ORIENTED_EDGE('',*,*,#3192,.F.);
#4137=ORIENTED_EDGE('',*,*,#3193,.F.);
#4138=ORIENTED_EDGE('',*,*,#3194,.F.);
#4139=ORIENTED_EDGE('',*,*,#3195,.F.);
#4140=ORIENTED_EDGE('',*,*,#3196,.F.);
#4141=ORIENTED_EDGE('',*,*,#3197,.F.);
#4142=ORIENTED_EDGE('',*,*,#3198,.F.);
#4143=ORIENTED_EDGE('',*,*,#3199,.F.);
#4144=ORIENTED_EDGE('',*,*,#3200,.F.);
#4145=ORIENTED_EDGE('',*,*,#3201,.F.);
#4146=ORIENTED_EDGE('',*,*,#3202,.F.);
#4147=ORIENTED_EDGE('',*,*,#3203,.F.);
#4148=ORIENTED_EDGE('',*,*,#3204,.F.);
#4149=ORIENTED_EDGE('',*,*,#3205,.F.);
#4150=ORIENTED_EDGE('',*,*,#3206,.F.);
#4151=ORIENTED_EDGE('',*,*,#3207,.F.);
#4152=ORIENTED_EDGE('',*,*,#3208,.F.);
#4153=ORIENTED_EDGE('',*,*,#3209,.F.);
#4154=ORIENTED_EDGE('',*,*,#3210,.F.);
#4155=ORIENTED_EDGE('',*,*,#3211,.F.);
#4156=ORIENTED_EDGE('',*,*,#3212,.F.);
#4157=ORIENTED_EDGE('',*,*,#3213,.F.);
#4158=ORIENTED_EDGE('',*,*,#3214,.F.);
#4159=ORIENTED_EDGE('',*,*,#3215,.F.);
#4160=ORIENTED_EDGE('',*,*,#3216,.F.);
#4161=ORIENTED_EDGE('',*,*,#3217,.F.);
#4162=ORIENTED_EDGE('',*,*,#3218,.F.);
#4163=ORIENTED_EDGE('',*,*,#3219,.F.);
#4164=ORIENTED_EDGE('',*,*,#3220,.F.);
#4165=ORIENTED_EDGE('',*,*,#3221,.F.);
#4166=ORIENTED_EDGE('',*,*,#3222,.F.);
#4167=ORIENTED_EDGE('',*,*,#3223,.F.);
#4168=ORIENTED_EDGE('',*,*,#3224,.F.);
#4169=ORIENTED_EDGE('',*,*,#3225,.F.);
#4170=ORIENTED_EDGE('',*,*,#3226,.F.);
#4171=ORIENTED_EDGE('',*,*,#3227,.F.);
#4172=ORIENTED_EDGE('',*,*,#3228,.F.);
#4173=ORIENTED_EDGE('',*,*,#3229,.F.);
#4174=ORIENTED_EDGE('',*,*,#3230,.F.);
#4175=ORIENTED_EDGE('',*,*,#3231,.F.);
#4176=ORIENTED_EDGE('',*,*,#3232,.F.);
#4177=ORIENTED_EDGE('',*,*,#3233,.F.);
#4178=ORIENTED_EDGE('',*,*,#3234,.F.);
#4179=ORIENTED_EDGE('',*,*,#3235,.F.);
#4180=ORIENTED_EDGE('',*,*,#3236,.F.);
#4181=ORIENTED_EDGE('',*,*,#3237,.F.);
#4182=ORIENTED_EDGE('',*,*,#3238,.F.);
#4183=ORIENTED_EDGE('',*,*,#3239,.F.);
#4184=ORIENTED_EDGE('',*,*,#3240,.F.);
#4185=ORIENTED_EDGE('',*,*,#3241,.F.);
#4186=ORIENTED_EDGE('',*,*,#3242,.F.);
#4187=ORIENTED_EDGE('',*,*,#3243,.F.);
#4188=ORIENTED_EDGE('',*,*,#3244,.F.);
#4189=ORIENTED_EDGE('',*,*,#3245,.F.);
#4190=ORIENTED_EDGE('',*,*,#3246,.F.);
#4191=ORIENTED_EDGE('',*,*,#3247,.F.);
#4192=ORIENTED_EDGE('',*,*,#3248,.F.);
#4193=ORIENTED_EDGE('',*,*,#3249,.F.);
#4194=ORIENTED_EDGE('',*,*,#3250,.F.);
#4195=ORIENTED_EDGE('',*,*,#3251,.F.);
#4196=ORIENTED_EDGE('',*,*,#3252,.F.);
#4197=ORIENTED_EDGE('',*,*,#3253,.F.);
#4198=ORIENTED_EDGE('',*,*,#3254,.F.);
#4199=ORIENTED_EDGE('',*,*,#3255,.F.);
#4200=ORIENTED_EDGE('',*,*,#3256,.F.);
#4201=ORIENTED_EDGE('',*,*,#3257,.F.);
#4202=ORIENTED_EDGE('',*,*,#3258,.F.);
#4203=ORIENTED_EDGE('',*,*,#3259,.F.);
#4204=ORIENTED_EDGE('',*,*,#3260,.F.);
#4205=ORIENTED_EDGE('',*,*,#3261,.F.);
#4206=ORIENTED_EDGE('',*,*,#3262,.F.);
#4207=ORIENTED_EDGE('',*,*,#3263,.F.);
#4208=ORIENTED_EDGE('',*,*,#3264,.F.);
#4209=ORIENTED_EDGE('',*,*,#3265,.F.);
#4210=ORIENTED_EDGE('',*,*,#3266,.F.);
#4211=ORIENTED_EDGE('',*,*,#3267,.F.);
#4212=ORIENTED_EDGE('',*,*,#3268,.F.);
#4213=ORIENTED_EDGE('',*,*,#3269,.F.);
#4214=ORIENTED_EDGE('',*,*,#3270,.F.);
#4215=ORIENTED_EDGE('',*,*,#3271,.F.);
#4216=ORIENTED_EDGE('',*,*,#3272,.F.);
#4217=ORIENTED_EDGE('',*,*,#3273,.F.);
#4218=ORIENTED_EDGE('',*,*,#3274,.F.);
#4219=ORIENTED_EDGE('',*,*,#3275,.F.);
#4220=ORIENTED_EDGE('',*,*,#3276,.F.);
#4221=ORIENTED_EDGE('',*,*,#3277,.F.);
#4222=ORIENTED_EDGE('',*,*,#3278,.F.);
#4223=ORIENTED_EDGE('',*,*,#3279,.F.);
#4224=ORIENTED_EDGE('',*,*,#3280,.F.);
#4225=ORIENTED_EDGE('',*,*,#3281,.F.);
#4226=ORIENTED_EDGE('',*,*,#3282,.F.);
#4227=ORIENTED_EDGE('',*,*,#3283,.F.);
#4228=ORIENTED_EDGE('',*,*,#3284,.F.);
#4229=ORIENTED_EDGE('',*,*,#3285,.F.);
#4230=ORIENTED_EDGE('',*,*,#3286,.F.);
#4231=ORIENTED_EDGE('',*,*,#3287,.F.);
#4232=ORIENTED_EDGE('',*,*,#3288,.F.);
#4233=ORIENTED_EDGE('',*,*,#3289,.F.);
#4234=ORIENTED_EDGE('',*,*,#3290,.F.);
#4235=ORIENTED_EDGE('',*,*,#3291,.F.);
#4236=ORIENTED_EDGE('',*,*,#3292,.F.);
#4237=ORIENTED_EDGE('',*,*,#3293,.F.);
#4238=ORIENTED_EDGE('',*,*,#3294,.F.);
#4239=ORIENTED_EDGE('',*,*,#3295,.F.);
#4240=ORIENTED_EDGE('',*,*,#3296,.F.);
#4241=ORIENTED_EDGE('',*,*,#3297,.F.);
#4242=ORIENTED_EDGE('',*,*,#3298,.F.);
#4243=ORIENTED_EDGE('',*,*,#3299,.F.);
#4244=ORIENTED_EDGE('',*,*,#3300,.F.);
#4245=ORIENTED_EDGE('',*,*,#3301,.F.);
#4246=ORIENTED_EDGE('',*,*,#3302,.F.);
#4247=ORIENTED_EDGE('',*,*,#3303,.F.);
#4248=ORIENTED_EDGE('',*,*,#3304,.F.);
#4249=ORIENTED_EDGE('',*,*,#3305,.F.);
#4250=ORIENTED_EDGE('',*,*,#3306,.F.);
#4251=ORIENTED_EDGE('',*,*,#3307,.F.);
#4252=ORIENTED_EDGE('',*,*,#3308,.F.);
#4253=ORIENTED_EDGE('',*,*,#3309,.F.);
#4254=ORIENTED_EDGE('',*,*,#3310,.F.);
#4255=ORIENTED_EDGE('',*,*,#3311,.F.);
#4256=ORIENTED_EDGE('',*,*,#3312,.F.);
#4257=ORIENTED_EDGE('',*,*,#3313,.F.);
#4258=ORIENTED_EDGE('',*,*,#3314,.F.);
#4259=ORIENTED_EDGE('',*,*,#3315,.F.);
#4260=ORIENTED_EDGE('',*,*,#3316,.F.);
#4261=ORIENTED_EDGE('',*,*,#3317,.T.);
#4262=ORIENTED_EDGE('',*,*,#3318,.T.);
#4263=ORIENTED_EDGE('',*,*,#3319,.F.);
#4264=ORIENTED_EDGE('',*,*,#3320,.T.);
#4265=ORIENTED_EDGE('',*,*,#3321,.F.);
#4266=ORIENTED_EDGE('',*,*,#3322,.T.);
#4267=ORIENTED_EDGE('',*,*,#3323,.T.);
#4268=ORIENTED_EDGE('',*,*,#3324,.F.);
#4269=ORIENTED_EDGE('',*,*,#3325,.F.);
#4270=ORIENTED_EDGE('',*,*,#3326,.T.);
#4271=ORIENTED_EDGE('',*,*,#3321,.T.);
#4272=ORIENTED_EDGE('',*,*,#3327,.F.);
#4273=ORIENTED_EDGE('',*,*,#3328,.F.);
#4274=ORIENTED_EDGE('',*,*,#3329,.T.);
#4275=ORIENTED_EDGE('',*,*,#3325,.T.);
#4276=ORIENTED_EDGE('',*,*,#3330,.F.);
#4277=ORIENTED_EDGE('',*,*,#3331,.F.);
#4278=ORIENTED_EDGE('',*,*,#3332,.T.);
#4279=ORIENTED_EDGE('',*,*,#3328,.T.);
#4280=ORIENTED_EDGE('',*,*,#3333,.F.);
#4281=ORIENTED_EDGE('',*,*,#3334,.F.);
#4282=ORIENTED_EDGE('',*,*,#3335,.F.);
#4283=ORIENTED_EDGE('',*,*,#3336,.T.);
#4284=ORIENTED_EDGE('',*,*,#3337,.T.);
#4285=ORIENTED_EDGE('',*,*,#3338,.F.);
#4286=ORIENTED_EDGE('',*,*,#3339,.F.);
#4287=ORIENTED_EDGE('',*,*,#3340,.T.);
#4288=ORIENTED_EDGE('',*,*,#3341,.T.);
#4289=ORIENTED_EDGE('',*,*,#3342,.F.);
#4290=ORIENTED_EDGE('',*,*,#3343,.T.);
#4291=ORIENTED_EDGE('',*,*,#3344,.T.);
#4292=ORIENTED_EDGE('',*,*,#3345,.F.);
#4293=ORIENTED_EDGE('',*,*,#3323,.F.);
#4294=ORIENTED_EDGE('',*,*,#3346,.T.);
#4295=ORIENTED_EDGE('',*,*,#3347,.T.);
#4296=ORIENTED_EDGE('',*,*,#3348,.F.);
#4297=ORIENTED_EDGE('',*,*,#3349,.F.);
#4298=ORIENTED_EDGE('',*,*,#3350,.T.);
#4299=ORIENTED_EDGE('',*,*,#3351,.F.);
#4300=ORIENTED_EDGE('',*,*,#3352,.T.);
#4301=ORIENTED_EDGE('',*,*,#3350,.F.);
#4302=ORIENTED_EDGE('',*,*,#3353,.T.);
#4303=ORIENTED_EDGE('',*,*,#3354,.F.);
#4304=ORIENTED_EDGE('',*,*,#3355,.F.);
#4305=ORIENTED_EDGE('',*,*,#3356,.T.);
#4306=ORIENTED_EDGE('',*,*,#3357,.T.);
#4307=ORIENTED_EDGE('',*,*,#3358,.F.);
#4308=ORIENTED_EDGE('',*,*,#3359,.F.);
#4309=ORIENTED_EDGE('',*,*,#3360,.T.);
#4310=ORIENTED_EDGE('',*,*,#3361,.T.);
#4311=ORIENTED_EDGE('',*,*,#3362,.T.);
#4312=ORIENTED_EDGE('',*,*,#3363,.F.);
#4313=ORIENTED_EDGE('',*,*,#3364,.F.);
#4314=ORIENTED_EDGE('',*,*,#3352,.F.);
#4315=ORIENTED_EDGE('',*,*,#3365,.F.);
#4316=ORIENTED_EDGE('',*,*,#3366,.T.);
#4317=ORIENTED_EDGE('',*,*,#3367,.F.);
#4318=ORIENTED_EDGE('',*,*,#3368,.F.);
#4319=ORIENTED_EDGE('',*,*,#3369,.T.);
#4320=ORIENTED_EDGE('',*,*,#3128,.F.);
#4321=ORIENTED_EDGE('',*,*,#3369,.F.);
#4322=ORIENTED_EDGE('',*,*,#3370,.F.);
#4323=ORIENTED_EDGE('',*,*,#3371,.T.);
#4324=ORIENTED_EDGE('',*,*,#3129,.F.);
#4325=ORIENTED_EDGE('',*,*,#3371,.F.);
#4326=ORIENTED_EDGE('',*,*,#3372,.F.);
#4327=ORIENTED_EDGE('',*,*,#3373,.T.);
#4328=ORIENTED_EDGE('',*,*,#3130,.F.);
#4329=ORIENTED_EDGE('',*,*,#3373,.F.);
#4330=ORIENTED_EDGE('',*,*,#3374,.F.);
#4331=ORIENTED_EDGE('',*,*,#3375,.T.);
#4332=ORIENTED_EDGE('',*,*,#3131,.F.);
#4333=ORIENTED_EDGE('',*,*,#3375,.F.);
#4334=ORIENTED_EDGE('',*,*,#3376,.F.);
#4335=ORIENTED_EDGE('',*,*,#3377,.T.);
#4336=ORIENTED_EDGE('',*,*,#3132,.F.);
#4337=ORIENTED_EDGE('',*,*,#3377,.F.);
#4338=ORIENTED_EDGE('',*,*,#3378,.F.);
#4339=ORIENTED_EDGE('',*,*,#3379,.T.);
#4340=ORIENTED_EDGE('',*,*,#3133,.F.);
#4341=ORIENTED_EDGE('',*,*,#3380,.F.);
#4342=ORIENTED_EDGE('',*,*,#3381,.T.);
#4343=ORIENTED_EDGE('',*,*,#3382,.F.);
#4344=ORIENTED_EDGE('',*,*,#3383,.T.);
#4345=ORIENTED_EDGE('',*,*,#3384,.T.);
#4346=ORIENTED_EDGE('',*,*,#3385,.T.);
#4347=ORIENTED_EDGE('',*,*,#3386,.T.);
#4348=ORIENTED_EDGE('',*,*,#3387,.T.);
#4349=ORIENTED_EDGE('',*,*,#3380,.T.);
#4350=ORIENTED_EDGE('',*,*,#3388,.F.);
#4351=ORIENTED_EDGE('',*,*,#3389,.T.);
#4352=ORIENTED_EDGE('',*,*,#3390,.T.);
#4353=ORIENTED_EDGE('',*,*,#3391,.F.);
#4354=ORIENTED_EDGE('',*,*,#3392,.T.);
#4355=ORIENTED_EDGE('',*,*,#3388,.T.);
#4356=ORIENTED_EDGE('',*,*,#3393,.T.);
#4357=ORIENTED_EDGE('',*,*,#3394,.T.);
#4358=ORIENTED_EDGE('',*,*,#3395,.F.);
#4359=ORIENTED_EDGE('',*,*,#3395,.T.);
#4360=ORIENTED_EDGE('',*,*,#3396,.T.);
#4361=ORIENTED_EDGE('',*,*,#3135,.F.);
#4362=ORIENTED_EDGE('',*,*,#3397,.F.);
#4363=ORIENTED_EDGE('',*,*,#3382,.T.);
#4364=ORIENTED_EDGE('',*,*,#3398,.T.);
#4365=ORIENTED_EDGE('',*,*,#3391,.T.);
#4366=ORIENTED_EDGE('',*,*,#3397,.T.);
#4367=ORIENTED_EDGE('',*,*,#3134,.T.);
#4368=ORIENTED_EDGE('',*,*,#3379,.F.);
#4369=ORIENTED_EDGE('',*,*,#3399,.T.);
#4370=ORIENTED_EDGE('',*,*,#3400,.T.);
#4371=ORIENTED_EDGE('',*,*,#3401,.T.);
#4372=ORIENTED_EDGE('',*,*,#3402,.T.);
#4373=ORIENTED_EDGE('',*,*,#3383,.F.);
#4374=ORIENTED_EDGE('',*,*,#3400,.F.);
#4375=ORIENTED_EDGE('',*,*,#3394,.F.);
#4376=ORIENTED_EDGE('',*,*,#3403,.T.);
#4377=ORIENTED_EDGE('',*,*,#3384,.F.);
#4378=ORIENTED_EDGE('',*,*,#3402,.F.);
#4379=ORIENTED_EDGE('',*,*,#3404,.F.);
#4380=ORIENTED_EDGE('',*,*,#3405,.T.);
#4381=ORIENTED_EDGE('',*,*,#3136,.F.);
#4382=ORIENTED_EDGE('',*,*,#3396,.F.);
#4383=ORIENTED_EDGE('',*,*,#3137,.F.);
#4384=ORIENTED_EDGE('',*,*,#3405,.F.);
#4385=ORIENTED_EDGE('',*,*,#3406,.F.);
#4386=ORIENTED_EDGE('',*,*,#3407,.T.);
#4387=ORIENTED_EDGE('',*,*,#3407,.F.);
#4388=ORIENTED_EDGE('',*,*,#3408,.F.);
#4389=ORIENTED_EDGE('',*,*,#3409,.T.);
#4390=ORIENTED_EDGE('',*,*,#3138,.F.);
#4391=ORIENTED_EDGE('',*,*,#3409,.F.);
#4392=ORIENTED_EDGE('',*,*,#3410,.F.);
#4393=ORIENTED_EDGE('',*,*,#3411,.T.);
#4394=ORIENTED_EDGE('',*,*,#3139,.F.);
#4395=ORIENTED_EDGE('',*,*,#3411,.F.);
#4396=ORIENTED_EDGE('',*,*,#3412,.F.);
#4397=ORIENTED_EDGE('',*,*,#3413,.T.);
#4398=ORIENTED_EDGE('',*,*,#3140,.F.);
#4399=ORIENTED_EDGE('',*,*,#3413,.F.);
#4400=ORIENTED_EDGE('',*,*,#3414,.F.);
#4401=ORIENTED_EDGE('',*,*,#3415,.T.);
#4402=ORIENTED_EDGE('',*,*,#3141,.F.);
#4403=ORIENTED_EDGE('',*,*,#3415,.F.);
#4404=ORIENTED_EDGE('',*,*,#3416,.F.);
#4405=ORIENTED_EDGE('',*,*,#3417,.T.);
#4406=ORIENTED_EDGE('',*,*,#3142,.F.);
#4407=ORIENTED_EDGE('',*,*,#3417,.F.);
#4408=ORIENTED_EDGE('',*,*,#3418,.F.);
#4409=ORIENTED_EDGE('',*,*,#3419,.T.);
#4410=ORIENTED_EDGE('',*,*,#3143,.F.);
#4411=ORIENTED_EDGE('',*,*,#3420,.T.);
#4412=ORIENTED_EDGE('',*,*,#3421,.T.);
#4413=ORIENTED_EDGE('',*,*,#3422,.T.);
#4414=ORIENTED_EDGE('',*,*,#3367,.T.);
#4415=ORIENTED_EDGE('',*,*,#3127,.F.);
#4416=ORIENTED_EDGE('',*,*,#3423,.T.);
#4417=ORIENTED_EDGE('',*,*,#3424,.T.);
#4418=ORIENTED_EDGE('',*,*,#3425,.F.);
#4419=ORIENTED_EDGE('',*,*,#3426,.T.);
#4420=ORIENTED_EDGE('',*,*,#3427,.T.);
#4421=ORIENTED_EDGE('',*,*,#3420,.F.);
#4422=ORIENTED_EDGE('',*,*,#3428,.F.);
#4423=ORIENTED_EDGE('',*,*,#3429,.T.);
#4424=ORIENTED_EDGE('',*,*,#3430,.T.);
#4425=ORIENTED_EDGE('',*,*,#3334,.T.);
#4426=ORIENTED_EDGE('',*,*,#3431,.T.);
#4427=ORIENTED_EDGE('',*,*,#3432,.T.);
#4428=ORIENTED_EDGE('',*,*,#3433,.F.);
#4429=ORIENTED_EDGE('',*,*,#3434,.T.);
#4430=ORIENTED_EDGE('',*,*,#3435,.T.);
#4431=ORIENTED_EDGE('',*,*,#3436,.T.);
#4432=ORIENTED_EDGE('',*,*,#3437,.F.);
#4433=ORIENTED_EDGE('',*,*,#3336,.F.);
#4434=ORIENTED_EDGE('',*,*,#3438,.T.);
#4435=ORIENTED_EDGE('',*,*,#3439,.T.);
#4436=ORIENTED_EDGE('',*,*,#3440,.F.);
#4437=ORIENTED_EDGE('',*,*,#3441,.T.);
#4438=ORIENTED_EDGE('',*,*,#3442,.T.);
#4439=ORIENTED_EDGE('',*,*,#3443,.T.);
#4440=ORIENTED_EDGE('',*,*,#3444,.F.);
#4441=ORIENTED_EDGE('',*,*,#3340,.F.);
#4442=ORIENTED_EDGE('',*,*,#3430,.F.);
#4443=ORIENTED_EDGE('',*,*,#3445,.T.);
#4444=ORIENTED_EDGE('',*,*,#3431,.F.);
#4445=ORIENTED_EDGE('',*,*,#3446,.T.);
#4446=ORIENTED_EDGE('',*,*,#3435,.F.);
#4447=ORIENTED_EDGE('',*,*,#3335,.T.);
#4448=ORIENTED_EDGE('',*,*,#3447,.F.);
#4449=ORIENTED_EDGE('',*,*,#3448,.T.);
#4450=ORIENTED_EDGE('',*,*,#3438,.F.);
#4451=ORIENTED_EDGE('',*,*,#3449,.T.);
#4452=ORIENTED_EDGE('',*,*,#3442,.F.);
#4453=ORIENTED_EDGE('',*,*,#3339,.T.);
#4454=ORIENTED_EDGE('',*,*,#3450,.F.);
#4455=ORIENTED_EDGE('',*,*,#3451,.T.);
#4456=ORIENTED_EDGE('',*,*,#3447,.T.);
#4457=ORIENTED_EDGE('',*,*,#3338,.T.);
#4458=ORIENTED_EDGE('',*,*,#3433,.T.);
#4459=ORIENTED_EDGE('',*,*,#3452,.T.);
#4460=ORIENTED_EDGE('',*,*,#3428,.T.);
#4461=ORIENTED_EDGE('',*,*,#3337,.F.);
#4462=ORIENTED_EDGE('',*,*,#3437,.T.);
#4463=ORIENTED_EDGE('',*,*,#3453,.T.);
#4464=ORIENTED_EDGE('',*,*,#3440,.T.);
#4465=ORIENTED_EDGE('',*,*,#3454,.T.);
#4466=ORIENTED_EDGE('',*,*,#3450,.T.);
#4467=ORIENTED_EDGE('',*,*,#3341,.F.);
#4468=ORIENTED_EDGE('',*,*,#3444,.T.);
#4469=ORIENTED_EDGE('',*,*,#3455,.T.);
#4470=ORIENTED_EDGE('',*,*,#3358,.T.);
#4471=ORIENTED_EDGE('',*,*,#3456,.T.);
#4472=ORIENTED_EDGE('',*,*,#3457,.F.);
#4473=ORIENTED_EDGE('',*,*,#3458,.F.);
#4474=ORIENTED_EDGE('',*,*,#3459,.T.);
#4475=ORIENTED_EDGE('',*,*,#3460,.F.);
#4476=ORIENTED_EDGE('',*,*,#3354,.T.);
#4477=ORIENTED_EDGE('',*,*,#3461,.T.);
#4478=ORIENTED_EDGE('',*,*,#3462,.F.);
#4479=ORIENTED_EDGE('',*,*,#3463,.T.);
#4480=ORIENTED_EDGE('',*,*,#3464,.T.);
#4481=ORIENTED_EDGE('',*,*,#3465,.F.);
#4482=ORIENTED_EDGE('',*,*,#3466,.F.);
#4483=ORIENTED_EDGE('',*,*,#3465,.T.);
#4484=ORIENTED_EDGE('',*,*,#3467,.T.);
#4485=ORIENTED_EDGE('',*,*,#3468,.F.);
#4486=ORIENTED_EDGE('',*,*,#3469,.F.);
#4487=ORIENTED_EDGE('',*,*,#3468,.T.);
#4488=ORIENTED_EDGE('',*,*,#3470,.T.);
#4489=ORIENTED_EDGE('',*,*,#3471,.F.);
#4490=ORIENTED_EDGE('',*,*,#3472,.F.);
#4491=ORIENTED_EDGE('',*,*,#3471,.T.);
#4492=ORIENTED_EDGE('',*,*,#3473,.T.);
#4493=ORIENTED_EDGE('',*,*,#3474,.F.);
#4494=ORIENTED_EDGE('',*,*,#3475,.F.);
#4495=ORIENTED_EDGE('',*,*,#3474,.T.);
#4496=ORIENTED_EDGE('',*,*,#3476,.T.);
#4497=ORIENTED_EDGE('',*,*,#3477,.F.);
#4498=ORIENTED_EDGE('',*,*,#3478,.F.);
#4499=ORIENTED_EDGE('',*,*,#3477,.T.);
#4500=ORIENTED_EDGE('',*,*,#3479,.T.);
#4501=ORIENTED_EDGE('',*,*,#3480,.F.);
#4502=ORIENTED_EDGE('',*,*,#3481,.F.);
#4503=ORIENTED_EDGE('',*,*,#3482,.F.);
#4504=ORIENTED_EDGE('',*,*,#3480,.T.);
#4505=ORIENTED_EDGE('',*,*,#3483,.T.);
#4506=ORIENTED_EDGE('',*,*,#3484,.F.);
#4507=ORIENTED_EDGE('',*,*,#3485,.F.);
#4508=ORIENTED_EDGE('',*,*,#3486,.T.);
#4509=ORIENTED_EDGE('',*,*,#3487,.T.);
#4510=ORIENTED_EDGE('',*,*,#3488,.T.);
#4511=ORIENTED_EDGE('',*,*,#3489,.F.);
#4512=ORIENTED_EDGE('',*,*,#3490,.T.);
#4513=ORIENTED_EDGE('',*,*,#3491,.T.);
#4514=ORIENTED_EDGE('',*,*,#3492,.T.);
#4515=ORIENTED_EDGE('',*,*,#3485,.T.);
#4516=ORIENTED_EDGE('',*,*,#3493,.F.);
#4517=ORIENTED_EDGE('',*,*,#3494,.T.);
#4518=ORIENTED_EDGE('',*,*,#3495,.T.);
#4519=ORIENTED_EDGE('',*,*,#3496,.T.);
#4520=ORIENTED_EDGE('',*,*,#3497,.T.);
#4521=ORIENTED_EDGE('',*,*,#3493,.T.);
#4522=ORIENTED_EDGE('',*,*,#3498,.T.);
#4523=ORIENTED_EDGE('',*,*,#3499,.F.);
#4524=ORIENTED_EDGE('',*,*,#3500,.F.);
#4525=ORIENTED_EDGE('',*,*,#3500,.T.);
#4526=ORIENTED_EDGE('',*,*,#3501,.F.);
#4527=ORIENTED_EDGE('',*,*,#3502,.F.);
#4528=ORIENTED_EDGE('',*,*,#3503,.T.);
#4529=ORIENTED_EDGE('',*,*,#3487,.F.);
#4530=ORIENTED_EDGE('',*,*,#3504,.T.);
#4531=ORIENTED_EDGE('',*,*,#3496,.F.);
#4532=ORIENTED_EDGE('',*,*,#3503,.F.);
#4533=ORIENTED_EDGE('',*,*,#3505,.T.);
#4534=ORIENTED_EDGE('',*,*,#3484,.T.);
#4535=ORIENTED_EDGE('',*,*,#3506,.T.);
#4536=ORIENTED_EDGE('',*,*,#3507,.F.);
#4537=ORIENTED_EDGE('',*,*,#3508,.T.);
#4538=ORIENTED_EDGE('',*,*,#3509,.F.);
#4539=ORIENTED_EDGE('',*,*,#3488,.F.);
#4540=ORIENTED_EDGE('',*,*,#3507,.T.);
#4541=ORIENTED_EDGE('',*,*,#3499,.T.);
#4542=ORIENTED_EDGE('',*,*,#3510,.T.);
#4543=ORIENTED_EDGE('',*,*,#3489,.T.);
#4544=ORIENTED_EDGE('',*,*,#3509,.T.);
#4545=ORIENTED_EDGE('',*,*,#3511,.T.);
#4546=ORIENTED_EDGE('',*,*,#3512,.F.);
#4547=ORIENTED_EDGE('',*,*,#3513,.T.);
#4548=ORIENTED_EDGE('',*,*,#3501,.T.);
#4549=ORIENTED_EDGE('',*,*,#3512,.T.);
#4550=ORIENTED_EDGE('',*,*,#3514,.T.);
#4551=ORIENTED_EDGE('',*,*,#3515,.F.);
#4552=ORIENTED_EDGE('',*,*,#3516,.F.);
#4553=ORIENTED_EDGE('',*,*,#3515,.T.);
#4554=ORIENTED_EDGE('',*,*,#3517,.T.);
#4555=ORIENTED_EDGE('',*,*,#3518,.F.);
#4556=ORIENTED_EDGE('',*,*,#3519,.F.);
#4557=ORIENTED_EDGE('',*,*,#3518,.T.);
#4558=ORIENTED_EDGE('',*,*,#3520,.T.);
#4559=ORIENTED_EDGE('',*,*,#3521,.F.);
#4560=ORIENTED_EDGE('',*,*,#3522,.F.);
#4561=ORIENTED_EDGE('',*,*,#3521,.T.);
#4562=ORIENTED_EDGE('',*,*,#3523,.T.);
#4563=ORIENTED_EDGE('',*,*,#3524,.F.);
#4564=ORIENTED_EDGE('',*,*,#3525,.F.);
#4565=ORIENTED_EDGE('',*,*,#3524,.T.);
#4566=ORIENTED_EDGE('',*,*,#3526,.T.);
#4567=ORIENTED_EDGE('',*,*,#3527,.F.);
#4568=ORIENTED_EDGE('',*,*,#3528,.F.);
#4569=ORIENTED_EDGE('',*,*,#3527,.T.);
#4570=ORIENTED_EDGE('',*,*,#3529,.T.);
#4571=ORIENTED_EDGE('',*,*,#3530,.F.);
#4572=ORIENTED_EDGE('',*,*,#3531,.F.);
#4573=ORIENTED_EDGE('',*,*,#3532,.T.);
#4574=ORIENTED_EDGE('',*,*,#3533,.T.);
#4575=ORIENTED_EDGE('',*,*,#3534,.T.);
#4576=ORIENTED_EDGE('',*,*,#3466,.T.);
#4577=ORIENTED_EDGE('',*,*,#3469,.T.);
#4578=ORIENTED_EDGE('',*,*,#3472,.T.);
#4579=ORIENTED_EDGE('',*,*,#3475,.T.);
#4580=ORIENTED_EDGE('',*,*,#3478,.T.);
#4581=ORIENTED_EDGE('',*,*,#3481,.T.);
#4582=ORIENTED_EDGE('',*,*,#3482,.T.);
#4583=ORIENTED_EDGE('',*,*,#3505,.F.);
#4584=ORIENTED_EDGE('',*,*,#3502,.T.);
#4585=ORIENTED_EDGE('',*,*,#3513,.F.);
#4586=ORIENTED_EDGE('',*,*,#3516,.T.);
#4587=ORIENTED_EDGE('',*,*,#3519,.T.);
#4588=ORIENTED_EDGE('',*,*,#3522,.T.);
#4589=ORIENTED_EDGE('',*,*,#3525,.T.);
#4590=ORIENTED_EDGE('',*,*,#3528,.T.);
#4591=ORIENTED_EDGE('',*,*,#3531,.T.);
#4592=ORIENTED_EDGE('',*,*,#3535,.T.);
#4593=ORIENTED_EDGE('',*,*,#3536,.F.);
#4594=ORIENTED_EDGE('',*,*,#3362,.F.);
#4595=ORIENTED_EDGE('',*,*,#3537,.T.);
#4596=ORIENTED_EDGE('',*,*,#3538,.T.);
#4597=ORIENTED_EDGE('',*,*,#3539,.T.);
#4598=ORIENTED_EDGE('',*,*,#3540,.T.);
#4599=ORIENTED_EDGE('',*,*,#3541,.F.);
#4600=ORIENTED_EDGE('',*,*,#3533,.F.);
#4601=ORIENTED_EDGE('',*,*,#3542,.F.);
#4602=ORIENTED_EDGE('',*,*,#3363,.T.);
#4603=ORIENTED_EDGE('',*,*,#3540,.F.);
#4604=ORIENTED_EDGE('',*,*,#3541,.T.);
#4605=ORIENTED_EDGE('',*,*,#3543,.T.);
#4606=ORIENTED_EDGE('',*,*,#3463,.F.);
#4607=ORIENTED_EDGE('',*,*,#3534,.F.);
#4608=ORIENTED_EDGE('',*,*,#3539,.F.);
#4609=ORIENTED_EDGE('',*,*,#3544,.F.);
#4610=ORIENTED_EDGE('',*,*,#3545,.F.);
#4611=ORIENTED_EDGE('',*,*,#3546,.F.);
#4612=ORIENTED_EDGE('',*,*,#3547,.F.);
#4613=ORIENTED_EDGE('',*,*,#3529,.F.);
#4614=ORIENTED_EDGE('',*,*,#3526,.F.);
#4615=ORIENTED_EDGE('',*,*,#3523,.F.);
#4616=ORIENTED_EDGE('',*,*,#3520,.F.);
#4617=ORIENTED_EDGE('',*,*,#3517,.F.);
#4618=ORIENTED_EDGE('',*,*,#3514,.F.);
#4619=ORIENTED_EDGE('',*,*,#3511,.F.);
#4620=ORIENTED_EDGE('',*,*,#3508,.F.);
#4621=ORIENTED_EDGE('',*,*,#3506,.F.);
#4622=ORIENTED_EDGE('',*,*,#3483,.F.);
#4623=ORIENTED_EDGE('',*,*,#3479,.F.);
#4624=ORIENTED_EDGE('',*,*,#3476,.F.);
#4625=ORIENTED_EDGE('',*,*,#3473,.F.);
#4626=ORIENTED_EDGE('',*,*,#3470,.F.);
#4627=ORIENTED_EDGE('',*,*,#3467,.F.);
#4628=ORIENTED_EDGE('',*,*,#3464,.F.);
#4629=ORIENTED_EDGE('',*,*,#3543,.F.);
#4630=ORIENTED_EDGE('',*,*,#3535,.F.);
#4631=ORIENTED_EDGE('',*,*,#3530,.T.);
#4632=ORIENTED_EDGE('',*,*,#3547,.T.);
#4633=ORIENTED_EDGE('',*,*,#3548,.F.);
#4634=ORIENTED_EDGE('',*,*,#3549,.F.);
#4635=ORIENTED_EDGE('',*,*,#3550,.T.);
#4636=ORIENTED_EDGE('',*,*,#3551,.T.);
#4637=ORIENTED_EDGE('',*,*,#3549,.T.);
#4638=ORIENTED_EDGE('',*,*,#3552,.T.);
#4639=ORIENTED_EDGE('',*,*,#3356,.F.);
#4640=ORIENTED_EDGE('',*,*,#3553,.F.);
#4641=ORIENTED_EDGE('',*,*,#3554,.F.);
#4642=ORIENTED_EDGE('',*,*,#3459,.F.);
#4643=ORIENTED_EDGE('',*,*,#3555,.F.);
#4644=ORIENTED_EDGE('',*,*,#3536,.T.);
#4645=ORIENTED_EDGE('',*,*,#3550,.F.);
#4646=ORIENTED_EDGE('',*,*,#3551,.F.);
#4647=ORIENTED_EDGE('',*,*,#3462,.T.);
#4648=ORIENTED_EDGE('',*,*,#3556,.T.);
#4649=ORIENTED_EDGE('',*,*,#3545,.T.);
#4650=ORIENTED_EDGE('',*,*,#3557,.T.);
#4651=ORIENTED_EDGE('',*,*,#3558,.T.);
#4652=ORIENTED_EDGE('',*,*,#3559,.F.);
#4653=ORIENTED_EDGE('',*,*,#3560,.F.);
#4654=ORIENTED_EDGE('',*,*,#3360,.F.);
#4655=ORIENTED_EDGE('',*,*,#3542,.T.);
#4656=ORIENTED_EDGE('',*,*,#3532,.F.);
#4657=ORIENTED_EDGE('',*,*,#3555,.T.);
#4658=ORIENTED_EDGE('',*,*,#3461,.F.);
#4659=ORIENTED_EDGE('',*,*,#3353,.F.);
#4660=ORIENTED_EDGE('',*,*,#3349,.T.);
#4661=ORIENTED_EDGE('',*,*,#3364,.T.);
#4662=ORIENTED_EDGE('',*,*,#3561,.F.);
#4663=ORIENTED_EDGE('',*,*,#3562,.T.);
#4664=ORIENTED_EDGE('',*,*,#3563,.F.);
#4665=ORIENTED_EDGE('',*,*,#3421,.F.);
#4666=ORIENTED_EDGE('',*,*,#3427,.F.);
#4667=ORIENTED_EDGE('',*,*,#3564,.F.);
#4668=ORIENTED_EDGE('',*,*,#3456,.F.);
#4669=ORIENTED_EDGE('',*,*,#3357,.F.);
#4670=ORIENTED_EDGE('',*,*,#3552,.F.);
#4671=ORIENTED_EDGE('',*,*,#3548,.T.);
#4672=ORIENTED_EDGE('',*,*,#3546,.T.);
#4673=ORIENTED_EDGE('',*,*,#3556,.F.);
#4674=ORIENTED_EDGE('',*,*,#3565,.F.);
#4675=ORIENTED_EDGE('',*,*,#3566,.T.);
#4676=ORIENTED_EDGE('',*,*,#3331,.T.);
#4677=ORIENTED_EDGE('',*,*,#3567,.F.);
#4678=ORIENTED_EDGE('',*,*,#3146,.F.);
#4679=ORIENTED_EDGE('',*,*,#3568,.T.);
#4680=ORIENTED_EDGE('',*,*,#3318,.F.);
#4681=ORIENTED_EDGE('',*,*,#3569,.T.);
#4682=ORIENTED_EDGE('',*,*,#3570,.F.);
#4683=ORIENTED_EDGE('',*,*,#3571,.F.);
#4684=ORIENTED_EDGE('',*,*,#3572,.T.);
#4685=ORIENTED_EDGE('',*,*,#3573,.T.);
#4686=ORIENTED_EDGE('',*,*,#3562,.F.);
#4687=ORIENTED_EDGE('',*,*,#3574,.F.);
#4688=ORIENTED_EDGE('',*,*,#3575,.T.);
#4689=ORIENTED_EDGE('',*,*,#3576,.F.);
#4690=ORIENTED_EDGE('',*,*,#3577,.F.);
#4691=ORIENTED_EDGE('',*,*,#3578,.F.);
#4692=ORIENTED_EDGE('',*,*,#3572,.F.);
#4693=ORIENTED_EDGE('',*,*,#3344,.F.);
#4694=ORIENTED_EDGE('',*,*,#3579,.F.);
#4695=ORIENTED_EDGE('',*,*,#3576,.T.);
#4696=ORIENTED_EDGE('',*,*,#3343,.F.);
#4697=ORIENTED_EDGE('',*,*,#3569,.F.);
#4698=ORIENTED_EDGE('',*,*,#3317,.F.);
#4699=ORIENTED_EDGE('',*,*,#3580,.F.);
#4700=ORIENTED_EDGE('',*,*,#3577,.T.);
#4701=ORIENTED_EDGE('',*,*,#3579,.T.);
#4702=ORIENTED_EDGE('',*,*,#3320,.F.);
#4703=ORIENTED_EDGE('',*,*,#3581,.T.);
#4704=ORIENTED_EDGE('',*,*,#3582,.T.);
#4705=ORIENTED_EDGE('',*,*,#3418,.T.);
#4706=ORIENTED_EDGE('',*,*,#3416,.T.);
#4707=ORIENTED_EDGE('',*,*,#3414,.T.);
#4708=ORIENTED_EDGE('',*,*,#3412,.T.);
#4709=ORIENTED_EDGE('',*,*,#3410,.T.);
#4710=ORIENTED_EDGE('',*,*,#3408,.T.);
#4711=ORIENTED_EDGE('',*,*,#3406,.T.);
#4712=ORIENTED_EDGE('',*,*,#3404,.T.);
#4713=ORIENTED_EDGE('',*,*,#3401,.F.);
#4714=ORIENTED_EDGE('',*,*,#3399,.F.);
#4715=ORIENTED_EDGE('',*,*,#3378,.T.);
#4716=ORIENTED_EDGE('',*,*,#3376,.T.);
#4717=ORIENTED_EDGE('',*,*,#3374,.T.);
#4718=ORIENTED_EDGE('',*,*,#3372,.T.);
#4719=ORIENTED_EDGE('',*,*,#3370,.T.);
#4720=ORIENTED_EDGE('',*,*,#3368,.T.);
#4721=ORIENTED_EDGE('',*,*,#3422,.F.);
#4722=ORIENTED_EDGE('',*,*,#3563,.T.);
#4723=ORIENTED_EDGE('',*,*,#3573,.F.);
#4724=ORIENTED_EDGE('',*,*,#3578,.T.);
#4725=ORIENTED_EDGE('',*,*,#3580,.T.);
#4726=ORIENTED_EDGE('',*,*,#3583,.T.);
#4727=ORIENTED_EDGE('',*,*,#3144,.F.);
#4728=ORIENTED_EDGE('',*,*,#3419,.F.);
#4729=ORIENTED_EDGE('',*,*,#3582,.F.);
#4730=ORIENTED_EDGE('',*,*,#3581,.F.);
#4731=ORIENTED_EDGE('',*,*,#3319,.T.);
#4732=ORIENTED_EDGE('',*,*,#3568,.F.);
#4733=ORIENTED_EDGE('',*,*,#3145,.F.);
#4734=ORIENTED_EDGE('',*,*,#3583,.F.);
#4735=ORIENTED_EDGE('',*,*,#3584,.T.);
#4736=ORIENTED_EDGE('',*,*,#3537,.F.);
#4737=ORIENTED_EDGE('',*,*,#3361,.F.);
#4738=ORIENTED_EDGE('',*,*,#3560,.T.);
#4739=ORIENTED_EDGE('',*,*,#3348,.T.);
#4740=ORIENTED_EDGE('',*,*,#3557,.F.);
#4741=ORIENTED_EDGE('',*,*,#3544,.T.);
#4742=ORIENTED_EDGE('',*,*,#3538,.F.);
#4743=ORIENTED_EDGE('',*,*,#3584,.F.);
#4744=ORIENTED_EDGE('',*,*,#3347,.F.);
#4745=ORIENTED_EDGE('',*,*,#3564,.T.);
#4746=ORIENTED_EDGE('',*,*,#3426,.F.);
#4747=ORIENTED_EDGE('',*,*,#3585,.F.);
#4748=ORIENTED_EDGE('',*,*,#3457,.T.);
#4749=ORIENTED_EDGE('',*,*,#3586,.T.);
#4750=ORIENTED_EDGE('',*,*,#3574,.T.);
#4751=ORIENTED_EDGE('',*,*,#3561,.T.);
#4752=ORIENTED_EDGE('',*,*,#3366,.F.);
#4753=ORIENTED_EDGE('',*,*,#3587,.F.);
#4754=ORIENTED_EDGE('',*,*,#3588,.F.);
#4755=ORIENTED_EDGE('',*,*,#3424,.F.);
#4756=ORIENTED_EDGE('',*,*,#3423,.F.);
#4757=ORIENTED_EDGE('',*,*,#3147,.T.);
#4758=ORIENTED_EDGE('',*,*,#3575,.F.);
#4759=ORIENTED_EDGE('',*,*,#3586,.F.);
#4760=ORIENTED_EDGE('',*,*,#3589,.F.);
#4761=ORIENTED_EDGE('',*,*,#3590,.T.);
#4762=ORIENTED_EDGE('',*,*,#3591,.T.);
#4763=ORIENTED_EDGE('',*,*,#3590,.F.);
#4764=ORIENTED_EDGE('',*,*,#3592,.F.);
#4765=ORIENTED_EDGE('',*,*,#3593,.F.);
#4766=ORIENTED_EDGE('',*,*,#3594,.T.);
#4767=ORIENTED_EDGE('',*,*,#3592,.T.);
#4768=ORIENTED_EDGE('',*,*,#3589,.T.);
#4769=ORIENTED_EDGE('',*,*,#3594,.F.);
#4770=ORIENTED_EDGE('',*,*,#3595,.F.);
#4771=ORIENTED_EDGE('',*,*,#3596,.T.);
#4772=ORIENTED_EDGE('',*,*,#3597,.T.);
#4773=ORIENTED_EDGE('',*,*,#3596,.F.);
#4774=ORIENTED_EDGE('',*,*,#3598,.F.);
#4775=ORIENTED_EDGE('',*,*,#3599,.F.);
#4776=ORIENTED_EDGE('',*,*,#3600,.T.);
#4777=ORIENTED_EDGE('',*,*,#3598,.T.);
#4778=ORIENTED_EDGE('',*,*,#3595,.T.);
#4779=ORIENTED_EDGE('',*,*,#3600,.F.);
#4780=ORIENTED_EDGE('',*,*,#3601,.F.);
#4781=ORIENTED_EDGE('',*,*,#3602,.F.);
#4782=ORIENTED_EDGE('',*,*,#3603,.T.);
#4783=ORIENTED_EDGE('',*,*,#3604,.T.);
#4784=ORIENTED_EDGE('',*,*,#3603,.F.);
#4785=ORIENTED_EDGE('',*,*,#3605,.F.);
#4786=ORIENTED_EDGE('',*,*,#3606,.T.);
#4787=ORIENTED_EDGE('',*,*,#3601,.T.);
#4788=ORIENTED_EDGE('',*,*,#3602,.T.);
#4789=ORIENTED_EDGE('',*,*,#3606,.F.);
#4790=ORIENTED_EDGE('',*,*,#3607,.F.);
#4791=ORIENTED_EDGE('',*,*,#3608,.T.);
#4792=ORIENTED_EDGE('',*,*,#3609,.T.);
#4793=ORIENTED_EDGE('',*,*,#3608,.F.);
#4794=ORIENTED_EDGE('',*,*,#3610,.F.);
#4795=ORIENTED_EDGE('',*,*,#3611,.F.);
#4796=ORIENTED_EDGE('',*,*,#3612,.T.);
#4797=ORIENTED_EDGE('',*,*,#3610,.T.);
#4798=ORIENTED_EDGE('',*,*,#3607,.T.);
#4799=ORIENTED_EDGE('',*,*,#3612,.F.);
#4800=ORIENTED_EDGE('',*,*,#3593,.T.);
#4801=ORIENTED_EDGE('',*,*,#3599,.T.);
#4802=ORIENTED_EDGE('',*,*,#3605,.T.);
#4803=ORIENTED_EDGE('',*,*,#3611,.T.);
#4804=ORIENTED_EDGE('',*,*,#3613,.F.);
#4805=ORIENTED_EDGE('',*,*,#3614,.F.);
#4806=ORIENTED_EDGE('',*,*,#3615,.T.);
#4807=ORIENTED_EDGE('',*,*,#3613,.T.);
#4808=ORIENTED_EDGE('',*,*,#3615,.F.);
#4809=ORIENTED_EDGE('',*,*,#3616,.T.);
#4810=ORIENTED_EDGE('',*,*,#3617,.T.);
#4811=ORIENTED_EDGE('',*,*,#3614,.T.);
#4812=ORIENTED_EDGE('',*,*,#3617,.F.);
#4813=ORIENTED_EDGE('',*,*,#3587,.T.);
#4814=ORIENTED_EDGE('',*,*,#3365,.T.);
#4815=ORIENTED_EDGE('',*,*,#3351,.T.);
#4816=ORIENTED_EDGE('',*,*,#3355,.T.);
#4817=ORIENTED_EDGE('',*,*,#3460,.T.);
#4818=ORIENTED_EDGE('',*,*,#3554,.T.);
#4819=ORIENTED_EDGE('',*,*,#3553,.T.);
#4820=ORIENTED_EDGE('',*,*,#3359,.T.);
#4821=ORIENTED_EDGE('',*,*,#3458,.T.);
#4822=ORIENTED_EDGE('',*,*,#3585,.T.);
#4823=ORIENTED_EDGE('',*,*,#3425,.T.);
#4824=ORIENTED_EDGE('',*,*,#3588,.T.);
#4825=ORIENTED_EDGE('',*,*,#3616,.F.);
#4826=ORIENTED_EDGE('',*,*,#3591,.F.);
#4827=ORIENTED_EDGE('',*,*,#3597,.F.);
#4828=ORIENTED_EDGE('',*,*,#3609,.F.);
#4829=ORIENTED_EDGE('',*,*,#3604,.F.);
#4830=ORIENTED_EDGE('',*,*,#3618,.F.);
#4831=ORIENTED_EDGE('',*,*,#3619,.F.);
#4832=ORIENTED_EDGE('',*,*,#3567,.T.);
#4833=ORIENTED_EDGE('',*,*,#3333,.T.);
#4834=ORIENTED_EDGE('',*,*,#3330,.T.);
#4835=ORIENTED_EDGE('',*,*,#3327,.T.);
#4836=ORIENTED_EDGE('',*,*,#3324,.T.);
#4837=ORIENTED_EDGE('',*,*,#3345,.T.);
#4838=ORIENTED_EDGE('',*,*,#3571,.T.);
#4839=ORIENTED_EDGE('',*,*,#3620,.F.);
#4840=ORIENTED_EDGE('',*,*,#3558,.F.);
#4841=ORIENTED_EDGE('',*,*,#3346,.F.);
#4842=ORIENTED_EDGE('',*,*,#3322,.F.);
#4843=ORIENTED_EDGE('',*,*,#3326,.F.);
#4844=ORIENTED_EDGE('',*,*,#3329,.F.);
#4845=ORIENTED_EDGE('',*,*,#3332,.F.);
#4846=ORIENTED_EDGE('',*,*,#3566,.F.);
#4847=ORIENTED_EDGE('',*,*,#3621,.F.);
#4848=ORIENTED_EDGE('',*,*,#3619,.T.);
#4849=ORIENTED_EDGE('',*,*,#3622,.F.);
#4850=ORIENTED_EDGE('',*,*,#3621,.T.);
#4851=ORIENTED_EDGE('',*,*,#3565,.T.);
#4852=ORIENTED_EDGE('',*,*,#3618,.T.);
#4853=ORIENTED_EDGE('',*,*,#3570,.T.);
#4854=ORIENTED_EDGE('',*,*,#3342,.T.);
#4855=ORIENTED_EDGE('',*,*,#3559,.T.);
#4856=ORIENTED_EDGE('',*,*,#3620,.T.);
#4857=ORIENTED_EDGE('',*,*,#3622,.T.);
#4858=ORIENTED_EDGE('',*,*,#3498,.F.);
#4859=ORIENTED_EDGE('',*,*,#3495,.F.);
#4860=ORIENTED_EDGE('',*,*,#3623,.F.);
#4861=ORIENTED_EDGE('',*,*,#3491,.F.);
#4862=ORIENTED_EDGE('',*,*,#3490,.F.);
#4863=ORIENTED_EDGE('',*,*,#3510,.F.);
#4864=ORIENTED_EDGE('',*,*,#3497,.F.);
#4865=ORIENTED_EDGE('',*,*,#3504,.F.);
#4866=ORIENTED_EDGE('',*,*,#3486,.F.);
#4867=ORIENTED_EDGE('',*,*,#3492,.F.);
#4868=ORIENTED_EDGE('',*,*,#3623,.T.);
#4869=ORIENTED_EDGE('',*,*,#3494,.F.);
#4870=ORIENTED_EDGE('',*,*,#3624,.F.);
#4871=ORIENTED_EDGE('',*,*,#3386,.F.);
#4872=ORIENTED_EDGE('',*,*,#3385,.F.);
#4873=ORIENTED_EDGE('',*,*,#3403,.F.);
#4874=ORIENTED_EDGE('',*,*,#3393,.F.);
#4875=ORIENTED_EDGE('',*,*,#3390,.F.);
#4876=ORIENTED_EDGE('',*,*,#3387,.F.);
#4877=ORIENTED_EDGE('',*,*,#3624,.T.);
#4878=ORIENTED_EDGE('',*,*,#3389,.F.);
#4879=ORIENTED_EDGE('',*,*,#3392,.F.);
#4880=ORIENTED_EDGE('',*,*,#3398,.F.);
#4881=ORIENTED_EDGE('',*,*,#3381,.F.);
#4882=ORIENTED_EDGE('',*,*,#3452,.F.);
#4883=ORIENTED_EDGE('',*,*,#3432,.F.);
#4884=ORIENTED_EDGE('',*,*,#3445,.F.);
#4885=ORIENTED_EDGE('',*,*,#3429,.F.);
#4886=ORIENTED_EDGE('',*,*,#3453,.F.);
#4887=ORIENTED_EDGE('',*,*,#3436,.F.);
#4888=ORIENTED_EDGE('',*,*,#3446,.F.);
#4889=ORIENTED_EDGE('',*,*,#3434,.F.);
#4890=ORIENTED_EDGE('',*,*,#3454,.F.);
#4891=ORIENTED_EDGE('',*,*,#3439,.F.);
#4892=ORIENTED_EDGE('',*,*,#3448,.F.);
#4893=ORIENTED_EDGE('',*,*,#3451,.F.);
#4894=ORIENTED_EDGE('',*,*,#3455,.F.);
#4895=ORIENTED_EDGE('',*,*,#3443,.F.);
#4896=ORIENTED_EDGE('',*,*,#3449,.F.);
#4897=ORIENTED_EDGE('',*,*,#3441,.F.);
#4898=ORIENTED_EDGE('',*,*,#3149,.T.);
#4899=ORIENTED_EDGE('',*,*,#3625,.F.);
#4900=ORIENTED_EDGE('',*,*,#3626,.F.);
#4901=ORIENTED_EDGE('',*,*,#3627,.T.);
#4902=ORIENTED_EDGE('',*,*,#3148,.T.);
#4903=ORIENTED_EDGE('',*,*,#3628,.F.);
#4904=ORIENTED_EDGE('',*,*,#3629,.F.);
#4905=ORIENTED_EDGE('',*,*,#3625,.T.);
#4906=ORIENTED_EDGE('',*,*,#3153,.T.);
#4907=ORIENTED_EDGE('',*,*,#3630,.F.);
#4908=ORIENTED_EDGE('',*,*,#3631,.F.);
#4909=ORIENTED_EDGE('',*,*,#3628,.T.);
#4910=ORIENTED_EDGE('',*,*,#3152,.T.);
#4911=ORIENTED_EDGE('',*,*,#3632,.F.);
#4912=ORIENTED_EDGE('',*,*,#3633,.F.);
#4913=ORIENTED_EDGE('',*,*,#3630,.T.);
#4914=ORIENTED_EDGE('',*,*,#3151,.T.);
#4915=ORIENTED_EDGE('',*,*,#3634,.F.);
#4916=ORIENTED_EDGE('',*,*,#3635,.F.);
#4917=ORIENTED_EDGE('',*,*,#3632,.T.);
#4918=ORIENTED_EDGE('',*,*,#3150,.T.);
#4919=ORIENTED_EDGE('',*,*,#3627,.F.);
#4920=ORIENTED_EDGE('',*,*,#3636,.F.);
#4921=ORIENTED_EDGE('',*,*,#3634,.T.);
#4922=ORIENTED_EDGE('',*,*,#3626,.T.);
#4923=ORIENTED_EDGE('',*,*,#3629,.T.);
#4924=ORIENTED_EDGE('',*,*,#3631,.T.);
#4925=ORIENTED_EDGE('',*,*,#3633,.T.);
#4926=ORIENTED_EDGE('',*,*,#3635,.T.);
#4927=ORIENTED_EDGE('',*,*,#3636,.T.);
#4928=ORIENTED_EDGE('',*,*,#3637,.T.);
#4929=ORIENTED_EDGE('',*,*,#3155,.T.);
#4930=ORIENTED_EDGE('',*,*,#3638,.F.);
#4931=ORIENTED_EDGE('',*,*,#3639,.F.);
#4932=ORIENTED_EDGE('',*,*,#3154,.T.);
#4933=ORIENTED_EDGE('',*,*,#3640,.F.);
#4934=ORIENTED_EDGE('',*,*,#3641,.F.);
#4935=ORIENTED_EDGE('',*,*,#3638,.T.);
#4936=ORIENTED_EDGE('',*,*,#3640,.T.);
#4937=ORIENTED_EDGE('',*,*,#3167,.T.);
#4938=ORIENTED_EDGE('',*,*,#3642,.F.);
#4939=ORIENTED_EDGE('',*,*,#3643,.F.);
#4940=ORIENTED_EDGE('',*,*,#3642,.T.);
#4941=ORIENTED_EDGE('',*,*,#3166,.T.);
#4942=ORIENTED_EDGE('',*,*,#3644,.F.);
#4943=ORIENTED_EDGE('',*,*,#3645,.F.);
#4944=ORIENTED_EDGE('',*,*,#3644,.T.);
#4945=ORIENTED_EDGE('',*,*,#3165,.T.);
#4946=ORIENTED_EDGE('',*,*,#3646,.F.);
#4947=ORIENTED_EDGE('',*,*,#3647,.F.);
#4948=ORIENTED_EDGE('',*,*,#3646,.T.);
#4949=ORIENTED_EDGE('',*,*,#3164,.T.);
#4950=ORIENTED_EDGE('',*,*,#3648,.F.);
#4951=ORIENTED_EDGE('',*,*,#3649,.F.);
#4952=ORIENTED_EDGE('',*,*,#3648,.T.);
#4953=ORIENTED_EDGE('',*,*,#3163,.T.);
#4954=ORIENTED_EDGE('',*,*,#3650,.F.);
#4955=ORIENTED_EDGE('',*,*,#3651,.F.);
#4956=ORIENTED_EDGE('',*,*,#3650,.T.);
#4957=ORIENTED_EDGE('',*,*,#3162,.T.);
#4958=ORIENTED_EDGE('',*,*,#3652,.F.);
#4959=ORIENTED_EDGE('',*,*,#3653,.F.);
#4960=ORIENTED_EDGE('',*,*,#3161,.T.);
#4961=ORIENTED_EDGE('',*,*,#3654,.F.);
#4962=ORIENTED_EDGE('',*,*,#3655,.F.);
#4963=ORIENTED_EDGE('',*,*,#3652,.T.);
#4964=ORIENTED_EDGE('',*,*,#3654,.T.);
#4965=ORIENTED_EDGE('',*,*,#3160,.T.);
#4966=ORIENTED_EDGE('',*,*,#3656,.F.);
#4967=ORIENTED_EDGE('',*,*,#3657,.F.);
#4968=ORIENTED_EDGE('',*,*,#3656,.T.);
#4969=ORIENTED_EDGE('',*,*,#3159,.T.);
#4970=ORIENTED_EDGE('',*,*,#3658,.F.);
#4971=ORIENTED_EDGE('',*,*,#3659,.F.);
#4972=ORIENTED_EDGE('',*,*,#3658,.T.);
#4973=ORIENTED_EDGE('',*,*,#3158,.T.);
#4974=ORIENTED_EDGE('',*,*,#3660,.F.);
#4975=ORIENTED_EDGE('',*,*,#3661,.F.);
#4976=ORIENTED_EDGE('',*,*,#3660,.T.);
#4977=ORIENTED_EDGE('',*,*,#3157,.T.);
#4978=ORIENTED_EDGE('',*,*,#3662,.F.);
#4979=ORIENTED_EDGE('',*,*,#3663,.F.);
#4980=ORIENTED_EDGE('',*,*,#3662,.T.);
#4981=ORIENTED_EDGE('',*,*,#3156,.T.);
#4982=ORIENTED_EDGE('',*,*,#3637,.F.);
#4983=ORIENTED_EDGE('',*,*,#3664,.F.);
#4984=ORIENTED_EDGE('',*,*,#3639,.T.);
#4985=ORIENTED_EDGE('',*,*,#3641,.T.);
#4986=ORIENTED_EDGE('',*,*,#3643,.T.);
#4987=ORIENTED_EDGE('',*,*,#3645,.T.);
#4988=ORIENTED_EDGE('',*,*,#3647,.T.);
#4989=ORIENTED_EDGE('',*,*,#3649,.T.);
#4990=ORIENTED_EDGE('',*,*,#3651,.T.);
#4991=ORIENTED_EDGE('',*,*,#3653,.T.);
#4992=ORIENTED_EDGE('',*,*,#3655,.T.);
#4993=ORIENTED_EDGE('',*,*,#3657,.T.);
#4994=ORIENTED_EDGE('',*,*,#3659,.T.);
#4995=ORIENTED_EDGE('',*,*,#3661,.T.);
#4996=ORIENTED_EDGE('',*,*,#3663,.T.);
#4997=ORIENTED_EDGE('',*,*,#3664,.T.);
#4998=ORIENTED_EDGE('',*,*,#3169,.T.);
#4999=ORIENTED_EDGE('',*,*,#3665,.F.);
#5000=ORIENTED_EDGE('',*,*,#3666,.F.);
#5001=ORIENTED_EDGE('',*,*,#3667,.T.);
#5002=ORIENTED_EDGE('',*,*,#3168,.T.);
#5003=ORIENTED_EDGE('',*,*,#3668,.F.);
#5004=ORIENTED_EDGE('',*,*,#3669,.F.);
#5005=ORIENTED_EDGE('',*,*,#3665,.T.);
#5006=ORIENTED_EDGE('',*,*,#3179,.T.);
#5007=ORIENTED_EDGE('',*,*,#3670,.F.);
#5008=ORIENTED_EDGE('',*,*,#3671,.F.);
#5009=ORIENTED_EDGE('',*,*,#3668,.T.);
#5010=ORIENTED_EDGE('',*,*,#3178,.T.);
#5011=ORIENTED_EDGE('',*,*,#3672,.F.);
#5012=ORIENTED_EDGE('',*,*,#3673,.F.);
#5013=ORIENTED_EDGE('',*,*,#3670,.T.);
#5014=ORIENTED_EDGE('',*,*,#3177,.T.);
#5015=ORIENTED_EDGE('',*,*,#3674,.F.);
#5016=ORIENTED_EDGE('',*,*,#3675,.F.);
#5017=ORIENTED_EDGE('',*,*,#3672,.T.);
#5018=ORIENTED_EDGE('',*,*,#3176,.T.);
#5019=ORIENTED_EDGE('',*,*,#3676,.F.);
#5020=ORIENTED_EDGE('',*,*,#3677,.F.);
#5021=ORIENTED_EDGE('',*,*,#3674,.T.);
#5022=ORIENTED_EDGE('',*,*,#3175,.T.);
#5023=ORIENTED_EDGE('',*,*,#3678,.F.);
#5024=ORIENTED_EDGE('',*,*,#3679,.F.);
#5025=ORIENTED_EDGE('',*,*,#3676,.T.);
#5026=ORIENTED_EDGE('',*,*,#3174,.T.);
#5027=ORIENTED_EDGE('',*,*,#3680,.F.);
#5028=ORIENTED_EDGE('',*,*,#3681,.F.);
#5029=ORIENTED_EDGE('',*,*,#3678,.T.);
#5030=ORIENTED_EDGE('',*,*,#3173,.T.);
#5031=ORIENTED_EDGE('',*,*,#3682,.F.);
#5032=ORIENTED_EDGE('',*,*,#3683,.F.);
#5033=ORIENTED_EDGE('',*,*,#3680,.T.);
#5034=ORIENTED_EDGE('',*,*,#3172,.T.);
#5035=ORIENTED_EDGE('',*,*,#3684,.F.);
#5036=ORIENTED_EDGE('',*,*,#3685,.F.);
#5037=ORIENTED_EDGE('',*,*,#3682,.T.);
#5038=ORIENTED_EDGE('',*,*,#3171,.T.);
#5039=ORIENTED_EDGE('',*,*,#3686,.F.);
#5040=ORIENTED_EDGE('',*,*,#3687,.F.);
#5041=ORIENTED_EDGE('',*,*,#3684,.T.);
#5042=ORIENTED_EDGE('',*,*,#3170,.T.);
#5043=ORIENTED_EDGE('',*,*,#3667,.F.);
#5044=ORIENTED_EDGE('',*,*,#3688,.F.);
#5045=ORIENTED_EDGE('',*,*,#3686,.T.);
#5046=ORIENTED_EDGE('',*,*,#3666,.T.);
#5047=ORIENTED_EDGE('',*,*,#3669,.T.);
#5048=ORIENTED_EDGE('',*,*,#3671,.T.);
#5049=ORIENTED_EDGE('',*,*,#3673,.T.);
#5050=ORIENTED_EDGE('',*,*,#3675,.T.);
#5051=ORIENTED_EDGE('',*,*,#3677,.T.);
#5052=ORIENTED_EDGE('',*,*,#3679,.T.);
#5053=ORIENTED_EDGE('',*,*,#3681,.T.);
#5054=ORIENTED_EDGE('',*,*,#3683,.T.);
#5055=ORIENTED_EDGE('',*,*,#3685,.T.);
#5056=ORIENTED_EDGE('',*,*,#3687,.T.);
#5057=ORIENTED_EDGE('',*,*,#3688,.T.);
#5058=ORIENTED_EDGE('',*,*,#3689,.T.);
#5059=ORIENTED_EDGE('',*,*,#3690,.T.);
#5060=ORIENTED_EDGE('',*,*,#3691,.T.);
#5061=ORIENTED_EDGE('',*,*,#3692,.T.);
#5062=ORIENTED_EDGE('',*,*,#3693,.T.);
#5063=ORIENTED_EDGE('',*,*,#3694,.T.);
#5064=ORIENTED_EDGE('',*,*,#3695,.T.);
#5065=ORIENTED_EDGE('',*,*,#3696,.F.);
#5066=ORIENTED_EDGE('',*,*,#3697,.F.);
#5067=ORIENTED_EDGE('',*,*,#3698,.F.);
#5068=ORIENTED_EDGE('',*,*,#3699,.F.);
#5069=ORIENTED_EDGE('',*,*,#3700,.F.);
#5070=ORIENTED_EDGE('',*,*,#3701,.F.);
#5071=ORIENTED_EDGE('',*,*,#3702,.F.);
#5072=ORIENTED_EDGE('',*,*,#3311,.T.);
#5073=ORIENTED_EDGE('',*,*,#3703,.F.);
#5074=ORIENTED_EDGE('',*,*,#3689,.F.);
#5075=ORIENTED_EDGE('',*,*,#3704,.T.);
#5076=ORIENTED_EDGE('',*,*,#3703,.T.);
#5077=ORIENTED_EDGE('',*,*,#3310,.T.);
#5078=ORIENTED_EDGE('',*,*,#3705,.F.);
#5079=ORIENTED_EDGE('',*,*,#3690,.F.);
#5080=ORIENTED_EDGE('',*,*,#3705,.T.);
#5081=ORIENTED_EDGE('',*,*,#3316,.T.);
#5082=ORIENTED_EDGE('',*,*,#3706,.F.);
#5083=ORIENTED_EDGE('',*,*,#3691,.F.);
#5084=ORIENTED_EDGE('',*,*,#3706,.T.);
#5085=ORIENTED_EDGE('',*,*,#3315,.T.);
#5086=ORIENTED_EDGE('',*,*,#3707,.F.);
#5087=ORIENTED_EDGE('',*,*,#3692,.F.);
#5088=ORIENTED_EDGE('',*,*,#3707,.T.);
#5089=ORIENTED_EDGE('',*,*,#3314,.T.);
#5090=ORIENTED_EDGE('',*,*,#3708,.F.);
#5091=ORIENTED_EDGE('',*,*,#3693,.F.);
#5092=ORIENTED_EDGE('',*,*,#3313,.T.);
#5093=ORIENTED_EDGE('',*,*,#3709,.F.);
#5094=ORIENTED_EDGE('',*,*,#3694,.F.);
#5095=ORIENTED_EDGE('',*,*,#3708,.T.);
#5096=ORIENTED_EDGE('',*,*,#3312,.T.);
#5097=ORIENTED_EDGE('',*,*,#3704,.F.);
#5098=ORIENTED_EDGE('',*,*,#3695,.F.);
#5099=ORIENTED_EDGE('',*,*,#3709,.T.);
#5100=ORIENTED_EDGE('',*,*,#3710,.F.);
#5101=ORIENTED_EDGE('',*,*,#3711,.F.);
#5102=ORIENTED_EDGE('',*,*,#3697,.T.);
#5103=ORIENTED_EDGE('',*,*,#3712,.T.);
#5104=ORIENTED_EDGE('',*,*,#3713,.F.);
#5105=ORIENTED_EDGE('',*,*,#3712,.F.);
#5106=ORIENTED_EDGE('',*,*,#3696,.T.);
#5107=ORIENTED_EDGE('',*,*,#3714,.T.);
#5108=ORIENTED_EDGE('',*,*,#3715,.F.);
#5109=ORIENTED_EDGE('',*,*,#3714,.F.);
#5110=ORIENTED_EDGE('',*,*,#3702,.T.);
#5111=ORIENTED_EDGE('',*,*,#3716,.T.);
#5112=ORIENTED_EDGE('',*,*,#3717,.F.);
#5113=ORIENTED_EDGE('',*,*,#3716,.F.);
#5114=ORIENTED_EDGE('',*,*,#3701,.T.);
#5115=ORIENTED_EDGE('',*,*,#3718,.T.);
#5116=ORIENTED_EDGE('',*,*,#3719,.F.);
#5117=ORIENTED_EDGE('',*,*,#3718,.F.);
#5118=ORIENTED_EDGE('',*,*,#3700,.T.);
#5119=ORIENTED_EDGE('',*,*,#3720,.T.);
#5120=ORIENTED_EDGE('',*,*,#3721,.F.);
#5121=ORIENTED_EDGE('',*,*,#3720,.F.);
#5122=ORIENTED_EDGE('',*,*,#3699,.T.);
#5123=ORIENTED_EDGE('',*,*,#3722,.T.);
#5124=ORIENTED_EDGE('',*,*,#3723,.F.);
#5125=ORIENTED_EDGE('',*,*,#3722,.F.);
#5126=ORIENTED_EDGE('',*,*,#3698,.T.);
#5127=ORIENTED_EDGE('',*,*,#3711,.T.);
#5128=ORIENTED_EDGE('',*,*,#3710,.T.);
#5129=ORIENTED_EDGE('',*,*,#3713,.T.);
#5130=ORIENTED_EDGE('',*,*,#3715,.T.);
#5131=ORIENTED_EDGE('',*,*,#3717,.T.);
#5132=ORIENTED_EDGE('',*,*,#3719,.T.);
#5133=ORIENTED_EDGE('',*,*,#3721,.T.);
#5134=ORIENTED_EDGE('',*,*,#3723,.T.);
#5135=ORIENTED_EDGE('',*,*,#3724,.T.);
#5136=ORIENTED_EDGE('',*,*,#3725,.T.);
#5137=ORIENTED_EDGE('',*,*,#3726,.T.);
#5138=ORIENTED_EDGE('',*,*,#3727,.T.);
#5139=ORIENTED_EDGE('',*,*,#3728,.T.);
#5140=ORIENTED_EDGE('',*,*,#3729,.T.);
#5141=ORIENTED_EDGE('',*,*,#3730,.T.);
#5142=ORIENTED_EDGE('',*,*,#3731,.T.);
#5143=ORIENTED_EDGE('',*,*,#3732,.F.);
#5144=ORIENTED_EDGE('',*,*,#3733,.F.);
#5145=ORIENTED_EDGE('',*,*,#3734,.F.);
#5146=ORIENTED_EDGE('',*,*,#3735,.F.);
#5147=ORIENTED_EDGE('',*,*,#3736,.F.);
#5148=ORIENTED_EDGE('',*,*,#3737,.F.);
#5149=ORIENTED_EDGE('',*,*,#3181,.T.);
#5150=ORIENTED_EDGE('',*,*,#3738,.F.);
#5151=ORIENTED_EDGE('',*,*,#3724,.F.);
#5152=ORIENTED_EDGE('',*,*,#3739,.T.);
#5153=ORIENTED_EDGE('',*,*,#3180,.T.);
#5154=ORIENTED_EDGE('',*,*,#3740,.F.);
#5155=ORIENTED_EDGE('',*,*,#3725,.F.);
#5156=ORIENTED_EDGE('',*,*,#3738,.T.);
#5157=ORIENTED_EDGE('',*,*,#3187,.T.);
#5158=ORIENTED_EDGE('',*,*,#3741,.F.);
#5159=ORIENTED_EDGE('',*,*,#3726,.F.);
#5160=ORIENTED_EDGE('',*,*,#3740,.T.);
#5161=ORIENTED_EDGE('',*,*,#3186,.T.);
#5162=ORIENTED_EDGE('',*,*,#3742,.F.);
#5163=ORIENTED_EDGE('',*,*,#3727,.F.);
#5164=ORIENTED_EDGE('',*,*,#3741,.T.);
#5165=ORIENTED_EDGE('',*,*,#3185,.T.);
#5166=ORIENTED_EDGE('',*,*,#3743,.F.);
#5167=ORIENTED_EDGE('',*,*,#3728,.F.);
#5168=ORIENTED_EDGE('',*,*,#3742,.T.);
#5169=ORIENTED_EDGE('',*,*,#3184,.T.);
#5170=ORIENTED_EDGE('',*,*,#3744,.F.);
#5171=ORIENTED_EDGE('',*,*,#3729,.F.);
#5172=ORIENTED_EDGE('',*,*,#3743,.T.);
#5173=ORIENTED_EDGE('',*,*,#3183,.T.);
#5174=ORIENTED_EDGE('',*,*,#3745,.F.);
#5175=ORIENTED_EDGE('',*,*,#3730,.F.);
#5176=ORIENTED_EDGE('',*,*,#3744,.T.);
#5177=ORIENTED_EDGE('',*,*,#3182,.T.);
#5178=ORIENTED_EDGE('',*,*,#3739,.F.);
#5179=ORIENTED_EDGE('',*,*,#3731,.F.);
#5180=ORIENTED_EDGE('',*,*,#3745,.T.);
#5181=ORIENTED_EDGE('',*,*,#3746,.F.);
#5182=ORIENTED_EDGE('',*,*,#3747,.F.);
#5183=ORIENTED_EDGE('',*,*,#3732,.T.);
#5184=ORIENTED_EDGE('',*,*,#3748,.T.);
#5185=ORIENTED_EDGE('',*,*,#3749,.F.);
#5186=ORIENTED_EDGE('',*,*,#3748,.F.);
#5187=ORIENTED_EDGE('',*,*,#3737,.T.);
#5188=ORIENTED_EDGE('',*,*,#3750,.T.);
#5189=ORIENTED_EDGE('',*,*,#3751,.F.);
#5190=ORIENTED_EDGE('',*,*,#3750,.F.);
#5191=ORIENTED_EDGE('',*,*,#3736,.T.);
#5192=ORIENTED_EDGE('',*,*,#3752,.T.);
#5193=ORIENTED_EDGE('',*,*,#3753,.F.);
#5194=ORIENTED_EDGE('',*,*,#3752,.F.);
#5195=ORIENTED_EDGE('',*,*,#3735,.T.);
#5196=ORIENTED_EDGE('',*,*,#3754,.T.);
#5197=ORIENTED_EDGE('',*,*,#3755,.F.);
#5198=ORIENTED_EDGE('',*,*,#3754,.F.);
#5199=ORIENTED_EDGE('',*,*,#3734,.T.);
#5200=ORIENTED_EDGE('',*,*,#3756,.T.);
#5201=ORIENTED_EDGE('',*,*,#3757,.F.);
#5202=ORIENTED_EDGE('',*,*,#3756,.F.);
#5203=ORIENTED_EDGE('',*,*,#3733,.T.);
#5204=ORIENTED_EDGE('',*,*,#3747,.T.);
#5205=ORIENTED_EDGE('',*,*,#3746,.T.);
#5206=ORIENTED_EDGE('',*,*,#3749,.T.);
#5207=ORIENTED_EDGE('',*,*,#3751,.T.);
#5208=ORIENTED_EDGE('',*,*,#3753,.T.);
#5209=ORIENTED_EDGE('',*,*,#3755,.T.);
#5210=ORIENTED_EDGE('',*,*,#3757,.T.);
#5211=ORIENTED_EDGE('',*,*,#3189,.T.);
#5212=ORIENTED_EDGE('',*,*,#3758,.F.);
#5213=ORIENTED_EDGE('',*,*,#3759,.F.);
#5214=ORIENTED_EDGE('',*,*,#3760,.T.);
#5215=ORIENTED_EDGE('',*,*,#3188,.T.);
#5216=ORIENTED_EDGE('',*,*,#3761,.F.);
#5217=ORIENTED_EDGE('',*,*,#3762,.F.);
#5218=ORIENTED_EDGE('',*,*,#3758,.T.);
#5219=ORIENTED_EDGE('',*,*,#3199,.T.);
#5220=ORIENTED_EDGE('',*,*,#3763,.F.);
#5221=ORIENTED_EDGE('',*,*,#3764,.F.);
#5222=ORIENTED_EDGE('',*,*,#3761,.T.);
#5223=ORIENTED_EDGE('',*,*,#3198,.T.);
#5224=ORIENTED_EDGE('',*,*,#3765,.F.);
#5225=ORIENTED_EDGE('',*,*,#3766,.F.);
#5226=ORIENTED_EDGE('',*,*,#3763,.T.);
#5227=ORIENTED_EDGE('',*,*,#3197,.T.);
#5228=ORIENTED_EDGE('',*,*,#3767,.F.);
#5229=ORIENTED_EDGE('',*,*,#3768,.F.);
#5230=ORIENTED_EDGE('',*,*,#3765,.T.);
#5231=ORIENTED_EDGE('',*,*,#3196,.T.);
#5232=ORIENTED_EDGE('',*,*,#3769,.F.);
#5233=ORIENTED_EDGE('',*,*,#3770,.F.);
#5234=ORIENTED_EDGE('',*,*,#3767,.T.);
#5235=ORIENTED_EDGE('',*,*,#3195,.T.);
#5236=ORIENTED_EDGE('',*,*,#3771,.F.);
#5237=ORIENTED_EDGE('',*,*,#3772,.F.);
#5238=ORIENTED_EDGE('',*,*,#3769,.T.);
#5239=ORIENTED_EDGE('',*,*,#3194,.T.);
#5240=ORIENTED_EDGE('',*,*,#3773,.F.);
#5241=ORIENTED_EDGE('',*,*,#3774,.F.);
#5242=ORIENTED_EDGE('',*,*,#3771,.T.);
#5243=ORIENTED_EDGE('',*,*,#3193,.T.);
#5244=ORIENTED_EDGE('',*,*,#3775,.F.);
#5245=ORIENTED_EDGE('',*,*,#3776,.F.);
#5246=ORIENTED_EDGE('',*,*,#3773,.T.);
#5247=ORIENTED_EDGE('',*,*,#3192,.T.);
#5248=ORIENTED_EDGE('',*,*,#3777,.F.);
#5249=ORIENTED_EDGE('',*,*,#3778,.F.);
#5250=ORIENTED_EDGE('',*,*,#3775,.T.);
#5251=ORIENTED_EDGE('',*,*,#3191,.T.);
#5252=ORIENTED_EDGE('',*,*,#3779,.F.);
#5253=ORIENTED_EDGE('',*,*,#3780,.F.);
#5254=ORIENTED_EDGE('',*,*,#3777,.T.);
#5255=ORIENTED_EDGE('',*,*,#3190,.T.);
#5256=ORIENTED_EDGE('',*,*,#3760,.F.);
#5257=ORIENTED_EDGE('',*,*,#3781,.F.);
#5258=ORIENTED_EDGE('',*,*,#3779,.T.);
#5259=ORIENTED_EDGE('',*,*,#3759,.T.);
#5260=ORIENTED_EDGE('',*,*,#3762,.T.);
#5261=ORIENTED_EDGE('',*,*,#3764,.T.);
#5262=ORIENTED_EDGE('',*,*,#3766,.T.);
#5263=ORIENTED_EDGE('',*,*,#3768,.T.);
#5264=ORIENTED_EDGE('',*,*,#3770,.T.);
#5265=ORIENTED_EDGE('',*,*,#3772,.T.);
#5266=ORIENTED_EDGE('',*,*,#3774,.T.);
#5267=ORIENTED_EDGE('',*,*,#3776,.T.);
#5268=ORIENTED_EDGE('',*,*,#3778,.T.);
#5269=ORIENTED_EDGE('',*,*,#3780,.T.);
#5270=ORIENTED_EDGE('',*,*,#3781,.T.);
#5271=ORIENTED_EDGE('',*,*,#3782,.T.);
#5272=ORIENTED_EDGE('',*,*,#3783,.T.);
#5273=ORIENTED_EDGE('',*,*,#3784,.T.);
#5274=ORIENTED_EDGE('',*,*,#3785,.T.);
#5275=ORIENTED_EDGE('',*,*,#3786,.T.);
#5276=ORIENTED_EDGE('',*,*,#3787,.T.);
#5277=ORIENTED_EDGE('',*,*,#3788,.T.);
#5278=ORIENTED_EDGE('',*,*,#3789,.T.);
#5279=ORIENTED_EDGE('',*,*,#3790,.T.);
#5280=ORIENTED_EDGE('',*,*,#3791,.T.);
#5281=ORIENTED_EDGE('',*,*,#3792,.T.);
#5282=ORIENTED_EDGE('',*,*,#3793,.T.);
#5283=ORIENTED_EDGE('',*,*,#3794,.T.);
#5284=ORIENTED_EDGE('',*,*,#3795,.T.);
#5285=ORIENTED_EDGE('',*,*,#3796,.F.);
#5286=ORIENTED_EDGE('',*,*,#3797,.F.);
#5287=ORIENTED_EDGE('',*,*,#3798,.F.);
#5288=ORIENTED_EDGE('',*,*,#3799,.F.);
#5289=ORIENTED_EDGE('',*,*,#3800,.F.);
#5290=ORIENTED_EDGE('',*,*,#3801,.F.);
#5291=ORIENTED_EDGE('',*,*,#3802,.F.);
#5292=ORIENTED_EDGE('',*,*,#3803,.F.);
#5293=ORIENTED_EDGE('',*,*,#3804,.T.);
#5294=ORIENTED_EDGE('',*,*,#3297,.T.);
#5295=ORIENTED_EDGE('',*,*,#3805,.F.);
#5296=ORIENTED_EDGE('',*,*,#3782,.F.);
#5297=ORIENTED_EDGE('',*,*,#3296,.T.);
#5298=ORIENTED_EDGE('',*,*,#3806,.F.);
#5299=ORIENTED_EDGE('',*,*,#3783,.F.);
#5300=ORIENTED_EDGE('',*,*,#3805,.T.);
#5301=ORIENTED_EDGE('',*,*,#3806,.T.);
#5302=ORIENTED_EDGE('',*,*,#3309,.T.);
#5303=ORIENTED_EDGE('',*,*,#3807,.F.);
#5304=ORIENTED_EDGE('',*,*,#3784,.F.);
#5305=ORIENTED_EDGE('',*,*,#3807,.T.);
#5306=ORIENTED_EDGE('',*,*,#3308,.T.);
#5307=ORIENTED_EDGE('',*,*,#3808,.F.);
#5308=ORIENTED_EDGE('',*,*,#3785,.F.);
#5309=ORIENTED_EDGE('',*,*,#3307,.T.);
#5310=ORIENTED_EDGE('',*,*,#3809,.F.);
#5311=ORIENTED_EDGE('',*,*,#3786,.F.);
#5312=ORIENTED_EDGE('',*,*,#3808,.T.);
#5313=ORIENTED_EDGE('',*,*,#3809,.T.);
#5314=ORIENTED_EDGE('',*,*,#3306,.T.);
#5315=ORIENTED_EDGE('',*,*,#3810,.F.);
#5316=ORIENTED_EDGE('',*,*,#3787,.F.);
#5317=ORIENTED_EDGE('',*,*,#3810,.T.);
#5318=ORIENTED_EDGE('',*,*,#3305,.T.);
#5319=ORIENTED_EDGE('',*,*,#3811,.F.);
#5320=ORIENTED_EDGE('',*,*,#3788,.F.);
#5321=ORIENTED_EDGE('',*,*,#3811,.T.);
#5322=ORIENTED_EDGE('',*,*,#3304,.T.);
#5323=ORIENTED_EDGE('',*,*,#3812,.F.);
#5324=ORIENTED_EDGE('',*,*,#3789,.F.);
#5325=ORIENTED_EDGE('',*,*,#3812,.T.);
#5326=ORIENTED_EDGE('',*,*,#3303,.T.);
#5327=ORIENTED_EDGE('',*,*,#3813,.F.);
#5328=ORIENTED_EDGE('',*,*,#3790,.F.);
#5329=ORIENTED_EDGE('',*,*,#3302,.T.);
#5330=ORIENTED_EDGE('',*,*,#3814,.F.);
#5331=ORIENTED_EDGE('',*,*,#3791,.F.);
#5332=ORIENTED_EDGE('',*,*,#3813,.T.);
#5333=ORIENTED_EDGE('',*,*,#3301,.T.);
#5334=ORIENTED_EDGE('',*,*,#3815,.F.);
#5335=ORIENTED_EDGE('',*,*,#3792,.F.);
#5336=ORIENTED_EDGE('',*,*,#3814,.T.);
#5337=ORIENTED_EDGE('',*,*,#3300,.T.);
#5338=ORIENTED_EDGE('',*,*,#3816,.F.);
#5339=ORIENTED_EDGE('',*,*,#3793,.F.);
#5340=ORIENTED_EDGE('',*,*,#3815,.T.);
#5341=ORIENTED_EDGE('',*,*,#3299,.T.);
#5342=ORIENTED_EDGE('',*,*,#3817,.F.);
#5343=ORIENTED_EDGE('',*,*,#3794,.F.);
#5344=ORIENTED_EDGE('',*,*,#3816,.T.);
#5345=ORIENTED_EDGE('',*,*,#3817,.T.);
#5346=ORIENTED_EDGE('',*,*,#3298,.T.);
#5347=ORIENTED_EDGE('',*,*,#3804,.F.);
#5348=ORIENTED_EDGE('',*,*,#3795,.F.);
#5349=ORIENTED_EDGE('',*,*,#3818,.F.);
#5350=ORIENTED_EDGE('',*,*,#3819,.F.);
#5351=ORIENTED_EDGE('',*,*,#3797,.T.);
#5352=ORIENTED_EDGE('',*,*,#3820,.T.);
#5353=ORIENTED_EDGE('',*,*,#3821,.F.);
#5354=ORIENTED_EDGE('',*,*,#3820,.F.);
#5355=ORIENTED_EDGE('',*,*,#3796,.T.);
#5356=ORIENTED_EDGE('',*,*,#3822,.T.);
#5357=ORIENTED_EDGE('',*,*,#3823,.F.);
#5358=ORIENTED_EDGE('',*,*,#3822,.F.);
#5359=ORIENTED_EDGE('',*,*,#3803,.T.);
#5360=ORIENTED_EDGE('',*,*,#3824,.T.);
#5361=ORIENTED_EDGE('',*,*,#3825,.F.);
#5362=ORIENTED_EDGE('',*,*,#3824,.F.);
#5363=ORIENTED_EDGE('',*,*,#3802,.T.);
#5364=ORIENTED_EDGE('',*,*,#3826,.T.);
#5365=ORIENTED_EDGE('',*,*,#3827,.F.);
#5366=ORIENTED_EDGE('',*,*,#3826,.F.);
#5367=ORIENTED_EDGE('',*,*,#3801,.T.);
#5368=ORIENTED_EDGE('',*,*,#3828,.T.);
#5369=ORIENTED_EDGE('',*,*,#3829,.F.);
#5370=ORIENTED_EDGE('',*,*,#3828,.F.);
#5371=ORIENTED_EDGE('',*,*,#3800,.T.);
#5372=ORIENTED_EDGE('',*,*,#3830,.T.);
#5373=ORIENTED_EDGE('',*,*,#3831,.F.);
#5374=ORIENTED_EDGE('',*,*,#3830,.F.);
#5375=ORIENTED_EDGE('',*,*,#3799,.T.);
#5376=ORIENTED_EDGE('',*,*,#3832,.T.);
#5377=ORIENTED_EDGE('',*,*,#3833,.F.);
#5378=ORIENTED_EDGE('',*,*,#3832,.F.);
#5379=ORIENTED_EDGE('',*,*,#3798,.T.);
#5380=ORIENTED_EDGE('',*,*,#3819,.T.);
#5381=ORIENTED_EDGE('',*,*,#3818,.T.);
#5382=ORIENTED_EDGE('',*,*,#3821,.T.);
#5383=ORIENTED_EDGE('',*,*,#3823,.T.);
#5384=ORIENTED_EDGE('',*,*,#3825,.T.);
#5385=ORIENTED_EDGE('',*,*,#3827,.T.);
#5386=ORIENTED_EDGE('',*,*,#3829,.T.);
#5387=ORIENTED_EDGE('',*,*,#3831,.T.);
#5388=ORIENTED_EDGE('',*,*,#3833,.T.);
#5389=ORIENTED_EDGE('',*,*,#3834,.T.);
#5390=ORIENTED_EDGE('',*,*,#3276,.T.);
#5391=ORIENTED_EDGE('',*,*,#3835,.F.);
#5392=ORIENTED_EDGE('',*,*,#3836,.F.);
#5393=ORIENTED_EDGE('',*,*,#3275,.T.);
#5394=ORIENTED_EDGE('',*,*,#3837,.F.);
#5395=ORIENTED_EDGE('',*,*,#3838,.F.);
#5396=ORIENTED_EDGE('',*,*,#3835,.T.);
#5397=ORIENTED_EDGE('',*,*,#3837,.T.);
#5398=ORIENTED_EDGE('',*,*,#3295,.T.);
#5399=ORIENTED_EDGE('',*,*,#3839,.F.);
#5400=ORIENTED_EDGE('',*,*,#3840,.F.);
#5401=ORIENTED_EDGE('',*,*,#3839,.T.);
#5402=ORIENTED_EDGE('',*,*,#3294,.T.);
#5403=ORIENTED_EDGE('',*,*,#3841,.F.);
#5404=ORIENTED_EDGE('',*,*,#3842,.F.);
#5405=ORIENTED_EDGE('',*,*,#3841,.T.);
#5406=ORIENTED_EDGE('',*,*,#3293,.T.);
#5407=ORIENTED_EDGE('',*,*,#3843,.F.);
#5408=ORIENTED_EDGE('',*,*,#3844,.F.);
#5409=ORIENTED_EDGE('',*,*,#3843,.T.);
#5410=ORIENTED_EDGE('',*,*,#3292,.T.);
#5411=ORIENTED_EDGE('',*,*,#3845,.F.);
#5412=ORIENTED_EDGE('',*,*,#3846,.F.);
#5413=ORIENTED_EDGE('',*,*,#3845,.T.);
#5414=ORIENTED_EDGE('',*,*,#3291,.T.);
#5415=ORIENTED_EDGE('',*,*,#3847,.F.);
#5416=ORIENTED_EDGE('',*,*,#3848,.F.);
#5417=ORIENTED_EDGE('',*,*,#3847,.T.);
#5418=ORIENTED_EDGE('',*,*,#3290,.T.);
#5419=ORIENTED_EDGE('',*,*,#3849,.F.);
#5420=ORIENTED_EDGE('',*,*,#3850,.F.);
#5421=ORIENTED_EDGE('',*,*,#3849,.T.);
#5422=ORIENTED_EDGE('',*,*,#3289,.T.);
#5423=ORIENTED_EDGE('',*,*,#3851,.F.);
#5424=ORIENTED_EDGE('',*,*,#3852,.F.);
#5425=ORIENTED_EDGE('',*,*,#3851,.T.);
#5426=ORIENTED_EDGE('',*,*,#3288,.T.);
#5427=ORIENTED_EDGE('',*,*,#3853,.F.);
#5428=ORIENTED_EDGE('',*,*,#3854,.F.);
#5429=ORIENTED_EDGE('',*,*,#3853,.T.);
#5430=ORIENTED_EDGE('',*,*,#3287,.T.);
#5431=ORIENTED_EDGE('',*,*,#3855,.F.);
#5432=ORIENTED_EDGE('',*,*,#3856,.F.);
#5433=ORIENTED_EDGE('',*,*,#3855,.T.);
#5434=ORIENTED_EDGE('',*,*,#3286,.T.);
#5435=ORIENTED_EDGE('',*,*,#3857,.F.);
#5436=ORIENTED_EDGE('',*,*,#3858,.F.);
#5437=ORIENTED_EDGE('',*,*,#3285,.T.);
#5438=ORIENTED_EDGE('',*,*,#3859,.F.);
#5439=ORIENTED_EDGE('',*,*,#3860,.F.);
#5440=ORIENTED_EDGE('',*,*,#3857,.T.);
#5441=ORIENTED_EDGE('',*,*,#3859,.T.);
#5442=ORIENTED_EDGE('',*,*,#3284,.T.);
#5443=ORIENTED_EDGE('',*,*,#3861,.F.);
#5444=ORIENTED_EDGE('',*,*,#3862,.F.);
#5445=ORIENTED_EDGE('',*,*,#3861,.T.);
#5446=ORIENTED_EDGE('',*,*,#3283,.T.);
#5447=ORIENTED_EDGE('',*,*,#3863,.F.);
#5448=ORIENTED_EDGE('',*,*,#3864,.F.);
#5449=ORIENTED_EDGE('',*,*,#3863,.T.);
#5450=ORIENTED_EDGE('',*,*,#3282,.T.);
#5451=ORIENTED_EDGE('',*,*,#3865,.F.);
#5452=ORIENTED_EDGE('',*,*,#3866,.F.);
#5453=ORIENTED_EDGE('',*,*,#3865,.T.);
#5454=ORIENTED_EDGE('',*,*,#3281,.T.);
#5455=ORIENTED_EDGE('',*,*,#3867,.F.);
#5456=ORIENTED_EDGE('',*,*,#3868,.F.);
#5457=ORIENTED_EDGE('',*,*,#3867,.T.);
#5458=ORIENTED_EDGE('',*,*,#3280,.T.);
#5459=ORIENTED_EDGE('',*,*,#3869,.F.);
#5460=ORIENTED_EDGE('',*,*,#3870,.F.);
#5461=ORIENTED_EDGE('',*,*,#3869,.T.);
#5462=ORIENTED_EDGE('',*,*,#3279,.T.);
#5463=ORIENTED_EDGE('',*,*,#3871,.F.);
#5464=ORIENTED_EDGE('',*,*,#3872,.F.);
#5465=ORIENTED_EDGE('',*,*,#3871,.T.);
#5466=ORIENTED_EDGE('',*,*,#3278,.T.);
#5467=ORIENTED_EDGE('',*,*,#3873,.F.);
#5468=ORIENTED_EDGE('',*,*,#3874,.F.);
#5469=ORIENTED_EDGE('',*,*,#3873,.T.);
#5470=ORIENTED_EDGE('',*,*,#3277,.T.);
#5471=ORIENTED_EDGE('',*,*,#3834,.F.);
#5472=ORIENTED_EDGE('',*,*,#3875,.F.);
#5473=ORIENTED_EDGE('',*,*,#3836,.T.);
#5474=ORIENTED_EDGE('',*,*,#3838,.T.);
#5475=ORIENTED_EDGE('',*,*,#3840,.T.);
#5476=ORIENTED_EDGE('',*,*,#3842,.T.);
#5477=ORIENTED_EDGE('',*,*,#3844,.T.);
#5478=ORIENTED_EDGE('',*,*,#3846,.T.);
#5479=ORIENTED_EDGE('',*,*,#3848,.T.);
#5480=ORIENTED_EDGE('',*,*,#3850,.T.);
#5481=ORIENTED_EDGE('',*,*,#3852,.T.);
#5482=ORIENTED_EDGE('',*,*,#3854,.T.);
#5483=ORIENTED_EDGE('',*,*,#3856,.T.);
#5484=ORIENTED_EDGE('',*,*,#3858,.T.);
#5485=ORIENTED_EDGE('',*,*,#3860,.T.);
#5486=ORIENTED_EDGE('',*,*,#3862,.T.);
#5487=ORIENTED_EDGE('',*,*,#3864,.T.);
#5488=ORIENTED_EDGE('',*,*,#3866,.T.);
#5489=ORIENTED_EDGE('',*,*,#3868,.T.);
#5490=ORIENTED_EDGE('',*,*,#3870,.T.);
#5491=ORIENTED_EDGE('',*,*,#3872,.T.);
#5492=ORIENTED_EDGE('',*,*,#3874,.T.);
#5493=ORIENTED_EDGE('',*,*,#3875,.T.);
#5494=ORIENTED_EDGE('',*,*,#3261,.T.);
#5495=ORIENTED_EDGE('',*,*,#3876,.F.);
#5496=ORIENTED_EDGE('',*,*,#3877,.F.);
#5497=ORIENTED_EDGE('',*,*,#3878,.T.);
#5498=ORIENTED_EDGE('',*,*,#3260,.T.);
#5499=ORIENTED_EDGE('',*,*,#3879,.F.);
#5500=ORIENTED_EDGE('',*,*,#3880,.F.);
#5501=ORIENTED_EDGE('',*,*,#3876,.T.);
#5502=ORIENTED_EDGE('',*,*,#3879,.T.);
#5503=ORIENTED_EDGE('',*,*,#3274,.T.);
#5504=ORIENTED_EDGE('',*,*,#3881,.F.);
#5505=ORIENTED_EDGE('',*,*,#3882,.F.);
#5506=ORIENTED_EDGE('',*,*,#3273,.T.);
#5507=ORIENTED_EDGE('',*,*,#3883,.F.);
#5508=ORIENTED_EDGE('',*,*,#3884,.F.);
#5509=ORIENTED_EDGE('',*,*,#3881,.T.);
#5510=ORIENTED_EDGE('',*,*,#3272,.T.);
#5511=ORIENTED_EDGE('',*,*,#3885,.F.);
#5512=ORIENTED_EDGE('',*,*,#3886,.F.);
#5513=ORIENTED_EDGE('',*,*,#3883,.T.);
#5514=ORIENTED_EDGE('',*,*,#3271,.T.);
#5515=ORIENTED_EDGE('',*,*,#3887,.F.);
#5516=ORIENTED_EDGE('',*,*,#3888,.F.);
#5517=ORIENTED_EDGE('',*,*,#3885,.T.);
#5518=ORIENTED_EDGE('',*,*,#3270,.T.);
#5519=ORIENTED_EDGE('',*,*,#3889,.F.);
#5520=ORIENTED_EDGE('',*,*,#3890,.F.);
#5521=ORIENTED_EDGE('',*,*,#3887,.T.);
#5522=ORIENTED_EDGE('',*,*,#3269,.T.);
#5523=ORIENTED_EDGE('',*,*,#3891,.F.);
#5524=ORIENTED_EDGE('',*,*,#3892,.F.);
#5525=ORIENTED_EDGE('',*,*,#3889,.T.);
#5526=ORIENTED_EDGE('',*,*,#3268,.T.);
#5527=ORIENTED_EDGE('',*,*,#3893,.F.);
#5528=ORIENTED_EDGE('',*,*,#3894,.F.);
#5529=ORIENTED_EDGE('',*,*,#3891,.T.);
#5530=ORIENTED_EDGE('',*,*,#3893,.T.);
#5531=ORIENTED_EDGE('',*,*,#3267,.T.);
#5532=ORIENTED_EDGE('',*,*,#3895,.F.);
#5533=ORIENTED_EDGE('',*,*,#3896,.F.);
#5534=ORIENTED_EDGE('',*,*,#3895,.T.);
#5535=ORIENTED_EDGE('',*,*,#3266,.T.);
#5536=ORIENTED_EDGE('',*,*,#3897,.F.);
#5537=ORIENTED_EDGE('',*,*,#3898,.F.);
#5538=ORIENTED_EDGE('',*,*,#3265,.T.);
#5539=ORIENTED_EDGE('',*,*,#3899,.F.);
#5540=ORIENTED_EDGE('',*,*,#3900,.F.);
#5541=ORIENTED_EDGE('',*,*,#3897,.T.);
#5542=ORIENTED_EDGE('',*,*,#3899,.T.);
#5543=ORIENTED_EDGE('',*,*,#3264,.T.);
#5544=ORIENTED_EDGE('',*,*,#3901,.F.);
#5545=ORIENTED_EDGE('',*,*,#3902,.F.);
#5546=ORIENTED_EDGE('',*,*,#3901,.T.);
#5547=ORIENTED_EDGE('',*,*,#3263,.T.);
#5548=ORIENTED_EDGE('',*,*,#3903,.F.);
#5549=ORIENTED_EDGE('',*,*,#3904,.F.);
#5550=ORIENTED_EDGE('',*,*,#3262,.T.);
#5551=ORIENTED_EDGE('',*,*,#3878,.F.);
#5552=ORIENTED_EDGE('',*,*,#3905,.F.);
#5553=ORIENTED_EDGE('',*,*,#3903,.T.);
#5554=ORIENTED_EDGE('',*,*,#3877,.T.);
#5555=ORIENTED_EDGE('',*,*,#3880,.T.);
#5556=ORIENTED_EDGE('',*,*,#3882,.T.);
#5557=ORIENTED_EDGE('',*,*,#3884,.T.);
#5558=ORIENTED_EDGE('',*,*,#3886,.T.);
#5559=ORIENTED_EDGE('',*,*,#3888,.T.);
#5560=ORIENTED_EDGE('',*,*,#3890,.T.);
#5561=ORIENTED_EDGE('',*,*,#3892,.T.);
#5562=ORIENTED_EDGE('',*,*,#3894,.T.);
#5563=ORIENTED_EDGE('',*,*,#3896,.T.);
#5564=ORIENTED_EDGE('',*,*,#3898,.T.);
#5565=ORIENTED_EDGE('',*,*,#3900,.T.);
#5566=ORIENTED_EDGE('',*,*,#3902,.T.);
#5567=ORIENTED_EDGE('',*,*,#3904,.T.);
#5568=ORIENTED_EDGE('',*,*,#3905,.T.);
#5569=ORIENTED_EDGE('',*,*,#3249,.T.);
#5570=ORIENTED_EDGE('',*,*,#3906,.F.);
#5571=ORIENTED_EDGE('',*,*,#3907,.F.);
#5572=ORIENTED_EDGE('',*,*,#3908,.T.);
#5573=ORIENTED_EDGE('',*,*,#3248,.T.);
#5574=ORIENTED_EDGE('',*,*,#3909,.F.);
#5575=ORIENTED_EDGE('',*,*,#3910,.F.);
#5576=ORIENTED_EDGE('',*,*,#3906,.T.);
#5577=ORIENTED_EDGE('',*,*,#3259,.T.);
#5578=ORIENTED_EDGE('',*,*,#3911,.F.);
#5579=ORIENTED_EDGE('',*,*,#3912,.F.);
#5580=ORIENTED_EDGE('',*,*,#3909,.T.);
#5581=ORIENTED_EDGE('',*,*,#3258,.T.);
#5582=ORIENTED_EDGE('',*,*,#3913,.F.);
#5583=ORIENTED_EDGE('',*,*,#3914,.F.);
#5584=ORIENTED_EDGE('',*,*,#3911,.T.);
#5585=ORIENTED_EDGE('',*,*,#3257,.T.);
#5586=ORIENTED_EDGE('',*,*,#3915,.F.);
#5587=ORIENTED_EDGE('',*,*,#3916,.F.);
#5588=ORIENTED_EDGE('',*,*,#3913,.T.);
#5589=ORIENTED_EDGE('',*,*,#3256,.T.);
#5590=ORIENTED_EDGE('',*,*,#3917,.F.);
#5591=ORIENTED_EDGE('',*,*,#3918,.F.);
#5592=ORIENTED_EDGE('',*,*,#3915,.T.);
#5593=ORIENTED_EDGE('',*,*,#3255,.T.);
#5594=ORIENTED_EDGE('',*,*,#3919,.F.);
#5595=ORIENTED_EDGE('',*,*,#3920,.F.);
#5596=ORIENTED_EDGE('',*,*,#3917,.T.);
#5597=ORIENTED_EDGE('',*,*,#3254,.T.);
#5598=ORIENTED_EDGE('',*,*,#3921,.F.);
#5599=ORIENTED_EDGE('',*,*,#3922,.F.);
#5600=ORIENTED_EDGE('',*,*,#3919,.T.);
#5601=ORIENTED_EDGE('',*,*,#3253,.T.);
#5602=ORIENTED_EDGE('',*,*,#3923,.F.);
#5603=ORIENTED_EDGE('',*,*,#3924,.F.);
#5604=ORIENTED_EDGE('',*,*,#3921,.T.);
#5605=ORIENTED_EDGE('',*,*,#3252,.T.);
#5606=ORIENTED_EDGE('',*,*,#3925,.F.);
#5607=ORIENTED_EDGE('',*,*,#3926,.F.);
#5608=ORIENTED_EDGE('',*,*,#3923,.T.);
#5609=ORIENTED_EDGE('',*,*,#3251,.T.);
#5610=ORIENTED_EDGE('',*,*,#3927,.F.);
#5611=ORIENTED_EDGE('',*,*,#3928,.F.);
#5612=ORIENTED_EDGE('',*,*,#3925,.T.);
#5613=ORIENTED_EDGE('',*,*,#3250,.T.);
#5614=ORIENTED_EDGE('',*,*,#3908,.F.);
#5615=ORIENTED_EDGE('',*,*,#3929,.F.);
#5616=ORIENTED_EDGE('',*,*,#3927,.T.);
#5617=ORIENTED_EDGE('',*,*,#3907,.T.);
#5618=ORIENTED_EDGE('',*,*,#3910,.T.);
#5619=ORIENTED_EDGE('',*,*,#3912,.T.);
#5620=ORIENTED_EDGE('',*,*,#3914,.T.);
#5621=ORIENTED_EDGE('',*,*,#3916,.T.);
#5622=ORIENTED_EDGE('',*,*,#3918,.T.);
#5623=ORIENTED_EDGE('',*,*,#3920,.T.);
#5624=ORIENTED_EDGE('',*,*,#3922,.T.);
#5625=ORIENTED_EDGE('',*,*,#3924,.T.);
#5626=ORIENTED_EDGE('',*,*,#3926,.T.);
#5627=ORIENTED_EDGE('',*,*,#3928,.T.);
#5628=ORIENTED_EDGE('',*,*,#3929,.T.);
#5629=ORIENTED_EDGE('',*,*,#3930,.T.);
#5630=ORIENTED_EDGE('',*,*,#3931,.T.);
#5631=ORIENTED_EDGE('',*,*,#3932,.T.);
#5632=ORIENTED_EDGE('',*,*,#3933,.T.);
#5633=ORIENTED_EDGE('',*,*,#3934,.T.);
#5634=ORIENTED_EDGE('',*,*,#3935,.T.);
#5635=ORIENTED_EDGE('',*,*,#3936,.T.);
#5636=ORIENTED_EDGE('',*,*,#3937,.F.);
#5637=ORIENTED_EDGE('',*,*,#3938,.F.);
#5638=ORIENTED_EDGE('',*,*,#3939,.F.);
#5639=ORIENTED_EDGE('',*,*,#3940,.F.);
#5640=ORIENTED_EDGE('',*,*,#3941,.F.);
#5641=ORIENTED_EDGE('',*,*,#3942,.F.);
#5642=ORIENTED_EDGE('',*,*,#3943,.F.);
#5643=ORIENTED_EDGE('',*,*,#3201,.T.);
#5644=ORIENTED_EDGE('',*,*,#3944,.F.);
#5645=ORIENTED_EDGE('',*,*,#3930,.F.);
#5646=ORIENTED_EDGE('',*,*,#3945,.T.);
#5647=ORIENTED_EDGE('',*,*,#3944,.T.);
#5648=ORIENTED_EDGE('',*,*,#3200,.T.);
#5649=ORIENTED_EDGE('',*,*,#3946,.F.);
#5650=ORIENTED_EDGE('',*,*,#3931,.F.);
#5651=ORIENTED_EDGE('',*,*,#3946,.T.);
#5652=ORIENTED_EDGE('',*,*,#3206,.T.);
#5653=ORIENTED_EDGE('',*,*,#3947,.F.);
#5654=ORIENTED_EDGE('',*,*,#3932,.F.);
#5655=ORIENTED_EDGE('',*,*,#3947,.T.);
#5656=ORIENTED_EDGE('',*,*,#3205,.T.);
#5657=ORIENTED_EDGE('',*,*,#3948,.F.);
#5658=ORIENTED_EDGE('',*,*,#3933,.F.);
#5659=ORIENTED_EDGE('',*,*,#3948,.T.);
#5660=ORIENTED_EDGE('',*,*,#3204,.T.);
#5661=ORIENTED_EDGE('',*,*,#3949,.F.);
#5662=ORIENTED_EDGE('',*,*,#3934,.F.);
#5663=ORIENTED_EDGE('',*,*,#3203,.T.);
#5664=ORIENTED_EDGE('',*,*,#3950,.F.);
#5665=ORIENTED_EDGE('',*,*,#3935,.F.);
#5666=ORIENTED_EDGE('',*,*,#3949,.T.);
#5667=ORIENTED_EDGE('',*,*,#3202,.T.);
#5668=ORIENTED_EDGE('',*,*,#3945,.F.);
#5669=ORIENTED_EDGE('',*,*,#3936,.F.);
#5670=ORIENTED_EDGE('',*,*,#3950,.T.);
#5671=ORIENTED_EDGE('',*,*,#3951,.F.);
#5672=ORIENTED_EDGE('',*,*,#3952,.F.);
#5673=ORIENTED_EDGE('',*,*,#3938,.T.);
#5674=ORIENTED_EDGE('',*,*,#3953,.T.);
#5675=ORIENTED_EDGE('',*,*,#3954,.F.);
#5676=ORIENTED_EDGE('',*,*,#3953,.F.);
#5677=ORIENTED_EDGE('',*,*,#3937,.T.);
#5678=ORIENTED_EDGE('',*,*,#3955,.T.);
#5679=ORIENTED_EDGE('',*,*,#3956,.F.);
#5680=ORIENTED_EDGE('',*,*,#3955,.F.);
#5681=ORIENTED_EDGE('',*,*,#3943,.T.);
#5682=ORIENTED_EDGE('',*,*,#3957,.T.);
#5683=ORIENTED_EDGE('',*,*,#3958,.F.);
#5684=ORIENTED_EDGE('',*,*,#3957,.F.);
#5685=ORIENTED_EDGE('',*,*,#3942,.T.);
#5686=ORIENTED_EDGE('',*,*,#3959,.T.);
#5687=ORIENTED_EDGE('',*,*,#3960,.F.);
#5688=ORIENTED_EDGE('',*,*,#3959,.F.);
#5689=ORIENTED_EDGE('',*,*,#3941,.T.);
#5690=ORIENTED_EDGE('',*,*,#3961,.T.);
#5691=ORIENTED_EDGE('',*,*,#3962,.F.);
#5692=ORIENTED_EDGE('',*,*,#3961,.F.);
#5693=ORIENTED_EDGE('',*,*,#3940,.T.);
#5694=ORIENTED_EDGE('',*,*,#3963,.T.);
#5695=ORIENTED_EDGE('',*,*,#3964,.F.);
#5696=ORIENTED_EDGE('',*,*,#3963,.F.);
#5697=ORIENTED_EDGE('',*,*,#3939,.T.);
#5698=ORIENTED_EDGE('',*,*,#3952,.T.);
#5699=ORIENTED_EDGE('',*,*,#3951,.T.);
#5700=ORIENTED_EDGE('',*,*,#3954,.T.);
#5701=ORIENTED_EDGE('',*,*,#3956,.T.);
#5702=ORIENTED_EDGE('',*,*,#3958,.T.);
#5703=ORIENTED_EDGE('',*,*,#3960,.T.);
#5704=ORIENTED_EDGE('',*,*,#3962,.T.);
#5705=ORIENTED_EDGE('',*,*,#3964,.T.);
#5706=ORIENTED_EDGE('',*,*,#3965,.T.);
#5707=ORIENTED_EDGE('',*,*,#3966,.T.);
#5708=ORIENTED_EDGE('',*,*,#3967,.T.);
#5709=ORIENTED_EDGE('',*,*,#3968,.T.);
#5710=ORIENTED_EDGE('',*,*,#3969,.T.);
#5711=ORIENTED_EDGE('',*,*,#3970,.T.);
#5712=ORIENTED_EDGE('',*,*,#3971,.T.);
#5713=ORIENTED_EDGE('',*,*,#3972,.T.);
#5714=ORIENTED_EDGE('',*,*,#3973,.F.);
#5715=ORIENTED_EDGE('',*,*,#3974,.F.);
#5716=ORIENTED_EDGE('',*,*,#3975,.F.);
#5717=ORIENTED_EDGE('',*,*,#3976,.F.);
#5718=ORIENTED_EDGE('',*,*,#3977,.F.);
#5719=ORIENTED_EDGE('',*,*,#3978,.F.);
#5720=ORIENTED_EDGE('',*,*,#3241,.T.);
#5721=ORIENTED_EDGE('',*,*,#3979,.F.);
#5722=ORIENTED_EDGE('',*,*,#3965,.F.);
#5723=ORIENTED_EDGE('',*,*,#3980,.T.);
#5724=ORIENTED_EDGE('',*,*,#3240,.T.);
#5725=ORIENTED_EDGE('',*,*,#3981,.F.);
#5726=ORIENTED_EDGE('',*,*,#3966,.F.);
#5727=ORIENTED_EDGE('',*,*,#3979,.T.);
#5728=ORIENTED_EDGE('',*,*,#3247,.T.);
#5729=ORIENTED_EDGE('',*,*,#3982,.F.);
#5730=ORIENTED_EDGE('',*,*,#3967,.F.);
#5731=ORIENTED_EDGE('',*,*,#3981,.T.);
#5732=ORIENTED_EDGE('',*,*,#3246,.T.);
#5733=ORIENTED_EDGE('',*,*,#3983,.F.);
#5734=ORIENTED_EDGE('',*,*,#3968,.F.);
#5735=ORIENTED_EDGE('',*,*,#3982,.T.);
#5736=ORIENTED_EDGE('',*,*,#3245,.T.);
#5737=ORIENTED_EDGE('',*,*,#3984,.F.);
#5738=ORIENTED_EDGE('',*,*,#3969,.F.);
#5739=ORIENTED_EDGE('',*,*,#3983,.T.);
#5740=ORIENTED_EDGE('',*,*,#3244,.T.);
#5741=ORIENTED_EDGE('',*,*,#3985,.F.);
#5742=ORIENTED_EDGE('',*,*,#3970,.F.);
#5743=ORIENTED_EDGE('',*,*,#3984,.T.);
#5744=ORIENTED_EDGE('',*,*,#3243,.T.);
#5745=ORIENTED_EDGE('',*,*,#3986,.F.);
#5746=ORIENTED_EDGE('',*,*,#3971,.F.);
#5747=ORIENTED_EDGE('',*,*,#3985,.T.);
#5748=ORIENTED_EDGE('',*,*,#3242,.T.);
#5749=ORIENTED_EDGE('',*,*,#3980,.F.);
#5750=ORIENTED_EDGE('',*,*,#3972,.F.);
#5751=ORIENTED_EDGE('',*,*,#3986,.T.);
#5752=ORIENTED_EDGE('',*,*,#3987,.F.);
#5753=ORIENTED_EDGE('',*,*,#3988,.F.);
#5754=ORIENTED_EDGE('',*,*,#3973,.T.);
#5755=ORIENTED_EDGE('',*,*,#3989,.T.);
#5756=ORIENTED_EDGE('',*,*,#3990,.F.);
#5757=ORIENTED_EDGE('',*,*,#3989,.F.);
#5758=ORIENTED_EDGE('',*,*,#3978,.T.);
#5759=ORIENTED_EDGE('',*,*,#3991,.T.);
#5760=ORIENTED_EDGE('',*,*,#3992,.F.);
#5761=ORIENTED_EDGE('',*,*,#3991,.F.);
#5762=ORIENTED_EDGE('',*,*,#3977,.T.);
#5763=ORIENTED_EDGE('',*,*,#3993,.T.);
#5764=ORIENTED_EDGE('',*,*,#3994,.F.);
#5765=ORIENTED_EDGE('',*,*,#3993,.F.);
#5766=ORIENTED_EDGE('',*,*,#3976,.T.);
#5767=ORIENTED_EDGE('',*,*,#3995,.T.);
#5768=ORIENTED_EDGE('',*,*,#3996,.F.);
#5769=ORIENTED_EDGE('',*,*,#3995,.F.);
#5770=ORIENTED_EDGE('',*,*,#3975,.T.);
#5771=ORIENTED_EDGE('',*,*,#3997,.T.);
#5772=ORIENTED_EDGE('',*,*,#3998,.F.);
#5773=ORIENTED_EDGE('',*,*,#3997,.F.);
#5774=ORIENTED_EDGE('',*,*,#3974,.T.);
#5775=ORIENTED_EDGE('',*,*,#3988,.T.);
#5776=ORIENTED_EDGE('',*,*,#3987,.T.);
#5777=ORIENTED_EDGE('',*,*,#3990,.T.);
#5778=ORIENTED_EDGE('',*,*,#3992,.T.);
#5779=ORIENTED_EDGE('',*,*,#3994,.T.);
#5780=ORIENTED_EDGE('',*,*,#3996,.T.);
#5781=ORIENTED_EDGE('',*,*,#3998,.T.);
#5782=ORIENTED_EDGE('',*,*,#3999,.T.);
#5783=ORIENTED_EDGE('',*,*,#4000,.T.);
#5784=ORIENTED_EDGE('',*,*,#4001,.T.);
#5785=ORIENTED_EDGE('',*,*,#4002,.T.);
#5786=ORIENTED_EDGE('',*,*,#4003,.T.);
#5787=ORIENTED_EDGE('',*,*,#4004,.T.);
#5788=ORIENTED_EDGE('',*,*,#4005,.T.);
#5789=ORIENTED_EDGE('',*,*,#4006,.T.);
#5790=ORIENTED_EDGE('',*,*,#4007,.T.);
#5791=ORIENTED_EDGE('',*,*,#4008,.T.);
#5792=ORIENTED_EDGE('',*,*,#4009,.T.);
#5793=ORIENTED_EDGE('',*,*,#4010,.T.);
#5794=ORIENTED_EDGE('',*,*,#4011,.T.);
#5795=ORIENTED_EDGE('',*,*,#4012,.T.);
#5796=ORIENTED_EDGE('',*,*,#4013,.T.);
#5797=ORIENTED_EDGE('',*,*,#4014,.T.);
#5798=ORIENTED_EDGE('',*,*,#4015,.T.);
#5799=ORIENTED_EDGE('',*,*,#4016,.T.);
#5800=ORIENTED_EDGE('',*,*,#4017,.T.);
#5801=ORIENTED_EDGE('',*,*,#4018,.T.);
#5802=ORIENTED_EDGE('',*,*,#4019,.T.);
#5803=ORIENTED_EDGE('',*,*,#4020,.T.);
#5804=ORIENTED_EDGE('',*,*,#4021,.T.);
#5805=ORIENTED_EDGE('',*,*,#4022,.T.);
#5806=ORIENTED_EDGE('',*,*,#4023,.T.);
#5807=ORIENTED_EDGE('',*,*,#4024,.T.);
#5808=ORIENTED_EDGE('',*,*,#4025,.T.);
#5809=ORIENTED_EDGE('',*,*,#4026,.T.);
#5810=ORIENTED_EDGE('',*,*,#4027,.T.);
#5811=ORIENTED_EDGE('',*,*,#4028,.T.);
#5812=ORIENTED_EDGE('',*,*,#4029,.T.);
#5813=ORIENTED_EDGE('',*,*,#4030,.T.);
#5814=ORIENTED_EDGE('',*,*,#4031,.T.);
#5815=ORIENTED_EDGE('',*,*,#4032,.F.);
#5816=ORIENTED_EDGE('',*,*,#4033,.F.);
#5817=ORIENTED_EDGE('',*,*,#4034,.T.);
#5818=ORIENTED_EDGE('',*,*,#3208,.T.);
#5819=ORIENTED_EDGE('',*,*,#4035,.F.);
#5820=ORIENTED_EDGE('',*,*,#3999,.F.);
#5821=ORIENTED_EDGE('',*,*,#4035,.T.);
#5822=ORIENTED_EDGE('',*,*,#3207,.T.);
#5823=ORIENTED_EDGE('',*,*,#4036,.F.);
#5824=ORIENTED_EDGE('',*,*,#4000,.F.);
#5825=ORIENTED_EDGE('',*,*,#4036,.T.);
#5826=ORIENTED_EDGE('',*,*,#3239,.T.);
#5827=ORIENTED_EDGE('',*,*,#4037,.F.);
#5828=ORIENTED_EDGE('',*,*,#4001,.F.);
#5829=ORIENTED_EDGE('',*,*,#4037,.T.);
#5830=ORIENTED_EDGE('',*,*,#3238,.T.);
#5831=ORIENTED_EDGE('',*,*,#4038,.F.);
#5832=ORIENTED_EDGE('',*,*,#4002,.F.);
#5833=ORIENTED_EDGE('',*,*,#4038,.T.);
#5834=ORIENTED_EDGE('',*,*,#3237,.T.);
#5835=ORIENTED_EDGE('',*,*,#4039,.F.);
#5836=ORIENTED_EDGE('',*,*,#4003,.F.);
#5837=ORIENTED_EDGE('',*,*,#4039,.T.);
#5838=ORIENTED_EDGE('',*,*,#3236,.T.);
#5839=ORIENTED_EDGE('',*,*,#4040,.F.);
#5840=ORIENTED_EDGE('',*,*,#4004,.F.);
#5841=ORIENTED_EDGE('',*,*,#4040,.T.);
#5842=ORIENTED_EDGE('',*,*,#3235,.T.);
#5843=ORIENTED_EDGE('',*,*,#4041,.F.);
#5844=ORIENTED_EDGE('',*,*,#4005,.F.);
#5845=ORIENTED_EDGE('',*,*,#4041,.T.);
#5846=ORIENTED_EDGE('',*,*,#3234,.T.);
#5847=ORIENTED_EDGE('',*,*,#4042,.F.);
#5848=ORIENTED_EDGE('',*,*,#4006,.F.);
#5849=ORIENTED_EDGE('',*,*,#4042,.T.);
#5850=ORIENTED_EDGE('',*,*,#3233,.T.);
#5851=ORIENTED_EDGE('',*,*,#4043,.F.);
#5852=ORIENTED_EDGE('',*,*,#4007,.F.);
#5853=ORIENTED_EDGE('',*,*,#4043,.T.);
#5854=ORIENTED_EDGE('',*,*,#3232,.T.);
#5855=ORIENTED_EDGE('',*,*,#4044,.F.);
#5856=ORIENTED_EDGE('',*,*,#4008,.F.);
#5857=ORIENTED_EDGE('',*,*,#4044,.T.);
#5858=ORIENTED_EDGE('',*,*,#3231,.T.);
#5859=ORIENTED_EDGE('',*,*,#4045,.F.);
#5860=ORIENTED_EDGE('',*,*,#4009,.F.);
#5861=ORIENTED_EDGE('',*,*,#4045,.T.);
#5862=ORIENTED_EDGE('',*,*,#3230,.T.);
#5863=ORIENTED_EDGE('',*,*,#4046,.F.);
#5864=ORIENTED_EDGE('',*,*,#4010,.F.);
#5865=ORIENTED_EDGE('',*,*,#3229,.T.);
#5866=ORIENTED_EDGE('',*,*,#4047,.F.);
#5867=ORIENTED_EDGE('',*,*,#4011,.F.);
#5868=ORIENTED_EDGE('',*,*,#4046,.T.);
#5869=ORIENTED_EDGE('',*,*,#3228,.T.);
#5870=ORIENTED_EDGE('',*,*,#4048,.F.);
#5871=ORIENTED_EDGE('',*,*,#4012,.F.);
#5872=ORIENTED_EDGE('',*,*,#4047,.T.);
#5873=ORIENTED_EDGE('',*,*,#3227,.T.);
#5874=ORIENTED_EDGE('',*,*,#4049,.F.);
#5875=ORIENTED_EDGE('',*,*,#4013,.F.);
#5876=ORIENTED_EDGE('',*,*,#4048,.T.);
#5877=ORIENTED_EDGE('',*,*,#3226,.T.);
#5878=ORIENTED_EDGE('',*,*,#4050,.F.);
#5879=ORIENTED_EDGE('',*,*,#4014,.F.);
#5880=ORIENTED_EDGE('',*,*,#4049,.T.);
#5881=ORIENTED_EDGE('',*,*,#4050,.T.);
#5882=ORIENTED_EDGE('',*,*,#3225,.T.);
#5883=ORIENTED_EDGE('',*,*,#4051,.F.);
#5884=ORIENTED_EDGE('',*,*,#4015,.F.);
#5885=ORIENTED_EDGE('',*,*,#4051,.T.);
#5886=ORIENTED_EDGE('',*,*,#3224,.T.);
#5887=ORIENTED_EDGE('',*,*,#4052,.F.);
#5888=ORIENTED_EDGE('',*,*,#4016,.F.);
#5889=ORIENTED_EDGE('',*,*,#4052,.T.);
#5890=ORIENTED_EDGE('',*,*,#3223,.T.);
#5891=ORIENTED_EDGE('',*,*,#4053,.F.);
#5892=ORIENTED_EDGE('',*,*,#4017,.F.);
#5893=ORIENTED_EDGE('',*,*,#4053,.T.);
#5894=ORIENTED_EDGE('',*,*,#3222,.T.);
#5895=ORIENTED_EDGE('',*,*,#4054,.F.);
#5896=ORIENTED_EDGE('',*,*,#4018,.F.);
#5897=ORIENTED_EDGE('',*,*,#4054,.T.);
#5898=ORIENTED_EDGE('',*,*,#3221,.T.);
#5899=ORIENTED_EDGE('',*,*,#4055,.F.);
#5900=ORIENTED_EDGE('',*,*,#4019,.F.);
#5901=ORIENTED_EDGE('',*,*,#4055,.T.);
#5902=ORIENTED_EDGE('',*,*,#3220,.T.);
#5903=ORIENTED_EDGE('',*,*,#4056,.F.);
#5904=ORIENTED_EDGE('',*,*,#4020,.F.);
#5905=ORIENTED_EDGE('',*,*,#4056,.T.);
#5906=ORIENTED_EDGE('',*,*,#3219,.T.);
#5907=ORIENTED_EDGE('',*,*,#4057,.F.);
#5908=ORIENTED_EDGE('',*,*,#4021,.F.);
#5909=ORIENTED_EDGE('',*,*,#3218,.T.);
#5910=ORIENTED_EDGE('',*,*,#4058,.F.);
#5911=ORIENTED_EDGE('',*,*,#4022,.F.);
#5912=ORIENTED_EDGE('',*,*,#4057,.T.);
#5913=ORIENTED_EDGE('',*,*,#4058,.T.);
#5914=ORIENTED_EDGE('',*,*,#3217,.T.);
#5915=ORIENTED_EDGE('',*,*,#4059,.F.);
#5916=ORIENTED_EDGE('',*,*,#4023,.F.);
#5917=ORIENTED_EDGE('',*,*,#4059,.T.);
#5918=ORIENTED_EDGE('',*,*,#3216,.T.);
#5919=ORIENTED_EDGE('',*,*,#4060,.F.);
#5920=ORIENTED_EDGE('',*,*,#4024,.F.);
#5921=ORIENTED_EDGE('',*,*,#3215,.T.);
#5922=ORIENTED_EDGE('',*,*,#4061,.F.);
#5923=ORIENTED_EDGE('',*,*,#4025,.F.);
#5924=ORIENTED_EDGE('',*,*,#4060,.T.);
#5925=ORIENTED_EDGE('',*,*,#4061,.T.);
#5926=ORIENTED_EDGE('',*,*,#3214,.T.);
#5927=ORIENTED_EDGE('',*,*,#4062,.F.);
#5928=ORIENTED_EDGE('',*,*,#4026,.F.);
#5929=ORIENTED_EDGE('',*,*,#4062,.T.);
#5930=ORIENTED_EDGE('',*,*,#3213,.T.);
#5931=ORIENTED_EDGE('',*,*,#4063,.F.);
#5932=ORIENTED_EDGE('',*,*,#4027,.F.);
#5933=ORIENTED_EDGE('',*,*,#4063,.T.);
#5934=ORIENTED_EDGE('',*,*,#3212,.T.);
#5935=ORIENTED_EDGE('',*,*,#4064,.F.);
#5936=ORIENTED_EDGE('',*,*,#4028,.F.);
#5937=ORIENTED_EDGE('',*,*,#3211,.T.);
#5938=ORIENTED_EDGE('',*,*,#4065,.F.);
#5939=ORIENTED_EDGE('',*,*,#4029,.F.);
#5940=ORIENTED_EDGE('',*,*,#4064,.T.);
#5941=ORIENTED_EDGE('',*,*,#4065,.T.);
#5942=ORIENTED_EDGE('',*,*,#3210,.T.);
#5943=ORIENTED_EDGE('',*,*,#4066,.F.);
#5944=ORIENTED_EDGE('',*,*,#4030,.F.);
#5945=ORIENTED_EDGE('',*,*,#4066,.T.);
#5946=ORIENTED_EDGE('',*,*,#3209,.T.);
#5947=ORIENTED_EDGE('',*,*,#4034,.F.);
#5948=ORIENTED_EDGE('',*,*,#4031,.F.);
#5949=ORIENTED_EDGE('',*,*,#4067,.F.);
#5950=ORIENTED_EDGE('',*,*,#4068,.F.);
#5951=ORIENTED_EDGE('',*,*,#4032,.T.);
#5952=ORIENTED_EDGE('',*,*,#4069,.T.);
#5953=ORIENTED_EDGE('',*,*,#4070,.F.);
#5954=ORIENTED_EDGE('',*,*,#4069,.F.);
#5955=ORIENTED_EDGE('',*,*,#4033,.T.);
#5956=ORIENTED_EDGE('',*,*,#4068,.T.);
#5957=ORIENTED_EDGE('',*,*,#4067,.T.);
#5958=ORIENTED_EDGE('',*,*,#4070,.T.);
#5959=PLANE('',#6875);
#5960=PLANE('',#6910);
#5961=PLANE('',#6911);
#5962=PLANE('',#6912);
#5963=PLANE('',#6913);
#5964=PLANE('',#6914);
#5965=PLANE('',#6915);
#5966=PLANE('',#6916);
#5967=PLANE('',#6917);
#5968=PLANE('',#6918);
#5969=PLANE('',#6919);
#5970=PLANE('',#6920);
#5971=PLANE('',#6921);
#5972=PLANE('',#6922);
#5973=PLANE('',#6923);
#5974=PLANE('',#6924);
#5975=PLANE('',#6925);
#5976=PLANE('',#6926);
#5977=PLANE('',#6927);
#5978=PLANE('',#6930);
#5979=PLANE('',#6933);
#5980=PLANE('',#6936);
#5981=PLANE('',#6939);
#5982=PLANE('',#6940);
#5983=PLANE('',#6941);
#5984=PLANE('',#6942);
#5985=PLANE('',#6945);
#5986=PLANE('',#6946);
#5987=PLANE('',#6949);
#5988=PLANE('',#6950);
#5989=PLANE('',#6951);
#5990=PLANE('',#6952);
#5991=PLANE('',#6957);
#5992=PLANE('',#6958);
#5993=PLANE('',#6959);
#5994=PLANE('',#6960);
#5995=PLANE('',#6961);
#5996=PLANE('',#6962);
#5997=PLANE('',#6963);
#5998=PLANE('',#6964);
#5999=PLANE('',#6965);
#6000=PLANE('',#6966);
#6001=PLANE('',#6967);
#6002=PLANE('',#6971);
#6003=PLANE('',#6972);
#6004=PLANE('',#6973);
#6005=PLANE('',#6977);
#6006=PLANE('',#6978);
#6007=PLANE('',#6982);
#6008=PLANE('',#6985);
#6009=PLANE('',#6988);
#6010=PLANE('',#6991);
#6011=PLANE('',#6994);
#6012=PLANE('',#6995);
#6013=PLANE('',#6996);
#6014=PLANE('',#6997);
#6015=PLANE('',#6998);
#6016=PLANE('',#6999);
#6017=PLANE('',#7000);
#6018=PLANE('',#7001);
#6019=PLANE('',#7002);
#6020=PLANE('',#7003);
#6021=PLANE('',#7004);
#6022=PLANE('',#7006);
#6023=PLANE('',#7012);
#6024=PLANE('',#7013);
#6025=PLANE('',#7020);
#6026=PLANE('',#7021);
#6027=PLANE('',#7023);
#6028=PLANE('',#7026);
#6029=PLANE('',#7027);
#6030=PLANE('',#7028);
#6031=PLANE('',#7030);
#6032=PLANE('',#7034);
#6033=PLANE('',#7035);
#6034=PLANE('',#7036);
#6035=PLANE('',#7068);
#6036=PLANE('',#7069);
#6037=PLANE('',#7070);
#6038=PLANE('',#7071);
#6039=PLANE('',#7072);
#6040=PLANE('',#7079);
#6041=PLANE('',#7080);
#6042=PLANE('',#7081);
#6043=PLANE('',#7082);
#6044=PLANE('',#7083);
#6045=PLANE('',#7088);
#6046=PLANE('',#7089);
#6047=PLANE('',#7090);
#6048=PLANE('',#7091);
#6049=PLANE('',#7092);
#6050=PLANE('',#7093);
#6051=PLANE('',#7094);
#6052=PLANE('',#7095);
#6053=PLANE('',#7096);
#6054=PLANE('',#7097);
#6055=PLANE('',#7098);
#6056=PLANE('',#7099);
#6057=PLANE('',#7102);
#6058=PLANE('',#7105);
#6059=PLANE('',#7106);
#6060=PLANE('',#7107);
#6061=PLANE('',#7108);
#6062=PLANE('',#7109);
#6063=PLANE('',#7110);
#6064=PLANE('',#7111);
#6065=PLANE('',#7112);
#6066=PLANE('',#7113);
#6067=PLANE('',#7114);
#6068=PLANE('',#7115);
#6069=PLANE('',#7116);
#6070=PLANE('',#7117);
#6071=PLANE('',#7118);
#6072=PLANE('',#7119);
#6073=PLANE('',#7126);
#6074=PLANE('',#7127);
#6075=PLANE('',#7128);
#6076=PLANE('',#7129);
#6077=PLANE('',#7130);
#6078=PLANE('',#7131);
#6079=PLANE('',#7136);
#6080=PLANE('',#7137);
#6081=PLANE('',#7138);
#6082=PLANE('',#7139);
#6083=PLANE('',#7140);
#6084=PLANE('',#7141);
#6085=PLANE('',#7142);
#6086=PLANE('',#7143);
#6087=PLANE('',#7144);
#6088=PLANE('',#7145);
#6089=PLANE('',#7146);
#6090=PLANE('',#7147);
#6091=PLANE('',#7148);
#6092=PLANE('',#7149);
#6093=PLANE('',#7150);
#6094=PLANE('',#7151);
#6095=PLANE('',#7152);
#6096=PLANE('',#7153);
#6097=PLANE('',#7154);
#6098=PLANE('',#7155);
#6099=PLANE('',#7156);
#6100=PLANE('',#7157);
#6101=PLANE('',#7158);
#6102=PLANE('',#7159);
#6103=PLANE('',#7160);
#6104=PLANE('',#7161);
#6105=PLANE('',#7162);
#6106=PLANE('',#7163);
#6107=PLANE('',#7164);
#6108=PLANE('',#7171);
#6109=PLANE('',#7172);
#6110=PLANE('',#7173);
#6111=PLANE('',#7174);
#6112=PLANE('',#7175);
#6113=PLANE('',#7176);
#6114=PLANE('',#7180);
#6115=PLANE('',#7181);
#6116=PLANE('',#7182);
#6117=PLANE('',#7183);
#6118=PLANE('',#7191);
#6119=PLANE('',#7196);
#6120=PLANE('',#7197);
#6121=PLANE('',#7198);
#6122=PLANE('',#7199);
#6123=PLANE('',#7200);
#6124=PLANE('',#7201);
#6125=PLANE('',#7202);
#6126=PLANE('',#7203);
#6127=PLANE('',#7204);
#6128=PLANE('',#7205);
#6129=PLANE('',#7207);
#6130=PLANE('',#7208);
#6131=PLANE('',#7209);
#6132=PLANE('',#7210);
#6133=PLANE('',#7211);
#6134=PLANE('',#7212);
#6135=PLANE('',#7213);
#6136=PLANE('',#7214);
#6137=PLANE('',#7215);
#6138=PLANE('',#7216);
#6139=PLANE('',#7217);
#6140=PLANE('',#7218);
#6141=PLANE('',#7219);
#6142=PLANE('',#7220);
#6143=PLANE('',#7221);
#6144=PLANE('',#7222);
#6145=PLANE('',#7229);
#6146=PLANE('',#7230);
#6147=PLANE('',#7231);
#6148=PLANE('',#7232);
#6149=PLANE('',#7233);
#6150=PLANE('',#7234);
#6151=PLANE('',#7239);
#6152=PLANE('',#7240);
#6153=PLANE('',#7241);
#6154=PLANE('',#7242);
#6155=PLANE('',#7243);
#6156=PLANE('',#7244);
#6157=PLANE('',#7245);
#6158=PLANE('',#7246);
#6159=PLANE('',#7247);
#6160=PLANE('',#7248);
#6161=PLANE('',#7249);
#6162=PLANE('',#7250);
#6163=PLANE('',#7251);
#6164=PLANE('',#7252);
#6165=PLANE('',#7253);
#6166=PLANE('',#7254);
#6167=PLANE('',#7263);
#6168=PLANE('',#7264);
#6169=PLANE('',#7265);
#6170=PLANE('',#7266);
#6171=PLANE('',#7267);
#6172=PLANE('',#7268);
#6173=PLANE('',#7269);
#6174=PLANE('',#7270);
#6175=STYLED_ITEM('',(#11801),#6518);
#6176=STYLED_ITEM('',(#11801),#6519);
#6177=STYLED_ITEM('',(#11802),#6520);
#6178=STYLED_ITEM('',(#11802),#6521);
#6179=STYLED_ITEM('',(#11802),#6522);
#6180=STYLED_ITEM('',(#11802),#6523);
#6181=STYLED_ITEM('',(#11802),#6524);
#6182=STYLED_ITEM('',(#11801),#6525);
#6183=STYLED_ITEM('',(#11801),#6526);
#6184=STYLED_ITEM('',(#11801),#6527);
#6185=STYLED_ITEM('',(#11801),#6528);
#6186=STYLED_ITEM('',(#11801),#6529);
#6187=STYLED_ITEM('',(#11801),#6530);
#6188=STYLED_ITEM('',(#11801),#6531);
#6189=STYLED_ITEM('',(#11801),#6532);
#6190=STYLED_ITEM('',(#11801),#6533);
#6191=STYLED_ITEM('',(#11801),#6534);
#6192=STYLED_ITEM('',(#11801),#6535);
#6193=STYLED_ITEM('',(#11801),#6536);
#6194=STYLED_ITEM('',(#11801),#6537);
#6195=STYLED_ITEM('',(#11801),#6538);
#6196=STYLED_ITEM('',(#11801),#6539);
#6197=STYLED_ITEM('',(#11801),#6540);
#6198=STYLED_ITEM('',(#11801),#6541);
#6199=STYLED_ITEM('',(#11801),#6542);
#6200=STYLED_ITEM('',(#11801),#6543);
#6201=STYLED_ITEM('',(#11801),#6544);
#6202=STYLED_ITEM('',(#11801),#6545);
#6203=STYLED_ITEM('',(#11801),#6546);
#6204=STYLED_ITEM('',(#11801),#6547);
#6205=STYLED_ITEM('',(#11801),#6548);
#6206=STYLED_ITEM('',(#11801),#6549);
#6207=STYLED_ITEM('',(#11801),#6550);
#6208=STYLED_ITEM('',(#11801),#6551);
#6209=STYLED_ITEM('',(#11801),#6552);
#6210=STYLED_ITEM('',(#11801),#6553);
#6211=STYLED_ITEM('',(#11801),#6554);
#6212=STYLED_ITEM('',(#11801),#6555);
#6213=STYLED_ITEM('',(#11801),#6556);
#6214=STYLED_ITEM('',(#11801),#6557);
#6215=STYLED_ITEM('',(#11801),#6558);
#6216=STYLED_ITEM('',(#11801),#6559);
#6217=STYLED_ITEM('',(#11801),#6560);
#6218=STYLED_ITEM('',(#11801),#6561);
#6219=STYLED_ITEM('',(#11801),#6562);
#6220=STYLED_ITEM('',(#11801),#6563);
#6221=STYLED_ITEM('',(#11801),#6564);
#6222=STYLED_ITEM('',(#11801),#6565);
#6223=STYLED_ITEM('',(#11801),#6566);
#6224=STYLED_ITEM('',(#11801),#6567);
#6225=STYLED_ITEM('',(#11801),#6568);
#6226=STYLED_ITEM('',(#11801),#6569);
#6227=STYLED_ITEM('',(#11801),#6570);
#6228=STYLED_ITEM('',(#11801),#6571);
#6229=STYLED_ITEM('',(#11801),#6572);
#6230=STYLED_ITEM('',(#11801),#6573);
#6231=STYLED_ITEM('',(#11801),#6574);
#6232=STYLED_ITEM('',(#11801),#6575);
#6233=STYLED_ITEM('',(#11801),#6576);
#6234=STYLED_ITEM('',(#11801),#6577);
#6235=STYLED_ITEM('',(#11801),#6578);
#6236=STYLED_ITEM('',(#11801),#6579);
#6237=STYLED_ITEM('',(#11801),#6580);
#6238=STYLED_ITEM('',(#11801),#6581);
#6239=STYLED_ITEM('',(#11801),#6582);
#6240=STYLED_ITEM('',(#11801),#6583);
#6241=STYLED_ITEM('',(#11801),#6584);
#6242=STYLED_ITEM('',(#11801),#6585);
#6243=STYLED_ITEM('',(#11801),#6586);
#6244=STYLED_ITEM('',(#11801),#6587);
#6245=STYLED_ITEM('',(#11801),#6588);
#6246=STYLED_ITEM('',(#11801),#6589);
#6247=STYLED_ITEM('',(#11801),#6590);
#6248=STYLED_ITEM('',(#11801),#6591);
#6249=STYLED_ITEM('',(#11801),#6592);
#6250=STYLED_ITEM('',(#11801),#6593);
#6251=STYLED_ITEM('',(#11801),#6594);
#6252=STYLED_ITEM('',(#11801),#6595);
#6253=STYLED_ITEM('',(#11801),#6596);
#6254=STYLED_ITEM('',(#11801),#6597);
#6255=STYLED_ITEM('',(#11801),#6598);
#6256=STYLED_ITEM('',(#11801),#6599);
#6257=STYLED_ITEM('',(#11801),#6600);
#6258=STYLED_ITEM('',(#11801),#6601);
#6259=STYLED_ITEM('',(#11801),#6602);
#6260=STYLED_ITEM('',(#11801),#6603);
#6261=STYLED_ITEM('',(#11801),#6604);
#6262=STYLED_ITEM('',(#11801),#6605);
#6263=STYLED_ITEM('',(#11801),#6606);
#6264=STYLED_ITEM('',(#11801),#6607);
#6265=STYLED_ITEM('',(#11802),#6608);
#6266=STYLED_ITEM('',(#11802),#6609);
#6267=STYLED_ITEM('',(#11802),#6610);
#6268=STYLED_ITEM('',(#11802),#6611);
#6269=STYLED_ITEM('',(#11802),#6612);
#6270=STYLED_ITEM('',(#11802),#6613);
#6271=STYLED_ITEM('',(#11802),#6614);
#6272=STYLED_ITEM('',(#11802),#6615);
#6273=STYLED_ITEM('',(#11802),#6616);
#6274=STYLED_ITEM('',(#11802),#6617);
#6275=STYLED_ITEM('',(#11802),#6618);
#6276=STYLED_ITEM('',(#11802),#6619);
#6277=STYLED_ITEM('',(#11802),#6620);
#6278=STYLED_ITEM('',(#11802),#6621);
#6279=STYLED_ITEM('',(#11802),#6622);
#6280=STYLED_ITEM('',(#11801),#6623);
#6281=STYLED_ITEM('',(#11802),#6624);
#6282=STYLED_ITEM('',(#11802),#6625);
#6283=STYLED_ITEM('',(#11802),#6626);
#6284=STYLED_ITEM('',(#11802),#6627);
#6285=STYLED_ITEM('',(#11801),#6628);
#6286=STYLED_ITEM('',(#11801),#6629);
#6287=STYLED_ITEM('',(#11801),#6630);
#6288=STYLED_ITEM('',(#11801),#6631);
#6289=STYLED_ITEM('',(#11803),#6632);
#6290=STYLED_ITEM('',(#11803),#6633);
#6291=STYLED_ITEM('',(#11803),#6634);
#6292=STYLED_ITEM('',(#11803),#6635);
#6293=STYLED_ITEM('',(#11804),#6636);
#6294=STYLED_ITEM('',(#11804),#6637);
#6295=STYLED_ITEM('',(#11804),#6638);
#6296=STYLED_ITEM('',(#11804),#6639);
#6297=STYLED_ITEM('',(#11804),#6640);
#6298=STYLED_ITEM('',(#11804),#6641);
#6299=STYLED_ITEM('',(#11804),#6642);
#6300=STYLED_ITEM('',(#11804),#6643);
#6301=STYLED_ITEM('',(#11804),#6644);
#6302=STYLED_ITEM('',(#11804),#6645);
#6303=STYLED_ITEM('',(#11804),#6646);
#6304=STYLED_ITEM('',(#11804),#6647);
#6305=STYLED_ITEM('',(#11804),#6648);
#6306=STYLED_ITEM('',(#11804),#6649);
#6307=STYLED_ITEM('',(#11804),#6650);
#6308=STYLED_ITEM('',(#11804),#6651);
#6309=STYLED_ITEM('',(#11804),#6652);
#6310=STYLED_ITEM('',(#11804),#6653);
#6311=STYLED_ITEM('',(#11804),#6654);
#6312=STYLED_ITEM('',(#11804),#6655);
#6313=STYLED_ITEM('',(#11804),#6656);
#6314=STYLED_ITEM('',(#11804),#6657);
#6315=STYLED_ITEM('',(#11804),#6658);
#6316=STYLED_ITEM('',(#11804),#6659);
#6317=STYLED_ITEM('',(#11804),#6660);
#6318=STYLED_ITEM('',(#11804),#6661);
#6319=STYLED_ITEM('',(#11804),#6662);
#6320=STYLED_ITEM('',(#11804),#6663);
#6321=STYLED_ITEM('',(#11804),#6664);
#6322=STYLED_ITEM('',(#11804),#6665);
#6323=STYLED_ITEM('',(#11804),#6666);
#6324=STYLED_ITEM('',(#11804),#6667);
#6325=STYLED_ITEM('',(#11804),#6668);
#6326=STYLED_ITEM('',(#11804),#6669);
#6327=STYLED_ITEM('',(#11804),#6670);
#6328=STYLED_ITEM('',(#11804),#6671);
#6329=STYLED_ITEM('',(#11804),#6672);
#6330=STYLED_ITEM('',(#11804),#6673);
#6331=STYLED_ITEM('',(#11804),#6674);
#6332=STYLED_ITEM('',(#11804),#6675);
#6333=STYLED_ITEM('',(#11804),#6676);
#6334=STYLED_ITEM('',(#11804),#6677);
#6335=STYLED_ITEM('',(#11804),#6678);
#6336=STYLED_ITEM('',(#11804),#6679);
#6337=STYLED_ITEM('',(#11804),#6680);
#6338=STYLED_ITEM('',(#11804),#6681);
#6339=STYLED_ITEM('',(#11804),#6682);
#6340=STYLED_ITEM('',(#11804),#6683);
#6341=STYLED_ITEM('',(#11804),#6684);
#6342=STYLED_ITEM('',(#11804),#6685);
#6343=STYLED_ITEM('',(#11801),#6686);
#6344=STYLED_ITEM('',(#11804),#6687);
#6345=STYLED_ITEM('',(#11804),#6688);
#6346=STYLED_ITEM('',(#11804),#6689);
#6347=STYLED_ITEM('',(#11804),#6690);
#6348=STYLED_ITEM('',(#11804),#6691);
#6349=STYLED_ITEM('',(#11804),#6692);
#6350=STYLED_ITEM('',(#11804),#6693);
#6351=STYLED_ITEM('',(#11804),#6694);
#6352=STYLED_ITEM('',(#11804),#6695);
#6353=STYLED_ITEM('',(#11804),#6696);
#6354=STYLED_ITEM('',(#11804),#6697);
#6355=STYLED_ITEM('',(#11804),#6698);
#6356=STYLED_ITEM('',(#11804),#6699);
#6357=STYLED_ITEM('',(#11804),#6700);
#6358=STYLED_ITEM('',(#11804),#6701);
#6359=STYLED_ITEM('',(#11801),#6702);
#6360=STYLED_ITEM('',(#11804),#6703);
#6361=STYLED_ITEM('',(#11804),#6704);
#6362=STYLED_ITEM('',(#11804),#6705);
#6363=STYLED_ITEM('',(#11804),#6706);
#6364=STYLED_ITEM('',(#11804),#6707);
#6365=STYLED_ITEM('',(#11804),#6708);
#6366=STYLED_ITEM('',(#11804),#6709);
#6367=STYLED_ITEM('',(#11804),#6710);
#6368=STYLED_ITEM('',(#11804),#6711);
#6369=STYLED_ITEM('',(#11804),#6712);
#6370=STYLED_ITEM('',(#11804),#6713);
#6371=STYLED_ITEM('',(#11804),#6714);
#6372=STYLED_ITEM('',(#11804),#6715);
#6373=STYLED_ITEM('',(#11804),#6716);
#6374=STYLED_ITEM('',(#11804),#6717);
#6375=STYLED_ITEM('',(#11804),#6718);
#6376=STYLED_ITEM('',(#11804),#6719);
#6377=STYLED_ITEM('',(#11804),#6720);
#6378=STYLED_ITEM('',(#11804),#6721);
#6379=STYLED_ITEM('',(#11804),#6722);
#6380=STYLED_ITEM('',(#11804),#6723);
#6381=STYLED_ITEM('',(#11804),#6724);
#6382=STYLED_ITEM('',(#11804),#6725);
#6383=STYLED_ITEM('',(#11804),#6726);
#6384=STYLED_ITEM('',(#11804),#6727);
#6385=STYLED_ITEM('',(#11804),#6728);
#6386=STYLED_ITEM('',(#11804),#6729);
#6387=STYLED_ITEM('',(#11804),#6730);
#6388=STYLED_ITEM('',(#11804),#6731);
#6389=STYLED_ITEM('',(#11804),#6732);
#6390=STYLED_ITEM('',(#11804),#6733);
#6391=STYLED_ITEM('',(#11804),#6734);
#6392=STYLED_ITEM('',(#11804),#6735);
#6393=STYLED_ITEM('',(#11804),#6736);
#6394=STYLED_ITEM('',(#11804),#6737);
#6395=STYLED_ITEM('',(#11804),#6738);
#6396=STYLED_ITEM('',(#11801),#6739);
#6397=STYLED_ITEM('',(#11804),#6740);
#6398=STYLED_ITEM('',(#11804),#6741);
#6399=STYLED_ITEM('',(#11804),#6742);
#6400=STYLED_ITEM('',(#11804),#6743);
#6401=STYLED_ITEM('',(#11804),#6744);
#6402=STYLED_ITEM('',(#11804),#6745);
#6403=STYLED_ITEM('',(#11804),#6746);
#6404=STYLED_ITEM('',(#11804),#6747);
#6405=STYLED_ITEM('',(#11804),#6748);
#6406=STYLED_ITEM('',(#11804),#6749);
#6407=STYLED_ITEM('',(#11804),#6750);
#6408=STYLED_ITEM('',(#11804),#6751);
#6409=STYLED_ITEM('',(#11804),#6752);
#6410=STYLED_ITEM('',(#11804),#6753);
#6411=STYLED_ITEM('',(#11804),#6754);
#6412=STYLED_ITEM('',(#11804),#6755);
#6413=STYLED_ITEM('',(#11804),#6756);
#6414=STYLED_ITEM('',(#11804),#6757);
#6415=STYLED_ITEM('',(#11804),#6758);
#6416=STYLED_ITEM('',(#11804),#6759);
#6417=STYLED_ITEM('',(#11804),#6760);
#6418=STYLED_ITEM('',(#11804),#6761);
#6419=STYLED_ITEM('',(#11804),#6762);
#6420=STYLED_ITEM('',(#11804),#6763);
#6421=STYLED_ITEM('',(#11804),#6764);
#6422=STYLED_ITEM('',(#11804),#6765);
#6423=STYLED_ITEM('',(#11804),#6766);
#6424=STYLED_ITEM('',(#11804),#6767);
#6425=STYLED_ITEM('',(#11804),#6768);
#6426=STYLED_ITEM('',(#11804),#6769);
#6427=STYLED_ITEM('',(#11804),#6770);
#6428=STYLED_ITEM('',(#11804),#6771);
#6429=STYLED_ITEM('',(#11804),#6772);
#6430=STYLED_ITEM('',(#11804),#6773);
#6431=STYLED_ITEM('',(#11804),#6774);
#6432=STYLED_ITEM('',(#11804),#6775);
#6433=STYLED_ITEM('',(#11804),#6776);
#6434=STYLED_ITEM('',(#11804),#6777);
#6435=STYLED_ITEM('',(#11804),#6778);
#6436=STYLED_ITEM('',(#11804),#6779);
#6437=STYLED_ITEM('',(#11804),#6780);
#6438=STYLED_ITEM('',(#11804),#6781);
#6439=STYLED_ITEM('',(#11804),#6782);
#6440=STYLED_ITEM('',(#11804),#6783);
#6441=STYLED_ITEM('',(#11804),#6784);
#6442=STYLED_ITEM('',(#11804),#6785);
#6443=STYLED_ITEM('',(#11804),#6786);
#6444=STYLED_ITEM('',(#11804),#6787);
#6445=STYLED_ITEM('',(#11804),#6788);
#6446=STYLED_ITEM('',(#11804),#6789);
#6447=STYLED_ITEM('',(#11804),#6790);
#6448=STYLED_ITEM('',(#11804),#6791);
#6449=STYLED_ITEM('',(#11804),#6792);
#6450=STYLED_ITEM('',(#11804),#6793);
#6451=STYLED_ITEM('',(#11804),#6794);
#6452=STYLED_ITEM('',(#11804),#6795);
#6453=STYLED_ITEM('',(#11804),#6796);
#6454=STYLED_ITEM('',(#11804),#6797);
#6455=STYLED_ITEM('',(#11804),#6798);
#6456=STYLED_ITEM('',(#11804),#6799);
#6457=STYLED_ITEM('',(#11804),#6800);
#6458=STYLED_ITEM('',(#11804),#6801);
#6459=STYLED_ITEM('',(#11804),#6802);
#6460=STYLED_ITEM('',(#11804),#6803);
#6461=STYLED_ITEM('',(#11804),#6804);
#6462=STYLED_ITEM('',(#11804),#6805);
#6463=STYLED_ITEM('',(#11801),#6806);
#6464=STYLED_ITEM('',(#11804),#6807);
#6465=STYLED_ITEM('',(#11804),#6808);
#6466=STYLED_ITEM('',(#11804),#6809);
#6467=STYLED_ITEM('',(#11804),#6810);
#6468=STYLED_ITEM('',(#11804),#6811);
#6469=STYLED_ITEM('',(#11804),#6812);
#6470=STYLED_ITEM('',(#11804),#6813);
#6471=STYLED_ITEM('',(#11804),#6814);
#6472=STYLED_ITEM('',(#11804),#6815);
#6473=STYLED_ITEM('',(#11804),#6816);
#6474=STYLED_ITEM('',(#11804),#6817);
#6475=STYLED_ITEM('',(#11804),#6818);
#6476=STYLED_ITEM('',(#11804),#6819);
#6477=STYLED_ITEM('',(#11804),#6820);
#6478=STYLED_ITEM('',(#11804),#6821);
#6479=STYLED_ITEM('',(#11801),#6822);
#6480=STYLED_ITEM('',(#11804),#6823);
#6481=STYLED_ITEM('',(#11804),#6824);
#6482=STYLED_ITEM('',(#11804),#6825);
#6483=STYLED_ITEM('',(#11804),#6826);
#6484=STYLED_ITEM('',(#11804),#6827);
#6485=STYLED_ITEM('',(#11804),#6828);
#6486=STYLED_ITEM('',(#11804),#6829);
#6487=STYLED_ITEM('',(#11804),#6830);
#6488=STYLED_ITEM('',(#11804),#6831);
#6489=STYLED_ITEM('',(#11804),#6832);
#6490=STYLED_ITEM('',(#11804),#6833);
#6491=STYLED_ITEM('',(#11804),#6834);
#6492=STYLED_ITEM('',(#11804),#6835);
#6493=STYLED_ITEM('',(#11804),#6836);
#6494=STYLED_ITEM('',(#11804),#6837);
#6495=STYLED_ITEM('',(#11804),#6838);
#6496=STYLED_ITEM('',(#11804),#6839);
#6497=STYLED_ITEM('',(#11804),#6840);
#6498=STYLED_ITEM('',(#11804),#6841);
#6499=STYLED_ITEM('',(#11804),#6842);
#6500=STYLED_ITEM('',(#11804),#6843);
#6501=STYLED_ITEM('',(#11804),#6844);
#6502=STYLED_ITEM('',(#11804),#6845);
#6503=STYLED_ITEM('',(#11804),#6846);
#6504=STYLED_ITEM('',(#11804),#6847);
#6505=STYLED_ITEM('',(#11804),#6848);
#6506=STYLED_ITEM('',(#11804),#6849);
#6507=STYLED_ITEM('',(#11804),#6850);
#6508=STYLED_ITEM('',(#11804),#6851);
#6509=STYLED_ITEM('',(#11804),#6852);
#6510=STYLED_ITEM('',(#11804),#6853);
#6511=STYLED_ITEM('',(#11804),#6854);
#6512=STYLED_ITEM('',(#11804),#6855);
#6513=STYLED_ITEM('',(#11804),#6856);
#6514=STYLED_ITEM('',(#11804),#6857);
#6515=STYLED_ITEM('',(#11804),#6858);
#6516=STYLED_ITEM('',(#11801),#6859);
#6517=STYLED_ITEM('',(#11800),#17);
#6518=ADVANCED_FACE('',(#381,#354,#355,#356,#357,#358,#359,#360,#361,#362,
#363,#364,#365,#366),#5959,.T.);
#6519=ADVANCED_FACE('',(#382),#5960,.T.);
#6520=ADVANCED_FACE('',(#383),#5961,.T.);
#6521=ADVANCED_FACE('',(#384),#5962,.T.);
#6522=ADVANCED_FACE('',(#385),#5963,.T.);
#6523=ADVANCED_FACE('',(#386,#367,#368),#5964,.T.);
#6524=ADVANCED_FACE('',(#387),#5965,.T.);
#6525=ADVANCED_FACE('',(#388),#5966,.T.);
#6526=ADVANCED_FACE('',(#389),#5967,.T.);
#6527=ADVANCED_FACE('',(#390),#5968,.T.);
#6528=ADVANCED_FACE('',(#391),#5969,.T.);
#6529=ADVANCED_FACE('',(#392),#5970,.T.);
#6530=ADVANCED_FACE('',(#393),#5971,.T.);
#6531=ADVANCED_FACE('',(#394),#5972,.T.);
#6532=ADVANCED_FACE('',(#395),#5973,.T.);
#6533=ADVANCED_FACE('',(#396),#5974,.T.);
#6534=ADVANCED_FACE('',(#397),#5975,.T.);
#6535=ADVANCED_FACE('',(#398),#5976,.T.);
#6536=ADVANCED_FACE('',(#399),#5977,.T.);
#6537=ADVANCED_FACE('',(#400),#5978,.T.);
#6538=ADVANCED_FACE('',(#401),#5979,.T.);
#6539=ADVANCED_FACE('',(#402),#5980,.T.);
#6540=ADVANCED_FACE('',(#403),#5981,.T.);
#6541=ADVANCED_FACE('',(#404),#5982,.T.);
#6542=ADVANCED_FACE('',(#405),#5983,.T.);
#6543=ADVANCED_FACE('',(#406),#5984,.T.);
#6544=ADVANCED_FACE('',(#407),#121,.F.);
#6545=ADVANCED_FACE('',(#408),#5985,.T.);
#6546=ADVANCED_FACE('',(#409),#5986,.T.);
#6547=ADVANCED_FACE('',(#410),#122,.T.);
#6548=ADVANCED_FACE('',(#411),#5987,.T.);
#6549=ADVANCED_FACE('',(#412),#5988,.T.);
#6550=ADVANCED_FACE('',(#413),#5989,.T.);
#6551=ADVANCED_FACE('',(#414),#5990,.T.);
#6552=ADVANCED_FACE('',(#415),#123,.F.);
#6553=ADVANCED_FACE('',(#416),#5991,.T.);
#6554=ADVANCED_FACE('',(#417),#5992,.T.);
#6555=ADVANCED_FACE('',(#418),#5993,.T.);
#6556=ADVANCED_FACE('',(#419),#5994,.T.);
#6557=ADVANCED_FACE('',(#420),#5995,.T.);
#6558=ADVANCED_FACE('',(#421),#5996,.F.);
#6559=ADVANCED_FACE('',(#422),#5997,.F.);
#6560=ADVANCED_FACE('',(#423),#5998,.T.);
#6561=ADVANCED_FACE('',(#424),#5999,.T.);
#6562=ADVANCED_FACE('',(#425),#6000,.T.);
#6563=ADVANCED_FACE('',(#426),#6001,.T.);
#6564=ADVANCED_FACE('',(#427),#124,.F.);
#6565=ADVANCED_FACE('',(#428),#6002,.T.);
#6566=ADVANCED_FACE('',(#429),#6003,.T.);
#6567=ADVANCED_FACE('',(#430),#6004,.T.);
#6568=ADVANCED_FACE('',(#431),#125,.T.);
#6569=ADVANCED_FACE('',(#432),#6005,.T.);
#6570=ADVANCED_FACE('',(#433),#6006,.T.);
#6571=ADVANCED_FACE('',(#434),#126,.F.);
#6572=ADVANCED_FACE('',(#435),#6007,.T.);
#6573=ADVANCED_FACE('',(#436),#6008,.T.);
#6574=ADVANCED_FACE('',(#437),#6009,.T.);
#6575=ADVANCED_FACE('',(#438),#6010,.T.);
#6576=ADVANCED_FACE('',(#439),#6011,.T.);
#6577=ADVANCED_FACE('',(#440),#6012,.T.);
#6578=ADVANCED_FACE('',(#441),#6013,.T.);
#6579=ADVANCED_FACE('',(#442),#6014,.T.);
#6580=ADVANCED_FACE('',(#443),#6015,.T.);
#6581=ADVANCED_FACE('',(#444),#6016,.T.);
#6582=ADVANCED_FACE('',(#445),#6017,.T.);
#6583=ADVANCED_FACE('',(#446),#6018,.T.);
#6584=ADVANCED_FACE('',(#447),#6019,.T.);
#6585=ADVANCED_FACE('',(#448),#6020,.T.);
#6586=ADVANCED_FACE('',(#449),#6021,.T.);
#6587=ADVANCED_FACE('',(#450),#6022,.T.);
#6588=ADVANCED_FACE('',(#451),#127,.T.);
#6589=ADVANCED_FACE('',(#452),#128,.F.);
#6590=ADVANCED_FACE('',(#453),#6023,.F.);
#6591=ADVANCED_FACE('',(#454),#6024,.T.);
#6592=ADVANCED_FACE('',(#455),#129,.F.);
#6593=ADVANCED_FACE('',(#456),#130,.T.);
#6594=ADVANCED_FACE('',(#457),#6025,.T.);
#6595=ADVANCED_FACE('',(#458,#369),#6026,.F.);
#6596=ADVANCED_FACE('',(#459),#6027,.T.);
#6597=ADVANCED_FACE('',(#460),#6028,.F.);
#6598=ADVANCED_FACE('',(#461),#6029,.T.);
#6599=ADVANCED_FACE('',(#462),#6030,.T.);
#6600=ADVANCED_FACE('',(#463),#6031,.F.);
#6601=ADVANCED_FACE('',(#464),#131,.F.);
#6602=ADVANCED_FACE('',(#465),#132,.T.);
#6603=ADVANCED_FACE('',(#466),#6032,.T.);
#6604=ADVANCED_FACE('',(#467),#6033,.F.);
#6605=ADVANCED_FACE('',(#468),#6034,.T.);
#6606=ADVANCED_FACE('',(#469),#133,.F.);
#6607=ADVANCED_FACE('',(#470),#134,.T.);
#6608=ADVANCED_FACE('',(#471),#135,.T.);
#6609=ADVANCED_FACE('',(#472),#116,.T.);
#6610=ADVANCED_FACE('',(#473),#136,.T.);
#6611=ADVANCED_FACE('',(#474),#117,.T.);
#6612=ADVANCED_FACE('',(#475),#137,.T.);
#6613=ADVANCED_FACE('',(#476),#118,.T.);
#6614=ADVANCED_FACE('',(#477),#138,.T.);
#6615=ADVANCED_FACE('',(#478),#119,.T.);
#6616=ADVANCED_FACE('',(#479),#6035,.T.);
#6617=ADVANCED_FACE('',(#480),#6036,.T.);
#6618=ADVANCED_FACE('',(#481),#6037,.T.);
#6619=ADVANCED_FACE('',(#482),#6038,.T.);
#6620=ADVANCED_FACE('',(#483),#6039,.F.);
#6621=ADVANCED_FACE('',(#484),#120,.T.);
#6622=ADVANCED_FACE('',(#485),#139,.T.);
#6623=ADVANCED_FACE('',(#486,#370,#371,#372,#373,#374),#6040,.T.);
#6624=ADVANCED_FACE('',(#487),#6041,.T.);
#6625=ADVANCED_FACE('',(#488),#6042,.T.);
#6626=ADVANCED_FACE('',(#489),#6043,.F.);
#6627=ADVANCED_FACE('',(#490),#6044,.F.);
#6628=ADVANCED_FACE('',(#491),#140,.T.);
#6629=ADVANCED_FACE('',(#492),#141,.T.);
#6630=ADVANCED_FACE('',(#493),#142,.T.);
#6631=ADVANCED_FACE('',(#494),#143,.T.);
#6632=ADVANCED_FACE('',(#495),#6045,.F.);
#6633=ADVANCED_FACE('',(#496),#6046,.F.);
#6634=ADVANCED_FACE('',(#497),#6047,.F.);
#6635=ADVANCED_FACE('',(#498),#6048,.F.);
#6636=ADVANCED_FACE('',(#499),#6049,.F.);
#6637=ADVANCED_FACE('',(#500),#6050,.F.);
#6638=ADVANCED_FACE('',(#501),#6051,.F.);
#6639=ADVANCED_FACE('',(#502),#6052,.F.);
#6640=ADVANCED_FACE('',(#503),#6053,.F.);
#6641=ADVANCED_FACE('',(#504),#6054,.F.);
#6642=ADVANCED_FACE('',(#505),#6055,.F.);
#6643=ADVANCED_FACE('',(#506),#18,.F.);
#6644=ADVANCED_FACE('',(#507),#6056,.F.);
#6645=ADVANCED_FACE('',(#508),#19,.F.);
#6646=ADVANCED_FACE('',(#509),#20,.F.);
#6647=ADVANCED_FACE('',(#510),#21,.F.);
#6648=ADVANCED_FACE('',(#511),#22,.F.);
#6649=ADVANCED_FACE('',(#512),#23,.F.);
#6650=ADVANCED_FACE('',(#513),#24,.F.);
#6651=ADVANCED_FACE('',(#514),#6057,.F.);
#6652=ADVANCED_FACE('',(#515),#25,.F.);
#6653=ADVANCED_FACE('',(#516),#26,.F.);
#6654=ADVANCED_FACE('',(#517),#27,.F.);
#6655=ADVANCED_FACE('',(#518),#28,.F.);
#6656=ADVANCED_FACE('',(#519),#29,.F.);
#6657=ADVANCED_FACE('',(#520),#6058,.T.);
#6658=ADVANCED_FACE('',(#521),#6059,.F.);
#6659=ADVANCED_FACE('',(#522),#6060,.F.);
#6660=ADVANCED_FACE('',(#523),#6061,.F.);
#6661=ADVANCED_FACE('',(#524),#6062,.F.);
#6662=ADVANCED_FACE('',(#525),#6063,.F.);
#6663=ADVANCED_FACE('',(#526),#6064,.F.);
#6664=ADVANCED_FACE('',(#527),#6065,.F.);
#6665=ADVANCED_FACE('',(#528),#6066,.F.);
#6666=ADVANCED_FACE('',(#529),#6067,.F.);
#6667=ADVANCED_FACE('',(#530),#6068,.F.);
#6668=ADVANCED_FACE('',(#531),#6069,.F.);
#6669=ADVANCED_FACE('',(#532),#6070,.F.);
#6670=ADVANCED_FACE('',(#533),#6071,.F.);
#6671=ADVANCED_FACE('',(#534,#375),#6072,.T.);
#6672=ADVANCED_FACE('',(#535),#6073,.F.);
#6673=ADVANCED_FACE('',(#536),#30,.F.);
#6674=ADVANCED_FACE('',(#537),#31,.F.);
#6675=ADVANCED_FACE('',(#538),#32,.F.);
#6676=ADVANCED_FACE('',(#539),#33,.F.);
#6677=ADVANCED_FACE('',(#540),#6074,.F.);
#6678=ADVANCED_FACE('',(#541),#6075,.F.);
#6679=ADVANCED_FACE('',(#542),#6076,.T.);
#6680=ADVANCED_FACE('',(#543),#6077,.T.);
#6681=ADVANCED_FACE('',(#544),#6078,.T.);
#6682=ADVANCED_FACE('',(#545),#34,.T.);
#6683=ADVANCED_FACE('',(#546),#35,.T.);
#6684=ADVANCED_FACE('',(#547),#36,.T.);
#6685=ADVANCED_FACE('',(#548),#37,.T.);
#6686=ADVANCED_FACE('',(#549),#6079,.T.);
#6687=ADVANCED_FACE('',(#550,#376),#6080,.F.);
#6688=ADVANCED_FACE('',(#551),#6081,.F.);
#6689=ADVANCED_FACE('',(#552),#6082,.F.);
#6690=ADVANCED_FACE('',(#553),#6083,.F.);
#6691=ADVANCED_FACE('',(#554),#6084,.F.);
#6692=ADVANCED_FACE('',(#555),#6085,.F.);
#6693=ADVANCED_FACE('',(#556),#6086,.F.);
#6694=ADVANCED_FACE('',(#557),#6087,.F.);
#6695=ADVANCED_FACE('',(#558),#6088,.F.);
#6696=ADVANCED_FACE('',(#559),#6089,.T.);
#6697=ADVANCED_FACE('',(#560),#6090,.T.);
#6698=ADVANCED_FACE('',(#561),#38,.T.);
#6699=ADVANCED_FACE('',(#562),#6091,.T.);
#6700=ADVANCED_FACE('',(#563),#39,.T.);
#6701=ADVANCED_FACE('',(#564),#6092,.T.);
#6702=ADVANCED_FACE('',(#565),#6093,.T.);
#6703=ADVANCED_FACE('',(#566),#6094,.F.);
#6704=ADVANCED_FACE('',(#567),#6095,.F.);
#6705=ADVANCED_FACE('',(#568),#6096,.F.);
#6706=ADVANCED_FACE('',(#569),#6097,.F.);
#6707=ADVANCED_FACE('',(#570),#6098,.F.);
#6708=ADVANCED_FACE('',(#571),#6099,.F.);
#6709=ADVANCED_FACE('',(#572),#6100,.F.);
#6710=ADVANCED_FACE('',(#573),#6101,.F.);
#6711=ADVANCED_FACE('',(#574),#6102,.F.);
#6712=ADVANCED_FACE('',(#575),#6103,.F.);
#6713=ADVANCED_FACE('',(#576),#6104,.F.);
#6714=ADVANCED_FACE('',(#577),#6105,.F.);
#6715=ADVANCED_FACE('',(#578),#6106,.F.);
#6716=ADVANCED_FACE('',(#579,#377),#6107,.T.);
#6717=ADVANCED_FACE('',(#580),#40,.F.);
#6718=ADVANCED_FACE('',(#581),#6108,.F.);
#6719=ADVANCED_FACE('',(#582),#41,.F.);
#6720=ADVANCED_FACE('',(#583),#42,.F.);
#6721=ADVANCED_FACE('',(#584),#6109,.F.);
#6722=ADVANCED_FACE('',(#585),#43,.F.);
#6723=ADVANCED_FACE('',(#586),#44,.F.);
#6724=ADVANCED_FACE('',(#587),#45,.F.);
#6725=ADVANCED_FACE('',(#588),#46,.F.);
#6726=ADVANCED_FACE('',(#589),#6110,.F.);
#6727=ADVANCED_FACE('',(#590),#6111,.F.);
#6728=ADVANCED_FACE('',(#591),#6112,.F.);
#6729=ADVANCED_FACE('',(#592),#6113,.F.);
#6730=ADVANCED_FACE('',(#593),#47,.F.);
#6731=ADVANCED_FACE('',(#594),#48,.T.);
#6732=ADVANCED_FACE('',(#595),#49,.T.);
#6733=ADVANCED_FACE('',(#596),#50,.T.);
#6734=ADVANCED_FACE('',(#597),#51,.T.);
#6735=ADVANCED_FACE('',(#598),#52,.T.);
#6736=ADVANCED_FACE('',(#599),#53,.T.);
#6737=ADVANCED_FACE('',(#600),#6114,.T.);
#6738=ADVANCED_FACE('',(#601),#6115,.T.);
#6739=ADVANCED_FACE('',(#602),#6116,.T.);
#6740=ADVANCED_FACE('',(#603),#54,.F.);
#6741=ADVANCED_FACE('',(#604),#6117,.F.);
#6742=ADVANCED_FACE('',(#605),#55,.F.);
#6743=ADVANCED_FACE('',(#606),#56,.F.);
#6744=ADVANCED_FACE('',(#607),#57,.F.);
#6745=ADVANCED_FACE('',(#608),#58,.F.);
#6746=ADVANCED_FACE('',(#609),#59,.F.);
#6747=ADVANCED_FACE('',(#610),#60,.F.);
#6748=ADVANCED_FACE('',(#611),#61,.F.);
#6749=ADVANCED_FACE('',(#612),#62,.F.);
#6750=ADVANCED_FACE('',(#613),#63,.F.);
#6751=ADVANCED_FACE('',(#614),#64,.F.);
#6752=ADVANCED_FACE('',(#615),#6118,.F.);
#6753=ADVANCED_FACE('',(#616),#65,.F.);
#6754=ADVANCED_FACE('',(#617),#66,.F.);
#6755=ADVANCED_FACE('',(#618),#67,.F.);
#6756=ADVANCED_FACE('',(#619),#68,.F.);
#6757=ADVANCED_FACE('',(#620),#69,.F.);
#6758=ADVANCED_FACE('',(#621),#70,.F.);
#6759=ADVANCED_FACE('',(#622),#71,.F.);
#6760=ADVANCED_FACE('',(#623),#72,.F.);
#6761=ADVANCED_FACE('',(#624),#6119,.F.);
#6762=ADVANCED_FACE('',(#625),#6120,.F.);
#6763=ADVANCED_FACE('',(#626),#6121,.F.);
#6764=ADVANCED_FACE('',(#627),#73,.F.);
#6765=ADVANCED_FACE('',(#628),#6122,.F.);
#6766=ADVANCED_FACE('',(#629),#6123,.F.);
#6767=ADVANCED_FACE('',(#630),#6124,.F.);
#6768=ADVANCED_FACE('',(#631),#6125,.F.);
#6769=ADVANCED_FACE('',(#632),#6126,.F.);
#6770=ADVANCED_FACE('',(#633),#6127,.F.);
#6771=ADVANCED_FACE('',(#634),#74,.F.);
#6772=ADVANCED_FACE('',(#635),#75,.F.);
#6773=ADVANCED_FACE('',(#636),#6128,.F.);
#6774=ADVANCED_FACE('',(#637),#76,.F.);
#6775=ADVANCED_FACE('',(#638),#77,.F.);
#6776=ADVANCED_FACE('',(#639),#6129,.F.);
#6777=ADVANCED_FACE('',(#640),#6130,.T.);
#6778=ADVANCED_FACE('',(#641),#6131,.F.);
#6779=ADVANCED_FACE('',(#642),#6132,.F.);
#6780=ADVANCED_FACE('',(#643),#6133,.F.);
#6781=ADVANCED_FACE('',(#644),#6134,.F.);
#6782=ADVANCED_FACE('',(#645),#6135,.F.);
#6783=ADVANCED_FACE('',(#646),#6136,.F.);
#6784=ADVANCED_FACE('',(#647),#6137,.F.);
#6785=ADVANCED_FACE('',(#648),#6138,.F.);
#6786=ADVANCED_FACE('',(#649),#6139,.F.);
#6787=ADVANCED_FACE('',(#650),#6140,.F.);
#6788=ADVANCED_FACE('',(#651),#6141,.F.);
#6789=ADVANCED_FACE('',(#652),#6142,.F.);
#6790=ADVANCED_FACE('',(#653),#6143,.F.);
#6791=ADVANCED_FACE('',(#654,#378),#6144,.T.);
#6792=ADVANCED_FACE('',(#655),#6145,.F.);
#6793=ADVANCED_FACE('',(#656),#78,.F.);
#6794=ADVANCED_FACE('',(#657),#79,.F.);
#6795=ADVANCED_FACE('',(#658),#80,.F.);
#6796=ADVANCED_FACE('',(#659),#81,.F.);
#6797=ADVANCED_FACE('',(#660),#6146,.F.);
#6798=ADVANCED_FACE('',(#661),#6147,.F.);
#6799=ADVANCED_FACE('',(#662),#6148,.T.);
#6800=ADVANCED_FACE('',(#663),#6149,.T.);
#6801=ADVANCED_FACE('',(#664),#6150,.T.);
#6802=ADVANCED_FACE('',(#665),#82,.T.);
#6803=ADVANCED_FACE('',(#666),#83,.T.);
#6804=ADVANCED_FACE('',(#667),#84,.T.);
#6805=ADVANCED_FACE('',(#668),#85,.T.);
#6806=ADVANCED_FACE('',(#669),#6151,.T.);
#6807=ADVANCED_FACE('',(#670,#379),#6152,.F.);
#6808=ADVANCED_FACE('',(#671),#6153,.F.);
#6809=ADVANCED_FACE('',(#672),#6154,.F.);
#6810=ADVANCED_FACE('',(#673),#6155,.F.);
#6811=ADVANCED_FACE('',(#674),#6156,.F.);
#6812=ADVANCED_FACE('',(#675),#6157,.F.);
#6813=ADVANCED_FACE('',(#676),#6158,.F.);
#6814=ADVANCED_FACE('',(#677),#6159,.F.);
#6815=ADVANCED_FACE('',(#678),#6160,.F.);
#6816=ADVANCED_FACE('',(#679),#6161,.T.);
#6817=ADVANCED_FACE('',(#680),#6162,.T.);
#6818=ADVANCED_FACE('',(#681),#86,.T.);
#6819=ADVANCED_FACE('',(#682),#6163,.T.);
#6820=ADVANCED_FACE('',(#683),#87,.T.);
#6821=ADVANCED_FACE('',(#684),#6164,.T.);
#6822=ADVANCED_FACE('',(#685),#6165,.T.);
#6823=ADVANCED_FACE('',(#686,#380),#6166,.F.);
#6824=ADVANCED_FACE('',(#687),#88,.F.);
#6825=ADVANCED_FACE('',(#688),#89,.F.);
#6826=ADVANCED_FACE('',(#689),#90,.F.);
#6827=ADVANCED_FACE('',(#690),#91,.F.);
#6828=ADVANCED_FACE('',(#691),#92,.F.);
#6829=ADVANCED_FACE('',(#692),#93,.F.);
#6830=ADVANCED_FACE('',(#693),#94,.F.);
#6831=ADVANCED_FACE('',(#694),#95,.F.);
#6832=ADVANCED_FACE('',(#695),#96,.F.);
#6833=ADVANCED_FACE('',(#696),#97,.F.);
#6834=ADVANCED_FACE('',(#697),#98,.F.);
#6835=ADVANCED_FACE('',(#698),#99,.F.);
#6836=ADVANCED_FACE('',(#699),#6167,.F.);
#6837=ADVANCED_FACE('',(#700),#6168,.F.);
#6838=ADVANCED_FACE('',(#701),#6169,.F.);
#6839=ADVANCED_FACE('',(#702),#6170,.F.);
#6840=ADVANCED_FACE('',(#703),#100,.F.);
#6841=ADVANCED_FACE('',(#704),#101,.F.);
#6842=ADVANCED_FACE('',(#705),#102,.F.);
#6843=ADVANCED_FACE('',(#706),#103,.F.);
#6844=ADVANCED_FACE('',(#707),#104,.F.);
#6845=ADVANCED_FACE('',(#708),#105,.F.);
#6846=ADVANCED_FACE('',(#709),#106,.F.);
#6847=ADVANCED_FACE('',(#710),#6171,.F.);
#6848=ADVANCED_FACE('',(#711),#107,.F.);
#6849=ADVANCED_FACE('',(#712),#108,.F.);
#6850=ADVANCED_FACE('',(#713),#6172,.F.);
#6851=ADVANCED_FACE('',(#714),#109,.F.);
#6852=ADVANCED_FACE('',(#715),#110,.F.);
#6853=ADVANCED_FACE('',(#716),#111,.F.);
#6854=ADVANCED_FACE('',(#717),#6173,.F.);
#6855=ADVANCED_FACE('',(#718),#112,.F.);
#6856=ADVANCED_FACE('',(#719),#113,.F.);
#6857=ADVANCED_FACE('',(#720),#114,.T.);
#6858=ADVANCED_FACE('',(#721),#115,.T.);
#6859=ADVANCED_FACE('',(#722),#6174,.T.);
#6860=CLOSED_SHELL('',(#6518,#6519,#6520,#6521,#6522,#6523,#6524,#6525,
#6526,#6527,#6528,#6529,#6530,#6531,#6532,#6533,#6534,#6535,#6536,#6537,
#6538,#6539,#6540,#6541,#6542,#6543,#6544,#6545,#6546,#6547,#6548,#6549,
#6550,#6551,#6552,#6553,#6554,#6555,#6556,#6557,#6558,#6559,#6560,#6561,
#6562,#6563,#6564,#6565,#6566,#6567,#6568,#6569,#6570,#6571,#6572,#6573,
#6574,#6575,#6576,#6577,#6578,#6579,#6580,#6581,#6582,#6583,#6584,#6585,
#6586,#6587,#6588,#6589,#6590,#6591,#6592,#6593,#6594,#6595,#6596,#6597,
#6598,#6599,#6600,#6601,#6602,#6603,#6604,#6605,#6606,#6607,#6608,#6609,
#6610,#6611,#6612,#6613,#6614,#6615,#6616,#6617,#6618,#6619,#6620,#6621,
#6622,#6623,#6624,#6625,#6626,#6627,#6628,#6629,#6630,#6631,#6632,#6633,
#6634,#6635,#6636,#6637,#6638,#6639,#6640,#6641,#6642,#6643,#6644,#6645,
#6646,#6647,#6648,#6649,#6650,#6651,#6652,#6653,#6654,#6655,#6656,#6657,
#6658,#6659,#6660,#6661,#6662,#6663,#6664,#6665,#6666,#6667,#6668,#6669,
#6670,#6671,#6672,#6673,#6674,#6675,#6676,#6677,#6678,#6679,#6680,#6681,
#6682,#6683,#6684,#6685,#6686,#6687,#6688,#6689,#6690,#6691,#6692,#6693,
#6694,#6695,#6696,#6697,#6698,#6699,#6700,#6701,#6702,#6703,#6704,#6705,
#6706,#6707,#6708,#6709,#6710,#6711,#6712,#6713,#6714,#6715,#6716,#6717,
#6718,#6719,#6720,#6721,#6722,#6723,#6724,#6725,#6726,#6727,#6728,#6729,
#6730,#6731,#6732,#6733,#6734,#6735,#6736,#6737,#6738,#6739,#6740,#6741,
#6742,#6743,#6744,#6745,#6746,#6747,#6748,#6749,#6750,#6751,#6752,#6753,
#6754,#6755,#6756,#6757,#6758,#6759,#6760,#6761,#6762,#6763,#6764,#6765,
#6766,#6767,#6768,#6769,#6770,#6771,#6772,#6773,#6774,#6775,#6776,#6777,
#6778,#6779,#6780,#6781,#6782,#6783,#6784,#6785,#6786,#6787,#6788,#6789,
#6790,#6791,#6792,#6793,#6794,#6795,#6796,#6797,#6798,#6799,#6800,#6801,
#6802,#6803,#6804,#6805,#6806,#6807,#6808,#6809,#6810,#6811,#6812,#6813,
#6814,#6815,#6816,#6817,#6818,#6819,#6820,#6821,#6822,#6823,#6824,#6825,
#6826,#6827,#6828,#6829,#6830,#6831,#6832,#6833,#6834,#6835,#6836,#6837,
#6838,#6839,#6840,#6841,#6842,#6843,#6844,#6845,#6846,#6847,#6848,#6849,
#6850,#6851,#6852,#6853,#6854,#6855,#6856,#6857,#6858,#6859));
#6861=DERIVED_UNIT_ELEMENT(#6863,1.);
#6862=DERIVED_UNIT_ELEMENT(#11777,-3.);
#6863=(
MASS_UNIT()
NAMED_UNIT(*)
SI_UNIT(.KILO.,.GRAM.)
);
#6864=DERIVED_UNIT((#6861,#6862));
#6865=MEASURE_REPRESENTATION_ITEM('density measure',
POSITIVE_RATIO_MEASURE(7850.),#6864);
#6866=PROPERTY_DEFINITION_REPRESENTATION(#6871,#6868);
#6867=PROPERTY_DEFINITION_REPRESENTATION(#6872,#6869);
#6868=REPRESENTATION('material name',(#6870),#11774);
#6869=REPRESENTATION('density',(#6865),#11774);
#6870=DESCRIPTIVE_REPRESENTATION_ITEM('Steel','Steel');
#6871=PROPERTY_DEFINITION('material property','material name',#11789);
#6872=PROPERTY_DEFINITION('material property','density of part',#11789);
#6873=AXIS2_PLACEMENT_3D('',#8744,#7272,#7273);
#6874=AXIS2_PLACEMENT_3D('',#8745,#7274,#7275);
#6875=AXIS2_PLACEMENT_3D('',#8746,#7276,#7277);
#6876=AXIS2_PLACEMENT_3D('',#8769,#7288,#7289);
#6877=AXIS2_PLACEMENT_3D('',#8775,#7292,#7293);
#6878=AXIS2_PLACEMENT_3D('',#8783,#7297,#7298);
#6879=AXIS2_PLACEMENT_3D('',#8815,#7309,#7310);
#6880=AXIS2_PLACEMENT_3D('',#8827,#7311,#7312);
#6881=AXIS2_PLACEMENT_3D('',#8851,#7314,#7315);
#6882=AXIS2_PLACEMENT_3D('',#8852,#7316,#7317);
#6883=AXIS2_PLACEMENT_3D('',#8919,#7350,#7351);
#6884=AXIS2_PLACEMENT_3D('',#8936,#7355,#7356);
#6885=AXIS2_PLACEMENT_3D('',#8939,#7357,#7358);
#6886=AXIS2_PLACEMENT_3D('',#8946,#7359,#7360);
#6887=AXIS2_PLACEMENT_3D('',#8948,#7361,#7362);
#6888=AXIS2_PLACEMENT_3D('',#9034,#7370,#7371);
#6889=AXIS2_PLACEMENT_3D('',#9036,#7372,#7373);
#6890=AXIS2_PLACEMENT_3D('',#9038,#7374,#7375);
#6891=AXIS2_PLACEMENT_3D('',#9040,#7376,#7377);
#6892=AXIS2_PLACEMENT_3D('',#9052,#7378,#7379);
#6893=AXIS2_PLACEMENT_3D('',#9110,#7403,#7404);
#6894=AXIS2_PLACEMENT_3D('',#9148,#7413,#7414);
#6895=AXIS2_PLACEMENT_3D('',#9155,#7415,#7416);
#6896=AXIS2_PLACEMENT_3D('',#9157,#7417,#7418);
#6897=AXIS2_PLACEMENT_3D('',#9159,#7419,#7420);
#6898=AXIS2_PLACEMENT_3D('',#9188,#7422,#7423);
#6899=AXIS2_PLACEMENT_3D('',#9195,#7424,#7425);
#6900=AXIS2_PLACEMENT_3D('',#9197,#7426,#7427);
#6901=AXIS2_PLACEMENT_3D('',#9199,#7428,#7429);
#6902=AXIS2_PLACEMENT_3D('',#9201,#7430,#7431);
#6903=AXIS2_PLACEMENT_3D('',#9203,#7432,#7433);
#6904=AXIS2_PLACEMENT_3D('',#9204,#7434,#7435);
#6905=AXIS2_PLACEMENT_3D('',#9227,#7441,#7442);
#6906=AXIS2_PLACEMENT_3D('',#9229,#7443,#7444);
#6907=AXIS2_PLACEMENT_3D('',#9243,#7446,#7447);
#6908=AXIS2_PLACEMENT_3D('',#9250,#7448,#7449);
#6909=AXIS2_PLACEMENT_3D('',#9267,#7453,#7454);
#6910=AXIS2_PLACEMENT_3D('',#9268,#7455,#7456);
#6911=AXIS2_PLACEMENT_3D('',#9277,#7461,#7462);
#6912=AXIS2_PLACEMENT_3D('',#9286,#7467,#7468);
#6913=AXIS2_PLACEMENT_3D('',#9292,#7472,#7473);
#6914=AXIS2_PLACEMENT_3D('',#9298,#7477,#7478);
#6915=AXIS2_PLACEMENT_3D('',#9320,#7490,#7491);
#6916=AXIS2_PLACEMENT_3D('',#9334,#7499,#7500);
#6917=AXIS2_PLACEMENT_3D('',#9343,#7505,#7506);
#6918=AXIS2_PLACEMENT_3D('',#9349,#7510,#7511);
#6919=AXIS2_PLACEMENT_3D('',#9358,#7516,#7517);
#6920=AXIS2_PLACEMENT_3D('',#9367,#7522,#7523);
#6921=AXIS2_PLACEMENT_3D('',#9373,#7527,#7528);
#6922=AXIS2_PLACEMENT_3D('',#9379,#7532,#7533);
#6923=AXIS2_PLACEMENT_3D('',#9383,#7536,#7537);
#6924=AXIS2_PLACEMENT_3D('',#9387,#7540,#7541);
#6925=AXIS2_PLACEMENT_3D('',#9391,#7544,#7545);
#6926=AXIS2_PLACEMENT_3D('',#9395,#7548,#7549);
#6927=AXIS2_PLACEMENT_3D('',#9399,#7552,#7553);
#6928=AXIS2_PLACEMENT_3D('',#9404,#7555,#7556);
#6929=AXIS2_PLACEMENT_3D('',#9411,#7560,#7561);
#6930=AXIS2_PLACEMENT_3D('',#9412,#7562,#7563);
#6931=AXIS2_PLACEMENT_3D('',#9414,#7564,#7565);
#6932=AXIS2_PLACEMENT_3D('',#9415,#7566,#7567);
#6933=AXIS2_PLACEMENT_3D('',#9416,#7568,#7569);
#6934=AXIS2_PLACEMENT_3D('',#9421,#7571,#7572);
#6935=AXIS2_PLACEMENT_3D('',#9422,#7573,#7574);
#6936=AXIS2_PLACEMENT_3D('',#9423,#7575,#7576);
#6937=AXIS2_PLACEMENT_3D('',#9427,#7578,#7579);
#6938=AXIS2_PLACEMENT_3D('',#9429,#7580,#7581);
#6939=AXIS2_PLACEMENT_3D('',#9433,#7584,#7585);
#6940=AXIS2_PLACEMENT_3D('',#9436,#7588,#7589);
#6941=AXIS2_PLACEMENT_3D('',#9441,#7593,#7594);
#6942=AXIS2_PLACEMENT_3D('',#9445,#7597,#7598);
#6943=AXIS2_PLACEMENT_3D('',#9450,#7602,#7603);
#6944=AXIS2_PLACEMENT_3D('',#9452,#7604,#7605);
#6945=AXIS2_PLACEMENT_3D('',#9454,#7607,#7608);
#6946=AXIS2_PLACEMENT_3D('',#9458,#7611,#7612);
#6947=AXIS2_PLACEMENT_3D('',#9462,#7615,#7616);
#6948=AXIS2_PLACEMENT_3D('',#9464,#7617,#7618);
#6949=AXIS2_PLACEMENT_3D('',#9466,#7620,#7621);
#6950=AXIS2_PLACEMENT_3D('',#9470,#7624,#7625);
#6951=AXIS2_PLACEMENT_3D('',#9474,#7628,#7629);
#6952=AXIS2_PLACEMENT_3D('',#9478,#7632,#7633);
#6953=AXIS2_PLACEMENT_3D('',#9485,#7637,#7638);
#6954=AXIS2_PLACEMENT_3D('',#9486,#7639,#7640);
#6955=AXIS2_PLACEMENT_3D('',#9501,#7641,#7642);
#6956=AXIS2_PLACEMENT_3D('',#9504,#7644,#7645);
#6957=AXIS2_PLACEMENT_3D('',#9505,#7646,#7647);
#6958=AXIS2_PLACEMENT_3D('',#9511,#7651,#7652);
#6959=AXIS2_PLACEMENT_3D('',#9520,#7657,#7658);
#6960=AXIS2_PLACEMENT_3D('',#9526,#7662,#7663);
#6961=AXIS2_PLACEMENT_3D('',#9535,#7668,#7669);
#6962=AXIS2_PLACEMENT_3D('',#9541,#7673,#7674);
#6963=AXIS2_PLACEMENT_3D('',#9544,#7677,#7678);
#6964=AXIS2_PLACEMENT_3D('',#9549,#7682,#7683);
#6965=AXIS2_PLACEMENT_3D('',#9553,#7686,#7687);
#6966=AXIS2_PLACEMENT_3D('',#9556,#7690,#7691);
#6967=AXIS2_PLACEMENT_3D('',#9559,#7694,#7695);
#6968=AXIS2_PLACEMENT_3D('',#9565,#7699,#7700);
#6969=AXIS2_PLACEMENT_3D('',#9580,#7701,#7702);
#6970=AXIS2_PLACEMENT_3D('',#9582,#7703,#7704);
#6971=AXIS2_PLACEMENT_3D('',#9584,#7706,#7707);
#6972=AXIS2_PLACEMENT_3D('',#9593,#7712,#7713);
#6973=AXIS2_PLACEMENT_3D('',#9599,#7717,#7718);
#6974=AXIS2_PLACEMENT_3D('',#9605,#7722,#7723);
#6975=AXIS2_PLACEMENT_3D('',#9607,#7724,#7725);
#6976=AXIS2_PLACEMENT_3D('',#9610,#7727,#7728);
#6977=AXIS2_PLACEMENT_3D('',#9611,#7729,#7730);
#6978=AXIS2_PLACEMENT_3D('',#9617,#7734,#7735);
#6979=AXIS2_PLACEMENT_3D('',#9623,#7739,#7740);
#6980=AXIS2_PLACEMENT_3D('',#9625,#7741,#7742);
#6981=AXIS2_PLACEMENT_3D('',#9627,#7743,#7744);
#6982=AXIS2_PLACEMENT_3D('',#9629,#7746,#7747);
#6983=AXIS2_PLACEMENT_3D('',#9634,#7749,#7750);
#6984=AXIS2_PLACEMENT_3D('',#9641,#7754,#7755);
#6985=AXIS2_PLACEMENT_3D('',#9642,#7756,#7757);
#6986=AXIS2_PLACEMENT_3D('',#9644,#7758,#7759);
#6987=AXIS2_PLACEMENT_3D('',#9645,#7760,#7761);
#6988=AXIS2_PLACEMENT_3D('',#9646,#7762,#7763);
#6989=AXIS2_PLACEMENT_3D('',#9651,#7765,#7766);
#6990=AXIS2_PLACEMENT_3D('',#9652,#7767,#7768);
#6991=AXIS2_PLACEMENT_3D('',#9653,#7769,#7770);
#6992=AXIS2_PLACEMENT_3D('',#9657,#7772,#7773);
#6993=AXIS2_PLACEMENT_3D('',#9659,#7774,#7775);
#6994=AXIS2_PLACEMENT_3D('',#9663,#7778,#7779);
#6995=AXIS2_PLACEMENT_3D('',#9669,#7783,#7784);
#6996=AXIS2_PLACEMENT_3D('',#9675,#7789,#7790);
#6997=AXIS2_PLACEMENT_3D('',#9679,#7793,#7794);
#6998=AXIS2_PLACEMENT_3D('',#9686,#7799,#7800);
#6999=AXIS2_PLACEMENT_3D('',#9692,#7804,#7805);
#7000=AXIS2_PLACEMENT_3D('',#9698,#7809,#7810);
#7001=AXIS2_PLACEMENT_3D('',#9704,#7814,#7815);
#7002=AXIS2_PLACEMENT_3D('',#9710,#7819,#7820);
#7003=AXIS2_PLACEMENT_3D('',#9716,#7824,#7825);
#7004=AXIS2_PLACEMENT_3D('',#9722,#7829,#7830);
#7005=AXIS2_PLACEMENT_3D('',#9728,#7833,#7834);
#7006=AXIS2_PLACEMENT_3D('',#9732,#7837,#7838);
#7007=AXIS2_PLACEMENT_3D('',#9739,#7842,#7843);
#7008=AXIS2_PLACEMENT_3D('',#9740,#7844,#7845);
#7009=AXIS2_PLACEMENT_3D('',#9753,#7846,#7847);
#7010=AXIS2_PLACEMENT_3D('',#9754,#7848,#7849);
#7011=AXIS2_PLACEMENT_3D('',#9755,#7850,#7851);
#7012=AXIS2_PLACEMENT_3D('',#9756,#7852,#7853);
#7013=AXIS2_PLACEMENT_3D('',#9764,#7858,#7859);
#7014=AXIS2_PLACEMENT_3D('',#9769,#7862,#7863);
#7015=AXIS2_PLACEMENT_3D('',#9770,#7864,#7865);
#7016=AXIS2_PLACEMENT_3D('',#9784,#7866,#7867);
#7017=AXIS2_PLACEMENT_3D('',#9785,#7868,#7869);
#7018=AXIS2_PLACEMENT_3D('',#9786,#7870,#7871);
#7019=AXIS2_PLACEMENT_3D('',#9788,#7873,#7874);
#7020=AXIS2_PLACEMENT_3D('',#9789,#7875,#7876);
#7021=AXIS2_PLACEMENT_3D('',#9796,#7882,#7883);
#7022=AXIS2_PLACEMENT_3D('',#9798,#7884,#7885);
#7023=AXIS2_PLACEMENT_3D('',#9808,#7892,#7893);
#7024=AXIS2_PLACEMENT_3D('',#9809,#7894,#7895);
#7025=AXIS2_PLACEMENT_3D('',#9819,#7902,#7903);
#7026=AXIS2_PLACEMENT_3D('',#9820,#7904,#7905);
#7027=AXIS2_PLACEMENT_3D('',#9826,#7909,#7910);
#7028=AXIS2_PLACEMENT_3D('',#9828,#7912,#7913);
#7029=AXIS2_PLACEMENT_3D('',#9831,#7915,#7916);
#7030=AXIS2_PLACEMENT_3D('',#9832,#7917,#7918);
#7031=AXIS2_PLACEMENT_3D('',#9833,#7919,#7920);
#7032=AXIS2_PLACEMENT_3D('',#9834,#7921,#7922);
#7033=AXIS2_PLACEMENT_3D('',#9849,#7923,#7924);
#7034=AXIS2_PLACEMENT_3D('',#9850,#7925,#7926);
#7035=AXIS2_PLACEMENT_3D('',#9852,#7928,#7929);
#7036=AXIS2_PLACEMENT_3D('',#9853,#7930,#7931);
#7037=AXIS2_PLACEMENT_3D('',#9855,#7933,#7934);
#7038=AXIS2_PLACEMENT_3D('',#9869,#7935,#7936);
#7039=AXIS2_PLACEMENT_3D('',#9870,#7937,#7938);
#7040=AXIS2_PLACEMENT_3D('',#9872,#7940,#7941);
#7041=AXIS2_PLACEMENT_3D('',#9875,#7942,#7943);
#7042=AXIS2_PLACEMENT_3D('',#9878,#7945,#7946);
#7043=AXIS2_PLACEMENT_3D('',#9879,#7947,#7948);
#7044=AXIS2_PLACEMENT_3D('',#9880,#7949,#7950);
#7045=AXIS2_PLACEMENT_3D('',#9882,#7951,#7952);
#7046=AXIS2_PLACEMENT_3D('',#9883,#7953,#7954);
#7047=AXIS2_PLACEMENT_3D('',#9884,#7955,#7956);
#7048=AXIS2_PLACEMENT_3D('',#9887,#7957,#7958);
#7049=AXIS2_PLACEMENT_3D('',#9890,#7960,#7961);
#7050=AXIS2_PLACEMENT_3D('',#9891,#7962,#7963);
#7051=AXIS2_PLACEMENT_3D('',#9892,#7964,#7965);
#7052=AXIS2_PLACEMENT_3D('',#9894,#7966,#7967);
#7053=AXIS2_PLACEMENT_3D('',#9895,#7968,#7969);
#7054=AXIS2_PLACEMENT_3D('',#9896,#7970,#7971);
#7055=AXIS2_PLACEMENT_3D('',#9899,#7972,#7973);
#7056=AXIS2_PLACEMENT_3D('',#9900,#7974,#7975);
#7057=AXIS2_PLACEMENT_3D('',#9903,#7977,#7978);
#7058=AXIS2_PLACEMENT_3D('',#9904,#7979,#7980);
#7059=AXIS2_PLACEMENT_3D('',#9906,#7981,#7982);
#7060=AXIS2_PLACEMENT_3D('',#9907,#7983,#7984);
#7061=AXIS2_PLACEMENT_3D('',#9908,#7985,#7986);
#7062=AXIS2_PLACEMENT_3D('',#9911,#7987,#7988);
#7063=AXIS2_PLACEMENT_3D('',#9914,#7990,#7991);
#7064=AXIS2_PLACEMENT_3D('',#9915,#7992,#7993);
#7065=AXIS2_PLACEMENT_3D('',#9916,#7994,#7995);
#7066=AXIS2_PLACEMENT_3D('',#9918,#7996,#7997);
#7067=AXIS2_PLACEMENT_3D('',#9919,#7998,#7999);
#7068=AXIS2_PLACEMENT_3D('',#9920,#8000,#8001);
#7069=AXIS2_PLACEMENT_3D('',#9921,#8002,#8003);
#7070=AXIS2_PLACEMENT_3D('',#9922,#8004,#8005);
#7071=AXIS2_PLACEMENT_3D('',#9923,#8006,#8007);
#7072=AXIS2_PLACEMENT_3D('',#9924,#8008,#8009);
#7073=AXIS2_PLACEMENT_3D('',#9926,#8010,#8011);
#7074=AXIS2_PLACEMENT_3D('',#9927,#8012,#8013);
#7075=AXIS2_PLACEMENT_3D('',#9929,#8014,#8015);
#7076=AXIS2_PLACEMENT_3D('',#9930,#8016,#8017);
#7077=AXIS2_PLACEMENT_3D('',#9931,#8018,#8019);
#7078=AXIS2_PLACEMENT_3D('',#9933,#8020,#8021);
#7079=AXIS2_PLACEMENT_3D('',#9935,#8023,#8024);
#7080=AXIS2_PLACEMENT_3D('',#9936,#8025,#8026);
#7081=AXIS2_PLACEMENT_3D('',#9940,#8029,#8030);
#7082=AXIS2_PLACEMENT_3D('',#9944,#8033,#8034);
#7083=AXIS2_PLACEMENT_3D('',#9946,#8036,#8037);
#7084=AXIS2_PLACEMENT_3D('',#9947,#8038,#8039);
#7085=AXIS2_PLACEMENT_3D('',#9949,#8041,#8042);
#7086=AXIS2_PLACEMENT_3D('',#9950,#8043,#8044);
#7087=AXIS2_PLACEMENT_3D('',#9952,#8046,#8047);
#7088=AXIS2_PLACEMENT_3D('',#9953,#8048,#8049);
#7089=AXIS2_PLACEMENT_3D('',#9954,#8050,#8051);
#7090=AXIS2_PLACEMENT_3D('',#9955,#8052,#8053);
#7091=AXIS2_PLACEMENT_3D('',#9956,#8054,#8055);
#7092=AXIS2_PLACEMENT_3D('',#9957,#8056,#8057);
#7093=AXIS2_PLACEMENT_3D('',#9963,#8061,#8062);
#7094=AXIS2_PLACEMENT_3D('',#9967,#8065,#8066);
#7095=AXIS2_PLACEMENT_3D('',#9971,#8069,#8070);
#7096=AXIS2_PLACEMENT_3D('',#9975,#8073,#8074);
#7097=AXIS2_PLACEMENT_3D('',#9979,#8077,#8078);
#7098=AXIS2_PLACEMENT_3D('',#9981,#8080,#8081);
#7099=AXIS2_PLACEMENT_3D('',#9998,#8084,#8085);
#7100=AXIS2_PLACEMENT_3D('',#10012,#8089,#8090);
#7101=AXIS2_PLACEMENT_3D('',#10023,#8092,#8093);
#7102=AXIS2_PLACEMENT_3D('',#10080,#8098,#8099);
#7103=AXIS2_PLACEMENT_3D('',#10094,#8103,#8104);
#7104=AXIS2_PLACEMENT_3D('',#10133,#8108,#8109);
#7105=AXIS2_PLACEMENT_3D('',#10146,#8110,#8111);
#7106=AXIS2_PLACEMENT_3D('',#10147,#8112,#8113);
#7107=AXIS2_PLACEMENT_3D('',#10153,#8117,#8118);
#7108=AXIS2_PLACEMENT_3D('',#10157,#8121,#8122);
#7109=AXIS2_PLACEMENT_3D('',#10161,#8125,#8126);
#7110=AXIS2_PLACEMENT_3D('',#10165,#8129,#8130);
#7111=AXIS2_PLACEMENT_3D('',#10169,#8133,#8134);
#7112=AXIS2_PLACEMENT_3D('',#10173,#8137,#8138);
#7113=AXIS2_PLACEMENT_3D('',#10177,#8141,#8142);
#7114=AXIS2_PLACEMENT_3D('',#10181,#8145,#8146);
#7115=AXIS2_PLACEMENT_3D('',#10185,#8149,#8150);
#7116=AXIS2_PLACEMENT_3D('',#10189,#8153,#8154);
#7117=AXIS2_PLACEMENT_3D('',#10193,#8157,#8158);
#7118=AXIS2_PLACEMENT_3D('',#10195,#8160,#8161);
#7119=AXIS2_PLACEMENT_3D('',#10196,#8162,#8163);
#7120=AXIS2_PLACEMENT_3D('',#10201,#8165,#8166);
#7121=AXIS2_PLACEMENT_3D('',#10203,#8167,#8168);
#7122=AXIS2_PLACEMENT_3D('',#10223,#8173,#8174);
#7123=AXIS2_PLACEMENT_3D('',#10225,#8175,#8176);
#7124=AXIS2_PLACEMENT_3D('',#10227,#8177,#8178);
#7125=AXIS2_PLACEMENT_3D('',#10229,#8179,#8180);
#7126=AXIS2_PLACEMENT_3D('',#10231,#8182,#8183);
#7127=AXIS2_PLACEMENT_3D('',#10270,#8190,#8191);
#7128=AXIS2_PLACEMENT_3D('',#10272,#8193,#8194);
#7129=AXIS2_PLACEMENT_3D('',#10273,#8195,#8196);
#7130=AXIS2_PLACEMENT_3D('',#10279,#8200,#8201);
#7131=AXIS2_PLACEMENT_3D('',#10283,#8204,#8205);
#7132=AXIS2_PLACEMENT_3D('',#10296,#8208,#8209);
#7133=AXIS2_PLACEMENT_3D('',#10307,#8211,#8212);
#7134=AXIS2_PLACEMENT_3D('',#10318,#8214,#8215);
#7135=AXIS2_PLACEMENT_3D('',#10328,#8217,#8218);
#7136=AXIS2_PLACEMENT_3D('',#10329,#8219,#8220);
#7137=AXIS2_PLACEMENT_3D('',#10330,#8221,#8222);
#7138=AXIS2_PLACEMENT_3D('',#10365,#8235,#8236);
#7139=AXIS2_PLACEMENT_3D('',#10368,#8239,#8240);
#7140=AXIS2_PLACEMENT_3D('',#10370,#8242,#8243);
#7141=AXIS2_PLACEMENT_3D('',#10372,#8245,#8246);
#7142=AXIS2_PLACEMENT_3D('',#10374,#8248,#8249);
#7143=AXIS2_PLACEMENT_3D('',#10376,#8251,#8252);
#7144=AXIS2_PLACEMENT_3D('',#10378,#8254,#8255);
#7145=AXIS2_PLACEMENT_3D('',#10380,#8257,#8258);
#7146=AXIS2_PLACEMENT_3D('',#10381,#8259,#8260);
#7147=AXIS2_PLACEMENT_3D('',#10387,#8264,#8265);
#7148=AXIS2_PLACEMENT_3D('',#10405,#8269,#8270);
#7149=AXIS2_PLACEMENT_3D('',#10423,#8274,#8275);
#7150=AXIS2_PLACEMENT_3D('',#10425,#8277,#8278);
#7151=AXIS2_PLACEMENT_3D('',#10426,#8279,#8280);
#7152=AXIS2_PLACEMENT_3D('',#10432,#8284,#8285);
#7153=AXIS2_PLACEMENT_3D('',#10436,#8288,#8289);
#7154=AXIS2_PLACEMENT_3D('',#10440,#8292,#8293);
#7155=AXIS2_PLACEMENT_3D('',#10444,#8296,#8297);
#7156=AXIS2_PLACEMENT_3D('',#10448,#8300,#8301);
#7157=AXIS2_PLACEMENT_3D('',#10452,#8304,#8305);
#7158=AXIS2_PLACEMENT_3D('',#10456,#8308,#8309);
#7159=AXIS2_PLACEMENT_3D('',#10460,#8312,#8313);
#7160=AXIS2_PLACEMENT_3D('',#10464,#8316,#8317);
#7161=AXIS2_PLACEMENT_3D('',#10468,#8320,#8321);
#7162=AXIS2_PLACEMENT_3D('',#10472,#8324,#8325);
#7163=AXIS2_PLACEMENT_3D('',#10474,#8327,#8328);
#7164=AXIS2_PLACEMENT_3D('',#10475,#8329,#8330);
#7165=AXIS2_PLACEMENT_3D('',#10490,#8332,#8333);
#7166=AXIS2_PLACEMENT_3D('',#10504,#8335,#8336);
#7167=AXIS2_PLACEMENT_3D('',#10506,#8337,#8338);
#7168=AXIS2_PLACEMENT_3D('',#10521,#8343,#8344);
#7169=AXIS2_PLACEMENT_3D('',#10537,#8347,#8348);
#7170=AXIS2_PLACEMENT_3D('',#10539,#8349,#8350);
#7171=AXIS2_PLACEMENT_3D('',#10554,#8353,#8354);
#7172=AXIS2_PLACEMENT_3D('',#10574,#8358,#8359);
#7173=AXIS2_PLACEMENT_3D('',#10612,#8365,#8366);
#7174=AXIS2_PLACEMENT_3D('',#10614,#8368,#8369);
#7175=AXIS2_PLACEMENT_3D('',#10616,#8371,#8372);
#7176=AXIS2_PLACEMENT_3D('',#10618,#8374,#8375);
#7177=AXIS2_PLACEMENT_3D('',#10653,#8379,#8380);
#7178=AXIS2_PLACEMENT_3D('',#10678,#8383,#8384);
#7179=AXIS2_PLACEMENT_3D('',#10689,#8386,#8387);
#7180=AXIS2_PLACEMENT_3D('',#10705,#8390,#8391);
#7181=AXIS2_PLACEMENT_3D('',#10709,#8394,#8395);
#7182=AXIS2_PLACEMENT_3D('',#10711,#8397,#8398);
#7183=AXIS2_PLACEMENT_3D('',#10728,#8401,#8402);
#7184=AXIS2_PLACEMENT_3D('',#10742,#8406,#8407);
#7185=AXIS2_PLACEMENT_3D('',#10753,#8409,#8410);
#7186=AXIS2_PLACEMENT_3D('',#10764,#8412,#8413);
#7187=AXIS2_PLACEMENT_3D('',#10775,#8415,#8416);
#7188=AXIS2_PLACEMENT_3D('',#10786,#8418,#8419);
#7189=AXIS2_PLACEMENT_3D('',#10797,#8421,#8422);
#7190=AXIS2_PLACEMENT_3D('',#10822,#8425,#8426);
#7191=AXIS2_PLACEMENT_3D('',#10851,#8429,#8430);
#7192=AXIS2_PLACEMENT_3D('',#10907,#8437,#8438);
#7193=AXIS2_PLACEMENT_3D('',#10918,#8440,#8441);
#7194=AXIS2_PLACEMENT_3D('',#10929,#8443,#8444);
#7195=AXIS2_PLACEMENT_3D('',#10952,#8446,#8447);
#7196=AXIS2_PLACEMENT_3D('',#10953,#8448,#8449);
#7197=AXIS2_PLACEMENT_3D('',#10954,#8450,#8451);
#7198=AXIS2_PLACEMENT_3D('',#10960,#8455,#8456);
#7199=AXIS2_PLACEMENT_3D('',#10978,#8460,#8461);
#7200=AXIS2_PLACEMENT_3D('',#10982,#8464,#8465);
#7201=AXIS2_PLACEMENT_3D('',#10986,#8468,#8469);
#7202=AXIS2_PLACEMENT_3D('',#10990,#8472,#8473);
#7203=AXIS2_PLACEMENT_3D('',#10994,#8476,#8477);
#7204=AXIS2_PLACEMENT_3D('',#10998,#8480,#8481);
#7205=AXIS2_PLACEMENT_3D('',#11030,#8486,#8487);
#7206=AXIS2_PLACEMENT_3D('',#11044,#8491,#8492);
#7207=AXIS2_PLACEMENT_3D('',#11059,#8494,#8495);
#7208=AXIS2_PLACEMENT_3D('',#11061,#8497,#8498);
#7209=AXIS2_PLACEMENT_3D('',#11062,#8499,#8500);
#7210=AXIS2_PLACEMENT_3D('',#11068,#8504,#8505);
#7211=AXIS2_PLACEMENT_3D('',#11072,#8508,#8509);
#7212=AXIS2_PLACEMENT_3D('',#11076,#8512,#8513);
#7213=AXIS2_PLACEMENT_3D('',#11080,#8516,#8517);
#7214=AXIS2_PLACEMENT_3D('',#11084,#8520,#8521);
#7215=AXIS2_PLACEMENT_3D('',#11088,#8524,#8525);
#7216=AXIS2_PLACEMENT_3D('',#11092,#8528,#8529);
#7217=AXIS2_PLACEMENT_3D('',#11096,#8532,#8533);
#7218=AXIS2_PLACEMENT_3D('',#11100,#8536,#8537);
#7219=AXIS2_PLACEMENT_3D('',#11104,#8540,#8541);
#7220=AXIS2_PLACEMENT_3D('',#11108,#8544,#8545);
#7221=AXIS2_PLACEMENT_3D('',#11110,#8547,#8548);
#7222=AXIS2_PLACEMENT_3D('',#11111,#8549,#8550);
#7223=AXIS2_PLACEMENT_3D('',#11116,#8552,#8553);
#7224=AXIS2_PLACEMENT_3D('',#11118,#8554,#8555);
#7225=AXIS2_PLACEMENT_3D('',#11138,#8560,#8561);
#7226=AXIS2_PLACEMENT_3D('',#11140,#8562,#8563);
#7227=AXIS2_PLACEMENT_3D('',#11142,#8564,#8565);
#7228=AXIS2_PLACEMENT_3D('',#11144,#8566,#8567);
#7229=AXIS2_PLACEMENT_3D('',#11146,#8569,#8570);
#7230=AXIS2_PLACEMENT_3D('',#11185,#8577,#8578);
#7231=AXIS2_PLACEMENT_3D('',#11187,#8580,#8581);
#7232=AXIS2_PLACEMENT_3D('',#11188,#8582,#8583);
#7233=AXIS2_PLACEMENT_3D('',#11194,#8587,#8588);
#7234=AXIS2_PLACEMENT_3D('',#11198,#8591,#8592);
#7235=AXIS2_PLACEMENT_3D('',#11211,#8595,#8596);
#7236=AXIS2_PLACEMENT_3D('',#11222,#8598,#8599);
#7237=AXIS2_PLACEMENT_3D('',#11233,#8601,#8602);
#7238=AXIS2_PLACEMENT_3D('',#11243,#8604,#8605);
#7239=AXIS2_PLACEMENT_3D('',#11244,#8606,#8607);
#7240=AXIS2_PLACEMENT_3D('',#11245,#8608,#8609);
#7241=AXIS2_PLACEMENT_3D('',#11280,#8622,#8623);
#7242=AXIS2_PLACEMENT_3D('',#11283,#8626,#8627);
#7243=AXIS2_PLACEMENT_3D('',#11285,#8629,#8630);
#7244=AXIS2_PLACEMENT_3D('',#11287,#8632,#8633);
#7245=AXIS2_PLACEMENT_3D('',#11289,#8635,#8636);
#7246=AXIS2_PLACEMENT_3D('',#11291,#8638,#8639);
#7247=AXIS2_PLACEMENT_3D('',#11293,#8641,#8642);
#7248=AXIS2_PLACEMENT_3D('',#11295,#8644,#8645);
#7249=AXIS2_PLACEMENT_3D('',#11296,#8646,#8647);
#7250=AXIS2_PLACEMENT_3D('',#11302,#8651,#8652);
#7251=AXIS2_PLACEMENT_3D('',#11320,#8656,#8657);
#7252=AXIS2_PLACEMENT_3D('',#11338,#8661,#8662);
#7253=AXIS2_PLACEMENT_3D('',#11340,#8664,#8665);
#7254=AXIS2_PLACEMENT_3D('',#11341,#8666,#8667);
#7255=AXIS2_PLACEMENT_3D('',#11349,#8668,#8669);
#7256=AXIS2_PLACEMENT_3D('',#11356,#8670,#8671);
#7257=AXIS2_PLACEMENT_3D('',#11368,#8672,#8673);
#7258=AXIS2_PLACEMENT_3D('',#11370,#8674,#8675);
#7259=AXIS2_PLACEMENT_3D('',#11372,#8676,#8677);
#7260=AXIS2_PLACEMENT_3D('',#11374,#8678,#8679);
#7261=AXIS2_PLACEMENT_3D('',#11460,#8687,#8688);
#7262=AXIS2_PLACEMENT_3D('',#11461,#8689,#8690);
#7263=AXIS2_PLACEMENT_3D('',#11586,#8704,#8705);
#7264=AXIS2_PLACEMENT_3D('',#11588,#8707,#8708);
#7265=AXIS2_PLACEMENT_3D('',#11590,#8710,#8711);
#7266=AXIS2_PLACEMENT_3D('',#11592,#8713,#8714);
#7267=AXIS2_PLACEMENT_3D('',#11657,#8723,#8724);
#7268=AXIS2_PLACEMENT_3D('',#11677,#8728,#8729);
#7269=AXIS2_PLACEMENT_3D('',#11706,#8734,#8735);
#7270=AXIS2_PLACEMENT_3D('',#11768,#8740,#8741);
#7271=AXIS2_PLACEMENT_3D('',#11769,#8742,#8743);
#7272=DIRECTION('axis',(0.,0.,1.));
#7273=DIRECTION('refdir',(1.,0.,0.));
#7274=DIRECTION('axis',(0.,0.,1.));
#7275=DIRECTION('refdir',(1.,0.,0.));
#7276=DIRECTION('center_axis',(-1.,1.224646799147E-16,0.));
#7277=DIRECTION('ref_axis',(4.27583144589556E-31,3.491481338843E-15,1.));
#7278=DIRECTION('',(-1.224646799147E-16,-1.,3.491481338843E-15));
#7279=DIRECTION('',(-4.275831445897E-31,-3.491481338843E-15,-1.));
#7280=DIRECTION('',(1.10371589691913E-16,0.901252424525103,-0.43329443486805));
#7281=DIRECTION('',(-4.275831445897E-31,-3.491481338843E-15,-1.));
#7282=DIRECTION('',(-1.224646799147E-16,-1.,3.491481338843E-15));
#7283=DIRECTION('',(4.275831445897E-31,3.491481338843E-15,1.));
#7284=DIRECTION('',(-1.224646799147E-16,-1.,3.491481338843E-15));
#7285=DIRECTION('',(4.275831445897E-31,3.491481338843E-15,1.));
#7286=DIRECTION('',(-1.224646799147E-16,-1.,3.491481338843E-15));
#7287=DIRECTION('',(4.275831445897E-31,3.491481338843E-15,1.));
#7288=DIRECTION('center_axis',(1.,-1.224646799147E-16,0.));
#7289=DIRECTION('ref_axis',(1.224646799147E-16,1.,2.8456749934E-14));
#7290=DIRECTION('',(-4.275831445897E-31,-3.491481338843E-15,-1.));
#7291=DIRECTION('',(-1.224646799147E-16,-1.,3.491481338843E-15));
#7292=DIRECTION('center_axis',(-1.,1.224646799147E-16,0.));
#7293=DIRECTION('ref_axis',(-2.92735528854718E-30,-2.390366994456E-14,-1.));
#7294=DIRECTION('',(4.275831445897E-31,3.491481338843E-15,1.));
#7295=DIRECTION('',(9.77499788069805E-17,0.798189150333086,0.602406905912064));
#7296=DIRECTION('',(1.224646799147E-16,1.,-3.491481338843E-15));
#7297=DIRECTION('center_axis',(1.,-1.224646799147E-16,0.));
#7298=DIRECTION('ref_axis',(-4.54558274619212E-31,-3.711749991392E-15,-1.));
#7299=DIRECTION('',(4.275831445897E-31,3.491481338843E-15,1.));
#7300=DIRECTION('',(1.224646799147E-16,1.,-3.491481338843E-15));
#7301=DIRECTION('',(4.275831445897E-31,3.491481338843E-15,1.));
#7302=DIRECTION('',(1.224646799147E-16,1.,-3.212564246022E-15));
#7303=DIRECTION('',(0.,0.,1.));
#7304=DIRECTION('',(-1.224646799147E-16,-1.,3.032704250677E-15));
#7305=DIRECTION('',(-3.133727842375E-31,-2.55888297308E-15,-1.));
#7306=DIRECTION('',(1.224646799147E-16,1.,0.));
#7307=DIRECTION('',(5.305457293437E-31,4.332234646864E-15,1.));
#7308=DIRECTION('',(0.,0.,1.));
#7309=DIRECTION('center_axis',(-1.,0.,0.));
#7310=DIRECTION('ref_axis',(0.,0.821258604492519,-0.570556136192575));
#7311=DIRECTION('center_axis',(-1.,0.,0.));
#7312=DIRECTION('ref_axis',(0.,0.784633150022315,-0.61996033734914));
#7313=DIRECTION('',(0.,0.,1.));
#7314=DIRECTION('center_axis',(1.,0.,0.));
#7315=DIRECTION('ref_axis',(0.,-0.496746828858508,0.867895493719731));
#7316=DIRECTION('center_axis',(1.,0.,0.));
#7317=DIRECTION('ref_axis',(0.,0.503601089776265,0.86393630689777));
#7318=DIRECTION('',(1.224646799147E-16,1.,-3.130190803856E-15));
#7319=DIRECTION('',(0.,0.,1.));
#7320=DIRECTION('',(-1.224646799147E-16,-1.,3.568328252399E-15));
#7321=DIRECTION('',(-3.133727842375E-31,-2.55888297308E-15,-1.));
#7322=DIRECTION('',(1.224646799147E-16,1.,-3.725936795543E-15));
#7323=DIRECTION('',(0.,0.,1.));
#7324=DIRECTION('',(-1.224646799147E-16,-1.,3.314685493603E-15));
#7325=DIRECTION('',(4.895824009276E-31,3.99774368633E-15,1.));
#7326=DIRECTION('',(1.224646799147E-16,1.,-2.683260415671E-15));
#7327=DIRECTION('',(0.,0.,1.));
#7328=DIRECTION('',(-1.224646799147E-16,-1.,2.683260415671E-15));
#7329=DIRECTION('',(4.657729224702E-31,3.803324540549E-15,1.));
#7330=DIRECTION('',(1.224646799147E-16,1.,-4.63442138459E-15));
#7331=DIRECTION('',(4.35895545551678E-17,0.3559357243699,0.934510438741738));
#7332=DIRECTION('',(-1.224646799147E-16,-1.,4.484923920522E-15));
#7333=DIRECTION('',(-4.27886055568616E-17,-0.349395479469176,-0.936975345954473));
#7334=DIRECTION('',(-1.224646799147E-16,-1.,3.840680705423E-15));
#7335=DIRECTION('',(-4.06005216359443E-17,-0.331528418350199,0.943445233082565));
#7336=DIRECTION('',(-1.224646799147E-16,-1.,2.242461960368E-15));
#7337=DIRECTION('',(4.35895545544894E-17,0.355935724363995,-0.934510438743987));
#7338=DIRECTION('',(1.224646799147E-16,1.,-3.32582772907E-15));
#7339=DIRECTION('',(0.,0.,1.));
#7340=DIRECTION('',(-1.224646799147E-16,-1.,3.568328252376E-15));
#7341=DIRECTION('',(-3.133727842375E-31,-2.55888297308E-15,-1.));
#7342=DIRECTION('',(1.224646799147E-16,1.,-3.104947329619E-15));
#7343=DIRECTION('',(0.,0.,1.));
#7344=DIRECTION('',(-1.224646799147E-16,-1.,3.314685493604E-15));
#7345=DIRECTION('',(4.895824009276E-31,3.99774368633E-15,1.));
#7346=DIRECTION('',(1.224646799147E-16,1.,-3.13047048492E-15));
#7347=DIRECTION('',(1.368207959761E-30,1.117226583791E-14,1.));
#7348=DIRECTION('',(-1.224646799147E-16,-1.,3.577680554195E-15));
#7349=DIRECTION('',(9.315458449405E-31,7.606649081099E-15,1.));
#7350=DIRECTION('center_axis',(-1.,0.,0.));
#7351=DIRECTION('ref_axis',(0.,-0.530486932747088,-0.847693113210545));
#7352=DIRECTION('',(-1.224646799147E-16,-1.,3.488737287641E-15));
#7353=DIRECTION('',(-6.26745568475E-31,-5.11776594616E-15,-1.));
#7354=DIRECTION('',(1.224646799147E-16,1.,-3.363692940471E-15));
#7355=DIRECTION('center_axis',(-1.,0.,0.));
#7356=DIRECTION('ref_axis',(0.,0.853949603000887,0.520355720190166));
#7357=DIRECTION('center_axis',(-1.,0.,0.));
#7358=DIRECTION('ref_axis',(0.,0.920725708780539,0.390210416558265));
#7359=DIRECTION('center_axis',(-1.,0.,0.));
#7360=DIRECTION('ref_axis',(0.,-0.290503965642694,-0.956873787887341));
#7361=DIRECTION('center_axis',(-1.,0.,0.));
#7362=DIRECTION('ref_axis',(0.,-0.303329698852662,-0.952885666695618));
#7363=DIRECTION('',(-1.224646799147E-16,-1.,3.74901296402E-15));
#7364=DIRECTION('',(1.224646799147E-16,1.,-3.499069868135E-15));
#7365=DIRECTION('',(0.,-1.,0.));
#7366=DIRECTION('',(1.08546427325771E-16,0.886348842795766,-0.463018065386878));
#7367=DIRECTION('',(6.18303409472991E-17,0.504883048650075,0.863187758941128));
#7368=DIRECTION('',(-1.08270405096266E-16,-0.884094950247724,0.467307306754854));
#7369=DIRECTION('',(0.,0.,1.));
#7370=DIRECTION('center_axis',(-1.,0.,0.));
#7371=DIRECTION('ref_axis',(0.,0.518460629055208,-0.855101500477971));
#7372=DIRECTION('center_axis',(-1.,0.,0.));
#7373=DIRECTION('ref_axis',(0.,-0.480678537993086,-0.876896882827639));
#7374=DIRECTION('center_axis',(-1.,0.,0.));
#7375=DIRECTION('ref_axis',(0.,-0.0544811982059354,-0.998514796606463));
#7376=DIRECTION('center_axis',(-1.,0.,0.));
#7377=DIRECTION('ref_axis',(0.,-0.262599535999802,-0.964904909145294));
#7378=DIRECTION('center_axis',(-1.,0.,0.));
#7379=DIRECTION('ref_axis',(0.,-0.205096093278376,-0.978741841611948));
#7380=DIRECTION('',(1.224646799147E-16,1.,-2.317210692181E-15));
#7381=DIRECTION('',(4.35895545544894E-17,0.355935724363995,0.934510438743987));
#7382=DIRECTION('',(-1.224646799147E-16,-1.,3.363692940552E-15));
#7383=DIRECTION('',(-4.27886055602939E-17,-0.349395479497032,-0.936975345944086));
#7384=DIRECTION('',(-1.224646799147E-16,-1.,3.45661263488E-15));
#7385=DIRECTION('',(-4.06005216368032E-17,-0.331528418357945,0.943445233079843));
#7386=DIRECTION('',(-1.224646799147E-16,-1.,3.363692940391E-15));
#7387=DIRECTION('',(4.35895545551678E-17,0.3559357243699,-0.934510438741738));
#7388=DIRECTION('',(1.224646799147E-16,1.,-3.325827729097E-15));
#7389=DIRECTION('',(0.,0.,1.));
#7390=DIRECTION('',(-1.224646799147E-16,-1.,3.568328252376E-15));
#7391=DIRECTION('',(-4.700591763563E-31,-3.83832445962E-15,-1.));
#7392=DIRECTION('',(1.224646799147E-16,1.,-3.725936795543E-15));
#7393=DIRECTION('',(0.,0.,1.));
#7394=DIRECTION('',(-1.224646799147E-16,-1.,3.314685493633E-15));
#7395=DIRECTION('',(4.895824009276E-31,3.99774368633E-15,1.));
#7396=DIRECTION('',(1.224646799147E-16,1.,-3.577680554263E-15));
#7397=DIRECTION('',(0.,0.,1.));
#7398=DIRECTION('',(-1.224646799147E-16,-1.,3.577680554263E-15));
#7399=DIRECTION('',(0.,0.,1.));
#7400=DIRECTION('',(4.17503887911524E-17,0.340917796218938,-0.940093110399828));
#7401=DIRECTION('',(1.224646799147E-16,1.,-3.694765080357E-15));
#7402=DIRECTION('',(-4.49197603461964E-17,-0.366797678951053,0.930300737781133));
#7403=DIRECTION('center_axis',(-1.,0.,0.));
#7404=DIRECTION('ref_axis',(0.,0.919490988734988,-0.393111080529605));
#7405=DIRECTION('',(-1.405865059528E-30,-1.147975939272E-14,-1.));
#7406=DIRECTION('',(4.77316211753807E-17,0.389758265065169,-0.920917203017399));
#7407=DIRECTION('',(-4.48047957361855E-17,-0.365858921668963,-0.930670322635907));
#7408=DIRECTION('',(1.224646799147E-16,1.,-3.425074198439E-15));
#7409=DIRECTION('',(4.02108079750103E-17,0.328346164813084,0.944557460429242));
#7410=DIRECTION('',(3.09127668425845E-17,0.252421897188036,0.967617272386139));
#7411=DIRECTION('',(1.224646799147E-16,1.,0.));
#7412=DIRECTION('',(0.,0.,-1.));
#7413=DIRECTION('center_axis',(1.,0.,0.));
#7414=DIRECTION('ref_axis',(0.,0.837266990018219,0.546794282546765));
#7415=DIRECTION('center_axis',(1.,0.,0.));
#7416=DIRECTION('ref_axis',(0.,0.985528420534578,0.16951027201506));
#7417=DIRECTION('center_axis',(-1.,0.,0.));
#7418=DIRECTION('ref_axis',(0.,0.999524280599646,0.0308417329564942));
#7419=DIRECTION('center_axis',(-1.,0.,0.));
#7420=DIRECTION('ref_axis',(0.,0.869140855119134,-0.49456463072361));
#7421=DIRECTION('',(0.,0.,1.));
#7422=DIRECTION('center_axis',(1.,0.,0.));
#7423=DIRECTION('ref_axis',(0.,0.914599592018958,0.404360713075287));
#7424=DIRECTION('center_axis',(1.,0.,0.));
#7425=DIRECTION('ref_axis',(0.,0.983196813125384,0.18254869668143));
#7426=DIRECTION('center_axis',(-1.,0.,0.));
#7427=DIRECTION('ref_axis',(0.,0.999979312118231,-0.00643236624803058));
#7428=DIRECTION('center_axis',(-1.,0.,0.));
#7429=DIRECTION('ref_axis',(0.,0.87822558377766,-0.478246614204836));
#7430=DIRECTION('center_axis',(-1.,0.,0.));
#7431=DIRECTION('ref_axis',(0.,0.88463387512324,0.466286292940764));
#7432=DIRECTION('center_axis',(-1.,0.,0.));
#7433=DIRECTION('ref_axis',(0.,-0.654273525187278,-0.756257994495934));
#7434=DIRECTION('center_axis',(-1.,0.,0.));
#7435=DIRECTION('ref_axis',(0.,0.532482749631663,-0.846440855195863));
#7436=DIRECTION('',(0.,0.,-1.));
#7437=DIRECTION('',(3.409105483734E-31,2.783745881758E-15,1.));
#7438=DIRECTION('',(-1.224646799147E-16,-1.,2.553660762919E-15));
#7439=DIRECTION('',(0.,0.,-1.));
#7440=DIRECTION('',(-1.224646799147E-16,-1.,0.));
#7441=DIRECTION('center_axis',(-1.,0.,0.));
#7442=DIRECTION('ref_axis',(0.,-0.485909131861285,-0.874009333802455));
#7443=DIRECTION('center_axis',(-1.,0.,0.));
#7444=DIRECTION('ref_axis',(0.,0.598948206862706,-0.800787765575842));
#7445=DIRECTION('',(1.21280275497821E-16,0.99032860398817,-0.138741688482024));
#7446=DIRECTION('center_axis',(1.,0.,0.));
#7447=DIRECTION('ref_axis',(0.,-0.637270892483101,0.770639870233686));
#7448=DIRECTION('center_axis',(-1.,0.,0.));
#7449=DIRECTION('ref_axis',(0.,-0.530486932656212,-0.847693113267416));
#7450=DIRECTION('',(-1.224646799147E-16,-1.,3.488737287641E-15));
#7451=DIRECTION('',(-4.700591763563E-31,-3.83832445962E-15,-1.));
#7452=DIRECTION('',(1.224646799147E-16,1.,-4.484923920521E-15));
#7453=DIRECTION('center_axis',(-1.,0.,0.));
#7454=DIRECTION('ref_axis',(0.,0.853949602921991,0.520355720319643));
#7455=DIRECTION('center_axis',(-1.224646799147E-16,-1.,3.491481338843E-15));
#7456=DIRECTION('ref_axis',(-4.275831445897E-31,-3.491481338843E-15,-1.));
#7457=DIRECTION('',(4.275831445897E-31,3.491481338843E-15,1.));
#7458=DIRECTION('',(-1.,1.224646799147E-16,0.));
#7459=DIRECTION('',(4.275831445897E-31,3.491481338843E-15,1.));
#7460=DIRECTION('',(1.,-1.224646799147E-16,0.));
#7461=DIRECTION('center_axis',(-1.224646799147E-16,-1.,3.491481338843E-15));
#7462=DIRECTION('ref_axis',(-4.275831445897E-31,-3.491481338843E-15,-1.));
#7463=DIRECTION('',(-1.,1.224646799147E-16,0.));
#7464=DIRECTION('',(4.275831445897E-31,3.491481338843E-15,1.));
#7465=DIRECTION('',(-1.,1.224646799147E-16,0.));
#7466=DIRECTION('',(4.275831445897E-31,3.491481338843E-15,1.));
#7467=DIRECTION('center_axis',(4.275831445897E-31,3.491481338843E-15,1.));
#7468=DIRECTION('ref_axis',(-1.,1.224646799147E-16,1.43808254901334E-43));
#7469=DIRECTION('',(-1.,1.224646799147E-16,0.));
#7470=DIRECTION('',(1.224646799147E-16,1.,-3.491481338843E-15));
#7471=DIRECTION('',(1.224646799147E-16,1.,-3.491481338843E-15));
#7472=DIRECTION('center_axis',(-1.224646799147E-16,-1.,3.491481338843E-15));
#7473=DIRECTION('ref_axis',(-4.275831445897E-31,-3.491481338843E-15,-1.));
#7474=DIRECTION('',(-1.,1.224646799147E-16,0.));
#7475=DIRECTION('',(4.275831445897E-31,3.491481338843E-15,1.));
#7476=DIRECTION('',(4.275831445897E-31,3.491481338843E-15,1.));
#7477=DIRECTION('center_axis',(-4.275831445897E-31,-3.491481338843E-15,
-1.));
#7478=DIRECTION('ref_axis',(-1.224646799147E-16,-1.,3.491481338843E-15));
#7479=DIRECTION('',(-1.,1.224646799147E-16,0.));
#7480=DIRECTION('',(-1.224646799147E-16,-1.,3.491481338843E-15));
#7481=DIRECTION('',(-1.224646799147E-16,-1.,3.491481338843E-15));
#7482=DIRECTION('',(-1.224646799147E-16,-1.,3.491481338843E-15));
#7483=DIRECTION('',(1.,-1.224646799147E-16,0.));
#7484=DIRECTION('',(-1.224646799147E-16,-1.,3.491481338843E-15));
#7485=DIRECTION('',(1.,-1.224646799147E-16,0.));
#7486=DIRECTION('',(-1.224646799147E-16,-1.,3.491481338843E-15));
#7487=DIRECTION('',(1.,-1.224646799147E-16,0.));
#7488=DIRECTION('',(-1.224646799147E-16,-1.,3.491481338843E-15));
#7489=DIRECTION('',(1.,-1.224646799147E-16,0.));
#7490=DIRECTION('center_axis',(-4.275831445897E-31,-3.491481338843E-15,
-1.));
#7491=DIRECTION('ref_axis',(-1.224646799147E-16,-1.,3.491481338843E-15));
#7492=DIRECTION('',(1.,-1.224646799147E-16,0.));
#7493=DIRECTION('',(1.224646799147E-16,1.,-3.491481338843E-15));
#7494=DIRECTION('',(-1.,1.224646799147E-16,0.));
#7495=DIRECTION('',(-1.224646799147E-16,-1.,3.491481338843E-15));
#7496=DIRECTION('',(-1.224646799147E-16,-1.,3.491481338843E-15));
#7497=DIRECTION('',(-1.,1.224646799147E-16,0.));
#7498=DIRECTION('',(1.224646799147E-16,1.,-3.491481338843E-15));
#7499=DIRECTION('center_axis',(4.275831445897E-31,3.491481338843E-15,1.));
#7500=DIRECTION('ref_axis',(-1.,1.224646799147E-16,1.43808254901334E-43));
#7501=DIRECTION('',(-1.,1.224646799147E-16,0.));
#7502=DIRECTION('',(1.224646799147E-16,1.,-3.491481338843E-15));
#7503=DIRECTION('',(1.,-1.224646799147E-16,0.));
#7504=DIRECTION('',(-1.224646799147E-16,-1.,3.491481338843E-15));
#7505=DIRECTION('center_axis',(1.,-1.224646799147E-16,0.));
#7506=DIRECTION('ref_axis',(1.224646799147E-16,1.,-3.491481338843E-15));
#7507=DIRECTION('',(-4.286906488605E-31,-3.500524797509E-15,-1.));
#7508=DIRECTION('',(-1.224646799147E-16,-1.,3.491481338843E-15));
#7509=DIRECTION('',(-4.275831445897E-31,-3.491481338843E-15,-1.));
#7510=DIRECTION('center_axis',(1.,-1.224646799147E-16,0.));
#7511=DIRECTION('ref_axis',(1.224646799147E-16,1.,-3.491481338843E-15));
#7512=DIRECTION('',(-1.224646799147E-16,-1.,3.491481338843E-15));
#7513=DIRECTION('',(-4.275831445897E-31,-3.491481338843E-15,-1.));
#7514=DIRECTION('',(-1.224646799147E-16,-1.,3.491481338843E-15));
#7515=DIRECTION('',(-4.275831445897E-31,-3.491481338843E-15,-1.));
#7516=DIRECTION('center_axis',(-1.224646799147E-16,-1.,3.491481338843E-15));
#7517=DIRECTION('ref_axis',(-4.275831445897E-31,-3.491481338843E-15,-1.));
#7518=DIRECTION('',(-1.,1.224646799147E-16,0.));
#7519=DIRECTION('',(-4.275831445897E-31,-3.491481338843E-15,-1.));
#7520=DIRECTION('',(1.,-1.224646799147E-16,0.));
#7521=DIRECTION('',(-4.275831445897E-31,-3.491481338843E-15,-1.));
#7522=DIRECTION('center_axis',(-1.,1.224646799147E-16,0.));
#7523=DIRECTION('ref_axis',(4.27583144589556E-31,3.491481338843E-15,1.));
#7524=DIRECTION('',(-4.286906488605E-31,-3.500524797509E-15,-1.));
#7525=DIRECTION('',(4.275831445897E-31,3.491481338843E-15,1.));
#7526=DIRECTION('',(-1.224646799147E-16,-1.,3.491481338843E-15));
#7527=DIRECTION('center_axis',(1.224646799147E-16,1.,-3.491481338843E-15));
#7528=DIRECTION('ref_axis',(-1.,1.224646799147E-16,0.));
#7529=DIRECTION('',(-1.,1.224646799147E-16,0.));
#7530=DIRECTION('',(4.275831445897E-31,3.491481338843E-15,1.));
#7531=DIRECTION('',(-1.,1.224646799147E-16,0.));
#7532=DIRECTION('center_axis',(5.30632642749361E-17,0.43329443486805,0.901252424525104));
#7533=DIRECTION('ref_axis',(-1.,1.224646799147E-16,-4.00593428432545E-31));
#7534=DIRECTION('',(-1.10371589691913E-16,-0.901252424525103,0.43329443486805));
#7535=DIRECTION('',(-1.,1.224646799147E-16,0.));
#7536=DIRECTION('center_axis',(1.224646799147E-16,1.,-3.491481338843E-15));
#7537=DIRECTION('ref_axis',(-1.,1.224646799147E-16,0.));
#7538=DIRECTION('',(4.275831445897E-31,3.491481338843E-15,1.));
#7539=DIRECTION('',(-1.,1.224646799147E-16,0.));
#7540=DIRECTION('center_axis',(-4.275831445897E-31,-3.491481338843E-15,
-1.));
#7541=DIRECTION('ref_axis',(-1.224646799147E-16,-1.,3.491481338843E-15));
#7542=DIRECTION('',(1.224646799147E-16,1.,-3.491481338843E-15));
#7543=DIRECTION('',(-1.,1.224646799147E-16,0.));
#7544=DIRECTION('center_axis',(-1.224646799147E-16,-1.,3.491481338843E-15));
#7545=DIRECTION('ref_axis',(-4.275831445897E-31,-3.491481338843E-15,-1.));
#7546=DIRECTION('',(-4.275831445897E-31,-3.491481338843E-15,-1.));
#7547=DIRECTION('',(-1.,1.224646799147E-16,0.));
#7548=DIRECTION('center_axis',(-4.275831445897E-31,-3.491481338843E-15,
-1.));
#7549=DIRECTION('ref_axis',(-1.224646799147E-16,-1.,3.491481338843E-15));
#7550=DIRECTION('',(1.224646799147E-16,1.,-3.491481338843E-15));
#7551=DIRECTION('',(-1.,1.224646799147E-16,0.));
#7552=DIRECTION('center_axis',(0.934051834850938,1.13255043989293E-15,0.357137466266976));
#7553=DIRECTION('ref_axis',(1.22464679915761E-16,1.,-3.49148133884259E-15));
#7554=DIRECTION('',(-1.224646799147E-16,-1.,3.491481338843E-15));
#7555=DIRECTION('center_axis',(0.934051834848727,-2.99353231969393E-11,
0.357137466272759));
#7556=DIRECTION('ref_axis',(0.357137466272759,1.20032000333378E-9,-0.934051834848727));
#7557=DIRECTION('',(0.357137466266976,-3.30496127638678E-15,-0.934051834850938));
#7558=DIRECTION('',(-1.224646799147E-16,-1.,3.491481338843E-15));
#7559=DIRECTION('',(0.357137466266976,-3.30496127638678E-15,-0.934051834850938));
#7560=DIRECTION('center_axis',(0.934051834848728,2.99163270588804E-11,0.357137466272756));
#7561=DIRECTION('ref_axis',(0.357137466272756,-1.19950555316237E-9,-0.934051834848728));
#7562=DIRECTION('center_axis',(1.,-1.224646799147E-16,0.));
#7563=DIRECTION('ref_axis',(1.224646799147E-16,1.,-3.491481338843E-15));
#7564=DIRECTION('center_axis',(1.,-1.224646799147E-16,0.));
#7565=DIRECTION('ref_axis',(0.,0.,1.));
#7566=DIRECTION('center_axis',(1.,-1.224646799147E-16,0.));
#7567=DIRECTION('ref_axis',(0.,0.,1.));
#7568=DIRECTION('center_axis',(-1.,1.224646799147E-16,0.));
#7569=DIRECTION('ref_axis',(4.27583144589556E-31,3.491481338843E-15,1.));
#7570=DIRECTION('',(-1.224646799147E-16,-1.,3.491481338843E-15));
#7571=DIRECTION('center_axis',(-1.,1.224646799147E-16,0.));
#7572=DIRECTION('ref_axis',(0.,0.,-1.));
#7573=DIRECTION('center_axis',(-1.,1.224646799147E-16,0.));
#7574=DIRECTION('ref_axis',(0.,0.,-1.));
#7575=DIRECTION('center_axis',(-0.934051834850938,-1.13255043989293E-15,
-0.357137466266976));
#7576=DIRECTION('ref_axis',(-1.22464679915761E-16,-1.,3.49148133884259E-15));
#7577=DIRECTION('',(-0.357137466266976,3.30496127638678E-15,0.934051834850938));
#7578=DIRECTION('center_axis',(-0.93405183485336,-3.83916267458104E-11,
-0.357137466260642));
#7579=DIRECTION('ref_axis',(0.357137466260642,1.03119173901309E-9,-0.93405183485336));
#7580=DIRECTION('center_axis',(-0.934051834853359,3.83730623381623E-11,
-0.357137466260646));
#7581=DIRECTION('ref_axis',(0.357137466260646,-1.01933780186258E-9,-0.934051834853359));
#7582=DIRECTION('',(-0.357137466266976,3.30496127638678E-15,0.934051834850938));
#7583=DIRECTION('',(-1.224646799147E-16,-1.,3.491481338843E-15));
#7584=DIRECTION('center_axis',(-0.870022185848655,1.82789118339428E-15,
0.493012571980805));
#7585=DIRECTION('ref_axis',(-1.22464679914406E-16,-1.,3.49148133884283E-15));
#7586=DIRECTION('',(0.493012571980805,2.97728959944682E-15,0.870022185848655));
#7587=DIRECTION('',(0.493012571980805,2.97728959944682E-15,0.870022185848655));
#7588=DIRECTION('center_axis',(1.224646799147E-16,1.,-3.491481338843E-15));
#7589=DIRECTION('ref_axis',(-1.,1.224646799147E-16,0.));
#7590=DIRECTION('',(-1.,1.224646799147E-16,0.));
#7591=DIRECTION('',(-4.275831445897E-31,-3.491481338843E-15,-1.));
#7592=DIRECTION('',(-0.493012571980805,-2.97728959944682E-15,-0.870022185848655));
#7593=DIRECTION('center_axis',(0.870022185848655,-1.82789118339428E-15,
-0.493012571980805));
#7594=DIRECTION('ref_axis',(0.493012571980805,2.97728959944682E-15,0.870022185848655));
#7595=DIRECTION('',(-1.224646799147E-16,-1.,3.491481338843E-15));
#7596=DIRECTION('',(-0.493012571980805,-2.97728959944682E-15,-0.870022185848655));
#7597=DIRECTION('center_axis',(-1.224646799147E-16,-1.,3.491481338843E-15));
#7598=DIRECTION('ref_axis',(-4.275831445897E-31,-3.491481338843E-15,-1.));
#7599=DIRECTION('',(1.,-1.224646799147E-16,0.));
#7600=DIRECTION('',(-4.275831445897E-31,-3.491481338843E-15,-1.));
#7601=DIRECTION('',(-1.,1.224646799147E-16,0.));
#7602=DIRECTION('center_axis',(-1.,1.224646799147E-16,0.));
#7603=DIRECTION('ref_axis',(6.96989354416117E-31,5.691349986801E-15,1.));
#7604=DIRECTION('center_axis',(-1.,1.224646799147E-16,0.));
#7605=DIRECTION('ref_axis',(-1.224646799147E-16,-1.,3.55709374175E-15));
#7606=DIRECTION('',(-1.,1.224646799147E-16,0.));
#7607=DIRECTION('center_axis',(1.224646799147E-16,1.,-3.491481338843E-15));
#7608=DIRECTION('ref_axis',(-1.,1.224646799147E-16,0.));
#7609=DIRECTION('',(4.275831445897E-31,3.491481338843E-15,1.));
#7610=DIRECTION('',(-1.,1.224646799147E-16,0.));
#7611=DIRECTION('center_axis',(-4.275831445897E-31,-3.491481338843E-15,
-1.));
#7612=DIRECTION('ref_axis',(-1.224646799147E-16,-1.,3.491481338843E-15));
#7613=DIRECTION('',(1.224646799147E-16,1.,-3.491481338843E-15));
#7614=DIRECTION('',(-1.,1.224646799147E-16,0.));
#7615=DIRECTION('center_axis',(-1.,1.224646799147E-16,0.));
#7616=DIRECTION('ref_axis',(4.18193612649596E-31,3.41480999208E-15,1.));
#7617=DIRECTION('center_axis',(1.,-1.224646799147E-16,0.));
#7618=DIRECTION('ref_axis',(-1.224646799147E-16,-1.,3.41480999208E-15));
#7619=DIRECTION('',(-1.,1.224646799147E-16,0.));
#7620=DIRECTION('center_axis',(-1.224646799147E-16,-1.,3.491481338843E-15));
#7621=DIRECTION('ref_axis',(-4.275831445897E-31,-3.491481338843E-15,-1.));
#7622=DIRECTION('',(-4.275831445897E-31,-3.491481338843E-15,-1.));
#7623=DIRECTION('',(-1.,1.224646799147E-16,0.));
#7624=DIRECTION('center_axis',(-7.37735689109379E-17,-0.602406905912065,
0.798189150333086));
#7625=DIRECTION('ref_axis',(1.,-1.22464679914707E-16,9.67587204060147E-30));
#7626=DIRECTION('',(-9.77499788069805E-17,-0.798189150333086,-0.602406905912064));
#7627=DIRECTION('',(-1.,1.224646799147E-16,0.));
#7628=DIRECTION('center_axis',(4.275831445897E-31,3.491481338843E-15,1.));
#7629=DIRECTION('ref_axis',(-1.,1.224646799147E-16,1.43808254901334E-43));
#7630=DIRECTION('',(-1.224646799147E-16,-1.,3.491481338843E-15));
#7631=DIRECTION('',(-1.,1.224646799147E-16,0.));
#7632=DIRECTION('center_axis',(-4.275831445897E-31,-3.491481338843E-15,
-1.));
#7633=DIRECTION('ref_axis',(-1.224646799147E-16,-1.,3.491481338843E-15));
#7634=DIRECTION('',(-1.224646799147E-16,-1.,3.491481338843E-15));
#7635=DIRECTION('',(1.,-1.224646799147E-16,0.));
#7636=DIRECTION('',(-1.224646799147E-16,-1.,3.491481338843E-15));
#7637=DIRECTION('center_axis',(-4.275831445897E-31,-3.491481338843E-15,
-1.));
#7638=DIRECTION('ref_axis',(-1.,1.224646799147E-16,1.43808254901334E-43));
#7639=DIRECTION('center_axis',(1.224646799147E-16,1.,-3.491481338843E-15));
#7640=DIRECTION('ref_axis',(-1.,1.224646799147E-16,0.));
#7641=DIRECTION('center_axis',(-1.224646799147E-16,-1.,3.491481338843E-15));
#7642=DIRECTION('ref_axis',(1.,-1.224646799147E-16,0.));
#7643=DIRECTION('',(-1.224646799147E-16,-1.,3.491481338843E-15));
#7644=DIRECTION('center_axis',(-1.224646799147E-16,-1.,3.491481338843E-15));
#7645=DIRECTION('ref_axis',(1.,-1.224646799147E-16,0.));
#7646=DIRECTION('center_axis',(1.,-1.224646799147E-16,0.));
#7647=DIRECTION('ref_axis',(1.224646799147E-16,1.,-3.491481338843E-15));
#7648=DIRECTION('',(4.275831445897E-31,3.491481338843E-15,1.));
#7649=DIRECTION('',(1.224646799147E-16,1.,-3.491481338843E-15));
#7650=DIRECTION('',(4.275831445897E-31,3.491481338843E-15,1.));
#7651=DIRECTION('center_axis',(-4.275831445897E-31,-3.491481338843E-15,
-1.));
#7652=DIRECTION('ref_axis',(-1.224646799147E-16,-1.,3.491481338843E-15));
#7653=DIRECTION('',(1.,-1.224646799147E-16,0.));
#7654=DIRECTION('',(-1.224646799147E-16,-1.,3.491481338843E-15));
#7655=DIRECTION('',(1.,-1.224646799147E-16,0.));
#7656=DIRECTION('',(1.224646799147E-16,1.,-3.491481338843E-15));
#7657=DIRECTION('center_axis',(-1.,1.224646799147E-16,0.));
#7658=DIRECTION('ref_axis',(4.27583144589556E-31,3.491481338843E-15,1.));
#7659=DIRECTION('',(-4.275831445897E-31,-3.491481338843E-15,-1.));
#7660=DIRECTION('',(-1.224646799147E-16,-1.,3.491481338843E-15));
#7661=DIRECTION('',(-4.275831445897E-31,-3.491481338843E-15,-1.));
#7662=DIRECTION('center_axis',(-4.275831445897E-31,-3.491481338843E-15,
-1.));
#7663=DIRECTION('ref_axis',(-1.224646799147E-16,-1.,3.491481338843E-15));
#7664=DIRECTION('',(1.,-1.224646799147E-16,0.));
#7665=DIRECTION('',(-1.224646799147E-16,-1.,3.491481338843E-15));
#7666=DIRECTION('',(1.,-1.224646799147E-16,0.));
#7667=DIRECTION('',(1.224646799147E-16,1.,-3.491481338843E-15));
#7668=DIRECTION('center_axis',(-1.,1.224646799147E-16,0.));
#7669=DIRECTION('ref_axis',(4.27583144589556E-31,3.491481338843E-15,1.));
#7670=DIRECTION('',(-4.275831445897E-31,-3.491481338843E-15,-1.));
#7671=DIRECTION('',(-1.224646799147E-16,-1.,3.491481338843E-15));
#7672=DIRECTION('',(-4.275831445897E-31,-3.491481338843E-15,-1.));
#7673=DIRECTION('center_axis',(-1.224646799147E-16,-1.,3.491481338843E-15));
#7674=DIRECTION('ref_axis',(-4.275831445897E-31,-3.491481338843E-15,-1.));
#7675=DIRECTION('',(-0.342020143325932,-3.23903386234535E-15,-0.939692620785813));
#7676=DIRECTION('',(-0.342020143325932,3.32280463709834E-15,0.939692620785813));
#7677=DIRECTION('center_axis',(-1.224646799147E-16,-1.,3.491481338843E-15));
#7678=DIRECTION('ref_axis',(-4.275831445897E-31,-3.491481338843E-15,-1.));
#7679=DIRECTION('',(4.275831445897E-31,3.491481338843E-15,1.));
#7680=DIRECTION('',(-0.342020143325932,-3.23903386234535E-15,-0.939692620785813));
#7681=DIRECTION('',(-0.342020143325932,3.32280463709834E-15,0.939692620785813));
#7682=DIRECTION('center_axis',(1.,-1.224646799147E-16,0.));
#7683=DIRECTION('ref_axis',(1.224646799147E-16,1.,-3.491481338843E-15));
#7684=DIRECTION('',(4.275831445897E-31,3.491481338843E-15,1.));
#7685=DIRECTION('',(1.224646799147E-16,1.,-3.491481338843E-15));
#7686=DIRECTION('center_axis',(-1.224646799147E-16,-1.,3.491481338843E-15));
#7687=DIRECTION('ref_axis',(-4.275831445897E-31,-3.491481338843E-15,-1.));
#7688=DIRECTION('',(0.342020143325932,3.23903386234535E-15,0.939692620785813));
#7689=DIRECTION('',(0.342020143325932,-3.32280463709834E-15,-0.939692620785813));
#7690=DIRECTION('center_axis',(-1.224646799147E-16,-1.,3.491481338843E-15));
#7691=DIRECTION('ref_axis',(-4.275831445897E-31,-3.491481338843E-15,-1.));
#7692=DIRECTION('',(0.342020143325932,3.23903386234535E-15,0.939692620785813));
#7693=DIRECTION('',(0.342020143325932,-3.32280463709834E-15,-0.939692620785813));
#7694=DIRECTION('center_axis',(-4.275831445897E-31,-3.491481338843E-15,
-1.));
#7695=DIRECTION('ref_axis',(-1.224646799147E-16,-1.,3.491481338843E-15));
#7696=DIRECTION('',(-1.,1.224646799147E-16,0.));
#7697=DIRECTION('',(-1.224646799147E-16,-1.,3.491481338843E-15));
#7698=DIRECTION('',(-1.,1.224646799147E-16,0.));
#7699=DIRECTION('center_axis',(1.224646799147E-16,1.,-3.491481338843E-15));
#7700=DIRECTION('ref_axis',(-1.,1.224646799147E-16,0.));
#7701=DIRECTION('center_axis',(-1.224646799147E-16,-1.,3.491481338843E-15));
#7702=DIRECTION('ref_axis',(-1.,1.224646799147E-16,0.));
#7703=DIRECTION('center_axis',(-1.224646799147E-16,-1.,3.491481338843E-15));
#7704=DIRECTION('ref_axis',(-1.,1.224646799147E-16,0.));
#7705=DIRECTION('',(-1.224646799147E-16,-1.,3.491481338843E-15));
#7706=DIRECTION('center_axis',(4.275831445897E-31,3.491481338843E-15,1.));
#7707=DIRECTION('ref_axis',(-1.,1.224646799147E-16,1.43808254901334E-43));
#7708=DIRECTION('',(-1.,1.224646799147E-16,0.));
#7709=DIRECTION('',(-1.224646799147E-16,-1.,3.491481338843E-15));
#7710=DIRECTION('',(-1.,1.224646799147E-16,0.));
#7711=DIRECTION('',(-1.224646799147E-16,-1.,3.491481338843E-15));
#7712=DIRECTION('center_axis',(-7.37735689109379E-17,-0.602406905912065,
0.798189150333086));
#7713=DIRECTION('ref_axis',(1.,-1.22464679914707E-16,9.67587204060147E-30));
#7714=DIRECTION('',(-9.77499788069805E-17,-0.798189150333086,-0.602406905912064));
#7715=DIRECTION('',(-1.,1.224646799147E-16,0.));
#7716=DIRECTION('',(-9.77499788069805E-17,-0.798189150333086,-0.602406905912064));
#7717=DIRECTION('center_axis',(-1.224646799147E-16,-1.,3.491481338843E-15));
#7718=DIRECTION('ref_axis',(-4.275831445897E-31,-3.491481338843E-15,-1.));
#7719=DIRECTION('',(-4.275831445897E-31,-3.491481338843E-15,-1.));
#7720=DIRECTION('',(-1.,1.224646799147E-16,0.));
#7721=DIRECTION('',(-4.275831445897E-31,-3.491481338843E-15,-1.));
#7722=DIRECTION('center_axis',(1.,-1.224646799147E-16,0.));
#7723=DIRECTION('ref_axis',(1.224646799147E-16,1.,-3.41480999208E-15));
#7724=DIRECTION('center_axis',(1.,-1.224646799147E-16,0.));
#7725=DIRECTION('ref_axis',(-1.224646799147E-16,-1.,3.41480999208E-15));
#7726=DIRECTION('',(-1.,1.224646799147E-16,0.));
#7727=DIRECTION('center_axis',(1.,-1.224646799147E-16,0.));
#7728=DIRECTION('ref_axis',(-1.224646799147E-16,-1.,3.41480999208E-15));
#7729=DIRECTION('center_axis',(-4.275831445897E-31,-3.491481338843E-15,
-1.));
#7730=DIRECTION('ref_axis',(-1.224646799147E-16,-1.,3.491481338843E-15));
#7731=DIRECTION('',(1.224646799147E-16,1.,-3.491481338843E-15));
#7732=DIRECTION('',(-1.,1.224646799147E-16,0.));
#7733=DIRECTION('',(1.224646799147E-16,1.,-3.491481338843E-15));
#7734=DIRECTION('center_axis',(1.224646799147E-16,1.,-3.491481338843E-15));
#7735=DIRECTION('ref_axis',(-1.,1.224646799147E-16,0.));
#7736=DIRECTION('',(4.275831445897E-31,3.491481338843E-15,1.));
#7737=DIRECTION('',(-1.,1.224646799147E-16,0.));
#7738=DIRECTION('',(4.275831445897E-31,3.491481338843E-15,1.));
#7739=DIRECTION('center_axis',(1.,-1.224646799147E-16,0.));
#7740=DIRECTION('ref_axis',(1.224646799147E-16,1.,-3.55709374175E-15));
#7741=DIRECTION('center_axis',(-1.,1.224646799147E-16,0.));
#7742=DIRECTION('ref_axis',(-1.224646799147E-16,-1.,3.55709374175E-15));
#7743=DIRECTION('center_axis',(-1.,1.224646799147E-16,0.));
#7744=DIRECTION('ref_axis',(-1.224646799147E-16,-1.,3.55709374175E-15));
#7745=DIRECTION('',(-1.,1.224646799147E-16,0.));
#7746=DIRECTION('center_axis',(-0.934051834850938,1.36132715784991E-15,
0.357137466266976));
#7747=DIRECTION('ref_axis',(-1.22464679913142E-16,-1.,3.49148133884241E-15));
#7748=DIRECTION('',(1.224646799147E-16,1.,-3.491481338843E-15));
#7749=DIRECTION('center_axis',(-0.934051834848729,2.991589532847E-11,0.357137466272756));
#7750=DIRECTION('ref_axis',(0.357137466272756,1.1889510854692E-9,0.934051834848728));
#7751=DIRECTION('',(0.357137466266976,3.21748782540279E-15,0.934051834850938));
#7752=DIRECTION('',(1.224646799147E-16,1.,-3.491481338843E-15));
#7753=DIRECTION('',(0.357137466266976,3.21748782540279E-15,0.934051834850938));
#7754=DIRECTION('center_axis',(-0.934051834848727,-2.99357549273497E-11,
0.357137466272759));
#7755=DIRECTION('ref_axis',(0.357137466272759,-1.19826211241931E-9,0.934051834848727));
#7756=DIRECTION('center_axis',(-1.,1.224646799147E-16,0.));
#7757=DIRECTION('ref_axis',(4.27583144589556E-31,3.491481338843E-15,1.));
#7758=DIRECTION('center_axis',(-1.,1.224646799147E-16,0.));
#7759=DIRECTION('ref_axis',(0.,0.,-1.));
#7760=DIRECTION('center_axis',(-1.,1.224646799147E-16,0.));
#7761=DIRECTION('ref_axis',(0.,0.,-1.));
#7762=DIRECTION('center_axis',(1.,-1.224646799147E-16,0.));
#7763=DIRECTION('ref_axis',(1.224646799147E-16,1.,-3.491481338843E-15));
#7764=DIRECTION('',(1.224646799147E-16,1.,-3.491481338843E-15));
#7765=DIRECTION('center_axis',(1.,-1.224646799147E-16,0.));
#7766=DIRECTION('ref_axis',(0.,0.,1.));
#7767=DIRECTION('center_axis',(1.,-1.224646799147E-16,0.));
#7768=DIRECTION('ref_axis',(0.,0.,1.));
#7769=DIRECTION('center_axis',(0.934051834850938,-1.36132715784991E-15,
-0.357137466266976));
#7770=DIRECTION('ref_axis',(0.357137466266976,3.21748782540279E-15,0.934051834850938));
#7771=DIRECTION('',(-0.357137466266976,-3.21748782540279E-15,-0.934051834850938));
#7772=DIRECTION('center_axis',(0.934051834853359,3.83721988773415E-11,-0.357137466260646));
#7773=DIRECTION('ref_axis',(0.357137466260646,1.01956960531579E-9,0.934051834853359));
#7774=DIRECTION('center_axis',(0.93405183485336,-3.83920584762208E-11,-0.357137466260642));
#7775=DIRECTION('ref_axis',(0.357137466260642,-1.03106225587793E-9,0.93405183485336));
#7776=DIRECTION('',(-0.357137466266976,-3.21748782540279E-15,-0.934051834850938));
#7777=DIRECTION('',(1.224646799147E-16,1.,-3.491481338843E-15));
#7778=DIRECTION('center_axis',(0.870022185848655,1.61479720637736E-15,0.493012571980805));
#7779=DIRECTION('ref_axis',(1.22464679914672E-16,1.,-3.49148133884302E-15));
#7780=DIRECTION('',(0.493012571980805,-3.09804285308977E-15,-0.870022185848655));
#7781=DIRECTION('',(1.224646799147E-16,1.,-3.491481338843E-15));
#7782=DIRECTION('',(0.493012571980805,-3.09804285308977E-15,-0.870022185848655));
#7783=DIRECTION('center_axis',(-1.224646799147E-16,-1.,3.491481338843E-15));
#7784=DIRECTION('ref_axis',(-4.275831445897E-31,-3.491481338843E-15,-1.));
#7785=DIRECTION('',(1.,-1.224646799147E-16,0.));
#7786=DIRECTION('',(4.275831445897E-31,3.491481338843E-15,1.));
#7787=DIRECTION('',(-4.275831445897E-31,-3.491481338843E-15,-1.));
#7788=DIRECTION('',(-0.493012571980805,3.09804285308977E-15,0.870022185848655));
#7789=DIRECTION('center_axis',(-0.870022185848655,-1.61479720637736E-15,
-0.493012571980805));
#7790=DIRECTION('ref_axis',(-1.22464679914672E-16,-1.,3.49148133884302E-15));
#7791=DIRECTION('',(1.224646799147E-16,1.,-3.491481338843E-15));
#7792=DIRECTION('',(-0.493012571980805,3.09804285308977E-15,0.870022185848655));
#7793=DIRECTION('center_axis',(1.224646799147E-16,1.,-3.491481338843E-15));
#7794=DIRECTION('ref_axis',(-1.,1.224646799147E-16,0.));
#7795=DIRECTION('',(-1.,1.224646799147E-16,0.));
#7796=DIRECTION('',(4.275831445897E-31,3.491481338843E-15,1.));
#7797=DIRECTION('',(-1.,1.224646799147E-16,0.));
#7798=DIRECTION('',(-4.275831445897E-31,-3.491481338843E-15,-1.));
#7799=DIRECTION('center_axis',(-4.275831445897E-31,-3.491481338843E-15,
-1.));
#7800=DIRECTION('ref_axis',(-1.224646799147E-16,-1.,3.491481338843E-15));
#7801=DIRECTION('',(1.224646799147E-16,1.,-3.491481338843E-15));
#7802=DIRECTION('',(-1.,1.224646799147E-16,0.));
#7803=DIRECTION('',(1.224646799147E-16,1.,-3.491481338843E-15));
#7804=DIRECTION('center_axis',(-1.224646799147E-16,-1.,3.491481338843E-15));
#7805=DIRECTION('ref_axis',(-4.275831445897E-31,-3.491481338843E-15,-1.));
#7806=DIRECTION('',(-4.275831445897E-31,-3.491481338843E-15,-1.));
#7807=DIRECTION('',(-1.,1.224646799147E-16,0.));
#7808=DIRECTION('',(-4.275831445897E-31,-3.491481338843E-15,-1.));
#7809=DIRECTION('center_axis',(-4.275831445897E-31,-3.491481338843E-15,
-1.));
#7810=DIRECTION('ref_axis',(-1.224646799147E-16,-1.,3.491481338843E-15));
#7811=DIRECTION('',(1.224646799147E-16,1.,-3.491481338843E-15));
#7812=DIRECTION('',(-1.,1.224646799147E-16,0.));
#7813=DIRECTION('',(1.224646799147E-16,1.,-3.491481338843E-15));
#7814=DIRECTION('center_axis',(1.224646799147E-16,1.,-3.491481338843E-15));
#7815=DIRECTION('ref_axis',(-1.,1.224646799147E-16,0.));
#7816=DIRECTION('',(4.275831445897E-31,3.491481338843E-15,1.));
#7817=DIRECTION('',(-1.,1.224646799147E-16,0.));
#7818=DIRECTION('',(4.275831445897E-31,3.491481338843E-15,1.));
#7819=DIRECTION('center_axis',(5.30632642749361E-17,0.43329443486805,0.901252424525104));
#7820=DIRECTION('ref_axis',(-1.,1.224646799147E-16,-4.00593428432545E-31));
#7821=DIRECTION('',(-1.10371589691913E-16,-0.901252424525103,0.43329443486805));
#7822=DIRECTION('',(-1.,1.224646799147E-16,0.));
#7823=DIRECTION('',(-1.10371589691913E-16,-0.901252424525103,0.43329443486805));
#7824=DIRECTION('center_axis',(1.224646799147E-16,1.,-3.491481338843E-15));
#7825=DIRECTION('ref_axis',(-1.,1.224646799147E-16,0.));
#7826=DIRECTION('',(4.275831445897E-31,3.491481338843E-15,1.));
#7827=DIRECTION('',(-1.,1.224646799147E-16,0.));
#7828=DIRECTION('',(4.275831445897E-31,3.491481338843E-15,1.));
#7829=DIRECTION('center_axis',(1.,-1.224646799147E-16,0.));
#7830=DIRECTION('ref_axis',(1.224646799147E-16,1.,-3.491481338843E-15));
#7831=DIRECTION('',(-1.224646799147E-16,-1.,3.491481338843E-15));
#7832=DIRECTION('',(-4.275831445897E-31,-3.491481338843E-15,-1.));
#7833=DIRECTION('center_axis',(-1.,1.224646799147E-16,0.));
#7834=DIRECTION('ref_axis',(1.06491026012779E-16,0.869565217391278,0.493818117026158));
#7835=DIRECTION('',(1.224646799147E-16,1.,-3.491481338843E-15));
#7836=DIRECTION('',(-4.275831445897E-31,-3.491481338843E-15,-1.));
#7837=DIRECTION('center_axis',(-4.275831445897E-31,-3.491481338843E-15,
-1.));
#7838=DIRECTION('ref_axis',(-1.224646799147E-16,-1.,3.491481338843E-15));
#7839=DIRECTION('',(1.224646799147E-16,1.,-3.491481338843E-15));
#7840=DIRECTION('',(1.,-1.224646799147E-16,0.));
#7841=DIRECTION('',(-1.224646799147E-16,-1.,3.491481338843E-15));
#7842=DIRECTION('center_axis',(-3.944304526105E-31,-3.491481338843E-15,
-1.));
#7843=DIRECTION('ref_axis',(0.200000000000053,-0.97979589711326,3.42093909064588E-15));
#7844=DIRECTION('center_axis',(-4.275831445897E-31,-3.491481338843E-15,
-1.));
#7845=DIRECTION('ref_axis',(1.,-1.224646799147E-16,-1.43808254901334E-43));
#7846=DIRECTION('center_axis',(4.275831445897E-31,3.491481338843E-15,1.));
#7847=DIRECTION('ref_axis',(-1.224646799147E-16,-1.,3.491481338843E-15));
#7848=DIRECTION('center_axis',(1.,-1.224646799147E-16,0.));
#7849=DIRECTION('ref_axis',(1.224646799147E-16,1.,-3.711749991392E-15));
#7850=DIRECTION('center_axis',(-1.,1.224646799147E-16,0.));
#7851=DIRECTION('ref_axis',(2.02406649145049E-18,0.0165277571693349,0.999863407292692));
#7852=DIRECTION('center_axis',(1.,-1.224646799147E-16,0.));
#7853=DIRECTION('ref_axis',(1.224646799147E-16,1.,-3.491481338843E-15));
#7854=DIRECTION('',(-4.275831445897E-31,-3.491481338843E-15,-1.));
#7855=DIRECTION('',(-1.224646799147E-16,-1.,3.491481338843E-15));
#7856=DIRECTION('',(4.275831445897E-31,3.491481338843E-15,1.));
#7857=DIRECTION('',(1.224646799147E-16,1.,-3.491481338843E-15));
#7858=DIRECTION('center_axis',(-4.275831445897E-31,-3.491481338843E-15,
-1.));
#7859=DIRECTION('ref_axis',(-1.224646799147E-16,-1.,3.491481338843E-15));
#7860=DIRECTION('',(-1.,1.224646799147E-16,0.));
#7861=DIRECTION('',(-1.224646799147E-16,-1.,3.491481338843E-15));
#7862=DIRECTION('center_axis',(-3.944304526105E-31,-3.491481338843E-15,
-1.));
#7863=DIRECTION('ref_axis',(0.64999999999977,0.75993420767873,-2.65329610485873E-15));
#7864=DIRECTION('center_axis',(1.224646799147E-16,1.,-3.491481338843E-15));
#7865=DIRECTION('ref_axis',(-1.,1.224646799147E-16,0.));
#7866=DIRECTION('center_axis',(-1.224646799147E-16,-1.,3.491481338843E-15));
#7867=DIRECTION('ref_axis',(4.275831445897E-31,3.491481338843E-15,1.));
#7868=DIRECTION('center_axis',(-1.224646799147E-16,-1.,3.491481338843E-15));
#7869=DIRECTION('ref_axis',(-0.866666666666689,1.84799298156131E-15,0.498887651569821));
#7870=DIRECTION('center_axis',(-4.275831445897E-31,-3.491481338843E-15,
-1.));
#7871=DIRECTION('ref_axis',(1.224646799147E-16,1.,-3.491481338843E-15));
#7872=DIRECTION('',(-4.275831445897E-31,-3.491481338843E-15,-1.));
#7873=DIRECTION('center_axis',(4.275831445897E-31,3.491481338843E-15,1.));
#7874=DIRECTION('ref_axis',(1.,-1.224646799147E-16,-1.43808254901334E-43));
#7875=DIRECTION('center_axis',(4.275831445897E-31,3.491481338843E-15,1.));
#7876=DIRECTION('ref_axis',(-1.,1.224646799147E-16,1.43808254901334E-43));
#7877=DIRECTION('',(-1.,1.224646799147E-16,0.));
#7878=DIRECTION('',(-1.,1.224646799147E-16,0.));
#7879=DIRECTION('',(-1.224646799147E-16,-1.,3.491481338843E-15));
#7880=DIRECTION('',(1.,-1.224646799147E-16,0.));
#7881=DIRECTION('',(1.224646799147E-16,1.,-3.491481338843E-15));
#7882=DIRECTION('center_axis',(1.224646799147E-16,1.,-3.491481338843E-15));
#7883=DIRECTION('ref_axis',(-1.,1.224646799147E-16,0.));
#7884=DIRECTION('center_axis',(-1.224646799147E-16,-1.,3.491481338843E-15));
#7885=DIRECTION('ref_axis',(-4.275831445897E-31,-3.491481338843E-15,-1.));
#7886=DIRECTION('',(1.,-1.224646799147E-16,0.));
#7887=DIRECTION('',(4.275831445897E-31,3.491481338843E-15,1.));
#7888=DIRECTION('',(4.275831445897E-31,3.491481338843E-15,1.));
#7889=DIRECTION('',(-1.,1.224646799147E-16,0.));
#7890=DIRECTION('',(-4.286906488605E-31,-3.500524797509E-15,-1.));
#7891=DIRECTION('',(-4.286906488605E-31,-3.500524797509E-15,-1.));
#7892=DIRECTION('center_axis',(4.275831445897E-31,3.491481338843E-15,1.));
#7893=DIRECTION('ref_axis',(-1.,1.224646799147E-16,1.43808254901334E-43));
#7894=DIRECTION('center_axis',(4.275831445897E-31,3.491481338843E-15,1.));
#7895=DIRECTION('ref_axis',(-1.,1.224646799147E-16,1.43808254901334E-43));
#7896=DIRECTION('',(1.224646799147E-16,1.,-3.491481338843E-15));
#7897=DIRECTION('',(1.,-1.224646799147E-16,0.));
#7898=DIRECTION('',(-1.224646799147E-16,-1.,3.491481338843E-15));
#7899=DIRECTION('',(-1.,1.224646799147E-16,0.));
#7900=DIRECTION('',(1.224646799147E-16,1.,-3.491481338843E-15));
#7901=DIRECTION('',(-1.224646799147E-16,-1.,3.491481338843E-15));
#7902=DIRECTION('center_axis',(7.88860905221E-31,3.491481338843E-15,1.));
#7903=DIRECTION('ref_axis',(-0.64999999999977,0.75993420767873,-2.65329610485873E-15));
#7904=DIRECTION('center_axis',(-1.224646799147E-16,-1.,3.491481338843E-15));
#7905=DIRECTION('ref_axis',(-4.275831445897E-31,-3.491481338843E-15,-1.));
#7906=DIRECTION('',(4.275831445897E-31,3.491481338843E-15,1.));
#7907=DIRECTION('',(1.,-1.224646799147E-16,0.));
#7908=DIRECTION('',(-4.275831445897E-31,-3.491481338843E-15,-1.));
#7909=DIRECTION('center_axis',(1.,-1.224646799147E-16,0.));
#7910=DIRECTION('ref_axis',(1.224646799147E-16,1.,-3.491481338843E-15));
#7911=DIRECTION('',(-1.224646799147E-16,-1.,3.491481338843E-15));
#7912=DIRECTION('center_axis',(-4.275831445897E-31,-3.491481338843E-15,
-1.));
#7913=DIRECTION('ref_axis',(-1.224646799147E-16,-1.,3.491481338843E-15));
#7914=DIRECTION('',(0.,-1.,4.20394315472133E-15));
#7915=DIRECTION('center_axis',(-4.275831445897E-31,-3.491481338843E-15,
-1.));
#7916=DIRECTION('ref_axis',(-1.224646799147E-16,-1.,3.491481338843E-15));
#7917=DIRECTION('center_axis',(-1.,1.224646799147E-16,0.));
#7918=DIRECTION('ref_axis',(4.27583144589556E-31,3.491481338843E-15,1.));
#7919=DIRECTION('center_axis',(-1.,1.224646799147E-16,-3.851859888774E-34));
#7920=DIRECTION('ref_axis',(2.01470959334408E-18,0.0164513522980453,0.999864667346319));
#7921=DIRECTION('center_axis',(-1.,1.224646799147E-16,0.));
#7922=DIRECTION('ref_axis',(4.54558274619212E-31,3.711749991392E-15,1.));
#7923=DIRECTION('center_axis',(4.275831445897E-31,3.491481338843E-15,1.));
#7924=DIRECTION('ref_axis',(-1.,1.224646799147E-16,1.43808254901334E-43));
#7925=DIRECTION('center_axis',(-1.,1.224646799147E-16,0.));
#7926=DIRECTION('ref_axis',(4.27583144589556E-31,3.491481338843E-15,1.));
#7927=DIRECTION('',(-4.275831445897E-31,-3.491481338843E-15,-1.));
#7928=DIRECTION('center_axis',(-1.224646799147E-16,-1.,3.491481338843E-15));
#7929=DIRECTION('ref_axis',(-4.275831445897E-31,-3.491481338843E-15,-1.));
#7930=DIRECTION('center_axis',(-1.,1.224646799147E-16,0.));
#7931=DIRECTION('ref_axis',(4.27583144589556E-31,3.491481338843E-15,1.));
#7932=DIRECTION('',(4.275831445897E-31,3.491481338843E-15,1.));
#7933=DIRECTION('center_axis',(1.224646799147E-16,1.,-3.491481338843E-15));
#7934=DIRECTION('ref_axis',(-1.,1.224646799147E-16,0.));
#7935=DIRECTION('center_axis',(-1.224646799147E-16,-1.,3.491481338843E-15));
#7936=DIRECTION('ref_axis',(0.866666666666689,-1.84799298156131E-15,-0.498887651569821));
#7937=DIRECTION('center_axis',(4.275831445897E-31,3.491481338843E-15,1.));
#7938=DIRECTION('ref_axis',(1.224646799147E-16,1.,-3.491481338843E-15));
#7939=DIRECTION('',(4.275831445897E-31,3.491481338843E-15,1.));
#7940=DIRECTION('center_axis',(1.224646799147E-16,1.,-3.491481338843E-15));
#7941=DIRECTION('ref_axis',(-1.,1.224646799147E-16,0.));
#7942=DIRECTION('center_axis',(1.224646799147E-16,1.,-3.491481338843E-15));
#7943=DIRECTION('ref_axis',(-1.,1.224646799147E-16,0.));
#7944=DIRECTION('',(-1.224646799147E-16,-1.,3.491481338843E-15));
#7945=DIRECTION('center_axis',(1.224646799147E-16,1.,-3.491481338843E-15));
#7946=DIRECTION('ref_axis',(1.,-1.224646799147E-16,0.));
#7947=DIRECTION('center_axis',(1.224646799147E-16,1.,-3.491481338843E-15));
#7948=DIRECTION('ref_axis',(-1.,1.224646799147E-16,0.));
#7949=DIRECTION('center_axis',(1.224646799147E-16,1.,-3.491481338843E-15));
#7950=DIRECTION('ref_axis',(-0.998478696232156,0.,-0.0551388535475085));
#7951=DIRECTION('center_axis',(1.224646799147E-16,1.,-3.491481338843E-15));
#7952=DIRECTION('ref_axis',(1.,-1.224646799147E-16,0.));
#7953=DIRECTION('center_axis',(0.0551388535475087,-3.49292229717742E-15,
-0.998478696232156));
#7954=DIRECTION('ref_axis',(0.998478696232156,0.,0.0551388535475087));
#7955=DIRECTION('center_axis',(1.224646799147E-16,1.,-3.491481338843E-15));
#7956=DIRECTION('ref_axis',(-1.,1.224646799147E-16,0.));
#7957=DIRECTION('center_axis',(1.224646799147E-16,1.,-3.491481338843E-15));
#7958=DIRECTION('ref_axis',(-1.,1.224646799147E-16,0.));
#7959=DIRECTION('',(-1.224646799147E-16,-1.,3.491481338843E-15));
#7960=DIRECTION('center_axis',(1.224646799147E-16,1.,-3.491481338843E-15));
#7961=DIRECTION('ref_axis',(1.,-1.224646799147E-16,0.));
#7962=DIRECTION('center_axis',(1.224646799147E-16,1.,-3.491481338843E-15));
#7963=DIRECTION('ref_axis',(-1.,1.224646799147E-16,0.));
#7964=DIRECTION('center_axis',(1.224646799147E-16,1.,-3.491481338843E-15));
#7965=DIRECTION('ref_axis',(-0.998478696232156,0.,-0.0551388535475085));
#7966=DIRECTION('center_axis',(1.224646799147E-16,1.,-3.491481338843E-15));
#7967=DIRECTION('ref_axis',(1.,-1.224646799147E-16,0.));
#7968=DIRECTION('center_axis',(0.0551388535475087,-3.49292229717742E-15,
-0.998478696232156));
#7969=DIRECTION('ref_axis',(0.998478696232156,0.,0.0551388535475087));
#7970=DIRECTION('center_axis',(1.224646799147E-16,1.,-3.491481338843E-15));
#7971=DIRECTION('ref_axis',(-1.,1.224646799147E-16,0.));
#7972=DIRECTION('center_axis',(1.224646799147E-16,1.,-3.491481338843E-15));
#7973=DIRECTION('ref_axis',(-1.,1.224646799147E-16,0.));
#7974=DIRECTION('center_axis',(1.224646799147E-16,1.,-3.491481338843E-15));
#7975=DIRECTION('ref_axis',(-1.,1.224646799147E-16,0.));
#7976=DIRECTION('',(-1.224646799147E-16,-1.,3.491481338843E-15));
#7977=DIRECTION('center_axis',(1.224646799147E-16,1.,-3.491481338843E-15));
#7978=DIRECTION('ref_axis',(1.,-1.224646799147E-16,0.));
#7979=DIRECTION('center_axis',(1.224646799147E-16,1.,-3.491481338843E-15));
#7980=DIRECTION('ref_axis',(0.998478696232156,0.,0.0551388535475075));
#7981=DIRECTION('center_axis',(1.224646799147E-16,1.,-3.491481338843E-15));
#7982=DIRECTION('ref_axis',(-1.,1.224646799147E-16,0.));
#7983=DIRECTION('center_axis',(-0.0551388535475076,3.49292229717742E-15,
0.998478696232156));
#7984=DIRECTION('ref_axis',(-0.998478696232156,0.,-0.0551388535475076));
#7985=DIRECTION('center_axis',(1.224646799147E-16,1.,-3.491481338843E-15));
#7986=DIRECTION('ref_axis',(-1.,1.224646799147E-16,0.));
#7987=DIRECTION('center_axis',(1.224646799147E-16,1.,-3.491481338843E-15));
#7988=DIRECTION('ref_axis',(-1.,1.224646799147E-16,0.));
#7989=DIRECTION('',(-1.224646799147E-16,-1.,3.491481338843E-15));
#7990=DIRECTION('center_axis',(1.224646799147E-16,1.,-3.491481338843E-15));
#7991=DIRECTION('ref_axis',(1.,-1.224646799147E-16,0.));
#7992=DIRECTION('center_axis',(1.224646799147E-16,1.,-3.491481338843E-15));
#7993=DIRECTION('ref_axis',(-1.,1.224646799147E-16,0.));
#7994=DIRECTION('center_axis',(1.224646799147E-16,1.,-3.491481338843E-15));
#7995=DIRECTION('ref_axis',(-0.998478696232156,0.,-0.0551388535475075));
#7996=DIRECTION('center_axis',(1.224646799147E-16,1.,-3.491481338843E-15));
#7997=DIRECTION('ref_axis',(1.,-1.224646799147E-16,0.));
#7998=DIRECTION('center_axis',(0.0551388535475076,-3.49292229717742E-15,
-0.998478696232156));
#7999=DIRECTION('ref_axis',(0.998478696232156,0.,0.0551388535475076));
#8000=DIRECTION('center_axis',(1.224646799147E-16,1.,-3.491481338843E-15));
#8001=DIRECTION('ref_axis',(-1.,1.224646799147E-16,0.));
#8002=DIRECTION('center_axis',(1.224646799147E-16,1.,-3.491481338843E-15));
#8003=DIRECTION('ref_axis',(-1.,1.224646799147E-16,0.));
#8004=DIRECTION('center_axis',(1.224646799147E-16,1.,-3.491481338843E-15));
#8005=DIRECTION('ref_axis',(-1.,1.224646799147E-16,0.));
#8006=DIRECTION('center_axis',(1.224646799147E-16,1.,-3.491481338843E-15));
#8007=DIRECTION('ref_axis',(-1.,1.224646799147E-16,0.));
#8008=DIRECTION('center_axis',(-1.224646799147E-16,-1.,3.491481338843E-15));
#8009=DIRECTION('ref_axis',(-4.275831445897E-31,-3.491481338843E-15,-1.));
#8010=DIRECTION('center_axis',(-1.224646799147E-16,-1.,3.491481338843E-15));
#8011=DIRECTION('ref_axis',(4.275831445897E-31,3.491481338843E-15,1.));
#8012=DIRECTION('center_axis',(-1.224646799147E-16,-1.,3.491481338843E-15));
#8013=DIRECTION('ref_axis',(-4.50108931169427E-31,-3.04066562203615E-15,
-1.));
#8014=DIRECTION('center_axis',(-1.224646799147E-16,-1.,3.491481338843E-15));
#8015=DIRECTION('ref_axis',(4.275831445897E-31,3.491481338843E-15,1.));
#8016=DIRECTION('center_axis',(-1.,1.224646799147E-16,-1.22464679914735E-16));
#8017=DIRECTION('ref_axis',(-1.22464679914735E-16,3.80083202754518E-15,
1.));
#8018=DIRECTION('center_axis',(-1.224646799147E-16,-1.,3.491481338843E-15));
#8019=DIRECTION('ref_axis',(-4.275831445897E-31,-3.491481338843E-15,-1.));
#8020=DIRECTION('center_axis',(1.224646799147E-16,1.,-3.491481338843E-15));
#8021=DIRECTION('ref_axis',(-4.275831445897E-31,-3.491481338843E-15,-1.));
#8022=DIRECTION('',(1.224646799147E-16,1.,-3.491481338843E-15));
#8023=DIRECTION('center_axis',(1.224646799147E-16,1.,-3.491481338843E-15));
#8024=DIRECTION('ref_axis',(-1.,1.224646799147E-16,0.));
#8025=DIRECTION('center_axis',(-1.,1.224646799147E-16,0.));
#8026=DIRECTION('ref_axis',(-1.224646799147E-16,-1.,3.491481338843E-15));
#8027=DIRECTION('',(-4.275831445897E-31,-3.491481338843E-15,-1.));
#8028=DIRECTION('',(-1.224646799147E-16,-1.,3.491481338843E-15));
#8029=DIRECTION('center_axis',(1.,-1.224646799147E-16,0.));
#8030=DIRECTION('ref_axis',(-1.224646799147E-16,-1.,3.491481338843E-15));
#8031=DIRECTION('',(4.275831445897E-31,3.491481338843E-15,1.));
#8032=DIRECTION('',(1.224646799147E-16,1.,-3.491481338843E-15));
#8033=DIRECTION('center_axis',(-4.275831445897E-31,-3.491481338843E-15,
-1.));
#8034=DIRECTION('ref_axis',(-1.224646799147E-16,-1.,3.491481338843E-15));
#8035=DIRECTION('',(-1.,1.224646799147E-16,0.));
#8036=DIRECTION('center_axis',(1.224646799147E-16,1.,-3.491481338843E-15));
#8037=DIRECTION('ref_axis',(-1.,1.224646799147E-16,0.));
#8038=DIRECTION('center_axis',(-1.,1.224646799147E-16,0.));
#8039=DIRECTION('ref_axis',(0.,0.,-1.));
#8040=DIRECTION('',(1.,-1.224646799147E-16,0.));
#8041=DIRECTION('center_axis',(-1.,1.224646799147E-16,0.));
#8042=DIRECTION('ref_axis',(0.,0.,-1.));
#8043=DIRECTION('center_axis',(-1.,1.224646799147E-16,0.));
#8044=DIRECTION('ref_axis',(0.,0.,-1.));
#8045=DIRECTION('',(-1.,1.224646799147E-16,0.));
#8046=DIRECTION('center_axis',(-1.,1.224646799147E-16,0.));
#8047=DIRECTION('ref_axis',(0.,0.,-1.));
#8048=DIRECTION('center_axis',(-0.939692620785813,1.30923610395274E-15,
0.342020143325932));
#8049=DIRECTION('ref_axis',(1.22464679913854E-16,1.,-3.49148133884269E-15));
#8050=DIRECTION('center_axis',(0.939692620785813,1.07907779190679E-15,0.342020143325932));
#8051=DIRECTION('ref_axis',(1.22464679915991E-16,1.,-3.49148133884253E-15));
#8052=DIRECTION('center_axis',(-0.939692620785813,1.30923610395274E-15,
0.342020143325932));
#8053=DIRECTION('ref_axis',(1.22464679913854E-16,1.,-3.49148133884269E-15));
#8054=DIRECTION('center_axis',(0.939692620785813,1.07907779190679E-15,0.342020143325932));
#8055=DIRECTION('ref_axis',(1.22464679915991E-16,1.,-3.49148133884253E-15));
#8056=DIRECTION('center_axis',(1.224646799147E-16,1.,0.));
#8057=DIRECTION('ref_axis',(0.,0.,-1.));
#8058=DIRECTION('',(1.,-1.224646799147E-16,0.));
#8059=DIRECTION('',(0.,0.,1.));
#8060=DIRECTION('',(1.,-1.224646799147E-16,0.));
#8061=DIRECTION('center_axis',(-3.934256520947E-31,-3.212564246022E-15,
-1.));
#8062=DIRECTION('ref_axis',(-1.224646799147E-16,-1.,3.212564246022E-15));
#8063=DIRECTION('',(1.,-1.224646799147E-16,0.));
#8064=DIRECTION('',(1.224646799147E-16,1.,-3.212564246022E-15));
#8065=DIRECTION('center_axis',(1.224646799147E-16,1.,-4.332234646864E-15));
#8066=DIRECTION('ref_axis',(-5.305457293437E-31,-4.332234646864E-15,-1.));
#8067=DIRECTION('',(1.,-1.224646799147E-16,0.));
#8068=DIRECTION('',(5.305457293437E-31,4.332234646864E-15,1.));
#8069=DIRECTION('center_axis',(0.,0.,-1.));
#8070=DIRECTION('ref_axis',(1.,-1.224646799147E-16,0.));
#8071=DIRECTION('',(1.,-1.224646799147E-16,0.));
#8072=DIRECTION('',(1.224646799147E-16,1.,0.));
#8073=DIRECTION('center_axis',(-1.224646799147E-16,-1.,2.55888297308E-15));
#8074=DIRECTION('ref_axis',(3.133727842375E-31,2.55888297308E-15,1.));
#8075=DIRECTION('',(1.,-1.224646799147E-16,0.));
#8076=DIRECTION('',(-3.133727842375E-31,-2.55888297308E-15,-1.));
#8077=DIRECTION('center_axis',(3.713991553352E-31,3.032704250677E-15,1.));
#8078=DIRECTION('ref_axis',(1.224646799147E-16,1.,-3.032704250677E-15));
#8079=DIRECTION('',(-1.224646799147E-16,-1.,3.032704250677E-15));
#8080=DIRECTION('center_axis',(1.,-1.224646799147E-16,0.));
#8081=DIRECTION('ref_axis',(0.,0.,1.));
#8082=DIRECTION('',(1.,-1.224646799147E-16,0.));
#8083=DIRECTION('',(1.,-1.224646799147E-16,0.));
#8084=DIRECTION('center_axis',(1.224646799147E-16,1.,0.));
#8085=DIRECTION('ref_axis',(0.,0.,-1.));
#8086=DIRECTION('',(1.,-1.224646799147E-16,0.));
#8087=DIRECTION('',(0.,0.,1.));
#8088=DIRECTION('',(1.,-1.224646799147E-16,0.));
#8089=DIRECTION('center_axis',(1.,0.,0.));
#8090=DIRECTION('ref_axis',(0.,0.503601089776265,0.86393630689777));
#8091=DIRECTION('',(1.,-1.224646799147E-16,0.));
#8092=DIRECTION('center_axis',(1.,0.,0.));
#8093=DIRECTION('ref_axis',(0.,-0.496746828858508,0.867895493719731));
#8094=DIRECTION('',(1.,-1.224646799147E-16,0.));
#8095=DIRECTION('',(1.,-1.224646799147E-16,0.));
#8096=DIRECTION('',(1.,-1.224646799147E-16,0.));
#8097=DIRECTION('',(1.,-1.224646799147E-16,0.));
#8098=DIRECTION('center_axis',(1.224646799147E-16,1.,0.));
#8099=DIRECTION('ref_axis',(0.,0.,-1.));
#8100=DIRECTION('',(1.,-1.224646799147E-16,0.));
#8101=DIRECTION('',(0.,0.,1.));
#8102=DIRECTION('',(1.,-1.224646799147E-16,0.));
#8103=DIRECTION('center_axis',(-1.,0.,0.));
#8104=DIRECTION('ref_axis',(0.,0.784633150022315,-0.61996033734914));
#8105=DIRECTION('',(1.,-1.224646799147E-16,0.));
#8106=DIRECTION('',(1.,-1.224646799147E-16,0.));
#8107=DIRECTION('',(1.,-1.224646799147E-16,0.));
#8108=DIRECTION('center_axis',(-1.,0.,0.));
#8109=DIRECTION('ref_axis',(0.,0.821258604492519,-0.570556136192575));
#8110=DIRECTION('center_axis',(-1.,1.224646799147E-16,0.));
#8111=DIRECTION('ref_axis',(0.,0.,-1.));
#8112=DIRECTION('center_axis',(1.224646799147E-16,1.,0.));
#8113=DIRECTION('ref_axis',(0.,0.,-1.));
#8114=DIRECTION('',(1.,-1.224646799147E-16,0.));
#8115=DIRECTION('',(0.,0.,1.));
#8116=DIRECTION('',(1.,-1.224646799147E-16,0.));
#8117=DIRECTION('center_axis',(-3.833378148663E-31,-3.130190803856E-15,
-1.));
#8118=DIRECTION('ref_axis',(-1.224646799147E-16,-1.,3.130190803856E-15));
#8119=DIRECTION('',(1.,-1.224646799147E-16,0.));
#8120=DIRECTION('',(1.224646799147E-16,1.,-3.130190803856E-15));
#8121=DIRECTION('center_axis',(1.224646799147E-16,1.,-3.803324540549E-15));
#8122=DIRECTION('ref_axis',(-4.657729224702E-31,-3.803324540549E-15,-1.));
#8123=DIRECTION('',(1.,-1.224646799147E-16,0.));
#8124=DIRECTION('',(4.657729224702E-31,3.803324540549E-15,1.));
#8125=DIRECTION('center_axis',(3.286046279331E-31,2.683260415671E-15,1.));
#8126=DIRECTION('ref_axis',(1.224646799147E-16,1.,-2.683260415671E-15));
#8127=DIRECTION('',(1.,-1.224646799147E-16,0.));
#8128=DIRECTION('',(-1.224646799147E-16,-1.,2.683260415671E-15));
#8129=DIRECTION('center_axis',(1.224646799147E-16,1.,0.));
#8130=DIRECTION('ref_axis',(0.,0.,-1.));
#8131=DIRECTION('',(1.,-1.224646799147E-16,0.));
#8132=DIRECTION('',(0.,0.,1.));
#8133=DIRECTION('center_axis',(-3.286046279331E-31,-2.683260415671E-15,
-1.));
#8134=DIRECTION('ref_axis',(-1.224646799147E-16,-1.,2.683260415671E-15));
#8135=DIRECTION('',(1.,-1.224646799147E-16,0.));
#8136=DIRECTION('',(1.224646799147E-16,1.,-2.683260415671E-15));
#8137=DIRECTION('center_axis',(1.224646799147E-16,1.,-3.99774368633E-15));
#8138=DIRECTION('ref_axis',(-4.895824009276E-31,-3.99774368633E-15,-1.));
#8139=DIRECTION('',(1.,-1.224646799147E-16,0.));
#8140=DIRECTION('',(4.895824009276E-31,3.99774368633E-15,1.));
#8141=DIRECTION('center_axis',(4.059318979921E-31,3.314685493603E-15,1.));
#8142=DIRECTION('ref_axis',(1.224646799147E-16,1.,-3.314685493603E-15));
#8143=DIRECTION('',(1.,-1.224646799147E-16,0.));
#8144=DIRECTION('',(-1.224646799147E-16,-1.,3.314685493603E-15));
#8145=DIRECTION('center_axis',(1.224646799147E-16,1.,0.));
#8146=DIRECTION('ref_axis',(0.,0.,-1.));
#8147=DIRECTION('',(1.,-1.224646799147E-16,0.));
#8148=DIRECTION('',(0.,0.,1.));
#8149=DIRECTION('center_axis',(-4.562956570487E-31,-3.725936795543E-15,
-1.));
#8150=DIRECTION('ref_axis',(-1.224646799147E-16,-1.,3.725936795543E-15));
#8151=DIRECTION('',(1.,-1.224646799147E-16,0.));
#8152=DIRECTION('',(1.224646799147E-16,1.,-3.725936795543E-15));
#8153=DIRECTION('center_axis',(-1.224646799147E-16,-1.,2.55888297308E-15));
#8154=DIRECTION('ref_axis',(3.133727842375E-31,2.55888297308E-15,1.));
#8155=DIRECTION('',(1.,-1.224646799147E-16,0.));
#8156=DIRECTION('',(-3.133727842375E-31,-2.55888297308E-15,-1.));
#8157=DIRECTION('center_axis',(4.369941772607E-31,3.568328252399E-15,1.));
#8158=DIRECTION('ref_axis',(1.224646799147E-16,1.,-3.568328252399E-15));
#8159=DIRECTION('',(-1.224646799147E-16,-1.,3.568328252399E-15));
#8160=DIRECTION('center_axis',(1.,-1.224646799147E-16,0.));
#8161=DIRECTION('ref_axis',(0.,0.,1.));
#8162=DIRECTION('center_axis',(-1.,1.224646799147E-16,0.));
#8163=DIRECTION('ref_axis',(0.,0.,-1.));
#8164=DIRECTION('',(-1.224646799147E-16,-1.,3.488737287641E-15));
#8165=DIRECTION('center_axis',(-1.,0.,0.));
#8166=DIRECTION('ref_axis',(0.,-0.530486932656212,-0.847693113267416));
#8167=DIRECTION('center_axis',(-1.,0.,0.));
#8168=DIRECTION('ref_axis',(0.,0.853949602921991,0.520355720319643));
#8169=DIRECTION('',(1.224646799147E-16,1.,-4.484923920521E-15));
#8170=DIRECTION('',(-4.700591763563E-31,-3.83832445962E-15,-1.));
#8171=DIRECTION('',(-4.06470269209E-31,-3.319081628205E-15,-1.));
#8172=DIRECTION('',(1.224646799147E-16,1.,-4.234496696804E-15));
#8173=DIRECTION('center_axis',(-1.,0.,0.));
#8174=DIRECTION('ref_axis',(0.,0.597443168782034,-0.801911254488726));
#8175=DIRECTION('center_axis',(-1.,0.,0.));
#8176=DIRECTION('ref_axis',(0.,0.760071414714,-0.649839552916456));
#8177=DIRECTION('center_axis',(-1.,0.,0.));
#8178=DIRECTION('ref_axis',(0.,0.78424831107589,0.620447086039264));
#8179=DIRECTION('center_axis',(-1.,0.,0.));
#8180=DIRECTION('ref_axis',(0.,-0.629544902436332,-0.776964102012718));
#8181=DIRECTION('',(-1.224646799147E-16,-1.,4.405963992433E-15));
#8182=DIRECTION('center_axis',(4.272470952376E-31,3.488737287641E-15,1.));
#8183=DIRECTION('ref_axis',(1.224646799147E-16,1.,-3.488737287641E-15));
#8184=DIRECTION('',(1.,-1.224646799147E-16,0.));
#8185=DIRECTION('',(1.,-1.224646799147E-16,0.));
#8186=DIRECTION('',(1.,-1.224646799147E-16,0.));
#8187=DIRECTION('',(1.,-1.224646799147E-16,0.));
#8188=DIRECTION('',(1.,-1.224646799147E-16,0.));
#8189=DIRECTION('',(1.,-1.224646799147E-16,0.));
#8190=DIRECTION('center_axis',(-5.492447723686E-31,-4.484923920521E-15,
-1.));
#8191=DIRECTION('ref_axis',(-1.224646799147E-16,-1.,4.484923920521E-15));
#8192=DIRECTION('',(1.,-1.224646799147E-16,0.));
#8193=DIRECTION('center_axis',(-1.224646799147E-16,-1.,3.83832445962E-15));
#8194=DIRECTION('ref_axis',(4.700591763563E-31,3.83832445962E-15,1.));
#8195=DIRECTION('center_axis',(-5.185762825741E-31,-4.234496696804E-15,
-1.));
#8196=DIRECTION('ref_axis',(-1.224646799147E-16,-1.,4.234496696804E-15));
#8197=DIRECTION('',(1.224646799147E-16,1.,-4.234496696804E-15));
#8198=DIRECTION('',(1.,-1.224646799147E-16,0.));
#8199=DIRECTION('',(1.,-1.224646799147E-16,0.));
#8200=DIRECTION('center_axis',(-1.224646799147E-16,-1.,3.319081628205E-15));
#8201=DIRECTION('ref_axis',(4.06470269209E-31,3.319081628205E-15,1.));
#8202=DIRECTION('',(-4.06470269209E-31,-3.319081628205E-15,-1.));
#8203=DIRECTION('',(1.,-1.224646799147E-16,0.));
#8204=DIRECTION('center_axis',(5.395749700491E-31,4.405963992433E-15,1.));
#8205=DIRECTION('ref_axis',(1.224646799147E-16,1.,-4.405963992433E-15));
#8206=DIRECTION('',(-1.224646799147E-16,-1.,4.405963992433E-15));
#8207=DIRECTION('',(1.,-1.224646799147E-16,0.));
#8208=DIRECTION('center_axis',(-1.,0.,0.));
#8209=DIRECTION('ref_axis',(0.,-0.629544902436332,-0.776964102012718));
#8210=DIRECTION('',(1.,-1.224646799147E-16,0.));
#8211=DIRECTION('center_axis',(-1.,0.,0.));
#8212=DIRECTION('ref_axis',(0.,0.78424831107589,0.620447086039264));
#8213=DIRECTION('',(1.,-1.224646799147E-16,0.));
#8214=DIRECTION('center_axis',(-1.,0.,0.));
#8215=DIRECTION('ref_axis',(0.,0.760071414714,-0.649839552916456));
#8216=DIRECTION('',(1.,-1.224646799147E-16,0.));
#8217=DIRECTION('center_axis',(-1.,0.,0.));
#8218=DIRECTION('ref_axis',(0.,0.597443168782034,-0.801911254488726));
#8219=DIRECTION('center_axis',(-1.,1.224646799147E-16,0.));
#8220=DIRECTION('ref_axis',(4.27583144589556E-31,3.491481338843E-15,1.));
#8221=DIRECTION('center_axis',(1.,-1.224646799147E-16,0.));
#8222=DIRECTION('ref_axis',(0.,0.,1.));
#8223=DIRECTION('',(4.35895545551678E-17,0.3559357243699,0.934510438741738));
#8224=DIRECTION('',(1.224646799147E-16,1.,-4.63442138459E-15));
#8225=DIRECTION('',(4.35895545544894E-17,0.355935724363995,-0.934510438743987));
#8226=DIRECTION('',(-1.224646799147E-16,-1.,2.242461960368E-15));
#8227=DIRECTION('',(-4.06005216359443E-17,-0.331528418350199,0.943445233082565));
#8228=DIRECTION('',(-1.224646799147E-16,-1.,3.840680705423E-15));
#8229=DIRECTION('',(-4.27886055568616E-17,-0.349395479469176,-0.936975345954473));
#8230=DIRECTION('',(-1.224646799147E-16,-1.,4.484923920522E-15));
#8231=DIRECTION('',(-1.224646799147E-16,-1.,2.859010907473E-15));
#8232=DIRECTION('',(4.14585846172143E-17,0.338535034314035,-0.940953787676098));
#8233=DIRECTION('',(1.224646799147E-16,1.,0.));
#8234=DIRECTION('',(4.18344037820528E-17,0.341603830681941,0.939844041776838));
#8235=DIRECTION('center_axis',(1.14444521757468E-16,0.934510438741738,-0.3559357243699));
#8236=DIRECTION('ref_axis',(-4.35895545551678E-17,-0.3559357243699,-0.934510438741738));
#8237=DIRECTION('',(1.,-1.224646799147E-16,0.));
#8238=DIRECTION('',(1.,-1.224646799147E-16,0.));
#8239=DIRECTION('center_axis',(-5.675529314538E-31,-4.63442138459E-15,-1.));
#8240=DIRECTION('ref_axis',(-1.224646799147E-16,-1.,4.63442138459E-15));
#8241=DIRECTION('',(1.,-1.224646799147E-16,0.));
#8242=DIRECTION('center_axis',(-1.14444521757698E-16,-0.934510438743987,
-0.355935724363995));
#8243=DIRECTION('ref_axis',(-4.35895545544894E-17,-0.355935724363995,0.934510438743987));
#8244=DIRECTION('',(1.,-1.224646799147E-16,0.));
#8245=DIRECTION('center_axis',(2.746223861974E-31,2.242461960368E-15,1.));
#8246=DIRECTION('ref_axis',(1.224646799147E-16,1.,-2.242461960368E-15));
#8247=DIRECTION('',(1.,-1.224646799147E-16,0.));
#8248=DIRECTION('center_axis',(1.15538718486569E-16,0.943445233082565,0.331528418350199));
#8249=DIRECTION('ref_axis',(4.06005216359443E-17,0.331528418350199,-0.943445233082565));
#8250=DIRECTION('',(1.,-1.224646799147E-16,0.));
#8251=DIRECTION('center_axis',(4.703477332443E-31,3.840680705423E-15,1.));
#8252=DIRECTION('ref_axis',(1.224646799147E-16,1.,-3.840680705423E-15));
#8253=DIRECTION('',(1.,-1.224646799147E-16,0.));
#8254=DIRECTION('center_axis',(-1.14746385830358E-16,-0.936975345954473,
0.349395479469176));
#8255=DIRECTION('ref_axis',(4.27886055568616E-17,0.349395479469176,0.936975345954473));
#8256=DIRECTION('',(1.,-1.224646799147E-16,0.));
#8257=DIRECTION('center_axis',(5.492447723686E-31,4.484923920522E-15,1.));
#8258=DIRECTION('ref_axis',(1.224646799147E-16,1.,-4.484923920522E-15));
#8259=DIRECTION('center_axis',(3.501278556565E-31,2.859010907473E-15,1.));
#8260=DIRECTION('ref_axis',(1.224646799147E-16,1.,-2.859010907473E-15));
#8261=DIRECTION('',(-1.224646799147E-16,-1.,2.859010907473E-15));
#8262=DIRECTION('',(1.,-1.224646799147E-16,0.));
#8263=DIRECTION('',(1.,-1.224646799147E-16,0.));
#8264=DIRECTION('center_axis',(1.1509769974598E-16,0.939844041776838,-0.341603830681941));
#8265=DIRECTION('ref_axis',(-4.18344037820528E-17,-0.341603830681941,-0.939844041776838));
#8266=DIRECTION('',(4.18344037820528E-17,0.341603830681941,0.939844041776838));
#8267=DIRECTION('',(1.,-1.224646799147E-16,0.));
#8268=DIRECTION('',(1.,-1.224646799147E-16,0.));
#8269=DIRECTION('center_axis',(0.,0.,-1.));
#8270=DIRECTION('ref_axis',(1.,-1.224646799147E-16,0.));
#8271=DIRECTION('',(1.224646799147E-16,1.,0.));
#8272=DIRECTION('',(1.,-1.224646799147E-16,0.));
#8273=DIRECTION('',(1.,-1.224646799147E-16,0.));
#8274=DIRECTION('center_axis',(-1.15233604422312E-16,-0.940953787676098,
-0.338535034314035));
#8275=DIRECTION('ref_axis',(-4.14585846172143E-17,-0.338535034314035,0.940953787676098));
#8276=DIRECTION('',(4.14585846172143E-17,0.338535034314035,-0.940953787676098));
#8277=DIRECTION('center_axis',(-1.,1.224646799147E-16,0.));
#8278=DIRECTION('ref_axis',(4.27583144589556E-31,3.491481338843E-15,1.));
#8279=DIRECTION('center_axis',(1.224646799147E-16,1.,0.));
#8280=DIRECTION('ref_axis',(0.,0.,-1.));
#8281=DIRECTION('',(1.,-1.224646799147E-16,0.));
#8282=DIRECTION('',(0.,0.,1.));
#8283=DIRECTION('',(1.,-1.224646799147E-16,0.));
#8284=DIRECTION('center_axis',(-4.072964282921E-31,-3.32582772907E-15,-1.));
#8285=DIRECTION('ref_axis',(-1.224646799147E-16,-1.,3.32582772907E-15));
#8286=DIRECTION('',(1.,-1.224646799147E-16,0.));
#8287=DIRECTION('',(1.224646799147E-16,1.,-3.32582772907E-15));
#8288=DIRECTION('center_axis',(1.224646799147E-16,1.,-7.606649081099E-15));
#8289=DIRECTION('ref_axis',(-9.315458449405E-31,-7.606649081099E-15,-1.));
#8290=DIRECTION('',(1.,-1.224646799147E-16,0.));
#8291=DIRECTION('',(9.315458449405E-31,7.606649081099E-15,1.));
#8292=DIRECTION('center_axis',(4.381395039066E-31,3.577680554195E-15,1.));
#8293=DIRECTION('ref_axis',(1.224646799147E-16,1.,-3.577680554195E-15));
#8294=DIRECTION('',(1.,-1.224646799147E-16,0.));
#8295=DIRECTION('',(-1.224646799147E-16,-1.,3.577680554195E-15));
#8296=DIRECTION('center_axis',(1.224646799147E-16,1.,-1.117226583791E-14));
#8297=DIRECTION('ref_axis',(-1.368207959761E-30,-1.117226583791E-14,-1.));
#8298=DIRECTION('',(1.,-1.224646799147E-16,0.));
#8299=DIRECTION('',(1.368207959761E-30,1.117226583791E-14,1.));
#8300=DIRECTION('center_axis',(-3.833720659183E-31,-3.13047048492E-15,-1.));
#8301=DIRECTION('ref_axis',(-1.224646799147E-16,-1.,3.13047048492E-15));
#8302=DIRECTION('',(1.,-1.224646799147E-16,0.));
#8303=DIRECTION('',(1.224646799147E-16,1.,-3.13047048492E-15));
#8304=DIRECTION('center_axis',(1.224646799147E-16,1.,-3.99774368633E-15));
#8305=DIRECTION('ref_axis',(-4.895824009276E-31,-3.99774368633E-15,-1.));
#8306=DIRECTION('',(1.,-1.224646799147E-16,0.));
#8307=DIRECTION('',(4.895824009276E-31,3.99774368633E-15,1.));
#8308=DIRECTION('center_axis',(4.059318979922E-31,3.314685493604E-15,1.));
#8309=DIRECTION('ref_axis',(1.224646799147E-16,1.,-3.314685493604E-15));
#8310=DIRECTION('',(1.,-1.224646799147E-16,0.));
#8311=DIRECTION('',(-1.224646799147E-16,-1.,3.314685493604E-15));
#8312=DIRECTION('center_axis',(1.224646799147E-16,1.,0.));
#8313=DIRECTION('ref_axis',(0.,0.,-1.));
#8314=DIRECTION('',(1.,-1.224646799147E-16,0.));
#8315=DIRECTION('',(0.,0.,1.));
#8316=DIRECTION('center_axis',(-3.802463808739E-31,-3.104947329619E-15,
-1.));
#8317=DIRECTION('ref_axis',(-1.224646799147E-16,-1.,3.104947329619E-15));
#8318=DIRECTION('',(1.,-1.224646799147E-16,0.));
#8319=DIRECTION('',(1.224646799147E-16,1.,-3.104947329619E-15));
#8320=DIRECTION('center_axis',(-1.224646799147E-16,-1.,2.55888297308E-15));
#8321=DIRECTION('ref_axis',(3.133727842375E-31,2.55888297308E-15,1.));
#8322=DIRECTION('',(1.,-1.224646799147E-16,0.));
#8323=DIRECTION('',(-3.133727842375E-31,-2.55888297308E-15,-1.));
#8324=DIRECTION('center_axis',(4.36994177258E-31,3.568328252376E-15,1.));
#8325=DIRECTION('ref_axis',(1.224646799147E-16,1.,-3.568328252376E-15));
#8326=DIRECTION('',(-1.224646799147E-16,-1.,3.568328252376E-15));
#8327=DIRECTION('center_axis',(1.,-1.224646799147E-16,0.));
#8328=DIRECTION('ref_axis',(0.,0.,1.));
#8329=DIRECTION('center_axis',(-1.,1.224646799147E-16,0.));
#8330=DIRECTION('ref_axis',(0.,0.,-1.));
#8331=DIRECTION('',(0.,0.,-1.));
#8332=DIRECTION('center_axis',(1.,0.,0.));
#8333=DIRECTION('ref_axis',(0.,-0.637270892483101,0.770639870233686));
#8334=DIRECTION('',(1.21280275497821E-16,0.99032860398817,-0.138741688482024));
#8335=DIRECTION('center_axis',(-1.,0.,0.));
#8336=DIRECTION('ref_axis',(0.,0.598948206862706,-0.800787765575842));
#8337=DIRECTION('center_axis',(-1.,0.,0.));
#8338=DIRECTION('ref_axis',(0.,-0.485909131861285,-0.874009333802455));
#8339=DIRECTION('',(-1.224646799147E-16,-1.,0.));
#8340=DIRECTION('',(0.,0.,-1.));
#8341=DIRECTION('',(-1.224646799147E-16,-1.,2.553660762919E-15));
#8342=DIRECTION('',(3.409105483734E-31,2.783745881758E-15,1.));
#8343=DIRECTION('center_axis',(-1.,0.,0.));
#8344=DIRECTION('ref_axis',(0.,0.786040502991275,0.618174997599565));
#8345=DIRECTION('',(1.21370870252471E-16,0.99106836629976,-0.133354764893968));
#8346=DIRECTION('',(0.,0.,1.));
#8347=DIRECTION('center_axis',(-1.,0.,0.));
#8348=DIRECTION('ref_axis',(0.,-0.452172278306651,-0.891930619908843));
#8349=DIRECTION('center_axis',(-1.,0.,0.));
#8350=DIRECTION('ref_axis',(0.,0.596204489369556,-0.802832614469285));
#8351=DIRECTION('',(1.,-1.224646799147E-16,0.));
#8352=DIRECTION('',(1.,-1.224646799147E-16,0.));
#8353=DIRECTION('center_axis',(-1.224646799147E-16,-1.,0.));
#8354=DIRECTION('ref_axis',(0.,0.,1.));
#8355=DIRECTION('',(1.,-1.224646799147E-16,0.));
#8356=DIRECTION('',(1.,-1.224646799147E-16,0.));
#8357=DIRECTION('',(1.,-1.224646799147E-16,0.));
#8358=DIRECTION('center_axis',(-1.69909564708229E-17,-0.138741688482024,
-0.99032860398817));
#8359=DIRECTION('ref_axis',(-1.21280275497821E-16,-0.99032860398817,0.138741688482024));
#8360=DIRECTION('',(1.,-1.224646799147E-16,0.));
#8361=DIRECTION('',(1.,-1.224646799147E-16,0.));
#8362=DIRECTION('',(1.,-1.224646799147E-16,0.));
#8363=DIRECTION('',(1.,-1.224646799147E-16,0.));
#8364=DIRECTION('',(1.,-1.224646799147E-16,0.));
#8365=DIRECTION('center_axis',(0.,0.,1.));
#8366=DIRECTION('ref_axis',(-1.,1.224646799147E-16,0.));
#8367=DIRECTION('',(1.,-1.224646799147E-16,0.));
#8368=DIRECTION('center_axis',(-1.224646799147E-16,-1.,0.));
#8369=DIRECTION('ref_axis',(0.,0.,1.));
#8370=DIRECTION('',(1.,-1.224646799147E-16,0.));
#8371=DIRECTION('center_axis',(3.127332479417E-31,2.553660762919E-15,1.));
#8372=DIRECTION('ref_axis',(1.224646799147E-16,1.,-2.553660762919E-15));
#8373=DIRECTION('',(1.,-1.224646799147E-16,0.));
#8374=DIRECTION('center_axis',(1.224646799147E-16,1.,-2.783745881758E-15));
#8375=DIRECTION('ref_axis',(-3.409105483734E-31,-2.783745881758E-15,-1.));
#8376=DIRECTION('',(1.,-1.224646799147E-16,0.));
#8377=DIRECTION('',(1.,-1.224646799147E-16,0.));
#8378=DIRECTION('',(1.,-1.224646799147E-16,0.));
#8379=DIRECTION('center_axis',(-1.,0.,0.));
#8380=DIRECTION('ref_axis',(0.,0.786040502991275,0.618174997599565));
#8381=DIRECTION('',(1.,-1.224646799147E-16,0.));
#8382=DIRECTION('',(1.,-1.224646799147E-16,0.));
#8383=DIRECTION('center_axis',(-1.,0.,0.));
#8384=DIRECTION('ref_axis',(0.,0.596204489369556,-0.802832614469285));
#8385=DIRECTION('',(1.,-1.224646799147E-16,0.));
#8386=DIRECTION('center_axis',(-1.,0.,0.));
#8387=DIRECTION('ref_axis',(0.,-0.452172278306651,-0.891930619908843));
#8388=DIRECTION('',(1.,-1.224646799147E-16,0.));
#8389=DIRECTION('',(1.,-1.224646799147E-16,0.));
#8390=DIRECTION('center_axis',(1.224646799147E-16,1.,0.));
#8391=DIRECTION('ref_axis',(0.,0.,-1.));
#8392=DIRECTION('',(0.,0.,1.));
#8393=DIRECTION('',(1.,-1.224646799147E-16,0.));
#8394=DIRECTION('center_axis',(-1.6331248597816E-17,-0.133354764893968,
-0.99106836629976));
#8395=DIRECTION('ref_axis',(-1.21370870252471E-16,-0.99106836629976,0.133354764893968));
#8396=DIRECTION('',(1.21370870252471E-16,0.99106836629976,-0.133354764893968));
#8397=DIRECTION('center_axis',(-1.,1.224646799147E-16,0.));
#8398=DIRECTION('ref_axis',(4.27583144589556E-31,3.491481338843E-15,1.));
#8399=DIRECTION('',(1.,-1.224646799147E-16,0.));
#8400=DIRECTION('',(1.,-1.224646799147E-16,0.));
#8401=DIRECTION('center_axis',(-1.224646799147E-16,-1.,0.));
#8402=DIRECTION('ref_axis',(0.,0.,1.));
#8403=DIRECTION('',(1.,-1.224646799147E-16,0.));
#8404=DIRECTION('',(0.,0.,-1.));
#8405=DIRECTION('',(1.,-1.224646799147E-16,0.));
#8406=DIRECTION('center_axis',(-1.,0.,0.));
#8407=DIRECTION('ref_axis',(0.,0.532482749631663,-0.846440855195863));
#8408=DIRECTION('',(1.,-1.224646799147E-16,0.));
#8409=DIRECTION('center_axis',(-1.,0.,0.));
#8410=DIRECTION('ref_axis',(0.,-0.654273525187278,-0.756257994495934));
#8411=DIRECTION('',(1.,-1.224646799147E-16,0.));
#8412=DIRECTION('center_axis',(-1.,0.,0.));
#8413=DIRECTION('ref_axis',(0.,0.88463387512324,0.466286292940764));
#8414=DIRECTION('',(1.,-1.224646799147E-16,0.));
#8415=DIRECTION('center_axis',(-1.,0.,0.));
#8416=DIRECTION('ref_axis',(0.,0.87822558377766,-0.478246614204836));
#8417=DIRECTION('',(1.,-1.224646799147E-16,0.));
#8418=DIRECTION('center_axis',(-1.,0.,0.));
#8419=DIRECTION('ref_axis',(0.,0.999979312118231,-0.00643236624803058));
#8420=DIRECTION('',(1.,-1.224646799147E-16,0.));
#8421=DIRECTION('center_axis',(1.,0.,0.));
#8422=DIRECTION('ref_axis',(0.,0.983196813125384,0.18254869668143));
#8423=DIRECTION('',(1.,-1.224646799147E-16,0.));
#8424=DIRECTION('',(1.,-1.224646799147E-16,0.));
#8425=DIRECTION('center_axis',(1.,0.,0.));
#8426=DIRECTION('ref_axis',(0.,0.914599592018958,0.404360713075287));
#8427=DIRECTION('',(1.,-1.224646799147E-16,0.));
#8428=DIRECTION('',(1.,-1.224646799147E-16,0.));
#8429=DIRECTION('center_axis',(1.224646799147E-16,1.,0.));
#8430=DIRECTION('ref_axis',(0.,0.,-1.));
#8431=DIRECTION('',(1.,-1.224646799147E-16,0.));
#8432=DIRECTION('',(0.,0.,1.));
#8433=DIRECTION('',(1.,-1.224646799147E-16,0.));
#8434=DIRECTION('',(1.,-1.224646799147E-16,0.));
#8435=DIRECTION('',(1.,-1.224646799147E-16,0.));
#8436=DIRECTION('',(1.,-1.224646799147E-16,0.));
#8437=DIRECTION('center_axis',(-1.,0.,0.));
#8438=DIRECTION('ref_axis',(0.,0.869140855119134,-0.49456463072361));
#8439=DIRECTION('',(1.,-1.224646799147E-16,0.));
#8440=DIRECTION('center_axis',(-1.,0.,0.));
#8441=DIRECTION('ref_axis',(0.,0.999524280599646,0.0308417329564942));
#8442=DIRECTION('',(1.,-1.224646799147E-16,0.));
#8443=DIRECTION('center_axis',(1.,0.,0.));
#8444=DIRECTION('ref_axis',(0.,0.985528420534578,0.16951027201506));
#8445=DIRECTION('',(1.,-1.224646799147E-16,0.));
#8446=DIRECTION('center_axis',(1.,0.,0.));
#8447=DIRECTION('ref_axis',(0.,0.837266990018219,0.546794282546765));
#8448=DIRECTION('center_axis',(1.,-1.224646799147E-16,0.));
#8449=DIRECTION('ref_axis',(0.,0.,1.));
#8450=DIRECTION('center_axis',(-4.524782229261E-31,-3.694765080357E-15,
-1.));
#8451=DIRECTION('ref_axis',(-1.224646799147E-16,-1.,3.694765080357E-15));
#8452=DIRECTION('',(1.,-1.224646799147E-16,0.));
#8453=DIRECTION('',(1.224646799147E-16,1.,-3.694765080357E-15));
#8454=DIRECTION('',(1.,-1.224646799147E-16,0.));
#8455=DIRECTION('center_axis',(-1.15128201855179E-16,-0.940093110399828,
-0.340917796218938));
#8456=DIRECTION('ref_axis',(-4.17503887911524E-17,-0.340917796218938,0.940093110399828));
#8457=DIRECTION('',(1.,-1.224646799147E-16,0.));
#8458=DIRECTION('',(4.17503887911524E-17,0.340917796218938,-0.940093110399828));
#8459=DIRECTION('',(1.,-1.224646799147E-16,0.));
#8460=DIRECTION('center_axis',(0.,0.,-1.));
#8461=DIRECTION('ref_axis',(1.,-1.224646799147E-16,0.));
#8462=DIRECTION('',(1.,-1.224646799147E-16,0.));
#8463=DIRECTION('',(1.224646799147E-16,1.,0.));
#8464=DIRECTION('center_axis',(1.18498939542717E-16,0.967617272386139,-0.252421897188036));
#8465=DIRECTION('ref_axis',(-3.09127668425844E-17,-0.252421897188036,-0.967617272386139));
#8466=DIRECTION('',(1.,-1.224646799147E-16,0.));
#8467=DIRECTION('',(3.09127668425845E-17,0.252421897188036,0.967617272386139));
#8468=DIRECTION('center_axis',(1.1567492705263E-16,0.944557460429242,-0.328346164813084));
#8469=DIRECTION('ref_axis',(-4.02108079750103E-17,-0.328346164813084,-0.944557460429242));
#8470=DIRECTION('',(1.,-1.224646799147E-16,0.));
#8471=DIRECTION('',(4.02108079750103E-17,0.328346164813084,0.944557460429242));
#8472=DIRECTION('center_axis',(-4.19450615396E-31,-3.425074198439E-15,-1.));
#8473=DIRECTION('ref_axis',(-1.224646799147E-16,-1.,3.425074198439E-15));
#8474=DIRECTION('',(1.,-1.224646799147E-16,0.));
#8475=DIRECTION('',(1.224646799147E-16,1.,-3.425074198439E-15));
#8476=DIRECTION('center_axis',(-1.13974243167689E-16,-0.930670322635907,
0.365858921668963));
#8477=DIRECTION('ref_axis',(4.48047957361855E-17,0.365858921668963,0.930670322635907));
#8478=DIRECTION('',(1.,-1.224646799147E-16,0.));
#8479=DIRECTION('',(-4.48047957361855E-17,-0.365858921668963,-0.930670322635907));
#8480=DIRECTION('center_axis',(-1.12779830495549E-16,-0.920917203017399,
-0.389758265065169));
#8481=DIRECTION('ref_axis',(-4.77316211753807E-17,-0.389758265065169,0.920917203017399));
#8482=DIRECTION('',(1.,-1.224646799147E-16,0.));
#8483=DIRECTION('',(4.77316211753807E-17,0.389758265065169,-0.920917203017399));
#8484=DIRECTION('',(1.,-1.224646799147E-16,0.));
#8485=DIRECTION('',(1.,-1.224646799147E-16,0.));
#8486=DIRECTION('center_axis',(-1.224646799147E-16,-1.,1.147975939272E-14));
#8487=DIRECTION('ref_axis',(1.405865059528E-30,1.147975939272E-14,1.));
#8488=DIRECTION('',(1.,-1.224646799147E-16,0.));
#8489=DIRECTION('',(-1.405865059528E-30,-1.147975939272E-14,-1.));
#8490=DIRECTION('',(1.,-1.224646799147E-16,0.));
#8491=DIRECTION('center_axis',(-1.,0.,0.));
#8492=DIRECTION('ref_axis',(0.,0.919490988734988,-0.393111080529605));
#8493=DIRECTION('',(1.,-1.224646799147E-16,0.));
#8494=DIRECTION('center_axis',(1.13928982076816E-16,0.930300737781133,0.366797678951053));
#8495=DIRECTION('ref_axis',(4.49197603461964E-17,0.366797678951053,-0.930300737781133));
#8496=DIRECTION('',(-4.49197603461964E-17,-0.366797678951053,0.930300737781133));
#8497=DIRECTION('center_axis',(-1.,1.224646799147E-16,0.));
#8498=DIRECTION('ref_axis',(0.,0.,-1.));
#8499=DIRECTION('center_axis',(1.224646799147E-16,1.,0.));
#8500=DIRECTION('ref_axis',(0.,0.,-1.));
#8501=DIRECTION('',(1.,-1.224646799147E-16,0.));
#8502=DIRECTION('',(0.,0.,1.));
#8503=DIRECTION('',(1.,-1.224646799147E-16,0.));
#8504=DIRECTION('center_axis',(-4.072964282954E-31,-3.325827729097E-15,
-1.));
#8505=DIRECTION('ref_axis',(-1.224646799147E-16,-1.,3.325827729097E-15));
#8506=DIRECTION('',(1.,-1.224646799147E-16,0.));
#8507=DIRECTION('',(1.224646799147E-16,1.,-3.325827729097E-15));
#8508=DIRECTION('center_axis',(1.224646799147E-16,1.,0.));
#8509=DIRECTION('ref_axis',(0.,0.,-1.));
#8510=DIRECTION('',(1.,-1.224646799147E-16,0.));
#8511=DIRECTION('',(0.,0.,1.));
#8512=DIRECTION('center_axis',(4.38139503915E-31,3.577680554263E-15,1.));
#8513=DIRECTION('ref_axis',(1.224646799147E-16,1.,-3.577680554263E-15));
#8514=DIRECTION('',(1.,-1.224646799147E-16,0.));
#8515=DIRECTION('',(-1.224646799147E-16,-1.,3.577680554263E-15));
#8516=DIRECTION('center_axis',(1.224646799147E-16,1.,0.));
#8517=DIRECTION('ref_axis',(0.,0.,-1.));
#8518=DIRECTION('',(1.,-1.224646799147E-16,0.));
#8519=DIRECTION('',(0.,0.,1.));
#8520=DIRECTION('center_axis',(-4.38139503915E-31,-3.577680554263E-15,-1.));
#8521=DIRECTION('ref_axis',(-1.224646799147E-16,-1.,3.577680554263E-15));
#8522=DIRECTION('',(1.,-1.224646799147E-16,0.));
#8523=DIRECTION('',(1.224646799147E-16,1.,-3.577680554263E-15));
#8524=DIRECTION('center_axis',(1.224646799147E-16,1.,-3.99774368633E-15));
#8525=DIRECTION('ref_axis',(-4.895824009276E-31,-3.99774368633E-15,-1.));
#8526=DIRECTION('',(1.,-1.224646799147E-16,0.));
#8527=DIRECTION('',(4.895824009276E-31,3.99774368633E-15,1.));
#8528=DIRECTION('center_axis',(4.059318979958E-31,3.314685493633E-15,1.));
#8529=DIRECTION('ref_axis',(1.224646799147E-16,1.,-3.314685493633E-15));
#8530=DIRECTION('',(1.,-1.224646799147E-16,0.));
#8531=DIRECTION('',(-1.224646799147E-16,-1.,3.314685493633E-15));
#8532=DIRECTION('center_axis',(1.224646799147E-16,1.,0.));
#8533=DIRECTION('ref_axis',(0.,0.,-1.));
#8534=DIRECTION('',(1.,-1.224646799147E-16,0.));
#8535=DIRECTION('',(0.,0.,1.));
#8536=DIRECTION('center_axis',(-4.562956570487E-31,-3.725936795543E-15,
-1.));
#8537=DIRECTION('ref_axis',(-1.224646799147E-16,-1.,3.725936795543E-15));
#8538=DIRECTION('',(1.,-1.224646799147E-16,0.));
#8539=DIRECTION('',(1.224646799147E-16,1.,-3.725936795543E-15));
#8540=DIRECTION('center_axis',(-1.224646799147E-16,-1.,3.83832445962E-15));
#8541=DIRECTION('ref_axis',(4.700591763563E-31,3.83832445962E-15,1.));
#8542=DIRECTION('',(1.,-1.224646799147E-16,0.));
#8543=DIRECTION('',(-4.700591763563E-31,-3.83832445962E-15,-1.));
#8544=DIRECTION('center_axis',(4.36994177258E-31,3.568328252376E-15,1.));
#8545=DIRECTION('ref_axis',(1.224646799147E-16,1.,-3.568328252376E-15));
#8546=DIRECTION('',(-1.224646799147E-16,-1.,3.568328252376E-15));
#8547=DIRECTION('center_axis',(1.,-1.224646799147E-16,0.));
#8548=DIRECTION('ref_axis',(0.,0.,1.));
#8549=DIRECTION('center_axis',(-1.,1.224646799147E-16,0.));
#8550=DIRECTION('ref_axis',(0.,0.,-1.));
#8551=DIRECTION('',(-1.224646799147E-16,-1.,3.488737287641E-15));
#8552=DIRECTION('center_axis',(-1.,0.,0.));
#8553=DIRECTION('ref_axis',(0.,-0.530486932747088,-0.847693113210545));
#8554=DIRECTION('center_axis',(-1.,0.,0.));
#8555=DIRECTION('ref_axis',(0.,0.853949603000887,0.520355720190166));
#8556=DIRECTION('',(1.224646799147E-16,1.,-3.363692940471E-15));
#8557=DIRECTION('',(-6.26745568475E-31,-5.11776594616E-15,-1.));
#8558=DIRECTION('',(0.,0.,-1.));
#8559=DIRECTION('',(1.224646799147E-16,1.,-3.17587252246E-15));
#8560=DIRECTION('center_axis',(-1.,0.,0.));
#8561=DIRECTION('ref_axis',(0.,0.597443169038184,-0.801911254297888));
#8562=DIRECTION('center_axis',(-1.,0.,0.));
#8563=DIRECTION('ref_axis',(0.,0.760071414852187,-0.649839552754827));
#8564=DIRECTION('center_axis',(-1.,0.,0.));
#8565=DIRECTION('ref_axis',(0.,0.784248310988894,0.620447086149227));
#8566=DIRECTION('center_axis',(-1.,0.,0.));
#8567=DIRECTION('ref_axis',(0.,-0.629544902400513,-0.776964102041741));
#8568=DIRECTION('',(-1.224646799147E-16,-1.,3.304472994324E-15));
#8569=DIRECTION('center_axis',(4.272470952376E-31,3.488737287641E-15,1.));
#8570=DIRECTION('ref_axis',(1.224646799147E-16,1.,-3.488737287641E-15));
#8571=DIRECTION('',(1.,-1.224646799147E-16,0.));
#8572=DIRECTION('',(1.,-1.224646799147E-16,0.));
#8573=DIRECTION('',(1.,-1.224646799147E-16,0.));
#8574=DIRECTION('',(1.,-1.224646799147E-16,0.));
#8575=DIRECTION('',(1.,-1.224646799147E-16,0.));
#8576=DIRECTION('',(1.,-1.224646799147E-16,0.));
#8577=DIRECTION('center_axis',(-4.119335792863E-31,-3.363692940471E-15,
-1.));
#8578=DIRECTION('ref_axis',(-1.224646799147E-16,-1.,3.363692940471E-15));
#8579=DIRECTION('',(1.,-1.224646799147E-16,0.));
#8580=DIRECTION('center_axis',(-1.224646799147E-16,-1.,5.11776594616E-15));
#8581=DIRECTION('ref_axis',(6.26745568475E-31,5.11776594616E-15,1.));
#8582=DIRECTION('center_axis',(-3.88932211913E-31,-3.17587252246E-15,-1.));
#8583=DIRECTION('ref_axis',(-1.224646799147E-16,-1.,3.17587252246E-15));
#8584=DIRECTION('',(1.224646799147E-16,1.,-3.17587252246E-15));
#8585=DIRECTION('',(1.,-1.224646799147E-16,0.));
#8586=DIRECTION('',(1.,-1.224646799147E-16,0.));
#8587=DIRECTION('center_axis',(-1.224646799147E-16,-1.,0.));
#8588=DIRECTION('ref_axis',(0.,0.,1.));
#8589=DIRECTION('',(0.,0.,-1.));
#8590=DIRECTION('',(1.,-1.224646799147E-16,0.));
#8591=DIRECTION('center_axis',(4.046812275367E-31,3.304472994324E-15,1.));
#8592=DIRECTION('ref_axis',(1.224646799147E-16,1.,-3.304472994324E-15));
#8593=DIRECTION('',(-1.224646799147E-16,-1.,3.304472994324E-15));
#8594=DIRECTION('',(1.,-1.224646799147E-16,0.));
#8595=DIRECTION('center_axis',(-1.,0.,0.));
#8596=DIRECTION('ref_axis',(0.,-0.629544902400513,-0.776964102041741));
#8597=DIRECTION('',(1.,-1.224646799147E-16,0.));
#8598=DIRECTION('center_axis',(-1.,0.,0.));
#8599=DIRECTION('ref_axis',(0.,0.784248310988894,0.620447086149227));
#8600=DIRECTION('',(1.,-1.224646799147E-16,0.));
#8601=DIRECTION('center_axis',(-1.,0.,0.));
#8602=DIRECTION('ref_axis',(0.,0.760071414852187,-0.649839552754827));
#8603=DIRECTION('',(1.,-1.224646799147E-16,0.));
#8604=DIRECTION('center_axis',(-1.,0.,0.));
#8605=DIRECTION('ref_axis',(0.,0.597443169038184,-0.801911254297888));
#8606=DIRECTION('center_axis',(-1.,1.224646799147E-16,0.));
#8607=DIRECTION('ref_axis',(4.27583144589556E-31,3.491481338843E-15,1.));
#8608=DIRECTION('center_axis',(1.,-1.224646799147E-16,0.));
#8609=DIRECTION('ref_axis',(0.,0.,1.));
#8610=DIRECTION('',(4.35895545544894E-17,0.355935724363995,0.934510438743987));
#8611=DIRECTION('',(1.224646799147E-16,1.,-2.317210692181E-15));
#8612=DIRECTION('',(4.35895545551678E-17,0.3559357243699,-0.934510438741738));
#8613=DIRECTION('',(-1.224646799147E-16,-1.,3.363692940391E-15));
#8614=DIRECTION('',(-4.06005216368032E-17,-0.331528418357945,0.943445233079843));
#8615=DIRECTION('',(-1.224646799147E-16,-1.,3.45661263488E-15));
#8616=DIRECTION('',(-4.27886055602939E-17,-0.349395479497032,-0.936975345944086));
#8617=DIRECTION('',(-1.224646799147E-16,-1.,3.363692940552E-15));
#8618=DIRECTION('',(-1.224646799147E-16,-1.,3.335512725385E-15));
#8619=DIRECTION('',(4.14585846149239E-17,0.338535034295868,-0.940953787682634));
#8620=DIRECTION('',(1.224646799147E-16,1.,0.));
#8621=DIRECTION('',(4.18344037831264E-17,0.341603830689971,0.93984404177392));
#8622=DIRECTION('center_axis',(1.14444521757698E-16,0.934510438743987,-0.355935724363995));
#8623=DIRECTION('ref_axis',(-4.35895545544894E-17,-0.355935724363995,-0.934510438743987));
#8624=DIRECTION('',(1.,-1.224646799147E-16,0.));
#8625=DIRECTION('',(1.,-1.224646799147E-16,0.));
#8626=DIRECTION('center_axis',(-2.837764657129E-31,-2.317210692181E-15,
-1.));
#8627=DIRECTION('ref_axis',(-1.224646799147E-16,-1.,2.317210692181E-15));
#8628=DIRECTION('',(1.,-1.224646799147E-16,0.));
#8629=DIRECTION('center_axis',(-1.14444521757468E-16,-0.934510438741738,
-0.3559357243699));
#8630=DIRECTION('ref_axis',(-4.35895545551678E-17,-0.3559357243699,0.934510438741738));
#8631=DIRECTION('',(1.,-1.224646799147E-16,0.));
#8632=DIRECTION('center_axis',(4.119335792764E-31,3.363692940391E-15,1.));
#8633=DIRECTION('ref_axis',(1.224646799147E-16,1.,-3.363692940391E-15));
#8634=DIRECTION('',(1.,-1.224646799147E-16,0.));
#8635=DIRECTION('center_axis',(1.15538718486181E-16,0.943445233079843,0.331528418357945));
#8636=DIRECTION('ref_axis',(4.06005216368032E-17,0.331528418357945,-0.943445233079843));
#8637=DIRECTION('',(1.,-1.224646799147E-16,0.));
#8638=DIRECTION('center_axis',(4.233129599199E-31,3.45661263488E-15,1.));
#8639=DIRECTION('ref_axis',(1.224646799147E-16,1.,-3.45661263488E-15));
#8640=DIRECTION('',(1.,-1.224646799147E-16,0.));
#8641=DIRECTION('center_axis',(-1.1474638582901E-16,-0.936975345944086,
0.349395479497032));
#8642=DIRECTION('ref_axis',(4.27886055602939E-17,0.349395479497032,0.936975345944086));
#8643=DIRECTION('',(1.,-1.224646799147E-16,0.));
#8644=DIRECTION('center_axis',(4.119335792961E-31,3.363692940552E-15,1.));
#8645=DIRECTION('ref_axis',(1.224646799147E-16,1.,-3.363692940552E-15));
#8646=DIRECTION('center_axis',(4.084824982658E-31,3.335512725385E-15,1.));
#8647=DIRECTION('ref_axis',(1.224646799147E-16,1.,-3.335512725385E-15));
#8648=DIRECTION('',(-1.224646799147E-16,-1.,3.335512725385E-15));
#8649=DIRECTION('',(1.,-1.224646799147E-16,0.));
#8650=DIRECTION('',(1.,-1.224646799147E-16,0.));
#8651=DIRECTION('center_axis',(1.1509769974559E-16,0.93984404177392,-0.341603830689971));
#8652=DIRECTION('ref_axis',(-4.18344037831264E-17,-0.341603830689971,-0.93984404177392));
#8653=DIRECTION('',(4.18344037831264E-17,0.341603830689971,0.93984404177392));
#8654=DIRECTION('',(1.,-1.224646799147E-16,0.));
#8655=DIRECTION('',(1.,-1.224646799147E-16,0.));
#8656=DIRECTION('center_axis',(0.,0.,-1.));
#8657=DIRECTION('ref_axis',(1.,-1.224646799147E-16,0.));
#8658=DIRECTION('',(1.224646799147E-16,1.,0.));
#8659=DIRECTION('',(1.,-1.224646799147E-16,0.));
#8660=DIRECTION('',(1.,-1.224646799147E-16,0.));
#8661=DIRECTION('center_axis',(-1.15233604423055E-16,-0.940953787682634,
-0.338535034295868));
#8662=DIRECTION('ref_axis',(-4.14585846149239E-17,-0.338535034295868,0.940953787682634));
#8663=DIRECTION('',(4.14585846149239E-17,0.338535034295868,-0.940953787682634));
#8664=DIRECTION('center_axis',(-1.,1.224646799147E-16,0.));
#8665=DIRECTION('ref_axis',(4.27583144589556E-31,3.491481338843E-15,1.));
#8666=DIRECTION('center_axis',(1.,-1.224646799147E-16,0.));
#8667=DIRECTION('ref_axis',(0.,0.,1.));
#8668=DIRECTION('center_axis',(-1.,0.,0.));
#8669=DIRECTION('ref_axis',(0.,0.920725708780539,0.390210416558265));
#8670=DIRECTION('center_axis',(-1.,0.,0.));
#8671=DIRECTION('ref_axis',(0.,-0.205096093278376,-0.978741841611948));
#8672=DIRECTION('center_axis',(-1.,0.,0.));
#8673=DIRECTION('ref_axis',(0.,-0.262599535999802,-0.964904909145294));
#8674=DIRECTION('center_axis',(-1.,0.,0.));
#8675=DIRECTION('ref_axis',(0.,-0.0544811982059354,-0.998514796606463));
#8676=DIRECTION('center_axis',(-1.,0.,0.));
#8677=DIRECTION('ref_axis',(0.,-0.480678537993086,-0.876896882827639));
#8678=DIRECTION('center_axis',(-1.,0.,0.));
#8679=DIRECTION('ref_axis',(0.,0.518460629055208,-0.855101500477971));
#8680=DIRECTION('',(0.,0.,1.));
#8681=DIRECTION('',(-1.08270405096266E-16,-0.884094950247724,0.467307306754854));
#8682=DIRECTION('',(6.18303409472991E-17,0.504883048650075,0.863187758941128));
#8683=DIRECTION('',(1.08546427325771E-16,0.886348842795766,-0.463018065386878));
#8684=DIRECTION('',(0.,-1.,0.));
#8685=DIRECTION('',(1.224646799147E-16,1.,-3.499069868135E-15));
#8686=DIRECTION('',(-1.224646799147E-16,-1.,3.395324350045E-15));
#8687=DIRECTION('center_axis',(-1.,0.,0.));
#8688=DIRECTION('ref_axis',(0.,-0.303329698852662,-0.952885666695618));
#8689=DIRECTION('center_axis',(-1.,0.,0.));
#8690=DIRECTION('ref_axis',(0.,-0.290503965642694,-0.956873787887341));
#8691=DIRECTION('',(1.,-1.224646799147E-16,0.));
#8692=DIRECTION('',(1.,-1.224646799147E-16,0.));
#8693=DIRECTION('',(1.,-1.224646799147E-16,0.));
#8694=DIRECTION('',(1.,-1.224646799147E-16,0.));
#8695=DIRECTION('',(1.,-1.224646799147E-16,0.));
#8696=DIRECTION('',(1.,-1.224646799147E-16,0.));
#8697=DIRECTION('',(1.,-1.224646799147E-16,0.));
#8698=DIRECTION('',(1.,-1.224646799147E-16,0.));
#8699=DIRECTION('',(1.,-1.224646799147E-16,0.));
#8700=DIRECTION('',(1.,-1.224646799147E-16,0.));
#8701=DIRECTION('',(1.,-1.224646799147E-16,0.));
#8702=DIRECTION('',(1.,-1.224646799147E-16,0.));
#8703=DIRECTION('',(1.,-1.224646799147E-16,0.));
#8704=DIRECTION('center_axis',(1.224646799147E-16,1.,0.));
#8705=DIRECTION('ref_axis',(0.,0.,-1.));
#8706=DIRECTION('',(1.,-1.224646799147E-16,0.));
#8707=DIRECTION('center_axis',(5.72286397434921E-17,0.467307306754854,0.884094950247724));
#8708=DIRECTION('ref_axis',(1.08270405096266E-16,0.884094950247724,-0.467307306754854));
#8709=DIRECTION('',(1.,-1.224646799147E-16,0.));
#8710=DIRECTION('center_axis',(1.05710012605116E-16,0.863187758941128,-0.504883048650075));
#8711=DIRECTION('ref_axis',(-6.18303409472991E-17,-0.504883048650075,-0.863187758941128));
#8712=DIRECTION('',(1.,-1.224646799147E-16,0.));
#8713=DIRECTION('center_axis',(-5.6703359172305E-17,-0.463018065386878,
-0.886348842795766));
#8714=DIRECTION('ref_axis',(-1.08546427325771E-16,-0.886348842795766,0.463018065386878));
#8715=DIRECTION('',(1.,-1.224646799147E-16,0.));
#8716=DIRECTION('',(1.,-1.224646799147E-16,0.));
#8717=DIRECTION('',(1.,-1.224646799147E-16,0.));
#8718=DIRECTION('',(1.,-1.224646799147E-16,0.));
#8719=DIRECTION('',(1.,-1.224646799147E-16,0.));
#8720=DIRECTION('',(1.,-1.224646799147E-16,0.));
#8721=DIRECTION('',(1.,-1.224646799147E-16,0.));
#8722=DIRECTION('',(1.,-1.224646799147E-16,0.));
#8723=DIRECTION('center_axis',(0.,0.,1.));
#8724=DIRECTION('ref_axis',(-1.,1.224646799147E-16,0.));
#8725=DIRECTION('',(1.,-1.224646799147E-16,0.));
#8726=DIRECTION('',(1.,-1.224646799147E-16,0.));
#8727=DIRECTION('',(1.,-1.224646799147E-16,0.));
#8728=DIRECTION('center_axis',(-4.285124714004E-31,-3.499069868135E-15,
-1.));
#8729=DIRECTION('ref_axis',(-1.224646799147E-16,-1.,3.499069868135E-15));
#8730=DIRECTION('',(1.,-1.224646799147E-16,0.));
#8731=DIRECTION('',(1.,-1.224646799147E-16,0.));
#8732=DIRECTION('',(1.,-1.224646799147E-16,0.));
#8733=DIRECTION('',(1.,-1.224646799147E-16,0.));
#8734=DIRECTION('center_axis',(4.591216726349E-31,3.74901296402E-15,1.));
#8735=DIRECTION('ref_axis',(1.224646799147E-16,1.,-3.74901296402E-15));
#8736=DIRECTION('',(1.,-1.224646799147E-16,0.));
#8737=DIRECTION('',(1.,-1.224646799147E-16,0.));
#8738=DIRECTION('',(1.,-1.224646799147E-16,0.));
#8739=DIRECTION('',(1.,-1.224646799147E-16,0.));
#8740=DIRECTION('center_axis',(-1.,1.224646799147E-16,0.));
#8741=DIRECTION('ref_axis',(4.27583144589556E-31,3.491481338843E-15,1.));
#8742=DIRECTION('',(0.,0.,1.));
#8743=DIRECTION('',(-1.,1.224646799147E-16,0.));
#8744=CARTESIAN_POINT('',(0.,0.,0.));
#8745=CARTESIAN_POINT('',(0.,0.,0.));
#8746=CARTESIAN_POINT('Origin',(-3.555999965983,3.852651255485,1.834000129028));
#8747=CARTESIAN_POINT('',(-3.555999965983,3.344651260344,1.834000129028));
#8748=CARTESIAN_POINT('',(-3.555999965983,1.41425127881,1.834000129028));
#8749=CARTESIAN_POINT('',(-3.555999965983,3.344651260344,1.834000129028));
#8750=CARTESIAN_POINT('',(-3.555999965983,1.41425127881,1.021200136804));
#8751=CARTESIAN_POINT('',(-3.555999965983,1.41425127881,1.834000129028));
#8752=CARTESIAN_POINT('',(-3.555999965983,2.735051266176,0.386200142878));
#8753=CARTESIAN_POINT('',(-3.555999965983,1.41425127881,1.021200136804));
#8754=CARTESIAN_POINT('',(-3.555999965983,2.735051266176,0.005200146522843));
#8755=CARTESIAN_POINT('',(-3.555999965983,2.735051266176,0.386200142878));
#8756=CARTESIAN_POINT('',(-3.555999965983,0.499851287558,0.00520014652285));
#8757=CARTESIAN_POINT('',(-3.555999965983,2.735051266176,0.005200146522843));
#8758=CARTESIAN_POINT('',(-3.555999965983,0.499851287558,0.513200141663));
#8759=CARTESIAN_POINT('',(-3.555999965983,0.499851287558,0.00520014652285));
#8760=CARTESIAN_POINT('',(-3.555999965983,-0.732048700658,0.513200141663));
#8761=CARTESIAN_POINT('',(-3.555999965983,0.499851287558,0.513200141663));
#8762=CARTESIAN_POINT('',(-3.555999965983,-0.732048700658,-0.756799846188));
#8763=CARTESIAN_POINT('',(-3.555999965983,-0.732048700658,-0.756799846188));
#8764=CARTESIAN_POINT('',(-3.555999965983,-1.722648691182,-0.756799846188));
#8765=CARTESIAN_POINT('',(-3.555999965983,-0.732048700658,-0.756799846188));
#8766=CARTESIAN_POINT('',(-3.555999965983,-1.722648691182,0.360800143121));
#8767=CARTESIAN_POINT('',(-3.555999965983,-1.722648691182,-0.756799846188));
#8768=CARTESIAN_POINT('',(-3.555999965983,-2.027448688266,0.360800143121));
#8769=CARTESIAN_POINT('Origin',(-3.555999965983,-1.875048689724,0.360800143121));
#8770=CARTESIAN_POINT('',(-3.555999965983,-2.027448688266,0.00520014652286));
#8771=CARTESIAN_POINT('',(-3.555999965983,-2.027448688266,0.360800143121));
#8772=CARTESIAN_POINT('',(-3.555999965983,-2.484648683893,0.005200146522862));
#8773=CARTESIAN_POINT('',(-3.555999965983,-2.027448688266,0.00520014652286));
#8774=CARTESIAN_POINT('',(-3.555999965983,-2.738648681463,0.259200144093));
#8775=CARTESIAN_POINT('Origin',(-3.555999965983,-2.484648683893,0.259200144093));
#8776=CARTESIAN_POINT('',(-3.555999965983,-2.738648681463,1.834000129028));
#8777=CARTESIAN_POINT('',(-3.555999965983,-2.738648681463,0.259200144093));
#8778=CARTESIAN_POINT('',(-3.555999965983,-1.392448694341,2.850000119309));
#8779=CARTESIAN_POINT('',(-3.555999965983,-2.738648681463,1.834000129028));
#8780=CARTESIAN_POINT('',(-3.555999965983,0.169651290716,2.850000119309));
#8781=CARTESIAN_POINT('',(-3.555999965983,-1.392448694341,2.850000119309));
#8782=CARTESIAN_POINT('',(-3.555999965983,0.677651285857,3.722688654928));
#8783=CARTESIAN_POINT('Origin',(-3.555999965983,0.169651290716,3.434200113721));
#8784=CARTESIAN_POINT('',(-3.555999965983,0.677651285857,5.034400098413));
#8785=CARTESIAN_POINT('',(-3.555999965983,0.677651285857,3.722688654928));
#8786=CARTESIAN_POINT('',(-3.555999965983,3.344651260344,5.034400098413));
#8787=CARTESIAN_POINT('',(-3.555999965983,0.677651285857,5.034400098413));
#8788=CARTESIAN_POINT('',(-3.555999965983,3.344651260344,1.834000129028));
#8789=CARTESIAN_POINT('',(-3.555999965983,-0.724053711292,1.629378553875));
#8790=CARTESIAN_POINT('',(-3.555999965983,-0.589058476447,1.629378553875));
#8791=CARTESIAN_POINT('',(-3.555999965983,-0.589058476447,1.629378553875));
#8792=CARTESIAN_POINT('',(-3.555999965983,-0.724053711292,1.590734218355));
#8793=CARTESIAN_POINT('',(-3.555999965983,-0.724053711292,1.629378553875));
#8794=CARTESIAN_POINT('',(-3.555999965983,-0.545301997887,1.590734218355));
#8795=CARTESIAN_POINT('',(-3.555999965983,-0.724053711292,1.590734218355));
#8796=CARTESIAN_POINT('',(-3.555999965983,-0.545301997887,1.929695295831));
#8797=CARTESIAN_POINT('',(-3.555999965983,-0.545301997887,1.590734218355));
#8798=CARTESIAN_POINT('',(-3.555999965983,-0.589058476447,1.929695295831));
#8799=CARTESIAN_POINT('',(-3.555999965983,-0.545301997887,1.929695295831));
#8800=CARTESIAN_POINT('',(-3.555999965983,-0.589058476447,1.929695295831));
#8801=CARTESIAN_POINT('',(-3.555999965983,-0.99170472569,1.604770950091));
#8802=CARTESIAN_POINT('',(-3.555999965983,-0.99170472569,1.646707852315));
#8803=CARTESIAN_POINT('',(-3.555999965983,-0.99170472569,1.646707852315));
#8804=CARTESIAN_POINT('',(-3.555999965983,-0.897866574639,1.585015549869));
#8805=CARTESIAN_POINT('Ctrl Pts',(-3.555999965983,-0.897866574639,1.585015549869));
#8806=CARTESIAN_POINT('Ctrl Pts',(-3.555999965983,-0.935471152253,1.585015549869));
#8807=CARTESIAN_POINT('Ctrl Pts',(-3.555999965983,-0.966750535937,1.591600683276));
#8808=CARTESIAN_POINT('Ctrl Pts',(-3.555999965983,-0.99170472569,1.604770950091));
#8809=CARTESIAN_POINT('',(-3.555999965983,-0.781413689126,1.631284776703));
#8810=CARTESIAN_POINT('Ctrl Pts',(-3.555999965983,-0.781413689126,1.631284776703));
#8811=CARTESIAN_POINT('Ctrl Pts',(-3.555999965983,-0.810440264012,1.600438625481));
#8812=CARTESIAN_POINT('Ctrl Pts',(-3.555999965983,-0.849257892517,1.585015549869));
#8813=CARTESIAN_POINT('Ctrl Pts',(-3.555999965983,-0.897866574639,1.585015549869));
#8814=CARTESIAN_POINT('',(-3.555999965983,-0.737917150043,1.75380291667));
#8815=CARTESIAN_POINT('Origin',(-3.555999965983,-15.3997508792168,11.8141416875445));
#8816=CARTESIAN_POINT('',(-3.555999965983,-0.786872418134,1.88550558481));
#8817=CARTESIAN_POINT('Ctrl Pts',(-3.555999965983,-0.786872418134,1.88550558481));
#8818=CARTESIAN_POINT('Ctrl Pts',(-3.555999965983,-0.754206690576,1.852233331807));
#8819=CARTESIAN_POINT('Ctrl Pts',(-3.555999965983,-0.737917150043,1.808390206754));
#8820=CARTESIAN_POINT('Ctrl Pts',(-3.555999965983,-0.737917150043,1.75380291667));
#8821=CARTESIAN_POINT('',(-3.555999965983,-0.911383427422,1.935413964317));
#8822=CARTESIAN_POINT('Ctrl Pts',(-3.555999965983,-0.911383427422,1.935413964317));
#8823=CARTESIAN_POINT('Ctrl Pts',(-3.555999965983,-0.861041815456,1.935413964317));
#8824=CARTESIAN_POINT('Ctrl Pts',(-3.555999965983,-0.819538145693,1.918777837815));
#8825=CARTESIAN_POINT('Ctrl Pts',(-3.555999965983,-0.786872418134,1.88550558481));
#8826=CARTESIAN_POINT('',(-3.555999965983,-0.99170472569,1.921550525565));
#8827=CARTESIAN_POINT('Origin',(-3.555999965983,0.992574833247215,0.294677305809329));
#8828=CARTESIAN_POINT('',(-3.555999965983,-0.99170472569,1.875801177686));
#8829=CARTESIAN_POINT('',(-3.555999965983,-0.99170472569,1.921550525565));
#8830=CARTESIAN_POINT('',(-3.555999965983,-0.911816659884,1.895903163873));
#8831=CARTESIAN_POINT('Ctrl Pts',(-3.555999965983,-0.911816659884,1.895903163873));
#8832=CARTESIAN_POINT('Ctrl Pts',(-3.555999965983,-0.940843234769,1.895903163873));
#8833=CARTESIAN_POINT('Ctrl Pts',(-3.555999965983,-0.967443707874,1.889318030467));
#8834=CARTESIAN_POINT('Ctrl Pts',(-3.555999965983,-0.99170472569,1.875801177686));
#8835=CARTESIAN_POINT('',(-3.555999965983,-0.819451499201,1.858298586261));
#8836=CARTESIAN_POINT('Ctrl Pts',(-3.555999965983,-0.819451499201,1.858298586261));
#8837=CARTESIAN_POINT('Ctrl Pts',(-3.555999965983,-0.843279284555,1.883426068997));
#8838=CARTESIAN_POINT('Ctrl Pts',(-3.555999965983,-0.874038789286,1.895903163873));
#8839=CARTESIAN_POINT('Ctrl Pts',(-3.555999965983,-0.911816659884,1.895903163873));
#8840=CARTESIAN_POINT('',(-3.555999965983,-0.783839790908,1.756402311437));
#8841=CARTESIAN_POINT('Ctrl Pts',(-3.555999965983,-0.783839790908,1.756402311437));
#8842=CARTESIAN_POINT('Ctrl Pts',(-3.555999965983,-0.783839790908,1.799032385598));
#8843=CARTESIAN_POINT('Ctrl Pts',(-3.555999965983,-0.795710360338,1.832997810538));
#8844=CARTESIAN_POINT('Ctrl Pts',(-3.555999965983,-0.819451499201,1.858298586261));
#8845=CARTESIAN_POINT('',(-3.555999965983,-0.817112043911,1.659704826144));
#8846=CARTESIAN_POINT('Ctrl Pts',(-3.555999965983,-0.817112043911,1.659704826144));
#8847=CARTESIAN_POINT('Ctrl Pts',(-3.555999965983,-0.794930541908,1.683619257991));
#8848=CARTESIAN_POINT('Ctrl Pts',(-3.555999965983,-0.783839790908,1.715851753089));
#8849=CARTESIAN_POINT('Ctrl Pts',(-3.555999965983,-0.783839790908,1.756402311437));
#8850=CARTESIAN_POINT('',(-3.555999965983,-0.90419176857,1.624006471358));
#8851=CARTESIAN_POINT('Origin',(-3.555999965983,-6.40055281911569,11.3489876601212));
#8852=CARTESIAN_POINT('Origin',(-3.555999965983,0.80061563829892,4.71602621277541));
#8853=CARTESIAN_POINT('',(-3.555999965983,-1.241853148663,1.629378553875));
#8854=CARTESIAN_POINT('',(-3.555999965983,-1.10330540764,1.629378553875));
#8855=CARTESIAN_POINT('',(-3.555999965983,-1.10330540764,1.629378553875));
#8856=CARTESIAN_POINT('',(-3.555999965983,-1.241853148663,1.590734218355));
#8857=CARTESIAN_POINT('',(-3.555999965983,-1.241853148663,1.629378553875));
#8858=CARTESIAN_POINT('',(-3.555999965983,-1.059548929081,1.590734218355));
#8859=CARTESIAN_POINT('',(-3.555999965983,-1.241853148663,1.590734218355));
#8860=CARTESIAN_POINT('',(-3.555999965983,-1.059548929081,1.929695295831));
#8861=CARTESIAN_POINT('',(-3.555999965983,-1.059548929081,1.590734218355));
#8862=CARTESIAN_POINT('',(-3.555999965983,-1.234141610858,1.929695295831));
#8863=CARTESIAN_POINT('',(-3.555999965983,-1.059548929081,1.929695295831));
#8864=CARTESIAN_POINT('',(-3.555999965983,-1.234141610858,1.890704374343));
#8865=CARTESIAN_POINT('',(-3.555999965983,-1.234141610858,1.929695295831));
#8866=CARTESIAN_POINT('',(-3.555999965983,-1.10330540764,1.890704374343));
#8867=CARTESIAN_POINT('',(-3.555999965983,-1.234141610858,1.890704374343));
#8868=CARTESIAN_POINT('',(-3.555999965983,-1.10330540764,1.78222296611));
#8869=CARTESIAN_POINT('',(-3.555999965983,-1.10330540764,1.890704374343));
#8870=CARTESIAN_POINT('',(-3.555999965983,-1.224523850224,1.78222296611));
#8871=CARTESIAN_POINT('',(-3.555999965983,-1.10330540764,1.78222296611));
#8872=CARTESIAN_POINT('',(-3.555999965983,-1.224523850224,1.743405337606));
#8873=CARTESIAN_POINT('',(-3.555999965983,-1.224523850224,1.78222296611));
#8874=CARTESIAN_POINT('',(-3.555999965983,-1.10330540764,1.743405337606));
#8875=CARTESIAN_POINT('',(-3.555999965983,-1.224523850224,1.743405337606));
#8876=CARTESIAN_POINT('',(-3.555999965983,-1.10330540764,1.743405337606));
#8877=CARTESIAN_POINT('',(-3.555999965983,-1.776548652015,1.929695295831));
#8878=CARTESIAN_POINT('',(-3.555999965983,-1.729759546229,1.929695295831));
#8879=CARTESIAN_POINT('',(-3.555999965983,-1.729759546229,1.929695295831));
#8880=CARTESIAN_POINT('',(-3.555999965983,-1.90565192539,1.590734218355));
#8881=CARTESIAN_POINT('',(-3.555999965983,-1.776548652015,1.929695295831));
#8882=CARTESIAN_POINT('',(-3.555999965983,-1.857303182744,1.590734218355));
#8883=CARTESIAN_POINT('',(-3.555999965983,-1.90565192539,1.590734218355));
#8884=CARTESIAN_POINT('',(-3.555999965983,-1.822731232357,1.683445965007));
#8885=CARTESIAN_POINT('',(-3.555999965983,-1.857303182744,1.590734218355));
#8886=CARTESIAN_POINT('',(-3.555999965983,-1.681584096566,1.683445965007));
#8887=CARTESIAN_POINT('',(-3.555999965983,-1.822731232357,1.683445965007));
#8888=CARTESIAN_POINT('',(-3.555999965983,-1.6490050155,1.590734218355));
#8889=CARTESIAN_POINT('',(-3.555999965983,-1.681584096566,1.683445965007));
#8890=CARTESIAN_POINT('',(-3.555999965983,-1.600656272856,1.590734218355));
#8891=CARTESIAN_POINT('',(-3.555999965983,-1.6490050155,1.590734218355));
#8892=CARTESIAN_POINT('',(-3.555999965983,-1.600656272856,1.590734218355));
#8893=CARTESIAN_POINT('',(-3.555999965983,-0.727606217471,1.091650423297));
#8894=CARTESIAN_POINT('',(-3.555999965983,-0.589058476447,1.091650423297));
#8895=CARTESIAN_POINT('',(-3.555999965983,-0.589058476447,1.091650423297));
#8896=CARTESIAN_POINT('',(-3.555999965983,-0.727606217471,1.053006087777));
#8897=CARTESIAN_POINT('',(-3.555999965983,-0.727606217471,1.091650423297));
#8898=CARTESIAN_POINT('',(-3.555999965983,-0.545301997887,1.053006087777));
#8899=CARTESIAN_POINT('',(-3.555999965983,-0.727606217471,1.053006087777));
#8900=CARTESIAN_POINT('',(-3.555999965983,-0.545301997887,1.391967165254));
#8901=CARTESIAN_POINT('',(-3.555999965983,-0.545301997887,1.053006087777));
#8902=CARTESIAN_POINT('',(-3.555999965983,-0.719894679665,1.391967165254));
#8903=CARTESIAN_POINT('',(-3.555999965983,-0.545301997887,1.391967165254));
#8904=CARTESIAN_POINT('',(-3.555999965983,-0.719894679665,1.352976243765));
#8905=CARTESIAN_POINT('',(-3.555999965983,-0.719894679665,1.391967165254));
#8906=CARTESIAN_POINT('',(-3.555999965983,-0.589058476447,1.352976243765));
#8907=CARTESIAN_POINT('',(-3.555999965983,-0.719894679665,1.352976243765));
#8908=CARTESIAN_POINT('',(-3.555999965983,-0.589058476447,1.244494835533));
#8909=CARTESIAN_POINT('',(-3.555999965983,-0.589058476447,1.352976243765));
#8910=CARTESIAN_POINT('',(-3.555999965983,-0.710276919032,1.244494835533));
#8911=CARTESIAN_POINT('',(-3.555999965983,-0.589058476447,1.244494835533));
#8912=CARTESIAN_POINT('',(-3.555999965983,-0.710276919032,1.205677207029));
#8913=CARTESIAN_POINT('',(-3.555999965983,-0.710276919032,1.244494835533));
#8914=CARTESIAN_POINT('',(-3.555999965983,-0.589058476447,1.205677207029));
#8915=CARTESIAN_POINT('',(-3.555999965983,-0.710276919032,1.205677207029));
#8916=CARTESIAN_POINT('',(-3.555999965983,-0.589058476447,1.205677207029));
#8917=CARTESIAN_POINT('',(-3.555999965983,-1.82359769728,1.053006087777));
#8918=CARTESIAN_POINT('',(-3.555999965983,-1.955213718926,1.100488365501));
#8919=CARTESIAN_POINT('Origin',(-3.555999965983,16.5567347205635,30.6209017215061));
#8920=CARTESIAN_POINT('',(-3.555999965983,-1.730366071676,1.053006087777));
#8921=CARTESIAN_POINT('',(-3.555999965983,-1.82359769728,1.053006087777));
#8922=CARTESIAN_POINT('',(-3.555999965983,-1.730366071676,1.391967165254));
#8923=CARTESIAN_POINT('',(-3.555999965983,-1.730366071676,1.053006087777));
#8924=CARTESIAN_POINT('',(-3.555999965983,-1.827063556966,1.391967165254));
#8925=CARTESIAN_POINT('',(-3.555999965983,-1.730366071676,1.391967165254));
#8926=CARTESIAN_POINT('',(-3.555999965983,-1.955213718926,1.347084282296));
#8927=CARTESIAN_POINT('Ctrl Pts',(-3.555999965983,-1.955213718926,1.347084282296));
#8928=CARTESIAN_POINT('Ctrl Pts',(-3.555999965983,-1.921161647494,1.377063968594));
#8929=CARTESIAN_POINT('Ctrl Pts',(-3.555999965983,-1.878444926839,1.391967165254));
#8930=CARTESIAN_POINT('Ctrl Pts',(-3.555999965983,-1.827063556966,1.391967165254));
#8931=CARTESIAN_POINT('',(-3.555999965983,-2.006335149324,1.226818951124));
#8932=CARTESIAN_POINT('Ctrl Pts',(-3.555999965983,-2.006335149324,1.226818951124));
#8933=CARTESIAN_POINT('Ctrl Pts',(-3.555999965983,-2.006335149324,1.277073916599));
#8934=CARTESIAN_POINT('Ctrl Pts',(-3.555999965983,-1.98926579036,1.317104595995));
#8935=CARTESIAN_POINT('Ctrl Pts',(-3.555999965983,-1.955213718926,1.347084282296));
#8936=CARTESIAN_POINT('Origin',(-3.555999965983,36.1899021758384,24.3939696464706));
#8937=CARTESIAN_POINT('',(-3.555999965983,-0.02911162434937,1.704934631775));
#8938=CARTESIAN_POINT('',(-3.555999965983,0.101027256531,1.895322943042));
#8939=CARTESIAN_POINT('Origin',(-3.555999965983,0.424039320583805,1.62226927659407));
#8940=CARTESIAN_POINT('',(-3.555999965983,-0.267699450051,1.389227518625));
#8941=CARTESIAN_POINT('Ctrl Pts',(-3.555999965983,-0.267699450051,1.389227518625));
#8942=CARTESIAN_POINT('Ctrl Pts',(-3.555999965983,-0.26528950823,1.533826142366));
#8943=CARTESIAN_POINT('Ctrl Pts',(-3.555999965983,-0.166480330692,1.661555035457));
#8944=CARTESIAN_POINT('Ctrl Pts',(-3.555999965983,-0.02911162434937,1.704934631775));
#8945=CARTESIAN_POINT('',(-3.555999965983,-0.178530223665,1.160279552141));
#8946=CARTESIAN_POINT('Origin',(-3.555999965983,0.066876622602017,1.39132626292677));
#8947=CARTESIAN_POINT('',(-3.555999965983,0.04077779166589,1.051830515384));
#8948=CARTESIAN_POINT('Origin',(-3.555999965983,0.0935886133524008,1.46063748819857));
#8949=CARTESIAN_POINT('',(-3.555999965983,0.182966473586,1.051830515384));
#8950=CARTESIAN_POINT('',(-3.555999965983,0.04800770906361,1.051830515384));
#8951=CARTESIAN_POINT('',(-3.555999965983,0.252855889601,1.126539815045));
#8952=CARTESIAN_POINT('Ctrl Pts',(-3.555999965983,0.252855889601,1.126539815045));
#8953=CARTESIAN_POINT('Ctrl Pts',(-3.555999965983,0.252855889601,1.087980194304));
#8954=CARTESIAN_POINT('Ctrl Pts',(-3.555999965983,0.22152618626,1.054240457205));
#8955=CARTESIAN_POINT('Ctrl Pts',(-3.555999965983,0.182966473586,1.051830515384));
#8956=CARTESIAN_POINT('',(-3.555999965983,0.178146589943,1.201249114702));
#8957=CARTESIAN_POINT('Ctrl Pts',(-3.555999965983,0.178146589943,1.201249114702));
#8958=CARTESIAN_POINT('Ctrl Pts',(-3.555999965983,0.219116244438,1.201249114702));
#8959=CARTESIAN_POINT('Ctrl Pts',(-3.555999965983,0.252855889601,1.167509377606));
#8960=CARTESIAN_POINT('Ctrl Pts',(-3.555999965983,0.252855889601,1.126539815045));
#8961=CARTESIAN_POINT('',(-3.555999965983,0.163686755149,1.198839172882));
#8962=CARTESIAN_POINT('Ctrl Pts',(-3.555999965983,0.163686755149,1.198839172882));
#8963=CARTESIAN_POINT('Ctrl Pts',(-3.555999965983,0.168506730725,1.198839172882));
#8964=CARTESIAN_POINT('Ctrl Pts',(-3.555999965983,0.173326706301,1.201249114702));
#8965=CARTESIAN_POINT('Ctrl Pts',(-3.555999965983,0.178146589943,1.201249114702));
#8966=CARTESIAN_POINT('',(-3.555999965983,0.05523771839357,1.198839172882));
#8967=CARTESIAN_POINT('',(-3.555999965983,0.05523771839357,1.198839172882));
#8968=CARTESIAN_POINT('',(-3.555999965983,-0.118280758801,1.386817484871));
#8969=CARTESIAN_POINT('Ctrl Pts',(-3.555999965983,-0.118280758801,1.386817484871));
#8970=CARTESIAN_POINT('Ctrl Pts',(-3.555999965983,-0.118280758801,1.288008353299));
#8971=CARTESIAN_POINT('Ctrl Pts',(-3.555999965983,-0.04357145914251,1.206069090279));
#8972=CARTESIAN_POINT('Ctrl Pts',(-3.555999965983,0.05523771839357,1.198839172882));
#8973=CARTESIAN_POINT('',(-3.555999965983,0.06969755318786,1.57479579686));
#8974=CARTESIAN_POINT('Ctrl Pts',(-3.555999965983,0.06969755318786,1.57479579686));
#8975=CARTESIAN_POINT('Ctrl Pts',(-3.555999965983,-0.03393150799187,1.57479579686));
#8976=CARTESIAN_POINT('Ctrl Pts',(-3.555999965983,-0.118280758801,1.490446546051));
#8977=CARTESIAN_POINT('Ctrl Pts',(-3.555999965983,-0.118280758801,1.386817484871));
#8978=CARTESIAN_POINT('',(-3.555999965983,0.08897736355805,1.57479579686));
#8979=CARTESIAN_POINT('',(-3.555999965983,0.08897736355805,1.57479579686));
#8980=CARTESIAN_POINT('',(-3.555999965983,0.426374366797,1.876043121181));
#8981=CARTESIAN_POINT('Ctrl Pts',(-3.555999965983,0.426374366797,1.876043121181));
#8982=CARTESIAN_POINT('Ctrl Pts',(-3.555999965983,0.252855889601,1.876043121181));
#8983=CARTESIAN_POINT('Ctrl Pts',(-3.555999965983,0.108257173928,1.743494298479));
#8984=CARTESIAN_POINT('Ctrl Pts',(-3.555999965983,0.08897736355805,1.57479579686));
#8985=CARTESIAN_POINT('',(-3.555999965983,0.74931144331,1.644685304808));
#8986=CARTESIAN_POINT('Ctrl Pts',(-3.555999965983,0.74931144331,1.644685304808));
#8987=CARTESIAN_POINT('Ctrl Pts',(-3.555999965983,0.703521905173,1.779643977399));
#8988=CARTESIAN_POINT('Ctrl Pts',(-3.555999965983,0.578202999869,1.876043121181));
#8989=CARTESIAN_POINT('Ctrl Pts',(-3.555999965983,0.426374366797,1.876043121181));
#8990=CARTESIAN_POINT('',(-3.555999965983,0.877040290436,1.680834983727));
#8991=CARTESIAN_POINT('Ctrl Pts',(-3.555999965983,0.877040290436,1.680834983727));
#8992=CARTESIAN_POINT('Ctrl Pts',(-3.555999965983,0.831250706331,1.680834983727));
#8993=CARTESIAN_POINT('Ctrl Pts',(-3.555999965983,0.785461122228,1.666375102968));
#8994=CARTESIAN_POINT('Ctrl Pts',(-3.555999965983,0.74931144331,1.644685304808));
#8995=CARTESIAN_POINT('',(-3.555999965983,1.118038149892,1.439837124271));
#8996=CARTESIAN_POINT('Ctrl Pts',(-3.555999965983,1.118038149892,1.439837124271));
#8997=CARTESIAN_POINT('Ctrl Pts',(-3.555999965983,1.118038149892,1.572385946973));
#8998=CARTESIAN_POINT('Ctrl Pts',(-3.555999965983,1.009589113137,1.680834983727));
#8999=CARTESIAN_POINT('Ctrl Pts',(-3.555999965983,0.877040290436,1.680834983727));
#9000=CARTESIAN_POINT('',(-3.555999965983,0.973439434218,1.218119075185));
#9001=CARTESIAN_POINT('Ctrl Pts',(-3.555999965983,0.973439434218,1.218119075185));
#9002=CARTESIAN_POINT('Ctrl Pts',(-3.555999965983,1.057788685028,1.25667874189));
#9003=CARTESIAN_POINT('Ctrl Pts',(-3.555999965983,1.118038149892,1.3410279927));
#9004=CARTESIAN_POINT('Ctrl Pts',(-3.555999965983,1.118038149892,1.439837124271));
#9005=CARTESIAN_POINT('',(-3.555999965983,0.746901455522,1.377177671619));
#9006=CARTESIAN_POINT('Ctrl Pts',(-3.555999965983,0.746901455522,1.377177671619));
#9007=CARTESIAN_POINT('Ctrl Pts',(-3.555999965983,0.850530562668,1.377177671619));
#9008=CARTESIAN_POINT('Ctrl Pts',(-3.555999965983,0.939699743087,1.309698289359));
#9009=CARTESIAN_POINT('Ctrl Pts',(-3.555999965983,0.973439434218,1.218119075185));
#9010=CARTESIAN_POINT('',(-3.555999965983,0.566153060929,1.295238408597));
#9011=CARTESIAN_POINT('Ctrl Pts',(-3.555999965983,0.566153060929,1.295238408597));
#9012=CARTESIAN_POINT('Ctrl Pts',(-3.555999965983,0.609532657245,1.345847968277));
#9013=CARTESIAN_POINT('Ctrl Pts',(-3.555999965983,0.674602097685,1.377177671619));
#9014=CARTESIAN_POINT('Ctrl Pts',(-3.555999965983,0.746901455522,1.377177671619));
#9015=CARTESIAN_POINT('',(-3.555999965983,0.243215938451,1.463936910216));
#9016=CARTESIAN_POINT('',(-3.555999965983,0.243215938451,1.463936910216));
#9017=CARTESIAN_POINT('',(-3.555999965983,0.168506638792,1.336208017125));
#9018=CARTESIAN_POINT('',(-3.555999965983,0.168506638792,1.336208017125));
#9019=CARTESIAN_POINT('',(-3.555999965983,0.505903642031,1.157869610321));
#9020=CARTESIAN_POINT('',(-3.555999965983,0.505903642031,1.157869610321));
#9021=CARTESIAN_POINT('',(-3.555999965983,0.505903642031,1.133769824373));
#9022=CARTESIAN_POINT('',(-3.555999965983,0.505903642031,1.133769824373));
#9023=CARTESIAN_POINT('',(-3.555999965983,0.746901501488,0.892771964917));
#9024=CARTESIAN_POINT('Ctrl Pts',(-3.555999965983,0.746901501488,0.892771964917));
#9025=CARTESIAN_POINT('Ctrl Pts',(-3.555999965983,0.614352678788,0.892771964917));
#9026=CARTESIAN_POINT('Ctrl Pts',(-3.555999965983,0.505903642031,1.001221001672));
#9027=CARTESIAN_POINT('Ctrl Pts',(-3.555999965983,0.505903642031,1.133769824373));
#9028=CARTESIAN_POINT('',(-3.555999965983,0.975849490957,1.056650490962));
#9029=CARTESIAN_POINT('Ctrl Pts',(-3.555999965983,0.975849490957,1.056650490962));
#9030=CARTESIAN_POINT('Ctrl Pts',(-3.555999965983,0.944519764631,0.960251347177));
#9031=CARTESIAN_POINT('Ctrl Pts',(-3.555999965983,0.852940596423,0.892771964917));
#9032=CARTESIAN_POINT('Ctrl Pts',(-3.555999965983,0.746901501488,0.892771964917));
#9033=CARTESIAN_POINT('',(-3.555999965983,1.168647778521,1.172329445114));
#9034=CARTESIAN_POINT('Origin',(-3.555999965983,0.136910754894917,2.66053794731229));
#9035=CARTESIAN_POINT('',(-3.555999965983,1.269866874896,1.435017056763));
#9036=CARTESIAN_POINT('Origin',(-3.555999965983,0.900440332641632,1.42263388447341));
#9037=CARTESIAN_POINT('',(-3.555999965983,1.156597816598,1.709754584366));
#9038=CARTESIAN_POINT('Origin',(-3.555999965983,0.888899958101881,1.43449003674264));
#9039=CARTESIAN_POINT('',(-3.555999965983,0.879450278223,1.825433561502));
#9040=CARTESIAN_POINT('Origin',(-3.555999965983,0.863214692406009,1.37684266443114));
#9041=CARTESIAN_POINT('',(-3.555999965983,0.824020788935,1.82061360891));
#9042=CARTESIAN_POINT('Ctrl Pts',(-3.555999965983,0.824020788935,1.82061360891));
#9043=CARTESIAN_POINT('Ctrl Pts',(-3.555999965983,0.843300599305,1.823023596697));
#9044=CARTESIAN_POINT('Ctrl Pts',(-3.555999965983,0.860170467853,1.825433561502));
#9045=CARTESIAN_POINT('Ctrl Pts',(-3.555999965983,0.879450278223,1.825433561502));
#9046=CARTESIAN_POINT('',(-3.555999965983,0.717981739968,1.926652669368));
#9047=CARTESIAN_POINT('Ctrl Pts',(-3.555999965983,0.717981739968,1.926652669368));
#9048=CARTESIAN_POINT('Ctrl Pts',(-3.555999965983,0.758951394462,1.897732919339));
#9049=CARTESIAN_POINT('Ctrl Pts',(-3.555999965983,0.792691085592,1.861583240421));
#9050=CARTESIAN_POINT('Ctrl Pts',(-3.555999965983,0.824020788935,1.82061360891));
#9051=CARTESIAN_POINT('',(-3.555999965983,0.428784308619,2.020641836855));
#9052=CARTESIAN_POINT('Origin',(-3.555999965983,0.357012357213869,1.18851584539835));
#9053=CARTESIAN_POINT('Ctrl Pts',(-3.555999965983,0.101027256531,1.895322943042));
#9054=CARTESIAN_POINT('Ctrl Pts',(-3.555999965983,0.192606424738,1.974852244134));
#9055=CARTESIAN_POINT('Ctrl Pts',(-3.555999965983,0.308285378891,2.020641836855));
#9056=CARTESIAN_POINT('Ctrl Pts',(-3.555999965983,0.428784308619,2.020641836855));
#9057=CARTESIAN_POINT('',(-3.555999965983,-2.201029817292,1.391967165254));
#9058=CARTESIAN_POINT('',(-3.555999965983,-2.154240711503,1.391967165254));
#9059=CARTESIAN_POINT('',(-3.555999965983,-2.154240711503,1.391967165254));
#9060=CARTESIAN_POINT('',(-3.555999965983,-2.330133090665,1.053006087777));
#9061=CARTESIAN_POINT('',(-3.555999965983,-2.201029817292,1.391967165254));
#9062=CARTESIAN_POINT('',(-3.555999965983,-2.281784348021,1.053006087777));
#9063=CARTESIAN_POINT('',(-3.555999965983,-2.330133090665,1.053006087777));
#9064=CARTESIAN_POINT('',(-3.555999965983,-2.247212397632,1.145717834427));
#9065=CARTESIAN_POINT('',(-3.555999965983,-2.281784348021,1.053006087777));
#9066=CARTESIAN_POINT('',(-3.555999965983,-2.106065261841,1.145717834427));
#9067=CARTESIAN_POINT('',(-3.555999965983,-2.247212397632,1.145717834427));
#9068=CARTESIAN_POINT('',(-3.555999965983,-2.073486180775,1.053006087777));
#9069=CARTESIAN_POINT('',(-3.555999965983,-2.106065261841,1.145717834427));
#9070=CARTESIAN_POINT('',(-3.555999965983,-2.025137438128,1.053006087777));
#9071=CARTESIAN_POINT('',(-3.555999965983,-2.073486180775,1.053006087777));
#9072=CARTESIAN_POINT('',(-3.555999965983,-2.025137438128,1.053006087777));
#9073=CARTESIAN_POINT('',(-3.555999965983,-1.666334313941,1.091650423297));
#9074=CARTESIAN_POINT('',(-3.555999965983,-1.527786572917,1.091650423297));
#9075=CARTESIAN_POINT('',(-3.555999965983,-1.527786572917,1.091650423297));
#9076=CARTESIAN_POINT('',(-3.555999965983,-1.666334313941,1.053006087777));
#9077=CARTESIAN_POINT('',(-3.555999965983,-1.666334313941,1.091650423297));
#9078=CARTESIAN_POINT('',(-3.555999965983,-1.484030094357,1.053006087777));
#9079=CARTESIAN_POINT('',(-3.555999965983,-1.666334313941,1.053006087777));
#9080=CARTESIAN_POINT('',(-3.555999965983,-1.484030094357,1.391967165254));
#9081=CARTESIAN_POINT('',(-3.555999965983,-1.484030094357,1.053006087777));
#9082=CARTESIAN_POINT('',(-3.555999965983,-1.658622776135,1.391967165254));
#9083=CARTESIAN_POINT('',(-3.555999965983,-1.484030094357,1.391967165254));
#9084=CARTESIAN_POINT('',(-3.555999965983,-1.658622776135,1.352976243765));
#9085=CARTESIAN_POINT('',(-3.555999965983,-1.658622776135,1.391967165254));
#9086=CARTESIAN_POINT('',(-3.555999965983,-1.527786572917,1.352976243765));
#9087=CARTESIAN_POINT('',(-3.555999965983,-1.658622776135,1.352976243765));
#9088=CARTESIAN_POINT('',(-3.555999965983,-1.527786572917,1.244494835533));
#9089=CARTESIAN_POINT('',(-3.555999965983,-1.527786572917,1.352976243765));
#9090=CARTESIAN_POINT('',(-3.555999965983,-1.6490050155,1.244494835533));
#9091=CARTESIAN_POINT('',(-3.555999965983,-1.527786572917,1.244494835533));
#9092=CARTESIAN_POINT('',(-3.555999965983,-1.6490050155,1.205677207029));
#9093=CARTESIAN_POINT('',(-3.555999965983,-1.6490050155,1.244494835533));
#9094=CARTESIAN_POINT('',(-3.555999965983,-1.527786572917,1.205677207029));
#9095=CARTESIAN_POINT('',(-3.555999965983,-1.6490050155,1.205677207029));
#9096=CARTESIAN_POINT('',(-3.555999965983,-1.527786572917,1.205677207029));
#9097=CARTESIAN_POINT('',(-3.555999965983,-1.394264328441,1.295096386976));
#9098=CARTESIAN_POINT('',(-3.555999965983,-1.328153054893,1.112792167393));
#9099=CARTESIAN_POINT('',(-3.555999965983,-1.328153054893,1.112792167393));
#9100=CARTESIAN_POINT('',(-3.555999965983,-1.438280746475,1.295096386976));
#9101=CARTESIAN_POINT('',(-3.555999965983,-1.394264328441,1.295096386976));
#9102=CARTESIAN_POINT('',(-3.555999965983,-1.328412994369,1.01644126807));
#9103=CARTESIAN_POINT('',(-3.555999965983,-1.438280746475,1.295096386976));
#9104=CARTESIAN_POINT('',(-3.555999965983,-1.242026441649,0.938979304044));
#9105=CARTESIAN_POINT('Ctrl Pts',(-3.555999965983,-1.242026441649,0.938979304044));
#9106=CARTESIAN_POINT('Ctrl Pts',(-3.555999965983,-1.279197786801,0.938979304044));
#9107=CARTESIAN_POINT('Ctrl Pts',(-3.555999965983,-1.307964422211,0.964799958719));
#9108=CARTESIAN_POINT('Ctrl Pts',(-3.555999965983,-1.328412994369,1.01644126807));
#9109=CARTESIAN_POINT('',(-3.555999965983,-1.214646150114,0.942445163732));
#9110=CARTESIAN_POINT('Origin',(-3.555999965983,-1.31476970243673,1.01235051420275));
#9111=CARTESIAN_POINT('',(-3.555999965983,-1.214646150114,0.980223034331));
#9112=CARTESIAN_POINT('',(-3.555999965983,-1.214646150114,0.942445163732));
#9113=CARTESIAN_POINT('',(-3.555999965983,-1.238733874944,0.975370830767));
#9114=CARTESIAN_POINT('Ctrl Pts',(-3.555999965983,-1.238733874944,0.975370830767));
#9115=CARTESIAN_POINT('Ctrl Pts',(-3.555999965983,-1.230935690647,0.975370830767));
#9116=CARTESIAN_POINT('Ctrl Pts',(-3.555999965983,-1.222964213365,0.976930467627));
#9117=CARTESIAN_POINT('Ctrl Pts',(-3.555999965983,-1.214646150114,0.980223034331));
#9118=CARTESIAN_POINT('',(-3.555999965983,-1.282230414028,1.009509548693));
#9119=CARTESIAN_POINT('Ctrl Pts',(-3.555999965983,-1.282230414028,1.009509548693));
#9120=CARTESIAN_POINT('Ctrl Pts',(-3.555999965983,-1.272612653394,0.986634874753));
#9121=CARTESIAN_POINT('Ctrl Pts',(-3.555999965983,-1.258142689198,0.975370830767));
#9122=CARTESIAN_POINT('Ctrl Pts',(-3.555999965983,-1.238733874944,0.975370830767));
#9123=CARTESIAN_POINT('',(-3.555999965983,-1.300859409851,1.05352596673));
#9124=CARTESIAN_POINT('',(-3.555999965983,-1.282230414028,1.009509548693));
#9125=CARTESIAN_POINT('',(-3.555999965983,-1.205894854402,1.295096386976));
#9126=CARTESIAN_POINT('',(-3.555999965983,-1.300859409851,1.05352596673));
#9127=CARTESIAN_POINT('',(-3.555999965983,-1.253377132126,1.295096386976));
#9128=CARTESIAN_POINT('',(-3.555999965983,-1.205894854402,1.295096386976));
#9129=CARTESIAN_POINT('',(-3.555999965983,-1.31662907143,1.113138753361));
#9130=CARTESIAN_POINT('',(-3.555999965983,-1.253377132126,1.295096386976));
#9131=CARTESIAN_POINT('',(-3.555999965983,-1.321827860963,1.093210060155));
#9132=CARTESIAN_POINT('',(-3.555999965983,-1.31662907143,1.113138753361));
#9133=CARTESIAN_POINT('',(-3.555999965983,-1.32295426536,1.093210060155));
#9134=CARTESIAN_POINT('',(-3.555999965983,-1.321827860963,1.093210060155));
#9135=CARTESIAN_POINT('Ctrl Pts',(-3.555999965983,-1.328153054893,1.112792167393));
#9136=CARTESIAN_POINT('Ctrl Pts',(-3.555999965983,-1.325553660128,1.104300811158));
#9137=CARTESIAN_POINT('Ctrl Pts',(-3.555999965983,-1.323820730281,1.097715677751));
#9138=CARTESIAN_POINT('Ctrl Pts',(-3.555999965983,-1.32295426536,1.093210060155));
#9139=CARTESIAN_POINT('',(-3.555999965983,-1.020298068115,1.105340569063));
#9140=CARTESIAN_POINT('',(-3.555999965983,-1.020298068115,1.061497444012));
#9141=CARTESIAN_POINT('',(-3.555999965983,-1.020298068115,1.061497444012));
#9142=CARTESIAN_POINT('',(-3.555999965983,-1.090135140826,1.081946016171));
#9143=CARTESIAN_POINT('Ctrl Pts',(-3.555999965983,-1.090135140826,1.081946016171));
#9144=CARTESIAN_POINT('Ctrl Pts',(-3.555999965983,-1.065180951073,1.081946016171));
#9145=CARTESIAN_POINT('Ctrl Pts',(-3.555999965983,-1.041959691164,1.089744200469));
#9146=CARTESIAN_POINT('Ctrl Pts',(-3.555999965983,-1.020298068115,1.105340569063));
#9147=CARTESIAN_POINT('',(-3.555999965983,-1.140216813316,1.114698390221));
#9148=CARTESIAN_POINT('Origin',(-3.555999965983,13.3463062197323,10.5558273374972));
#9149=CARTESIAN_POINT('',(-3.555999965983,-1.129299355299,1.137746357145));
#9150=CARTESIAN_POINT('Ctrl Pts',(-3.555999965983,-1.129299355299,1.137746357145));
#9151=CARTESIAN_POINT('Ctrl Pts',(-3.555999965983,-1.136577660644,1.131681102691));
#9152=CARTESIAN_POINT('Ctrl Pts',(-3.555999965983,-1.140216813316,1.124056211379));
#9153=CARTESIAN_POINT('Ctrl Pts',(-3.555999965983,-1.140216813316,1.114698390221));
#9154=CARTESIAN_POINT('',(-3.555999965983,-1.084849704802,1.159407980195));
#9155=CARTESIAN_POINT('Origin',(-3.555999965983,-0.617594654011202,1.2179451416282));
#9156=CARTESIAN_POINT('',(-3.555999965983,-1.032601870007,1.191467182308));
#9157=CARTESIAN_POINT('Origin',(-3.555999965983,-2.35649141492959,1.16406519164314));
#9158=CARTESIAN_POINT('',(-3.555999965983,-1.020558007591,1.22976493186));
#9159=CARTESIAN_POINT('Origin',(-3.555999965983,-2.11115269451177,1.81388714622642));
#9160=CARTESIAN_POINT('',(-3.555999965983,-1.047765006141,1.281406241209));
#9161=CARTESIAN_POINT('Ctrl Pts',(-3.555999965983,-1.047765006141,1.281406241209));
#9162=CARTESIAN_POINT('Ctrl Pts',(-3.555999965983,-1.029655889272,1.26840926738));
#9163=CARTESIAN_POINT('Ctrl Pts',(-3.555999965983,-1.020558007591,1.251253261924));
#9164=CARTESIAN_POINT('Ctrl Pts',(-3.555999965983,-1.020558007591,1.22976493186));
#9165=CARTESIAN_POINT('',(-3.555999965983,-1.114829391102,1.300641762478));
#9166=CARTESIAN_POINT('Ctrl Pts',(-3.555999965983,-1.114829391102,1.300641762478));
#9167=CARTESIAN_POINT('Ctrl Pts',(-3.555999965983,-1.08831556449,1.300641762478));
#9168=CARTESIAN_POINT('Ctrl Pts',(-3.555999965983,-1.065960769503,1.294229922055));
#9169=CARTESIAN_POINT('Ctrl Pts',(-3.555999965983,-1.047765006141,1.281406241209));
#9170=CARTESIAN_POINT('',(-3.555999965983,-1.172189368937,1.289897597444));
#9171=CARTESIAN_POINT('Ctrl Pts',(-3.555999965983,-1.172189368937,1.289897597444));
#9172=CARTESIAN_POINT('Ctrl Pts',(-3.555999965983,-1.154513484528,1.297175902789));
#9173=CARTESIAN_POINT('Ctrl Pts',(-3.555999965983,-1.135451256245,1.300641762478));
#9174=CARTESIAN_POINT('Ctrl Pts',(-3.555999965983,-1.114829391102,1.300641762478));
#9175=CARTESIAN_POINT('',(-3.555999965983,-1.172189368937,1.248653867158));
#9176=CARTESIAN_POINT('',(-3.555999965983,-1.172189368937,1.289897597444));
#9177=CARTESIAN_POINT('',(-3.555999965983,-1.110670359477,1.266156458583));
#9178=CARTESIAN_POINT('Ctrl Pts',(-3.555999965983,-1.110670359477,1.266156458583));
#9179=CARTESIAN_POINT('Ctrl Pts',(-3.555999965983,-1.133631679909,1.266156458583));
#9180=CARTESIAN_POINT('Ctrl Pts',(-3.555999965983,-1.154080252068,1.260264497113));
#9181=CARTESIAN_POINT('Ctrl Pts',(-3.555999965983,-1.172189368937,1.248653867158));
#9182=CARTESIAN_POINT('',(-3.555999965983,-1.077224813488,1.257145223393));
#9183=CARTESIAN_POINT('Ctrl Pts',(-3.555999965983,-1.077224813488,1.257145223393));
#9184=CARTESIAN_POINT('Ctrl Pts',(-3.555999965983,-1.085802816215,1.263210477847));
#9185=CARTESIAN_POINT('Ctrl Pts',(-3.555999965983,-1.09698021371,1.266156458583));
#9186=CARTESIAN_POINT('Ctrl Pts',(-3.555999965983,-1.110670359477,1.266156458583));
#9187=CARTESIAN_POINT('',(-3.555999965983,-1.064314486151,1.233577377517));
#9188=CARTESIAN_POINT('Origin',(-3.555999965983,-1.31334972768184,1.13575864006777));
#9189=CARTESIAN_POINT('',(-3.555999965983,-1.073585660816,1.211049289546));
#9190=CARTESIAN_POINT('Ctrl Pts',(-3.555999965983,-1.073585660816,1.211049289546));
#9191=CARTESIAN_POINT('Ctrl Pts',(-3.555999965983,-1.06743375987,1.216421372061));
#9192=CARTESIAN_POINT('Ctrl Pts',(-3.555999965983,-1.064314486151,1.22387297039));
#9193=CARTESIAN_POINT('Ctrl Pts',(-3.555999965983,-1.064314486151,1.233577377517));
#9194=CARTESIAN_POINT('',(-3.555999965983,-1.114829391102,1.190254131417));
#9195=CARTESIAN_POINT('Origin',(-3.555999965983,-3.49926696237799,0.766910687961094));
#9196=CARTESIAN_POINT('',(-3.555999965983,-1.169589974171,1.158888101242));
#9197=CARTESIAN_POINT('Origin',(-3.555999965983,-0.485628754414364,1.13658645488722));
#9198=CARTESIAN_POINT('',(-3.555999965983,-1.183799998891,1.118857421846));
#9199=CARTESIAN_POINT('Origin',(-3.555999965983,2.44311163673947,-0.822479919387018));
#9200=CARTESIAN_POINT('',(-3.555999965983,-1.156506353849,1.066522940559));
#9201=CARTESIAN_POINT('Origin',(-3.555999965983,1.45025224412864,2.47361442469143));
#9202=CARTESIAN_POINT('',(-3.555999965983,-1.085976109201,1.047287419292));
#9203=CARTESIAN_POINT('Origin',(-3.555999965983,0.90223494133413,3.45909237745069));
#9204=CARTESIAN_POINT('Origin',(-3.555999965983,-5.5029369664147,8.20916375059389));
#9205=CARTESIAN_POINT('',(-3.555999965983,-0.791897914681,1.278113674507));
#9206=CARTESIAN_POINT('',(-3.555999965983,-0.791897914681,1.236869944219));
#9207=CARTESIAN_POINT('',(-3.555999965983,-0.791897914681,1.236869944219));
#9208=CARTESIAN_POINT('',(-3.555999965983,-0.875251840176,1.300641762478));
#9209=CARTESIAN_POINT('Ctrl Pts',(-3.555999965983,-0.875251840176,1.300641762478));
#9210=CARTESIAN_POINT('Ctrl Pts',(-3.555999965983,-0.843712517016,1.300641762478));
#9211=CARTESIAN_POINT('Ctrl Pts',(-3.555999965983,-0.81589899302,1.293190164148));
#9212=CARTESIAN_POINT('Ctrl Pts',(-3.555999965983,-0.791897914681,1.278113674507));
#9213=CARTESIAN_POINT('',(-3.555999965983,-0.962764797295,1.208796480747));
#9214=CARTESIAN_POINT('Ctrl Pts',(-3.555999965983,-0.962764797295,1.208796480747));
#9215=CARTESIAN_POINT('Ctrl Pts',(-3.555999965983,-0.962764797295,1.270142197224));
#9216=CARTESIAN_POINT('Ctrl Pts',(-3.555999965983,-0.933564929425,1.300641762478));
#9217=CARTESIAN_POINT('Ctrl Pts',(-3.555999965983,-0.875251840176,1.300641762478));
#9218=CARTESIAN_POINT('',(-3.555999965983,-0.962764797295,1.053006087777));
#9219=CARTESIAN_POINT('',(-3.555999965983,-0.962764797295,1.208796480747));
#9220=CARTESIAN_POINT('',(-3.555999965983,-0.920308016118,1.053006087777));
#9221=CARTESIAN_POINT('',(-3.555999965983,-0.962764797295,1.053006087777));
#9222=CARTESIAN_POINT('',(-3.555999965983,-0.920308016118,1.090437372406));
#9223=CARTESIAN_POINT('',(-3.555999965983,-0.920308016118,1.053006087777));
#9224=CARTESIAN_POINT('',(-3.555999965983,-0.91918161172,1.090437372406));
#9225=CARTESIAN_POINT('',(-3.555999965983,-0.920308016118,1.090437372406));
#9226=CARTESIAN_POINT('',(-3.555999965983,-0.845012214399,1.047287419292));
#9227=CARTESIAN_POINT('Origin',(-3.555999965983,2.5112565212429,7.16952645199678));
#9228=CARTESIAN_POINT('',(-3.555999965983,-0.78903858044,1.066349647574));
#9229=CARTESIAN_POINT('Origin',(-3.555999965983,-6.776284468313,9.06036174235082));
#9230=CARTESIAN_POINT('',(-3.555999965983,-0.768243422312,1.117817663941));
#9231=CARTESIAN_POINT('Ctrl Pts',(-3.555999965983,-0.768243422312,1.117817663941));
#9232=CARTESIAN_POINT('Ctrl Pts',(-3.555999965983,-0.768243422312,1.096156040891));
#9233=CARTESIAN_POINT('Ctrl Pts',(-3.555999965983,-0.775175141688,1.079000035435));
#9234=CARTESIAN_POINT('Ctrl Pts',(-3.555999965983,-0.78903858044,1.066349647574));
#9235=CARTESIAN_POINT('',(-3.555999965983,-0.848564720579,1.196839264825));
#9236=CARTESIAN_POINT('Ctrl Pts',(-3.555999965983,-0.848564720579,1.196839264825));
#9237=CARTESIAN_POINT('Ctrl Pts',(-3.555999965983,-0.795017188401,1.189387666496));
#9238=CARTESIAN_POINT('Ctrl Pts',(-3.555999965983,-0.768243422312,1.163047132868));
#9239=CARTESIAN_POINT('Ctrl Pts',(-3.555999965983,-0.768243422312,1.117817663941));
#9240=CARTESIAN_POINT('',(-3.555999965983,-0.920308016118,1.20689025792));
#9241=CARTESIAN_POINT('',(-3.555999965983,-0.848564720579,1.196839264825));
#9242=CARTESIAN_POINT('',(-3.555999965983,-0.871266101535,1.266156458583));
#9243=CARTESIAN_POINT('Origin',(-3.555999965983,12.9712045193181,-15.5214591026239));
#9244=CARTESIAN_POINT('Ctrl Pts',(-3.555999965983,-0.791897914681,1.236869944219));
#9245=CARTESIAN_POINT('Ctrl Pts',(-3.555999965983,-0.815812346528,1.256278758472));
#9246=CARTESIAN_POINT('Ctrl Pts',(-3.555999965983,-0.842239526648,1.266156458583));
#9247=CARTESIAN_POINT('Ctrl Pts',(-3.555999965983,-0.871266101535,1.266156458583));
#9248=CARTESIAN_POINT('',(-3.555999965983,-1.399116532003,1.590734218355));
#9249=CARTESIAN_POINT('',(-3.555999965983,-1.530732553651,1.638216496078));
#9250=CARTESIAN_POINT('Origin',(-3.555999965983,16.9812157215545,31.1586295965817));
#9251=CARTESIAN_POINT('',(-3.555999965983,-1.305884906398,1.590734218355));
#9252=CARTESIAN_POINT('',(-3.555999965983,-1.399116532003,1.590734218355));
#9253=CARTESIAN_POINT('',(-3.555999965983,-1.305884906398,1.929695295831));
#9254=CARTESIAN_POINT('',(-3.555999965983,-1.305884906398,1.590734218355));
#9255=CARTESIAN_POINT('',(-3.555999965983,-1.402582391691,1.929695295831));
#9256=CARTESIAN_POINT('',(-3.555999965983,-1.305884906398,1.929695295831));
#9257=CARTESIAN_POINT('',(-3.555999965983,-1.530732553651,1.884812412873));
#9258=CARTESIAN_POINT('Ctrl Pts',(-3.555999965983,-1.530732553651,1.884812412873));
#9259=CARTESIAN_POINT('Ctrl Pts',(-3.555999965983,-1.496680482217,1.914792099174));
#9260=CARTESIAN_POINT('Ctrl Pts',(-3.555999965983,-1.453963761564,1.929695295831));
#9261=CARTESIAN_POINT('Ctrl Pts',(-3.555999965983,-1.402582391691,1.929695295831));
#9262=CARTESIAN_POINT('',(-3.555999965983,-1.581853984047,1.764547081704));
#9263=CARTESIAN_POINT('Ctrl Pts',(-3.555999965983,-1.581853984047,1.764547081704));
#9264=CARTESIAN_POINT('Ctrl Pts',(-3.555999965983,-1.581853984047,1.814802047177));
#9265=CARTESIAN_POINT('Ctrl Pts',(-3.555999965983,-1.564784625085,1.854832726572));
#9266=CARTESIAN_POINT('Ctrl Pts',(-3.555999965983,-1.530732553651,1.884812412873));
#9267=CARTESIAN_POINT('Origin',(-3.555999965983,36.6143807476856,24.9316962046425));
#9268=CARTESIAN_POINT('Origin',(2.997199971329,0.169651290716,5.034400098413));
#9269=CARTESIAN_POINT('',(-2.260599978375,0.169651290716,4.018400108132));
#9270=CARTESIAN_POINT('',(-2.260599978375,0.169651290716,5.034400098413));
#9271=CARTESIAN_POINT('',(-2.260599978375,0.169651290716,4.018400108132));
#9272=CARTESIAN_POINT('',(-3.047999970843,0.169651290716,5.034400098413));
#9273=CARTESIAN_POINT('',(-2.997199971329,0.169651290716,5.034400098413));
#9274=CARTESIAN_POINT('',(-3.047999970843,0.169651290716,4.018400108132));
#9275=CARTESIAN_POINT('',(-3.047999970843,0.169651290716,4.018400108132));
#9276=CARTESIAN_POINT('',(-3.047999970843,0.169651290716,4.018400108132));
#9277=CARTESIAN_POINT('Origin',(2.997199971329,0.601451286586,2.773800120038));
#9278=CARTESIAN_POINT('',(2.987199971424,0.601451286586,2.773800120038));
#9279=CARTESIAN_POINT('',(-2.987199971424,0.601451286586,2.773800120038));
#9280=CARTESIAN_POINT('',(2.997199971329,0.601451286586,2.773800120038));
#9281=CARTESIAN_POINT('',(2.987199971424,0.601451286586,5.034400098413));
#9282=CARTESIAN_POINT('',(2.987199971424,0.601451286586,2.773800120038));
#9283=CARTESIAN_POINT('',(-2.987199971424,0.601451286586,5.034400098413));
#9284=CARTESIAN_POINT('',(2.997199971329,0.601451286586,5.034400098413));
#9285=CARTESIAN_POINT('',(-2.987199971424,0.601451286586,2.773800120038));
#9286=CARTESIAN_POINT('Origin',(2.997199971329,0.169651290716,2.773800120038));
#9287=CARTESIAN_POINT('',(2.987199971424,0.169651290716,2.773800120038));
#9288=CARTESIAN_POINT('',(-2.987199971424,0.169651290716,2.773800120038));
#9289=CARTESIAN_POINT('',(2.997199971329,0.169651290716,2.773800120038));
#9290=CARTESIAN_POINT('',(2.987199971424,0.169651290716,2.773800120038));
#9291=CARTESIAN_POINT('',(-2.987199971424,0.169651290716,2.773800120038));
#9292=CARTESIAN_POINT('Origin',(2.997199971329,0.169651290716,1.021200136804));
#9293=CARTESIAN_POINT('',(2.987199971424,0.169651290716,1.021200136804));
#9294=CARTESIAN_POINT('',(-2.987199971424,0.169651290716,1.021200136804));
#9295=CARTESIAN_POINT('',(2.997199971329,0.169651290716,1.021200136804));
#9296=CARTESIAN_POINT('',(2.987199971424,0.169651290716,1.021200136804));
#9297=CARTESIAN_POINT('',(-2.987199971424,0.169651290716,1.021200136804));
#9298=CARTESIAN_POINT('Origin',(2.997199971329,3.446251259372,1.021200136804));
#9299=CARTESIAN_POINT('',(2.987199971424,3.446251259372,1.021200136804));
#9300=CARTESIAN_POINT('',(-2.987199971424,3.446251259372,1.021200136804));
#9301=CARTESIAN_POINT('',(2.997199971329,3.446251259372,1.021200136804));
#9302=CARTESIAN_POINT('',(2.987199971424,3.446251259372,1.021200136804));
#9303=CARTESIAN_POINT('',(-2.987199971424,3.446251259372,1.021200136804));
#9304=CARTESIAN_POINT('',(2.603499975095,1.41425127881,1.021200136804));
#9305=CARTESIAN_POINT('',(2.603499975095,1.109451281726,1.021200136804));
#9306=CARTESIAN_POINT('',(2.603499975095,1.41425127881,1.021200136804));
#9307=CARTESIAN_POINT('',(1.892299981898,1.41425127881,1.021200136804));
#9308=CARTESIAN_POINT('',(1.892299981898,1.41425127881,1.021200136804));
#9309=CARTESIAN_POINT('',(1.892299981898,1.109451281726,1.021200136804));
#9310=CARTESIAN_POINT('',(1.892299981898,1.41425127881,1.021200136804));
#9311=CARTESIAN_POINT('',(1.892299981898,1.109451281726,1.021200136804));
#9312=CARTESIAN_POINT('',(-1.892299981898,1.41425127881,1.021200136804));
#9313=CARTESIAN_POINT('',(-1.892299981898,1.109451281726,1.021200136804));
#9314=CARTESIAN_POINT('',(-1.892299981898,1.41425127881,1.021200136804));
#9315=CARTESIAN_POINT('',(-2.603499975095,1.41425127881,1.021200136804));
#9316=CARTESIAN_POINT('',(-2.603499975095,1.41425127881,1.021200136804));
#9317=CARTESIAN_POINT('',(-2.603499975095,1.109451281726,1.021200136804));
#9318=CARTESIAN_POINT('',(-2.603499975095,1.41425127881,1.021200136804));
#9319=CARTESIAN_POINT('',(-2.603499975095,1.109451281726,1.021200136804));
#9320=CARTESIAN_POINT('Origin',(2.997199971329,0.601451286586,5.034400098413));
#9321=CARTESIAN_POINT('',(-2.260599978375,0.179651290621,5.034400098413));
#9322=CARTESIAN_POINT('',(2.260599978375,0.179651290621,5.034400098413));
#9323=CARTESIAN_POINT('',(-2.987199971424,0.179651290621,5.034400098413));
#9324=CARTESIAN_POINT('',(-2.260599978375,0.576051286829,5.034400098413));
#9325=CARTESIAN_POINT('',(-2.260599978375,0.169651290716,5.034400098413));
#9326=CARTESIAN_POINT('',(-2.987199971424,0.576051286829,5.034400098413));
#9327=CARTESIAN_POINT('',(-2.260599978375,0.576051286829,5.034400098413));
#9328=CARTESIAN_POINT('',(-2.987199971424,0.601451286586,5.034400098413));
#9329=CARTESIAN_POINT('',(2.987199971424,0.576051286829,5.034400098413));
#9330=CARTESIAN_POINT('',(2.987199971424,0.601451286586,5.034400098413));
#9331=CARTESIAN_POINT('',(2.260599978375,0.576051286829,5.034400098413));
#9332=CARTESIAN_POINT('',(2.997199971329,0.576051286829,5.034400098413));
#9333=CARTESIAN_POINT('',(2.260599978375,0.169651290716,5.034400098413));
#9334=CARTESIAN_POINT('Origin',(-2.997199971329,3.852651255485,7.015600079461));
#9335=CARTESIAN_POINT('',(2.997199971329,3.446251259372,7.015600079461));
#9336=CARTESIAN_POINT('',(-2.997199971329,3.446251259372,7.015600079461));
#9337=CARTESIAN_POINT('',(-2.987199971424,3.446251259372,7.015600079461));
#9338=CARTESIAN_POINT('',(2.997199971329,3.852651255485,7.015600079461));
#9339=CARTESIAN_POINT('',(2.997199971329,0.169651290716,7.015600079461));
#9340=CARTESIAN_POINT('',(-2.997199971329,3.852651255485,7.015600079461));
#9341=CARTESIAN_POINT('',(-2.997199971329,3.852651255485,7.015600079461));
#9342=CARTESIAN_POINT('',(-2.997199971329,3.852651255485,7.015600079461));
#9343=CARTESIAN_POINT('Origin',(2.997199971329,3.852651255485,7.015600079461));
#9344=CARTESIAN_POINT('',(2.997199971329,3.446251259372,5.415400094769));
#9345=CARTESIAN_POINT('',(2.997199971329,3.446251259372,7.015600079461));
#9346=CARTESIAN_POINT('',(2.997199971329,3.852651255485,5.415400094769));
#9347=CARTESIAN_POINT('',(2.997199971329,3.852651255485,5.415400094769));
#9348=CARTESIAN_POINT('',(2.997199971329,3.852651255485,7.015600079461));
#9349=CARTESIAN_POINT('Origin',(2.997199971329,3.852651255485,7.015600079461));
#9350=CARTESIAN_POINT('',(2.997199971329,3.852651255485,1.453000132673));
#9351=CARTESIAN_POINT('',(2.997199971329,3.446251259372,1.453000132673));
#9352=CARTESIAN_POINT('',(2.997199971329,3.852651255485,1.453000132673));
#9353=CARTESIAN_POINT('',(2.997199971329,3.446251259372,0.360800143121));
#9354=CARTESIAN_POINT('',(2.997199971329,3.446251259372,1.021200136804));
#9355=CARTESIAN_POINT('',(2.997199971329,3.852651255485,0.360800143121));
#9356=CARTESIAN_POINT('',(2.997199971329,3.852651255485,0.360800143121));
#9357=CARTESIAN_POINT('',(2.997199971329,3.852651255485,1.453000132673));
#9358=CARTESIAN_POINT('Origin',(2.997199971329,0.169651290716,5.034400098413));
#9359=CARTESIAN_POINT('',(3.047999970843,0.169651290716,5.034400098413));
#9360=CARTESIAN_POINT('',(2.260599978375,0.169651290716,5.034400098413));
#9361=CARTESIAN_POINT('',(3.047999970843,0.169651290716,5.034400098413));
#9362=CARTESIAN_POINT('',(2.260599978375,0.169651290716,4.018400108132));
#9363=CARTESIAN_POINT('',(2.260599978375,0.169651290716,5.034400098413));
#9364=CARTESIAN_POINT('',(3.047999970843,0.169651290716,4.018400108132));
#9365=CARTESIAN_POINT('',(2.260599978375,0.169651290716,4.018400108132));
#9366=CARTESIAN_POINT('',(3.047999970843,0.169651290716,5.034400098413));
#9367=CARTESIAN_POINT('Origin',(-2.997199971329,3.852651255485,0.360800143121));
#9368=CARTESIAN_POINT('',(-2.997199971329,3.446251259372,5.415400094769));
#9369=CARTESIAN_POINT('',(-2.997199971329,3.446251259372,7.015600079461));
#9370=CARTESIAN_POINT('',(-2.997199971329,3.852651255485,5.415400094769));
#9371=CARTESIAN_POINT('',(-2.997199971329,3.852651255485,5.415400094769));
#9372=CARTESIAN_POINT('',(-2.997199971329,3.852651255485,5.415400094769));
#9373=CARTESIAN_POINT('Origin',(-3.555999965983,1.41425127881,1.834000129028));
#9374=CARTESIAN_POINT('',(-3.149599969871,1.41425127881,1.834000129028));
#9375=CARTESIAN_POINT('',(-3.149599969871,1.41425127881,1.834000129028));
#9376=CARTESIAN_POINT('',(-3.149599969871,1.41425127881,1.021200136804));
#9377=CARTESIAN_POINT('',(-3.149599969871,1.41425127881,1.021200136804));
#9378=CARTESIAN_POINT('',(-3.149599969871,1.41425127881,1.021200136804));
#9379=CARTESIAN_POINT('Origin',(-3.555999965983,1.41425127881,1.021200136804));
#9380=CARTESIAN_POINT('',(-3.149599969871,2.735051266176,0.386200142878));
#9381=CARTESIAN_POINT('',(-3.149599969871,2.735051266176,0.386200142878));
#9382=CARTESIAN_POINT('',(-3.149599969871,2.735051266176,0.386200142878));
#9383=CARTESIAN_POINT('Origin',(-3.555999965983,2.735051266176,0.386200142878));
#9384=CARTESIAN_POINT('',(-3.149599969871,2.735051266176,0.005200146522843));
#9385=CARTESIAN_POINT('',(-3.149599969871,2.735051266176,0.005200146522843));
#9386=CARTESIAN_POINT('',(-3.149599969871,2.735051266176,0.005200146522843));
#9387=CARTESIAN_POINT('Origin',(-3.555999965983,2.735051266176,0.005200146522843));
#9388=CARTESIAN_POINT('',(-3.149599969871,0.499851287558,0.00520014652285));
#9389=CARTESIAN_POINT('',(-3.149599969871,0.499851287558,0.00520014652285));
#9390=CARTESIAN_POINT('',(-3.149599969871,0.499851287558,0.00520014652285));
#9391=CARTESIAN_POINT('Origin',(-3.555999965983,0.499851287558,0.00520014652285));
#9392=CARTESIAN_POINT('',(-3.149599969871,0.499851287558,0.513200141663));
#9393=CARTESIAN_POINT('',(-3.149599969871,0.499851287558,0.513200141663));
#9394=CARTESIAN_POINT('',(-3.149599969871,0.499851287558,0.513200141663));
#9395=CARTESIAN_POINT('Origin',(-3.555999965983,0.499851287558,0.513200141663));
#9396=CARTESIAN_POINT('',(-3.149599969871,-0.732048700658,0.513200141663));
#9397=CARTESIAN_POINT('',(-3.149599969871,-0.732048700658,0.513200141663));
#9398=CARTESIAN_POINT('',(-3.149599969871,-0.732048700658,0.513200141663));
#9399=CARTESIAN_POINT('Origin',(-3.797299963675,-0.732048700658,-1.899799835254));
#9400=CARTESIAN_POINT('',(-3.301999968413,-0.771726030839,-3.195199822862));
#9401=CARTESIAN_POINT('',(-3.301999968413,-1.682971361001,-3.195199822862));
#9402=CARTESIAN_POINT('',(-3.301999968413,-0.732048700658,-3.195199822862));
#9403=CARTESIAN_POINT('',(-3.376635261817,-0.732048700658,-2.999999824729));
#9404=CARTESIAN_POINT('Origin',(-3.37663526186231,-1.23204869618173,-2.9999998246524));
#9405=CARTESIAN_POINT('',(-3.797299963675,-0.732048700658,-1.899799835254));
#9406=CARTESIAN_POINT('',(-3.797299963675,-0.732048700658,-1.899799835254));
#9407=CARTESIAN_POINT('',(-3.797299963675,-1.722648691182,-1.899799835254));
#9408=CARTESIAN_POINT('',(-3.797299963675,-0.732048700658,-1.899799835254));
#9409=CARTESIAN_POINT('',(-3.376635261817,-1.722648691182,-2.999999824729));
#9410=CARTESIAN_POINT('',(-3.797299963675,-1.722648691182,-1.899799835254));
#9411=CARTESIAN_POINT('Origin',(-3.37663526186228,-1.22264869565959,-2.99999982465245));
#9412=CARTESIAN_POINT('Origin',(-3.301999968413,-0.732048700658,-3.195199822862));
#9413=CARTESIAN_POINT('',(-3.301999968413,-1.22734869592,-3.499977729458));
#9414=CARTESIAN_POINT('Origin',(-3.301999968413,-1.222648695965,-2.999999824729));
#9415=CARTESIAN_POINT('Origin',(-3.301999968413,-1.232048695875,-2.999999824729));
#9416=CARTESIAN_POINT('Origin',(-3.708399964525,-0.732048700658,-3.499999819946));
#9417=CARTESIAN_POINT('',(-3.708399964525,-0.771726030839,-3.195199822862));
#9418=CARTESIAN_POINT('',(-3.708399964525,-1.682971361001,-3.195199822862));
#9419=CARTESIAN_POINT('',(-3.708399964525,-0.732048700658,-3.195199822862));
#9420=CARTESIAN_POINT('',(-3.708399964525,-1.22734869592,-3.499977729458));
#9421=CARTESIAN_POINT('Origin',(-3.708399964525,-1.232048695875,-2.999999824729));
#9422=CARTESIAN_POINT('Origin',(-3.708399964525,-1.222648695965,-2.999999824729));
#9423=CARTESIAN_POINT('Origin',(-3.708399964525,-0.732048700658,-3.195199822862));
#9424=CARTESIAN_POINT('',(-3.783035257929,-0.732048700658,-2.999999824729));
#9425=CARTESIAN_POINT('',(-4.203699959787,-0.732048700658,-1.899799835254));
#9426=CARTESIAN_POINT('',(-3.708399964525,-0.732048700658,-3.195199822862));
#9427=CARTESIAN_POINT('Origin',(-3.78303525793799,-1.2320486961848,-2.99999982465174));
#9428=CARTESIAN_POINT('',(-3.783035257929,-1.722648691182,-2.999999824729));
#9429=CARTESIAN_POINT('Origin',(-3.78303525793769,-1.22264869566005,-2.99999982465256));
#9430=CARTESIAN_POINT('',(-4.203699959787,-1.722648691182,-1.899799835254));
#9431=CARTESIAN_POINT('',(-3.708399964525,-1.722648691182,-3.195199822862));
#9432=CARTESIAN_POINT('',(-4.203699959787,-0.732048700658,-1.899799835254));
#9433=CARTESIAN_POINT('Origin',(-4.203699959787,-0.732048700658,-1.899799835254));
#9434=CARTESIAN_POINT('',(-4.203699959787,-1.722648691182,-1.899799835254));
#9435=CARTESIAN_POINT('',(-4.203699959787,-0.732048700658,-1.899799835254));
#9436=CARTESIAN_POINT('Origin',(-3.555999965983,-0.732048700658,0.513200141663));
#9437=CARTESIAN_POINT('',(-3.555999965983,-0.732048700658,-2.999999824729));
#9438=CARTESIAN_POINT('',(-3.149599969871,-0.732048700658,-0.756799846188));
#9439=CARTESIAN_POINT('',(-3.149599969871,-0.732048700658,0.513200141663));
#9440=CARTESIAN_POINT('',(-3.149599969871,-0.732048700658,-0.756799846188));
#9441=CARTESIAN_POINT('Origin',(-3.149599969871,-0.732048700658,-0.756799846188));
#9442=CARTESIAN_POINT('',(-3.149599969871,-1.722648691182,-0.756799846188));
#9443=CARTESIAN_POINT('',(-3.149599969871,-0.732048700658,-0.756799846188));
#9444=CARTESIAN_POINT('',(-3.149599969871,-1.722648691182,-0.756799846188));
#9445=CARTESIAN_POINT('Origin',(-3.555999965983,-1.722648691182,0.005200146522858));
#9446=CARTESIAN_POINT('',(-3.555999965983,-1.722648691182,-2.999999824729));
#9447=CARTESIAN_POINT('',(-3.149599969871,-1.722648691182,0.360800143121));
#9448=CARTESIAN_POINT('',(-3.149599969871,-1.722648691182,0.360800143121));
#9449=CARTESIAN_POINT('',(-3.149599969871,-1.722648691182,0.360800143121));
#9450=CARTESIAN_POINT('Origin',(-3.555999965983,-1.875048689724,0.360800143121));
#9451=CARTESIAN_POINT('',(-3.149599969871,-2.027448688266,0.360800143121));
#9452=CARTESIAN_POINT('Origin',(-3.149599969871,-1.875048689724,0.360800143121));
#9453=CARTESIAN_POINT('',(-3.149599969871,-2.027448688266,0.360800143121));
#9454=CARTESIAN_POINT('Origin',(-3.555999965983,-2.027448688266,0.360800143121));
#9455=CARTESIAN_POINT('',(-3.149599969871,-2.027448688266,0.00520014652286));
#9456=CARTESIAN_POINT('',(-3.149599969871,-2.027448688266,0.00520014652286));
#9457=CARTESIAN_POINT('',(-3.149599969871,-2.027448688266,0.00520014652286));
#9458=CARTESIAN_POINT('Origin',(-3.555999965983,-2.027448688266,0.00520014652286));
#9459=CARTESIAN_POINT('',(-3.149599969871,-2.484648683893,0.005200146522862));
#9460=CARTESIAN_POINT('',(-3.149599969871,-2.484648683893,0.005200146522862));
#9461=CARTESIAN_POINT('',(-3.149599969871,-2.484648683893,0.005200146522862));
#9462=CARTESIAN_POINT('Origin',(-3.555999965983,-2.484648683893,0.259200144093));
#9463=CARTESIAN_POINT('',(-3.149599969871,-2.738648681463,0.259200144093));
#9464=CARTESIAN_POINT('Origin',(-3.149599969871,-2.484648683893,0.259200144093));
#9465=CARTESIAN_POINT('',(-3.149599969871,-2.738648681463,0.259200144093));
#9466=CARTESIAN_POINT('Origin',(-3.555999965983,-2.738648681463,0.259200144093));
#9467=CARTESIAN_POINT('',(-3.149599969871,-2.738648681463,1.834000129028));
#9468=CARTESIAN_POINT('',(-3.149599969871,-2.738648681463,1.834000129028));
#9469=CARTESIAN_POINT('',(-3.149599969871,-2.738648681463,1.834000129028));
#9470=CARTESIAN_POINT('Origin',(-3.555999965983,-2.738648681463,1.834000129028));
#9471=CARTESIAN_POINT('',(-3.149599969871,-1.392448694341,2.850000119309));
#9472=CARTESIAN_POINT('',(-3.149599969871,-1.392448694341,2.850000119309));
#9473=CARTESIAN_POINT('',(-3.149599969871,-1.392448694341,2.850000119309));
#9474=CARTESIAN_POINT('Origin',(-3.555999965983,-1.392448694341,2.850000119309));
#9475=CARTESIAN_POINT('',(-3.149599969871,0.169651290716,2.850000119309));
#9476=CARTESIAN_POINT('',(-3.149599969871,0.169651290716,2.850000119309));
#9477=CARTESIAN_POINT('',(-3.149599969871,0.169651290716,2.850000119309));
#9478=CARTESIAN_POINT('Origin',(-3.378199967684,3.852651255485,1.834000129028));
#9479=CARTESIAN_POINT('',(-3.378199967684,3.730697834152,1.834000129028));
#9480=CARTESIAN_POINT('',(-3.378199967684,3.446251259372,1.834000129028));
#9481=CARTESIAN_POINT('',(-3.378199967684,3.730697834152,1.834000129028));
#9482=CARTESIAN_POINT('',(-3.149599969871,3.446251259372,1.834000129028));
#9483=CARTESIAN_POINT('',(-3.378199967684,3.446251259372,1.834000129028));
#9484=CARTESIAN_POINT('',(-3.149599969871,3.446251259372,1.834000129028));
#9485=CARTESIAN_POINT('Origin',(-3.047999970843,3.344651260344,1.834000129028));
#9486=CARTESIAN_POINT('Origin',(-3.378199967684,3.852651255485,1.453000132673));
#9487=CARTESIAN_POINT('',(-3.047999970843,3.852651255485,1.643076326103));
#9488=CARTESIAN_POINT('Ctrl Pts',(-3.37819996768371,3.73069783415167,1.834000129028));
#9489=CARTESIAN_POINT('Ctrl Pts',(-3.37145707874709,3.73646527791787,1.834000129028));
#9490=CARTESIAN_POINT('Ctrl Pts',(-3.36458123904913,3.74204037456081,1.83382106709051));
#9491=CARTESIAN_POINT('Ctrl Pts',(-3.33158545014182,3.76740276960817,1.83203334073328));
#9492=CARTESIAN_POINT('Ctrl Pts',(-3.3013717214386,3.78627754352453,1.82754362397798));
#9493=CARTESIAN_POINT('Ctrl Pts',(-3.23996139581219,3.81622503355329,1.80947664973645));
#9494=CARTESIAN_POINT('Ctrl Pts',(-3.20882875267634,3.8273552255262,1.79577758946541));
#9495=CARTESIAN_POINT('Ctrl Pts',(-3.15464094211414,3.84210863603695,1.76310111022074));
#9496=CARTESIAN_POINT('Ctrl Pts',(-3.12906310203907,3.84666227018701,1.7430950616586));
#9497=CARTESIAN_POINT('Ctrl Pts',(-3.08386969132627,3.85188884905887,1.69702870913757));
#9498=CARTESIAN_POINT('Ctrl Pts',(-3.06413611083024,3.852651255484,1.67110799738492));
#9499=CARTESIAN_POINT('Ctrl Pts',(-3.04799997084314,3.852651255484,1.64307632610292));
#9500=CARTESIAN_POINT('',(-2.997199971329,3.852651255485,1.453000132673));
#9501=CARTESIAN_POINT('Origin',(-3.378199967684,3.852651255485,1.453000132673));
#9502=CARTESIAN_POINT('',(-2.997199971329,3.446251259372,1.453000132673));
#9503=CARTESIAN_POINT('',(-2.997199971329,3.852651255485,1.453000132673));
#9504=CARTESIAN_POINT('Origin',(-3.378199967684,3.446251259372,1.453000132673));
#9505=CARTESIAN_POINT('Origin',(2.603499975095,1.109451281726,-3.499999819946));
#9506=CARTESIAN_POINT('',(2.603499975095,1.109451281726,-2.999999824729));
#9507=CARTESIAN_POINT('',(2.603499975095,1.109451281726,-3.499999819946));
#9508=CARTESIAN_POINT('',(2.603499975095,1.41425127881,-2.999999824729));
#9509=CARTESIAN_POINT('',(2.603499975095,1.109451281726,-2.999999824729));
#9510=CARTESIAN_POINT('',(2.603499975095,1.41425127881,-3.499999819946));
#9511=CARTESIAN_POINT('Origin',(1.892299981898,1.109451281726,-3.499999819946));
#9512=CARTESIAN_POINT('',(2.07428509729,1.41425127881,-3.499999819946));
#9513=CARTESIAN_POINT('',(2.421514859703,1.41425127881,-3.499999819946));
#9514=CARTESIAN_POINT('',(1.892299981898,1.41425127881,-3.499999819946));
#9515=CARTESIAN_POINT('',(2.421514859703,1.109451281726,-3.499999819946));
#9516=CARTESIAN_POINT('',(2.421514859703,1.109451281726,-3.499999819946));
#9517=CARTESIAN_POINT('',(2.07428509729,1.109451281726,-3.499999819946));
#9518=CARTESIAN_POINT('',(1.892299981898,1.109451281726,-3.499999819946));
#9519=CARTESIAN_POINT('',(2.07428509729,1.109451281726,-3.499999819946));
#9520=CARTESIAN_POINT('Origin',(1.892299981898,1.109451281726,1.021200136804));
#9521=CARTESIAN_POINT('',(1.892299981898,1.41425127881,-2.999999824729));
#9522=CARTESIAN_POINT('',(1.892299981898,1.41425127881,1.021200136804));
#9523=CARTESIAN_POINT('',(1.892299981898,1.109451281726,-2.999999824729));
#9524=CARTESIAN_POINT('',(1.892299981898,1.109451281726,-2.999999824729));
#9525=CARTESIAN_POINT('',(1.892299981898,1.109451281726,1.021200136804));
#9526=CARTESIAN_POINT('Origin',(-2.603499975095,1.109451281726,-3.499999819946));
#9527=CARTESIAN_POINT('',(-2.421514859703,1.41425127881,-3.499999819946));
#9528=CARTESIAN_POINT('',(-2.07428509729,1.41425127881,-3.499999819946));
#9529=CARTESIAN_POINT('',(-2.603499975095,1.41425127881,-3.499999819946));
#9530=CARTESIAN_POINT('',(-2.07428509729,1.109451281726,-3.499999819946));
#9531=CARTESIAN_POINT('',(-2.07428509729,1.109451281726,-3.499999819946));
#9532=CARTESIAN_POINT('',(-2.421514859703,1.109451281726,-3.499999819946));
#9533=CARTESIAN_POINT('',(-2.603499975095,1.109451281726,-3.499999819946));
#9534=CARTESIAN_POINT('',(-2.421514859703,1.109451281726,-3.499999819946));
#9535=CARTESIAN_POINT('Origin',(-2.603499975095,1.109451281726,1.021200136804));
#9536=CARTESIAN_POINT('',(-2.603499975095,1.41425127881,-2.999999824729));
#9537=CARTESIAN_POINT('',(-2.603499975095,1.41425127881,1.021200136804));
#9538=CARTESIAN_POINT('',(-2.603499975095,1.109451281726,-2.999999824729));
#9539=CARTESIAN_POINT('',(-2.603499975095,1.109451281726,-2.999999824729));
#9540=CARTESIAN_POINT('',(-2.603499975095,1.109451281726,1.021200136804));
#9541=CARTESIAN_POINT('Origin',(-1.127593529528E-16,1.41425127881,4.018400108132));
#9542=CARTESIAN_POINT('',(2.603499975095,1.41425127881,-2.999999824729));
#9543=CARTESIAN_POINT('',(2.07428509729,1.41425127881,-3.499999819946));
#9544=CARTESIAN_POINT('Origin',(-1.127593529528E-16,1.41425127881,4.018400108132));
#9545=CARTESIAN_POINT('',(-1.892299981898,1.41425127881,-2.999999824729));
#9546=CARTESIAN_POINT('',(-1.892299981898,1.41425127881,-3.499999819946));
#9547=CARTESIAN_POINT('',(-1.892299981898,1.41425127881,-2.999999824729));
#9548=CARTESIAN_POINT('',(-2.421514859703,1.41425127881,-3.499999819946));
#9549=CARTESIAN_POINT('Origin',(-1.892299981898,1.109451281726,-3.499999819946));
#9550=CARTESIAN_POINT('',(-1.892299981898,1.109451281726,-2.999999824729));
#9551=CARTESIAN_POINT('',(-1.892299981898,1.109451281726,-3.499999819946));
#9552=CARTESIAN_POINT('',(-1.892299981898,1.109451281726,-2.999999824729));
#9553=CARTESIAN_POINT('Origin',(-1.500865870338E-16,1.109451281726,4.018400108132));
#9554=CARTESIAN_POINT('',(4.554618590172,1.109451281726,2.360654512874));
#9555=CARTESIAN_POINT('',(-0.584727324461,1.109451281726,3.805576766866));
#9556=CARTESIAN_POINT('Origin',(-1.500865870338E-16,1.109451281726,4.018400108132));
#9557=CARTESIAN_POINT('',(0.584727324461,1.109451281726,3.805576766866));
#9558=CARTESIAN_POINT('',(-4.554618590172,1.109451281726,2.360654512874));
#9559=CARTESIAN_POINT('Origin',(2.997199971329,3.852651255485,0.360800143121));
#9560=CARTESIAN_POINT('',(-2.997199971329,3.446251259372,0.360800143121));
#9561=CARTESIAN_POINT('',(2.997199971329,3.446251259372,0.360800143121));
#9562=CARTESIAN_POINT('',(-2.997199971329,3.852651255485,0.360800143121));
#9563=CARTESIAN_POINT('',(-2.997199971329,3.852651255485,0.360800143121));
#9564=CARTESIAN_POINT('',(2.997199971329,3.852651255485,0.360800143121));
#9565=CARTESIAN_POINT('Origin',(3.378199967684,3.852651255485,5.415400094769));
#9566=CARTESIAN_POINT('',(3.378199967684,3.730697834152,5.034400098413));
#9567=CARTESIAN_POINT('',(3.047999970843,3.852651255485,5.225323901339));
#9568=CARTESIAN_POINT('Ctrl Pts',(3.37819996768371,3.73069783415166,5.034400098414));
#9569=CARTESIAN_POINT('Ctrl Pts',(3.37145707874709,3.73646527791786,5.034400098414));
#9570=CARTESIAN_POINT('Ctrl Pts',(3.36458123904912,3.7420403745608,5.03457916035149));
#9571=CARTESIAN_POINT('Ctrl Pts',(3.33158545014182,3.76740276960816,5.03636688670872));
#9572=CARTESIAN_POINT('Ctrl Pts',(3.3013717214386,3.78627754352452,5.04085660346402));
#9573=CARTESIAN_POINT('Ctrl Pts',(3.23996139581219,3.81622503355328,5.05892357770554));
#9574=CARTESIAN_POINT('Ctrl Pts',(3.20882875267634,3.82735522552619,5.07262263797659));
#9575=CARTESIAN_POINT('Ctrl Pts',(3.15464094211414,3.84210863603694,5.10529911722126));
#9576=CARTESIAN_POINT('Ctrl Pts',(3.12906310203907,3.846662270187,5.1253051657834));
#9577=CARTESIAN_POINT('Ctrl Pts',(3.08386969132627,3.85188884905886,5.17137151830443));
#9578=CARTESIAN_POINT('Ctrl Pts',(3.06413611083024,3.85265125548399,5.19729223005708));
#9579=CARTESIAN_POINT('Ctrl Pts',(3.04799997084314,3.85265125548399,5.22532390133908));
#9580=CARTESIAN_POINT('Origin',(3.378199967684,3.852651255485,5.415400094769));
#9581=CARTESIAN_POINT('',(3.378199967684,3.446251259372,5.034400098413));
#9582=CARTESIAN_POINT('Origin',(3.378199967684,3.446251259372,5.415400094769));
#9583=CARTESIAN_POINT('',(3.378199967684,3.730697834152,5.034400098413));
#9584=CARTESIAN_POINT('Origin',(3.555999965983,0.169651290716,2.850000119309));
#9585=CARTESIAN_POINT('',(3.555999965983,0.169651290716,2.850000119309));
#9586=CARTESIAN_POINT('',(3.149599969871,0.169651290716,2.850000119309));
#9587=CARTESIAN_POINT('',(3.555999965983,0.169651290716,2.850000119309));
#9588=CARTESIAN_POINT('',(3.149599969871,-1.392448694341,2.850000119309));
#9589=CARTESIAN_POINT('',(3.149599969871,0.169651290716,2.850000119309));
#9590=CARTESIAN_POINT('',(3.555999965983,-1.392448694341,2.850000119309));
#9591=CARTESIAN_POINT('',(3.555999965983,-1.392448694341,2.850000119309));
#9592=CARTESIAN_POINT('',(3.555999965983,0.169651290716,2.850000119309));
#9593=CARTESIAN_POINT('Origin',(3.555999965983,-1.392448694341,2.850000119309));
#9594=CARTESIAN_POINT('',(3.149599969871,-2.738648681463,1.834000129028));
#9595=CARTESIAN_POINT('',(3.149599969871,-1.392448694341,2.850000119309));
#9596=CARTESIAN_POINT('',(3.555999965983,-2.738648681463,1.834000129028));
#9597=CARTESIAN_POINT('',(3.555999965983,-2.738648681463,1.834000129028));
#9598=CARTESIAN_POINT('',(3.555999965983,-1.392448694341,2.850000119309));
#9599=CARTESIAN_POINT('Origin',(3.555999965983,-2.738648681463,1.834000129028));
#9600=CARTESIAN_POINT('',(3.149599969871,-2.738648681463,0.259200144093));
#9601=CARTESIAN_POINT('',(3.149599969871,-2.738648681463,1.834000129028));
#9602=CARTESIAN_POINT('',(3.555999965983,-2.738648681463,0.259200144093));
#9603=CARTESIAN_POINT('',(3.555999965983,-2.738648681463,0.259200144093));
#9604=CARTESIAN_POINT('',(3.555999965983,-2.738648681463,1.834000129028));
#9605=CARTESIAN_POINT('Origin',(3.555999965983,-2.484648683893,0.259200144093));
#9606=CARTESIAN_POINT('',(3.149599969871,-2.484648683893,0.005200146522862));
#9607=CARTESIAN_POINT('Origin',(3.149599969871,-2.484648683893,0.259200144093));
#9608=CARTESIAN_POINT('',(3.555999965983,-2.484648683893,0.005200146522862));
#9609=CARTESIAN_POINT('',(3.555999965983,-2.484648683893,0.005200146522862));
#9610=CARTESIAN_POINT('Origin',(3.555999965983,-2.484648683893,0.259200144093));
#9611=CARTESIAN_POINT('Origin',(3.555999965983,-2.484648683893,0.005200146522862));
#9612=CARTESIAN_POINT('',(3.149599969871,-2.027448688266,0.00520014652286));
#9613=CARTESIAN_POINT('',(3.149599969871,-2.484648683893,0.005200146522862));
#9614=CARTESIAN_POINT('',(3.555999965983,-2.027448688266,0.00520014652286));
#9615=CARTESIAN_POINT('',(3.555999965983,-2.027448688266,0.00520014652286));
#9616=CARTESIAN_POINT('',(3.555999965983,-2.484648683893,0.005200146522862));
#9617=CARTESIAN_POINT('Origin',(3.555999965983,-2.027448688266,0.00520014652286));
#9618=CARTESIAN_POINT('',(3.149599969871,-2.027448688266,0.360800143121));
#9619=CARTESIAN_POINT('',(3.149599969871,-2.027448688266,0.00520014652286));
#9620=CARTESIAN_POINT('',(3.555999965983,-2.027448688266,0.360800143121));
#9621=CARTESIAN_POINT('',(3.555999965983,-2.027448688266,0.360800143121));
#9622=CARTESIAN_POINT('',(3.555999965983,-2.027448688266,0.00520014652286));
#9623=CARTESIAN_POINT('Origin',(3.555999965983,-1.875048689724,0.360800143121));
#9624=CARTESIAN_POINT('',(3.555999965983,-1.722648691182,0.360800143121));
#9625=CARTESIAN_POINT('Origin',(3.555999965983,-1.875048689724,0.360800143121));
#9626=CARTESIAN_POINT('',(3.149599969871,-1.722648691182,0.360800143121));
#9627=CARTESIAN_POINT('Origin',(3.149599969871,-1.875048689724,0.360800143121));
#9628=CARTESIAN_POINT('',(3.555999965983,-1.722648691182,0.360800143121));
#9629=CARTESIAN_POINT('Origin',(3.301999968413,-1.722648691182,-3.195199822862));
#9630=CARTESIAN_POINT('',(3.301999968413,-1.682971361001,-3.195199822862));
#9631=CARTESIAN_POINT('',(3.301999968413,-0.771726030839,-3.195199822862));
#9632=CARTESIAN_POINT('',(3.301999968413,-1.722648691182,-3.195199822862));
#9633=CARTESIAN_POINT('',(3.376635261817,-1.722648691182,-2.999999824729));
#9634=CARTESIAN_POINT('Origin',(3.37663526186201,-1.22264869566346,-2.99999982465318));
#9635=CARTESIAN_POINT('',(3.797299963675,-1.722648691182,-1.899799835254));
#9636=CARTESIAN_POINT('',(3.301999968413,-1.722648691182,-3.195199822862));
#9637=CARTESIAN_POINT('',(3.797299963675,-0.732048700658,-1.899799835254));
#9638=CARTESIAN_POINT('',(3.797299963675,-1.722648691182,-1.899799835254));
#9639=CARTESIAN_POINT('',(3.376635261817,-0.732048700658,-2.999999824729));
#9640=CARTESIAN_POINT('',(3.301999968413,-0.732048700658,-3.195199822862));
#9641=CARTESIAN_POINT('Origin',(3.37663526186226,-1.2320486961807,-2.99999982465254));
#9642=CARTESIAN_POINT('Origin',(3.301999968413,-1.722648691182,-3.499999819946));
#9643=CARTESIAN_POINT('',(3.301999968413,-1.22734869592,-3.499977729458));
#9644=CARTESIAN_POINT('Origin',(3.301999968413,-1.232048695875,-2.999999824729));
#9645=CARTESIAN_POINT('Origin',(3.301999968413,-1.222648695965,-2.999999824729));
#9646=CARTESIAN_POINT('Origin',(3.708399964525,-1.722648691182,-3.195199822862));
#9647=CARTESIAN_POINT('',(3.708399964525,-1.682971361001,-3.195199822862));
#9648=CARTESIAN_POINT('',(3.708399964525,-0.771726030839,-3.195199822862));
#9649=CARTESIAN_POINT('',(3.708399964525,-1.722648691182,-3.195199822862));
#9650=CARTESIAN_POINT('',(3.708399964525,-1.22734869592,-3.499977729458));
#9651=CARTESIAN_POINT('Origin',(3.708399964525,-1.222648695965,-2.999999824729));
#9652=CARTESIAN_POINT('Origin',(3.708399964525,-1.232048695875,-2.999999824729));
#9653=CARTESIAN_POINT('Origin',(4.203699959787,-1.722648691182,-1.899799835254));
#9654=CARTESIAN_POINT('',(4.203699959787,-1.722648691182,-1.899799835254));
#9655=CARTESIAN_POINT('',(3.783035257929,-1.722648691182,-2.999999824729));
#9656=CARTESIAN_POINT('',(4.203699959787,-1.722648691182,-1.899799835254));
#9657=CARTESIAN_POINT('Origin',(3.78303525793769,-1.22264869565916,-2.99999982465255));
#9658=CARTESIAN_POINT('',(3.783035257929,-0.732048700658,-2.999999824729));
#9659=CARTESIAN_POINT('Origin',(3.78303525793798,-1.23204869618506,-2.99999982465175));
#9660=CARTESIAN_POINT('',(4.203699959787,-0.732048700658,-1.899799835254));
#9661=CARTESIAN_POINT('',(4.203699959787,-0.732048700658,-1.899799835254));
#9662=CARTESIAN_POINT('',(4.203699959787,-1.722648691182,-1.899799835254));
#9663=CARTESIAN_POINT('Origin',(3.555999965983,-1.722648691182,-0.756799846188));
#9664=CARTESIAN_POINT('',(3.555999965983,-0.732048700658,-0.756799846188));
#9665=CARTESIAN_POINT('',(3.555999965983,-0.732048700658,-0.756799846188));
#9666=CARTESIAN_POINT('',(3.555999965983,-1.722648691182,-0.756799846188));
#9667=CARTESIAN_POINT('',(3.555999965983,-1.722648691182,-0.756799846188));
#9668=CARTESIAN_POINT('',(3.555999965983,-1.722648691182,-0.756799846188));
#9669=CARTESIAN_POINT('Origin',(3.555999965983,-1.722648691182,0.360800143121));
#9670=CARTESIAN_POINT('',(3.555999965983,-1.722648691182,-2.999999824729));
#9671=CARTESIAN_POINT('',(3.555999965983,-1.722648691182,-0.756799846188));
#9672=CARTESIAN_POINT('',(3.149599969871,-1.722648691182,-0.756799846188));
#9673=CARTESIAN_POINT('',(3.149599969871,-1.722648691182,0.360800143121));
#9674=CARTESIAN_POINT('',(3.797299963675,-1.722648691182,-1.899799835254));
#9675=CARTESIAN_POINT('Origin',(3.797299963675,-1.722648691182,-1.899799835254));
#9676=CARTESIAN_POINT('',(3.149599969871,-0.732048700658,-0.756799846188));
#9677=CARTESIAN_POINT('',(3.149599969871,-1.722648691182,-0.756799846188));
#9678=CARTESIAN_POINT('',(3.797299963675,-0.732048700658,-1.899799835254));
#9679=CARTESIAN_POINT('Origin',(3.555999965983,-0.732048700658,0.005200146522855));
#9680=CARTESIAN_POINT('',(3.555999965983,-0.732048700658,-2.999999824729));
#9681=CARTESIAN_POINT('',(3.149599969871,-0.732048700658,0.513200141663));
#9682=CARTESIAN_POINT('',(3.149599969871,-0.732048700658,-0.756799846188));
#9683=CARTESIAN_POINT('',(3.555999965983,-0.732048700658,0.513200141663));
#9684=CARTESIAN_POINT('',(3.555999965983,-0.732048700658,0.513200141663));
#9685=CARTESIAN_POINT('',(3.555999965983,-0.732048700658,0.513200141663));
#9686=CARTESIAN_POINT('Origin',(3.555999965983,-0.732048700658,0.513200141663));
#9687=CARTESIAN_POINT('',(3.149599969871,0.499851287558,0.513200141663));
#9688=CARTESIAN_POINT('',(3.149599969871,-0.732048700658,0.513200141663));
#9689=CARTESIAN_POINT('',(3.555999965983,0.499851287558,0.513200141663));
#9690=CARTESIAN_POINT('',(3.555999965983,0.499851287558,0.513200141663));
#9691=CARTESIAN_POINT('',(3.555999965983,-0.732048700658,0.513200141663));
#9692=CARTESIAN_POINT('Origin',(3.555999965983,0.499851287558,0.513200141663));
#9693=CARTESIAN_POINT('',(3.149599969871,0.499851287558,0.00520014652285));
#9694=CARTESIAN_POINT('',(3.149599969871,0.499851287558,0.513200141663));
#9695=CARTESIAN_POINT('',(3.555999965983,0.499851287558,0.00520014652285));
#9696=CARTESIAN_POINT('',(3.555999965983,0.499851287558,0.00520014652285));
#9697=CARTESIAN_POINT('',(3.555999965983,0.499851287558,0.513200141663));
#9698=CARTESIAN_POINT('Origin',(3.555999965983,0.499851287558,0.00520014652285));
#9699=CARTESIAN_POINT('',(3.149599969871,2.735051266176,0.005200146522843));
#9700=CARTESIAN_POINT('',(3.149599969871,0.499851287558,0.00520014652285));
#9701=CARTESIAN_POINT('',(3.555999965983,2.735051266176,0.005200146522843));
#9702=CARTESIAN_POINT('',(3.555999965983,2.735051266176,0.005200146522843));
#9703=CARTESIAN_POINT('',(3.555999965983,0.499851287558,0.00520014652285));
#9704=CARTESIAN_POINT('Origin',(3.555999965983,2.735051266176,0.005200146522843));
#9705=CARTESIAN_POINT('',(3.149599969871,2.735051266176,0.386200142878));
#9706=CARTESIAN_POINT('',(3.149599969871,2.735051266176,0.005200146522843));
#9707=CARTESIAN_POINT('',(3.555999965983,2.735051266176,0.386200142878));
#9708=CARTESIAN_POINT('',(3.555999965983,2.735051266176,0.386200142878));
#9709=CARTESIAN_POINT('',(3.555999965983,2.735051266176,0.005200146522843));
#9710=CARTESIAN_POINT('Origin',(3.555999965983,2.735051266176,0.386200142878));
#9711=CARTESIAN_POINT('',(3.149599969871,1.41425127881,1.021200136804));
#9712=CARTESIAN_POINT('',(3.149599969871,2.735051266176,0.386200142878));
#9713=CARTESIAN_POINT('',(3.555999965983,1.41425127881,1.021200136804));
#9714=CARTESIAN_POINT('',(3.555999965983,1.41425127881,1.021200136804));
#9715=CARTESIAN_POINT('',(3.555999965983,2.735051266176,0.386200142878));
#9716=CARTESIAN_POINT('Origin',(3.555999965983,1.41425127881,1.021200136804));
#9717=CARTESIAN_POINT('',(3.149599969871,1.41425127881,1.834000129028));
#9718=CARTESIAN_POINT('',(3.149599969871,1.41425127881,1.021200136804));
#9719=CARTESIAN_POINT('',(3.555999965983,1.41425127881,1.834000129028));
#9720=CARTESIAN_POINT('',(3.555999965983,1.41425127881,1.834000129028));
#9721=CARTESIAN_POINT('',(3.555999965983,1.41425127881,1.021200136804));
#9722=CARTESIAN_POINT('Origin',(3.555999965983,3.852651255485,5.034400098413));
#9723=CARTESIAN_POINT('',(3.555999965983,3.344651260344,5.034400098413));
#9724=CARTESIAN_POINT('',(3.555999965983,0.677651285857,5.034400098413));
#9725=CARTESIAN_POINT('',(3.555999965983,3.344651260344,5.034400098413));
#9726=CARTESIAN_POINT('',(3.555999965983,0.677651285857,3.722688654928));
#9727=CARTESIAN_POINT('',(3.555999965983,0.677651285857,5.034400098413));
#9728=CARTESIAN_POINT('Origin',(3.555999965983,0.169651290716,3.434200113721));
#9729=CARTESIAN_POINT('',(3.555999965983,3.344651260344,1.834000129028));
#9730=CARTESIAN_POINT('',(3.555999965983,1.41425127881,1.834000129028));
#9731=CARTESIAN_POINT('',(3.555999965983,3.344651260344,5.034400098413));
#9732=CARTESIAN_POINT('Origin',(2.260599978375,0.169651290716,4.018400108132));
#9733=CARTESIAN_POINT('',(2.260599978375,0.576051286829,4.018400108132));
#9734=CARTESIAN_POINT('',(2.260599978375,0.169651290716,4.018400108132));
#9735=CARTESIAN_POINT('',(3.149599969871,0.576051286829,4.018400108132));
#9736=CARTESIAN_POINT('',(2.260599978375,0.576051286829,4.018400108132));
#9737=CARTESIAN_POINT('',(3.14959974275298,0.179914431962756,4.01835503111616));
#9738=CARTESIAN_POINT('',(3.149599969871,0.169651290716,4.018400108132));
#9739=CARTESIAN_POINT('Origin',(3.047999970843,0.677651285857,4.018400108132));
#9740=CARTESIAN_POINT('Origin',(3.047999970843,0.677651285857,5.067749581233));
#9741=CARTESIAN_POINT('Ctrl Pts',(3.555999965983,0.677651285856986,3.72268865492799));
#9742=CARTESIAN_POINT('Ctrl Pts',(3.555999965983,0.639193612776744,3.7904088411654));
#9743=CARTESIAN_POINT('Ctrl Pts',(3.55144751537124,0.586976629045349,3.8494844548226));
#9744=CARTESIAN_POINT('Ctrl Pts',(3.52529651676352,0.501237181262694,3.91650986944815));
#9745=CARTESIAN_POINT('Ctrl Pts',(3.5126083284291,0.469043952024339,3.93713487956369));
#9746=CARTESIAN_POINT('Ctrl Pts',(3.47828142074093,0.405188757081128,3.97001858729141));
#9747=CARTESIAN_POINT('Ctrl Pts',(3.45655177104237,0.37362597495955,3.98237475347561));
#9748=CARTESIAN_POINT('Ctrl Pts',(3.38831152446959,0.294251650023754,4.00758202033637));
#9749=CARTESIAN_POINT('Ctrl Pts',(3.32851203728155,0.247666699847973,4.01400990525254));
#9750=CARTESIAN_POINT('Ctrl Pts',(3.22548041020976,0.200045426205975,4.01784309169447));
#9751=CARTESIAN_POINT('Ctrl Pts',(3.1877542345347,0.187703143244688,4.01817309247153));
#9752=CARTESIAN_POINT('Ctrl Pts',(3.14959949019678,0.179914876972414,4.01830994266427));
#9753=CARTESIAN_POINT('Origin',(3.047999970843,0.677651285857,5.034400098413));
#9754=CARTESIAN_POINT('Origin',(3.555999965983,0.169651290716,3.434200113721));
#9755=CARTESIAN_POINT('Origin',(3.149599969871,0.169651290716,3.434200113721));
#9756=CARTESIAN_POINT('Origin',(3.149599969871,3.852651255485,4.018400108132));
#9757=CARTESIAN_POINT('',(3.149599969871,0.576051286829,5.034400098413));
#9758=CARTESIAN_POINT('',(3.149599969871,0.576051286829,5.034400098413));
#9759=CARTESIAN_POINT('',(3.149599969871,3.446251259372,5.034400098413));
#9760=CARTESIAN_POINT('',(3.149599969871,3.446251259372,5.034400098413));
#9761=CARTESIAN_POINT('',(3.149599969871,3.446251259372,1.834000129028));
#9762=CARTESIAN_POINT('',(3.149599969871,3.446251259372,1.834000129028));
#9763=CARTESIAN_POINT('',(3.149599969871,1.41425127881,1.834000129028));
#9764=CARTESIAN_POINT('Origin',(3.555999965983,3.852651255485,1.834000129028));
#9765=CARTESIAN_POINT('',(3.378199967684,3.446251259372,1.834000129028));
#9766=CARTESIAN_POINT('',(3.378199967684,3.446251259372,1.834000129028));
#9767=CARTESIAN_POINT('',(3.378199967684,3.730697834152,1.834000129028));
#9768=CARTESIAN_POINT('',(3.378199967684,3.730697834152,1.834000129028));
#9769=CARTESIAN_POINT('Origin',(3.047999970843,3.344651260344,1.834000129028));
#9770=CARTESIAN_POINT('Origin',(3.378199967684,3.852651255485,1.453000132673));
#9771=CARTESIAN_POINT('',(3.047999970843,3.852651255485,1.643076326103));
#9772=CARTESIAN_POINT('Ctrl Pts',(3.04799997084314,3.85265125548398,1.64307632610292));
#9773=CARTESIAN_POINT('Ctrl Pts',(3.06413611083024,3.85265125548398,1.67110799738492));
#9774=CARTESIAN_POINT('Ctrl Pts',(3.08386969132627,3.85188884905884,1.69702870913756));
#9775=CARTESIAN_POINT('Ctrl Pts',(3.12906310203907,3.84666227018699,1.7430950616586));
#9776=CARTESIAN_POINT('Ctrl Pts',(3.15464094211414,3.84210863603693,1.76310111022074));
#9777=CARTESIAN_POINT('Ctrl Pts',(3.20882875267634,3.82735522552618,1.79577758946541));
#9778=CARTESIAN_POINT('Ctrl Pts',(3.23996139581219,3.81622503355327,1.80947664973645));
#9779=CARTESIAN_POINT('Ctrl Pts',(3.3013717214386,3.78627754352451,1.82754362397798));
#9780=CARTESIAN_POINT('Ctrl Pts',(3.33158545014182,3.76740276960815,1.83203334073328));
#9781=CARTESIAN_POINT('Ctrl Pts',(3.36458123904912,3.74204037456079,1.83382106709051));
#9782=CARTESIAN_POINT('Ctrl Pts',(3.37145707874708,3.73646527791785,1.834000129028));
#9783=CARTESIAN_POINT('Ctrl Pts',(3.3781999676837,3.73069783415165,1.834000129028));
#9784=CARTESIAN_POINT('Origin',(3.378199967684,3.446251259372,1.453000132673));
#9785=CARTESIAN_POINT('Origin',(3.378199967684,3.852651255485,1.453000132673));
#9786=CARTESIAN_POINT('Origin',(3.047999970843,3.344651260344,7.051993133031));
#9787=CARTESIAN_POINT('',(3.047999970843,3.852651255485,5.225323901339));
#9788=CARTESIAN_POINT('Origin',(3.047999970843,3.344651260344,5.034400098413));
#9789=CARTESIAN_POINT('Origin',(3.378199967684,3.852651255485,5.034400098413));
#9790=CARTESIAN_POINT('',(3.378199967684,3.446251259372,5.034400098413));
#9791=CARTESIAN_POINT('',(2.997199971329,0.576051286829,5.034400098413));
#9792=CARTESIAN_POINT('',(2.987199971424,0.179651290621,5.034400098413));
#9793=CARTESIAN_POINT('',(2.987199971424,0.601451286586,5.034400098413));
#9794=CARTESIAN_POINT('',(-2.987199971424,0.179651290621,5.034400098413));
#9795=CARTESIAN_POINT('',(2.260599978375,0.169651290716,5.034400098413));
#9796=CARTESIAN_POINT('Origin',(1.360888742534E-16,3.446251259372,4.018400108132));
#9797=CARTESIAN_POINT('',(-3.378199967684,3.446251259372,5.034400098413));
#9798=CARTESIAN_POINT('Origin',(-3.378199967684,3.446251259372,5.415400094769));
#9799=CARTESIAN_POINT('',(-3.149599969871,3.446251259372,5.034400098413));
#9800=CARTESIAN_POINT('',(-3.378199967684,3.446251259372,5.034400098413));
#9801=CARTESIAN_POINT('',(-3.149599969871,3.446251259372,1.834000129028));
#9802=CARTESIAN_POINT('',(-2.997199971329,3.446251259372,0.360800143121));
#9803=CARTESIAN_POINT('',(2.987199971424,3.446251259372,7.005600079557));
#9804=CARTESIAN_POINT('',(-2.987199971424,3.446251259372,7.005600079557));
#9805=CARTESIAN_POINT('',(2.997199971329,3.446251259372,7.005600079557));
#9806=CARTESIAN_POINT('',(2.987199971424,3.446251259372,7.015600079461));
#9807=CARTESIAN_POINT('',(-2.987199971424,3.446251259372,7.015600079461));
#9808=CARTESIAN_POINT('Origin',(-3.555999965983,3.852651255485,5.034400098413));
#9809=CARTESIAN_POINT('Origin',(-3.047999970843,0.677651285857,5.034400098413));
#9810=CARTESIAN_POINT('',(-2.260599978375,0.169651290716,5.034400098413));
#9811=CARTESIAN_POINT('',(-2.987199971424,0.179651290621,5.034400098413));
#9812=CARTESIAN_POINT('',(-2.987199971424,0.179651290621,5.034400098413));
#9813=CARTESIAN_POINT('',(-2.987199971424,0.601451286586,5.034400098413));
#9814=CARTESIAN_POINT('',(-3.149599969871,0.576051286829,5.034400098413));
#9815=CARTESIAN_POINT('',(-2.997199971329,0.576051286829,5.034400098413));
#9816=CARTESIAN_POINT('',(-3.149599969871,0.576051286829,5.034400098413));
#9817=CARTESIAN_POINT('',(-3.378199967684,3.730697834152,5.034400098413));
#9818=CARTESIAN_POINT('',(-3.378199967684,3.730697834152,5.034400098413));
#9819=CARTESIAN_POINT('Origin',(-3.047999970843,3.344651260344,5.034400098413));
#9820=CARTESIAN_POINT('Origin',(-2.154092466754E-16,0.576051286829,4.018400108132));
#9821=CARTESIAN_POINT('',(-2.260599978375,0.576051286829,4.018400108132));
#9822=CARTESIAN_POINT('',(-2.260599978375,0.576051286829,4.018400108132));
#9823=CARTESIAN_POINT('',(-3.149599969871,0.576051286829,4.018400108132));
#9824=CARTESIAN_POINT('',(-3.149599969871,0.576051286829,4.018400108132));
#9825=CARTESIAN_POINT('',(-3.149599969871,0.576051286829,5.034400098413));
#9826=CARTESIAN_POINT('Origin',(-2.260599978375,0.169651290716,4.018400108132));
#9827=CARTESIAN_POINT('',(-2.260599978375,0.576051286829,4.018400108132));
#9828=CARTESIAN_POINT('Origin',(-3.149599969871,0.169651290716,4.018400108132));
#9829=CARTESIAN_POINT('',(-3.14959977974053,0.179914452729454,4.01835503093373));
#9830=CARTESIAN_POINT('',(-3.149599969871,0.576051286829,4.018400108132));
#9831=CARTESIAN_POINT('Origin',(-3.047999970843,0.677651285857,4.018400108132));
#9832=CARTESIAN_POINT('Origin',(-3.149599969871,3.852651255485,4.018400108132));
#9833=CARTESIAN_POINT('Origin',(-3.149599969871,0.169651290716,3.434200113721));
#9834=CARTESIAN_POINT('Origin',(-3.555999965983,0.169651290716,3.434200113721));
#9835=CARTESIAN_POINT('Ctrl Pts',(-3.14959952977417,0.179914885051096,4.01830994252232));
#9836=CARTESIAN_POINT('Ctrl Pts',(-3.19728786757397,0.18964918231924,4.0181388978431));
#9837=CARTESIAN_POINT('Ctrl Pts',(-3.24407245329706,0.206475013586777,4.01769688188934));
#9838=CARTESIAN_POINT('Ctrl Pts',(-3.32400079068678,0.249131191287188,4.01330532650147));
#9839=CARTESIAN_POINT('Ctrl Pts',(-3.35824681341654,0.273329116997019,4.0098216989482));
#9840=CARTESIAN_POINT('Ctrl Pts',(-3.41884028390985,0.328066120987409,3.9972031904562));
#9841=CARTESIAN_POINT('Ctrl Pts',(-3.44517920832302,0.358611066007454,3.98805283660978));
#9842=CARTESIAN_POINT('Ctrl Pts',(-3.48675682721761,0.419216269357538,3.96333545919163));
#9843=CARTESIAN_POINT('Ctrl Pts',(-3.50435966638453,0.451841452480312,3.9471216654178));
#9844=CARTESIAN_POINT('Ctrl Pts',(-3.53069955826621,0.51561624905143,3.90645858566273));
#9845=CARTESIAN_POINT('Ctrl Pts',(-3.53957020866812,0.546675132483702,3.88195371984477));
#9846=CARTESIAN_POINT('Ctrl Pts',(-3.5534648832743,0.612777120973975,3.81881873608323));
#9847=CARTESIAN_POINT('Ctrl Pts',(-3.555999965983,0.648933403735499,3.77325802561127));
#9848=CARTESIAN_POINT('Ctrl Pts',(-3.555999965983,0.677651285856986,3.72268865492799));
#9849=CARTESIAN_POINT('Origin',(-3.047999970843,0.677651285857,-0.790149329008));
#9850=CARTESIAN_POINT('Origin',(2.260599978375,0.169651290716,5.034400098413));
#9851=CARTESIAN_POINT('',(2.260599978375,0.576051286829,5.034400098413));
#9852=CARTESIAN_POINT('Origin',(3.149599969871,0.576051286829,4.018400108132));
#9853=CARTESIAN_POINT('Origin',(-2.997199971329,3.852651255485,0.360800143121));
#9854=CARTESIAN_POINT('',(-2.997199971329,3.852651255485,0.360800143121));
#9855=CARTESIAN_POINT('Origin',(-3.378199967684,3.852651255485,5.415400094769));
#9856=CARTESIAN_POINT('',(-3.047999970843,3.852651255485,5.225323901339));
#9857=CARTESIAN_POINT('Ctrl Pts',(-3.04799997084314,3.85265125548402,5.22532390133908));
#9858=CARTESIAN_POINT('Ctrl Pts',(-3.06413611083024,3.85265125548401,5.19729223005708));
#9859=CARTESIAN_POINT('Ctrl Pts',(-3.08386969132627,3.85188884905888,5.17137151830444));
#9860=CARTESIAN_POINT('Ctrl Pts',(-3.12906310203907,3.84666227018702,5.1253051657834));
#9861=CARTESIAN_POINT('Ctrl Pts',(-3.15464094211414,3.84210863603696,5.10529911722125));
#9862=CARTESIAN_POINT('Ctrl Pts',(-3.20882875267634,3.82735522552622,5.07262263797659));
#9863=CARTESIAN_POINT('Ctrl Pts',(-3.23996139581219,3.8162250335533,5.05892357770554));
#9864=CARTESIAN_POINT('Ctrl Pts',(-3.3013717214386,3.78627754352454,5.04085660346402));
#9865=CARTESIAN_POINT('Ctrl Pts',(-3.33158545014182,3.76740276960818,5.03636688670872));
#9866=CARTESIAN_POINT('Ctrl Pts',(-3.36458123904913,3.74204037456082,5.03457916035149));
#9867=CARTESIAN_POINT('Ctrl Pts',(-3.37145707874709,3.73646527791787,5.034400098414));
#9868=CARTESIAN_POINT('Ctrl Pts',(-3.37819996768372,3.73069783415167,5.034400098414));
#9869=CARTESIAN_POINT('Origin',(-3.378199967684,3.852651255485,5.415400094769));
#9870=CARTESIAN_POINT('Origin',(-3.047999970843,3.344651260344,0.32797955016));
#9871=CARTESIAN_POINT('',(-3.047999970843,3.852651255485,1.643076326103));
#9872=CARTESIAN_POINT('Origin',(2.070099980197,3.852651255485,1.948300127935));
#9873=CARTESIAN_POINT('',(2.539999975702,4.106651253055,1.948300127935));
#9874=CARTESIAN_POINT('',(2.53928511506833,4.106651253055,1.97420987496913));
#9875=CARTESIAN_POINT('Origin',(2.070099980197,4.106651253055,1.948300127935));
#9876=CARTESIAN_POINT('',(2.539999975702,3.852651255485,1.948300127935));
#9877=CARTESIAN_POINT('',(2.539999975702,3.852651255485,1.948300127935));
#9878=CARTESIAN_POINT('Origin',(2.070099980197,3.852651255485,1.948300127935));
#9879=CARTESIAN_POINT('Origin',(2.070099980197,4.106651253055,1.948300127935));
#9880=CARTESIAN_POINT('Origin',(2.070099980197,4.106651253055,1.948300127935));
#9881=CARTESIAN_POINT('',(2.48856172755218,4.157451252565,1.97140878422353));
#9882=CARTESIAN_POINT('Origin',(2.070099980197,4.157451252565,1.948300127935));
#9883=CARTESIAN_POINT('Origin',(2.488562397785,4.106651253055,1.97140882123571));
#9884=CARTESIAN_POINT('Origin',(-2.070099980197,3.852651255485,1.948300127935));
#9885=CARTESIAN_POINT('',(-1.600199984692,4.106651253055,1.948300127935));
#9886=CARTESIAN_POINT('',(-1.60091484532567,4.106651253055,1.97420987496913));
#9887=CARTESIAN_POINT('Origin',(-2.070099980197,4.106651253055,1.948300127935));
#9888=CARTESIAN_POINT('',(-1.600199984692,3.852651255485,1.948300127935));
#9889=CARTESIAN_POINT('',(-1.600199984692,3.852651255485,1.948300127935));
#9890=CARTESIAN_POINT('Origin',(-2.070099980197,3.852651255485,1.948300127935));
#9891=CARTESIAN_POINT('Origin',(-2.070099980197,4.106651253055,1.948300127935));
#9892=CARTESIAN_POINT('Origin',(-2.070099980197,4.106651253055,1.948300127935));
#9893=CARTESIAN_POINT('',(-1.65163823284182,4.157451252565,1.97140878422353));
#9894=CARTESIAN_POINT('Origin',(-2.070099980197,4.157451252565,1.948300127935));
#9895=CARTESIAN_POINT('Origin',(-1.651637562609,4.106651253055,1.97140882123571));
#9896=CARTESIAN_POINT('Origin',(-2.070099980197,3.852651255485,6.08850008833));
#9897=CARTESIAN_POINT('',(-2.53928511506833,4.106651253055,6.06259034129588));
#9898=CARTESIAN_POINT('',(-1.600199984692,4.106651253055,6.08850008833));
#9899=CARTESIAN_POINT('Origin',(-2.070099980197,4.106651253055,6.08850008833));
#9900=CARTESIAN_POINT('Origin',(-2.070099980197,4.106651253055,6.08850008833));
#9901=CARTESIAN_POINT('',(-1.600199984692,3.852651255485,6.08850008833));
#9902=CARTESIAN_POINT('',(-1.600199984692,3.852651255485,6.08850008833));
#9903=CARTESIAN_POINT('Origin',(-2.070099980197,3.852651255485,6.08850008833));
#9904=CARTESIAN_POINT('Origin',(-2.070099980197,4.106651253055,6.08850008833));
#9905=CARTESIAN_POINT('',(-2.48856172755218,4.157451252565,6.06539143204147));
#9906=CARTESIAN_POINT('Origin',(-2.070099980197,4.157451252565,6.08850008833));
#9907=CARTESIAN_POINT('Origin',(-2.488562397785,4.106651253055,6.06539139502929));
#9908=CARTESIAN_POINT('Origin',(2.070099980197,3.852651255485,6.08850008833));
#9909=CARTESIAN_POINT('',(2.539999975702,4.106651253055,6.08850008833));
#9910=CARTESIAN_POINT('',(2.53928511506833,4.106651253055,6.11440983536412));
#9911=CARTESIAN_POINT('Origin',(2.070099980197,4.106651253055,6.08850008833));
#9912=CARTESIAN_POINT('',(2.539999975702,3.852651255485,6.08850008833));
#9913=CARTESIAN_POINT('',(2.539999975702,3.852651255485,6.08850008833));
#9914=CARTESIAN_POINT('Origin',(2.070099980197,3.852651255485,6.08850008833));
#9915=CARTESIAN_POINT('Origin',(2.070099980197,4.106651253055,6.08850008833));
#9916=CARTESIAN_POINT('Origin',(2.070099980197,4.106651253055,6.08850008833));
#9917=CARTESIAN_POINT('',(2.48856172755218,4.157451252565,6.11160874461853));
#9918=CARTESIAN_POINT('Origin',(2.070099980197,4.157451252565,6.08850008833));
#9919=CARTESIAN_POINT('Origin',(2.488562397785,4.106651253055,6.11160878163071));
#9920=CARTESIAN_POINT('Origin',(2.231857537756E-16,4.157451252569,4.018400108132));
#9921=CARTESIAN_POINT('Origin',(2.231857537756E-16,4.157451252569,4.018400108132));
#9922=CARTESIAN_POINT('Origin',(2.231857537756E-16,4.157451252569,4.018400108132));
#9923=CARTESIAN_POINT('Origin',(2.231857537756E-16,4.157451252569,4.018400108132));
#9924=CARTESIAN_POINT('Origin',(6.213429173056E-16,7.408651221468,4.018400108132));
#9925=CARTESIAN_POINT('',(6.213429173056E-16,7.408651221468,5.644000092582));
#9926=CARTESIAN_POINT('Origin',(6.213429173056E-16,7.408651221468,4.018400108132));
#9927=CARTESIAN_POINT('Origin',(6.057899031052E-16,7.281651222683,4.018400108132));
#9928=CARTESIAN_POINT('',(6.057899031052E-16,7.281651222683,5.771000091367));
#9929=CARTESIAN_POINT('Origin',(6.057899031052E-16,7.281651222683,4.018400108132));
#9930=CARTESIAN_POINT('Origin',(4.06711321340255E-16,7.28165122268301,5.644000092581));
#9931=CARTESIAN_POINT('Origin',(6.456056194582E-16,7.606771219573,4.018400108132));
#9932=CARTESIAN_POINT('',(1.858585196947E-16,3.852651255485,5.771000091367));
#9933=CARTESIAN_POINT('Origin',(1.858585196947E-16,3.852651255485,4.018400108132));
#9934=CARTESIAN_POINT('',(4.30974023492756E-16,7.60677121957301,5.771000091367));
#9935=CARTESIAN_POINT('Origin',(1.858585196947E-16,3.852651255485,4.018400108132));
#9936=CARTESIAN_POINT('Origin',(-2.987199971424,3.852651255485,4.018400108132));
#9937=CARTESIAN_POINT('',(-2.987199971424,0.179651290621,7.005600079557));
#9938=CARTESIAN_POINT('',(-2.987199971424,0.179651290621,5.034400098413));
#9939=CARTESIAN_POINT('',(-2.987199971424,3.446251259372,7.005600079557));
#9940=CARTESIAN_POINT('Origin',(2.987199971424,3.852651255485,4.018400108132));
#9941=CARTESIAN_POINT('',(2.987199971424,0.179651290621,7.005600079557));
#9942=CARTESIAN_POINT('',(2.987199971424,0.179651290621,5.034400098413));
#9943=CARTESIAN_POINT('',(2.987199971424,3.852651255485,7.005600079557));
#9944=CARTESIAN_POINT('Origin',(1.858585196947E-16,3.852651255485,7.005600079557));
#9945=CARTESIAN_POINT('',(-2.987199971424,0.179651290621,7.005600079557));
#9946=CARTESIAN_POINT('Origin',(-2.639542453292E-16,0.179651290621,4.018400108132));
#9947=CARTESIAN_POINT('Origin',(3.555999965983,-1.232048695875,-2.999999824729));
#9948=CARTESIAN_POINT('',(3.54396071904,-1.22734869592,-3.499977729458));
#9949=CARTESIAN_POINT('Origin',(3.708399964525,-1.222648695965,-2.999999824729));
#9950=CARTESIAN_POINT('Origin',(-3.301999968413,-1.222648695965,-2.999999824729));
#9951=CARTESIAN_POINT('',(-3.54396071904,-1.22734869592,-3.499977729458));
#9952=CARTESIAN_POINT('Origin',(-3.555999965983,-1.232048695875,-2.999999824729));
#9953=CARTESIAN_POINT('Origin',(2.603499975095,1.109451281726,-2.999999824729));
#9954=CARTESIAN_POINT('Origin',(2.07428509729,1.109451281726,-3.499999819946));
#9955=CARTESIAN_POINT('Origin',(-1.892299981898,1.109451281726,-2.999999824729));
#9956=CARTESIAN_POINT('Origin',(-2.421514859703,1.109451281726,-3.499999819946));
#9957=CARTESIAN_POINT('Origin',(-3.565999965888,-0.724053711292,1.629378553875));
#9958=CARTESIAN_POINT('',(-3.565999965888,-0.724053711292,1.629378553875));
#9959=CARTESIAN_POINT('',(-3.565999965888,-0.724053711292,1.629378553875));
#9960=CARTESIAN_POINT('',(-3.565999965888,-0.724053711292,1.590734218355));
#9961=CARTESIAN_POINT('',(-3.565999965888,-0.724053711292,1.629378553875));
#9962=CARTESIAN_POINT('',(-3.565999965888,-0.724053711292,1.590734218355));
#9963=CARTESIAN_POINT('Origin',(-3.565999965888,-0.589058476447,1.629378553875));
#9964=CARTESIAN_POINT('',(-3.565999965888,-0.589058476447,1.629378553875));
#9965=CARTESIAN_POINT('',(-3.565999965888,-0.589058476447,1.629378553875));
#9966=CARTESIAN_POINT('',(-3.565999965888,-0.589058476447,1.629378553875));
#9967=CARTESIAN_POINT('Origin',(-3.565999965888,-0.589058476447,1.929695295831));
#9968=CARTESIAN_POINT('',(-3.565999965888,-0.589058476447,1.929695295831));
#9969=CARTESIAN_POINT('',(-3.565999965888,-0.589058476447,1.929695295831));
#9970=CARTESIAN_POINT('',(-3.565999965888,-0.589058476447,1.929695295831));
#9971=CARTESIAN_POINT('Origin',(-3.565999965888,-0.545301997887,1.929695295831));
#9972=CARTESIAN_POINT('',(-3.565999965888,-0.545301997887,1.929695295831));
#9973=CARTESIAN_POINT('',(-3.565999965888,-0.545301997887,1.929695295831));
#9974=CARTESIAN_POINT('',(-3.565999965888,-0.545301997887,1.929695295831));
#9975=CARTESIAN_POINT('Origin',(-3.565999965888,-0.545301997887,1.590734218355));
#9976=CARTESIAN_POINT('',(-3.565999965888,-0.545301997887,1.590734218355));
#9977=CARTESIAN_POINT('',(-3.565999965888,-0.545301997887,1.590734218355));
#9978=CARTESIAN_POINT('',(-3.565999965888,-0.545301997887,1.590734218355));
#9979=CARTESIAN_POINT('Origin',(-3.565999965888,-0.724053711292,1.590734218355));
#9980=CARTESIAN_POINT('',(-3.565999965888,-0.724053711292,1.590734218355));
#9981=CARTESIAN_POINT('Origin',(-3.565999965888,2.335001270003,1.021200136804));
#9982=CARTESIAN_POINT('Ctrl Pts',(-3.565999965888,-0.897866574639,1.585015549869));
#9983=CARTESIAN_POINT('Ctrl Pts',(-3.553999966002,-0.897866574639,1.585015549869));
#9984=CARTESIAN_POINT('Ctrl Pts',(-3.565999965888,-0.935471152253,1.585015549869));
#9985=CARTESIAN_POINT('Ctrl Pts',(-3.553999966002,-0.935471152253,1.585015549869));
#9986=CARTESIAN_POINT('Ctrl Pts',(-3.565999965888,-0.966750535937,1.591600683276));
#9987=CARTESIAN_POINT('Ctrl Pts',(-3.553999966002,-0.966750535937,1.591600683276));
#9988=CARTESIAN_POINT('Ctrl Pts',(-3.565999965888,-0.99170472569,1.604770950091));
#9989=CARTESIAN_POINT('Ctrl Pts',(-3.553999966002,-0.99170472569,1.604770950091));
#9990=CARTESIAN_POINT('',(-3.565999965888,-0.897866574639,1.585015549869));
#9991=CARTESIAN_POINT('',(-3.565999965888,-0.897866574639,1.585015549869));
#9992=CARTESIAN_POINT('',(-3.565999965888,-0.99170472569,1.604770950091));
#9993=CARTESIAN_POINT('',(-3.565999965888,-0.99170472569,1.604770950091));
#9994=CARTESIAN_POINT('Ctrl Pts',(-3.565999965888,-0.897866574639,1.585015549869));
#9995=CARTESIAN_POINT('Ctrl Pts',(-3.565999965888,-0.935471152253,1.585015549869));
#9996=CARTESIAN_POINT('Ctrl Pts',(-3.565999965888,-0.966750535937,1.591600683276));
#9997=CARTESIAN_POINT('Ctrl Pts',(-3.565999965888,-0.99170472569,1.604770950091));
#9998=CARTESIAN_POINT('Origin',(-3.565999965888,-0.99170472569,1.646707852315));
#9999=CARTESIAN_POINT('',(-3.565999965888,-0.99170472569,1.646707852315));
#10000=CARTESIAN_POINT('',(-3.565999965888,-0.99170472569,1.646707852315));
#10001=CARTESIAN_POINT('',(-3.565999965888,-0.99170472569,1.646707852315));
#10002=CARTESIAN_POINT('Ctrl Pts',(-3.565999965888,-0.99170472569,1.646707852315));
#10003=CARTESIAN_POINT('Ctrl Pts',(-3.553999966002,-0.99170472569,1.646707852315));
#10004=CARTESIAN_POINT('Ctrl Pts',(-3.565999965888,-0.966923828921,1.631631362672));
#10005=CARTESIAN_POINT('Ctrl Pts',(-3.553999966002,-0.966923828921,1.631631362672));
#10006=CARTESIAN_POINT('Ctrl Pts',(-3.565999965888,-0.93772396105,1.624006471358));
#10007=CARTESIAN_POINT('Ctrl Pts',(-3.553999966002,-0.93772396105,1.624006471358));
#10008=CARTESIAN_POINT('Ctrl Pts',(-3.565999965888,-0.90419176857,1.624006471358));
#10009=CARTESIAN_POINT('Ctrl Pts',(-3.553999966002,-0.90419176857,1.624006471358));
#10010=CARTESIAN_POINT('',(-3.565999965888,-0.90419176857,1.624006471358));
#10011=CARTESIAN_POINT('',(-3.565999965888,-0.90419176857,1.624006471358));
#10012=CARTESIAN_POINT('Origin',(-3.565999965888,0.80061563829892,4.71602621277541));
#10013=CARTESIAN_POINT('Ctrl Pts',(-3.565999965888,-0.90419176857,1.624006471358));
#10014=CARTESIAN_POINT('Ctrl Pts',(-3.553999966002,-0.90419176857,1.624006471358));
#10015=CARTESIAN_POINT('Ctrl Pts',(-3.565999965888,-0.8683201208,1.624006471358));
#10016=CARTESIAN_POINT('Ctrl Pts',(-3.553999966002,-0.8683201208,1.624006471358));
#10017=CARTESIAN_POINT('Ctrl Pts',(-3.565999965888,-0.839293545914,1.635963687281));
#10018=CARTESIAN_POINT('Ctrl Pts',(-3.553999966002,-0.839293545914,1.635963687281));
#10019=CARTESIAN_POINT('Ctrl Pts',(-3.565999965888,-0.817112043911,1.659704826144));
#10020=CARTESIAN_POINT('Ctrl Pts',(-3.553999966002,-0.817112043911,1.659704826144));
#10021=CARTESIAN_POINT('',(-3.565999965888,-0.817112043911,1.659704826144));
#10022=CARTESIAN_POINT('',(-3.565999965888,-0.817112043911,1.659704826144));
#10023=CARTESIAN_POINT('Origin',(-3.565999965888,-6.40055281911569,11.3489876601212));
#10024=CARTESIAN_POINT('Ctrl Pts',(-3.565999965888,-0.817112043911,1.659704826144));
#10025=CARTESIAN_POINT('Ctrl Pts',(-3.553999966002,-0.817112043911,1.659704826144));
#10026=CARTESIAN_POINT('Ctrl Pts',(-3.565999965888,-0.794930541908,1.683619257991));
#10027=CARTESIAN_POINT('Ctrl Pts',(-3.553999966002,-0.794930541908,1.683619257991));
#10028=CARTESIAN_POINT('Ctrl Pts',(-3.565999965888,-0.783839790908,1.715851753089));
#10029=CARTESIAN_POINT('Ctrl Pts',(-3.553999966002,-0.783839790908,1.715851753089));
#10030=CARTESIAN_POINT('Ctrl Pts',(-3.565999965888,-0.783839790908,1.756402311437));
#10031=CARTESIAN_POINT('Ctrl Pts',(-3.553999966002,-0.783839790908,1.756402311437));
#10032=CARTESIAN_POINT('',(-3.565999965888,-0.783839790908,1.756402311437));
#10033=CARTESIAN_POINT('',(-3.565999965888,-0.783839790908,1.756402311437));
#10034=CARTESIAN_POINT('Ctrl Pts',(-3.565999965888,-0.817112043911,1.659704826144));
#10035=CARTESIAN_POINT('Ctrl Pts',(-3.565999965888,-0.794930541908,1.683619257991));
#10036=CARTESIAN_POINT('Ctrl Pts',(-3.565999965888,-0.783839790908,1.715851753089));
#10037=CARTESIAN_POINT('Ctrl Pts',(-3.565999965888,-0.783839790908,1.756402311437));
#10038=CARTESIAN_POINT('Ctrl Pts',(-3.565999965888,-0.783839790908,1.756402311437));
#10039=CARTESIAN_POINT('Ctrl Pts',(-3.553999966002,-0.783839790908,1.756402311437));
#10040=CARTESIAN_POINT('Ctrl Pts',(-3.565999965888,-0.783839790908,1.799032385598));
#10041=CARTESIAN_POINT('Ctrl Pts',(-3.553999966002,-0.783839790908,1.799032385598));
#10042=CARTESIAN_POINT('Ctrl Pts',(-3.565999965888,-0.795710360338,1.832997810538));
#10043=CARTESIAN_POINT('Ctrl Pts',(-3.553999966002,-0.795710360338,1.832997810538));
#10044=CARTESIAN_POINT('Ctrl Pts',(-3.565999965888,-0.819451499201,1.858298586261));
#10045=CARTESIAN_POINT('Ctrl Pts',(-3.553999966002,-0.819451499201,1.858298586261));
#10046=CARTESIAN_POINT('',(-3.565999965888,-0.819451499201,1.858298586261));
#10047=CARTESIAN_POINT('',(-3.565999965888,-0.819451499201,1.858298586261));
#10048=CARTESIAN_POINT('Ctrl Pts',(-3.565999965888,-0.783839790908,1.756402311437));
#10049=CARTESIAN_POINT('Ctrl Pts',(-3.565999965888,-0.783839790908,1.799032385598));
#10050=CARTESIAN_POINT('Ctrl Pts',(-3.565999965888,-0.795710360338,1.832997810538));
#10051=CARTESIAN_POINT('Ctrl Pts',(-3.565999965888,-0.819451499201,1.858298586261));
#10052=CARTESIAN_POINT('Ctrl Pts',(-3.565999965888,-0.819451499201,1.858298586261));
#10053=CARTESIAN_POINT('Ctrl Pts',(-3.553999966002,-0.819451499201,1.858298586261));
#10054=CARTESIAN_POINT('Ctrl Pts',(-3.565999965888,-0.843279284555,1.883426068997));
#10055=CARTESIAN_POINT('Ctrl Pts',(-3.553999966002,-0.843279284555,1.883426068997));
#10056=CARTESIAN_POINT('Ctrl Pts',(-3.565999965888,-0.874038789286,1.895903163873));
#10057=CARTESIAN_POINT('Ctrl Pts',(-3.553999966002,-0.874038789286,1.895903163873));
#10058=CARTESIAN_POINT('Ctrl Pts',(-3.565999965888,-0.911816659884,1.895903163873));
#10059=CARTESIAN_POINT('Ctrl Pts',(-3.553999966002,-0.911816659884,1.895903163873));
#10060=CARTESIAN_POINT('',(-3.565999965888,-0.911816659884,1.895903163873));
#10061=CARTESIAN_POINT('',(-3.565999965888,-0.911816659884,1.895903163873));
#10062=CARTESIAN_POINT('Ctrl Pts',(-3.565999965888,-0.819451499201,1.858298586261));
#10063=CARTESIAN_POINT('Ctrl Pts',(-3.565999965888,-0.843279284555,1.883426068997));
#10064=CARTESIAN_POINT('Ctrl Pts',(-3.565999965888,-0.874038789286,1.895903163873));
#10065=CARTESIAN_POINT('Ctrl Pts',(-3.565999965888,-0.911816659884,1.895903163873));
#10066=CARTESIAN_POINT('Ctrl Pts',(-3.565999965888,-0.911816659884,1.895903163873));
#10067=CARTESIAN_POINT('Ctrl Pts',(-3.553999966002,-0.911816659884,1.895903163873));
#10068=CARTESIAN_POINT('Ctrl Pts',(-3.565999965888,-0.940843234769,1.895903163873));
#10069=CARTESIAN_POINT('Ctrl Pts',(-3.553999966002,-0.940843234769,1.895903163873));
#10070=CARTESIAN_POINT('Ctrl Pts',(-3.565999965888,-0.967443707874,1.889318030467));
#10071=CARTESIAN_POINT('Ctrl Pts',(-3.553999966002,-0.967443707874,1.889318030467));
#10072=CARTESIAN_POINT('Ctrl Pts',(-3.565999965888,-0.99170472569,1.875801177686));
#10073=CARTESIAN_POINT('Ctrl Pts',(-3.553999966002,-0.99170472569,1.875801177686));
#10074=CARTESIAN_POINT('',(-3.565999965888,-0.99170472569,1.875801177686));
#10075=CARTESIAN_POINT('',(-3.565999965888,-0.99170472569,1.875801177686));
#10076=CARTESIAN_POINT('Ctrl Pts',(-3.565999965888,-0.911816659884,1.895903163873));
#10077=CARTESIAN_POINT('Ctrl Pts',(-3.565999965888,-0.940843234769,1.895903163873));
#10078=CARTESIAN_POINT('Ctrl Pts',(-3.565999965888,-0.967443707874,1.889318030467));
#10079=CARTESIAN_POINT('Ctrl Pts',(-3.565999965888,-0.99170472569,1.875801177686));
#10080=CARTESIAN_POINT('Origin',(-3.565999965888,-0.99170472569,1.921550525565));
#10081=CARTESIAN_POINT('',(-3.565999965888,-0.99170472569,1.921550525565));
#10082=CARTESIAN_POINT('',(-3.565999965888,-0.99170472569,1.921550525565));
#10083=CARTESIAN_POINT('',(-3.565999965888,-0.99170472569,1.921550525565));
#10084=CARTESIAN_POINT('Ctrl Pts',(-3.565999965888,-0.99170472569,1.921550525565));
#10085=CARTESIAN_POINT('Ctrl Pts',(-3.553999966002,-0.99170472569,1.921550525565));
#10086=CARTESIAN_POINT('Ctrl Pts',(-3.565999965888,-0.970562981594,1.930735053739));
#10087=CARTESIAN_POINT('Ctrl Pts',(-3.553999966002,-0.970562981594,1.930735053739));
#10088=CARTESIAN_POINT('Ctrl Pts',(-3.565999965888,-0.943789215504,1.935413964317));
#10089=CARTESIAN_POINT('Ctrl Pts',(-3.553999966002,-0.943789215504,1.935413964317));
#10090=CARTESIAN_POINT('Ctrl Pts',(-3.565999965888,-0.911383427422,1.935413964317));
#10091=CARTESIAN_POINT('Ctrl Pts',(-3.553999966002,-0.911383427422,1.935413964317));
#10092=CARTESIAN_POINT('',(-3.565999965888,-0.911383427422,1.935413964317));
#10093=CARTESIAN_POINT('',(-3.565999965888,-0.911383427422,1.935413964317));
#10094=CARTESIAN_POINT('Origin',(-3.565999965888,0.992574833247215,0.294677305809329));
#10095=CARTESIAN_POINT('Ctrl Pts',(-3.565999965888,-0.911383427422,1.935413964317));
#10096=CARTESIAN_POINT('Ctrl Pts',(-3.553999966002,-0.911383427422,1.935413964317));
#10097=CARTESIAN_POINT('Ctrl Pts',(-3.565999965888,-0.861041815456,1.935413964317));
#10098=CARTESIAN_POINT('Ctrl Pts',(-3.553999966002,-0.861041815456,1.935413964317));
#10099=CARTESIAN_POINT('Ctrl Pts',(-3.565999965888,-0.819538145693,1.918777837815));
#10100=CARTESIAN_POINT('Ctrl Pts',(-3.553999966002,-0.819538145693,1.918777837815));
#10101=CARTESIAN_POINT('Ctrl Pts',(-3.565999965888,-0.786872418134,1.88550558481));
#10102=CARTESIAN_POINT('Ctrl Pts',(-3.553999966002,-0.786872418134,1.88550558481));
#10103=CARTESIAN_POINT('',(-3.565999965888,-0.786872418134,1.88550558481));
#10104=CARTESIAN_POINT('',(-3.565999965888,-0.786872418134,1.88550558481));
#10105=CARTESIAN_POINT('Ctrl Pts',(-3.565999965888,-0.911383427422,1.935413964317));
#10106=CARTESIAN_POINT('Ctrl Pts',(-3.565999965888,-0.861041815456,1.935413964317));
#10107=CARTESIAN_POINT('Ctrl Pts',(-3.565999965888,-0.819538145693,1.918777837815));
#10108=CARTESIAN_POINT('Ctrl Pts',(-3.565999965888,-0.786872418134,1.88550558481));
#10109=CARTESIAN_POINT('Ctrl Pts',(-3.565999965888,-0.786872418134,1.88550558481));
#10110=CARTESIAN_POINT('Ctrl Pts',(-3.553999966002,-0.786872418134,1.88550558481));
#10111=CARTESIAN_POINT('Ctrl Pts',(-3.565999965888,-0.754206690576,1.852233331807));
#10112=CARTESIAN_POINT('Ctrl Pts',(-3.553999966002,-0.754206690576,1.852233331807));
#10113=CARTESIAN_POINT('Ctrl Pts',(-3.565999965888,-0.737917150043,1.808390206754));
#10114=CARTESIAN_POINT('Ctrl Pts',(-3.553999966002,-0.737917150043,1.808390206754));
#10115=CARTESIAN_POINT('Ctrl Pts',(-3.565999965888,-0.737917150043,1.75380291667));
#10116=CARTESIAN_POINT('Ctrl Pts',(-3.553999966002,-0.737917150043,1.75380291667));
#10117=CARTESIAN_POINT('',(-3.565999965888,-0.737917150043,1.75380291667));
#10118=CARTESIAN_POINT('',(-3.565999965888,-0.737917150043,1.75380291667));
#10119=CARTESIAN_POINT('Ctrl Pts',(-3.565999965888,-0.786872418134,1.88550558481));
#10120=CARTESIAN_POINT('Ctrl Pts',(-3.565999965888,-0.754206690576,1.852233331807));
#10121=CARTESIAN_POINT('Ctrl Pts',(-3.565999965888,-0.737917150043,1.808390206754));
#10122=CARTESIAN_POINT('Ctrl Pts',(-3.565999965888,-0.737917150043,1.75380291667));
#10123=CARTESIAN_POINT('Ctrl Pts',(-3.565999965888,-0.737917150043,1.75380291667));
#10124=CARTESIAN_POINT('Ctrl Pts',(-3.553999966002,-0.737917150043,1.75380291667));
#10125=CARTESIAN_POINT('Ctrl Pts',(-3.565999965888,-0.737917150043,1.703028072242));
#10126=CARTESIAN_POINT('Ctrl Pts',(-3.553999966002,-0.737917150043,1.703028072242));
#10127=CARTESIAN_POINT('Ctrl Pts',(-3.565999965888,-0.752387114239,1.662130927925));
#10128=CARTESIAN_POINT('Ctrl Pts',(-3.553999966002,-0.752387114239,1.662130927925));
#10129=CARTESIAN_POINT('Ctrl Pts',(-3.565999965888,-0.781413689126,1.631284776703));
#10130=CARTESIAN_POINT('Ctrl Pts',(-3.553999966002,-0.781413689126,1.631284776703));
#10131=CARTESIAN_POINT('',(-3.565999965888,-0.781413689126,1.631284776703));
#10132=CARTESIAN_POINT('',(-3.565999965888,-0.781413689126,1.631284776703));
#10133=CARTESIAN_POINT('Origin',(-3.565999965888,-15.3997508792168,11.8141416875445));
#10134=CARTESIAN_POINT('Ctrl Pts',(-3.565999965888,-0.781413689126,1.631284776703));
#10135=CARTESIAN_POINT('Ctrl Pts',(-3.553999966002,-0.781413689126,1.631284776703));
#10136=CARTESIAN_POINT('Ctrl Pts',(-3.565999965888,-0.810440264012,1.600438625481));
#10137=CARTESIAN_POINT('Ctrl Pts',(-3.553999966002,-0.810440264012,1.600438625481));
#10138=CARTESIAN_POINT('Ctrl Pts',(-3.565999965888,-0.849257892517,1.585015549869));
#10139=CARTESIAN_POINT('Ctrl Pts',(-3.553999966002,-0.849257892517,1.585015549869));
#10140=CARTESIAN_POINT('Ctrl Pts',(-3.565999965888,-0.897866574639,1.585015549869));
#10141=CARTESIAN_POINT('Ctrl Pts',(-3.553999966002,-0.897866574639,1.585015549869));
#10142=CARTESIAN_POINT('Ctrl Pts',(-3.565999965888,-0.781413689126,1.631284776703));
#10143=CARTESIAN_POINT('Ctrl Pts',(-3.565999965888,-0.810440264012,1.600438625481));
#10144=CARTESIAN_POINT('Ctrl Pts',(-3.565999965888,-0.849257892517,1.585015549869));
#10145=CARTESIAN_POINT('Ctrl Pts',(-3.565999965888,-0.897866574639,1.585015549869));
#10146=CARTESIAN_POINT('Origin',(-3.565999965888,-0.949529545612,1.589954399925));
#10147=CARTESIAN_POINT('Origin',(-3.565999965888,-1.241853148663,1.629378553875));
#10148=CARTESIAN_POINT('',(-3.565999965888,-1.241853148663,1.629378553875));
#10149=CARTESIAN_POINT('',(-3.565999965888,-1.241853148663,1.629378553875));
#10150=CARTESIAN_POINT('',(-3.565999965888,-1.241853148663,1.590734218355));
#10151=CARTESIAN_POINT('',(-3.565999965888,-1.241853148663,1.629378553875));
#10152=CARTESIAN_POINT('',(-3.565999965888,-1.241853148663,1.590734218355));
#10153=CARTESIAN_POINT('Origin',(-3.565999965888,-1.10330540764,1.629378553875));
#10154=CARTESIAN_POINT('',(-3.565999965888,-1.10330540764,1.629378553875));
#10155=CARTESIAN_POINT('',(-3.565999965888,-1.10330540764,1.629378553875));
#10156=CARTESIAN_POINT('',(-3.565999965888,-1.10330540764,1.629378553875));
#10157=CARTESIAN_POINT('Origin',(-3.565999965888,-1.10330540764,1.743405337606));
#10158=CARTESIAN_POINT('',(-3.565999965888,-1.10330540764,1.743405337606));
#10159=CARTESIAN_POINT('',(-3.565999965888,-1.10330540764,1.743405337606));
#10160=CARTESIAN_POINT('',(-3.565999965888,-1.10330540764,1.743405337606));
#10161=CARTESIAN_POINT('Origin',(-3.565999965888,-1.224523850224,1.743405337606));
#10162=CARTESIAN_POINT('',(-3.565999965888,-1.224523850224,1.743405337606));
#10163=CARTESIAN_POINT('',(-3.565999965888,-1.224523850224,1.743405337606));
#10164=CARTESIAN_POINT('',(-3.565999965888,-1.224523850224,1.743405337606));
#10165=CARTESIAN_POINT('Origin',(-3.565999965888,-1.224523850224,1.78222296611));
#10166=CARTESIAN_POINT('',(-3.565999965888,-1.224523850224,1.78222296611));
#10167=CARTESIAN_POINT('',(-3.565999965888,-1.224523850224,1.78222296611));
#10168=CARTESIAN_POINT('',(-3.565999965888,-1.224523850224,1.78222296611));
#10169=CARTESIAN_POINT('Origin',(-3.565999965888,-1.10330540764,1.78222296611));
#10170=CARTESIAN_POINT('',(-3.565999965888,-1.10330540764,1.78222296611));
#10171=CARTESIAN_POINT('',(-3.565999965888,-1.10330540764,1.78222296611));
#10172=CARTESIAN_POINT('',(-3.565999965888,-1.10330540764,1.78222296611));
#10173=CARTESIAN_POINT('Origin',(-3.565999965888,-1.10330540764,1.890704374343));
#10174=CARTESIAN_POINT('',(-3.565999965888,-1.10330540764,1.890704374343));
#10175=CARTESIAN_POINT('',(-3.565999965888,-1.10330540764,1.890704374343));
#10176=CARTESIAN_POINT('',(-3.565999965888,-1.10330540764,1.890704374343));
#10177=CARTESIAN_POINT('Origin',(-3.565999965888,-1.234141610858,1.890704374343));
#10178=CARTESIAN_POINT('',(-3.565999965888,-1.234141610858,1.890704374343));
#10179=CARTESIAN_POINT('',(-3.565999965888,-1.234141610858,1.890704374343));
#10180=CARTESIAN_POINT('',(-3.565999965888,-1.234141610858,1.890704374343));
#10181=CARTESIAN_POINT('Origin',(-3.565999965888,-1.234141610858,1.929695295831));
#10182=CARTESIAN_POINT('',(-3.565999965888,-1.234141610858,1.929695295831));
#10183=CARTESIAN_POINT('',(-3.565999965888,-1.234141610858,1.929695295831));
#10184=CARTESIAN_POINT('',(-3.565999965888,-1.234141610858,1.929695295831));
#10185=CARTESIAN_POINT('Origin',(-3.565999965888,-1.059548929081,1.929695295831));
#10186=CARTESIAN_POINT('',(-3.565999965888,-1.059548929081,1.929695295831));
#10187=CARTESIAN_POINT('',(-3.565999965888,-1.059548929081,1.929695295831));
#10188=CARTESIAN_POINT('',(-3.565999965888,-1.059548929081,1.929695295831));
#10189=CARTESIAN_POINT('Origin',(-3.565999965888,-1.059548929081,1.590734218355));
#10190=CARTESIAN_POINT('',(-3.565999965888,-1.059548929081,1.590734218355));
#10191=CARTESIAN_POINT('',(-3.565999965888,-1.059548929081,1.590734218355));
#10192=CARTESIAN_POINT('',(-3.565999965888,-1.059548929081,1.590734218355));
#10193=CARTESIAN_POINT('Origin',(-3.565999965888,-1.241853148663,1.590734218355));
#10194=CARTESIAN_POINT('',(-3.565999965888,-1.241853148663,1.590734218355));
#10195=CARTESIAN_POINT('Origin',(-3.565999965888,2.335001270003,1.021200136804));
#10196=CARTESIAN_POINT('Origin',(-3.565999965888,-1.473155959586,1.918496236715));
#10197=CARTESIAN_POINT('',(-3.565999965888,-1.305884906398,1.590734218355));
#10198=CARTESIAN_POINT('',(-3.565999965888,-1.399116532003,1.590734218355));
#10199=CARTESIAN_POINT('',(-3.565999965888,-1.399116532003,1.590734218355));
#10200=CARTESIAN_POINT('',(-3.565999965888,-1.530732553651,1.638216496078));
#10201=CARTESIAN_POINT('Origin',(-3.565999965888,16.9812157215545,31.1586295965817));
#10202=CARTESIAN_POINT('',(-3.565999965888,-1.581853984047,1.764547081704));
#10203=CARTESIAN_POINT('Origin',(-3.565999965888,36.6143807476856,24.9316962046425));
#10204=CARTESIAN_POINT('',(-3.565999965888,-1.530732553651,1.884812412873));
#10205=CARTESIAN_POINT('Ctrl Pts',(-3.565999965888,-1.581853984047,1.764547081704));
#10206=CARTESIAN_POINT('Ctrl Pts',(-3.565999965888,-1.581853984047,1.814802047177));
#10207=CARTESIAN_POINT('Ctrl Pts',(-3.565999965888,-1.564784625085,1.854832726572));
#10208=CARTESIAN_POINT('Ctrl Pts',(-3.565999965888,-1.530732553651,1.884812412873));
#10209=CARTESIAN_POINT('',(-3.565999965888,-1.402582391691,1.929695295831));
#10210=CARTESIAN_POINT('Ctrl Pts',(-3.565999965888,-1.530732553651,1.884812412873));
#10211=CARTESIAN_POINT('Ctrl Pts',(-3.565999965888,-1.496680482217,1.914792099174));
#10212=CARTESIAN_POINT('Ctrl Pts',(-3.565999965888,-1.453963761564,1.929695295831));
#10213=CARTESIAN_POINT('Ctrl Pts',(-3.565999965888,-1.402582391691,1.929695295831));
#10214=CARTESIAN_POINT('',(-3.565999965888,-1.305884906398,1.929695295831));
#10215=CARTESIAN_POINT('',(-3.565999965888,-1.305884906398,1.929695295831));
#10216=CARTESIAN_POINT('',(-3.565999965888,-1.305884906398,1.590734218355));
#10217=CARTESIAN_POINT('',(-3.565999965888,-1.349641384959,1.890704374343));
#10218=CARTESIAN_POINT('',(-3.565999965888,-1.349641384959,1.629378553875));
#10219=CARTESIAN_POINT('',(-3.565999965888,-1.349641384959,1.890704374343));
#10220=CARTESIAN_POINT('',(-3.565999965888,-1.400849461845,1.890704374343));
#10221=CARTESIAN_POINT('',(-3.565999965888,-1.400849461845,1.890704374343));
#10222=CARTESIAN_POINT('',(-3.565999965888,-1.498673351538,1.858818465214));
#10223=CARTESIAN_POINT('Origin',(-3.565999965888,14.8672920289201,-20.0941511599708));
#10224=CARTESIAN_POINT('',(-3.565999965888,-1.535844696692,1.763334030812));
#10225=CARTESIAN_POINT('Origin',(-3.565999965888,5.28538898179704,-3.96087969689627));
#10226=CARTESIAN_POINT('',(-3.565999965888,-1.499626462953,1.66473032269));
#10227=CARTESIAN_POINT('Origin',(-3.565999965888,9.43991087397219,10.3377743524106));
#10228=CARTESIAN_POINT('',(-3.565999965888,-1.398856592527,1.629378553875));
#10229=CARTESIAN_POINT('Origin',(-3.565999965888,9.17685811532198,14.8247023683832));
#10230=CARTESIAN_POINT('',(-3.565999965888,-1.349641384959,1.629378553875));
#10231=CARTESIAN_POINT('Origin',(-3.565999965888,-1.399116532003,1.590734218355));
#10232=CARTESIAN_POINT('',(-3.565999965888,-1.399116532003,1.590734218355));
#10233=CARTESIAN_POINT('',(-3.565999965888,-1.305884906398,1.590734218355));
#10234=CARTESIAN_POINT('Ctrl Pts',(-3.565999965888,-1.399116532003,1.590734218355));
#10235=CARTESIAN_POINT('Ctrl Pts',(-3.553999966002,-1.399116532003,1.590734218355));
#10236=CARTESIAN_POINT('Ctrl Pts',(-3.565999965888,-1.452750710672,1.590734218355));
#10237=CARTESIAN_POINT('Ctrl Pts',(-3.553999966002,-1.452750710672,1.590734218355));
#10238=CARTESIAN_POINT('Ctrl Pts',(-3.565999965888,-1.496680482217,1.606503879935));
#10239=CARTESIAN_POINT('Ctrl Pts',(-3.553999966002,-1.496680482217,1.606503879935));
#10240=CARTESIAN_POINT('Ctrl Pts',(-3.565999965888,-1.530732553651,1.638216496078));
#10241=CARTESIAN_POINT('Ctrl Pts',(-3.553999966002,-1.530732553651,1.638216496078));
#10242=CARTESIAN_POINT('',(-3.565999965888,-1.530732553651,1.638216496078));
#10243=CARTESIAN_POINT('Ctrl Pts',(-3.565999965888,-1.530732553651,1.638216496078));
#10244=CARTESIAN_POINT('Ctrl Pts',(-3.553999966002,-1.530732553651,1.638216496078));
#10245=CARTESIAN_POINT('Ctrl Pts',(-3.565999965888,-1.564784625085,1.669929112223));
#10246=CARTESIAN_POINT('Ctrl Pts',(-3.553999966002,-1.564784625085,1.669929112223));
#10247=CARTESIAN_POINT('Ctrl Pts',(-3.565999965888,-1.581853984047,1.712039307432));
#10248=CARTESIAN_POINT('Ctrl Pts',(-3.553999966002,-1.581853984047,1.712039307432));
#10249=CARTESIAN_POINT('Ctrl Pts',(-3.565999965888,-1.581853984047,1.764547081704));
#10250=CARTESIAN_POINT('Ctrl Pts',(-3.553999966002,-1.581853984047,1.764547081704));
#10251=CARTESIAN_POINT('',(-3.565999965888,-1.581853984047,1.764547081704));
#10252=CARTESIAN_POINT('Ctrl Pts',(-3.565999965888,-1.581853984047,1.764547081704));
#10253=CARTESIAN_POINT('Ctrl Pts',(-3.553999966002,-1.581853984047,1.764547081704));
#10254=CARTESIAN_POINT('Ctrl Pts',(-3.565999965888,-1.581853984047,1.814802047177));
#10255=CARTESIAN_POINT('Ctrl Pts',(-3.553999966002,-1.581853984047,1.814802047177));
#10256=CARTESIAN_POINT('Ctrl Pts',(-3.565999965888,-1.564784625085,1.854832726572));
#10257=CARTESIAN_POINT('Ctrl Pts',(-3.553999966002,-1.564784625085,1.854832726572));
#10258=CARTESIAN_POINT('Ctrl Pts',(-3.565999965888,-1.530732553651,1.884812412873));
#10259=CARTESIAN_POINT('Ctrl Pts',(-3.553999966002,-1.530732553651,1.884812412873));
#10260=CARTESIAN_POINT('',(-3.565999965888,-1.530732553651,1.884812412873));
#10261=CARTESIAN_POINT('Ctrl Pts',(-3.565999965888,-1.530732553651,1.884812412873));
#10262=CARTESIAN_POINT('Ctrl Pts',(-3.553999966002,-1.530732553651,1.884812412873));
#10263=CARTESIAN_POINT('Ctrl Pts',(-3.565999965888,-1.496680482217,1.914792099174));
#10264=CARTESIAN_POINT('Ctrl Pts',(-3.553999966002,-1.496680482217,1.914792099174));
#10265=CARTESIAN_POINT('Ctrl Pts',(-3.565999965888,-1.453963761564,1.929695295831));
#10266=CARTESIAN_POINT('Ctrl Pts',(-3.553999966002,-1.453963761564,1.929695295831));
#10267=CARTESIAN_POINT('Ctrl Pts',(-3.565999965888,-1.402582391691,1.929695295831));
#10268=CARTESIAN_POINT('Ctrl Pts',(-3.553999966002,-1.402582391691,1.929695295831));
#10269=CARTESIAN_POINT('',(-3.565999965888,-1.402582391691,1.929695295831));
#10270=CARTESIAN_POINT('Origin',(-3.565999965888,-1.305884906398,1.929695295831));
#10271=CARTESIAN_POINT('',(-3.565999965888,-1.305884906398,1.929695295831));
#10272=CARTESIAN_POINT('Origin',(-3.565999965888,-1.305884906398,1.590734218355));
#10273=CARTESIAN_POINT('Origin',(-3.565999965888,-1.400849461845,1.890704374343));
#10274=CARTESIAN_POINT('',(-3.555999965983,-1.400849461845,1.890704374343));
#10275=CARTESIAN_POINT('',(-3.555999965983,-1.349641384959,1.890704374343));
#10276=CARTESIAN_POINT('',(-3.555999965983,-1.400849461845,1.890704374343));
#10277=CARTESIAN_POINT('',(-3.565999965888,-1.400849461845,1.890704374343));
#10278=CARTESIAN_POINT('',(-3.565999965888,-1.349641384959,1.890704374343));
#10279=CARTESIAN_POINT('Origin',(-3.565999965888,-1.349641384959,1.890704374343));
#10280=CARTESIAN_POINT('',(-3.555999965983,-1.349641384959,1.629378553875));
#10281=CARTESIAN_POINT('',(-3.555999965983,-1.349641384959,1.890704374343));
#10282=CARTESIAN_POINT('',(-3.565999965888,-1.349641384959,1.629378553875));
#10283=CARTESIAN_POINT('Origin',(-3.565999965888,-1.349641384959,1.629378553875));
#10284=CARTESIAN_POINT('',(-3.555999965983,-1.398856592527,1.629378553875));
#10285=CARTESIAN_POINT('',(-3.555999965983,-1.349641384959,1.629378553875));
#10286=CARTESIAN_POINT('',(-3.565999965888,-1.398856592527,1.629378553875));
#10287=CARTESIAN_POINT('Ctrl Pts',(-3.565999965888,-1.398856592527,1.629378553875));
#10288=CARTESIAN_POINT('Ctrl Pts',(-3.553999966002,-1.398856592527,1.629378553875));
#10289=CARTESIAN_POINT('Ctrl Pts',(-3.565999965888,-1.441919899148,1.629378553875));
#10290=CARTESIAN_POINT('Ctrl Pts',(-3.553999966002,-1.441919899148,1.629378553875));
#10291=CARTESIAN_POINT('Ctrl Pts',(-3.565999965888,-1.475538738122,1.641162476814));
#10292=CARTESIAN_POINT('Ctrl Pts',(-3.553999966002,-1.475538738122,1.641162476814));
#10293=CARTESIAN_POINT('Ctrl Pts',(-3.565999965888,-1.499626462953,1.66473032269));
#10294=CARTESIAN_POINT('Ctrl Pts',(-3.553999966002,-1.499626462953,1.66473032269));
#10295=CARTESIAN_POINT('',(-3.555999965983,-1.499626462953,1.66473032269));
#10296=CARTESIAN_POINT('Origin',(-3.555999965983,9.17685811532198,14.8247023683832));
#10297=CARTESIAN_POINT('',(-3.565999965888,-1.499626462953,1.66473032269));
#10298=CARTESIAN_POINT('Ctrl Pts',(-3.565999965888,-1.499626462953,1.66473032269));
#10299=CARTESIAN_POINT('Ctrl Pts',(-3.553999966002,-1.499626462953,1.66473032269));
#10300=CARTESIAN_POINT('Ctrl Pts',(-3.565999965888,-1.523800834276,1.688124875585));
#10301=CARTESIAN_POINT('Ctrl Pts',(-3.553999966002,-1.523800834276,1.688124875585));
#10302=CARTESIAN_POINT('Ctrl Pts',(-3.565999965888,-1.535844696692,1.721050542619));
#10303=CARTESIAN_POINT('Ctrl Pts',(-3.553999966002,-1.535844696692,1.721050542619));
#10304=CARTESIAN_POINT('Ctrl Pts',(-3.565999965888,-1.535844696692,1.763334030812));
#10305=CARTESIAN_POINT('Ctrl Pts',(-3.553999966002,-1.535844696692,1.763334030812));
#10306=CARTESIAN_POINT('',(-3.555999965983,-1.535844696692,1.763334030812));
#10307=CARTESIAN_POINT('Origin',(-3.555999965983,9.43991087397219,10.3377743524106));
#10308=CARTESIAN_POINT('',(-3.565999965888,-1.535844696692,1.763334030812));
#10309=CARTESIAN_POINT('Ctrl Pts',(-3.565999965888,-1.535844696692,1.763334030812));
#10310=CARTESIAN_POINT('Ctrl Pts',(-3.553999966002,-1.535844696692,1.763334030812));
#10311=CARTESIAN_POINT('Ctrl Pts',(-3.565999965888,-1.535844696692,1.805617519005));
#10312=CARTESIAN_POINT('Ctrl Pts',(-3.553999966002,-1.535844696692,1.805617519005));
#10313=CARTESIAN_POINT('Ctrl Pts',(-3.565999965888,-1.523454248306,1.837503428134));
#10314=CARTESIAN_POINT('Ctrl Pts',(-3.553999966002,-1.523454248306,1.837503428134));
#10315=CARTESIAN_POINT('Ctrl Pts',(-3.565999965888,-1.498673351538,1.858818465214));
#10316=CARTESIAN_POINT('Ctrl Pts',(-3.553999966002,-1.498673351538,1.858818465214));
#10317=CARTESIAN_POINT('',(-3.555999965983,-1.498673351538,1.858818465214));
#10318=CARTESIAN_POINT('Origin',(-3.555999965983,5.28538898179704,-3.96087969689627));
#10319=CARTESIAN_POINT('',(-3.565999965888,-1.498673351538,1.858818465214));
#10320=CARTESIAN_POINT('Ctrl Pts',(-3.565999965888,-1.498673351538,1.858818465214));
#10321=CARTESIAN_POINT('Ctrl Pts',(-3.553999966002,-1.498673351538,1.858818465214));
#10322=CARTESIAN_POINT('Ctrl Pts',(-3.565999965888,-1.473892454767,1.880133502295));
#10323=CARTESIAN_POINT('Ctrl Pts',(-3.553999966002,-1.473892454767,1.880133502295));
#10324=CARTESIAN_POINT('Ctrl Pts',(-3.565999965888,-1.441226727209,1.890704374343));
#10325=CARTESIAN_POINT('Ctrl Pts',(-3.553999966002,-1.441226727209,1.890704374343));
#10326=CARTESIAN_POINT('Ctrl Pts',(-3.565999965888,-1.400849461845,1.890704374343));
#10327=CARTESIAN_POINT('Ctrl Pts',(-3.553999966002,-1.400849461845,1.890704374343));
#10328=CARTESIAN_POINT('Origin',(-3.555999965983,14.8672920289201,-20.0941511599708));
#10329=CARTESIAN_POINT('Origin',(-3.555999965983,3.852651255485,1.834000129028));
#10330=CARTESIAN_POINT('Origin',(-3.565999965888,2.335001270003,1.021200136804));
#10331=CARTESIAN_POINT('',(-3.565999965888,-1.90565192539,1.590734218355));
#10332=CARTESIAN_POINT('',(-3.565999965888,-1.776548652015,1.929695295831));
#10333=CARTESIAN_POINT('',(-3.565999965888,-1.776548652015,1.929695295831));
#10334=CARTESIAN_POINT('',(-3.565999965888,-1.729759546229,1.929695295831));
#10335=CARTESIAN_POINT('',(-3.565999965888,-1.729759546229,1.929695295831));
#10336=CARTESIAN_POINT('',(-3.565999965888,-1.600656272856,1.590734218355));
#10337=CARTESIAN_POINT('',(-3.565999965888,-1.600656272856,1.590734218355));
#10338=CARTESIAN_POINT('',(-3.565999965888,-1.6490050155,1.590734218355));
#10339=CARTESIAN_POINT('',(-3.565999965888,-1.6490050155,1.590734218355));
#10340=CARTESIAN_POINT('',(-3.565999965888,-1.681584096566,1.683445965007));
#10341=CARTESIAN_POINT('',(-3.565999965888,-1.681584096566,1.683445965007));
#10342=CARTESIAN_POINT('',(-3.565999965888,-1.822731232357,1.683445965007));
#10343=CARTESIAN_POINT('',(-3.565999965888,-1.822731232357,1.683445965007));
#10344=CARTESIAN_POINT('',(-3.565999965888,-1.857303182744,1.590734218355));
#10345=CARTESIAN_POINT('',(-3.565999965888,-1.857303182744,1.590734218355));
#10346=CARTESIAN_POINT('',(-3.565999965888,-1.90565192539,1.590734218355));
#10347=CARTESIAN_POINT('',(-3.565999965888,-1.695447535318,1.721743714558));
#10348=CARTESIAN_POINT('',(-3.565999965888,-1.809214379573,1.721743714558));
#10349=CARTESIAN_POINT('',(-3.565999965888,-1.695447535318,1.721743714558));
#10350=CARTESIAN_POINT('',(-3.565999965888,-1.746135733254,1.862630910871));
#10351=CARTESIAN_POINT('',(-3.565999965888,-1.746135733254,1.862630910871));
#10352=CARTESIAN_POINT('',(-3.565999965888,-1.751681108755,1.886372049733));
#10353=CARTESIAN_POINT('Ctrl Pts',(-3.565999965888,-1.751681108755,1.886372049733));
#10354=CARTESIAN_POINT('Ctrl Pts',(-3.565999965888,-1.750034825403,1.876147763654));
#10355=CARTESIAN_POINT('Ctrl Pts',(-3.565999965888,-1.748215249066,1.868176286372));
#10356=CARTESIAN_POINT('Ctrl Pts',(-3.565999965888,-1.746135733254,1.862630910871));
#10357=CARTESIAN_POINT('',(-3.565999965888,-1.75272086666,1.886372049733));
#10358=CARTESIAN_POINT('',(-3.565999965888,-1.75272086666,1.886372049733));
#10359=CARTESIAN_POINT('',(-3.565999965888,-1.758006302685,1.862630910871));
#10360=CARTESIAN_POINT('Ctrl Pts',(-3.565999965888,-1.758006302685,1.862630910871));
#10361=CARTESIAN_POINT('Ctrl Pts',(-3.565999965888,-1.756360019333,1.867309821448));
#10362=CARTESIAN_POINT('Ctrl Pts',(-3.565999965888,-1.754627089489,1.875108005747));
#10363=CARTESIAN_POINT('Ctrl Pts',(-3.565999965888,-1.75272086666,1.886372049733));
#10364=CARTESIAN_POINT('',(-3.565999965888,-1.809214379573,1.721743714558));
#10365=CARTESIAN_POINT('Origin',(-3.565999965888,-1.776548652015,1.929695295831));
#10366=CARTESIAN_POINT('',(-3.565999965888,-1.776548652015,1.929695295831));
#10367=CARTESIAN_POINT('',(-3.565999965888,-1.90565192539,1.590734218355));
#10368=CARTESIAN_POINT('Origin',(-3.565999965888,-1.729759546229,1.929695295831));
#10369=CARTESIAN_POINT('',(-3.565999965888,-1.729759546229,1.929695295831));
#10370=CARTESIAN_POINT('Origin',(-3.565999965888,-1.600656272856,1.590734218355));
#10371=CARTESIAN_POINT('',(-3.565999965888,-1.600656272856,1.590734218355));
#10372=CARTESIAN_POINT('Origin',(-3.565999965888,-1.6490050155,1.590734218355));
#10373=CARTESIAN_POINT('',(-3.565999965888,-1.6490050155,1.590734218355));
#10374=CARTESIAN_POINT('Origin',(-3.565999965888,-1.681584096566,1.683445965007));
#10375=CARTESIAN_POINT('',(-3.565999965888,-1.681584096566,1.683445965007));
#10376=CARTESIAN_POINT('Origin',(-3.565999965888,-1.822731232357,1.683445965007));
#10377=CARTESIAN_POINT('',(-3.565999965888,-1.822731232357,1.683445965007));
#10378=CARTESIAN_POINT('Origin',(-3.565999965888,-1.857303182744,1.590734218355));
#10379=CARTESIAN_POINT('',(-3.565999965888,-1.857303182744,1.590734218355));
#10380=CARTESIAN_POINT('Origin',(-3.565999965888,-1.90565192539,1.590734218355));
#10381=CARTESIAN_POINT('Origin',(-3.565999965888,-1.695447535318,1.721743714558));
#10382=CARTESIAN_POINT('',(-3.555999965983,-1.695447535318,1.721743714558));
#10383=CARTESIAN_POINT('',(-3.555999965983,-1.809214379573,1.721743714558));
#10384=CARTESIAN_POINT('',(-3.555999965983,-1.695447535318,1.721743714558));
#10385=CARTESIAN_POINT('',(-3.565999965888,-1.695447535318,1.721743714558));
#10386=CARTESIAN_POINT('',(-3.565999965888,-1.809214379573,1.721743714558));
#10387=CARTESIAN_POINT('Origin',(-3.565999965888,-1.809214379573,1.721743714558));
#10388=CARTESIAN_POINT('',(-3.555999965983,-1.758006302685,1.862630910871));
#10389=CARTESIAN_POINT('',(-3.555999965983,-1.809214379573,1.721743714558));
#10390=CARTESIAN_POINT('',(-3.565999965888,-1.758006302685,1.862630910871));
#10391=CARTESIAN_POINT('Ctrl Pts',(-3.565999965888,-1.758006302685,1.862630910871));
#10392=CARTESIAN_POINT('Ctrl Pts',(-3.553999966002,-1.758006302685,1.862630910871));
#10393=CARTESIAN_POINT('Ctrl Pts',(-3.565999965888,-1.756360019333,1.867309821448));
#10394=CARTESIAN_POINT('Ctrl Pts',(-3.553999966002,-1.756360019333,1.867309821448));
#10395=CARTESIAN_POINT('Ctrl Pts',(-3.565999965888,-1.754627089489,1.875108005747));
#10396=CARTESIAN_POINT('Ctrl Pts',(-3.553999966002,-1.754627089489,1.875108005747));
#10397=CARTESIAN_POINT('Ctrl Pts',(-3.565999965888,-1.75272086666,1.886372049733));
#10398=CARTESIAN_POINT('Ctrl Pts',(-3.553999966002,-1.75272086666,1.886372049733));
#10399=CARTESIAN_POINT('',(-3.555999965983,-1.75272086666,1.886372049733));
#10400=CARTESIAN_POINT('Ctrl Pts',(-3.555999965983,-1.758006302685,1.862630910871));
#10401=CARTESIAN_POINT('Ctrl Pts',(-3.555999965983,-1.756360019333,1.867309821448));
#10402=CARTESIAN_POINT('Ctrl Pts',(-3.555999965983,-1.754627089489,1.875108005747));
#10403=CARTESIAN_POINT('Ctrl Pts',(-3.555999965983,-1.75272086666,1.886372049733));
#10404=CARTESIAN_POINT('',(-3.565999965888,-1.75272086666,1.886372049733));
#10405=CARTESIAN_POINT('Origin',(-3.565999965888,-1.75272086666,1.886372049733));
#10406=CARTESIAN_POINT('',(-3.555999965983,-1.751681108755,1.886372049733));
#10407=CARTESIAN_POINT('',(-3.555999965983,-1.75272086666,1.886372049733));
#10408=CARTESIAN_POINT('',(-3.565999965888,-1.751681108755,1.886372049733));
#10409=CARTESIAN_POINT('Ctrl Pts',(-3.565999965888,-1.751681108755,1.886372049733));
#10410=CARTESIAN_POINT('Ctrl Pts',(-3.553999966002,-1.751681108755,1.886372049733));
#10411=CARTESIAN_POINT('Ctrl Pts',(-3.565999965888,-1.750034825403,1.876147763654));
#10412=CARTESIAN_POINT('Ctrl Pts',(-3.553999966002,-1.750034825403,1.876147763654));
#10413=CARTESIAN_POINT('Ctrl Pts',(-3.565999965888,-1.748215249066,1.868176286372));
#10414=CARTESIAN_POINT('Ctrl Pts',(-3.553999966002,-1.748215249066,1.868176286372));
#10415=CARTESIAN_POINT('Ctrl Pts',(-3.565999965888,-1.746135733254,1.862630910871));
#10416=CARTESIAN_POINT('Ctrl Pts',(-3.553999966002,-1.746135733254,1.862630910871));
#10417=CARTESIAN_POINT('',(-3.555999965983,-1.746135733254,1.862630910871));
#10418=CARTESIAN_POINT('Ctrl Pts',(-3.555999965983,-1.751681108755,1.886372049733));
#10419=CARTESIAN_POINT('Ctrl Pts',(-3.555999965983,-1.750034825403,1.876147763654));
#10420=CARTESIAN_POINT('Ctrl Pts',(-3.555999965983,-1.748215249066,1.868176286372));
#10421=CARTESIAN_POINT('Ctrl Pts',(-3.555999965983,-1.746135733254,1.862630910871));
#10422=CARTESIAN_POINT('',(-3.565999965888,-1.746135733254,1.862630910871));
#10423=CARTESIAN_POINT('Origin',(-3.565999965888,-1.746135733254,1.862630910871));
#10424=CARTESIAN_POINT('',(-3.555999965983,-1.746135733254,1.862630910871));
#10425=CARTESIAN_POINT('Origin',(-3.555999965983,3.852651255485,1.834000129028));
#10426=CARTESIAN_POINT('Origin',(-3.565999965888,-0.727606217471,1.091650423297));
#10427=CARTESIAN_POINT('',(-3.565999965888,-0.727606217471,1.091650423297));
#10428=CARTESIAN_POINT('',(-3.565999965888,-0.727606217471,1.091650423297));
#10429=CARTESIAN_POINT('',(-3.565999965888,-0.727606217471,1.053006087777));
#10430=CARTESIAN_POINT('',(-3.565999965888,-0.727606217471,1.091650423297));
#10431=CARTESIAN_POINT('',(-3.565999965888,-0.727606217471,1.053006087777));
#10432=CARTESIAN_POINT('Origin',(-3.565999965888,-0.589058476447,1.091650423297));
#10433=CARTESIAN_POINT('',(-3.565999965888,-0.589058476447,1.091650423297));
#10434=CARTESIAN_POINT('',(-3.565999965888,-0.589058476447,1.091650423297));
#10435=CARTESIAN_POINT('',(-3.565999965888,-0.589058476447,1.091650423297));
#10436=CARTESIAN_POINT('Origin',(-3.565999965888,-0.589058476447,1.205677207029));
#10437=CARTESIAN_POINT('',(-3.565999965888,-0.589058476447,1.205677207029));
#10438=CARTESIAN_POINT('',(-3.565999965888,-0.589058476447,1.205677207029));
#10439=CARTESIAN_POINT('',(-3.565999965888,-0.589058476447,1.205677207029));
#10440=CARTESIAN_POINT('Origin',(-3.565999965888,-0.710276919032,1.205677207029));
#10441=CARTESIAN_POINT('',(-3.565999965888,-0.710276919032,1.205677207029));
#10442=CARTESIAN_POINT('',(-3.565999965888,-0.710276919032,1.205677207029));
#10443=CARTESIAN_POINT('',(-3.565999965888,-0.710276919032,1.205677207029));
#10444=CARTESIAN_POINT('Origin',(-3.565999965888,-0.710276919032,1.244494835533));
#10445=CARTESIAN_POINT('',(-3.565999965888,-0.710276919032,1.244494835533));
#10446=CARTESIAN_POINT('',(-3.565999965888,-0.710276919032,1.244494835533));
#10447=CARTESIAN_POINT('',(-3.565999965888,-0.710276919032,1.244494835533));
#10448=CARTESIAN_POINT('Origin',(-3.565999965888,-0.589058476447,1.244494835533));
#10449=CARTESIAN_POINT('',(-3.565999965888,-0.589058476447,1.244494835533));
#10450=CARTESIAN_POINT('',(-3.565999965888,-0.589058476447,1.244494835533));
#10451=CARTESIAN_POINT('',(-3.565999965888,-0.589058476447,1.244494835533));
#10452=CARTESIAN_POINT('Origin',(-3.565999965888,-0.589058476447,1.352976243765));
#10453=CARTESIAN_POINT('',(-3.565999965888,-0.589058476447,1.352976243765));
#10454=CARTESIAN_POINT('',(-3.565999965888,-0.589058476447,1.352976243765));
#10455=CARTESIAN_POINT('',(-3.565999965888,-0.589058476447,1.352976243765));
#10456=CARTESIAN_POINT('Origin',(-3.565999965888,-0.719894679665,1.352976243765));
#10457=CARTESIAN_POINT('',(-3.565999965888,-0.719894679665,1.352976243765));
#10458=CARTESIAN_POINT('',(-3.565999965888,-0.719894679665,1.352976243765));
#10459=CARTESIAN_POINT('',(-3.565999965888,-0.719894679665,1.352976243765));
#10460=CARTESIAN_POINT('Origin',(-3.565999965888,-0.719894679665,1.391967165254));
#10461=CARTESIAN_POINT('',(-3.565999965888,-0.719894679665,1.391967165254));
#10462=CARTESIAN_POINT('',(-3.565999965888,-0.719894679665,1.391967165254));
#10463=CARTESIAN_POINT('',(-3.565999965888,-0.719894679665,1.391967165254));
#10464=CARTESIAN_POINT('Origin',(-3.565999965888,-0.545301997887,1.391967165254));
#10465=CARTESIAN_POINT('',(-3.565999965888,-0.545301997887,1.391967165254));
#10466=CARTESIAN_POINT('',(-3.565999965888,-0.545301997887,1.391967165254));
#10467=CARTESIAN_POINT('',(-3.565999965888,-0.545301997887,1.391967165254));
#10468=CARTESIAN_POINT('Origin',(-3.565999965888,-0.545301997887,1.053006087777));
#10469=CARTESIAN_POINT('',(-3.565999965888,-0.545301997887,1.053006087777));
#10470=CARTESIAN_POINT('',(-3.565999965888,-0.545301997887,1.053006087777));
#10471=CARTESIAN_POINT('',(-3.565999965888,-0.545301997887,1.053006087777));
#10472=CARTESIAN_POINT('Origin',(-3.565999965888,-0.727606217471,1.053006087777));
#10473=CARTESIAN_POINT('',(-3.565999965888,-0.727606217471,1.053006087777));
#10474=CARTESIAN_POINT('Origin',(-3.565999965888,2.335001270003,1.021200136804));
#10475=CARTESIAN_POINT('Origin',(-3.565999965888,-0.830748035621,1.295031402108));
#10476=CARTESIAN_POINT('',(-3.565999965888,-0.875251840176,1.300641762478));
#10477=CARTESIAN_POINT('',(-3.565999965888,-0.791897914681,1.278113674507));
#10478=CARTESIAN_POINT('Ctrl Pts',(-3.565999965888,-0.875251840176,1.300641762478));
#10479=CARTESIAN_POINT('Ctrl Pts',(-3.565999965888,-0.843712517016,1.300641762478));
#10480=CARTESIAN_POINT('Ctrl Pts',(-3.565999965888,-0.81589899302,1.293190164148));
#10481=CARTESIAN_POINT('Ctrl Pts',(-3.565999965888,-0.791897914681,1.278113674507));
#10482=CARTESIAN_POINT('',(-3.565999965888,-0.791897914681,1.236869944219));
#10483=CARTESIAN_POINT('',(-3.565999965888,-0.791897914681,1.236869944219));
#10484=CARTESIAN_POINT('',(-3.565999965888,-0.871266101535,1.266156458583));
#10485=CARTESIAN_POINT('Ctrl Pts',(-3.565999965888,-0.791897914681,1.236869944219));
#10486=CARTESIAN_POINT('Ctrl Pts',(-3.565999965888,-0.815812346528,1.256278758472));
#10487=CARTESIAN_POINT('Ctrl Pts',(-3.565999965888,-0.842239526648,1.266156458583));
#10488=CARTESIAN_POINT('Ctrl Pts',(-3.565999965888,-0.871266101535,1.266156458583));
#10489=CARTESIAN_POINT('',(-3.565999965888,-0.920308016118,1.20689025792));
#10490=CARTESIAN_POINT('Origin',(-3.565999965888,12.9712045193181,-15.5214591026239));
#10491=CARTESIAN_POINT('',(-3.565999965888,-0.848564720579,1.196839264825));
#10492=CARTESIAN_POINT('',(-3.565999965888,-0.848564720579,1.196839264825));
#10493=CARTESIAN_POINT('',(-3.565999965888,-0.768243422312,1.117817663941));
#10494=CARTESIAN_POINT('Ctrl Pts',(-3.565999965888,-0.848564720579,1.196839264825));
#10495=CARTESIAN_POINT('Ctrl Pts',(-3.565999965888,-0.795017188401,1.189387666496));
#10496=CARTESIAN_POINT('Ctrl Pts',(-3.565999965888,-0.768243422312,1.163047132868));
#10497=CARTESIAN_POINT('Ctrl Pts',(-3.565999965888,-0.768243422312,1.117817663941));
#10498=CARTESIAN_POINT('',(-3.565999965888,-0.78903858044,1.066349647574));
#10499=CARTESIAN_POINT('Ctrl Pts',(-3.565999965888,-0.768243422312,1.117817663941));
#10500=CARTESIAN_POINT('Ctrl Pts',(-3.565999965888,-0.768243422312,1.096156040891));
#10501=CARTESIAN_POINT('Ctrl Pts',(-3.565999965888,-0.775175141688,1.079000035435));
#10502=CARTESIAN_POINT('Ctrl Pts',(-3.565999965888,-0.78903858044,1.066349647574));
#10503=CARTESIAN_POINT('',(-3.565999965888,-0.845012214399,1.047287419292));
#10504=CARTESIAN_POINT('Origin',(-3.565999965888,-6.776284468313,9.06036174235082));
#10505=CARTESIAN_POINT('',(-3.565999965888,-0.91918161172,1.090437372406));
#10506=CARTESIAN_POINT('Origin',(-3.565999965888,2.5112565212429,7.16952645199678));
#10507=CARTESIAN_POINT('',(-3.565999965888,-0.920308016118,1.090437372406));
#10508=CARTESIAN_POINT('',(-3.565999965888,-0.920308016118,1.090437372406));
#10509=CARTESIAN_POINT('',(-3.565999965888,-0.920308016118,1.053006087777));
#10510=CARTESIAN_POINT('',(-3.565999965888,-0.920308016118,1.053006087777));
#10511=CARTESIAN_POINT('',(-3.565999965888,-0.962764797295,1.053006087777));
#10512=CARTESIAN_POINT('',(-3.565999965888,-0.962764797295,1.053006087777));
#10513=CARTESIAN_POINT('',(-3.565999965888,-0.962764797295,1.208796480747));
#10514=CARTESIAN_POINT('',(-3.565999965888,-0.962764797295,1.208796480747));
#10515=CARTESIAN_POINT('Ctrl Pts',(-3.565999965888,-0.962764797295,1.208796480747));
#10516=CARTESIAN_POINT('Ctrl Pts',(-3.565999965888,-0.962764797295,1.270142197224));
#10517=CARTESIAN_POINT('Ctrl Pts',(-3.565999965888,-0.933564929425,1.300641762478));
#10518=CARTESIAN_POINT('Ctrl Pts',(-3.565999965888,-0.875251840176,1.300641762478));
#10519=CARTESIAN_POINT('',(-3.565999965888,-0.82257077292,1.151956381865));
#10520=CARTESIAN_POINT('',(-3.565999965888,-0.811306728935,1.121283523628));
#10521=CARTESIAN_POINT('Origin',(-3.565999965888,-1.64901556548867,0.49629627524073));
#10522=CARTESIAN_POINT('',(-3.565999965888,-0.863641210221,1.166859578525));
#10523=CARTESIAN_POINT('Ctrl Pts',(-3.565999965888,-0.863641210221,1.166859578525));
#10524=CARTESIAN_POINT('Ctrl Pts',(-3.565999965888,-0.843799163509,1.164086890773));
#10525=CARTESIAN_POINT('Ctrl Pts',(-3.565999965888,-0.830109017741,1.159234687211));
#10526=CARTESIAN_POINT('Ctrl Pts',(-3.565999965888,-0.82257077292,1.151956381865));
#10527=CARTESIAN_POINT('',(-3.565999965888,-0.920308016118,1.174484469839));
#10528=CARTESIAN_POINT('',(-3.565999965888,-0.920308016118,1.174484469839));
#10529=CARTESIAN_POINT('',(-3.565999965888,-0.920308016118,1.151263209928));
#10530=CARTESIAN_POINT('',(-3.565999965888,-0.920308016118,1.151263209928));
#10531=CARTESIAN_POINT('',(-3.565999965888,-0.902112252757,1.101874709377));
#10532=CARTESIAN_POINT('Ctrl Pts',(-3.565999965888,-0.902112252757,1.101874709377));
#10533=CARTESIAN_POINT('Ctrl Pts',(-3.565999965888,-0.914242761665,1.114871683205));
#10534=CARTESIAN_POINT('Ctrl Pts',(-3.565999965888,-0.920308016118,1.131334516723));
#10535=CARTESIAN_POINT('Ctrl Pts',(-3.565999965888,-0.920308016118,1.151263209928));
#10536=CARTESIAN_POINT('',(-3.565999965888,-0.856016318908,1.082119309155));
#10537=CARTESIAN_POINT('Origin',(-3.565999965888,-0.0755978305569965,2.68493244104589));
#10538=CARTESIAN_POINT('',(-3.565999965888,-0.823610530826,1.093036767171));
#10539=CARTESIAN_POINT('Origin',(-3.565999965888,-1.7665665658849,2.35681856403183));
#10540=CARTESIAN_POINT('Ctrl Pts',(-3.565999965888,-0.811306728935,1.121283523628));
#10541=CARTESIAN_POINT('Ctrl Pts',(-3.565999965888,-0.811306728935,1.109672893675));
#10542=CARTESIAN_POINT('Ctrl Pts',(-3.565999965888,-0.815379114068,1.100315072516));
#10543=CARTESIAN_POINT('Ctrl Pts',(-3.565999965888,-0.823610530826,1.093036767171));
#10544=CARTESIAN_POINT('Ctrl Pts',(-3.565999965888,-0.875251840176,1.300641762478));
#10545=CARTESIAN_POINT('Ctrl Pts',(-3.553999966002,-0.875251840176,1.300641762478));
#10546=CARTESIAN_POINT('Ctrl Pts',(-3.565999965888,-0.843712517016,1.300641762478));
#10547=CARTESIAN_POINT('Ctrl Pts',(-3.553999966002,-0.843712517016,1.300641762478));
#10548=CARTESIAN_POINT('Ctrl Pts',(-3.565999965888,-0.81589899302,1.293190164148));
#10549=CARTESIAN_POINT('Ctrl Pts',(-3.553999966002,-0.81589899302,1.293190164148));
#10550=CARTESIAN_POINT('Ctrl Pts',(-3.565999965888,-0.791897914681,1.278113674507));
#10551=CARTESIAN_POINT('Ctrl Pts',(-3.553999966002,-0.791897914681,1.278113674507));
#10552=CARTESIAN_POINT('',(-3.565999965888,-0.875251840176,1.300641762478));
#10553=CARTESIAN_POINT('',(-3.565999965888,-0.791897914681,1.278113674507));
#10554=CARTESIAN_POINT('Origin',(-3.565999965888,-0.791897914681,1.236869944219));
#10555=CARTESIAN_POINT('',(-3.565999965888,-0.791897914681,1.236869944219));
#10556=CARTESIAN_POINT('Ctrl Pts',(-3.565999965888,-0.791897914681,1.236869944219));
#10557=CARTESIAN_POINT('Ctrl Pts',(-3.553999966002,-0.791897914681,1.236869944219));
#10558=CARTESIAN_POINT('Ctrl Pts',(-3.565999965888,-0.815812346528,1.256278758472));
#10559=CARTESIAN_POINT('Ctrl Pts',(-3.553999966002,-0.815812346528,1.256278758472));
#10560=CARTESIAN_POINT('Ctrl Pts',(-3.565999965888,-0.842239526648,1.266156458583));
#10561=CARTESIAN_POINT('Ctrl Pts',(-3.553999966002,-0.842239526648,1.266156458583));
#10562=CARTESIAN_POINT('Ctrl Pts',(-3.565999965888,-0.871266101535,1.266156458583));
#10563=CARTESIAN_POINT('Ctrl Pts',(-3.553999966002,-0.871266101535,1.266156458583));
#10564=CARTESIAN_POINT('',(-3.565999965888,-0.871266101535,1.266156458583));
#10565=CARTESIAN_POINT('Ctrl Pts',(-3.565999965888,-0.871266101535,1.266156458583));
#10566=CARTESIAN_POINT('Ctrl Pts',(-3.553999966002,-0.871266101535,1.266156458583));
#10567=CARTESIAN_POINT('Ctrl Pts',(-3.565999965888,-0.903931829093,1.266156458583));
#10568=CARTESIAN_POINT('Ctrl Pts',(-3.553999966002,-0.903931829093,1.266156458583));
#10569=CARTESIAN_POINT('Ctrl Pts',(-3.565999965888,-0.920308016118,1.246401058361));
#10570=CARTESIAN_POINT('Ctrl Pts',(-3.553999966002,-0.920308016118,1.246401058361));
#10571=CARTESIAN_POINT('Ctrl Pts',(-3.565999965888,-0.920308016118,1.20689025792));
#10572=CARTESIAN_POINT('Ctrl Pts',(-3.553999966002,-0.920308016118,1.20689025792));
#10573=CARTESIAN_POINT('',(-3.565999965888,-0.920308016118,1.20689025792));
#10574=CARTESIAN_POINT('Origin',(-3.565999965888,-0.848564720579,1.196839264825));
#10575=CARTESIAN_POINT('',(-3.565999965888,-0.848564720579,1.196839264825));
#10576=CARTESIAN_POINT('Ctrl Pts',(-3.565999965888,-0.848564720579,1.196839264825));
#10577=CARTESIAN_POINT('Ctrl Pts',(-3.553999966002,-0.848564720579,1.196839264825));
#10578=CARTESIAN_POINT('Ctrl Pts',(-3.565999965888,-0.795017188401,1.189387666496));
#10579=CARTESIAN_POINT('Ctrl Pts',(-3.553999966002,-0.795017188401,1.189387666496));
#10580=CARTESIAN_POINT('Ctrl Pts',(-3.565999965888,-0.768243422312,1.163047132868));
#10581=CARTESIAN_POINT('Ctrl Pts',(-3.553999966002,-0.768243422312,1.163047132868));
#10582=CARTESIAN_POINT('Ctrl Pts',(-3.565999965888,-0.768243422312,1.117817663941));
#10583=CARTESIAN_POINT('Ctrl Pts',(-3.553999966002,-0.768243422312,1.117817663941));
#10584=CARTESIAN_POINT('',(-3.565999965888,-0.768243422312,1.117817663941));
#10585=CARTESIAN_POINT('Ctrl Pts',(-3.565999965888,-0.768243422312,1.117817663941));
#10586=CARTESIAN_POINT('Ctrl Pts',(-3.553999966002,-0.768243422312,1.117817663941));
#10587=CARTESIAN_POINT('Ctrl Pts',(-3.565999965888,-0.768243422312,1.096156040891));
#10588=CARTESIAN_POINT('Ctrl Pts',(-3.553999966002,-0.768243422312,1.096156040891));
#10589=CARTESIAN_POINT('Ctrl Pts',(-3.565999965888,-0.775175141688,1.079000035435));
#10590=CARTESIAN_POINT('Ctrl Pts',(-3.553999966002,-0.775175141688,1.079000035435));
#10591=CARTESIAN_POINT('Ctrl Pts',(-3.565999965888,-0.78903858044,1.066349647574));
#10592=CARTESIAN_POINT('Ctrl Pts',(-3.553999966002,-0.78903858044,1.066349647574));
#10593=CARTESIAN_POINT('',(-3.565999965888,-0.78903858044,1.066349647574));
#10594=CARTESIAN_POINT('Ctrl Pts',(-3.565999965888,-0.78903858044,1.066349647574));
#10595=CARTESIAN_POINT('Ctrl Pts',(-3.553999966002,-0.78903858044,1.066349647574));
#10596=CARTESIAN_POINT('Ctrl Pts',(-3.565999965888,-0.802902019191,1.053699259714));
#10597=CARTESIAN_POINT('Ctrl Pts',(-3.553999966002,-0.802902019191,1.053699259714));
#10598=CARTESIAN_POINT('Ctrl Pts',(-3.565999965888,-0.821531015014,1.047287419292));
#10599=CARTESIAN_POINT('Ctrl Pts',(-3.553999966002,-0.821531015014,1.047287419292));
#10600=CARTESIAN_POINT('Ctrl Pts',(-3.565999965888,-0.845012214399,1.047287419292));
#10601=CARTESIAN_POINT('Ctrl Pts',(-3.553999966002,-0.845012214399,1.047287419292));
#10602=CARTESIAN_POINT('',(-3.565999965888,-0.845012214399,1.047287419292));
#10603=CARTESIAN_POINT('Ctrl Pts',(-3.565999965888,-0.845012214399,1.047287419292));
#10604=CARTESIAN_POINT('Ctrl Pts',(-3.553999966002,-0.845012214399,1.047287419292));
#10605=CARTESIAN_POINT('Ctrl Pts',(-3.565999965888,-0.877677941957,1.047287419292));
#10606=CARTESIAN_POINT('Ctrl Pts',(-3.553999966002,-0.877677941957,1.047287419292));
#10607=CARTESIAN_POINT('Ctrl Pts',(-3.565999965888,-0.902458838726,1.061670736997));
#10608=CARTESIAN_POINT('Ctrl Pts',(-3.553999966002,-0.902458838726,1.061670736997));
#10609=CARTESIAN_POINT('Ctrl Pts',(-3.565999965888,-0.91918161172,1.090437372406));
#10610=CARTESIAN_POINT('Ctrl Pts',(-3.553999966002,-0.91918161172,1.090437372406));
#10611=CARTESIAN_POINT('',(-3.565999965888,-0.91918161172,1.090437372406));
#10612=CARTESIAN_POINT('Origin',(-3.565999965888,-0.920308016118,1.090437372406));
#10613=CARTESIAN_POINT('',(-3.565999965888,-0.920308016118,1.090437372406));
#10614=CARTESIAN_POINT('Origin',(-3.565999965888,-0.920308016118,1.053006087777));
#10615=CARTESIAN_POINT('',(-3.565999965888,-0.920308016118,1.053006087777));
#10616=CARTESIAN_POINT('Origin',(-3.565999965888,-0.962764797295,1.053006087777));
#10617=CARTESIAN_POINT('',(-3.565999965888,-0.962764797295,1.053006087777));
#10618=CARTESIAN_POINT('Origin',(-3.565999965888,-0.962764797295,1.208796480747));
#10619=CARTESIAN_POINT('',(-3.565999965888,-0.962764797295,1.208796480747));
#10620=CARTESIAN_POINT('Ctrl Pts',(-3.565999965888,-0.962764797295,1.208796480747));
#10621=CARTESIAN_POINT('Ctrl Pts',(-3.553999966002,-0.962764797295,1.208796480747));
#10622=CARTESIAN_POINT('Ctrl Pts',(-3.565999965888,-0.962764797295,1.270142197224));
#10623=CARTESIAN_POINT('Ctrl Pts',(-3.553999966002,-0.962764797295,1.270142197224));
#10624=CARTESIAN_POINT('Ctrl Pts',(-3.565999965888,-0.933564929425,1.300641762478));
#10625=CARTESIAN_POINT('Ctrl Pts',(-3.553999966002,-0.933564929425,1.300641762478));
#10626=CARTESIAN_POINT('Ctrl Pts',(-3.565999965888,-0.875251840176,1.300641762478));
#10627=CARTESIAN_POINT('Ctrl Pts',(-3.553999966002,-0.875251840176,1.300641762478));
#10628=CARTESIAN_POINT('Ctrl Pts',(-3.565999965888,-0.863641210221,1.166859578525));
#10629=CARTESIAN_POINT('Ctrl Pts',(-3.553999966002,-0.863641210221,1.166859578525));
#10630=CARTESIAN_POINT('Ctrl Pts',(-3.565999965888,-0.843799163509,1.164086890773));
#10631=CARTESIAN_POINT('Ctrl Pts',(-3.553999966002,-0.843799163509,1.164086890773));
#10632=CARTESIAN_POINT('Ctrl Pts',(-3.565999965888,-0.830109017741,1.159234687211));
#10633=CARTESIAN_POINT('Ctrl Pts',(-3.553999966002,-0.830109017741,1.159234687211));
#10634=CARTESIAN_POINT('Ctrl Pts',(-3.565999965888,-0.82257077292,1.151956381865));
#10635=CARTESIAN_POINT('Ctrl Pts',(-3.553999966002,-0.82257077292,1.151956381865));
#10636=CARTESIAN_POINT('',(-3.555999965983,-0.863641210221,1.166859578525));
#10637=CARTESIAN_POINT('',(-3.555999965983,-0.82257077292,1.151956381865));
#10638=CARTESIAN_POINT('Ctrl Pts',(-3.555999965983,-0.863641210221,1.166859578525));
#10639=CARTESIAN_POINT('Ctrl Pts',(-3.555999965983,-0.843799163509,1.164086890773));
#10640=CARTESIAN_POINT('Ctrl Pts',(-3.555999965983,-0.830109017741,1.159234687211));
#10641=CARTESIAN_POINT('Ctrl Pts',(-3.555999965983,-0.82257077292,1.151956381865));
#10642=CARTESIAN_POINT('',(-3.565999965888,-0.863641210221,1.166859578525));
#10643=CARTESIAN_POINT('',(-3.565999965888,-0.82257077292,1.151956381865));
#10644=CARTESIAN_POINT('Ctrl Pts',(-3.565999965888,-0.82257077292,1.151956381865));
#10645=CARTESIAN_POINT('Ctrl Pts',(-3.553999966002,-0.82257077292,1.151956381865));
#10646=CARTESIAN_POINT('Ctrl Pts',(-3.565999965888,-0.81511917459,1.144678076522));
#10647=CARTESIAN_POINT('Ctrl Pts',(-3.553999966002,-0.81511917459,1.144678076522));
#10648=CARTESIAN_POINT('Ctrl Pts',(-3.565999965888,-0.811306728935,1.134453790443));
#10649=CARTESIAN_POINT('Ctrl Pts',(-3.553999966002,-0.811306728935,1.134453790443));
#10650=CARTESIAN_POINT('Ctrl Pts',(-3.565999965888,-0.811306728935,1.121283523628));
#10651=CARTESIAN_POINT('Ctrl Pts',(-3.553999966002,-0.811306728935,1.121283523628));
#10652=CARTESIAN_POINT('',(-3.555999965983,-0.811306728935,1.121283523628));
#10653=CARTESIAN_POINT('Origin',(-3.555999965983,-1.64901556548867,0.49629627524073));
#10654=CARTESIAN_POINT('',(-3.565999965888,-0.811306728935,1.121283523628));
#10655=CARTESIAN_POINT('Ctrl Pts',(-3.565999965888,-0.811306728935,1.121283523628));
#10656=CARTESIAN_POINT('Ctrl Pts',(-3.553999966002,-0.811306728935,1.121283523628));
#10657=CARTESIAN_POINT('Ctrl Pts',(-3.565999965888,-0.811306728935,1.109672893675));
#10658=CARTESIAN_POINT('Ctrl Pts',(-3.553999966002,-0.811306728935,1.109672893675));
#10659=CARTESIAN_POINT('Ctrl Pts',(-3.565999965888,-0.815379114068,1.100315072516));
#10660=CARTESIAN_POINT('Ctrl Pts',(-3.553999966002,-0.815379114068,1.100315072516));
#10661=CARTESIAN_POINT('Ctrl Pts',(-3.565999965888,-0.823610530826,1.093036767171));
#10662=CARTESIAN_POINT('Ctrl Pts',(-3.553999966002,-0.823610530826,1.093036767171));
#10663=CARTESIAN_POINT('',(-3.555999965983,-0.823610530826,1.093036767171));
#10664=CARTESIAN_POINT('Ctrl Pts',(-3.555999965983,-0.811306728935,1.121283523628));
#10665=CARTESIAN_POINT('Ctrl Pts',(-3.555999965983,-0.811306728935,1.109672893675));
#10666=CARTESIAN_POINT('Ctrl Pts',(-3.555999965983,-0.815379114068,1.100315072516));
#10667=CARTESIAN_POINT('Ctrl Pts',(-3.555999965983,-0.823610530826,1.093036767171));
#10668=CARTESIAN_POINT('',(-3.565999965888,-0.823610530826,1.093036767171));
#10669=CARTESIAN_POINT('Ctrl Pts',(-3.565999965888,-0.823610530826,1.093036767171));
#10670=CARTESIAN_POINT('Ctrl Pts',(-3.553999966002,-0.823610530826,1.093036767171));
#10671=CARTESIAN_POINT('Ctrl Pts',(-3.565999965888,-0.831755301093,1.085758461828));
#10672=CARTESIAN_POINT('Ctrl Pts',(-3.553999966002,-0.831755301093,1.085758461828));
#10673=CARTESIAN_POINT('Ctrl Pts',(-3.565999965888,-0.842586112617,1.082119309155));
#10674=CARTESIAN_POINT('Ctrl Pts',(-3.553999966002,-0.842586112617,1.082119309155));
#10675=CARTESIAN_POINT('Ctrl Pts',(-3.565999965888,-0.856016318908,1.082119309155));
#10676=CARTESIAN_POINT('Ctrl Pts',(-3.553999966002,-0.856016318908,1.082119309155));
#10677=CARTESIAN_POINT('',(-3.555999965983,-0.856016318908,1.082119309155));
#10678=CARTESIAN_POINT('Origin',(-3.555999965983,-1.7665665658849,2.35681856403183));
#10679=CARTESIAN_POINT('',(-3.565999965888,-0.856016318908,1.082119309155));
#10680=CARTESIAN_POINT('Ctrl Pts',(-3.565999965888,-0.856016318908,1.082119309155));
#10681=CARTESIAN_POINT('Ctrl Pts',(-3.553999966002,-0.856016318908,1.082119309155));
#10682=CARTESIAN_POINT('Ctrl Pts',(-3.565999965888,-0.87464531473,1.082119309155));
#10683=CARTESIAN_POINT('Ctrl Pts',(-3.553999966002,-0.87464531473,1.082119309155));
#10684=CARTESIAN_POINT('Ctrl Pts',(-3.565999965888,-0.890068390341,1.088704442561));
#10685=CARTESIAN_POINT('Ctrl Pts',(-3.553999966002,-0.890068390341,1.088704442561));
#10686=CARTESIAN_POINT('Ctrl Pts',(-3.565999965888,-0.902112252757,1.101874709377));
#10687=CARTESIAN_POINT('Ctrl Pts',(-3.553999966002,-0.902112252757,1.101874709377));
#10688=CARTESIAN_POINT('',(-3.555999965983,-0.902112252757,1.101874709377));
#10689=CARTESIAN_POINT('Origin',(-3.555999965983,-0.0755978305569965,2.68493244104589));
#10690=CARTESIAN_POINT('',(-3.565999965888,-0.902112252757,1.101874709377));
#10691=CARTESIAN_POINT('Ctrl Pts',(-3.565999965888,-0.902112252757,1.101874709377));
#10692=CARTESIAN_POINT('Ctrl Pts',(-3.553999966002,-0.902112252757,1.101874709377));
#10693=CARTESIAN_POINT('Ctrl Pts',(-3.565999965888,-0.914242761665,1.114871683205));
#10694=CARTESIAN_POINT('Ctrl Pts',(-3.553999966002,-0.914242761665,1.114871683205));
#10695=CARTESIAN_POINT('Ctrl Pts',(-3.565999965888,-0.920308016118,1.131334516723));
#10696=CARTESIAN_POINT('Ctrl Pts',(-3.553999966002,-0.920308016118,1.131334516723));
#10697=CARTESIAN_POINT('Ctrl Pts',(-3.565999965888,-0.920308016118,1.151263209928));
#10698=CARTESIAN_POINT('Ctrl Pts',(-3.553999966002,-0.920308016118,1.151263209928));
#10699=CARTESIAN_POINT('',(-3.555999965983,-0.920308016118,1.151263209928));
#10700=CARTESIAN_POINT('Ctrl Pts',(-3.555999965983,-0.902112252757,1.101874709377));
#10701=CARTESIAN_POINT('Ctrl Pts',(-3.555999965983,-0.914242761665,1.114871683205));
#10702=CARTESIAN_POINT('Ctrl Pts',(-3.555999965983,-0.920308016118,1.131334516723));
#10703=CARTESIAN_POINT('Ctrl Pts',(-3.555999965983,-0.920308016118,1.151263209928));
#10704=CARTESIAN_POINT('',(-3.565999965888,-0.920308016118,1.151263209928));
#10705=CARTESIAN_POINT('Origin',(-3.565999965888,-0.920308016118,1.151263209928));
#10706=CARTESIAN_POINT('',(-3.555999965983,-0.920308016118,1.174484469839));
#10707=CARTESIAN_POINT('',(-3.555999965983,-0.920308016118,1.151263209928));
#10708=CARTESIAN_POINT('',(-3.565999965888,-0.920308016118,1.174484469839));
#10709=CARTESIAN_POINT('Origin',(-3.565999965888,-0.920308016118,1.174484469839));
#10710=CARTESIAN_POINT('',(-3.555999965983,-0.920308016118,1.174484469839));
#10711=CARTESIAN_POINT('Origin',(-3.555999965983,3.852651255485,1.834000129028));
#10712=CARTESIAN_POINT('Ctrl Pts',(-3.565999965888,-1.090135140826,1.081946016171));
#10713=CARTESIAN_POINT('Ctrl Pts',(-3.553999966002,-1.090135140826,1.081946016171));
#10714=CARTESIAN_POINT('Ctrl Pts',(-3.565999965888,-1.065180951073,1.081946016171));
#10715=CARTESIAN_POINT('Ctrl Pts',(-3.553999966002,-1.065180951073,1.081946016171));
#10716=CARTESIAN_POINT('Ctrl Pts',(-3.565999965888,-1.041959691164,1.089744200469));
#10717=CARTESIAN_POINT('Ctrl Pts',(-3.553999966002,-1.041959691164,1.089744200469));
#10718=CARTESIAN_POINT('Ctrl Pts',(-3.565999965888,-1.020298068115,1.105340569063));
#10719=CARTESIAN_POINT('Ctrl Pts',(-3.553999966002,-1.020298068115,1.105340569063));
#10720=CARTESIAN_POINT('',(-3.565999965888,-1.090135140826,1.081946016171));
#10721=CARTESIAN_POINT('',(-3.565999965888,-1.090135140826,1.081946016171));
#10722=CARTESIAN_POINT('',(-3.565999965888,-1.020298068115,1.105340569063));
#10723=CARTESIAN_POINT('',(-3.565999965888,-1.020298068115,1.105340569063));
#10724=CARTESIAN_POINT('Ctrl Pts',(-3.565999965888,-1.090135140826,1.081946016171));
#10725=CARTESIAN_POINT('Ctrl Pts',(-3.565999965888,-1.065180951073,1.081946016171));
#10726=CARTESIAN_POINT('Ctrl Pts',(-3.565999965888,-1.041959691164,1.089744200469));
#10727=CARTESIAN_POINT('Ctrl Pts',(-3.565999965888,-1.020298068115,1.105340569063));
#10728=CARTESIAN_POINT('Origin',(-3.565999965888,-1.020298068115,1.061497444012));
#10729=CARTESIAN_POINT('',(-3.565999965888,-1.020298068115,1.061497444012));
#10730=CARTESIAN_POINT('',(-3.565999965888,-1.020298068115,1.061497444012));
#10731=CARTESIAN_POINT('',(-3.565999965888,-1.020298068115,1.061497444012));
#10732=CARTESIAN_POINT('Ctrl Pts',(-3.565999965888,-1.020298068115,1.061497444012));
#10733=CARTESIAN_POINT('Ctrl Pts',(-3.553999966002,-1.020298068115,1.061497444012));
#10734=CARTESIAN_POINT('Ctrl Pts',(-3.565999965888,-1.039013710429,1.052139622854));
#10735=CARTESIAN_POINT('Ctrl Pts',(-3.553999966002,-1.039013710429,1.052139622854));
#10736=CARTESIAN_POINT('Ctrl Pts',(-3.565999965888,-1.060848626463,1.047287419292));
#10737=CARTESIAN_POINT('Ctrl Pts',(-3.553999966002,-1.060848626463,1.047287419292));
#10738=CARTESIAN_POINT('Ctrl Pts',(-3.565999965888,-1.085976109201,1.047287419292));
#10739=CARTESIAN_POINT('Ctrl Pts',(-3.553999966002,-1.085976109201,1.047287419292));
#10740=CARTESIAN_POINT('',(-3.565999965888,-1.085976109201,1.047287419292));
#10741=CARTESIAN_POINT('',(-3.565999965888,-1.085976109201,1.047287419292));
#10742=CARTESIAN_POINT('Origin',(-3.565999965888,-5.5029369664147,8.20916375059389));
#10743=CARTESIAN_POINT('Ctrl Pts',(-3.565999965888,-1.085976109201,1.047287419292));
#10744=CARTESIAN_POINT('Ctrl Pts',(-3.553999966002,-1.085976109201,1.047287419292));
#10745=CARTESIAN_POINT('Ctrl Pts',(-3.565999965888,-1.114829391102,1.047287419292));
#10746=CARTESIAN_POINT('Ctrl Pts',(-3.553999966002,-1.114829391102,1.047287419292));
#10747=CARTESIAN_POINT('Ctrl Pts',(-3.565999965888,-1.13839723698,1.053699259714));
#10748=CARTESIAN_POINT('Ctrl Pts',(-3.553999966002,-1.13839723698,1.053699259714));
#10749=CARTESIAN_POINT('Ctrl Pts',(-3.565999965888,-1.156506353849,1.066522940559));
#10750=CARTESIAN_POINT('Ctrl Pts',(-3.553999966002,-1.156506353849,1.066522940559));
#10751=CARTESIAN_POINT('',(-3.565999965888,-1.156506353849,1.066522940559));
#10752=CARTESIAN_POINT('',(-3.565999965888,-1.156506353849,1.066522940559));
#10753=CARTESIAN_POINT('Origin',(-3.565999965888,0.90223494133413,3.45909237745069));
#10754=CARTESIAN_POINT('Ctrl Pts',(-3.565999965888,-1.156506353849,1.066522940559));
#10755=CARTESIAN_POINT('Ctrl Pts',(-3.553999966002,-1.156506353849,1.066522940559));
#10756=CARTESIAN_POINT('Ctrl Pts',(-3.565999965888,-1.17470211721,1.079173328421));
#10757=CARTESIAN_POINT('Ctrl Pts',(-3.553999966002,-1.17470211721,1.079173328421));
#10758=CARTESIAN_POINT('Ctrl Pts',(-3.565999965888,-1.183799998891,1.096675919844));
#10759=CARTESIAN_POINT('Ctrl Pts',(-3.553999966002,-1.183799998891,1.096675919844));
#10760=CARTESIAN_POINT('Ctrl Pts',(-3.565999965888,-1.183799998891,1.118857421846));
#10761=CARTESIAN_POINT('Ctrl Pts',(-3.553999966002,-1.183799998891,1.118857421846));
#10762=CARTESIAN_POINT('',(-3.565999965888,-1.183799998891,1.118857421846));
#10763=CARTESIAN_POINT('',(-3.565999965888,-1.183799998891,1.118857421846));
#10764=CARTESIAN_POINT('Origin',(-3.565999965888,1.45025224412864,2.47361442469143));
#10765=CARTESIAN_POINT('Ctrl Pts',(-3.565999965888,-1.183799998891,1.118857421846));
#10766=CARTESIAN_POINT('Ctrl Pts',(-3.553999966002,-1.183799998891,1.118857421846));
#10767=CARTESIAN_POINT('Ctrl Pts',(-3.565999965888,-1.183799998891,1.134800376411));
#10768=CARTESIAN_POINT('Ctrl Pts',(-3.553999966002,-1.183799998891,1.134800376411));
#10769=CARTESIAN_POINT('Ctrl Pts',(-3.565999965888,-1.17903444182,1.14814393621));
#10770=CARTESIAN_POINT('Ctrl Pts',(-3.553999966002,-1.17903444182,1.14814393621));
#10771=CARTESIAN_POINT('Ctrl Pts',(-3.565999965888,-1.169589974171,1.158888101242));
#10772=CARTESIAN_POINT('Ctrl Pts',(-3.553999966002,-1.169589974171,1.158888101242));
#10773=CARTESIAN_POINT('',(-3.565999965888,-1.169589974171,1.158888101242));
#10774=CARTESIAN_POINT('',(-3.565999965888,-1.169589974171,1.158888101242));
#10775=CARTESIAN_POINT('Origin',(-3.565999965888,2.44311163673947,-0.822479919387018));
#10776=CARTESIAN_POINT('Ctrl Pts',(-3.565999965888,-1.169589974171,1.158888101242));
#10777=CARTESIAN_POINT('Ctrl Pts',(-3.553999966002,-1.169589974171,1.158888101242));
#10778=CARTESIAN_POINT('Ctrl Pts',(-3.565999965888,-1.16005886003,1.169632266274));
#10779=CARTESIAN_POINT('Ctrl Pts',(-3.553999966002,-1.16005886003,1.169632266274));
#10780=CARTESIAN_POINT('Ctrl Pts',(-3.565999965888,-1.141863096668,1.180203138322));
#10781=CARTESIAN_POINT('Ctrl Pts',(-3.553999966002,-1.141863096668,1.180203138322));
#10782=CARTESIAN_POINT('Ctrl Pts',(-3.565999965888,-1.114829391102,1.190254131417));
#10783=CARTESIAN_POINT('Ctrl Pts',(-3.553999966002,-1.114829391102,1.190254131417));
#10784=CARTESIAN_POINT('',(-3.565999965888,-1.114829391102,1.190254131417));
#10785=CARTESIAN_POINT('',(-3.565999965888,-1.114829391102,1.190254131417));
#10786=CARTESIAN_POINT('Origin',(-3.565999965888,-0.485628754414364,1.13658645488722));
#10787=CARTESIAN_POINT('Ctrl Pts',(-3.565999965888,-1.114829391102,1.190254131417));
#10788=CARTESIAN_POINT('Ctrl Pts',(-3.553999966002,-1.114829391102,1.190254131417));
#10789=CARTESIAN_POINT('Ctrl Pts',(-3.565999965888,-1.093514354022,1.198572194667));
#10790=CARTESIAN_POINT('Ctrl Pts',(-3.553999966002,-1.093514354022,1.198572194667));
#10791=CARTESIAN_POINT('Ctrl Pts',(-3.565999965888,-1.079824208255,1.205503914045));
#10792=CARTESIAN_POINT('Ctrl Pts',(-3.553999966002,-1.079824208255,1.205503914045));
#10793=CARTESIAN_POINT('Ctrl Pts',(-3.565999965888,-1.073585660816,1.211049289546));
#10794=CARTESIAN_POINT('Ctrl Pts',(-3.553999966002,-1.073585660816,1.211049289546));
#10795=CARTESIAN_POINT('',(-3.565999965888,-1.073585660816,1.211049289546));
#10796=CARTESIAN_POINT('',(-3.565999965888,-1.073585660816,1.211049289546));
#10797=CARTESIAN_POINT('Origin',(-3.565999965888,-3.49926696237799,0.766910687961094));
#10798=CARTESIAN_POINT('Ctrl Pts',(-3.565999965888,-1.073585660816,1.211049289546));
#10799=CARTESIAN_POINT('Ctrl Pts',(-3.553999966002,-1.073585660816,1.211049289546));
#10800=CARTESIAN_POINT('Ctrl Pts',(-3.565999965888,-1.06743375987,1.216421372061));
#10801=CARTESIAN_POINT('Ctrl Pts',(-3.553999966002,-1.06743375987,1.216421372061));
#10802=CARTESIAN_POINT('Ctrl Pts',(-3.565999965888,-1.064314486151,1.22387297039));
#10803=CARTESIAN_POINT('Ctrl Pts',(-3.553999966002,-1.064314486151,1.22387297039));
#10804=CARTESIAN_POINT('Ctrl Pts',(-3.565999965888,-1.064314486151,1.233577377517));
#10805=CARTESIAN_POINT('Ctrl Pts',(-3.553999966002,-1.064314486151,1.233577377517));
#10806=CARTESIAN_POINT('',(-3.565999965888,-1.064314486151,1.233577377517));
#10807=CARTESIAN_POINT('',(-3.565999965888,-1.064314486151,1.233577377517));
#10808=CARTESIAN_POINT('Ctrl Pts',(-3.565999965888,-1.073585660816,1.211049289546));
#10809=CARTESIAN_POINT('Ctrl Pts',(-3.565999965888,-1.06743375987,1.216421372061));
#10810=CARTESIAN_POINT('Ctrl Pts',(-3.565999965888,-1.064314486151,1.22387297039));
#10811=CARTESIAN_POINT('Ctrl Pts',(-3.565999965888,-1.064314486151,1.233577377517));
#10812=CARTESIAN_POINT('Ctrl Pts',(-3.565999965888,-1.064314486151,1.233577377517));
#10813=CARTESIAN_POINT('Ctrl Pts',(-3.553999966002,-1.064314486151,1.233577377517));
#10814=CARTESIAN_POINT('Ctrl Pts',(-3.565999965888,-1.064314486151,1.243281784641));
#10815=CARTESIAN_POINT('Ctrl Pts',(-3.553999966002,-1.064314486151,1.243281784641));
#10816=CARTESIAN_POINT('Ctrl Pts',(-3.565999965888,-1.068646810761,1.251253261924));
#10817=CARTESIAN_POINT('Ctrl Pts',(-3.553999966002,-1.068646810761,1.251253261924));
#10818=CARTESIAN_POINT('Ctrl Pts',(-3.565999965888,-1.077224813488,1.257145223393));
#10819=CARTESIAN_POINT('Ctrl Pts',(-3.553999966002,-1.077224813488,1.257145223393));
#10820=CARTESIAN_POINT('',(-3.565999965888,-1.077224813488,1.257145223393));
#10821=CARTESIAN_POINT('',(-3.565999965888,-1.077224813488,1.257145223393));
#10822=CARTESIAN_POINT('Origin',(-3.565999965888,-1.31334972768184,1.13575864006777));
#10823=CARTESIAN_POINT('Ctrl Pts',(-3.565999965888,-1.077224813488,1.257145223393));
#10824=CARTESIAN_POINT('Ctrl Pts',(-3.553999966002,-1.077224813488,1.257145223393));
#10825=CARTESIAN_POINT('Ctrl Pts',(-3.565999965888,-1.085802816215,1.263210477847));
#10826=CARTESIAN_POINT('Ctrl Pts',(-3.553999966002,-1.085802816215,1.263210477847));
#10827=CARTESIAN_POINT('Ctrl Pts',(-3.565999965888,-1.09698021371,1.266156458583));
#10828=CARTESIAN_POINT('Ctrl Pts',(-3.553999966002,-1.09698021371,1.266156458583));
#10829=CARTESIAN_POINT('Ctrl Pts',(-3.565999965888,-1.110670359477,1.266156458583));
#10830=CARTESIAN_POINT('Ctrl Pts',(-3.553999966002,-1.110670359477,1.266156458583));
#10831=CARTESIAN_POINT('',(-3.565999965888,-1.110670359477,1.266156458583));
#10832=CARTESIAN_POINT('',(-3.565999965888,-1.110670359477,1.266156458583));
#10833=CARTESIAN_POINT('Ctrl Pts',(-3.565999965888,-1.077224813488,1.257145223393));
#10834=CARTESIAN_POINT('Ctrl Pts',(-3.565999965888,-1.085802816215,1.263210477847));
#10835=CARTESIAN_POINT('Ctrl Pts',(-3.565999965888,-1.09698021371,1.266156458583));
#10836=CARTESIAN_POINT('Ctrl Pts',(-3.565999965888,-1.110670359477,1.266156458583));
#10837=CARTESIAN_POINT('Ctrl Pts',(-3.565999965888,-1.110670359477,1.266156458583));
#10838=CARTESIAN_POINT('Ctrl Pts',(-3.553999966002,-1.110670359477,1.266156458583));
#10839=CARTESIAN_POINT('Ctrl Pts',(-3.565999965888,-1.133631679909,1.266156458583));
#10840=CARTESIAN_POINT('Ctrl Pts',(-3.553999966002,-1.133631679909,1.266156458583));
#10841=CARTESIAN_POINT('Ctrl Pts',(-3.565999965888,-1.154080252068,1.260264497113));
#10842=CARTESIAN_POINT('Ctrl Pts',(-3.553999966002,-1.154080252068,1.260264497113));
#10843=CARTESIAN_POINT('Ctrl Pts',(-3.565999965888,-1.172189368937,1.248653867158));
#10844=CARTESIAN_POINT('Ctrl Pts',(-3.553999966002,-1.172189368937,1.248653867158));
#10845=CARTESIAN_POINT('',(-3.565999965888,-1.172189368937,1.248653867158));
#10846=CARTESIAN_POINT('',(-3.565999965888,-1.172189368937,1.248653867158));
#10847=CARTESIAN_POINT('Ctrl Pts',(-3.565999965888,-1.110670359477,1.266156458583));
#10848=CARTESIAN_POINT('Ctrl Pts',(-3.565999965888,-1.133631679909,1.266156458583));
#10849=CARTESIAN_POINT('Ctrl Pts',(-3.565999965888,-1.154080252068,1.260264497113));
#10850=CARTESIAN_POINT('Ctrl Pts',(-3.565999965888,-1.172189368937,1.248653867158));
#10851=CARTESIAN_POINT('Origin',(-3.565999965888,-1.172189368937,1.289897597444));
#10852=CARTESIAN_POINT('',(-3.565999965888,-1.172189368937,1.289897597444));
#10853=CARTESIAN_POINT('',(-3.565999965888,-1.172189368937,1.289897597444));
#10854=CARTESIAN_POINT('',(-3.565999965888,-1.172189368937,1.289897597444));
#10855=CARTESIAN_POINT('Ctrl Pts',(-3.565999965888,-1.172189368937,1.289897597444));
#10856=CARTESIAN_POINT('Ctrl Pts',(-3.553999966002,-1.172189368937,1.289897597444));
#10857=CARTESIAN_POINT('Ctrl Pts',(-3.565999965888,-1.154513484528,1.297175902789));
#10858=CARTESIAN_POINT('Ctrl Pts',(-3.553999966002,-1.154513484528,1.297175902789));
#10859=CARTESIAN_POINT('Ctrl Pts',(-3.565999965888,-1.135451256245,1.300641762478));
#10860=CARTESIAN_POINT('Ctrl Pts',(-3.553999966002,-1.135451256245,1.300641762478));
#10861=CARTESIAN_POINT('Ctrl Pts',(-3.565999965888,-1.114829391102,1.300641762478));
#10862=CARTESIAN_POINT('Ctrl Pts',(-3.553999966002,-1.114829391102,1.300641762478));
#10863=CARTESIAN_POINT('',(-3.565999965888,-1.114829391102,1.300641762478));
#10864=CARTESIAN_POINT('',(-3.565999965888,-1.114829391102,1.300641762478));
#10865=CARTESIAN_POINT('Ctrl Pts',(-3.565999965888,-1.172189368937,1.289897597444));
#10866=CARTESIAN_POINT('Ctrl Pts',(-3.565999965888,-1.154513484528,1.297175902789));
#10867=CARTESIAN_POINT('Ctrl Pts',(-3.565999965888,-1.135451256245,1.300641762478));
#10868=CARTESIAN_POINT('Ctrl Pts',(-3.565999965888,-1.114829391102,1.300641762478));
#10869=CARTESIAN_POINT('Ctrl Pts',(-3.565999965888,-1.114829391102,1.300641762478));
#10870=CARTESIAN_POINT('Ctrl Pts',(-3.553999966002,-1.114829391102,1.300641762478));
#10871=CARTESIAN_POINT('Ctrl Pts',(-3.565999965888,-1.08831556449,1.300641762478));
#10872=CARTESIAN_POINT('Ctrl Pts',(-3.553999966002,-1.08831556449,1.300641762478));
#10873=CARTESIAN_POINT('Ctrl Pts',(-3.565999965888,-1.065960769503,1.294229922055));
#10874=CARTESIAN_POINT('Ctrl Pts',(-3.553999966002,-1.065960769503,1.294229922055));
#10875=CARTESIAN_POINT('Ctrl Pts',(-3.565999965888,-1.047765006141,1.281406241209));
#10876=CARTESIAN_POINT('Ctrl Pts',(-3.553999966002,-1.047765006141,1.281406241209));
#10877=CARTESIAN_POINT('',(-3.565999965888,-1.047765006141,1.281406241209));
#10878=CARTESIAN_POINT('',(-3.565999965888,-1.047765006141,1.281406241209));
#10879=CARTESIAN_POINT('Ctrl Pts',(-3.565999965888,-1.114829391102,1.300641762478));
#10880=CARTESIAN_POINT('Ctrl Pts',(-3.565999965888,-1.08831556449,1.300641762478));
#10881=CARTESIAN_POINT('Ctrl Pts',(-3.565999965888,-1.065960769503,1.294229922055));
#10882=CARTESIAN_POINT('Ctrl Pts',(-3.565999965888,-1.047765006141,1.281406241209));
#10883=CARTESIAN_POINT('Ctrl Pts',(-3.565999965888,-1.047765006141,1.281406241209));
#10884=CARTESIAN_POINT('Ctrl Pts',(-3.553999966002,-1.047765006141,1.281406241209));
#10885=CARTESIAN_POINT('Ctrl Pts',(-3.565999965888,-1.029655889272,1.26840926738));
#10886=CARTESIAN_POINT('Ctrl Pts',(-3.553999966002,-1.029655889272,1.26840926738));
#10887=CARTESIAN_POINT('Ctrl Pts',(-3.565999965888,-1.020558007591,1.251253261924));
#10888=CARTESIAN_POINT('Ctrl Pts',(-3.553999966002,-1.020558007591,1.251253261924));
#10889=CARTESIAN_POINT('Ctrl Pts',(-3.565999965888,-1.020558007591,1.22976493186));
#10890=CARTESIAN_POINT('Ctrl Pts',(-3.553999966002,-1.020558007591,1.22976493186));
#10891=CARTESIAN_POINT('',(-3.565999965888,-1.020558007591,1.22976493186));
#10892=CARTESIAN_POINT('',(-3.565999965888,-1.020558007591,1.22976493186));
#10893=CARTESIAN_POINT('Ctrl Pts',(-3.565999965888,-1.047765006141,1.281406241209));
#10894=CARTESIAN_POINT('Ctrl Pts',(-3.565999965888,-1.029655889272,1.26840926738));
#10895=CARTESIAN_POINT('Ctrl Pts',(-3.565999965888,-1.020558007591,1.251253261924));
#10896=CARTESIAN_POINT('Ctrl Pts',(-3.565999965888,-1.020558007591,1.22976493186));
#10897=CARTESIAN_POINT('Ctrl Pts',(-3.565999965888,-1.020558007591,1.22976493186));
#10898=CARTESIAN_POINT('Ctrl Pts',(-3.553999966002,-1.020558007591,1.22976493186));
#10899=CARTESIAN_POINT('Ctrl Pts',(-3.565999965888,-1.020558007591,1.2148617352));
#10900=CARTESIAN_POINT('Ctrl Pts',(-3.553999966002,-1.020558007591,1.2148617352));
#10901=CARTESIAN_POINT('Ctrl Pts',(-3.565999965888,-1.024543746232,1.202038054356));
#10902=CARTESIAN_POINT('Ctrl Pts',(-3.553999966002,-1.024543746232,1.202038054356));
#10903=CARTESIAN_POINT('Ctrl Pts',(-3.565999965888,-1.032601870007,1.191467182308));
#10904=CARTESIAN_POINT('Ctrl Pts',(-3.553999966002,-1.032601870007,1.191467182308));
#10905=CARTESIAN_POINT('',(-3.565999965888,-1.032601870007,1.191467182308));
#10906=CARTESIAN_POINT('',(-3.565999965888,-1.032601870007,1.191467182308));
#10907=CARTESIAN_POINT('Origin',(-3.565999965888,-2.11115269451177,1.81388714622642));
#10908=CARTESIAN_POINT('Ctrl Pts',(-3.565999965888,-1.032601870007,1.191467182308));
#10909=CARTESIAN_POINT('Ctrl Pts',(-3.553999966002,-1.032601870007,1.191467182308));
#10910=CARTESIAN_POINT('Ctrl Pts',(-3.565999965888,-1.040573347289,1.180896310261));
#10911=CARTESIAN_POINT('Ctrl Pts',(-3.553999966002,-1.040573347289,1.180896310261));
#10912=CARTESIAN_POINT('Ctrl Pts',(-3.565999965888,-1.058075938713,1.170152145227));
#10913=CARTESIAN_POINT('Ctrl Pts',(-3.553999966002,-1.058075938713,1.170152145227));
#10914=CARTESIAN_POINT('Ctrl Pts',(-3.565999965888,-1.084849704802,1.159407980195));
#10915=CARTESIAN_POINT('Ctrl Pts',(-3.553999966002,-1.084849704802,1.159407980195));
#10916=CARTESIAN_POINT('',(-3.565999965888,-1.084849704802,1.159407980195));
#10917=CARTESIAN_POINT('',(-3.565999965888,-1.084849704802,1.159407980195));
#10918=CARTESIAN_POINT('Origin',(-3.565999965888,-2.35649141492959,1.16406519164314));
#10919=CARTESIAN_POINT('Ctrl Pts',(-3.565999965888,-1.084849704802,1.159407980195));
#10920=CARTESIAN_POINT('Ctrl Pts',(-3.553999966002,-1.084849704802,1.159407980195));
#10921=CARTESIAN_POINT('Ctrl Pts',(-3.565999965888,-1.107204499789,1.151089916944));
#10922=CARTESIAN_POINT('Ctrl Pts',(-3.553999966002,-1.107204499789,1.151089916944));
#10923=CARTESIAN_POINT('Ctrl Pts',(-3.565999965888,-1.122021049954,1.143811611599));
#10924=CARTESIAN_POINT('Ctrl Pts',(-3.553999966002,-1.122021049954,1.143811611599));
#10925=CARTESIAN_POINT('Ctrl Pts',(-3.565999965888,-1.129299355299,1.137746357145));
#10926=CARTESIAN_POINT('Ctrl Pts',(-3.553999966002,-1.129299355299,1.137746357145));
#10927=CARTESIAN_POINT('',(-3.565999965888,-1.129299355299,1.137746357145));
#10928=CARTESIAN_POINT('',(-3.565999965888,-1.129299355299,1.137746357145));
#10929=CARTESIAN_POINT('Origin',(-3.565999965888,-0.617594654011202,1.2179451416282));
#10930=CARTESIAN_POINT('Ctrl Pts',(-3.565999965888,-1.129299355299,1.137746357145));
#10931=CARTESIAN_POINT('Ctrl Pts',(-3.553999966002,-1.129299355299,1.137746357145));
#10932=CARTESIAN_POINT('Ctrl Pts',(-3.565999965888,-1.136577660644,1.131681102691));
#10933=CARTESIAN_POINT('Ctrl Pts',(-3.553999966002,-1.136577660644,1.131681102691));
#10934=CARTESIAN_POINT('Ctrl Pts',(-3.565999965888,-1.140216813316,1.124056211379));
#10935=CARTESIAN_POINT('Ctrl Pts',(-3.553999966002,-1.140216813316,1.124056211379));
#10936=CARTESIAN_POINT('Ctrl Pts',(-3.565999965888,-1.140216813316,1.114698390221));
#10937=CARTESIAN_POINT('Ctrl Pts',(-3.553999966002,-1.140216813316,1.114698390221));
#10938=CARTESIAN_POINT('',(-3.565999965888,-1.140216813316,1.114698390221));
#10939=CARTESIAN_POINT('',(-3.565999965888,-1.140216813316,1.114698390221));
#10940=CARTESIAN_POINT('Ctrl Pts',(-3.565999965888,-1.129299355299,1.137746357145));
#10941=CARTESIAN_POINT('Ctrl Pts',(-3.565999965888,-1.136577660644,1.131681102691));
#10942=CARTESIAN_POINT('Ctrl Pts',(-3.565999965888,-1.140216813316,1.124056211379));
#10943=CARTESIAN_POINT('Ctrl Pts',(-3.565999965888,-1.140216813316,1.114698390221));
#10944=CARTESIAN_POINT('Ctrl Pts',(-3.565999965888,-1.140216813316,1.114698390221));
#10945=CARTESIAN_POINT('Ctrl Pts',(-3.553999966002,-1.140216813316,1.114698390221));
#10946=CARTESIAN_POINT('Ctrl Pts',(-3.565999965888,-1.140216813316,1.092863474187));
#10947=CARTESIAN_POINT('Ctrl Pts',(-3.553999966002,-1.140216813316,1.092863474187));
#10948=CARTESIAN_POINT('Ctrl Pts',(-3.565999965888,-1.123494040322,1.081946016171));
#10949=CARTESIAN_POINT('Ctrl Pts',(-3.553999966002,-1.123494040322,1.081946016171));
#10950=CARTESIAN_POINT('Ctrl Pts',(-3.565999965888,-1.090135140826,1.081946016171));
#10951=CARTESIAN_POINT('Ctrl Pts',(-3.553999966002,-1.090135140826,1.081946016171));
#10952=CARTESIAN_POINT('Origin',(-3.565999965888,13.3463062197323,10.5558273374972));
#10953=CARTESIAN_POINT('Origin',(-3.565999965888,-1.053981891956,1.087794654394));
#10954=CARTESIAN_POINT('Origin',(-3.565999965888,-1.394264328441,1.295096386976));
#10955=CARTESIAN_POINT('',(-3.565999965888,-1.394264328441,1.295096386976));
#10956=CARTESIAN_POINT('',(-3.565999965888,-1.394264328441,1.295096386976));
#10957=CARTESIAN_POINT('',(-3.565999965888,-1.438280746475,1.295096386976));
#10958=CARTESIAN_POINT('',(-3.565999965888,-1.394264328441,1.295096386976));
#10959=CARTESIAN_POINT('',(-3.565999965888,-1.438280746475,1.295096386976));
#10960=CARTESIAN_POINT('Origin',(-3.565999965888,-1.328153054893,1.112792167393));
#10961=CARTESIAN_POINT('',(-3.565999965888,-1.328153054893,1.112792167393));
#10962=CARTESIAN_POINT('',(-3.565999965888,-1.328153054893,1.112792167393));
#10963=CARTESIAN_POINT('',(-3.565999965888,-1.328153054893,1.112792167393));
#10964=CARTESIAN_POINT('Ctrl Pts',(-3.565999965888,-1.328153054893,1.112792167393));
#10965=CARTESIAN_POINT('Ctrl Pts',(-3.553999966002,-1.328153054893,1.112792167393));
#10966=CARTESIAN_POINT('Ctrl Pts',(-3.565999965888,-1.325553660128,1.104300811158));
#10967=CARTESIAN_POINT('Ctrl Pts',(-3.553999966002,-1.325553660128,1.104300811158));
#10968=CARTESIAN_POINT('Ctrl Pts',(-3.565999965888,-1.323820730281,1.097715677751));
#10969=CARTESIAN_POINT('Ctrl Pts',(-3.553999966002,-1.323820730281,1.097715677751));
#10970=CARTESIAN_POINT('Ctrl Pts',(-3.565999965888,-1.32295426536,1.093210060155));
#10971=CARTESIAN_POINT('Ctrl Pts',(-3.553999966002,-1.32295426536,1.093210060155));
#10972=CARTESIAN_POINT('',(-3.565999965888,-1.32295426536,1.093210060155));
#10973=CARTESIAN_POINT('',(-3.565999965888,-1.32295426536,1.093210060155));
#10974=CARTESIAN_POINT('Ctrl Pts',(-3.565999965888,-1.328153054893,1.112792167393));
#10975=CARTESIAN_POINT('Ctrl Pts',(-3.565999965888,-1.325553660128,1.104300811158));
#10976=CARTESIAN_POINT('Ctrl Pts',(-3.565999965888,-1.323820730281,1.097715677751));
#10977=CARTESIAN_POINT('Ctrl Pts',(-3.565999965888,-1.32295426536,1.093210060155));
#10978=CARTESIAN_POINT('Origin',(-3.565999965888,-1.321827860963,1.093210060155));
#10979=CARTESIAN_POINT('',(-3.565999965888,-1.321827860963,1.093210060155));
#10980=CARTESIAN_POINT('',(-3.565999965888,-1.321827860963,1.093210060155));
#10981=CARTESIAN_POINT('',(-3.565999965888,-1.321827860963,1.093210060155));
#10982=CARTESIAN_POINT('Origin',(-3.565999965888,-1.31662907143,1.113138753361));
#10983=CARTESIAN_POINT('',(-3.565999965888,-1.31662907143,1.113138753361));
#10984=CARTESIAN_POINT('',(-3.565999965888,-1.31662907143,1.113138753361));
#10985=CARTESIAN_POINT('',(-3.565999965888,-1.31662907143,1.113138753361));
#10986=CARTESIAN_POINT('Origin',(-3.565999965888,-1.253377132126,1.295096386976));
#10987=CARTESIAN_POINT('',(-3.565999965888,-1.253377132126,1.295096386976));
#10988=CARTESIAN_POINT('',(-3.565999965888,-1.253377132126,1.295096386976));
#10989=CARTESIAN_POINT('',(-3.565999965888,-1.253377132126,1.295096386976));
#10990=CARTESIAN_POINT('Origin',(-3.565999965888,-1.205894854402,1.295096386976));
#10991=CARTESIAN_POINT('',(-3.565999965888,-1.205894854402,1.295096386976));
#10992=CARTESIAN_POINT('',(-3.565999965888,-1.205894854402,1.295096386976));
#10993=CARTESIAN_POINT('',(-3.565999965888,-1.205894854402,1.295096386976));
#10994=CARTESIAN_POINT('Origin',(-3.565999965888,-1.300859409851,1.05352596673));
#10995=CARTESIAN_POINT('',(-3.565999965888,-1.300859409851,1.05352596673));
#10996=CARTESIAN_POINT('',(-3.565999965888,-1.300859409851,1.05352596673));
#10997=CARTESIAN_POINT('',(-3.565999965888,-1.300859409851,1.05352596673));
#10998=CARTESIAN_POINT('Origin',(-3.565999965888,-1.282230414028,1.009509548693));
#10999=CARTESIAN_POINT('',(-3.565999965888,-1.282230414028,1.009509548693));
#11000=CARTESIAN_POINT('',(-3.565999965888,-1.282230414028,1.009509548693));
#11001=CARTESIAN_POINT('',(-3.565999965888,-1.282230414028,1.009509548693));
#11002=CARTESIAN_POINT('Ctrl Pts',(-3.565999965888,-1.282230414028,1.009509548693));
#11003=CARTESIAN_POINT('Ctrl Pts',(-3.553999966002,-1.282230414028,1.009509548693));
#11004=CARTESIAN_POINT('Ctrl Pts',(-3.565999965888,-1.272612653394,0.986634874753));
#11005=CARTESIAN_POINT('Ctrl Pts',(-3.553999966002,-1.272612653394,0.986634874753));
#11006=CARTESIAN_POINT('Ctrl Pts',(-3.565999965888,-1.258142689198,0.975370830767));
#11007=CARTESIAN_POINT('Ctrl Pts',(-3.553999966002,-1.258142689198,0.975370830767));
#11008=CARTESIAN_POINT('Ctrl Pts',(-3.565999965888,-1.238733874944,0.975370830767));
#11009=CARTESIAN_POINT('Ctrl Pts',(-3.553999966002,-1.238733874944,0.975370830767));
#11010=CARTESIAN_POINT('',(-3.565999965888,-1.238733874944,0.975370830767));
#11011=CARTESIAN_POINT('',(-3.565999965888,-1.238733874944,0.975370830767));
#11012=CARTESIAN_POINT('Ctrl Pts',(-3.565999965888,-1.282230414028,1.009509548693));
#11013=CARTESIAN_POINT('Ctrl Pts',(-3.565999965888,-1.272612653394,0.986634874753));
#11014=CARTESIAN_POINT('Ctrl Pts',(-3.565999965888,-1.258142689198,0.975370830767));
#11015=CARTESIAN_POINT('Ctrl Pts',(-3.565999965888,-1.238733874944,0.975370830767));
#11016=CARTESIAN_POINT('Ctrl Pts',(-3.565999965888,-1.238733874944,0.975370830767));
#11017=CARTESIAN_POINT('Ctrl Pts',(-3.553999966002,-1.238733874944,0.975370830767));
#11018=CARTESIAN_POINT('Ctrl Pts',(-3.565999965888,-1.230935690647,0.975370830767));
#11019=CARTESIAN_POINT('Ctrl Pts',(-3.553999966002,-1.230935690647,0.975370830767));
#11020=CARTESIAN_POINT('Ctrl Pts',(-3.565999965888,-1.222964213365,0.976930467627));
#11021=CARTESIAN_POINT('Ctrl Pts',(-3.553999966002,-1.222964213365,0.976930467627));
#11022=CARTESIAN_POINT('Ctrl Pts',(-3.565999965888,-1.214646150114,0.980223034331));
#11023=CARTESIAN_POINT('Ctrl Pts',(-3.553999966002,-1.214646150114,0.980223034331));
#11024=CARTESIAN_POINT('',(-3.565999965888,-1.214646150114,0.980223034331));
#11025=CARTESIAN_POINT('',(-3.565999965888,-1.214646150114,0.980223034331));
#11026=CARTESIAN_POINT('Ctrl Pts',(-3.565999965888,-1.238733874944,0.975370830767));
#11027=CARTESIAN_POINT('Ctrl Pts',(-3.565999965888,-1.230935690647,0.975370830767));
#11028=CARTESIAN_POINT('Ctrl Pts',(-3.565999965888,-1.222964213365,0.976930467627));
#11029=CARTESIAN_POINT('Ctrl Pts',(-3.565999965888,-1.214646150114,0.980223034331));
#11030=CARTESIAN_POINT('Origin',(-3.565999965888,-1.214646150114,0.942445163732));
#11031=CARTESIAN_POINT('',(-3.565999965888,-1.214646150114,0.942445163732));
#11032=CARTESIAN_POINT('',(-3.565999965888,-1.214646150114,0.942445163732));
#11033=CARTESIAN_POINT('',(-3.565999965888,-1.214646150114,0.942445163732));
#11034=CARTESIAN_POINT('Ctrl Pts',(-3.565999965888,-1.214646150114,0.942445163732));
#11035=CARTESIAN_POINT('Ctrl Pts',(-3.553999966002,-1.214646150114,0.942445163732));
#11036=CARTESIAN_POINT('Ctrl Pts',(-3.565999965888,-1.222184394935,0.940192354935));
#11037=CARTESIAN_POINT('Ctrl Pts',(-3.553999966002,-1.222184394935,0.940192354935));
#11038=CARTESIAN_POINT('Ctrl Pts',(-3.565999965888,-1.231368923108,0.938979304044));
#11039=CARTESIAN_POINT('Ctrl Pts',(-3.553999966002,-1.231368923108,0.938979304044));
#11040=CARTESIAN_POINT('Ctrl Pts',(-3.565999965888,-1.242026441649,0.938979304044));
#11041=CARTESIAN_POINT('Ctrl Pts',(-3.553999966002,-1.242026441649,0.938979304044));
#11042=CARTESIAN_POINT('',(-3.565999965888,-1.242026441649,0.938979304044));
#11043=CARTESIAN_POINT('',(-3.565999965888,-1.242026441649,0.938979304044));
#11044=CARTESIAN_POINT('Origin',(-3.565999965888,-1.31476970243673,1.01235051420275));
#11045=CARTESIAN_POINT('Ctrl Pts',(-3.565999965888,-1.242026441649,0.938979304044));
#11046=CARTESIAN_POINT('Ctrl Pts',(-3.553999966002,-1.242026441649,0.938979304044));
#11047=CARTESIAN_POINT('Ctrl Pts',(-3.565999965888,-1.279197786801,0.938979304044));
#11048=CARTESIAN_POINT('Ctrl Pts',(-3.553999966002,-1.279197786801,0.938979304044));
#11049=CARTESIAN_POINT('Ctrl Pts',(-3.565999965888,-1.307964422211,0.964799958719));
#11050=CARTESIAN_POINT('Ctrl Pts',(-3.553999966002,-1.307964422211,0.964799958719));
#11051=CARTESIAN_POINT('Ctrl Pts',(-3.565999965888,-1.328412994369,1.01644126807));
#11052=CARTESIAN_POINT('Ctrl Pts',(-3.553999966002,-1.328412994369,1.01644126807));
#11053=CARTESIAN_POINT('',(-3.565999965888,-1.328412994369,1.01644126807));
#11054=CARTESIAN_POINT('',(-3.565999965888,-1.328412994369,1.01644126807));
#11055=CARTESIAN_POINT('Ctrl Pts',(-3.565999965888,-1.242026441649,0.938979304044));
#11056=CARTESIAN_POINT('Ctrl Pts',(-3.565999965888,-1.279197786801,0.938979304044));
#11057=CARTESIAN_POINT('Ctrl Pts',(-3.565999965888,-1.307964422211,0.964799958719));
#11058=CARTESIAN_POINT('Ctrl Pts',(-3.565999965888,-1.328412994369,1.01644126807));
#11059=CARTESIAN_POINT('Origin',(-3.565999965888,-1.438280746475,1.295096386976));
#11060=CARTESIAN_POINT('',(-3.565999965888,-1.438280746475,1.295096386976));
#11061=CARTESIAN_POINT('Origin',(-3.565999965888,-1.291490757882,0.95834479505));
#11062=CARTESIAN_POINT('Origin',(-3.565999965888,-1.666334313941,1.091650423297));
#11063=CARTESIAN_POINT('',(-3.565999965888,-1.666334313941,1.091650423297));
#11064=CARTESIAN_POINT('',(-3.565999965888,-1.666334313941,1.091650423297));
#11065=CARTESIAN_POINT('',(-3.565999965888,-1.666334313941,1.053006087777));
#11066=CARTESIAN_POINT('',(-3.565999965888,-1.666334313941,1.091650423297));
#11067=CARTESIAN_POINT('',(-3.565999965888,-1.666334313941,1.053006087777));
#11068=CARTESIAN_POINT('Origin',(-3.565999965888,-1.527786572917,1.091650423297));
#11069=CARTESIAN_POINT('',(-3.565999965888,-1.527786572917,1.091650423297));
#11070=CARTESIAN_POINT('',(-3.565999965888,-1.527786572917,1.091650423297));
#11071=CARTESIAN_POINT('',(-3.565999965888,-1.527786572917,1.091650423297));
#11072=CARTESIAN_POINT('Origin',(-3.565999965888,-1.527786572917,1.205677207029));
#11073=CARTESIAN_POINT('',(-3.565999965888,-1.527786572917,1.205677207029));
#11074=CARTESIAN_POINT('',(-3.565999965888,-1.527786572917,1.205677207029));
#11075=CARTESIAN_POINT('',(-3.565999965888,-1.527786572917,1.205677207029));
#11076=CARTESIAN_POINT('Origin',(-3.565999965888,-1.6490050155,1.205677207029));
#11077=CARTESIAN_POINT('',(-3.565999965888,-1.6490050155,1.205677207029));
#11078=CARTESIAN_POINT('',(-3.565999965888,-1.6490050155,1.205677207029));
#11079=CARTESIAN_POINT('',(-3.565999965888,-1.6490050155,1.205677207029));
#11080=CARTESIAN_POINT('Origin',(-3.565999965888,-1.6490050155,1.244494835533));
#11081=CARTESIAN_POINT('',(-3.565999965888,-1.6490050155,1.244494835533));
#11082=CARTESIAN_POINT('',(-3.565999965888,-1.6490050155,1.244494835533));
#11083=CARTESIAN_POINT('',(-3.565999965888,-1.6490050155,1.244494835533));
#11084=CARTESIAN_POINT('Origin',(-3.565999965888,-1.527786572917,1.244494835533));
#11085=CARTESIAN_POINT('',(-3.565999965888,-1.527786572917,1.244494835533));
#11086=CARTESIAN_POINT('',(-3.565999965888,-1.527786572917,1.244494835533));
#11087=CARTESIAN_POINT('',(-3.565999965888,-1.527786572917,1.244494835533));
#11088=CARTESIAN_POINT('Origin',(-3.565999965888,-1.527786572917,1.352976243765));
#11089=CARTESIAN_POINT('',(-3.565999965888,-1.527786572917,1.352976243765));
#11090=CARTESIAN_POINT('',(-3.565999965888,-1.527786572917,1.352976243765));
#11091=CARTESIAN_POINT('',(-3.565999965888,-1.527786572917,1.352976243765));
#11092=CARTESIAN_POINT('Origin',(-3.565999965888,-1.658622776135,1.352976243765));
#11093=CARTESIAN_POINT('',(-3.565999965888,-1.658622776135,1.352976243765));
#11094=CARTESIAN_POINT('',(-3.565999965888,-1.658622776135,1.352976243765));
#11095=CARTESIAN_POINT('',(-3.565999965888,-1.658622776135,1.352976243765));
#11096=CARTESIAN_POINT('Origin',(-3.565999965888,-1.658622776135,1.391967165254));
#11097=CARTESIAN_POINT('',(-3.565999965888,-1.658622776135,1.391967165254));
#11098=CARTESIAN_POINT('',(-3.565999965888,-1.658622776135,1.391967165254));
#11099=CARTESIAN_POINT('',(-3.565999965888,-1.658622776135,1.391967165254));
#11100=CARTESIAN_POINT('Origin',(-3.565999965888,-1.484030094357,1.391967165254));
#11101=CARTESIAN_POINT('',(-3.565999965888,-1.484030094357,1.391967165254));
#11102=CARTESIAN_POINT('',(-3.565999965888,-1.484030094357,1.391967165254));
#11103=CARTESIAN_POINT('',(-3.565999965888,-1.484030094357,1.391967165254));
#11104=CARTESIAN_POINT('Origin',(-3.565999965888,-1.484030094357,1.053006087777));
#11105=CARTESIAN_POINT('',(-3.565999965888,-1.484030094357,1.053006087777));
#11106=CARTESIAN_POINT('',(-3.565999965888,-1.484030094357,1.053006087777));
#11107=CARTESIAN_POINT('',(-3.565999965888,-1.484030094357,1.053006087777));
#11108=CARTESIAN_POINT('Origin',(-3.565999965888,-1.666334313941,1.053006087777));
#11109=CARTESIAN_POINT('',(-3.565999965888,-1.666334313941,1.053006087777));
#11110=CARTESIAN_POINT('Origin',(-3.565999965888,2.335001270003,1.021200136804));
#11111=CARTESIAN_POINT('Origin',(-3.565999965888,-1.897637124861,1.380768106137));
#11112=CARTESIAN_POINT('',(-3.565999965888,-1.730366071676,1.053006087777));
#11113=CARTESIAN_POINT('',(-3.565999965888,-1.82359769728,1.053006087777));
#11114=CARTESIAN_POINT('',(-3.565999965888,-1.82359769728,1.053006087777));
#11115=CARTESIAN_POINT('',(-3.565999965888,-1.955213718926,1.100488365501));
#11116=CARTESIAN_POINT('Origin',(-3.565999965888,16.5567347205635,30.6209017215061));
#11117=CARTESIAN_POINT('',(-3.565999965888,-2.006335149324,1.226818951124));
#11118=CARTESIAN_POINT('Origin',(-3.565999965888,36.1899021758384,24.3939696464706));
#11119=CARTESIAN_POINT('',(-3.565999965888,-1.955213718926,1.347084282296));
#11120=CARTESIAN_POINT('Ctrl Pts',(-3.565999965888,-2.006335149324,1.226818951124));
#11121=CARTESIAN_POINT('Ctrl Pts',(-3.565999965888,-2.006335149324,1.277073916599));
#11122=CARTESIAN_POINT('Ctrl Pts',(-3.565999965888,-1.98926579036,1.317104595995));
#11123=CARTESIAN_POINT('Ctrl Pts',(-3.565999965888,-1.955213718926,1.347084282296));
#11124=CARTESIAN_POINT('',(-3.565999965888,-1.827063556966,1.391967165254));
#11125=CARTESIAN_POINT('Ctrl Pts',(-3.565999965888,-1.955213718926,1.347084282296));
#11126=CARTESIAN_POINT('Ctrl Pts',(-3.565999965888,-1.921161647494,1.377063968594));
#11127=CARTESIAN_POINT('Ctrl Pts',(-3.565999965888,-1.878444926839,1.391967165254));
#11128=CARTESIAN_POINT('Ctrl Pts',(-3.565999965888,-1.827063556966,1.391967165254));
#11129=CARTESIAN_POINT('',(-3.565999965888,-1.730366071676,1.391967165254));
#11130=CARTESIAN_POINT('',(-3.565999965888,-1.730366071676,1.391967165254));
#11131=CARTESIAN_POINT('',(-3.565999965888,-1.730366071676,1.053006087777));
#11132=CARTESIAN_POINT('',(-3.565999965888,-1.774122550234,1.352976243765));
#11133=CARTESIAN_POINT('',(-3.565999965888,-1.774122550234,1.091650423297));
#11134=CARTESIAN_POINT('',(-3.565999965888,-1.774122550234,1.352976243765));
#11135=CARTESIAN_POINT('',(-3.565999965888,-1.825330627122,1.352976243765));
#11136=CARTESIAN_POINT('',(-3.565999965888,-1.825330627122,1.352976243765));
#11137=CARTESIAN_POINT('',(-3.565999965888,-1.923154516813,1.321090334636));
#11138=CARTESIAN_POINT('Origin',(-3.565999965888,14.4428073505268,-20.6318745605293));
#11139=CARTESIAN_POINT('',(-3.565999965888,-1.960325861965,1.225605900235));
#11140=CARTESIAN_POINT('Origin',(-3.565999965888,4.86090814581872,-4.49860810653624));
#11141=CARTESIAN_POINT('',(-3.565999965888,-1.924107628228,1.127002192113));
#11142=CARTESIAN_POINT('Origin',(-3.565999965888,9.01542972799682,9.80004623957831));
#11143=CARTESIAN_POINT('',(-3.565999965888,-1.823337757802,1.091650423297));
#11144=CARTESIAN_POINT('Origin',(-3.565999965888,8.75237764949003,14.28697510226));
#11145=CARTESIAN_POINT('',(-3.565999965888,-1.774122550234,1.091650423297));
#11146=CARTESIAN_POINT('Origin',(-3.565999965888,-1.82359769728,1.053006087777));
#11147=CARTESIAN_POINT('',(-3.565999965888,-1.82359769728,1.053006087777));
#11148=CARTESIAN_POINT('',(-3.565999965888,-1.730366071676,1.053006087777));
#11149=CARTESIAN_POINT('Ctrl Pts',(-3.565999965888,-1.82359769728,1.053006087777));
#11150=CARTESIAN_POINT('Ctrl Pts',(-3.553999966002,-1.82359769728,1.053006087777));
#11151=CARTESIAN_POINT('Ctrl Pts',(-3.565999965888,-1.877231875949,1.053006087777));
#11152=CARTESIAN_POINT('Ctrl Pts',(-3.553999966002,-1.877231875949,1.053006087777));
#11153=CARTESIAN_POINT('Ctrl Pts',(-3.565999965888,-1.921161647494,1.068775749356));
#11154=CARTESIAN_POINT('Ctrl Pts',(-3.553999966002,-1.921161647494,1.068775749356));
#11155=CARTESIAN_POINT('Ctrl Pts',(-3.565999965888,-1.955213718926,1.100488365501));
#11156=CARTESIAN_POINT('Ctrl Pts',(-3.553999966002,-1.955213718926,1.100488365501));
#11157=CARTESIAN_POINT('',(-3.565999965888,-1.955213718926,1.100488365501));
#11158=CARTESIAN_POINT('Ctrl Pts',(-3.565999965888,-1.955213718926,1.100488365501));
#11159=CARTESIAN_POINT('Ctrl Pts',(-3.553999966002,-1.955213718926,1.100488365501));
#11160=CARTESIAN_POINT('Ctrl Pts',(-3.565999965888,-1.98926579036,1.132200981646));
#11161=CARTESIAN_POINT('Ctrl Pts',(-3.553999966002,-1.98926579036,1.132200981646));
#11162=CARTESIAN_POINT('Ctrl Pts',(-3.565999965888,-2.006335149324,1.174311176852));
#11163=CARTESIAN_POINT('Ctrl Pts',(-3.553999966002,-2.006335149324,1.174311176852));
#11164=CARTESIAN_POINT('Ctrl Pts',(-3.565999965888,-2.006335149324,1.226818951124));
#11165=CARTESIAN_POINT('Ctrl Pts',(-3.553999966002,-2.006335149324,1.226818951124));
#11166=CARTESIAN_POINT('',(-3.565999965888,-2.006335149324,1.226818951124));
#11167=CARTESIAN_POINT('Ctrl Pts',(-3.565999965888,-2.006335149324,1.226818951124));
#11168=CARTESIAN_POINT('Ctrl Pts',(-3.553999966002,-2.006335149324,1.226818951124));
#11169=CARTESIAN_POINT('Ctrl Pts',(-3.565999965888,-2.006335149324,1.277073916599));
#11170=CARTESIAN_POINT('Ctrl Pts',(-3.553999966002,-2.006335149324,1.277073916599));
#11171=CARTESIAN_POINT('Ctrl Pts',(-3.565999965888,-1.98926579036,1.317104595995));
#11172=CARTESIAN_POINT('Ctrl Pts',(-3.553999966002,-1.98926579036,1.317104595995));
#11173=CARTESIAN_POINT('Ctrl Pts',(-3.565999965888,-1.955213718926,1.347084282296));
#11174=CARTESIAN_POINT('Ctrl Pts',(-3.553999966002,-1.955213718926,1.347084282296));
#11175=CARTESIAN_POINT('',(-3.565999965888,-1.955213718926,1.347084282296));
#11176=CARTESIAN_POINT('Ctrl Pts',(-3.565999965888,-1.955213718926,1.347084282296));
#11177=CARTESIAN_POINT('Ctrl Pts',(-3.553999966002,-1.955213718926,1.347084282296));
#11178=CARTESIAN_POINT('Ctrl Pts',(-3.565999965888,-1.921161647494,1.377063968594));
#11179=CARTESIAN_POINT('Ctrl Pts',(-3.553999966002,-1.921161647494,1.377063968594));
#11180=CARTESIAN_POINT('Ctrl Pts',(-3.565999965888,-1.878444926839,1.391967165254));
#11181=CARTESIAN_POINT('Ctrl Pts',(-3.553999966002,-1.878444926839,1.391967165254));
#11182=CARTESIAN_POINT('Ctrl Pts',(-3.565999965888,-1.827063556966,1.391967165254));
#11183=CARTESIAN_POINT('Ctrl Pts',(-3.553999966002,-1.827063556966,1.391967165254));
#11184=CARTESIAN_POINT('',(-3.565999965888,-1.827063556966,1.391967165254));
#11185=CARTESIAN_POINT('Origin',(-3.565999965888,-1.730366071676,1.391967165254));
#11186=CARTESIAN_POINT('',(-3.565999965888,-1.730366071676,1.391967165254));
#11187=CARTESIAN_POINT('Origin',(-3.565999965888,-1.730366071676,1.053006087777));
#11188=CARTESIAN_POINT('Origin',(-3.565999965888,-1.825330627122,1.352976243765));
#11189=CARTESIAN_POINT('',(-3.555999965983,-1.825330627122,1.352976243765));
#11190=CARTESIAN_POINT('',(-3.555999965983,-1.774122550234,1.352976243765));
#11191=CARTESIAN_POINT('',(-3.555999965983,-1.825330627122,1.352976243765));
#11192=CARTESIAN_POINT('',(-3.565999965888,-1.825330627122,1.352976243765));
#11193=CARTESIAN_POINT('',(-3.565999965888,-1.774122550234,1.352976243765));
#11194=CARTESIAN_POINT('Origin',(-3.565999965888,-1.774122550234,1.352976243765));
#11195=CARTESIAN_POINT('',(-3.555999965983,-1.774122550234,1.091650423297));
#11196=CARTESIAN_POINT('',(-3.555999965983,-1.774122550234,1.352976243765));
#11197=CARTESIAN_POINT('',(-3.565999965888,-1.774122550234,1.091650423297));
#11198=CARTESIAN_POINT('Origin',(-3.565999965888,-1.774122550234,1.091650423297));
#11199=CARTESIAN_POINT('',(-3.555999965983,-1.823337757802,1.091650423297));
#11200=CARTESIAN_POINT('',(-3.555999965983,-1.774122550234,1.091650423297));
#11201=CARTESIAN_POINT('',(-3.565999965888,-1.823337757802,1.091650423297));
#11202=CARTESIAN_POINT('Ctrl Pts',(-3.565999965888,-1.823337757802,1.091650423297));
#11203=CARTESIAN_POINT('Ctrl Pts',(-3.553999966002,-1.823337757802,1.091650423297));
#11204=CARTESIAN_POINT('Ctrl Pts',(-3.565999965888,-1.866401064423,1.091650423297));
#11205=CARTESIAN_POINT('Ctrl Pts',(-3.553999966002,-1.866401064423,1.091650423297));
#11206=CARTESIAN_POINT('Ctrl Pts',(-3.565999965888,-1.900019903397,1.103434346234));
#11207=CARTESIAN_POINT('Ctrl Pts',(-3.553999966002,-1.900019903397,1.103434346234));
#11208=CARTESIAN_POINT('Ctrl Pts',(-3.565999965888,-1.924107628228,1.127002192113));
#11209=CARTESIAN_POINT('Ctrl Pts',(-3.553999966002,-1.924107628228,1.127002192113));
#11210=CARTESIAN_POINT('',(-3.555999965983,-1.924107628228,1.127002192113));
#11211=CARTESIAN_POINT('Origin',(-3.555999965983,8.75237764949003,14.28697510226));
#11212=CARTESIAN_POINT('',(-3.565999965888,-1.924107628228,1.127002192113));
#11213=CARTESIAN_POINT('Ctrl Pts',(-3.565999965888,-1.924107628228,1.127002192113));
#11214=CARTESIAN_POINT('Ctrl Pts',(-3.553999966002,-1.924107628228,1.127002192113));
#11215=CARTESIAN_POINT('Ctrl Pts',(-3.565999965888,-1.948281999551,1.150396745007));
#11216=CARTESIAN_POINT('Ctrl Pts',(-3.553999966002,-1.948281999551,1.150396745007));
#11217=CARTESIAN_POINT('Ctrl Pts',(-3.565999965888,-1.960325861965,1.183322412042));
#11218=CARTESIAN_POINT('Ctrl Pts',(-3.553999966002,-1.960325861965,1.183322412042));
#11219=CARTESIAN_POINT('Ctrl Pts',(-3.565999965888,-1.960325861965,1.225605900235));
#11220=CARTESIAN_POINT('Ctrl Pts',(-3.553999966002,-1.960325861965,1.225605900235));
#11221=CARTESIAN_POINT('',(-3.555999965983,-1.960325861965,1.225605900235));
#11222=CARTESIAN_POINT('Origin',(-3.555999965983,9.01542972799682,9.80004623957831));
#11223=CARTESIAN_POINT('',(-3.565999965888,-1.960325861965,1.225605900235));
#11224=CARTESIAN_POINT('Ctrl Pts',(-3.565999965888,-1.960325861965,1.225605900235));
#11225=CARTESIAN_POINT('Ctrl Pts',(-3.553999966002,-1.960325861965,1.225605900235));
#11226=CARTESIAN_POINT('Ctrl Pts',(-3.565999965888,-1.960325861965,1.267889388427));
#11227=CARTESIAN_POINT('Ctrl Pts',(-3.553999966002,-1.960325861965,1.267889388427));
#11228=CARTESIAN_POINT('Ctrl Pts',(-3.565999965888,-1.947935413581,1.299775297554));
#11229=CARTESIAN_POINT('Ctrl Pts',(-3.553999966002,-1.947935413581,1.299775297554));
#11230=CARTESIAN_POINT('Ctrl Pts',(-3.565999965888,-1.923154516813,1.321090334636));
#11231=CARTESIAN_POINT('Ctrl Pts',(-3.553999966002,-1.923154516813,1.321090334636));
#11232=CARTESIAN_POINT('',(-3.555999965983,-1.923154516813,1.321090334636));
#11233=CARTESIAN_POINT('Origin',(-3.555999965983,4.86090814581872,-4.49860810653624));
#11234=CARTESIAN_POINT('',(-3.565999965888,-1.923154516813,1.321090334636));
#11235=CARTESIAN_POINT('Ctrl Pts',(-3.565999965888,-1.923154516813,1.321090334636));
#11236=CARTESIAN_POINT('Ctrl Pts',(-3.553999966002,-1.923154516813,1.321090334636));
#11237=CARTESIAN_POINT('Ctrl Pts',(-3.565999965888,-1.898373620045,1.342405371715));
#11238=CARTESIAN_POINT('Ctrl Pts',(-3.553999966002,-1.898373620045,1.342405371715));
#11239=CARTESIAN_POINT('Ctrl Pts',(-3.565999965888,-1.865707892486,1.352976243765));
#11240=CARTESIAN_POINT('Ctrl Pts',(-3.553999966002,-1.865707892486,1.352976243765));
#11241=CARTESIAN_POINT('Ctrl Pts',(-3.565999965888,-1.825330627122,1.352976243765));
#11242=CARTESIAN_POINT('Ctrl Pts',(-3.553999966002,-1.825330627122,1.352976243765));
#11243=CARTESIAN_POINT('Origin',(-3.555999965983,14.4428073505268,-20.6318745605293));
#11244=CARTESIAN_POINT('Origin',(-3.555999965983,3.852651255485,1.834000129028));
#11245=CARTESIAN_POINT('Origin',(-3.565999965888,2.335001270003,1.021200136804));
#11246=CARTESIAN_POINT('',(-3.565999965888,-2.330133090665,1.053006087777));
#11247=CARTESIAN_POINT('',(-3.565999965888,-2.201029817292,1.391967165254));
#11248=CARTESIAN_POINT('',(-3.565999965888,-2.201029817292,1.391967165254));
#11249=CARTESIAN_POINT('',(-3.565999965888,-2.154240711503,1.391967165254));
#11250=CARTESIAN_POINT('',(-3.565999965888,-2.154240711503,1.391967165254));
#11251=CARTESIAN_POINT('',(-3.565999965888,-2.025137438128,1.053006087777));
#11252=CARTESIAN_POINT('',(-3.565999965888,-2.025137438128,1.053006087777));
#11253=CARTESIAN_POINT('',(-3.565999965888,-2.073486180775,1.053006087777));
#11254=CARTESIAN_POINT('',(-3.565999965888,-2.073486180775,1.053006087777));
#11255=CARTESIAN_POINT('',(-3.565999965888,-2.106065261841,1.145717834427));
#11256=CARTESIAN_POINT('',(-3.565999965888,-2.106065261841,1.145717834427));
#11257=CARTESIAN_POINT('',(-3.565999965888,-2.247212397632,1.145717834427));
#11258=CARTESIAN_POINT('',(-3.565999965888,-2.247212397632,1.145717834427));
#11259=CARTESIAN_POINT('',(-3.565999965888,-2.281784348021,1.053006087777));
#11260=CARTESIAN_POINT('',(-3.565999965888,-2.281784348021,1.053006087777));
#11261=CARTESIAN_POINT('',(-3.565999965888,-2.330133090665,1.053006087777));
#11262=CARTESIAN_POINT('',(-3.565999965888,-2.119928700595,1.184015583979));
#11263=CARTESIAN_POINT('',(-3.565999965888,-2.23369554485,1.184015583979));
#11264=CARTESIAN_POINT('',(-3.565999965888,-2.119928700595,1.184015583979));
#11265=CARTESIAN_POINT('',(-3.565999965888,-2.170616898529,1.324902780293));
#11266=CARTESIAN_POINT('',(-3.565999965888,-2.170616898529,1.324902780293));
#11267=CARTESIAN_POINT('',(-3.565999965888,-2.17616227403,1.348643919154));
#11268=CARTESIAN_POINT('Ctrl Pts',(-3.565999965888,-2.17616227403,1.348643919154));
#11269=CARTESIAN_POINT('Ctrl Pts',(-3.565999965888,-2.174515990678,1.338419633074));
#11270=CARTESIAN_POINT('Ctrl Pts',(-3.565999965888,-2.172696414344,1.330448155792));
#11271=CARTESIAN_POINT('Ctrl Pts',(-3.565999965888,-2.170616898529,1.324902780293));
#11272=CARTESIAN_POINT('',(-3.565999965888,-2.177202031937,1.348643919154));
#11273=CARTESIAN_POINT('',(-3.565999965888,-2.177202031937,1.348643919154));
#11274=CARTESIAN_POINT('',(-3.565999965888,-2.18248746796,1.324902780293));
#11275=CARTESIAN_POINT('Ctrl Pts',(-3.565999965888,-2.18248746796,1.324902780293));
#11276=CARTESIAN_POINT('Ctrl Pts',(-3.565999965888,-2.18084118461,1.329581690871));
#11277=CARTESIAN_POINT('Ctrl Pts',(-3.565999965888,-2.179108254764,1.337379875169));
#11278=CARTESIAN_POINT('Ctrl Pts',(-3.565999965888,-2.177202031937,1.348643919154));
#11279=CARTESIAN_POINT('',(-3.565999965888,-2.23369554485,1.184015583979));
#11280=CARTESIAN_POINT('Origin',(-3.565999965888,-2.201029817292,1.391967165254));
#11281=CARTESIAN_POINT('',(-3.565999965888,-2.201029817292,1.391967165254));
#11282=CARTESIAN_POINT('',(-3.565999965888,-2.330133090665,1.053006087777));
#11283=CARTESIAN_POINT('Origin',(-3.565999965888,-2.154240711503,1.391967165254));
#11284=CARTESIAN_POINT('',(-3.565999965888,-2.154240711503,1.391967165254));
#11285=CARTESIAN_POINT('Origin',(-3.565999965888,-2.025137438128,1.053006087777));
#11286=CARTESIAN_POINT('',(-3.565999965888,-2.025137438128,1.053006087777));
#11287=CARTESIAN_POINT('Origin',(-3.565999965888,-2.073486180775,1.053006087777));
#11288=CARTESIAN_POINT('',(-3.565999965888,-2.073486180775,1.053006087777));
#11289=CARTESIAN_POINT('Origin',(-3.565999965888,-2.106065261841,1.145717834427));
#11290=CARTESIAN_POINT('',(-3.565999965888,-2.106065261841,1.145717834427));
#11291=CARTESIAN_POINT('Origin',(-3.565999965888,-2.247212397632,1.145717834427));
#11292=CARTESIAN_POINT('',(-3.565999965888,-2.247212397632,1.145717834427));
#11293=CARTESIAN_POINT('Origin',(-3.565999965888,-2.281784348021,1.053006087777));
#11294=CARTESIAN_POINT('',(-3.565999965888,-2.281784348021,1.053006087777));
#11295=CARTESIAN_POINT('Origin',(-3.565999965888,-2.330133090665,1.053006087777));
#11296=CARTESIAN_POINT('Origin',(-3.565999965888,-2.119928700595,1.184015583979));
#11297=CARTESIAN_POINT('',(-3.555999965983,-2.119928700595,1.184015583979));
#11298=CARTESIAN_POINT('',(-3.555999965983,-2.23369554485,1.184015583979));
#11299=CARTESIAN_POINT('',(-3.555999965983,-2.119928700595,1.184015583979));
#11300=CARTESIAN_POINT('',(-3.565999965888,-2.119928700595,1.184015583979));
#11301=CARTESIAN_POINT('',(-3.565999965888,-2.23369554485,1.184015583979));
#11302=CARTESIAN_POINT('Origin',(-3.565999965888,-2.23369554485,1.184015583979));
#11303=CARTESIAN_POINT('',(-3.555999965983,-2.18248746796,1.324902780293));
#11304=CARTESIAN_POINT('',(-3.555999965983,-2.23369554485,1.184015583979));
#11305=CARTESIAN_POINT('',(-3.565999965888,-2.18248746796,1.324902780293));
#11306=CARTESIAN_POINT('Ctrl Pts',(-3.565999965888,-2.18248746796,1.324902780293));
#11307=CARTESIAN_POINT('Ctrl Pts',(-3.553999966002,-2.18248746796,1.324902780293));
#11308=CARTESIAN_POINT('Ctrl Pts',(-3.565999965888,-2.18084118461,1.329581690871));
#11309=CARTESIAN_POINT('Ctrl Pts',(-3.553999966002,-2.18084118461,1.329581690871));
#11310=CARTESIAN_POINT('Ctrl Pts',(-3.565999965888,-2.179108254764,1.337379875169));
#11311=CARTESIAN_POINT('Ctrl Pts',(-3.553999966002,-2.179108254764,1.337379875169));
#11312=CARTESIAN_POINT('Ctrl Pts',(-3.565999965888,-2.177202031937,1.348643919154));
#11313=CARTESIAN_POINT('Ctrl Pts',(-3.553999966002,-2.177202031937,1.348643919154));
#11314=CARTESIAN_POINT('',(-3.555999965983,-2.177202031937,1.348643919154));
#11315=CARTESIAN_POINT('Ctrl Pts',(-3.555999965983,-2.18248746796,1.324902780293));
#11316=CARTESIAN_POINT('Ctrl Pts',(-3.555999965983,-2.18084118461,1.329581690871));
#11317=CARTESIAN_POINT('Ctrl Pts',(-3.555999965983,-2.179108254764,1.337379875169));
#11318=CARTESIAN_POINT('Ctrl Pts',(-3.555999965983,-2.177202031937,1.348643919154));
#11319=CARTESIAN_POINT('',(-3.565999965888,-2.177202031937,1.348643919154));
#11320=CARTESIAN_POINT('Origin',(-3.565999965888,-2.177202031937,1.348643919154));
#11321=CARTESIAN_POINT('',(-3.555999965983,-2.17616227403,1.348643919154));
#11322=CARTESIAN_POINT('',(-3.555999965983,-2.177202031937,1.348643919154));
#11323=CARTESIAN_POINT('',(-3.565999965888,-2.17616227403,1.348643919154));
#11324=CARTESIAN_POINT('Ctrl Pts',(-3.565999965888,-2.17616227403,1.348643919154));
#11325=CARTESIAN_POINT('Ctrl Pts',(-3.553999966002,-2.17616227403,1.348643919154));
#11326=CARTESIAN_POINT('Ctrl Pts',(-3.565999965888,-2.174515990678,1.338419633074));
#11327=CARTESIAN_POINT('Ctrl Pts',(-3.553999966002,-2.174515990678,1.338419633074));
#11328=CARTESIAN_POINT('Ctrl Pts',(-3.565999965888,-2.172696414344,1.330448155792));
#11329=CARTESIAN_POINT('Ctrl Pts',(-3.553999966002,-2.172696414344,1.330448155792));
#11330=CARTESIAN_POINT('Ctrl Pts',(-3.565999965888,-2.170616898529,1.324902780293));
#11331=CARTESIAN_POINT('Ctrl Pts',(-3.553999966002,-2.170616898529,1.324902780293));
#11332=CARTESIAN_POINT('',(-3.555999965983,-2.170616898529,1.324902780293));
#11333=CARTESIAN_POINT('Ctrl Pts',(-3.555999965983,-2.17616227403,1.348643919154));
#11334=CARTESIAN_POINT('Ctrl Pts',(-3.555999965983,-2.174515990678,1.338419633074));
#11335=CARTESIAN_POINT('Ctrl Pts',(-3.555999965983,-2.172696414344,1.330448155792));
#11336=CARTESIAN_POINT('Ctrl Pts',(-3.555999965983,-2.170616898529,1.324902780293));
#11337=CARTESIAN_POINT('',(-3.565999965888,-2.170616898529,1.324902780293));
#11338=CARTESIAN_POINT('Origin',(-3.565999965888,-2.170616898529,1.324902780293));
#11339=CARTESIAN_POINT('',(-3.555999965983,-2.170616898529,1.324902780293));
#11340=CARTESIAN_POINT('Origin',(-3.555999965983,3.852651255485,1.834000129028));
#11341=CARTESIAN_POINT('Origin',(-3.565999965888,-0.199015073896,1.585038210484));
#11342=CARTESIAN_POINT('',(-3.565999965888,-0.267699450051,1.389227518625));
#11343=CARTESIAN_POINT('',(-3.565999965888,-0.02911162434937,1.704934631775));
#11344=CARTESIAN_POINT('Ctrl Pts',(-3.565999965888,-0.267699450051,1.389227518625));
#11345=CARTESIAN_POINT('Ctrl Pts',(-3.565999965888,-0.26528950823,1.533826142366));
#11346=CARTESIAN_POINT('Ctrl Pts',(-3.565999965888,-0.166480330692,1.661555035457));
#11347=CARTESIAN_POINT('Ctrl Pts',(-3.565999965888,-0.02911162434937,1.704934631775));
#11348=CARTESIAN_POINT('',(-3.565999965888,0.101027256531,1.895322943042));
#11349=CARTESIAN_POINT('Origin',(-3.565999965888,0.424039320583805,1.62226927659407));
#11350=CARTESIAN_POINT('',(-3.565999965888,0.428784308619,2.020641836855));
#11351=CARTESIAN_POINT('Ctrl Pts',(-3.565999965888,0.101027256531,1.895322943042));
#11352=CARTESIAN_POINT('Ctrl Pts',(-3.565999965888,0.192606424738,1.974852244134));
#11353=CARTESIAN_POINT('Ctrl Pts',(-3.565999965888,0.308285378891,2.020641836855));
#11354=CARTESIAN_POINT('Ctrl Pts',(-3.565999965888,0.428784308619,2.020641836855));
#11355=CARTESIAN_POINT('',(-3.565999965888,0.717981739968,1.926652669368));
#11356=CARTESIAN_POINT('Origin',(-3.565999965888,0.357012357213869,1.18851584539835));
#11357=CARTESIAN_POINT('',(-3.565999965888,0.824020788935,1.82061360891));
#11358=CARTESIAN_POINT('Ctrl Pts',(-3.565999965888,0.717981739968,1.926652669368));
#11359=CARTESIAN_POINT('Ctrl Pts',(-3.565999965888,0.758951394462,1.897732919339));
#11360=CARTESIAN_POINT('Ctrl Pts',(-3.565999965888,0.792691085592,1.861583240421));
#11361=CARTESIAN_POINT('Ctrl Pts',(-3.565999965888,0.824020788935,1.82061360891));
#11362=CARTESIAN_POINT('',(-3.565999965888,0.879450278223,1.825433561502));
#11363=CARTESIAN_POINT('Ctrl Pts',(-3.565999965888,0.824020788935,1.82061360891));
#11364=CARTESIAN_POINT('Ctrl Pts',(-3.565999965888,0.843300599305,1.823023596697));
#11365=CARTESIAN_POINT('Ctrl Pts',(-3.565999965888,0.860170467853,1.825433561502));
#11366=CARTESIAN_POINT('Ctrl Pts',(-3.565999965888,0.879450278223,1.825433561502));
#11367=CARTESIAN_POINT('',(-3.565999965888,1.156597816598,1.709754584366));
#11368=CARTESIAN_POINT('Origin',(-3.565999965888,0.863214692406009,1.37684266443114));
#11369=CARTESIAN_POINT('',(-3.565999965888,1.269866874896,1.435017056763));
#11370=CARTESIAN_POINT('Origin',(-3.565999965888,0.888899958101881,1.43449003674264));
#11371=CARTESIAN_POINT('',(-3.565999965888,1.168647778521,1.172329445114));
#11372=CARTESIAN_POINT('Origin',(-3.565999965888,0.900440332641632,1.42263388447341));
#11373=CARTESIAN_POINT('',(-3.565999965888,0.975849490957,1.056650490962));
#11374=CARTESIAN_POINT('Origin',(-3.565999965888,0.136910754894917,2.66053794731229));
#11375=CARTESIAN_POINT('',(-3.565999965888,0.746901501488,0.892771964917));
#11376=CARTESIAN_POINT('Ctrl Pts',(-3.565999965888,0.975849490957,1.056650490962));
#11377=CARTESIAN_POINT('Ctrl Pts',(-3.565999965888,0.944519764631,0.960251347177));
#11378=CARTESIAN_POINT('Ctrl Pts',(-3.565999965888,0.852940596423,0.892771964917));
#11379=CARTESIAN_POINT('Ctrl Pts',(-3.565999965888,0.746901501488,0.892771964917));
#11380=CARTESIAN_POINT('',(-3.565999965888,0.505903642031,1.133769824373));
#11381=CARTESIAN_POINT('Ctrl Pts',(-3.565999965888,0.746901501488,0.892771964917));
#11382=CARTESIAN_POINT('Ctrl Pts',(-3.565999965888,0.614352678788,0.892771964917));
#11383=CARTESIAN_POINT('Ctrl Pts',(-3.565999965888,0.505903642031,1.001221001672));
#11384=CARTESIAN_POINT('Ctrl Pts',(-3.565999965888,0.505903642031,1.133769824373));
#11385=CARTESIAN_POINT('',(-3.565999965888,0.505903642031,1.157869610321));
#11386=CARTESIAN_POINT('',(-3.565999965888,0.505903642031,1.133769824373));
#11387=CARTESIAN_POINT('',(-3.565999965888,0.168506638792,1.336208017125));
#11388=CARTESIAN_POINT('',(-3.565999965888,0.505903642031,1.157869610321));
#11389=CARTESIAN_POINT('',(-3.565999965888,0.243215938451,1.463936910216));
#11390=CARTESIAN_POINT('',(-3.565999965888,0.168506638792,1.336208017125));
#11391=CARTESIAN_POINT('',(-3.565999965888,0.566153060929,1.295238408597));
#11392=CARTESIAN_POINT('',(-3.565999965888,0.243215938451,1.463936910216));
#11393=CARTESIAN_POINT('',(-3.565999965888,0.746901455522,1.377177671619));
#11394=CARTESIAN_POINT('Ctrl Pts',(-3.565999965888,0.566153060929,1.295238408597));
#11395=CARTESIAN_POINT('Ctrl Pts',(-3.565999965888,0.609532657245,1.345847968277));
#11396=CARTESIAN_POINT('Ctrl Pts',(-3.565999965888,0.674602097685,1.377177671619));
#11397=CARTESIAN_POINT('Ctrl Pts',(-3.565999965888,0.746901455522,1.377177671619));
#11398=CARTESIAN_POINT('',(-3.565999965888,0.973439434218,1.218119075185));
#11399=CARTESIAN_POINT('Ctrl Pts',(-3.565999965888,0.746901455522,1.377177671619));
#11400=CARTESIAN_POINT('Ctrl Pts',(-3.565999965888,0.850530562668,1.377177671619));
#11401=CARTESIAN_POINT('Ctrl Pts',(-3.565999965888,0.939699743087,1.309698289359));
#11402=CARTESIAN_POINT('Ctrl Pts',(-3.565999965888,0.973439434218,1.218119075185));
#11403=CARTESIAN_POINT('',(-3.565999965888,1.118038149892,1.439837124271));
#11404=CARTESIAN_POINT('Ctrl Pts',(-3.565999965888,0.973439434218,1.218119075185));
#11405=CARTESIAN_POINT('Ctrl Pts',(-3.565999965888,1.057788685028,1.25667874189));
#11406=CARTESIAN_POINT('Ctrl Pts',(-3.565999965888,1.118038149892,1.3410279927));
#11407=CARTESIAN_POINT('Ctrl Pts',(-3.565999965888,1.118038149892,1.439837124271));
#11408=CARTESIAN_POINT('',(-3.565999965888,0.877040290436,1.680834983727));
#11409=CARTESIAN_POINT('Ctrl Pts',(-3.565999965888,1.118038149892,1.439837124271));
#11410=CARTESIAN_POINT('Ctrl Pts',(-3.565999965888,1.118038149892,1.572385946973));
#11411=CARTESIAN_POINT('Ctrl Pts',(-3.565999965888,1.009589113137,1.680834983727));
#11412=CARTESIAN_POINT('Ctrl Pts',(-3.565999965888,0.877040290436,1.680834983727));
#11413=CARTESIAN_POINT('',(-3.565999965888,0.74931144331,1.644685304808));
#11414=CARTESIAN_POINT('Ctrl Pts',(-3.565999965888,0.877040290436,1.680834983727));
#11415=CARTESIAN_POINT('Ctrl Pts',(-3.565999965888,0.831250706331,1.680834983727));
#11416=CARTESIAN_POINT('Ctrl Pts',(-3.565999965888,0.785461122228,1.666375102968));
#11417=CARTESIAN_POINT('Ctrl Pts',(-3.565999965888,0.74931144331,1.644685304808));
#11418=CARTESIAN_POINT('',(-3.565999965888,0.426374366797,1.876043121181));
#11419=CARTESIAN_POINT('Ctrl Pts',(-3.565999965888,0.74931144331,1.644685304808));
#11420=CARTESIAN_POINT('Ctrl Pts',(-3.565999965888,0.703521905173,1.779643977399));
#11421=CARTESIAN_POINT('Ctrl Pts',(-3.565999965888,0.578202999869,1.876043121181));
#11422=CARTESIAN_POINT('Ctrl Pts',(-3.565999965888,0.426374366797,1.876043121181));
#11423=CARTESIAN_POINT('',(-3.565999965888,0.08897736355805,1.57479579686));
#11424=CARTESIAN_POINT('Ctrl Pts',(-3.565999965888,0.426374366797,1.876043121181));
#11425=CARTESIAN_POINT('Ctrl Pts',(-3.565999965888,0.252855889601,1.876043121181));
#11426=CARTESIAN_POINT('Ctrl Pts',(-3.565999965888,0.108257173928,1.743494298479));
#11427=CARTESIAN_POINT('Ctrl Pts',(-3.565999965888,0.08897736355805,1.57479579686));
#11428=CARTESIAN_POINT('',(-3.565999965888,0.06969755318786,1.57479579686));
#11429=CARTESIAN_POINT('',(-3.565999965888,0.08897736355805,1.57479579686));
#11430=CARTESIAN_POINT('',(-3.565999965888,-0.118280758801,1.386817484871));
#11431=CARTESIAN_POINT('Ctrl Pts',(-3.565999965888,0.06969755318786,1.57479579686));
#11432=CARTESIAN_POINT('Ctrl Pts',(-3.565999965888,-0.03393150799187,1.57479579686));
#11433=CARTESIAN_POINT('Ctrl Pts',(-3.565999965888,-0.118280758801,1.490446546051));
#11434=CARTESIAN_POINT('Ctrl Pts',(-3.565999965888,-0.118280758801,1.386817484871));
#11435=CARTESIAN_POINT('',(-3.565999965888,0.05523771839357,1.198839172882));
#11436=CARTESIAN_POINT('Ctrl Pts',(-3.565999965888,-0.118280758801,1.386817484871));
#11437=CARTESIAN_POINT('Ctrl Pts',(-3.565999965888,-0.118280758801,1.288008353299));
#11438=CARTESIAN_POINT('Ctrl Pts',(-3.565999965888,-0.04357145914251,1.206069090279));
#11439=CARTESIAN_POINT('Ctrl Pts',(-3.565999965888,0.05523771839357,1.198839172882));
#11440=CARTESIAN_POINT('',(-3.565999965888,0.163686755149,1.198839172882));
#11441=CARTESIAN_POINT('',(-3.565999965888,0.05523771839357,1.198839172882));
#11442=CARTESIAN_POINT('',(-3.565999965888,0.178146589943,1.201249114702));
#11443=CARTESIAN_POINT('Ctrl Pts',(-3.565999965888,0.163686755149,1.198839172882));
#11444=CARTESIAN_POINT('Ctrl Pts',(-3.565999965888,0.168506730725,1.198839172882));
#11445=CARTESIAN_POINT('Ctrl Pts',(-3.565999965888,0.173326706301,1.201249114702));
#11446=CARTESIAN_POINT('Ctrl Pts',(-3.565999965888,0.178146589943,1.201249114702));
#11447=CARTESIAN_POINT('',(-3.565999965888,0.252855889601,1.126539815045));
#11448=CARTESIAN_POINT('Ctrl Pts',(-3.565999965888,0.178146589943,1.201249114702));
#11449=CARTESIAN_POINT('Ctrl Pts',(-3.565999965888,0.219116244438,1.201249114702));
#11450=CARTESIAN_POINT('Ctrl Pts',(-3.565999965888,0.252855889601,1.167509377606));
#11451=CARTESIAN_POINT('Ctrl Pts',(-3.565999965888,0.252855889601,1.126539815045));
#11452=CARTESIAN_POINT('',(-3.565999965888,0.182966473586,1.051830515384));
#11453=CARTESIAN_POINT('Ctrl Pts',(-3.565999965888,0.252855889601,1.126539815045));
#11454=CARTESIAN_POINT('Ctrl Pts',(-3.565999965888,0.252855889601,1.087980194304));
#11455=CARTESIAN_POINT('Ctrl Pts',(-3.565999965888,0.22152618626,1.054240457205));
#11456=CARTESIAN_POINT('Ctrl Pts',(-3.565999965888,0.182966473586,1.051830515384));
#11457=CARTESIAN_POINT('',(-3.565999965888,0.04077779166589,1.051830515384));
#11458=CARTESIAN_POINT('',(-3.565999965888,0.182966473586,1.051830515384));
#11459=CARTESIAN_POINT('',(-3.565999965888,-0.178530223665,1.160279552141));
#11460=CARTESIAN_POINT('Origin',(-3.565999965888,0.0935886133524008,1.46063748819857));
#11461=CARTESIAN_POINT('Origin',(-3.565999965888,0.066876622602017,1.39132626292677));
#11462=CARTESIAN_POINT('',(-3.565999965888,0.749311489277,1.037370496725));
#11463=CARTESIAN_POINT('',(-3.565999965888,0.749311489277,1.225348900647));
#11464=CARTESIAN_POINT('Ctrl Pts',(-3.565999965888,0.749311489277,1.037370496725));
#11465=CARTESIAN_POINT('Ctrl Pts',(-3.565999965888,0.696291987777,1.037370496725));
#11466=CARTESIAN_POINT('Ctrl Pts',(-3.565999965888,0.655322333282,1.080750184973));
#11467=CARTESIAN_POINT('Ctrl Pts',(-3.565999965888,0.655322333282,1.131359698686));
#11468=CARTESIAN_POINT('Ctrl Pts',(-3.565999965888,0.655322333282,1.184379246153));
#11469=CARTESIAN_POINT('Ctrl Pts',(-3.565999965888,0.698701929597,1.225348900647));
#11470=CARTESIAN_POINT('Ctrl Pts',(-3.565999965888,0.749311489277,1.225348900647));
#11471=CARTESIAN_POINT('Ctrl Pts',(-3.565999965888,0.749311489277,1.225348900647));
#11472=CARTESIAN_POINT('Ctrl Pts',(-3.565999965888,0.799921048955,1.225348900647));
#11473=CARTESIAN_POINT('Ctrl Pts',(-3.565999965888,0.843300645272,1.184379246153));
#11474=CARTESIAN_POINT('Ctrl Pts',(-3.565999965888,0.843300645272,1.078340151219));
#11475=CARTESIAN_POINT('Ctrl Pts',(-3.565999965888,0.799921048955,1.037370496725));
#11476=CARTESIAN_POINT('Ctrl Pts',(-3.565999965888,0.749311489277,1.037370496725));
#11477=CARTESIAN_POINT('Ctrl Pts',(-3.565999965888,-0.267699450051,1.389227518625));
#11478=CARTESIAN_POINT('Ctrl Pts',(-3.553999966002,-0.267699450051,1.389227518625));
#11479=CARTESIAN_POINT('Ctrl Pts',(-3.565999965888,-0.26528950823,1.533826142366));
#11480=CARTESIAN_POINT('Ctrl Pts',(-3.553999966002,-0.26528950823,1.533826142366));
#11481=CARTESIAN_POINT('Ctrl Pts',(-3.565999965888,-0.166480330692,1.661555035457));
#11482=CARTESIAN_POINT('Ctrl Pts',(-3.553999966002,-0.166480330692,1.661555035457));
#11483=CARTESIAN_POINT('Ctrl Pts',(-3.565999965888,-0.02911162434937,1.704934631775));
#11484=CARTESIAN_POINT('Ctrl Pts',(-3.553999966002,-0.02911162434937,1.704934631775));
#11485=CARTESIAN_POINT('',(-3.565999965888,-0.267699450051,1.389227518625));
#11486=CARTESIAN_POINT('',(-3.565999965888,-0.02911162434937,1.704934631775));
#11487=CARTESIAN_POINT('Ctrl Pts',(-3.565999965888,-0.02911162434937,1.704934631775));
#11488=CARTESIAN_POINT('Ctrl Pts',(-3.553999966002,-0.02911162434937,1.704934631775));
#11489=CARTESIAN_POINT('Ctrl Pts',(-3.565999965888,-0.002601896582621,1.777233989609));
#11490=CARTESIAN_POINT('Ctrl Pts',(-3.553999966002,-0.002601896582621,1.777233989609));
#11491=CARTESIAN_POINT('Ctrl Pts',(-3.565999965888,0.04318773348772,1.842303407068));
#11492=CARTESIAN_POINT('Ctrl Pts',(-3.553999966002,0.04318773348772,1.842303407068));
#11493=CARTESIAN_POINT('Ctrl Pts',(-3.565999965888,0.101027256531,1.895322943042));
#11494=CARTESIAN_POINT('Ctrl Pts',(-3.553999966002,0.101027256531,1.895322943042));
#11495=CARTESIAN_POINT('',(-3.565999965888,0.101027256531,1.895322943042));
#11496=CARTESIAN_POINT('Ctrl Pts',(-3.565999965888,0.101027256531,1.895322943042));
#11497=CARTESIAN_POINT('Ctrl Pts',(-3.553999966002,0.101027256531,1.895322943042));
#11498=CARTESIAN_POINT('Ctrl Pts',(-3.565999965888,0.192606424738,1.974852244134));
#11499=CARTESIAN_POINT('Ctrl Pts',(-3.553999966002,0.192606424738,1.974852244134));
#11500=CARTESIAN_POINT('Ctrl Pts',(-3.565999965888,0.308285378891,2.020641836855));
#11501=CARTESIAN_POINT('Ctrl Pts',(-3.553999966002,0.308285378891,2.020641836855));
#11502=CARTESIAN_POINT('Ctrl Pts',(-3.565999965888,0.428784308619,2.020641836855));
#11503=CARTESIAN_POINT('Ctrl Pts',(-3.553999966002,0.428784308619,2.020641836855));
#11504=CARTESIAN_POINT('',(-3.565999965888,0.428784308619,2.020641836855));
#11505=CARTESIAN_POINT('Ctrl Pts',(-3.565999965888,0.428784308619,2.020641836855));
#11506=CARTESIAN_POINT('Ctrl Pts',(-3.553999966002,0.428784308619,2.020641836855));
#11507=CARTESIAN_POINT('Ctrl Pts',(-3.565999965888,0.534823357586,2.020641836855));
#11508=CARTESIAN_POINT('Ctrl Pts',(-3.553999966002,0.534823357586,2.020641836855));
#11509=CARTESIAN_POINT('Ctrl Pts',(-3.565999965888,0.633632489157,1.986902137106));
#11510=CARTESIAN_POINT('Ctrl Pts',(-3.553999966002,0.633632489157,1.986902137106));
#11511=CARTESIAN_POINT('Ctrl Pts',(-3.565999965888,0.717981739968,1.926652669368));
#11512=CARTESIAN_POINT('Ctrl Pts',(-3.553999966002,0.717981739968,1.926652669368));
#11513=CARTESIAN_POINT('',(-3.565999965888,0.717981739968,1.926652669368));
#11514=CARTESIAN_POINT('Ctrl Pts',(-3.565999965888,0.717981739968,1.926652669368));
#11515=CARTESIAN_POINT('Ctrl Pts',(-3.553999966002,0.717981739968,1.926652669368));
#11516=CARTESIAN_POINT('Ctrl Pts',(-3.565999965888,0.758951394462,1.897732919339));
#11517=CARTESIAN_POINT('Ctrl Pts',(-3.553999966002,0.758951394462,1.897732919339));
#11518=CARTESIAN_POINT('Ctrl Pts',(-3.565999965888,0.792691085592,1.861583240421));
#11519=CARTESIAN_POINT('Ctrl Pts',(-3.553999966002,0.792691085592,1.861583240421));
#11520=CARTESIAN_POINT('Ctrl Pts',(-3.565999965888,0.824020788935,1.82061360891));
#11521=CARTESIAN_POINT('Ctrl Pts',(-3.553999966002,0.824020788935,1.82061360891));
#11522=CARTESIAN_POINT('',(-3.565999965888,0.824020788935,1.82061360891));
#11523=CARTESIAN_POINT('Ctrl Pts',(-3.565999965888,0.824020788935,1.82061360891));
#11524=CARTESIAN_POINT('Ctrl Pts',(-3.553999966002,0.824020788935,1.82061360891));
#11525=CARTESIAN_POINT('Ctrl Pts',(-3.565999965888,0.843300599305,1.823023596697));
#11526=CARTESIAN_POINT('Ctrl Pts',(-3.553999966002,0.843300599305,1.823023596697));
#11527=CARTESIAN_POINT('Ctrl Pts',(-3.565999965888,0.860170467853,1.825433561502));
#11528=CARTESIAN_POINT('Ctrl Pts',(-3.553999966002,0.860170467853,1.825433561502));
#11529=CARTESIAN_POINT('Ctrl Pts',(-3.565999965888,0.879450278223,1.825433561502));
#11530=CARTESIAN_POINT('Ctrl Pts',(-3.553999966002,0.879450278223,1.825433561502));
#11531=CARTESIAN_POINT('',(-3.565999965888,0.879450278223,1.825433561502));
#11532=CARTESIAN_POINT('Ctrl Pts',(-3.565999965888,0.879450278223,1.825433561502));
#11533=CARTESIAN_POINT('Ctrl Pts',(-3.553999966002,0.879450278223,1.825433561502));
#11534=CARTESIAN_POINT('Ctrl Pts',(-3.565999965888,0.983079362387,1.825433561502));
#11535=CARTESIAN_POINT('Ctrl Pts',(-3.553999966002,0.983079362387,1.825433561502));
#11536=CARTESIAN_POINT('Ctrl Pts',(-3.565999965888,1.081888470974,1.784463929993));
#11537=CARTESIAN_POINT('Ctrl Pts',(-3.553999966002,1.081888470974,1.784463929993));
#11538=CARTESIAN_POINT('Ctrl Pts',(-3.565999965888,1.156597816598,1.709754584366));
#11539=CARTESIAN_POINT('Ctrl Pts',(-3.553999966002,1.156597816598,1.709754584366));
#11540=CARTESIAN_POINT('',(-3.565999965888,1.156597816598,1.709754584366));
#11541=CARTESIAN_POINT('Ctrl Pts',(-3.565999965888,1.156597816598,1.709754584366));
#11542=CARTESIAN_POINT('Ctrl Pts',(-3.553999966002,1.156597816598,1.709754584366));
#11543=CARTESIAN_POINT('Ctrl Pts',(-3.565999965888,1.22889723764,1.637455249512));
#11544=CARTESIAN_POINT('Ctrl Pts',(-3.553999966002,1.22889723764,1.637455249512));
#11545=CARTESIAN_POINT('Ctrl Pts',(-3.565999965888,1.269866874896,1.538646117941));
#11546=CARTESIAN_POINT('Ctrl Pts',(-3.553999966002,1.269866874896,1.538646117941));
#11547=CARTESIAN_POINT('Ctrl Pts',(-3.565999965888,1.269866874896,1.435017056763));
#11548=CARTESIAN_POINT('Ctrl Pts',(-3.553999966002,1.269866874896,1.435017056763));
#11549=CARTESIAN_POINT('',(-3.565999965888,1.269866874896,1.435017056763));
#11550=CARTESIAN_POINT('Ctrl Pts',(-3.565999965888,1.269866874896,1.435017056763));
#11551=CARTESIAN_POINT('Ctrl Pts',(-3.553999966002,1.269866874896,1.435017056763));
#11552=CARTESIAN_POINT('Ctrl Pts',(-3.565999965888,1.269866874896,1.338617912979));
#11553=CARTESIAN_POINT('Ctrl Pts',(-3.553999966002,1.269866874896,1.338617912979));
#11554=CARTESIAN_POINT('Ctrl Pts',(-3.565999965888,1.233717195979,1.244628711017));
#11555=CARTESIAN_POINT('Ctrl Pts',(-3.553999966002,1.233717195979,1.244628711017));
#11556=CARTESIAN_POINT('Ctrl Pts',(-3.565999965888,1.168647778521,1.172329445114));
#11557=CARTESIAN_POINT('Ctrl Pts',(-3.553999966002,1.168647778521,1.172329445114));
#11558=CARTESIAN_POINT('',(-3.565999965888,1.168647778521,1.172329445114));
#11559=CARTESIAN_POINT('Ctrl Pts',(-3.565999965888,1.168647778521,1.172329445114));
#11560=CARTESIAN_POINT('Ctrl Pts',(-3.553999966002,1.168647778521,1.172329445114));
#11561=CARTESIAN_POINT('Ctrl Pts',(-3.565999965888,1.115628254038,1.11448992207));
#11562=CARTESIAN_POINT('Ctrl Pts',(-3.553999966002,1.115628254038,1.11448992207));
#11563=CARTESIAN_POINT('Ctrl Pts',(-3.565999965888,1.050558813598,1.075930301332));
#11564=CARTESIAN_POINT('Ctrl Pts',(-3.553999966002,1.050558813598,1.075930301332));
#11565=CARTESIAN_POINT('Ctrl Pts',(-3.565999965888,0.975849490957,1.056650490962));
#11566=CARTESIAN_POINT('Ctrl Pts',(-3.553999966002,0.975849490957,1.056650490962));
#11567=CARTESIAN_POINT('',(-3.565999965888,0.975849490957,1.056650490962));
#11568=CARTESIAN_POINT('Ctrl Pts',(-3.565999965888,0.975849490957,1.056650490962));
#11569=CARTESIAN_POINT('Ctrl Pts',(-3.553999966002,0.975849490957,1.056650490962));
#11570=CARTESIAN_POINT('Ctrl Pts',(-3.565999965888,0.944519764631,0.960251347177));
#11571=CARTESIAN_POINT('Ctrl Pts',(-3.553999966002,0.944519764631,0.960251347177));
#11572=CARTESIAN_POINT('Ctrl Pts',(-3.565999965888,0.852940596423,0.892771964917));
#11573=CARTESIAN_POINT('Ctrl Pts',(-3.553999966002,0.852940596423,0.892771964917));
#11574=CARTESIAN_POINT('Ctrl Pts',(-3.565999965888,0.746901501488,0.892771964917));
#11575=CARTESIAN_POINT('Ctrl Pts',(-3.553999966002,0.746901501488,0.892771964917));
#11576=CARTESIAN_POINT('',(-3.565999965888,0.746901501488,0.892771964917));
#11577=CARTESIAN_POINT('Ctrl Pts',(-3.565999965888,0.746901501488,0.892771964917));
#11578=CARTESIAN_POINT('Ctrl Pts',(-3.553999966002,0.746901501488,0.892771964917));
#11579=CARTESIAN_POINT('Ctrl Pts',(-3.565999965888,0.614352678788,0.892771964917));
#11580=CARTESIAN_POINT('Ctrl Pts',(-3.553999966002,0.614352678788,0.892771964917));
#11581=CARTESIAN_POINT('Ctrl Pts',(-3.565999965888,0.505903642031,1.001221001672));
#11582=CARTESIAN_POINT('Ctrl Pts',(-3.553999966002,0.505903642031,1.001221001672));
#11583=CARTESIAN_POINT('Ctrl Pts',(-3.565999965888,0.505903642031,1.133769824373));
#11584=CARTESIAN_POINT('Ctrl Pts',(-3.553999966002,0.505903642031,1.133769824373));
#11585=CARTESIAN_POINT('',(-3.565999965888,0.505903642031,1.133769824373));
#11586=CARTESIAN_POINT('Origin',(-3.565999965888,0.505903642031,1.133769824373));
#11587=CARTESIAN_POINT('',(-3.565999965888,0.505903642031,1.157869610321));
#11588=CARTESIAN_POINT('Origin',(-3.565999965888,0.505903642031,1.157869610321));
#11589=CARTESIAN_POINT('',(-3.565999965888,0.168506638792,1.336208017125));
#11590=CARTESIAN_POINT('Origin',(-3.565999965888,0.168506638792,1.336208017125));
#11591=CARTESIAN_POINT('',(-3.565999965888,0.243215938451,1.463936910216));
#11592=CARTESIAN_POINT('Origin',(-3.565999965888,0.243215938451,1.463936910216));
#11593=CARTESIAN_POINT('',(-3.565999965888,0.566153060929,1.295238408597));
#11594=CARTESIAN_POINT('Ctrl Pts',(-3.565999965888,0.566153060929,1.295238408597));
#11595=CARTESIAN_POINT('Ctrl Pts',(-3.553999966002,0.566153060929,1.295238408597));
#11596=CARTESIAN_POINT('Ctrl Pts',(-3.565999965888,0.609532657245,1.345847968277));
#11597=CARTESIAN_POINT('Ctrl Pts',(-3.553999966002,0.609532657245,1.345847968277));
#11598=CARTESIAN_POINT('Ctrl Pts',(-3.565999965888,0.674602097685,1.377177671619));
#11599=CARTESIAN_POINT('Ctrl Pts',(-3.553999966002,0.674602097685,1.377177671619));
#11600=CARTESIAN_POINT('Ctrl Pts',(-3.565999965888,0.746901455522,1.377177671619));
#11601=CARTESIAN_POINT('Ctrl Pts',(-3.553999966002,0.746901455522,1.377177671619));
#11602=CARTESIAN_POINT('',(-3.565999965888,0.746901455522,1.377177671619));
#11603=CARTESIAN_POINT('Ctrl Pts',(-3.565999965888,0.746901455522,1.377177671619));
#11604=CARTESIAN_POINT('Ctrl Pts',(-3.553999966002,0.746901455522,1.377177671619));
#11605=CARTESIAN_POINT('Ctrl Pts',(-3.565999965888,0.850530562668,1.377177671619));
#11606=CARTESIAN_POINT('Ctrl Pts',(-3.553999966002,0.850530562668,1.377177671619));
#11607=CARTESIAN_POINT('Ctrl Pts',(-3.565999965888,0.939699743087,1.309698289359));
#11608=CARTESIAN_POINT('Ctrl Pts',(-3.553999966002,0.939699743087,1.309698289359));
#11609=CARTESIAN_POINT('Ctrl Pts',(-3.565999965888,0.973439434218,1.218119075185));
#11610=CARTESIAN_POINT('Ctrl Pts',(-3.553999966002,0.973439434218,1.218119075185));
#11611=CARTESIAN_POINT('',(-3.565999965888,0.973439434218,1.218119075185));
#11612=CARTESIAN_POINT('Ctrl Pts',(-3.565999965888,0.973439434218,1.218119075185));
#11613=CARTESIAN_POINT('Ctrl Pts',(-3.553999966002,0.973439434218,1.218119075185));
#11614=CARTESIAN_POINT('Ctrl Pts',(-3.565999965888,1.057788685028,1.25667874189));
#11615=CARTESIAN_POINT('Ctrl Pts',(-3.553999966002,1.057788685028,1.25667874189));
#11616=CARTESIAN_POINT('Ctrl Pts',(-3.565999965888,1.118038149892,1.3410279927));
#11617=CARTESIAN_POINT('Ctrl Pts',(-3.553999966002,1.118038149892,1.3410279927));
#11618=CARTESIAN_POINT('Ctrl Pts',(-3.565999965888,1.118038149892,1.439837124271));
#11619=CARTESIAN_POINT('Ctrl Pts',(-3.553999966002,1.118038149892,1.439837124271));
#11620=CARTESIAN_POINT('',(-3.565999965888,1.118038149892,1.439837124271));
#11621=CARTESIAN_POINT('Ctrl Pts',(-3.565999965888,1.118038149892,1.439837124271));
#11622=CARTESIAN_POINT('Ctrl Pts',(-3.553999966002,1.118038149892,1.439837124271));
#11623=CARTESIAN_POINT('Ctrl Pts',(-3.565999965888,1.118038149892,1.572385946973));
#11624=CARTESIAN_POINT('Ctrl Pts',(-3.553999966002,1.118038149892,1.572385946973));
#11625=CARTESIAN_POINT('Ctrl Pts',(-3.565999965888,1.009589113137,1.680834983727));
#11626=CARTESIAN_POINT('Ctrl Pts',(-3.553999966002,1.009589113137,1.680834983727));
#11627=CARTESIAN_POINT('Ctrl Pts',(-3.565999965888,0.877040290436,1.680834983727));
#11628=CARTESIAN_POINT('Ctrl Pts',(-3.553999966002,0.877040290436,1.680834983727));
#11629=CARTESIAN_POINT('',(-3.565999965888,0.877040290436,1.680834983727));
#11630=CARTESIAN_POINT('Ctrl Pts',(-3.565999965888,0.877040290436,1.680834983727));
#11631=CARTESIAN_POINT('Ctrl Pts',(-3.553999966002,0.877040290436,1.680834983727));
#11632=CARTESIAN_POINT('Ctrl Pts',(-3.565999965888,0.831250706331,1.680834983727));
#11633=CARTESIAN_POINT('Ctrl Pts',(-3.553999966002,0.831250706331,1.680834983727));
#11634=CARTESIAN_POINT('Ctrl Pts',(-3.565999965888,0.785461122228,1.666375102968));
#11635=CARTESIAN_POINT('Ctrl Pts',(-3.553999966002,0.785461122228,1.666375102968));
#11636=CARTESIAN_POINT('Ctrl Pts',(-3.565999965888,0.74931144331,1.644685304808));
#11637=CARTESIAN_POINT('Ctrl Pts',(-3.553999966002,0.74931144331,1.644685304808));
#11638=CARTESIAN_POINT('',(-3.565999965888,0.74931144331,1.644685304808));
#11639=CARTESIAN_POINT('Ctrl Pts',(-3.565999965888,0.74931144331,1.644685304808));
#11640=CARTESIAN_POINT('Ctrl Pts',(-3.553999966002,0.74931144331,1.644685304808));
#11641=CARTESIAN_POINT('Ctrl Pts',(-3.565999965888,0.703521905173,1.779643977399));
#11642=CARTESIAN_POINT('Ctrl Pts',(-3.553999966002,0.703521905173,1.779643977399));
#11643=CARTESIAN_POINT('Ctrl Pts',(-3.565999965888,0.578202999869,1.876043121181));
#11644=CARTESIAN_POINT('Ctrl Pts',(-3.553999966002,0.578202999869,1.876043121181));
#11645=CARTESIAN_POINT('Ctrl Pts',(-3.565999965888,0.426374366797,1.876043121181));
#11646=CARTESIAN_POINT('Ctrl Pts',(-3.553999966002,0.426374366797,1.876043121181));
#11647=CARTESIAN_POINT('',(-3.565999965888,0.426374366797,1.876043121181));
#11648=CARTESIAN_POINT('Ctrl Pts',(-3.565999965888,0.426374366797,1.876043121181));
#11649=CARTESIAN_POINT('Ctrl Pts',(-3.553999966002,0.426374366797,1.876043121181));
#11650=CARTESIAN_POINT('Ctrl Pts',(-3.565999965888,0.252855889601,1.876043121181));
#11651=CARTESIAN_POINT('Ctrl Pts',(-3.553999966002,0.252855889601,1.876043121181));
#11652=CARTESIAN_POINT('Ctrl Pts',(-3.565999965888,0.108257173928,1.743494298479));
#11653=CARTESIAN_POINT('Ctrl Pts',(-3.553999966002,0.108257173928,1.743494298479));
#11654=CARTESIAN_POINT('Ctrl Pts',(-3.565999965888,0.08897736355805,1.57479579686));
#11655=CARTESIAN_POINT('Ctrl Pts',(-3.553999966002,0.08897736355805,1.57479579686));
#11656=CARTESIAN_POINT('',(-3.565999965888,0.08897736355805,1.57479579686));
#11657=CARTESIAN_POINT('Origin',(-3.565999965888,0.08897736355805,1.57479579686));
#11658=CARTESIAN_POINT('',(-3.565999965888,0.06969755318786,1.57479579686));
#11659=CARTESIAN_POINT('Ctrl Pts',(-3.565999965888,0.06969755318786,1.57479579686));
#11660=CARTESIAN_POINT('Ctrl Pts',(-3.553999966002,0.06969755318786,1.57479579686));
#11661=CARTESIAN_POINT('Ctrl Pts',(-3.565999965888,-0.03393150799187,1.57479579686));
#11662=CARTESIAN_POINT('Ctrl Pts',(-3.553999966002,-0.03393150799187,1.57479579686));
#11663=CARTESIAN_POINT('Ctrl Pts',(-3.565999965888,-0.118280758801,1.490446546051));
#11664=CARTESIAN_POINT('Ctrl Pts',(-3.553999966002,-0.118280758801,1.490446546051));
#11665=CARTESIAN_POINT('Ctrl Pts',(-3.565999965888,-0.118280758801,1.386817484871));
#11666=CARTESIAN_POINT('Ctrl Pts',(-3.553999966002,-0.118280758801,1.386817484871));
#11667=CARTESIAN_POINT('',(-3.565999965888,-0.118280758801,1.386817484871));
#11668=CARTESIAN_POINT('Ctrl Pts',(-3.565999965888,-0.118280758801,1.386817484871));
#11669=CARTESIAN_POINT('Ctrl Pts',(-3.553999966002,-0.118280758801,1.386817484871));
#11670=CARTESIAN_POINT('Ctrl Pts',(-3.565999965888,-0.118280758801,1.288008353299));
#11671=CARTESIAN_POINT('Ctrl Pts',(-3.553999966002,-0.118280758801,1.288008353299));
#11672=CARTESIAN_POINT('Ctrl Pts',(-3.565999965888,-0.04357145914251,1.206069090279));
#11673=CARTESIAN_POINT('Ctrl Pts',(-3.553999966002,-0.04357145914251,1.206069090279));
#11674=CARTESIAN_POINT('Ctrl Pts',(-3.565999965888,0.05523771839357,1.198839172882));
#11675=CARTESIAN_POINT('Ctrl Pts',(-3.553999966002,0.05523771839357,1.198839172882));
#11676=CARTESIAN_POINT('',(-3.565999965888,0.05523771839357,1.198839172882));
#11677=CARTESIAN_POINT('Origin',(-3.565999965888,0.05523771839357,1.198839172882));
#11678=CARTESIAN_POINT('',(-3.565999965888,0.163686755149,1.198839172882));
#11679=CARTESIAN_POINT('Ctrl Pts',(-3.565999965888,0.163686755149,1.198839172882));
#11680=CARTESIAN_POINT('Ctrl Pts',(-3.553999966002,0.163686755149,1.198839172882));
#11681=CARTESIAN_POINT('Ctrl Pts',(-3.565999965888,0.168506730725,1.198839172882));
#11682=CARTESIAN_POINT('Ctrl Pts',(-3.553999966002,0.168506730725,1.198839172882));
#11683=CARTESIAN_POINT('Ctrl Pts',(-3.565999965888,0.173326706301,1.201249114702));
#11684=CARTESIAN_POINT('Ctrl Pts',(-3.553999966002,0.173326706301,1.201249114702));
#11685=CARTESIAN_POINT('Ctrl Pts',(-3.565999965888,0.178146589943,1.201249114702));
#11686=CARTESIAN_POINT('Ctrl Pts',(-3.553999966002,0.178146589943,1.201249114702));
#11687=CARTESIAN_POINT('',(-3.565999965888,0.178146589943,1.201249114702));
#11688=CARTESIAN_POINT('Ctrl Pts',(-3.565999965888,0.178146589943,1.201249114702));
#11689=CARTESIAN_POINT('Ctrl Pts',(-3.553999966002,0.178146589943,1.201249114702));
#11690=CARTESIAN_POINT('Ctrl Pts',(-3.565999965888,0.219116244438,1.201249114702));
#11691=CARTESIAN_POINT('Ctrl Pts',(-3.553999966002,0.219116244438,1.201249114702));
#11692=CARTESIAN_POINT('Ctrl Pts',(-3.565999965888,0.252855889601,1.167509377606));
#11693=CARTESIAN_POINT('Ctrl Pts',(-3.553999966002,0.252855889601,1.167509377606));
#11694=CARTESIAN_POINT('Ctrl Pts',(-3.565999965888,0.252855889601,1.126539815045));
#11695=CARTESIAN_POINT('Ctrl Pts',(-3.553999966002,0.252855889601,1.126539815045));
#11696=CARTESIAN_POINT('',(-3.565999965888,0.252855889601,1.126539815045));
#11697=CARTESIAN_POINT('Ctrl Pts',(-3.565999965888,0.252855889601,1.126539815045));
#11698=CARTESIAN_POINT('Ctrl Pts',(-3.553999966002,0.252855889601,1.126539815045));
#11699=CARTESIAN_POINT('Ctrl Pts',(-3.565999965888,0.252855889601,1.087980194304));
#11700=CARTESIAN_POINT('Ctrl Pts',(-3.553999966002,0.252855889601,1.087980194304));
#11701=CARTESIAN_POINT('Ctrl Pts',(-3.565999965888,0.22152618626,1.054240457205));
#11702=CARTESIAN_POINT('Ctrl Pts',(-3.553999966002,0.22152618626,1.054240457205));
#11703=CARTESIAN_POINT('Ctrl Pts',(-3.565999965888,0.182966473586,1.051830515384));
#11704=CARTESIAN_POINT('Ctrl Pts',(-3.553999966002,0.182966473586,1.051830515384));
#11705=CARTESIAN_POINT('',(-3.565999965888,0.182966473586,1.051830515384));
#11706=CARTESIAN_POINT('Origin',(-3.565999965888,0.04800770906361,1.051830515384));
#11707=CARTESIAN_POINT('',(-3.565999965888,0.04077779166589,1.051830515384));
#11708=CARTESIAN_POINT('Ctrl Pts',(-3.565999965888,0.04077779166589,1.051830515384));
#11709=CARTESIAN_POINT('Ctrl Pts',(-3.553999966002,0.04077779166589,1.051830515384));
#11710=CARTESIAN_POINT('Ctrl Pts',(-3.565999965888,-0.04357145914251,1.059060432782));
#11711=CARTESIAN_POINT('Ctrl Pts',(-3.553999966002,-0.04357145914251,1.059060432782));
#11712=CARTESIAN_POINT('Ctrl Pts',(-3.565999965888,-0.120690792557,1.097620145456));
#11713=CARTESIAN_POINT('Ctrl Pts',(-3.553999966002,-0.120690792557,1.097620145456));
#11714=CARTESIAN_POINT('Ctrl Pts',(-3.565999965888,-0.178530223665,1.160279552141));
#11715=CARTESIAN_POINT('Ctrl Pts',(-3.553999966002,-0.178530223665,1.160279552141));
#11716=CARTESIAN_POINT('',(-3.565999965888,-0.178530223665,1.160279552141));
#11717=CARTESIAN_POINT('Ctrl Pts',(-3.565999965888,-0.178530223665,1.160279552141));
#11718=CARTESIAN_POINT('Ctrl Pts',(-3.553999966002,-0.178530223665,1.160279552141));
#11719=CARTESIAN_POINT('Ctrl Pts',(-3.565999965888,-0.236369746709,1.222938958827));
#11720=CARTESIAN_POINT('Ctrl Pts',(-3.553999966002,-0.236369746709,1.222938958827));
#11721=CARTESIAN_POINT('Ctrl Pts',(-3.565999965888,-0.267699450051,1.304878267815));
#11722=CARTESIAN_POINT('Ctrl Pts',(-3.553999966002,-0.267699450051,1.304878267815));
#11723=CARTESIAN_POINT('Ctrl Pts',(-3.565999965888,-0.267699450051,1.389227518625));
#11724=CARTESIAN_POINT('Ctrl Pts',(-3.553999966002,-0.267699450051,1.389227518625));
#11725=CARTESIAN_POINT('Ctrl Pts',(-3.565999965888,0.749311489277,1.037370496725));
#11726=CARTESIAN_POINT('Ctrl Pts',(-3.553999966002,0.749311489277,1.037370496725));
#11727=CARTESIAN_POINT('Ctrl Pts',(-3.565999965888,0.696291987777,1.037370496725));
#11728=CARTESIAN_POINT('Ctrl Pts',(-3.553999966002,0.696291987777,1.037370496725));
#11729=CARTESIAN_POINT('Ctrl Pts',(-3.565999965888,0.655322333282,1.080750184973));
#11730=CARTESIAN_POINT('Ctrl Pts',(-3.553999966002,0.655322333282,1.080750184973));
#11731=CARTESIAN_POINT('Ctrl Pts',(-3.565999965888,0.655322333282,1.131359698686));
#11732=CARTESIAN_POINT('Ctrl Pts',(-3.553999966002,0.655322333282,1.131359698686));
#11733=CARTESIAN_POINT('Ctrl Pts',(-3.565999965888,0.655322333282,1.184379246153));
#11734=CARTESIAN_POINT('Ctrl Pts',(-3.553999966002,0.655322333282,1.184379246153));
#11735=CARTESIAN_POINT('Ctrl Pts',(-3.565999965888,0.698701929597,1.225348900647));
#11736=CARTESIAN_POINT('Ctrl Pts',(-3.553999966002,0.698701929597,1.225348900647));
#11737=CARTESIAN_POINT('Ctrl Pts',(-3.565999965888,0.749311489277,1.225348900647));
#11738=CARTESIAN_POINT('Ctrl Pts',(-3.553999966002,0.749311489277,1.225348900647));
#11739=CARTESIAN_POINT('',(-3.555999965983,0.749311489277,1.037370496725));
#11740=CARTESIAN_POINT('',(-3.555999965983,0.749311489277,1.225348900647));
#11741=CARTESIAN_POINT('Ctrl Pts',(-3.555999965983,0.749311489277,1.037370496725));
#11742=CARTESIAN_POINT('Ctrl Pts',(-3.555999965983,0.696291987777,1.037370496725));
#11743=CARTESIAN_POINT('Ctrl Pts',(-3.555999965983,0.655322333282,1.080750184973));
#11744=CARTESIAN_POINT('Ctrl Pts',(-3.555999965983,0.655322333282,1.131359698686));
#11745=CARTESIAN_POINT('Ctrl Pts',(-3.555999965983,0.655322333282,1.184379246153));
#11746=CARTESIAN_POINT('Ctrl Pts',(-3.555999965983,0.698701929597,1.225348900647));
#11747=CARTESIAN_POINT('Ctrl Pts',(-3.555999965983,0.749311489277,1.225348900647));
#11748=CARTESIAN_POINT('',(-3.565999965888,0.749311489277,1.037370496725));
#11749=CARTESIAN_POINT('',(-3.565999965888,0.749311489277,1.225348900647));
#11750=CARTESIAN_POINT('Ctrl Pts',(-3.565999965888,0.749311489277,1.225348900647));
#11751=CARTESIAN_POINT('Ctrl Pts',(-3.553999966002,0.749311489277,1.225348900647));
#11752=CARTESIAN_POINT('Ctrl Pts',(-3.565999965888,0.799921048955,1.225348900647));
#11753=CARTESIAN_POINT('Ctrl Pts',(-3.553999966002,0.799921048955,1.225348900647));
#11754=CARTESIAN_POINT('Ctrl Pts',(-3.565999965888,0.843300645272,1.184379246153));
#11755=CARTESIAN_POINT('Ctrl Pts',(-3.553999966002,0.843300645272,1.184379246153));
#11756=CARTESIAN_POINT('Ctrl Pts',(-3.565999965888,0.843300645272,1.078340151219));
#11757=CARTESIAN_POINT('Ctrl Pts',(-3.553999966002,0.843300645272,1.078340151219));
#11758=CARTESIAN_POINT('Ctrl Pts',(-3.565999965888,0.799921048955,1.037370496725));
#11759=CARTESIAN_POINT('Ctrl Pts',(-3.553999966002,0.799921048955,1.037370496725));
#11760=CARTESIAN_POINT('Ctrl Pts',(-3.565999965888,0.749311489277,1.037370496725));
#11761=CARTESIAN_POINT('Ctrl Pts',(-3.553999966002,0.749311489277,1.037370496725));
#11762=CARTESIAN_POINT('Ctrl Pts',(-3.555999965983,0.749311489277,1.225348900647));
#11763=CARTESIAN_POINT('Ctrl Pts',(-3.555999965983,0.799921048955,1.225348900647));
#11764=CARTESIAN_POINT('Ctrl Pts',(-3.555999965983,0.843300645272,1.184379246153));
#11765=CARTESIAN_POINT('Ctrl Pts',(-3.555999965983,0.843300645272,1.078340151219));
#11766=CARTESIAN_POINT('Ctrl Pts',(-3.555999965983,0.799921048955,1.037370496725));
#11767=CARTESIAN_POINT('Ctrl Pts',(-3.555999965983,0.749311489277,1.037370496725));
#11768=CARTESIAN_POINT('Origin',(-3.555999965983,3.852651255485,1.834000129028));
#11769=CARTESIAN_POINT('',(0.127000254001,-7.747015494031,1.600028244856));
#11770=UNCERTAINTY_MEASURE_WITH_UNIT(LENGTH_MEASURE(0.01),#11776,
'DISTANCE_ACCURACY_VALUE',
'Maximum model space distance between geometric entities at asserted c
onnectivities');
#11771=UNCERTAINTY_MEASURE_WITH_UNIT(LENGTH_MEASURE(0.01),#11776,
'DISTANCE_ACCURACY_VALUE',
'Maximum model space distance between geometric entities at asserted c
onnectivities');
#11772=UNCERTAINTY_MEASURE_WITH_UNIT(LENGTH_MEASURE(0.01),#11776,
'DISTANCE_ACCURACY_VALUE',
'Maximum model space distance between geometric entities at asserted c
onnectivities');
#11773=(
GEOMETRIC_REPRESENTATION_CONTEXT(3)
GLOBAL_UNCERTAINTY_ASSIGNED_CONTEXT((#11770))
GLOBAL_UNIT_ASSIGNED_CONTEXT((#11776,#11778,#11779))
REPRESENTATION_CONTEXT('','3D')
);
#11774=(
GEOMETRIC_REPRESENTATION_CONTEXT(3)
GLOBAL_UNCERTAINTY_ASSIGNED_CONTEXT((#11771))
GLOBAL_UNIT_ASSIGNED_CONTEXT((#11776,#11778,#11779))
REPRESENTATION_CONTEXT('','3D')
);
#11775=(
GEOMETRIC_REPRESENTATION_CONTEXT(3)
GLOBAL_UNCERTAINTY_ASSIGNED_CONTEXT((#11772))
GLOBAL_UNIT_ASSIGNED_CONTEXT((#11776,#11778,#11779))
REPRESENTATION_CONTEXT('','3D')
);
#11776=(
LENGTH_UNIT()
NAMED_UNIT(*)
SI_UNIT(.MILLI.,.METRE.)
);
#11777=(
LENGTH_UNIT()
NAMED_UNIT(*)
SI_UNIT($,.METRE.)
);
#11778=(
NAMED_UNIT(*)
PLANE_ANGLE_UNIT()
SI_UNIT($,.RADIAN.)
);
#11779=(
NAMED_UNIT(*)
SI_UNIT($,.STERADIAN.)
SOLID_ANGLE_UNIT()
);
#11780=SHAPE_DEFINITION_REPRESENTATION(#11782,#11785);
#11781=SHAPE_DEFINITION_REPRESENTATION(#11783,#11786);
#11782=PRODUCT_DEFINITION_SHAPE('',$,#11788);
#11783=PRODUCT_DEFINITION_SHAPE('',$,#11789);
#11784=PRODUCT_DEFINITION_SHAPE($,$,#14);
#11785=SHAPE_REPRESENTATION('',(#6873,#7271),#11773);
#11786=SHAPE_REPRESENTATION('',(#6874),#11774);
#11787=PRODUCT_DEFINITION_CONTEXT('part definition',#11795,'design');
#11788=PRODUCT_DEFINITION('aZC3-PCBModel','(Unsaved)',#11790,#11787);
#11789=PRODUCT_DEFINITION('aZC3-SW1-SW-TH_1-1825027-4',
'aZC3-SW1-SW-TH_1-1825027-4',#11791,#11787);
#11790=PRODUCT_DEFINITION_FORMATION('',$,#11797);
#11791=PRODUCT_DEFINITION_FORMATION('',$,#11798);
#11792=PRODUCT_RELATED_PRODUCT_CATEGORY('(Unsaved)','(Unsaved)',(#11797));
#11793=PRODUCT_RELATED_PRODUCT_CATEGORY('aZC3-SW1-SW-TH_1-1825027-4',
'aZC3-SW1-SW-TH_1-1825027-4',(#11798));
#11794=APPLICATION_PROTOCOL_DEFINITION('international standard',
'automotive_design',2009,#11795);
#11795=APPLICATION_CONTEXT(
'Core Data for Automotive Mechanical Design Process');
#11796=PRODUCT_CONTEXT('part definition',#11795,'mechanical');
#11797=PRODUCT('aZC3-PCBModel','(Unsaved)','Designed by EasyEDA Pro',(#11796));
#11798=PRODUCT('aZC3-SW1-SW-TH_1-1825027-4',
'aZC3-SW1-SW-TH_1-1825027-4',$,(#11796));
#11799=PRESENTATION_STYLE_ASSIGNMENT((#11805));
#11800=PRESENTATION_STYLE_ASSIGNMENT((#11806));
#11801=PRESENTATION_STYLE_ASSIGNMENT((#11807));
#11802=PRESENTATION_STYLE_ASSIGNMENT((#11808));
#11803=PRESENTATION_STYLE_ASSIGNMENT((#11809));
#11804=PRESENTATION_STYLE_ASSIGNMENT((#11810));
#11805=SURFACE_STYLE_USAGE(.BOTH.,#11811);
#11806=SURFACE_STYLE_USAGE(.BOTH.,#11812);
#11807=SURFACE_STYLE_USAGE(.BOTH.,#11813);
#11808=SURFACE_STYLE_USAGE(.BOTH.,#11814);
#11809=SURFACE_STYLE_USAGE(.BOTH.,#11815);
#11810=SURFACE_STYLE_USAGE(.BOTH.,#11816);
#11811=SURFACE_SIDE_STYLE('',(#11817));
#11812=SURFACE_SIDE_STYLE('',(#11818));
#11813=SURFACE_SIDE_STYLE('',(#11819));
#11814=SURFACE_SIDE_STYLE('',(#11820));
#11815=SURFACE_SIDE_STYLE('',(#11821));
#11816=SURFACE_SIDE_STYLE('',(#11822));
#11817=SURFACE_STYLE_FILL_AREA(#11823);
#11818=SURFACE_STYLE_FILL_AREA(#11824);
#11819=SURFACE_STYLE_FILL_AREA(#11825);
#11820=SURFACE_STYLE_FILL_AREA(#11826);
#11821=SURFACE_STYLE_FILL_AREA(#11827);
#11822=SURFACE_STYLE_FILL_AREA(#11828);
#11823=FILL_AREA_STYLE('Steel - Satin',(#11829));
#11824=FILL_AREA_STYLE('Opaque(202,209,238)',(#11830));
#11825=FILL_AREA_STYLE('Opaque(192,192,192)',(#11831));
#11826=FILL_AREA_STYLE('Opaque(64,64,64)',(#11832));
#11827=FILL_AREA_STYLE('Opaque(255,255,255)',(#11833));
#11828=FILL_AREA_STYLE('Opaque(63,63,63)',(#11834));
#11829=FILL_AREA_STYLE_COLOUR('Steel - Satin',#11835);
#11830=FILL_AREA_STYLE_COLOUR('Opaque(202,209,238)',#11836);
#11831=FILL_AREA_STYLE_COLOUR('Opaque(192,192,192)',#11837);
#11832=FILL_AREA_STYLE_COLOUR('Opaque(64,64,64)',#11838);
#11833=FILL_AREA_STYLE_COLOUR('Opaque(255,255,255)',#11839);
#11834=FILL_AREA_STYLE_COLOUR('Opaque(63,63,63)',#11840);
#11835=COLOUR_RGB('Steel - Satin',0.627450980392157,0.627450980392157,0.627450980392157);
#11836=COLOUR_RGB('Opaque(202,209,238)',0.792156862745098,0.819607843137255,
0.933333333333333);
#11837=COLOUR_RGB('Opaque(192,192,192)',0.752941176470588,0.752941176470588,
0.752941176470588);
#11838=COLOUR_RGB('Opaque(64,64,64)',0.250980392156863,0.250980392156863,
0.250980392156863);
#11839=COLOUR_RGB('Opaque(255,255,255)',1.,1.,1.);
#11840=COLOUR_RGB('Opaque(63,63,63)',0.250980392156863,0.250980392156863,
0.250980392156863);
ENDSEC;
END-ISO-10303-21;
