ISO-10303-21;
HEADER;
FILE_DESCRIPTION(('Designed by EasyEDA Pro'),'2;1');
FILE_NAME('Open CASCADE Shape Model','2025-08-04T23:49:02',('Author'),(
    'Open CASCADE'),'Open CASCADE STEP processor 7.8','Open CASCADE 7.8'
  ,'Unknown');
FILE_SCHEMA(('AUTOMOTIVE_DESIGN { 1 0 10303 214 1 1 1 1 }'));
ENDSEC;
DATA;
#1 = APPLICATION_PROTOCOL_DEFINITION('international standard',
  'automotive_design',2000,#2);
#2 = APPLICATION_CONTEXT(
  'core data for automotive mechanical design processes');
#3 = SHAPE_DEFINITION_REPRESENTATION(#4,#10);
#4 = PRODUCT_DEFINITION_SHAPE('','',#5);
#5 = PRODUCT_DEFINITION('design','',#6,#9);
#6 = PRODUCT_DEFINITION_FORMATION('','',#7);
#7 = PRODUCT('aZC3-PCBModel','aZC3-PCBModel','',(#8));
#8 = PRODUCT_CONTEXT('',#2,'mechanical');
#9 = PRODUCT_DEFINITION_CONTEXT('part definition',#2,'design');
#10 = SHAPE_REPRESENTATION('',(#11,#15,#19,#23,#27,#31,#35),#39);
#11 = AXIS2_PLACEMENT_3D('',#12,#13,#14);
#12 = CARTESIAN_POINT('',(0.,0.,0.));
#13 = DIRECTION('',(0.,0.,1.));
#14 = DIRECTION('',(1.,0.,-0.));
#15 = AXIS2_PLACEMENT_3D('',#16,#17,#18);
#16 = CARTESIAN_POINT('',(0.,0.,1.610028244856));
#17 = DIRECTION('',(0.,0.,1.));
#18 = DIRECTION('',(1.,0.,-0.));
#19 = AXIS2_PLACEMENT_3D('',#20,#21,#22);
#20 = CARTESIAN_POINT('',(0.,0.,-1.E-02));
#21 = DIRECTION('',(0.,0.,1.));
#22 = DIRECTION('',(1.,0.,-0.));
#23 = AXIS2_PLACEMENT_3D('',#24,#25,#26);
#24 = CARTESIAN_POINT('',(0.,0.,0.));
#25 = DIRECTION('',(0.,0.,1.));
#26 = DIRECTION('',(1.,0.,-0.));
#27 = AXIS2_PLACEMENT_3D('',#28,#29,#30);
#28 = CARTESIAN_POINT('',(0.,0.,0.));
#29 = DIRECTION('',(0.,0.,1.));
#30 = DIRECTION('',(1.,0.,-0.));
#31 = AXIS2_PLACEMENT_3D('',#32,#33,#34);
#32 = CARTESIAN_POINT('',(0.,0.,0.));
#33 = DIRECTION('',(0.,0.,1.));
#34 = DIRECTION('',(1.,0.,-0.));
#35 = AXIS2_PLACEMENT_3D('',#36,#37,#38);
#36 = CARTESIAN_POINT('',(0.127000254001,-7.747015494031,1.600028244856)
  );
#37 = DIRECTION('',(0.,0.,1.));
#38 = DIRECTION('',(-1.,1.224646799147E-16,0.));
#39 = ( GEOMETRIC_REPRESENTATION_CONTEXT(3) 
GLOBAL_UNCERTAINTY_ASSIGNED_CONTEXT((#43)) GLOBAL_UNIT_ASSIGNED_CONTEXT(
(#40,#41,#42)) REPRESENTATION_CONTEXT('Context #1',
  '3D Context with UNIT and UNCERTAINTY') );
#40 = ( LENGTH_UNIT() NAMED_UNIT(*) SI_UNIT(.MILLI.,.METRE.) );
#41 = ( NAMED_UNIT(*) PLANE_ANGLE_UNIT() SI_UNIT($,.RADIAN.) );
#42 = ( NAMED_UNIT(*) SI_UNIT($,.STERADIAN.) SOLID_ANGLE_UNIT() );
#43 = UNCERTAINTY_MEASURE_WITH_UNIT(LENGTH_MEASURE(5.E-06),#40,
  'distance_accuracy_value','confusion accuracy');
#44 = PRODUCT_RELATED_PRODUCT_CATEGORY('part',$,(#7));
#45 = SHAPE_DEFINITION_REPRESENTATION(#46,#52);
#46 = PRODUCT_DEFINITION_SHAPE('','',#47);
#47 = PRODUCT_DEFINITION('design','',#48,#51);
#48 = PRODUCT_DEFINITION_FORMATION('','',#49);
#49 = PRODUCT('aZC3-TopTrack','aZC3-TopTrack','',(#50));
#50 = PRODUCT_CONTEXT('',#2,'mechanical');
#51 = PRODUCT_DEFINITION_CONTEXT('part definition',#2,'design');
#52 = SHAPE_REPRESENTATION('',(#11),#53);
#53 = ( GEOMETRIC_REPRESENTATION_CONTEXT(3) 
GLOBAL_UNCERTAINTY_ASSIGNED_CONTEXT((#57)) GLOBAL_UNIT_ASSIGNED_CONTEXT(
(#54,#55,#56)) REPRESENTATION_CONTEXT('Context #1',
  '3D Context with UNIT and UNCERTAINTY') );
#54 = ( LENGTH_UNIT() NAMED_UNIT(*) SI_UNIT(.MILLI.,.METRE.) );
#55 = ( NAMED_UNIT(*) PLANE_ANGLE_UNIT() SI_UNIT($,.RADIAN.) );
#56 = ( NAMED_UNIT(*) SI_UNIT($,.STERADIAN.) SOLID_ANGLE_UNIT() );
#57 = UNCERTAINTY_MEASURE_WITH_UNIT(LENGTH_MEASURE(1.E-07),#54,
  'distance_accuracy_value','confusion accuracy');
#58 = CONTEXT_DEPENDENT_SHAPE_REPRESENTATION(#59,#61);
#59 = ( REPRESENTATION_RELATIONSHIP('','',#52,#10) 
REPRESENTATION_RELATIONSHIP_WITH_TRANSFORMATION(#60) 
SHAPE_REPRESENTATION_RELATIONSHIP() );
#60 = ITEM_DEFINED_TRANSFORMATION('','',#11,#15);
#61 = PRODUCT_DEFINITION_SHAPE('Placement','Placement of an item',#62);
#62 = NEXT_ASSEMBLY_USAGE_OCCURRENCE('1','=>[0:1:1:2]','',#5,#47,$);
#63 = PRODUCT_RELATED_PRODUCT_CATEGORY('part',$,(#49));
#64 = SHAPE_DEFINITION_REPRESENTATION(#65,#71);
#65 = PRODUCT_DEFINITION_SHAPE('','',#66);
#66 = PRODUCT_DEFINITION('design','',#67,#70);
#67 = PRODUCT_DEFINITION_FORMATION('','',#68);
#68 = PRODUCT('aZC3-BottomTrack','aZC3-BottomTrack','',(#69));
#69 = PRODUCT_CONTEXT('',#2,'mechanical');
#70 = PRODUCT_DEFINITION_CONTEXT('part definition',#2,'design');
#71 = SHAPE_REPRESENTATION('',(#11),#72);
#72 = ( GEOMETRIC_REPRESENTATION_CONTEXT(3) 
GLOBAL_UNCERTAINTY_ASSIGNED_CONTEXT((#76)) GLOBAL_UNIT_ASSIGNED_CONTEXT(
(#73,#74,#75)) REPRESENTATION_CONTEXT('Context #1',
  '3D Context with UNIT and UNCERTAINTY') );
#73 = ( LENGTH_UNIT() NAMED_UNIT(*) SI_UNIT(.MILLI.,.METRE.) );
#74 = ( NAMED_UNIT(*) PLANE_ANGLE_UNIT() SI_UNIT($,.RADIAN.) );
#75 = ( NAMED_UNIT(*) SI_UNIT($,.STERADIAN.) SOLID_ANGLE_UNIT() );
#76 = UNCERTAINTY_MEASURE_WITH_UNIT(LENGTH_MEASURE(1.E-07),#73,
  'distance_accuracy_value','confusion accuracy');
#77 = CONTEXT_DEPENDENT_SHAPE_REPRESENTATION(#78,#80);
#78 = ( REPRESENTATION_RELATIONSHIP('','',#71,#10) 
REPRESENTATION_RELATIONSHIP_WITH_TRANSFORMATION(#79) 
SHAPE_REPRESENTATION_RELATIONSHIP() );
#79 = ITEM_DEFINED_TRANSFORMATION('','',#11,#19);
#80 = PRODUCT_DEFINITION_SHAPE('Placement','Placement of an item',#81);
#81 = NEXT_ASSEMBLY_USAGE_OCCURRENCE('2','=>[0:1:1:3]','',#5,#66,$);
#82 = PRODUCT_RELATED_PRODUCT_CATEGORY('part',$,(#68));
#83 = SHAPE_DEFINITION_REPRESENTATION(#84,#90);
#84 = PRODUCT_DEFINITION_SHAPE('','',#85);
#85 = PRODUCT_DEFINITION('design','',#86,#89);
#86 = PRODUCT_DEFINITION_FORMATION('','',#87);
#87 = PRODUCT('aZC3-Board','aZC3-Board','',(#88));
#88 = PRODUCT_CONTEXT('',#2,'mechanical');
#89 = PRODUCT_DEFINITION_CONTEXT('part definition',#2,'design');
#90 = ADVANCED_BREP_SHAPE_REPRESENTATION('',(#11,#91),#537);
#91 = MANIFOLD_SOLID_BREP('',#92);
#92 = CLOSED_SHELL('',(#93,#133,#164,#195,#217,#259,#283,#325,#349,#391,
    #415,#457,#481,#509));
#93 = ADVANCED_FACE('',(#94),#128,.T.);
#94 = FACE_BOUND('',#95,.T.);
#95 = EDGE_LOOP('',(#96,#106,#114,#122));
#96 = ORIENTED_EDGE('',*,*,#97,.T.);
#97 = EDGE_CURVE('',#98,#100,#102,.T.);
#98 = VERTEX_POINT('',#99);
#99 = CARTESIAN_POINT('',(4.6643002286,-4.872669545339,0.));
#100 = VERTEX_POINT('',#101);
#101 = CARTESIAN_POINT('',(4.6643002286,-4.872669545339,1.600028244856)
  );
#102 = LINE('',#103,#104);
#103 = CARTESIAN_POINT('',(4.6643002286,-4.872669545339,0.));
#104 = VECTOR('',#105,1.);
#105 = DIRECTION('',(0.,0.,1.));
#106 = ORIENTED_EDGE('',*,*,#107,.T.);
#107 = EDGE_CURVE('',#100,#108,#110,.T.);
#108 = VERTEX_POINT('',#109);
#109 = CARTESIAN_POINT('',(4.6643002286,-16.53129286258,1.600028244856)
  );
#110 = LINE('',#111,#112);
#111 = CARTESIAN_POINT('',(4.6643002286,-4.872669545339,1.600028244856)
  );
#112 = VECTOR('',#113,1.);
#113 = DIRECTION('',(7.618210105358E-17,-1.,0.));
#114 = ORIENTED_EDGE('',*,*,#115,.F.);
#115 = EDGE_CURVE('',#116,#108,#118,.T.);
#116 = VERTEX_POINT('',#117);
#117 = CARTESIAN_POINT('',(4.6643002286,-16.53129286258,0.));
#118 = LINE('',#119,#120);
#119 = CARTESIAN_POINT('',(4.6643002286,-16.53129286258,0.));
#120 = VECTOR('',#121,1.);
#121 = DIRECTION('',(0.,0.,1.));
#122 = ORIENTED_EDGE('',*,*,#123,.F.);
#123 = EDGE_CURVE('',#98,#116,#124,.T.);
#124 = LINE('',#125,#126);
#125 = CARTESIAN_POINT('',(4.6643002286,-4.872669545339,0.));
#126 = VECTOR('',#127,1.);
#127 = DIRECTION('',(7.618210105358E-17,-1.,0.));
#128 = PLANE('',#129);
#129 = AXIS2_PLACEMENT_3D('',#130,#131,#132);
#130 = CARTESIAN_POINT('',(4.6643002286,-4.872669545339,0.));
#131 = DIRECTION('',(1.,7.618210105358E-17,-0.));
#132 = DIRECTION('',(7.618210105358E-17,-1.,0.));
#133 = ADVANCED_FACE('',(#134),#159,.T.);
#134 = FACE_BOUND('',#135,.T.);
#135 = EDGE_LOOP('',(#136,#137,#145,#153));
#136 = ORIENTED_EDGE('',*,*,#115,.T.);
#137 = ORIENTED_EDGE('',*,*,#138,.T.);
#138 = EDGE_CURVE('',#108,#139,#141,.T.);
#139 = VERTEX_POINT('',#140);
#140 = CARTESIAN_POINT('',(-4.410299720599,-16.53129286258,
    1.600028244856));
#141 = LINE('',#142,#143);
#142 = CARTESIAN_POINT('',(4.6643002286,-16.53129286258,1.600028244856)
  );
#143 = VECTOR('',#144,1.);
#144 = DIRECTION('',(-1.,0.,0.));
#145 = ORIENTED_EDGE('',*,*,#146,.F.);
#146 = EDGE_CURVE('',#147,#139,#149,.T.);
#147 = VERTEX_POINT('',#148);
#148 = CARTESIAN_POINT('',(-4.410299720599,-16.53129286258,0.));
#149 = LINE('',#150,#151);
#150 = CARTESIAN_POINT('',(-4.410299720599,-16.53129286258,0.));
#151 = VECTOR('',#152,1.);
#152 = DIRECTION('',(0.,0.,1.));
#153 = ORIENTED_EDGE('',*,*,#154,.F.);
#154 = EDGE_CURVE('',#116,#147,#155,.T.);
#155 = LINE('',#156,#157);
#156 = CARTESIAN_POINT('',(4.6643002286,-16.53129286258,0.));
#157 = VECTOR('',#158,1.);
#158 = DIRECTION('',(-1.,0.,0.));
#159 = PLANE('',#160);
#160 = AXIS2_PLACEMENT_3D('',#161,#162,#163);
#161 = CARTESIAN_POINT('',(4.6643002286,-16.53129286258,0.));
#162 = DIRECTION('',(0.,-1.,0.));
#163 = DIRECTION('',(-1.,0.,0.));
#164 = ADVANCED_FACE('',(#165),#190,.T.);
#165 = FACE_BOUND('',#166,.T.);
#166 = EDGE_LOOP('',(#167,#168,#176,#184));
#167 = ORIENTED_EDGE('',*,*,#146,.T.);
#168 = ORIENTED_EDGE('',*,*,#169,.T.);
#169 = EDGE_CURVE('',#139,#170,#172,.T.);
#170 = VERTEX_POINT('',#171);
#171 = CARTESIAN_POINT('',(-4.410299720599,-4.872669545339,
    1.600028244856));
#172 = LINE('',#173,#174);
#173 = CARTESIAN_POINT('',(-4.410299720599,-16.53129286258,
    1.600028244856));
#174 = VECTOR('',#175,1.);
#175 = DIRECTION('',(0.,1.,0.));
#176 = ORIENTED_EDGE('',*,*,#177,.F.);
#177 = EDGE_CURVE('',#178,#170,#180,.T.);
#178 = VERTEX_POINT('',#179);
#179 = CARTESIAN_POINT('',(-4.410299720599,-4.872669545339,0.));
#180 = LINE('',#181,#182);
#181 = CARTESIAN_POINT('',(-4.410299720599,-4.872669545339,0.));
#182 = VECTOR('',#183,1.);
#183 = DIRECTION('',(0.,0.,1.));
#184 = ORIENTED_EDGE('',*,*,#185,.F.);
#185 = EDGE_CURVE('',#147,#178,#186,.T.);
#186 = LINE('',#187,#188);
#187 = CARTESIAN_POINT('',(-4.410299720599,-16.53129286258,0.));
#188 = VECTOR('',#189,1.);
#189 = DIRECTION('',(0.,1.,0.));
#190 = PLANE('',#191);
#191 = AXIS2_PLACEMENT_3D('',#192,#193,#194);
#192 = CARTESIAN_POINT('',(-4.410299720599,-16.53129286258,0.));
#193 = DIRECTION('',(-1.,0.,0.));
#194 = DIRECTION('',(0.,1.,0.));
#195 = ADVANCED_FACE('',(#196),#212,.T.);
#196 = FACE_BOUND('',#197,.T.);
#197 = EDGE_LOOP('',(#198,#199,#205,#206));
#198 = ORIENTED_EDGE('',*,*,#177,.T.);
#199 = ORIENTED_EDGE('',*,*,#200,.T.);
#200 = EDGE_CURVE('',#170,#100,#201,.T.);
#201 = LINE('',#202,#203);
#202 = CARTESIAN_POINT('',(-4.410299720599,-4.872669545339,
    1.600028244856));
#203 = VECTOR('',#204,1.);
#204 = DIRECTION('',(1.,0.,0.));
#205 = ORIENTED_EDGE('',*,*,#97,.F.);
#206 = ORIENTED_EDGE('',*,*,#207,.F.);
#207 = EDGE_CURVE('',#178,#98,#208,.T.);
#208 = LINE('',#209,#210);
#209 = CARTESIAN_POINT('',(-4.410299720599,-4.872669545339,0.));
#210 = VECTOR('',#211,1.);
#211 = DIRECTION('',(1.,0.,0.));
#212 = PLANE('',#213);
#213 = AXIS2_PLACEMENT_3D('',#214,#215,#216);
#214 = CARTESIAN_POINT('',(-4.410299720599,-4.872669545339,0.));
#215 = DIRECTION('',(0.,1.,0.));
#216 = DIRECTION('',(1.,0.,0.));
#217 = ADVANCED_FACE('',(#218),#254,.F.);
#218 = FACE_BOUND('',#219,.T.);
#219 = EDGE_LOOP('',(#220,#230,#239,#247));
#220 = ORIENTED_EDGE('',*,*,#221,.T.);
#221 = EDGE_CURVE('',#222,#224,#226,.T.);
#222 = VERTEX_POINT('',#223);
#223 = CARTESIAN_POINT('',(-2.72286004572,-6.497434594869,0.));
#224 = VERTEX_POINT('',#225);
#225 = CARTESIAN_POINT('',(-2.72286004572,-6.497434594869,1.600028244856
    ));
#226 = LINE('',#227,#228);
#227 = CARTESIAN_POINT('',(-2.72286004572,-6.497434594869,0.));
#228 = VECTOR('',#229,1.);
#229 = DIRECTION('',(0.,0.,1.));
#230 = ORIENTED_EDGE('',*,*,#231,.T.);
#231 = EDGE_CURVE('',#224,#232,#234,.T.);
#232 = VERTEX_POINT('',#233);
#233 = CARTESIAN_POINT('',(-4.022885445771,-6.497434594869,
    1.600028244856));
#234 = CIRCLE('',#235,0.650012700025);
#235 = AXIS2_PLACEMENT_3D('',#236,#237,#238);
#236 = CARTESIAN_POINT('',(-3.372872745745,-6.497434594869,
    1.600028244856));
#237 = DIRECTION('',(0.,0.,1.));
#238 = DIRECTION('',(1.,1.110223024625E-16,-0.));
#239 = ORIENTED_EDGE('',*,*,#240,.F.);
#240 = EDGE_CURVE('',#241,#232,#243,.T.);
#241 = VERTEX_POINT('',#242);
#242 = CARTESIAN_POINT('',(-4.022885445771,-6.497434594869,0.));
#243 = LINE('',#244,#245);
#244 = CARTESIAN_POINT('',(-4.022885445771,-6.497434594869,0.));
#245 = VECTOR('',#246,1.);
#246 = DIRECTION('',(0.,0.,1.));
#247 = ORIENTED_EDGE('',*,*,#248,.F.);
#248 = EDGE_CURVE('',#222,#241,#249,.T.);
#249 = CIRCLE('',#250,0.650012700025);
#250 = AXIS2_PLACEMENT_3D('',#251,#252,#253);
#251 = CARTESIAN_POINT('',(-3.372872745745,-6.497434594869,0.));
#252 = DIRECTION('',(0.,0.,1.));
#253 = DIRECTION('',(1.,1.110223024625E-16,-0.));
#254 = CYLINDRICAL_SURFACE('',#255,0.650012700025);
#255 = AXIS2_PLACEMENT_3D('',#256,#257,#258);
#256 = CARTESIAN_POINT('',(-3.372872745745,-6.497434594869,0.));
#257 = DIRECTION('',(-0.,-0.,-1.));
#258 = DIRECTION('',(1.,1.110223024625E-16,-0.));
#259 = ADVANCED_FACE('',(#260),#278,.F.);
#260 = FACE_BOUND('',#261,.T.);
#261 = EDGE_LOOP('',(#262,#263,#270,#271));
#262 = ORIENTED_EDGE('',*,*,#240,.T.);
#263 = ORIENTED_EDGE('',*,*,#264,.T.);
#264 = EDGE_CURVE('',#232,#224,#265,.T.);
#265 = CIRCLE('',#266,0.650012700025);
#266 = AXIS2_PLACEMENT_3D('',#267,#268,#269);
#267 = CARTESIAN_POINT('',(-3.372872745745,-6.497434594869,
    1.600028244856));
#268 = DIRECTION('',(0.,0.,1.));
#269 = DIRECTION('',(-1.,-1.110223024625E-16,0.));
#270 = ORIENTED_EDGE('',*,*,#221,.F.);
#271 = ORIENTED_EDGE('',*,*,#272,.F.);
#272 = EDGE_CURVE('',#241,#222,#273,.T.);
#273 = CIRCLE('',#274,0.650012700025);
#274 = AXIS2_PLACEMENT_3D('',#275,#276,#277);
#275 = CARTESIAN_POINT('',(-3.372872745745,-6.497434594869,0.));
#276 = DIRECTION('',(0.,0.,1.));
#277 = DIRECTION('',(-1.,-1.110223024625E-16,0.));
#278 = CYLINDRICAL_SURFACE('',#279,0.650012700025);
#279 = AXIS2_PLACEMENT_3D('',#280,#281,#282);
#280 = CARTESIAN_POINT('',(-3.372872745745,-6.497434594869,0.));
#281 = DIRECTION('',(-0.,-0.,-1.));
#282 = DIRECTION('',(-1.,-1.110223024625E-16,0.));
#283 = ADVANCED_FACE('',(#284),#320,.F.);
#284 = FACE_BOUND('',#285,.T.);
#285 = EDGE_LOOP('',(#286,#296,#305,#313));
#286 = ORIENTED_EDGE('',*,*,#287,.T.);
#287 = EDGE_CURVE('',#288,#290,#292,.T.);
#288 = VERTEX_POINT('',#289);
#289 = CARTESIAN_POINT('',(-1.622987045974,-8.997053594107,0.));
#290 = VERTEX_POINT('',#291);
#291 = CARTESIAN_POINT('',(-1.622987045974,-8.997053594107,
    1.600028244856));
#292 = LINE('',#293,#294);
#293 = CARTESIAN_POINT('',(-1.622987045974,-8.997053594107,0.));
#294 = VECTOR('',#295,1.);
#295 = DIRECTION('',(0.,0.,1.));
#296 = ORIENTED_EDGE('',*,*,#297,.T.);
#297 = EDGE_CURVE('',#290,#298,#300,.T.);
#298 = VERTEX_POINT('',#299);
#299 = CARTESIAN_POINT('',(-2.622987045974,-8.997053594107,
    1.600028244856));
#300 = CIRCLE('',#301,0.5);
#301 = AXIS2_PLACEMENT_3D('',#302,#303,#304);
#302 = CARTESIAN_POINT('',(-2.122987045974,-8.997053594107,
    1.600028244856));
#303 = DIRECTION('',(0.,0.,1.));
#304 = DIRECTION('',(1.,1.110223024625E-16,-0.));
#305 = ORIENTED_EDGE('',*,*,#306,.F.);
#306 = EDGE_CURVE('',#307,#298,#309,.T.);
#307 = VERTEX_POINT('',#308);
#308 = CARTESIAN_POINT('',(-2.622987045974,-8.997053594107,0.));
#309 = LINE('',#310,#311);
#310 = CARTESIAN_POINT('',(-2.622987045974,-8.997053594107,0.));
#311 = VECTOR('',#312,1.);
#312 = DIRECTION('',(0.,0.,1.));
#313 = ORIENTED_EDGE('',*,*,#314,.F.);
#314 = EDGE_CURVE('',#288,#307,#315,.T.);
#315 = CIRCLE('',#316,0.5);
#316 = AXIS2_PLACEMENT_3D('',#317,#318,#319);
#317 = CARTESIAN_POINT('',(-2.122987045974,-8.997053594107,0.));
#318 = DIRECTION('',(0.,0.,1.));
#319 = DIRECTION('',(1.,1.110223024625E-16,-0.));
#320 = CYLINDRICAL_SURFACE('',#321,0.5);
#321 = AXIS2_PLACEMENT_3D('',#322,#323,#324);
#322 = CARTESIAN_POINT('',(-2.122987045974,-8.997053594107,0.));
#323 = DIRECTION('',(-0.,-0.,-1.));
#324 = DIRECTION('',(1.,1.110223024625E-16,-0.));
#325 = ADVANCED_FACE('',(#326),#344,.F.);
#326 = FACE_BOUND('',#327,.T.);
#327 = EDGE_LOOP('',(#328,#329,#336,#337));
#328 = ORIENTED_EDGE('',*,*,#306,.T.);
#329 = ORIENTED_EDGE('',*,*,#330,.T.);
#330 = EDGE_CURVE('',#298,#290,#331,.T.);
#331 = CIRCLE('',#332,0.5);
#332 = AXIS2_PLACEMENT_3D('',#333,#334,#335);
#333 = CARTESIAN_POINT('',(-2.122987045974,-8.997053594107,
    1.600028244856));
#334 = DIRECTION('',(0.,0.,1.));
#335 = DIRECTION('',(-1.,-1.110223024625E-16,0.));
#336 = ORIENTED_EDGE('',*,*,#287,.F.);
#337 = ORIENTED_EDGE('',*,*,#338,.F.);
#338 = EDGE_CURVE('',#307,#288,#339,.T.);
#339 = CIRCLE('',#340,0.5);
#340 = AXIS2_PLACEMENT_3D('',#341,#342,#343);
#341 = CARTESIAN_POINT('',(-2.122987045974,-8.997053594107,0.));
#342 = DIRECTION('',(0.,0.,1.));
#343 = DIRECTION('',(-1.,-1.110223024625E-16,0.));
#344 = CYLINDRICAL_SURFACE('',#345,0.5);
#345 = AXIS2_PLACEMENT_3D('',#346,#347,#348);
#346 = CARTESIAN_POINT('',(-2.122987045974,-8.997053594107,0.));
#347 = DIRECTION('',(-0.,-0.,-1.));
#348 = DIRECTION('',(-1.,-1.110223024625E-16,0.));
#349 = ADVANCED_FACE('',(#350),#386,.F.);
#350 = FACE_BOUND('',#351,.T.);
#351 = EDGE_LOOP('',(#352,#362,#371,#379));
#352 = ORIENTED_EDGE('',*,*,#353,.T.);
#353 = EDGE_CURVE('',#354,#356,#358,.T.);
#354 = VERTEX_POINT('',#355);
#355 = CARTESIAN_POINT('',(2.876733553467,-8.997053594107,0.));
#356 = VERTEX_POINT('',#357);
#357 = CARTESIAN_POINT('',(2.876733553467,-8.997053594107,1.600028244856
    ));
#358 = LINE('',#359,#360);
#359 = CARTESIAN_POINT('',(2.876733553467,-8.997053594107,0.));
#360 = VECTOR('',#361,1.);
#361 = DIRECTION('',(0.,0.,1.));
#362 = ORIENTED_EDGE('',*,*,#363,.T.);
#363 = EDGE_CURVE('',#356,#364,#366,.T.);
#364 = VERTEX_POINT('',#365);
#365 = CARTESIAN_POINT('',(1.876733553467,-8.997053594107,1.600028244856
    ));
#366 = CIRCLE('',#367,0.5);
#367 = AXIS2_PLACEMENT_3D('',#368,#369,#370);
#368 = CARTESIAN_POINT('',(2.376733553467,-8.997053594107,1.600028244856
    ));
#369 = DIRECTION('',(0.,0.,1.));
#370 = DIRECTION('',(1.,1.110223024625E-16,-0.));
#371 = ORIENTED_EDGE('',*,*,#372,.F.);
#372 = EDGE_CURVE('',#373,#364,#375,.T.);
#373 = VERTEX_POINT('',#374);
#374 = CARTESIAN_POINT('',(1.876733553467,-8.997053594107,0.));
#375 = LINE('',#376,#377);
#376 = CARTESIAN_POINT('',(1.876733553467,-8.997053594107,0.));
#377 = VECTOR('',#378,1.);
#378 = DIRECTION('',(0.,0.,1.));
#379 = ORIENTED_EDGE('',*,*,#380,.F.);
#380 = EDGE_CURVE('',#354,#373,#381,.T.);
#381 = CIRCLE('',#382,0.5);
#382 = AXIS2_PLACEMENT_3D('',#383,#384,#385);
#383 = CARTESIAN_POINT('',(2.376733553467,-8.997053594107,0.));
#384 = DIRECTION('',(0.,0.,1.));
#385 = DIRECTION('',(1.,1.110223024625E-16,-0.));
#386 = CYLINDRICAL_SURFACE('',#387,0.5);
#387 = AXIS2_PLACEMENT_3D('',#388,#389,#390);
#388 = CARTESIAN_POINT('',(2.376733553467,-8.997053594107,0.));
#389 = DIRECTION('',(-0.,-0.,-1.));
#390 = DIRECTION('',(1.,1.110223024625E-16,-0.));
#391 = ADVANCED_FACE('',(#392),#410,.F.);
#392 = FACE_BOUND('',#393,.T.);
#393 = EDGE_LOOP('',(#394,#395,#402,#403));
#394 = ORIENTED_EDGE('',*,*,#372,.T.);
#395 = ORIENTED_EDGE('',*,*,#396,.T.);
#396 = EDGE_CURVE('',#364,#356,#397,.T.);
#397 = CIRCLE('',#398,0.5);
#398 = AXIS2_PLACEMENT_3D('',#399,#400,#401);
#399 = CARTESIAN_POINT('',(2.376733553467,-8.997053594107,1.600028244856
    ));
#400 = DIRECTION('',(0.,0.,1.));
#401 = DIRECTION('',(-1.,-1.110223024625E-16,0.));
#402 = ORIENTED_EDGE('',*,*,#353,.F.);
#403 = ORIENTED_EDGE('',*,*,#404,.F.);
#404 = EDGE_CURVE('',#373,#354,#405,.T.);
#405 = CIRCLE('',#406,0.5);
#406 = AXIS2_PLACEMENT_3D('',#407,#408,#409);
#407 = CARTESIAN_POINT('',(2.376733553467,-8.997053594107,0.));
#408 = DIRECTION('',(0.,0.,1.));
#409 = DIRECTION('',(-1.,-1.110223024625E-16,0.));
#410 = CYLINDRICAL_SURFACE('',#411,0.5);
#411 = AXIS2_PLACEMENT_3D('',#412,#413,#414);
#412 = CARTESIAN_POINT('',(2.376733553467,-8.997053594107,0.));
#413 = DIRECTION('',(-0.,-0.,-1.));
#414 = DIRECTION('',(-1.,-1.110223024625E-16,0.));
#415 = ADVANCED_FACE('',(#416),#452,.F.);
#416 = FACE_BOUND('',#417,.T.);
#417 = EDGE_LOOP('',(#418,#428,#437,#445));
#418 = ORIENTED_EDGE('',*,*,#419,.T.);
#419 = EDGE_CURVE('',#420,#422,#424,.T.);
#420 = VERTEX_POINT('',#421);
#421 = CARTESIAN_POINT('',(4.27713995428,-6.497434594869,0.));
#422 = VERTEX_POINT('',#423);
#423 = CARTESIAN_POINT('',(4.27713995428,-6.497434594869,1.600028244856)
  );
#424 = LINE('',#425,#426);
#425 = CARTESIAN_POINT('',(4.27713995428,-6.497434594869,0.));
#426 = VECTOR('',#427,1.);
#427 = DIRECTION('',(0.,0.,1.));
#428 = ORIENTED_EDGE('',*,*,#429,.T.);
#429 = EDGE_CURVE('',#422,#430,#432,.T.);
#430 = VERTEX_POINT('',#431);
#431 = CARTESIAN_POINT('',(2.977114554229,-6.497434594869,1.600028244856
    ));
#432 = CIRCLE('',#433,0.650012700025);
#433 = AXIS2_PLACEMENT_3D('',#434,#435,#436);
#434 = CARTESIAN_POINT('',(3.627127254255,-6.497434594869,1.600028244856
    ));
#435 = DIRECTION('',(0.,0.,1.));
#436 = DIRECTION('',(1.,1.110223024625E-16,-0.));
#437 = ORIENTED_EDGE('',*,*,#438,.F.);
#438 = EDGE_CURVE('',#439,#430,#441,.T.);
#439 = VERTEX_POINT('',#440);
#440 = CARTESIAN_POINT('',(2.977114554229,-6.497434594869,0.));
#441 = LINE('',#442,#443);
#442 = CARTESIAN_POINT('',(2.977114554229,-6.497434594869,0.));
#443 = VECTOR('',#444,1.);
#444 = DIRECTION('',(0.,0.,1.));
#445 = ORIENTED_EDGE('',*,*,#446,.F.);
#446 = EDGE_CURVE('',#420,#439,#447,.T.);
#447 = CIRCLE('',#448,0.650012700025);
#448 = AXIS2_PLACEMENT_3D('',#449,#450,#451);
#449 = CARTESIAN_POINT('',(3.627127254255,-6.497434594869,0.));
#450 = DIRECTION('',(0.,0.,1.));
#451 = DIRECTION('',(1.,1.110223024625E-16,-0.));
#452 = CYLINDRICAL_SURFACE('',#453,0.650012700025);
#453 = AXIS2_PLACEMENT_3D('',#454,#455,#456);
#454 = CARTESIAN_POINT('',(3.627127254255,-6.497434594869,0.));
#455 = DIRECTION('',(-0.,-0.,-1.));
#456 = DIRECTION('',(1.,1.110223024625E-16,-0.));
#457 = ADVANCED_FACE('',(#458),#476,.F.);
#458 = FACE_BOUND('',#459,.T.);
#459 = EDGE_LOOP('',(#460,#461,#468,#469));
#460 = ORIENTED_EDGE('',*,*,#438,.T.);
#461 = ORIENTED_EDGE('',*,*,#462,.T.);
#462 = EDGE_CURVE('',#430,#422,#463,.T.);
#463 = CIRCLE('',#464,0.650012700025);
#464 = AXIS2_PLACEMENT_3D('',#465,#466,#467);
#465 = CARTESIAN_POINT('',(3.627127254255,-6.497434594869,1.600028244856
    ));
#466 = DIRECTION('',(0.,0.,1.));
#467 = DIRECTION('',(-1.,-1.110223024625E-16,0.));
#468 = ORIENTED_EDGE('',*,*,#419,.F.);
#469 = ORIENTED_EDGE('',*,*,#470,.F.);
#470 = EDGE_CURVE('',#439,#420,#471,.T.);
#471 = CIRCLE('',#472,0.650012700025);
#472 = AXIS2_PLACEMENT_3D('',#473,#474,#475);
#473 = CARTESIAN_POINT('',(3.627127254255,-6.497434594869,0.));
#474 = DIRECTION('',(0.,0.,1.));
#475 = DIRECTION('',(-1.,-1.110223024625E-16,0.));
#476 = CYLINDRICAL_SURFACE('',#477,0.650012700025);
#477 = AXIS2_PLACEMENT_3D('',#478,#479,#480);
#478 = CARTESIAN_POINT('',(3.627127254255,-6.497434594869,0.));
#479 = DIRECTION('',(-0.,-0.,-1.));
#480 = DIRECTION('',(-1.,-1.110223024625E-16,0.));
#481 = ADVANCED_FACE('',(#482,#488,#492,#496,#500),#504,.T.);
#482 = FACE_BOUND('',#483,.T.);
#483 = EDGE_LOOP('',(#484,#485,#486,#487));
#484 = ORIENTED_EDGE('',*,*,#123,.T.);
#485 = ORIENTED_EDGE('',*,*,#154,.T.);
#486 = ORIENTED_EDGE('',*,*,#185,.T.);
#487 = ORIENTED_EDGE('',*,*,#207,.T.);
#488 = FACE_BOUND('',#489,.T.);
#489 = EDGE_LOOP('',(#490,#491));
#490 = ORIENTED_EDGE('',*,*,#248,.T.);
#491 = ORIENTED_EDGE('',*,*,#272,.T.);
#492 = FACE_BOUND('',#493,.T.);
#493 = EDGE_LOOP('',(#494,#495));
#494 = ORIENTED_EDGE('',*,*,#314,.T.);
#495 = ORIENTED_EDGE('',*,*,#338,.T.);
#496 = FACE_BOUND('',#497,.T.);
#497 = EDGE_LOOP('',(#498,#499));
#498 = ORIENTED_EDGE('',*,*,#380,.T.);
#499 = ORIENTED_EDGE('',*,*,#404,.T.);
#500 = FACE_BOUND('',#501,.T.);
#501 = EDGE_LOOP('',(#502,#503));
#502 = ORIENTED_EDGE('',*,*,#446,.T.);
#503 = ORIENTED_EDGE('',*,*,#470,.T.);
#504 = PLANE('',#505);
#505 = AXIS2_PLACEMENT_3D('',#506,#507,#508);
#506 = CARTESIAN_POINT('',(0.127000254001,-10.70198120396,0.));
#507 = DIRECTION('',(-0.,-0.,-1.));
#508 = DIRECTION('',(-1.,0.,0.));
#509 = ADVANCED_FACE('',(#510,#516,#520,#524,#528),#532,.F.);
#510 = FACE_BOUND('',#511,.F.);
#511 = EDGE_LOOP('',(#512,#513,#514,#515));
#512 = ORIENTED_EDGE('',*,*,#107,.T.);
#513 = ORIENTED_EDGE('',*,*,#138,.T.);
#514 = ORIENTED_EDGE('',*,*,#169,.T.);
#515 = ORIENTED_EDGE('',*,*,#200,.T.);
#516 = FACE_BOUND('',#517,.F.);
#517 = EDGE_LOOP('',(#518,#519));
#518 = ORIENTED_EDGE('',*,*,#231,.T.);
#519 = ORIENTED_EDGE('',*,*,#264,.T.);
#520 = FACE_BOUND('',#521,.F.);
#521 = EDGE_LOOP('',(#522,#523));
#522 = ORIENTED_EDGE('',*,*,#297,.T.);
#523 = ORIENTED_EDGE('',*,*,#330,.T.);
#524 = FACE_BOUND('',#525,.F.);
#525 = EDGE_LOOP('',(#526,#527));
#526 = ORIENTED_EDGE('',*,*,#363,.T.);
#527 = ORIENTED_EDGE('',*,*,#396,.T.);
#528 = FACE_BOUND('',#529,.F.);
#529 = EDGE_LOOP('',(#530,#531));
#530 = ORIENTED_EDGE('',*,*,#429,.T.);
#531 = ORIENTED_EDGE('',*,*,#462,.T.);
#532 = PLANE('',#533);
#533 = AXIS2_PLACEMENT_3D('',#534,#535,#536);
#534 = CARTESIAN_POINT('',(0.127000254001,-10.70198120396,1.600028244856
    ));
#535 = DIRECTION('',(-0.,-0.,-1.));
#536 = DIRECTION('',(-1.,0.,0.));
#537 = ( GEOMETRIC_REPRESENTATION_CONTEXT(3) 
GLOBAL_UNCERTAINTY_ASSIGNED_CONTEXT((#541)) GLOBAL_UNIT_ASSIGNED_CONTEXT
((#538,#539,#540)) REPRESENTATION_CONTEXT('Context #1',
  '3D Context with UNIT and UNCERTAINTY') );
#538 = ( LENGTH_UNIT() NAMED_UNIT(*) SI_UNIT(.MILLI.,.METRE.) );
#539 = ( NAMED_UNIT(*) PLANE_ANGLE_UNIT() SI_UNIT($,.RADIAN.) );
#540 = ( NAMED_UNIT(*) SI_UNIT($,.STERADIAN.) SOLID_ANGLE_UNIT() );
#541 = UNCERTAINTY_MEASURE_WITH_UNIT(LENGTH_MEASURE(1.E-07),#538,
  'distance_accuracy_value','confusion accuracy');
#542 = CONTEXT_DEPENDENT_SHAPE_REPRESENTATION(#543,#545);
#543 = ( REPRESENTATION_RELATIONSHIP('','',#90,#10) 
REPRESENTATION_RELATIONSHIP_WITH_TRANSFORMATION(#544) 
SHAPE_REPRESENTATION_RELATIONSHIP() );
#544 = ITEM_DEFINED_TRANSFORMATION('','',#11,#23);
#545 = PRODUCT_DEFINITION_SHAPE('Placement','Placement of an item',#546
  );
#546 = NEXT_ASSEMBLY_USAGE_OCCURRENCE('3','=>[0:1:1:4]','',#5,#85,$);
#547 = PRODUCT_RELATED_PRODUCT_CATEGORY('part',$,(#87));
#548 = SHAPE_DEFINITION_REPRESENTATION(#549,#555);
#549 = PRODUCT_DEFINITION_SHAPE('','',#550);
#550 = PRODUCT_DEFINITION('design','',#551,#554);
#551 = PRODUCT_DEFINITION_FORMATION('','',#552);
#552 = PRODUCT('aZC3-Top FPC Stiffener','aZC3-Top FPC Stiffener','',(
    #553));
#553 = PRODUCT_CONTEXT('',#2,'mechanical');
#554 = PRODUCT_DEFINITION_CONTEXT('part definition',#2,'design');
#555 = SHAPE_REPRESENTATION('',(#11),#556);
#556 = ( GEOMETRIC_REPRESENTATION_CONTEXT(3) 
GLOBAL_UNCERTAINTY_ASSIGNED_CONTEXT((#560)) GLOBAL_UNIT_ASSIGNED_CONTEXT
((#557,#558,#559)) REPRESENTATION_CONTEXT('Context #1',
  '3D Context with UNIT and UNCERTAINTY') );
#557 = ( LENGTH_UNIT() NAMED_UNIT(*) SI_UNIT(.MILLI.,.METRE.) );
#558 = ( NAMED_UNIT(*) PLANE_ANGLE_UNIT() SI_UNIT($,.RADIAN.) );
#559 = ( NAMED_UNIT(*) SI_UNIT($,.STERADIAN.) SOLID_ANGLE_UNIT() );
#560 = UNCERTAINTY_MEASURE_WITH_UNIT(LENGTH_MEASURE(1.E-07),#557,
  'distance_accuracy_value','confusion accuracy');
#561 = CONTEXT_DEPENDENT_SHAPE_REPRESENTATION(#562,#564);
#562 = ( REPRESENTATION_RELATIONSHIP('','',#555,#10) 
REPRESENTATION_RELATIONSHIP_WITH_TRANSFORMATION(#563) 
SHAPE_REPRESENTATION_RELATIONSHIP() );
#563 = ITEM_DEFINED_TRANSFORMATION('','',#11,#27);
#564 = PRODUCT_DEFINITION_SHAPE('Placement','Placement of an item',#565
  );
#565 = NEXT_ASSEMBLY_USAGE_OCCURRENCE('4','=>[0:1:1:5]','',#5,#550,$);
#566 = PRODUCT_RELATED_PRODUCT_CATEGORY('part',$,(#552));
#567 = SHAPE_DEFINITION_REPRESENTATION(#568,#574);
#568 = PRODUCT_DEFINITION_SHAPE('','',#569);
#569 = PRODUCT_DEFINITION('design','',#570,#573);
#570 = PRODUCT_DEFINITION_FORMATION('','',#571);
#571 = PRODUCT('aZC3-Bot FPC Stiffener','aZC3-Bot FPC Stiffener','',(
    #572));
#572 = PRODUCT_CONTEXT('',#2,'mechanical');
#573 = PRODUCT_DEFINITION_CONTEXT('part definition',#2,'design');
#574 = SHAPE_REPRESENTATION('',(#11),#575);
#575 = ( GEOMETRIC_REPRESENTATION_CONTEXT(3) 
GLOBAL_UNCERTAINTY_ASSIGNED_CONTEXT((#579)) GLOBAL_UNIT_ASSIGNED_CONTEXT
((#576,#577,#578)) REPRESENTATION_CONTEXT('Context #1',
  '3D Context with UNIT and UNCERTAINTY') );
#576 = ( LENGTH_UNIT() NAMED_UNIT(*) SI_UNIT(.MILLI.,.METRE.) );
#577 = ( NAMED_UNIT(*) PLANE_ANGLE_UNIT() SI_UNIT($,.RADIAN.) );
#578 = ( NAMED_UNIT(*) SI_UNIT($,.STERADIAN.) SOLID_ANGLE_UNIT() );
#579 = UNCERTAINTY_MEASURE_WITH_UNIT(LENGTH_MEASURE(1.E-07),#576,
  'distance_accuracy_value','confusion accuracy');
#580 = CONTEXT_DEPENDENT_SHAPE_REPRESENTATION(#581,#583);
#581 = ( REPRESENTATION_RELATIONSHIP('','',#574,#10) 
REPRESENTATION_RELATIONSHIP_WITH_TRANSFORMATION(#582) 
SHAPE_REPRESENTATION_RELATIONSHIP() );
#582 = ITEM_DEFINED_TRANSFORMATION('','',#11,#31);
#583 = PRODUCT_DEFINITION_SHAPE('Placement','Placement of an item',#584
  );
#584 = NEXT_ASSEMBLY_USAGE_OCCURRENCE('5','=>[0:1:1:6]','',#5,#569,$);
#585 = PRODUCT_RELATED_PRODUCT_CATEGORY('part',$,(#571));
#586 = SHAPE_DEFINITION_REPRESENTATION(#587,#593);
#587 = PRODUCT_DEFINITION_SHAPE('','',#588);
#588 = PRODUCT_DEFINITION('design','',#589,#592);
#589 = PRODUCT_DEFINITION_FORMATION('','',#590);
#590 = PRODUCT('aZC3-SW1-SW-TH_1-1825027-4','aZC3-SW1-SW-TH_1-1825027-4'
  ,'',(#591));
#591 = PRODUCT_CONTEXT('',#2,'mechanical');
#592 = PRODUCT_DEFINITION_CONTEXT('part definition',#2,'design');
#593 = ADVANCED_BREP_SHAPE_REPRESENTATION('',(#11,#594),#12264);
#594 = MANIFOLD_SOLID_BREP('',#595);
#595 = CLOSED_SHELL('',(#596,#2233,#2273,#2313,#2344,#2375,#2474,#2537,
    #2577,#2608,#2648,#2688,#2719,#2750,#2774,#2798,#2822,#2846,#2870,
    #2928,#2953,#2987,#3036,#3058,#3091,#3115,#3148,#3173,#3197,#3221,
    #3246,#3270,#3294,#3318,#3359,#3409,#3440,#3480,#3511,#3551,#3582,
    #3606,#3637,#3661,#3685,#3709,#3740,#3790,#3830,#3861,#3892,#3925,
    #3956,#3987,#4020,#4078,#4103,#4137,#4186,#4217,#4255,#4279,#4319,
    #4350,#4381,#4412,#4443,#4474,#4505,#4568,#4608,#4649,#4667,#4723,
    #4757,#4798,#4823,#4869,#4943,#5010,#5042,#5060,#5087,#5123,#5157,
    #5170,#5188,#5201,#5218,#5253,#5272,#5314,#5338,#5372,#5390,#5432,
    #5456,#5490,#5508,#5550,#5584,#5626,#5650,#5684,#5702,#5712,#5722,
    #5738,#5748,#5766,#5784,#5810,#5844,#5862,#5894,#5912,#5952,#5981,
    #6010,#6027,#6041,#6060,#6074,#6093,#6107,#6119,#6131,#6143,#6155,
    #6186,#6210,#6234,#6258,#6282,#6299,#6313,#6349,#6373,#6402,#6431,
    #6460,#6489,#6518,#6547,#6571,#6600,#6629,#6658,#6687,#6709,#6731,
    #6762,#6786,#6810,#6834,#6858,#6882,#6906,#6930,#6954,#6978,#7002,
    #7019,#7039,#7169,#7191,#7212,#7233,#7254,#7275,#7292,#7304,#7335,
    #7359,#7383,#7412,#7441,#7470,#7492,#7507,#7631,#7653,#7670,#7687,
    #7704,#7721,#7738,#7755,#7767,#7798,#7822,#7851,#7875,#7904,#7921,
    #7935,#7966,#7990,#8014,#8038,#8062,#8086,#8110,#8134,#8158,#8182,
    #8206,#8223,#8243,#8443,#8469,#8486,#8507,#8528,#8545,#8566,#8587,
    #8608,#8629,#8646,#8663,#8680,#8697,#8713,#8749,#8778,#8807,#8836,
    #8865,#8894,#8918,#8935,#8951,#8987,#9011,#9040,#9069,#9098,#9127,
    #9156,#9185,#9214,#9243,#9272,#9301,#9325,#9354,#9383,#9412,#9441,
    #9470,#9499,#9528,#9550,#9579,#9610,#9634,#9663,#9687,#9711,#9735,
    #9759,#9783,#9807,#9836,#9865,#9889,#9918,#9947,#9964,#9987,#10018,
    #10042,#10066,#10090,#10114,#10138,#10162,#10186,#10210,#10234,
    #10258,#10275,#10295,#10425,#10447,#10468,#10489,#10510,#10531,
    #10548,#10560,#10591,#10615,#10639,#10668,#10697,#10726,#10748,
    #10763,#10887,#10909,#10926,#10943,#10960,#10977,#10994,#11011,
    #11023,#11054,#11078,#11107,#11131,#11160,#11177,#11191,#11516,
    #11542,#11563,#11584,#11605,#11626,#11647,#11668,#11689,#11710,
    #11731,#11752,#11773,#11790,#11807,#11824,#11841,#11862,#11883,
    #11904,#11925,#11946,#11967,#11988,#12005,#12026,#12047,#12064,
    #12085,#12106,#12127,#12144,#12165,#12181,#12226,#12254));
#596 = ADVANCED_FACE('',(#597,#663,#761,#888,#1077,#1199,#1261,#1434,
    #1484,#1610,#1708,#1774,#1872,#1934),#2228,.T.);
#597 = FACE_BOUND('',#598,.T.);
#598 = EDGE_LOOP('',(#599,#609,#617,#625,#633,#641,#649,#657));
#599 = ORIENTED_EDGE('',*,*,#600,.F.);
#600 = EDGE_CURVE('',#601,#603,#605,.T.);
#601 = VERTEX_POINT('',#602);
#602 = CARTESIAN_POINT('',(-3.555999965983,-2.201029817292,
    1.391967165254));
#603 = VERTEX_POINT('',#604);
#604 = CARTESIAN_POINT('',(-3.555999965983,-2.154240711503,
    1.391967165254));
#605 = LINE('',#606,#607);
#606 = CARTESIAN_POINT('',(-3.555999965983,-2.154240711503,
    1.391967165254));
#607 = VECTOR('',#608,1.);
#608 = DIRECTION('',(1.224646799147E-16,1.,-2.317210692181E-15));
#609 = ORIENTED_EDGE('',*,*,#610,.F.);
#610 = EDGE_CURVE('',#611,#601,#613,.T.);
#611 = VERTEX_POINT('',#612);
#612 = CARTESIAN_POINT('',(-3.555999965983,-2.330133090665,
    1.053006087777));
#613 = LINE('',#614,#615);
#614 = CARTESIAN_POINT('',(-3.555999965983,-2.201029817292,
    1.391967165254));
#615 = VECTOR('',#616,1.);
#616 = DIRECTION('',(4.358955455449E-17,0.355935724364,0.934510438744));
#617 = ORIENTED_EDGE('',*,*,#618,.F.);
#618 = EDGE_CURVE('',#619,#611,#621,.T.);
#619 = VERTEX_POINT('',#620);
#620 = CARTESIAN_POINT('',(-3.555999965983,-2.281784348021,
    1.053006087777));
#621 = LINE('',#622,#623);
#622 = CARTESIAN_POINT('',(-3.555999965983,-2.330133090665,
    1.053006087777));
#623 = VECTOR('',#624,1.);
#624 = DIRECTION('',(-1.224646799147E-16,-1.,3.363692940552E-15));
#625 = ORIENTED_EDGE('',*,*,#626,.F.);
#626 = EDGE_CURVE('',#627,#619,#629,.T.);
#627 = VERTEX_POINT('',#628);
#628 = CARTESIAN_POINT('',(-3.555999965983,-2.247212397632,
    1.145717834427));
#629 = LINE('',#630,#631);
#630 = CARTESIAN_POINT('',(-3.555999965983,-2.281784348021,
    1.053006087777));
#631 = VECTOR('',#632,1.);
#632 = DIRECTION('',(-4.278860556029E-17,-0.349395479497,-0.936975345944
    ));
#633 = ORIENTED_EDGE('',*,*,#634,.F.);
#634 = EDGE_CURVE('',#635,#627,#637,.T.);
#635 = VERTEX_POINT('',#636);
#636 = CARTESIAN_POINT('',(-3.555999965983,-2.106065261841,
    1.145717834427));
#637 = LINE('',#638,#639);
#638 = CARTESIAN_POINT('',(-3.555999965983,-2.247212397632,
    1.145717834427));
#639 = VECTOR('',#640,1.);
#640 = DIRECTION('',(-1.224646799147E-16,-1.,3.45661263488E-15));
#641 = ORIENTED_EDGE('',*,*,#642,.F.);
#642 = EDGE_CURVE('',#643,#635,#645,.T.);
#643 = VERTEX_POINT('',#644);
#644 = CARTESIAN_POINT('',(-3.555999965983,-2.073486180775,
    1.053006087777));
#645 = LINE('',#646,#647);
#646 = CARTESIAN_POINT('',(-3.555999965983,-2.106065261841,
    1.145717834427));
#647 = VECTOR('',#648,1.);
#648 = DIRECTION('',(-4.060052163681E-17,-0.331528418358,0.94344523308)
  );
#649 = ORIENTED_EDGE('',*,*,#650,.F.);
#650 = EDGE_CURVE('',#651,#643,#653,.T.);
#651 = VERTEX_POINT('',#652);
#652 = CARTESIAN_POINT('',(-3.555999965983,-2.025137438128,
    1.053006087777));
#653 = LINE('',#654,#655);
#654 = CARTESIAN_POINT('',(-3.555999965983,-2.073486180775,
    1.053006087777));
#655 = VECTOR('',#656,1.);
#656 = DIRECTION('',(-1.224646799147E-16,-1.,3.363692940391E-15));
#657 = ORIENTED_EDGE('',*,*,#658,.F.);
#658 = EDGE_CURVE('',#603,#651,#659,.T.);
#659 = LINE('',#660,#661);
#660 = CARTESIAN_POINT('',(-3.555999965983,-2.025137438128,
    1.053006087777));
#661 = VECTOR('',#662,1.);
#662 = DIRECTION('',(4.358955455518E-17,0.35593572437,-0.934510438742));
#663 = FACE_BOUND('',#664,.T.);
#664 = EDGE_LOOP('',(#665,#675,#683,#691,#699,#707,#715,#723,#731,#739,
    #747,#755));
#665 = ORIENTED_EDGE('',*,*,#666,.F.);
#666 = EDGE_CURVE('',#667,#669,#671,.T.);
#667 = VERTEX_POINT('',#668);
#668 = CARTESIAN_POINT('',(-3.555999965983,-1.666334313941,
    1.091650423297));
#669 = VERTEX_POINT('',#670);
#670 = CARTESIAN_POINT('',(-3.555999965983,-1.527786572917,
    1.091650423297));
#671 = LINE('',#672,#673);
#672 = CARTESIAN_POINT('',(-3.555999965983,-1.527786572917,
    1.091650423297));
#673 = VECTOR('',#674,1.);
#674 = DIRECTION('',(1.224646799147E-16,1.,-3.325827729097E-15));
#675 = ORIENTED_EDGE('',*,*,#676,.F.);
#676 = EDGE_CURVE('',#677,#667,#679,.T.);
#677 = VERTEX_POINT('',#678);
#678 = CARTESIAN_POINT('',(-3.555999965983,-1.666334313941,
    1.053006087777));
#679 = LINE('',#680,#681);
#680 = CARTESIAN_POINT('',(-3.555999965983,-1.666334313941,
    1.091650423297));
#681 = VECTOR('',#682,1.);
#682 = DIRECTION('',(0.,0.,1.));
#683 = ORIENTED_EDGE('',*,*,#684,.F.);
#684 = EDGE_CURVE('',#685,#677,#687,.T.);
#685 = VERTEX_POINT('',#686);
#686 = CARTESIAN_POINT('',(-3.555999965983,-1.484030094357,
    1.053006087777));
#687 = LINE('',#688,#689);
#688 = CARTESIAN_POINT('',(-3.555999965983,-1.666334313941,
    1.053006087777));
#689 = VECTOR('',#690,1.);
#690 = DIRECTION('',(-1.224646799147E-16,-1.,3.568328252376E-15));
#691 = ORIENTED_EDGE('',*,*,#692,.F.);
#692 = EDGE_CURVE('',#693,#685,#695,.T.);
#693 = VERTEX_POINT('',#694);
#694 = CARTESIAN_POINT('',(-3.555999965983,-1.484030094357,
    1.391967165254));
#695 = LINE('',#696,#697);
#696 = CARTESIAN_POINT('',(-3.555999965983,-1.484030094357,
    1.053006087777));
#697 = VECTOR('',#698,1.);
#698 = DIRECTION('',(-4.700591763563E-31,-3.83832445962E-15,-1.));
#699 = ORIENTED_EDGE('',*,*,#700,.F.);
#700 = EDGE_CURVE('',#701,#693,#703,.T.);
#701 = VERTEX_POINT('',#702);
#702 = CARTESIAN_POINT('',(-3.555999965983,-1.658622776135,
    1.391967165254));
#703 = LINE('',#704,#705);
#704 = CARTESIAN_POINT('',(-3.555999965983,-1.484030094357,
    1.391967165254));
#705 = VECTOR('',#706,1.);
#706 = DIRECTION('',(1.224646799147E-16,1.,-3.725936795543E-15));
#707 = ORIENTED_EDGE('',*,*,#708,.F.);
#708 = EDGE_CURVE('',#709,#701,#711,.T.);
#709 = VERTEX_POINT('',#710);
#710 = CARTESIAN_POINT('',(-3.555999965983,-1.658622776135,
    1.352976243765));
#711 = LINE('',#712,#713);
#712 = CARTESIAN_POINT('',(-3.555999965983,-1.658622776135,
    1.391967165254));
#713 = VECTOR('',#714,1.);
#714 = DIRECTION('',(0.,0.,1.));
#715 = ORIENTED_EDGE('',*,*,#716,.F.);
#716 = EDGE_CURVE('',#717,#709,#719,.T.);
#717 = VERTEX_POINT('',#718);
#718 = CARTESIAN_POINT('',(-3.555999965983,-1.527786572917,
    1.352976243765));
#719 = LINE('',#720,#721);
#720 = CARTESIAN_POINT('',(-3.555999965983,-1.658622776135,
    1.352976243765));
#721 = VECTOR('',#722,1.);
#722 = DIRECTION('',(-1.224646799147E-16,-1.,3.314685493633E-15));
#723 = ORIENTED_EDGE('',*,*,#724,.F.);
#724 = EDGE_CURVE('',#725,#717,#727,.T.);
#725 = VERTEX_POINT('',#726);
#726 = CARTESIAN_POINT('',(-3.555999965983,-1.527786572917,
    1.244494835533));
#727 = LINE('',#728,#729);
#728 = CARTESIAN_POINT('',(-3.555999965983,-1.527786572917,
    1.352976243765));
#729 = VECTOR('',#730,1.);
#730 = DIRECTION('',(4.895824009276E-31,3.99774368633E-15,1.));
#731 = ORIENTED_EDGE('',*,*,#732,.F.);
#732 = EDGE_CURVE('',#733,#725,#735,.T.);
#733 = VERTEX_POINT('',#734);
#734 = CARTESIAN_POINT('',(-3.555999965983,-1.6490050155,1.244494835533)
  );
#735 = LINE('',#736,#737);
#736 = CARTESIAN_POINT('',(-3.555999965983,-1.527786572917,
    1.244494835533));
#737 = VECTOR('',#738,1.);
#738 = DIRECTION('',(1.224646799147E-16,1.,-3.577680554263E-15));
#739 = ORIENTED_EDGE('',*,*,#740,.F.);
#740 = EDGE_CURVE('',#741,#733,#743,.T.);
#741 = VERTEX_POINT('',#742);
#742 = CARTESIAN_POINT('',(-3.555999965983,-1.6490050155,1.205677207029)
  );
#743 = LINE('',#744,#745);
#744 = CARTESIAN_POINT('',(-3.555999965983,-1.6490050155,1.244494835533)
  );
#745 = VECTOR('',#746,1.);
#746 = DIRECTION('',(0.,0.,1.));
#747 = ORIENTED_EDGE('',*,*,#748,.F.);
#748 = EDGE_CURVE('',#749,#741,#751,.T.);
#749 = VERTEX_POINT('',#750);
#750 = CARTESIAN_POINT('',(-3.555999965983,-1.527786572917,
    1.205677207029));
#751 = LINE('',#752,#753);
#752 = CARTESIAN_POINT('',(-3.555999965983,-1.6490050155,1.205677207029)
  );
#753 = VECTOR('',#754,1.);
#754 = DIRECTION('',(-1.224646799147E-16,-1.,3.577680554263E-15));
#755 = ORIENTED_EDGE('',*,*,#756,.F.);
#756 = EDGE_CURVE('',#669,#749,#757,.T.);
#757 = LINE('',#758,#759);
#758 = CARTESIAN_POINT('',(-3.555999965983,-1.527786572917,
    1.205677207029));
#759 = VECTOR('',#760,1.);
#760 = DIRECTION('',(0.,0.,1.));
#761 = FACE_BOUND('',#762,.T.);
#762 = EDGE_LOOP('',(#763,#773,#781,#789,#798,#807,#815,#824,#833,#841,
    #849,#857,#865,#873,#881));
#763 = ORIENTED_EDGE('',*,*,#764,.F.);
#764 = EDGE_CURVE('',#765,#767,#769,.T.);
#765 = VERTEX_POINT('',#766);
#766 = CARTESIAN_POINT('',(-3.555999965983,-1.394264328441,
    1.295096386976));
#767 = VERTEX_POINT('',#768);
#768 = CARTESIAN_POINT('',(-3.555999965983,-1.328153054893,
    1.112792167393));
#769 = LINE('',#770,#771);
#770 = CARTESIAN_POINT('',(-3.555999965983,-1.328153054893,
    1.112792167393));
#771 = VECTOR('',#772,1.);
#772 = DIRECTION('',(4.175038879116E-17,0.340917796219,-0.9400931104));
#773 = ORIENTED_EDGE('',*,*,#774,.F.);
#774 = EDGE_CURVE('',#775,#765,#777,.T.);
#775 = VERTEX_POINT('',#776);
#776 = CARTESIAN_POINT('',(-3.555999965983,-1.438280746475,
    1.295096386976));
#777 = LINE('',#778,#779);
#778 = CARTESIAN_POINT('',(-3.555999965983,-1.394264328441,
    1.295096386976));
#779 = VECTOR('',#780,1.);
#780 = DIRECTION('',(1.224646799147E-16,1.,-3.694765080357E-15));
#781 = ORIENTED_EDGE('',*,*,#782,.F.);
#782 = EDGE_CURVE('',#783,#775,#785,.T.);
#783 = VERTEX_POINT('',#784);
#784 = CARTESIAN_POINT('',(-3.555999965983,-1.328412994369,1.01644126807
    ));
#785 = LINE('',#786,#787);
#786 = CARTESIAN_POINT('',(-3.555999965983,-1.438280746475,
    1.295096386976));
#787 = VECTOR('',#788,1.);
#788 = DIRECTION('',(-4.491976034619E-17,-0.366797678951,0.930300737781)
  );
#789 = ORIENTED_EDGE('',*,*,#790,.F.);
#790 = EDGE_CURVE('',#791,#783,#793,.T.);
#791 = VERTEX_POINT('',#792);
#792 = CARTESIAN_POINT('',(-3.555999965983,-1.242026441649,
    0.938979304044));
#793 = B_SPLINE_CURVE_WITH_KNOTS('',3,(#794,#795,#796,#797),
  .UNSPECIFIED.,.F.,.F.,(4,4),(1.,2.),.PIECEWISE_BEZIER_KNOTS.);
#794 = CARTESIAN_POINT('',(-3.555999965983,-1.242026441649,
    0.938979304044));
#795 = CARTESIAN_POINT('',(-3.555999965983,-1.279197786801,
    0.938979304044));
#796 = CARTESIAN_POINT('',(-3.555999965983,-1.307964422211,
    0.964799958719));
#797 = CARTESIAN_POINT('',(-3.555999965983,-1.328412994369,1.01644126807
    ));
#798 = ORIENTED_EDGE('',*,*,#799,.F.);
#799 = EDGE_CURVE('',#800,#791,#802,.T.);
#800 = VERTEX_POINT('',#801);
#801 = CARTESIAN_POINT('',(-3.555999965983,-1.214646150114,
    0.942445163732));
#802 = B_SPLINE_CURVE_WITH_KNOTS('',3,(#803,#804,#805,#806),
  .UNSPECIFIED.,.F.,.F.,(4,4),(2.,3.),.PIECEWISE_BEZIER_KNOTS.);
#803 = CARTESIAN_POINT('',(-3.555999965983,-1.214646150114,
    0.942445163732));
#804 = CARTESIAN_POINT('',(-3.555999965983,-1.222184394935,
    0.940192354935));
#805 = CARTESIAN_POINT('',(-3.555999965983,-1.231368923108,
    0.938979304044));
#806 = CARTESIAN_POINT('',(-3.555999965983,-1.242026441649,
    0.938979304044));
#807 = ORIENTED_EDGE('',*,*,#808,.F.);
#808 = EDGE_CURVE('',#809,#800,#811,.T.);
#809 = VERTEX_POINT('',#810);
#810 = CARTESIAN_POINT('',(-3.555999965983,-1.214646150114,
    0.980223034331));
#811 = LINE('',#812,#813);
#812 = CARTESIAN_POINT('',(-3.555999965983,-1.214646150114,
    0.942445163732));
#813 = VECTOR('',#814,1.);
#814 = DIRECTION('',(-1.405865059528E-30,-1.147975939272E-14,-1.));
#815 = ORIENTED_EDGE('',*,*,#816,.F.);
#816 = EDGE_CURVE('',#817,#809,#819,.T.);
#817 = VERTEX_POINT('',#818);
#818 = CARTESIAN_POINT('',(-3.555999965983,-1.238733874944,
    0.975370830767));
#819 = B_SPLINE_CURVE_WITH_KNOTS('',3,(#820,#821,#822,#823),
  .UNSPECIFIED.,.F.,.F.,(4,4),(4.,5.),.PIECEWISE_BEZIER_KNOTS.);
#820 = CARTESIAN_POINT('',(-3.555999965983,-1.238733874944,
    0.975370830767));
#821 = CARTESIAN_POINT('',(-3.555999965983,-1.230935690647,
    0.975370830767));
#822 = CARTESIAN_POINT('',(-3.555999965983,-1.222964213365,
    0.976930467627));
#823 = CARTESIAN_POINT('',(-3.555999965983,-1.214646150114,
    0.980223034331));
#824 = ORIENTED_EDGE('',*,*,#825,.F.);
#825 = EDGE_CURVE('',#826,#817,#828,.T.);
#826 = VERTEX_POINT('',#827);
#827 = CARTESIAN_POINT('',(-3.555999965983,-1.282230414028,
    1.009509548693));
#828 = B_SPLINE_CURVE_WITH_KNOTS('',3,(#829,#830,#831,#832),
  .UNSPECIFIED.,.F.,.F.,(4,4),(5.,6.),.PIECEWISE_BEZIER_KNOTS.);
#829 = CARTESIAN_POINT('',(-3.555999965983,-1.282230414028,
    1.009509548693));
#830 = CARTESIAN_POINT('',(-3.555999965983,-1.272612653394,
    0.986634874753));
#831 = CARTESIAN_POINT('',(-3.555999965983,-1.258142689198,
    0.975370830767));
#832 = CARTESIAN_POINT('',(-3.555999965983,-1.238733874944,
    0.975370830767));
#833 = ORIENTED_EDGE('',*,*,#834,.F.);
#834 = EDGE_CURVE('',#835,#826,#837,.T.);
#835 = VERTEX_POINT('',#836);
#836 = CARTESIAN_POINT('',(-3.555999965983,-1.300859409851,1.05352596673
    ));
#837 = LINE('',#838,#839);
#838 = CARTESIAN_POINT('',(-3.555999965983,-1.282230414028,
    1.009509548693));
#839 = VECTOR('',#840,1.);
#840 = DIRECTION('',(4.773162117536E-17,0.389758265065,-0.920917203017)
  );
#841 = ORIENTED_EDGE('',*,*,#842,.F.);
#842 = EDGE_CURVE('',#843,#835,#845,.T.);
#843 = VERTEX_POINT('',#844);
#844 = CARTESIAN_POINT('',(-3.555999965983,-1.205894854402,
    1.295096386976));
#845 = LINE('',#846,#847);
#846 = CARTESIAN_POINT('',(-3.555999965983,-1.300859409851,1.05352596673
    ));
#847 = VECTOR('',#848,1.);
#848 = DIRECTION('',(-4.480479573619E-17,-0.365858921669,-0.930670322636
    ));
#849 = ORIENTED_EDGE('',*,*,#850,.F.);
#850 = EDGE_CURVE('',#851,#843,#853,.T.);
#851 = VERTEX_POINT('',#852);
#852 = CARTESIAN_POINT('',(-3.555999965983,-1.253377132126,
    1.295096386976));
#853 = LINE('',#854,#855);
#854 = CARTESIAN_POINT('',(-3.555999965983,-1.205894854402,
    1.295096386976));
#855 = VECTOR('',#856,1.);
#856 = DIRECTION('',(1.224646799147E-16,1.,-3.425074198439E-15));
#857 = ORIENTED_EDGE('',*,*,#858,.F.);
#858 = EDGE_CURVE('',#859,#851,#861,.T.);
#859 = VERTEX_POINT('',#860);
#860 = CARTESIAN_POINT('',(-3.555999965983,-1.31662907143,1.113138753361
    ));
#861 = LINE('',#862,#863);
#862 = CARTESIAN_POINT('',(-3.555999965983,-1.253377132126,
    1.295096386976));
#863 = VECTOR('',#864,1.);
#864 = DIRECTION('',(4.0210807975E-17,0.328346164813,0.944557460429));
#865 = ORIENTED_EDGE('',*,*,#866,.F.);
#866 = EDGE_CURVE('',#867,#859,#869,.T.);
#867 = VERTEX_POINT('',#868);
#868 = CARTESIAN_POINT('',(-3.555999965983,-1.321827860963,
    1.093210060155));
#869 = LINE('',#870,#871);
#870 = CARTESIAN_POINT('',(-3.555999965983,-1.31662907143,1.113138753361
    ));
#871 = VECTOR('',#872,1.);
#872 = DIRECTION('',(3.091276684258E-17,0.252421897188,0.967617272386));
#873 = ORIENTED_EDGE('',*,*,#874,.F.);
#874 = EDGE_CURVE('',#875,#867,#877,.T.);
#875 = VERTEX_POINT('',#876);
#876 = CARTESIAN_POINT('',(-3.555999965983,-1.32295426536,1.093210060155
    ));
#877 = LINE('',#878,#879);
#878 = CARTESIAN_POINT('',(-3.555999965983,-1.321827860963,
    1.093210060155));
#879 = VECTOR('',#880,1.);
#880 = DIRECTION('',(1.224646799147E-16,1.,-0.));
#881 = ORIENTED_EDGE('',*,*,#882,.F.);
#882 = EDGE_CURVE('',#767,#875,#883,.T.);
#883 = B_SPLINE_CURVE_WITH_KNOTS('',3,(#884,#885,#886,#887),
  .UNSPECIFIED.,.F.,.F.,(4,4),(12.,13.),.PIECEWISE_BEZIER_KNOTS.);
#884 = CARTESIAN_POINT('',(-3.555999965983,-1.328153054893,
    1.112792167393));
#885 = CARTESIAN_POINT('',(-3.555999965983,-1.325553660128,
    1.104300811158));
#886 = CARTESIAN_POINT('',(-3.555999965983,-1.323820730281,
    1.097715677751));
#887 = CARTESIAN_POINT('',(-3.555999965983,-1.32295426536,1.093210060155
    ));
#888 = FACE_BOUND('',#889,.T.);
#889 = EDGE_LOOP('',(#890,#900,#909,#918,#927,#936,#945,#954,#963,#972,
    #981,#989,#998,#1007,#1016,#1025,#1034,#1043,#1052,#1061,#1070));
#890 = ORIENTED_EDGE('',*,*,#891,.F.);
#891 = EDGE_CURVE('',#892,#894,#896,.T.);
#892 = VERTEX_POINT('',#893);
#893 = CARTESIAN_POINT('',(-3.555999965983,-1.020298068115,
    1.105340569063));
#894 = VERTEX_POINT('',#895);
#895 = CARTESIAN_POINT('',(-3.555999965983,-1.020298068115,
    1.061497444012));
#896 = LINE('',#897,#898);
#897 = CARTESIAN_POINT('',(-3.555999965983,-1.020298068115,
    1.061497444012));
#898 = VECTOR('',#899,1.);
#899 = DIRECTION('',(0.,0.,-1.));
#900 = ORIENTED_EDGE('',*,*,#901,.F.);
#901 = EDGE_CURVE('',#902,#892,#904,.T.);
#902 = VERTEX_POINT('',#903);
#903 = CARTESIAN_POINT('',(-3.555999965983,-1.090135140826,
    1.081946016171));
#904 = B_SPLINE_CURVE_WITH_KNOTS('',3,(#905,#906,#907,#908),
  .UNSPECIFIED.,.F.,.F.,(4,4),(0.,1.),.PIECEWISE_BEZIER_KNOTS.);
#905 = CARTESIAN_POINT('',(-3.555999965983,-1.090135140826,
    1.081946016171));
#906 = CARTESIAN_POINT('',(-3.555999965983,-1.065180951073,
    1.081946016171));
#907 = CARTESIAN_POINT('',(-3.555999965983,-1.041959691164,
    1.089744200469));
#908 = CARTESIAN_POINT('',(-3.555999965983,-1.020298068115,
    1.105340569063));
#909 = ORIENTED_EDGE('',*,*,#910,.F.);
#910 = EDGE_CURVE('',#911,#902,#913,.T.);
#911 = VERTEX_POINT('',#912);
#912 = CARTESIAN_POINT('',(-3.555999965983,-1.140216813316,
    1.114698390221));
#913 = B_SPLINE_CURVE_WITH_KNOTS('',3,(#914,#915,#916,#917),
  .UNSPECIFIED.,.F.,.F.,(4,4),(1.,2.),.PIECEWISE_BEZIER_KNOTS.);
#914 = CARTESIAN_POINT('',(-3.555999965983,-1.140216813316,
    1.114698390221));
#915 = CARTESIAN_POINT('',(-3.555999965983,-1.140216813316,
    1.092863474187));
#916 = CARTESIAN_POINT('',(-3.555999965983,-1.123494040322,
    1.081946016171));
#917 = CARTESIAN_POINT('',(-3.555999965983,-1.090135140826,
    1.081946016171));
#918 = ORIENTED_EDGE('',*,*,#919,.F.);
#919 = EDGE_CURVE('',#920,#911,#922,.T.);
#920 = VERTEX_POINT('',#921);
#921 = CARTESIAN_POINT('',(-3.555999965983,-1.129299355299,
    1.137746357145));
#922 = B_SPLINE_CURVE_WITH_KNOTS('',3,(#923,#924,#925,#926),
  .UNSPECIFIED.,.F.,.F.,(4,4),(2.,3.),.PIECEWISE_BEZIER_KNOTS.);
#923 = CARTESIAN_POINT('',(-3.555999965983,-1.129299355299,
    1.137746357145));
#924 = CARTESIAN_POINT('',(-3.555999965983,-1.136577660644,
    1.131681102691));
#925 = CARTESIAN_POINT('',(-3.555999965983,-1.140216813316,
    1.124056211379));
#926 = CARTESIAN_POINT('',(-3.555999965983,-1.140216813316,
    1.114698390221));
#927 = ORIENTED_EDGE('',*,*,#928,.F.);
#928 = EDGE_CURVE('',#929,#920,#931,.T.);
#929 = VERTEX_POINT('',#930);
#930 = CARTESIAN_POINT('',(-3.555999965983,-1.084849704802,
    1.159407980195));
#931 = B_SPLINE_CURVE_WITH_KNOTS('',3,(#932,#933,#934,#935),
  .UNSPECIFIED.,.F.,.F.,(4,4),(3.,4.),.PIECEWISE_BEZIER_KNOTS.);
#932 = CARTESIAN_POINT('',(-3.555999965983,-1.084849704802,
    1.159407980195));
#933 = CARTESIAN_POINT('',(-3.555999965983,-1.107204499789,
    1.151089916944));
#934 = CARTESIAN_POINT('',(-3.555999965983,-1.122021049954,
    1.143811611599));
#935 = CARTESIAN_POINT('',(-3.555999965983,-1.129299355299,
    1.137746357145));
#936 = ORIENTED_EDGE('',*,*,#937,.F.);
#937 = EDGE_CURVE('',#938,#929,#940,.T.);
#938 = VERTEX_POINT('',#939);
#939 = CARTESIAN_POINT('',(-3.555999965983,-1.032601870007,
    1.191467182308));
#940 = B_SPLINE_CURVE_WITH_KNOTS('',3,(#941,#942,#943,#944),
  .UNSPECIFIED.,.F.,.F.,(4,4),(4.,5.),.PIECEWISE_BEZIER_KNOTS.);
#941 = CARTESIAN_POINT('',(-3.555999965983,-1.032601870007,
    1.191467182308));
#942 = CARTESIAN_POINT('',(-3.555999965983,-1.040573347289,
    1.180896310261));
#943 = CARTESIAN_POINT('',(-3.555999965983,-1.058075938713,
    1.170152145227));
#944 = CARTESIAN_POINT('',(-3.555999965983,-1.084849704802,
    1.159407980195));
#945 = ORIENTED_EDGE('',*,*,#946,.F.);
#946 = EDGE_CURVE('',#947,#938,#949,.T.);
#947 = VERTEX_POINT('',#948);
#948 = CARTESIAN_POINT('',(-3.555999965983,-1.020558007591,1.22976493186
    ));
#949 = B_SPLINE_CURVE_WITH_KNOTS('',3,(#950,#951,#952,#953),
  .UNSPECIFIED.,.F.,.F.,(4,4),(5.,6.),.PIECEWISE_BEZIER_KNOTS.);
#950 = CARTESIAN_POINT('',(-3.555999965983,-1.020558007591,1.22976493186
    ));
#951 = CARTESIAN_POINT('',(-3.555999965983,-1.020558007591,1.2148617352)
  );
#952 = CARTESIAN_POINT('',(-3.555999965983,-1.024543746232,
    1.202038054356));
#953 = CARTESIAN_POINT('',(-3.555999965983,-1.032601870007,
    1.191467182308));
#954 = ORIENTED_EDGE('',*,*,#955,.F.);
#955 = EDGE_CURVE('',#956,#947,#958,.T.);
#956 = VERTEX_POINT('',#957);
#957 = CARTESIAN_POINT('',(-3.555999965983,-1.047765006141,
    1.281406241209));
#958 = B_SPLINE_CURVE_WITH_KNOTS('',3,(#959,#960,#961,#962),
  .UNSPECIFIED.,.F.,.F.,(4,4),(6.,7.),.PIECEWISE_BEZIER_KNOTS.);
#959 = CARTESIAN_POINT('',(-3.555999965983,-1.047765006141,
    1.281406241209));
#960 = CARTESIAN_POINT('',(-3.555999965983,-1.029655889272,1.26840926738
    ));
#961 = CARTESIAN_POINT('',(-3.555999965983,-1.020558007591,
    1.251253261924));
#962 = CARTESIAN_POINT('',(-3.555999965983,-1.020558007591,1.22976493186
    ));
#963 = ORIENTED_EDGE('',*,*,#964,.F.);
#964 = EDGE_CURVE('',#965,#956,#967,.T.);
#965 = VERTEX_POINT('',#966);
#966 = CARTESIAN_POINT('',(-3.555999965983,-1.114829391102,
    1.300641762478));
#967 = B_SPLINE_CURVE_WITH_KNOTS('',3,(#968,#969,#970,#971),
  .UNSPECIFIED.,.F.,.F.,(4,4),(7.,8.),.PIECEWISE_BEZIER_KNOTS.);
#968 = CARTESIAN_POINT('',(-3.555999965983,-1.114829391102,
    1.300641762478));
#969 = CARTESIAN_POINT('',(-3.555999965983,-1.08831556449,1.300641762478
    ));
#970 = CARTESIAN_POINT('',(-3.555999965983,-1.065960769503,
    1.294229922055));
#971 = CARTESIAN_POINT('',(-3.555999965983,-1.047765006141,
    1.281406241209));
#972 = ORIENTED_EDGE('',*,*,#973,.F.);
#973 = EDGE_CURVE('',#974,#965,#976,.T.);
#974 = VERTEX_POINT('',#975);
#975 = CARTESIAN_POINT('',(-3.555999965983,-1.172189368937,
    1.289897597444));
#976 = B_SPLINE_CURVE_WITH_KNOTS('',3,(#977,#978,#979,#980),
  .UNSPECIFIED.,.F.,.F.,(4,4),(8.,9.),.PIECEWISE_BEZIER_KNOTS.);
#977 = CARTESIAN_POINT('',(-3.555999965983,-1.172189368937,
    1.289897597444));
#978 = CARTESIAN_POINT('',(-3.555999965983,-1.154513484528,
    1.297175902789));
#979 = CARTESIAN_POINT('',(-3.555999965983,-1.135451256245,
    1.300641762478));
#980 = CARTESIAN_POINT('',(-3.555999965983,-1.114829391102,
    1.300641762478));
#981 = ORIENTED_EDGE('',*,*,#982,.F.);
#982 = EDGE_CURVE('',#983,#974,#985,.T.);
#983 = VERTEX_POINT('',#984);
#984 = CARTESIAN_POINT('',(-3.555999965983,-1.172189368937,
    1.248653867158));
#985 = LINE('',#986,#987);
#986 = CARTESIAN_POINT('',(-3.555999965983,-1.172189368937,
    1.289897597444));
#987 = VECTOR('',#988,1.);
#988 = DIRECTION('',(0.,0.,1.));
#989 = ORIENTED_EDGE('',*,*,#990,.F.);
#990 = EDGE_CURVE('',#991,#983,#993,.T.);
#991 = VERTEX_POINT('',#992);
#992 = CARTESIAN_POINT('',(-3.555999965983,-1.110670359477,
    1.266156458583));
#993 = B_SPLINE_CURVE_WITH_KNOTS('',3,(#994,#995,#996,#997),
  .UNSPECIFIED.,.F.,.F.,(4,4),(10.,11.),.PIECEWISE_BEZIER_KNOTS.);
#994 = CARTESIAN_POINT('',(-3.555999965983,-1.110670359477,
    1.266156458583));
#995 = CARTESIAN_POINT('',(-3.555999965983,-1.133631679909,
    1.266156458583));
#996 = CARTESIAN_POINT('',(-3.555999965983,-1.154080252068,
    1.260264497113));
#997 = CARTESIAN_POINT('',(-3.555999965983,-1.172189368937,
    1.248653867158));
#998 = ORIENTED_EDGE('',*,*,#999,.F.);
#999 = EDGE_CURVE('',#1000,#991,#1002,.T.);
#1000 = VERTEX_POINT('',#1001);
#1001 = CARTESIAN_POINT('',(-3.555999965983,-1.077224813488,
    1.257145223393));
#1002 = B_SPLINE_CURVE_WITH_KNOTS('',3,(#1003,#1004,#1005,#1006),
  .UNSPECIFIED.,.F.,.F.,(4,4),(11.,12.),.PIECEWISE_BEZIER_KNOTS.);
#1003 = CARTESIAN_POINT('',(-3.555999965983,-1.077224813488,
    1.257145223393));
#1004 = CARTESIAN_POINT('',(-3.555999965983,-1.085802816215,
    1.263210477847));
#1005 = CARTESIAN_POINT('',(-3.555999965983,-1.09698021371,
    1.266156458583));
#1006 = CARTESIAN_POINT('',(-3.555999965983,-1.110670359477,
    1.266156458583));
#1007 = ORIENTED_EDGE('',*,*,#1008,.F.);
#1008 = EDGE_CURVE('',#1009,#1000,#1011,.T.);
#1009 = VERTEX_POINT('',#1010);
#1010 = CARTESIAN_POINT('',(-3.555999965983,-1.064314486151,
    1.233577377517));
#1011 = B_SPLINE_CURVE_WITH_KNOTS('',3,(#1012,#1013,#1014,#1015),
  .UNSPECIFIED.,.F.,.F.,(4,4),(12.,13.),.PIECEWISE_BEZIER_KNOTS.);
#1012 = CARTESIAN_POINT('',(-3.555999965983,-1.064314486151,
    1.233577377517));
#1013 = CARTESIAN_POINT('',(-3.555999965983,-1.064314486151,
    1.243281784641));
#1014 = CARTESIAN_POINT('',(-3.555999965983,-1.068646810761,
    1.251253261924));
#1015 = CARTESIAN_POINT('',(-3.555999965983,-1.077224813488,
    1.257145223393));
#1016 = ORIENTED_EDGE('',*,*,#1017,.F.);
#1017 = EDGE_CURVE('',#1018,#1009,#1020,.T.);
#1018 = VERTEX_POINT('',#1019);
#1019 = CARTESIAN_POINT('',(-3.555999965983,-1.073585660816,
    1.211049289546));
#1020 = B_SPLINE_CURVE_WITH_KNOTS('',3,(#1021,#1022,#1023,#1024),
  .UNSPECIFIED.,.F.,.F.,(4,4),(13.,14.),.PIECEWISE_BEZIER_KNOTS.);
#1021 = CARTESIAN_POINT('',(-3.555999965983,-1.073585660816,
    1.211049289546));
#1022 = CARTESIAN_POINT('',(-3.555999965983,-1.06743375987,
    1.216421372061));
#1023 = CARTESIAN_POINT('',(-3.555999965983,-1.064314486151,
    1.22387297039));
#1024 = CARTESIAN_POINT('',(-3.555999965983,-1.064314486151,
    1.233577377517));
#1025 = ORIENTED_EDGE('',*,*,#1026,.F.);
#1026 = EDGE_CURVE('',#1027,#1018,#1029,.T.);
#1027 = VERTEX_POINT('',#1028);
#1028 = CARTESIAN_POINT('',(-3.555999965983,-1.114829391102,
    1.190254131417));
#1029 = B_SPLINE_CURVE_WITH_KNOTS('',3,(#1030,#1031,#1032,#1033),
  .UNSPECIFIED.,.F.,.F.,(4,4),(14.,15.),.PIECEWISE_BEZIER_KNOTS.);
#1030 = CARTESIAN_POINT('',(-3.555999965983,-1.114829391102,
    1.190254131417));
#1031 = CARTESIAN_POINT('',(-3.555999965983,-1.093514354022,
    1.198572194667));
#1032 = CARTESIAN_POINT('',(-3.555999965983,-1.079824208255,
    1.205503914045));
#1033 = CARTESIAN_POINT('',(-3.555999965983,-1.073585660816,
    1.211049289546));
#1034 = ORIENTED_EDGE('',*,*,#1035,.F.);
#1035 = EDGE_CURVE('',#1036,#1027,#1038,.T.);
#1036 = VERTEX_POINT('',#1037);
#1037 = CARTESIAN_POINT('',(-3.555999965983,-1.169589974171,
    1.158888101242));
#1038 = B_SPLINE_CURVE_WITH_KNOTS('',3,(#1039,#1040,#1041,#1042),
  .UNSPECIFIED.,.F.,.F.,(4,4),(15.,16.),.PIECEWISE_BEZIER_KNOTS.);
#1039 = CARTESIAN_POINT('',(-3.555999965983,-1.169589974171,
    1.158888101242));
#1040 = CARTESIAN_POINT('',(-3.555999965983,-1.16005886003,
    1.169632266274));
#1041 = CARTESIAN_POINT('',(-3.555999965983,-1.141863096668,
    1.180203138322));
#1042 = CARTESIAN_POINT('',(-3.555999965983,-1.114829391102,
    1.190254131417));
#1043 = ORIENTED_EDGE('',*,*,#1044,.F.);
#1044 = EDGE_CURVE('',#1045,#1036,#1047,.T.);
#1045 = VERTEX_POINT('',#1046);
#1046 = CARTESIAN_POINT('',(-3.555999965983,-1.183799998891,
    1.118857421846));
#1047 = B_SPLINE_CURVE_WITH_KNOTS('',3,(#1048,#1049,#1050,#1051),
  .UNSPECIFIED.,.F.,.F.,(4,4),(16.,17.),.PIECEWISE_BEZIER_KNOTS.);
#1048 = CARTESIAN_POINT('',(-3.555999965983,-1.183799998891,
    1.118857421846));
#1049 = CARTESIAN_POINT('',(-3.555999965983,-1.183799998891,
    1.134800376411));
#1050 = CARTESIAN_POINT('',(-3.555999965983,-1.17903444182,1.14814393621
    ));
#1051 = CARTESIAN_POINT('',(-3.555999965983,-1.169589974171,
    1.158888101242));
#1052 = ORIENTED_EDGE('',*,*,#1053,.F.);
#1053 = EDGE_CURVE('',#1054,#1045,#1056,.T.);
#1054 = VERTEX_POINT('',#1055);
#1055 = CARTESIAN_POINT('',(-3.555999965983,-1.156506353849,
    1.066522940559));
#1056 = B_SPLINE_CURVE_WITH_KNOTS('',3,(#1057,#1058,#1059,#1060),
  .UNSPECIFIED.,.F.,.F.,(4,4),(17.,18.),.PIECEWISE_BEZIER_KNOTS.);
#1057 = CARTESIAN_POINT('',(-3.555999965983,-1.156506353849,
    1.066522940559));
#1058 = CARTESIAN_POINT('',(-3.555999965983,-1.17470211721,
    1.079173328421));
#1059 = CARTESIAN_POINT('',(-3.555999965983,-1.183799998891,
    1.096675919844));
#1060 = CARTESIAN_POINT('',(-3.555999965983,-1.183799998891,
    1.118857421846));
#1061 = ORIENTED_EDGE('',*,*,#1062,.F.);
#1062 = EDGE_CURVE('',#1063,#1054,#1065,.T.);
#1063 = VERTEX_POINT('',#1064);
#1064 = CARTESIAN_POINT('',(-3.555999965983,-1.085976109201,
    1.047287419292));
#1065 = B_SPLINE_CURVE_WITH_KNOTS('',3,(#1066,#1067,#1068,#1069),
  .UNSPECIFIED.,.F.,.F.,(4,4),(18.,19.),.PIECEWISE_BEZIER_KNOTS.);
#1066 = CARTESIAN_POINT('',(-3.555999965983,-1.085976109201,
    1.047287419292));
#1067 = CARTESIAN_POINT('',(-3.555999965983,-1.114829391102,
    1.047287419292));
#1068 = CARTESIAN_POINT('',(-3.555999965983,-1.13839723698,
    1.053699259714));
#1069 = CARTESIAN_POINT('',(-3.555999965983,-1.156506353849,
    1.066522940559));
#1070 = ORIENTED_EDGE('',*,*,#1071,.F.);
#1071 = EDGE_CURVE('',#894,#1063,#1072,.T.);
#1072 = B_SPLINE_CURVE_WITH_KNOTS('',3,(#1073,#1074,#1075,#1076),
  .UNSPECIFIED.,.F.,.F.,(4,4),(19.,20.),.PIECEWISE_BEZIER_KNOTS.);
#1073 = CARTESIAN_POINT('',(-3.555999965983,-1.020298068115,
    1.061497444012));
#1074 = CARTESIAN_POINT('',(-3.555999965983,-1.039013710429,
    1.052139622854));
#1075 = CARTESIAN_POINT('',(-3.555999965983,-1.060848626463,
    1.047287419292));
#1076 = CARTESIAN_POINT('',(-3.555999965983,-1.085976109201,
    1.047287419292));
#1077 = FACE_BOUND('',#1078,.T.);
#1078 = EDGE_LOOP('',(#1079,#1089,#1098,#1107,#1115,#1123,#1131,#1139,
    #1148,#1157,#1166,#1175,#1183,#1192));
#1079 = ORIENTED_EDGE('',*,*,#1080,.F.);
#1080 = EDGE_CURVE('',#1081,#1083,#1085,.T.);
#1081 = VERTEX_POINT('',#1082);
#1082 = CARTESIAN_POINT('',(-3.555999965983,-0.791897914681,
    1.278113674507));
#1083 = VERTEX_POINT('',#1084);
#1084 = CARTESIAN_POINT('',(-3.555999965983,-0.791897914681,
    1.236869944219));
#1085 = LINE('',#1086,#1087);
#1086 = CARTESIAN_POINT('',(-3.555999965983,-0.791897914681,
    1.236869944219));
#1087 = VECTOR('',#1088,1.);
#1088 = DIRECTION('',(0.,0.,-1.));
#1089 = ORIENTED_EDGE('',*,*,#1090,.F.);
#1090 = EDGE_CURVE('',#1091,#1081,#1093,.T.);
#1091 = VERTEX_POINT('',#1092);
#1092 = CARTESIAN_POINT('',(-3.555999965983,-0.875251840176,
    1.300641762478));
#1093 = B_SPLINE_CURVE_WITH_KNOTS('',3,(#1094,#1095,#1096,#1097),
  .UNSPECIFIED.,.F.,.F.,(4,4),(0.,1.),.PIECEWISE_BEZIER_KNOTS.);
#1094 = CARTESIAN_POINT('',(-3.555999965983,-0.875251840176,
    1.300641762478));
#1095 = CARTESIAN_POINT('',(-3.555999965983,-0.843712517016,
    1.300641762478));
#1096 = CARTESIAN_POINT('',(-3.555999965983,-0.81589899302,
    1.293190164148));
#1097 = CARTESIAN_POINT('',(-3.555999965983,-0.791897914681,
    1.278113674507));
#1098 = ORIENTED_EDGE('',*,*,#1099,.F.);
#1099 = EDGE_CURVE('',#1100,#1091,#1102,.T.);
#1100 = VERTEX_POINT('',#1101);
#1101 = CARTESIAN_POINT('',(-3.555999965983,-0.962764797295,
    1.208796480747));
#1102 = B_SPLINE_CURVE_WITH_KNOTS('',3,(#1103,#1104,#1105,#1106),
  .UNSPECIFIED.,.F.,.F.,(4,4),(1.,2.),.PIECEWISE_BEZIER_KNOTS.);
#1103 = CARTESIAN_POINT('',(-3.555999965983,-0.962764797295,
    1.208796480747));
#1104 = CARTESIAN_POINT('',(-3.555999965983,-0.962764797295,
    1.270142197224));
#1105 = CARTESIAN_POINT('',(-3.555999965983,-0.933564929425,
    1.300641762478));
#1106 = CARTESIAN_POINT('',(-3.555999965983,-0.875251840176,
    1.300641762478));
#1107 = ORIENTED_EDGE('',*,*,#1108,.F.);
#1108 = EDGE_CURVE('',#1109,#1100,#1111,.T.);
#1109 = VERTEX_POINT('',#1110);
#1110 = CARTESIAN_POINT('',(-3.555999965983,-0.962764797295,
    1.053006087777));
#1111 = LINE('',#1112,#1113);
#1112 = CARTESIAN_POINT('',(-3.555999965983,-0.962764797295,
    1.208796480747));
#1113 = VECTOR('',#1114,1.);
#1114 = DIRECTION('',(3.409105483734E-31,2.783745881758E-15,1.));
#1115 = ORIENTED_EDGE('',*,*,#1116,.F.);
#1116 = EDGE_CURVE('',#1117,#1109,#1119,.T.);
#1117 = VERTEX_POINT('',#1118);
#1118 = CARTESIAN_POINT('',(-3.555999965983,-0.920308016118,
    1.053006087777));
#1119 = LINE('',#1120,#1121);
#1120 = CARTESIAN_POINT('',(-3.555999965983,-0.962764797295,
    1.053006087777));
#1121 = VECTOR('',#1122,1.);
#1122 = DIRECTION('',(-1.224646799147E-16,-1.,2.553660762919E-15));
#1123 = ORIENTED_EDGE('',*,*,#1124,.F.);
#1124 = EDGE_CURVE('',#1125,#1117,#1127,.T.);
#1125 = VERTEX_POINT('',#1126);
#1126 = CARTESIAN_POINT('',(-3.555999965983,-0.920308016118,
    1.090437372406));
#1127 = LINE('',#1128,#1129);
#1128 = CARTESIAN_POINT('',(-3.555999965983,-0.920308016118,
    1.053006087777));
#1129 = VECTOR('',#1130,1.);
#1130 = DIRECTION('',(0.,0.,-1.));
#1131 = ORIENTED_EDGE('',*,*,#1132,.F.);
#1132 = EDGE_CURVE('',#1133,#1125,#1135,.T.);
#1133 = VERTEX_POINT('',#1134);
#1134 = CARTESIAN_POINT('',(-3.555999965983,-0.91918161172,
    1.090437372406));
#1135 = LINE('',#1136,#1137);
#1136 = CARTESIAN_POINT('',(-3.555999965983,-0.920308016118,
    1.090437372406));
#1137 = VECTOR('',#1138,1.);
#1138 = DIRECTION('',(-1.224646799147E-16,-1.,0.));
#1139 = ORIENTED_EDGE('',*,*,#1140,.F.);
#1140 = EDGE_CURVE('',#1141,#1133,#1143,.T.);
#1141 = VERTEX_POINT('',#1142);
#1142 = CARTESIAN_POINT('',(-3.555999965983,-0.845012214399,
    1.047287419292));
#1143 = B_SPLINE_CURVE_WITH_KNOTS('',3,(#1144,#1145,#1146,#1147),
  .UNSPECIFIED.,.F.,.F.,(4,4),(6.,7.),.PIECEWISE_BEZIER_KNOTS.);
#1144 = CARTESIAN_POINT('',(-3.555999965983,-0.845012214399,
    1.047287419292));
#1145 = CARTESIAN_POINT('',(-3.555999965983,-0.877677941957,
    1.047287419292));
#1146 = CARTESIAN_POINT('',(-3.555999965983,-0.902458838726,
    1.061670736997));
#1147 = CARTESIAN_POINT('',(-3.555999965983,-0.91918161172,
    1.090437372406));
#1148 = ORIENTED_EDGE('',*,*,#1149,.F.);
#1149 = EDGE_CURVE('',#1150,#1141,#1152,.T.);
#1150 = VERTEX_POINT('',#1151);
#1151 = CARTESIAN_POINT('',(-3.555999965983,-0.78903858044,
    1.066349647574));
#1152 = B_SPLINE_CURVE_WITH_KNOTS('',3,(#1153,#1154,#1155,#1156),
  .UNSPECIFIED.,.F.,.F.,(4,4),(7.,8.),.PIECEWISE_BEZIER_KNOTS.);
#1153 = CARTESIAN_POINT('',(-3.555999965983,-0.78903858044,
    1.066349647574));
#1154 = CARTESIAN_POINT('',(-3.555999965983,-0.802902019191,
    1.053699259714));
#1155 = CARTESIAN_POINT('',(-3.555999965983,-0.821531015014,
    1.047287419292));
#1156 = CARTESIAN_POINT('',(-3.555999965983,-0.845012214399,
    1.047287419292));
#1157 = ORIENTED_EDGE('',*,*,#1158,.F.);
#1158 = EDGE_CURVE('',#1159,#1150,#1161,.T.);
#1159 = VERTEX_POINT('',#1160);
#1160 = CARTESIAN_POINT('',(-3.555999965983,-0.768243422312,
    1.117817663941));
#1161 = B_SPLINE_CURVE_WITH_KNOTS('',3,(#1162,#1163,#1164,#1165),
  .UNSPECIFIED.,.F.,.F.,(4,4),(8.,9.),.PIECEWISE_BEZIER_KNOTS.);
#1162 = CARTESIAN_POINT('',(-3.555999965983,-0.768243422312,
    1.117817663941));
#1163 = CARTESIAN_POINT('',(-3.555999965983,-0.768243422312,
    1.096156040891));
#1164 = CARTESIAN_POINT('',(-3.555999965983,-0.775175141688,
    1.079000035435));
#1165 = CARTESIAN_POINT('',(-3.555999965983,-0.78903858044,
    1.066349647574));
#1166 = ORIENTED_EDGE('',*,*,#1167,.F.);
#1167 = EDGE_CURVE('',#1168,#1159,#1170,.T.);
#1168 = VERTEX_POINT('',#1169);
#1169 = CARTESIAN_POINT('',(-3.555999965983,-0.848564720579,
    1.196839264825));
#1170 = B_SPLINE_CURVE_WITH_KNOTS('',3,(#1171,#1172,#1173,#1174),
  .UNSPECIFIED.,.F.,.F.,(4,4),(9.,10.),.PIECEWISE_BEZIER_KNOTS.);
#1171 = CARTESIAN_POINT('',(-3.555999965983,-0.848564720579,
    1.196839264825));
#1172 = CARTESIAN_POINT('',(-3.555999965983,-0.795017188401,
    1.189387666496));
#1173 = CARTESIAN_POINT('',(-3.555999965983,-0.768243422312,
    1.163047132868));
#1174 = CARTESIAN_POINT('',(-3.555999965983,-0.768243422312,
    1.117817663941));
#1175 = ORIENTED_EDGE('',*,*,#1176,.F.);
#1176 = EDGE_CURVE('',#1177,#1168,#1179,.T.);
#1177 = VERTEX_POINT('',#1178);
#1178 = CARTESIAN_POINT('',(-3.555999965983,-0.920308016118,
    1.20689025792));
#1179 = LINE('',#1180,#1181);
#1180 = CARTESIAN_POINT('',(-3.555999965983,-0.848564720579,
    1.196839264825));
#1181 = VECTOR('',#1182,1.);
#1182 = DIRECTION('',(1.212802754978E-16,0.990328603988,-0.138741688482)
  );
#1183 = ORIENTED_EDGE('',*,*,#1184,.F.);
#1184 = EDGE_CURVE('',#1185,#1177,#1187,.T.);
#1185 = VERTEX_POINT('',#1186);
#1186 = CARTESIAN_POINT('',(-3.555999965983,-0.871266101535,
    1.266156458583));
#1187 = B_SPLINE_CURVE_WITH_KNOTS('',3,(#1188,#1189,#1190,#1191),
  .UNSPECIFIED.,.F.,.F.,(4,4),(11.,12.),.PIECEWISE_BEZIER_KNOTS.);
#1188 = CARTESIAN_POINT('',(-3.555999965983,-0.871266101535,
    1.266156458583));
#1189 = CARTESIAN_POINT('',(-3.555999965983,-0.903931829093,
    1.266156458583));
#1190 = CARTESIAN_POINT('',(-3.555999965983,-0.920308016118,
    1.246401058361));
#1191 = CARTESIAN_POINT('',(-3.555999965983,-0.920308016118,
    1.20689025792));
#1192 = ORIENTED_EDGE('',*,*,#1193,.F.);
#1193 = EDGE_CURVE('',#1083,#1185,#1194,.T.);
#1194 = B_SPLINE_CURVE_WITH_KNOTS('',3,(#1195,#1196,#1197,#1198),
  .UNSPECIFIED.,.F.,.F.,(4,4),(12.,13.),.PIECEWISE_BEZIER_KNOTS.);
#1195 = CARTESIAN_POINT('',(-3.555999965983,-0.791897914681,
    1.236869944219));
#1196 = CARTESIAN_POINT('',(-3.555999965983,-0.815812346528,
    1.256278758472));
#1197 = CARTESIAN_POINT('',(-3.555999965983,-0.842239526648,
    1.266156458583));
#1198 = CARTESIAN_POINT('',(-3.555999965983,-0.871266101535,
    1.266156458583));
#1199 = FACE_BOUND('',#1200,.T.);
#1200 = EDGE_LOOP('',(#1201,#1212,#1220,#1228,#1236,#1245,#1254));
#1201 = ORIENTED_EDGE('',*,*,#1202,.F.);
#1202 = EDGE_CURVE('',#1203,#1205,#1207,.T.);
#1203 = VERTEX_POINT('',#1204);
#1204 = CARTESIAN_POINT('',(-3.555999965983,-1.399116532003,
    1.590734218355));
#1205 = VERTEX_POINT('',#1206);
#1206 = CARTESIAN_POINT('',(-3.555999965983,-1.530732553651,
    1.638216496078));
#1207 = B_SPLINE_CURVE_WITH_KNOTS('',3,(#1208,#1209,#1210,#1211),
  .UNSPECIFIED.,.F.,.F.,(4,4),(5.,6.),.PIECEWISE_BEZIER_KNOTS.);
#1208 = CARTESIAN_POINT('',(-3.555999965983,-1.399116532003,
    1.590734218355));
#1209 = CARTESIAN_POINT('',(-3.555999965983,-1.452750710672,
    1.590734218355));
#1210 = CARTESIAN_POINT('',(-3.555999965983,-1.496680482217,
    1.606503879935));
#1211 = CARTESIAN_POINT('',(-3.555999965983,-1.530732553651,
    1.638216496078));
#1212 = ORIENTED_EDGE('',*,*,#1213,.F.);
#1213 = EDGE_CURVE('',#1214,#1203,#1216,.T.);
#1214 = VERTEX_POINT('',#1215);
#1215 = CARTESIAN_POINT('',(-3.555999965983,-1.305884906398,
    1.590734218355));
#1216 = LINE('',#1217,#1218);
#1217 = CARTESIAN_POINT('',(-3.555999965983,-1.399116532003,
    1.590734218355));
#1218 = VECTOR('',#1219,1.);
#1219 = DIRECTION('',(-1.224646799147E-16,-1.,3.488737287641E-15));
#1220 = ORIENTED_EDGE('',*,*,#1221,.F.);
#1221 = EDGE_CURVE('',#1222,#1214,#1224,.T.);
#1222 = VERTEX_POINT('',#1223);
#1223 = CARTESIAN_POINT('',(-3.555999965983,-1.305884906398,
    1.929695295831));
#1224 = LINE('',#1225,#1226);
#1225 = CARTESIAN_POINT('',(-3.555999965983,-1.305884906398,
    1.590734218355));
#1226 = VECTOR('',#1227,1.);
#1227 = DIRECTION('',(-4.700591763563E-31,-3.83832445962E-15,-1.));
#1228 = ORIENTED_EDGE('',*,*,#1229,.F.);
#1229 = EDGE_CURVE('',#1230,#1222,#1232,.T.);
#1230 = VERTEX_POINT('',#1231);
#1231 = CARTESIAN_POINT('',(-3.555999965983,-1.402582391691,
    1.929695295831));
#1232 = LINE('',#1233,#1234);
#1233 = CARTESIAN_POINT('',(-3.555999965983,-1.305884906398,
    1.929695295831));
#1234 = VECTOR('',#1235,1.);
#1235 = DIRECTION('',(1.224646799147E-16,1.,-4.484923920521E-15));
#1236 = ORIENTED_EDGE('',*,*,#1237,.F.);
#1237 = EDGE_CURVE('',#1238,#1230,#1240,.T.);
#1238 = VERTEX_POINT('',#1239);
#1239 = CARTESIAN_POINT('',(-3.555999965983,-1.530732553651,
    1.884812412873));
#1240 = B_SPLINE_CURVE_WITH_KNOTS('',3,(#1241,#1242,#1243,#1244),
  .UNSPECIFIED.,.F.,.F.,(4,4),(2.,3.),.PIECEWISE_BEZIER_KNOTS.);
#1241 = CARTESIAN_POINT('',(-3.555999965983,-1.530732553651,
    1.884812412873));
#1242 = CARTESIAN_POINT('',(-3.555999965983,-1.496680482217,
    1.914792099174));
#1243 = CARTESIAN_POINT('',(-3.555999965983,-1.453963761564,
    1.929695295831));
#1244 = CARTESIAN_POINT('',(-3.555999965983,-1.402582391691,
    1.929695295831));
#1245 = ORIENTED_EDGE('',*,*,#1246,.F.);
#1246 = EDGE_CURVE('',#1247,#1238,#1249,.T.);
#1247 = VERTEX_POINT('',#1248);
#1248 = CARTESIAN_POINT('',(-3.555999965983,-1.581853984047,
    1.764547081704));
#1249 = B_SPLINE_CURVE_WITH_KNOTS('',3,(#1250,#1251,#1252,#1253),
  .UNSPECIFIED.,.F.,.F.,(4,4),(3.,4.),.PIECEWISE_BEZIER_KNOTS.);
#1250 = CARTESIAN_POINT('',(-3.555999965983,-1.581853984047,
    1.764547081704));
#1251 = CARTESIAN_POINT('',(-3.555999965983,-1.581853984047,
    1.814802047177));
#1252 = CARTESIAN_POINT('',(-3.555999965983,-1.564784625085,
    1.854832726572));
#1253 = CARTESIAN_POINT('',(-3.555999965983,-1.530732553651,
    1.884812412873));
#1254 = ORIENTED_EDGE('',*,*,#1255,.F.);
#1255 = EDGE_CURVE('',#1205,#1247,#1256,.T.);
#1256 = B_SPLINE_CURVE_WITH_KNOTS('',3,(#1257,#1258,#1259,#1260),
  .UNSPECIFIED.,.F.,.F.,(4,4),(4.,5.),.PIECEWISE_BEZIER_KNOTS.);
#1257 = CARTESIAN_POINT('',(-3.555999965983,-1.530732553651,
    1.638216496078));
#1258 = CARTESIAN_POINT('',(-3.555999965983,-1.564784625085,
    1.669929112223));
#1259 = CARTESIAN_POINT('',(-3.555999965983,-1.581853984047,
    1.712039307432));
#1260 = CARTESIAN_POINT('',(-3.555999965983,-1.581853984047,
    1.764547081704));
#1261 = FACE_BOUND('',#1262,.T.);
#1262 = EDGE_LOOP('',(#1263,#1273,#1281,#1289,#1297,#1305,#1313,#1321,
    #1329,#1337,#1345,#1354,#1362,#1370,#1379,#1387,#1395,#1403,#1412,
    #1420,#1428));
#1263 = ORIENTED_EDGE('',*,*,#1264,.T.);
#1264 = EDGE_CURVE('',#1265,#1267,#1269,.T.);
#1265 = VERTEX_POINT('',#1266);
#1266 = CARTESIAN_POINT('',(-3.555999965983,3.344651260344,
    1.834000129028));
#1267 = VERTEX_POINT('',#1268);
#1268 = CARTESIAN_POINT('',(-3.555999965983,1.41425127881,1.834000129028
    ));
#1269 = LINE('',#1270,#1271);
#1270 = CARTESIAN_POINT('',(-3.555999965983,3.344651260344,
    1.834000129028));
#1271 = VECTOR('',#1272,1.);
#1272 = DIRECTION('',(-1.224646799147E-16,-1.,3.491481338843E-15));
#1273 = ORIENTED_EDGE('',*,*,#1274,.T.);
#1274 = EDGE_CURVE('',#1267,#1275,#1277,.T.);
#1275 = VERTEX_POINT('',#1276);
#1276 = CARTESIAN_POINT('',(-3.555999965983,1.41425127881,1.021200136804
    ));
#1277 = LINE('',#1278,#1279);
#1278 = CARTESIAN_POINT('',(-3.555999965983,1.41425127881,1.834000129028
    ));
#1279 = VECTOR('',#1280,1.);
#1280 = DIRECTION('',(-4.275831445897E-31,-3.491481338843E-15,-1.));
#1281 = ORIENTED_EDGE('',*,*,#1282,.T.);
#1282 = EDGE_CURVE('',#1275,#1283,#1285,.T.);
#1283 = VERTEX_POINT('',#1284);
#1284 = CARTESIAN_POINT('',(-3.555999965983,2.735051266176,
    0.386200142878));
#1285 = LINE('',#1286,#1287);
#1286 = CARTESIAN_POINT('',(-3.555999965983,1.41425127881,1.021200136804
    ));
#1287 = VECTOR('',#1288,1.);
#1288 = DIRECTION('',(1.103715896919E-16,0.901252424525,-0.433294434868)
  );
#1289 = ORIENTED_EDGE('',*,*,#1290,.T.);
#1290 = EDGE_CURVE('',#1283,#1291,#1293,.T.);
#1291 = VERTEX_POINT('',#1292);
#1292 = CARTESIAN_POINT('',(-3.555999965983,2.735051266176,
    5.200146522843E-03));
#1293 = LINE('',#1294,#1295);
#1294 = CARTESIAN_POINT('',(-3.555999965983,2.735051266176,
    0.386200142878));
#1295 = VECTOR('',#1296,1.);
#1296 = DIRECTION('',(-4.275831445897E-31,-3.491481338843E-15,-1.));
#1297 = ORIENTED_EDGE('',*,*,#1298,.T.);
#1298 = EDGE_CURVE('',#1291,#1299,#1301,.T.);
#1299 = VERTEX_POINT('',#1300);
#1300 = CARTESIAN_POINT('',(-3.555999965983,0.499851287558,
    5.20014652285E-03));
#1301 = LINE('',#1302,#1303);
#1302 = CARTESIAN_POINT('',(-3.555999965983,2.735051266176,
    5.200146522843E-03));
#1303 = VECTOR('',#1304,1.);
#1304 = DIRECTION('',(-1.224646799147E-16,-1.,3.491481338843E-15));
#1305 = ORIENTED_EDGE('',*,*,#1306,.T.);
#1306 = EDGE_CURVE('',#1299,#1307,#1309,.T.);
#1307 = VERTEX_POINT('',#1308);
#1308 = CARTESIAN_POINT('',(-3.555999965983,0.499851287558,
    0.513200141663));
#1309 = LINE('',#1310,#1311);
#1310 = CARTESIAN_POINT('',(-3.555999965983,0.499851287558,
    5.20014652285E-03));
#1311 = VECTOR('',#1312,1.);
#1312 = DIRECTION('',(4.275831445897E-31,3.491481338843E-15,1.));
#1313 = ORIENTED_EDGE('',*,*,#1314,.T.);
#1314 = EDGE_CURVE('',#1307,#1315,#1317,.T.);
#1315 = VERTEX_POINT('',#1316);
#1316 = CARTESIAN_POINT('',(-3.555999965983,-0.732048700658,
    0.513200141663));
#1317 = LINE('',#1318,#1319);
#1318 = CARTESIAN_POINT('',(-3.555999965983,0.499851287558,
    0.513200141663));
#1319 = VECTOR('',#1320,1.);
#1320 = DIRECTION('',(-1.224646799147E-16,-1.,3.491481338843E-15));
#1321 = ORIENTED_EDGE('',*,*,#1322,.F.);
#1322 = EDGE_CURVE('',#1323,#1315,#1325,.T.);
#1323 = VERTEX_POINT('',#1324);
#1324 = CARTESIAN_POINT('',(-3.555999965983,-0.732048700658,
    -0.756799846188));
#1325 = LINE('',#1326,#1327);
#1326 = CARTESIAN_POINT('',(-3.555999965983,-0.732048700658,
    -0.756799846188));
#1327 = VECTOR('',#1328,1.);
#1328 = DIRECTION('',(4.275831445897E-31,3.491481338843E-15,1.));
#1329 = ORIENTED_EDGE('',*,*,#1330,.T.);
#1330 = EDGE_CURVE('',#1323,#1331,#1333,.T.);
#1331 = VERTEX_POINT('',#1332);
#1332 = CARTESIAN_POINT('',(-3.555999965983,-1.722648691182,
    -0.756799846188));
#1333 = LINE('',#1334,#1335);
#1334 = CARTESIAN_POINT('',(-3.555999965983,-0.732048700658,
    -0.756799846188));
#1335 = VECTOR('',#1336,1.);
#1336 = DIRECTION('',(-1.224646799147E-16,-1.,3.491481338843E-15));
#1337 = ORIENTED_EDGE('',*,*,#1338,.T.);
#1338 = EDGE_CURVE('',#1331,#1339,#1341,.T.);
#1339 = VERTEX_POINT('',#1340);
#1340 = CARTESIAN_POINT('',(-3.555999965983,-1.722648691182,
    0.360800143121));
#1341 = LINE('',#1342,#1343);
#1342 = CARTESIAN_POINT('',(-3.555999965983,-1.722648691182,
    -0.756799846188));
#1343 = VECTOR('',#1344,1.);
#1344 = DIRECTION('',(4.275831445897E-31,3.491481338843E-15,1.));
#1345 = ORIENTED_EDGE('',*,*,#1346,.T.);
#1346 = EDGE_CURVE('',#1339,#1347,#1349,.T.);
#1347 = VERTEX_POINT('',#1348);
#1348 = CARTESIAN_POINT('',(-3.555999965983,-2.027448688266,
    0.360800143121));
#1349 = CIRCLE('',#1350,0.152399998542);
#1350 = AXIS2_PLACEMENT_3D('',#1351,#1352,#1353);
#1351 = CARTESIAN_POINT('',(-3.555999965983,-1.875048689724,
    0.360800143121));
#1352 = DIRECTION('',(1.,-1.224646799147E-16,0.));
#1353 = DIRECTION('',(1.224646799147E-16,1.,2.8456749934E-14));
#1354 = ORIENTED_EDGE('',*,*,#1355,.T.);
#1355 = EDGE_CURVE('',#1347,#1356,#1358,.T.);
#1356 = VERTEX_POINT('',#1357);
#1357 = CARTESIAN_POINT('',(-3.555999965983,-2.027448688266,
    5.20014652286E-03));
#1358 = LINE('',#1359,#1360);
#1359 = CARTESIAN_POINT('',(-3.555999965983,-2.027448688266,
    0.360800143121));
#1360 = VECTOR('',#1361,1.);
#1361 = DIRECTION('',(-4.275831445897E-31,-3.491481338843E-15,-1.));
#1362 = ORIENTED_EDGE('',*,*,#1363,.T.);
#1363 = EDGE_CURVE('',#1356,#1364,#1366,.T.);
#1364 = VERTEX_POINT('',#1365);
#1365 = CARTESIAN_POINT('',(-3.555999965983,-2.484648683893,
    5.200146522862E-03));
#1366 = LINE('',#1367,#1368);
#1367 = CARTESIAN_POINT('',(-3.555999965983,-2.027448688266,
    5.20014652286E-03));
#1368 = VECTOR('',#1369,1.);
#1369 = DIRECTION('',(-1.224646799147E-16,-1.,3.491481338843E-15));
#1370 = ORIENTED_EDGE('',*,*,#1371,.T.);
#1371 = EDGE_CURVE('',#1364,#1372,#1374,.T.);
#1372 = VERTEX_POINT('',#1373);
#1373 = CARTESIAN_POINT('',(-3.555999965983,-2.738648681463,
    0.259200144093));
#1374 = CIRCLE('',#1375,0.25399999757);
#1375 = AXIS2_PLACEMENT_3D('',#1376,#1377,#1378);
#1376 = CARTESIAN_POINT('',(-3.555999965983,-2.484648683893,
    0.259200144093));
#1377 = DIRECTION('',(-1.,1.224646799147E-16,0.));
#1378 = DIRECTION('',(-2.927355288548E-30,-2.390366994456E-14,-1.));
#1379 = ORIENTED_EDGE('',*,*,#1380,.T.);
#1380 = EDGE_CURVE('',#1372,#1381,#1383,.T.);
#1381 = VERTEX_POINT('',#1382);
#1382 = CARTESIAN_POINT('',(-3.555999965983,-2.738648681463,
    1.834000129028));
#1383 = LINE('',#1384,#1385);
#1384 = CARTESIAN_POINT('',(-3.555999965983,-2.738648681463,
    0.259200144093));
#1385 = VECTOR('',#1386,1.);
#1386 = DIRECTION('',(4.275831445897E-31,3.491481338843E-15,1.));
#1387 = ORIENTED_EDGE('',*,*,#1388,.T.);
#1388 = EDGE_CURVE('',#1381,#1389,#1391,.T.);
#1389 = VERTEX_POINT('',#1390);
#1390 = CARTESIAN_POINT('',(-3.555999965983,-1.392448694341,
    2.850000119309));
#1391 = LINE('',#1392,#1393);
#1392 = CARTESIAN_POINT('',(-3.555999965983,-2.738648681463,
    1.834000129028));
#1393 = VECTOR('',#1394,1.);
#1394 = DIRECTION('',(9.774997880697E-17,0.798189150333,0.602406905912)
  );
#1395 = ORIENTED_EDGE('',*,*,#1396,.T.);
#1396 = EDGE_CURVE('',#1389,#1397,#1399,.T.);
#1397 = VERTEX_POINT('',#1398);
#1398 = CARTESIAN_POINT('',(-3.555999965983,0.169651290716,
    2.850000119309));
#1399 = LINE('',#1400,#1401);
#1400 = CARTESIAN_POINT('',(-3.555999965983,-1.392448694341,
    2.850000119309));
#1401 = VECTOR('',#1402,1.);
#1402 = DIRECTION('',(1.224646799147E-16,1.,-3.491481338843E-15));
#1403 = ORIENTED_EDGE('',*,*,#1404,.T.);
#1404 = EDGE_CURVE('',#1397,#1405,#1407,.T.);
#1405 = VERTEX_POINT('',#1406);
#1406 = CARTESIAN_POINT('',(-3.555999965983,0.677651285857,
    3.722688654928));
#1407 = CIRCLE('',#1408,0.584199994412);
#1408 = AXIS2_PLACEMENT_3D('',#1409,#1410,#1411);
#1409 = CARTESIAN_POINT('',(-3.555999965983,0.169651290716,
    3.434200113721));
#1410 = DIRECTION('',(1.,-1.224646799147E-16,0.));
#1411 = DIRECTION('',(-4.545582746193E-31,-3.711749991392E-15,-1.));
#1412 = ORIENTED_EDGE('',*,*,#1413,.T.);
#1413 = EDGE_CURVE('',#1405,#1414,#1416,.T.);
#1414 = VERTEX_POINT('',#1415);
#1415 = CARTESIAN_POINT('',(-3.555999965983,0.677651285857,
    5.034400098413));
#1416 = LINE('',#1417,#1418);
#1417 = CARTESIAN_POINT('',(-3.555999965983,0.677651285857,
    3.722688654928));
#1418 = VECTOR('',#1419,1.);
#1419 = DIRECTION('',(4.275831445897E-31,3.491481338843E-15,1.));
#1420 = ORIENTED_EDGE('',*,*,#1421,.T.);
#1421 = EDGE_CURVE('',#1414,#1422,#1424,.T.);
#1422 = VERTEX_POINT('',#1423);
#1423 = CARTESIAN_POINT('',(-3.555999965983,3.344651260344,
    5.034400098413));
#1424 = LINE('',#1425,#1426);
#1425 = CARTESIAN_POINT('',(-3.555999965983,0.677651285857,
    5.034400098413));
#1426 = VECTOR('',#1427,1.);
#1427 = DIRECTION('',(1.224646799147E-16,1.,-3.491481338843E-15));
#1428 = ORIENTED_EDGE('',*,*,#1429,.F.);
#1429 = EDGE_CURVE('',#1265,#1422,#1430,.T.);
#1430 = LINE('',#1431,#1432);
#1431 = CARTESIAN_POINT('',(-3.555999965983,3.344651260344,
    1.834000129028));
#1432 = VECTOR('',#1433,1.);
#1433 = DIRECTION('',(4.275831445897E-31,3.491481338843E-15,1.));
#1434 = FACE_BOUND('',#1435,.T.);
#1435 = EDGE_LOOP('',(#1436,#1446,#1454,#1462,#1470,#1478));
#1436 = ORIENTED_EDGE('',*,*,#1437,.F.);
#1437 = EDGE_CURVE('',#1438,#1440,#1442,.T.);
#1438 = VERTEX_POINT('',#1439);
#1439 = CARTESIAN_POINT('',(-3.555999965983,-0.724053711292,
    1.629378553875));
#1440 = VERTEX_POINT('',#1441);
#1441 = CARTESIAN_POINT('',(-3.555999965983,-0.589058476447,
    1.629378553875));
#1442 = LINE('',#1443,#1444);
#1443 = CARTESIAN_POINT('',(-3.555999965983,-0.589058476447,
    1.629378553875));
#1444 = VECTOR('',#1445,1.);
#1445 = DIRECTION('',(1.224646799147E-16,1.,-3.212564246022E-15));
#1446 = ORIENTED_EDGE('',*,*,#1447,.F.);
#1447 = EDGE_CURVE('',#1448,#1438,#1450,.T.);
#1448 = VERTEX_POINT('',#1449);
#1449 = CARTESIAN_POINT('',(-3.555999965983,-0.724053711292,
    1.590734218355));
#1450 = LINE('',#1451,#1452);
#1451 = CARTESIAN_POINT('',(-3.555999965983,-0.724053711292,
    1.629378553875));
#1452 = VECTOR('',#1453,1.);
#1453 = DIRECTION('',(0.,0.,1.));
#1454 = ORIENTED_EDGE('',*,*,#1455,.F.);
#1455 = EDGE_CURVE('',#1456,#1448,#1458,.T.);
#1456 = VERTEX_POINT('',#1457);
#1457 = CARTESIAN_POINT('',(-3.555999965983,-0.545301997887,
    1.590734218355));
#1458 = LINE('',#1459,#1460);
#1459 = CARTESIAN_POINT('',(-3.555999965983,-0.724053711292,
    1.590734218355));
#1460 = VECTOR('',#1461,1.);
#1461 = DIRECTION('',(-1.224646799147E-16,-1.,3.032704250677E-15));
#1462 = ORIENTED_EDGE('',*,*,#1463,.F.);
#1463 = EDGE_CURVE('',#1464,#1456,#1466,.T.);
#1464 = VERTEX_POINT('',#1465);
#1465 = CARTESIAN_POINT('',(-3.555999965983,-0.545301997887,
    1.929695295831));
#1466 = LINE('',#1467,#1468);
#1467 = CARTESIAN_POINT('',(-3.555999965983,-0.545301997887,
    1.590734218355));
#1468 = VECTOR('',#1469,1.);
#1469 = DIRECTION('',(-3.133727842375E-31,-2.55888297308E-15,-1.));
#1470 = ORIENTED_EDGE('',*,*,#1471,.F.);
#1471 = EDGE_CURVE('',#1472,#1464,#1474,.T.);
#1472 = VERTEX_POINT('',#1473);
#1473 = CARTESIAN_POINT('',(-3.555999965983,-0.589058476447,
    1.929695295831));
#1474 = LINE('',#1475,#1476);
#1475 = CARTESIAN_POINT('',(-3.555999965983,-0.545301997887,
    1.929695295831));
#1476 = VECTOR('',#1477,1.);
#1477 = DIRECTION('',(1.224646799147E-16,1.,-0.));
#1478 = ORIENTED_EDGE('',*,*,#1479,.F.);
#1479 = EDGE_CURVE('',#1440,#1472,#1480,.T.);
#1480 = LINE('',#1481,#1482);
#1481 = CARTESIAN_POINT('',(-3.555999965983,-0.589058476447,
    1.929695295831));
#1482 = VECTOR('',#1483,1.);
#1483 = DIRECTION('',(5.305457293437E-31,4.332234646864E-15,1.));
#1484 = FACE_BOUND('',#1485,.T.);
#1485 = EDGE_LOOP('',(#1486,#1496,#1505,#1514,#1523,#1532,#1541,#1550,
    #1558,#1567,#1576,#1585,#1594,#1603));
#1486 = ORIENTED_EDGE('',*,*,#1487,.F.);
#1487 = EDGE_CURVE('',#1488,#1490,#1492,.T.);
#1488 = VERTEX_POINT('',#1489);
#1489 = CARTESIAN_POINT('',(-3.555999965983,-0.99170472569,
    1.604770950091));
#1490 = VERTEX_POINT('',#1491);
#1491 = CARTESIAN_POINT('',(-3.555999965983,-0.99170472569,
    1.646707852315));
#1492 = LINE('',#1493,#1494);
#1493 = CARTESIAN_POINT('',(-3.555999965983,-0.99170472569,
    1.646707852315));
#1494 = VECTOR('',#1495,1.);
#1495 = DIRECTION('',(0.,0.,1.));
#1496 = ORIENTED_EDGE('',*,*,#1497,.F.);
#1497 = EDGE_CURVE('',#1498,#1488,#1500,.T.);
#1498 = VERTEX_POINT('',#1499);
#1499 = CARTESIAN_POINT('',(-3.555999965983,-0.897866574639,
    1.585015549869));
#1500 = B_SPLINE_CURVE_WITH_KNOTS('',3,(#1501,#1502,#1503,#1504),
  .UNSPECIFIED.,.F.,.F.,(4,4),(0.,1.),.PIECEWISE_BEZIER_KNOTS.);
#1501 = CARTESIAN_POINT('',(-3.555999965983,-0.897866574639,
    1.585015549869));
#1502 = CARTESIAN_POINT('',(-3.555999965983,-0.935471152253,
    1.585015549869));
#1503 = CARTESIAN_POINT('',(-3.555999965983,-0.966750535937,
    1.591600683276));
#1504 = CARTESIAN_POINT('',(-3.555999965983,-0.99170472569,
    1.604770950091));
#1505 = ORIENTED_EDGE('',*,*,#1506,.F.);
#1506 = EDGE_CURVE('',#1507,#1498,#1509,.T.);
#1507 = VERTEX_POINT('',#1508);
#1508 = CARTESIAN_POINT('',(-3.555999965983,-0.781413689126,
    1.631284776703));
#1509 = B_SPLINE_CURVE_WITH_KNOTS('',3,(#1510,#1511,#1512,#1513),
  .UNSPECIFIED.,.F.,.F.,(4,4),(1.,2.),.PIECEWISE_BEZIER_KNOTS.);
#1510 = CARTESIAN_POINT('',(-3.555999965983,-0.781413689126,
    1.631284776703));
#1511 = CARTESIAN_POINT('',(-3.555999965983,-0.810440264012,
    1.600438625481));
#1512 = CARTESIAN_POINT('',(-3.555999965983,-0.849257892517,
    1.585015549869));
#1513 = CARTESIAN_POINT('',(-3.555999965983,-0.897866574639,
    1.585015549869));
#1514 = ORIENTED_EDGE('',*,*,#1515,.F.);
#1515 = EDGE_CURVE('',#1516,#1507,#1518,.T.);
#1516 = VERTEX_POINT('',#1517);
#1517 = CARTESIAN_POINT('',(-3.555999965983,-0.737917150043,
    1.75380291667));
#1518 = B_SPLINE_CURVE_WITH_KNOTS('',3,(#1519,#1520,#1521,#1522),
  .UNSPECIFIED.,.F.,.F.,(4,4),(2.,3.),.PIECEWISE_BEZIER_KNOTS.);
#1519 = CARTESIAN_POINT('',(-3.555999965983,-0.737917150043,
    1.75380291667));
#1520 = CARTESIAN_POINT('',(-3.555999965983,-0.737917150043,
    1.703028072242));
#1521 = CARTESIAN_POINT('',(-3.555999965983,-0.752387114239,
    1.662130927925));
#1522 = CARTESIAN_POINT('',(-3.555999965983,-0.781413689126,
    1.631284776703));
#1523 = ORIENTED_EDGE('',*,*,#1524,.F.);
#1524 = EDGE_CURVE('',#1525,#1516,#1527,.T.);
#1525 = VERTEX_POINT('',#1526);
#1526 = CARTESIAN_POINT('',(-3.555999965983,-0.786872418134,
    1.88550558481));
#1527 = B_SPLINE_CURVE_WITH_KNOTS('',3,(#1528,#1529,#1530,#1531),
  .UNSPECIFIED.,.F.,.F.,(4,4),(3.,4.),.PIECEWISE_BEZIER_KNOTS.);
#1528 = CARTESIAN_POINT('',(-3.555999965983,-0.786872418134,
    1.88550558481));
#1529 = CARTESIAN_POINT('',(-3.555999965983,-0.754206690576,
    1.852233331807));
#1530 = CARTESIAN_POINT('',(-3.555999965983,-0.737917150043,
    1.808390206754));
#1531 = CARTESIAN_POINT('',(-3.555999965983,-0.737917150043,
    1.75380291667));
#1532 = ORIENTED_EDGE('',*,*,#1533,.F.);
#1533 = EDGE_CURVE('',#1534,#1525,#1536,.T.);
#1534 = VERTEX_POINT('',#1535);
#1535 = CARTESIAN_POINT('',(-3.555999965983,-0.911383427422,
    1.935413964317));
#1536 = B_SPLINE_CURVE_WITH_KNOTS('',3,(#1537,#1538,#1539,#1540),
  .UNSPECIFIED.,.F.,.F.,(4,4),(4.,5.),.PIECEWISE_BEZIER_KNOTS.);
#1537 = CARTESIAN_POINT('',(-3.555999965983,-0.911383427422,
    1.935413964317));
#1538 = CARTESIAN_POINT('',(-3.555999965983,-0.861041815456,
    1.935413964317));
#1539 = CARTESIAN_POINT('',(-3.555999965983,-0.819538145693,
    1.918777837815));
#1540 = CARTESIAN_POINT('',(-3.555999965983,-0.786872418134,
    1.88550558481));
#1541 = ORIENTED_EDGE('',*,*,#1542,.F.);
#1542 = EDGE_CURVE('',#1543,#1534,#1545,.T.);
#1543 = VERTEX_POINT('',#1544);
#1544 = CARTESIAN_POINT('',(-3.555999965983,-0.99170472569,
    1.921550525565));
#1545 = B_SPLINE_CURVE_WITH_KNOTS('',3,(#1546,#1547,#1548,#1549),
  .UNSPECIFIED.,.F.,.F.,(4,4),(5.,6.),.PIECEWISE_BEZIER_KNOTS.);
#1546 = CARTESIAN_POINT('',(-3.555999965983,-0.99170472569,
    1.921550525565));
#1547 = CARTESIAN_POINT('',(-3.555999965983,-0.970562981594,
    1.930735053739));
#1548 = CARTESIAN_POINT('',(-3.555999965983,-0.943789215504,
    1.935413964317));
#1549 = CARTESIAN_POINT('',(-3.555999965983,-0.911383427422,
    1.935413964317));
#1550 = ORIENTED_EDGE('',*,*,#1551,.F.);
#1551 = EDGE_CURVE('',#1552,#1543,#1554,.T.);
#1552 = VERTEX_POINT('',#1553);
#1553 = CARTESIAN_POINT('',(-3.555999965983,-0.99170472569,
    1.875801177686));
#1554 = LINE('',#1555,#1556);
#1555 = CARTESIAN_POINT('',(-3.555999965983,-0.99170472569,
    1.921550525565));
#1556 = VECTOR('',#1557,1.);
#1557 = DIRECTION('',(0.,0.,1.));
#1558 = ORIENTED_EDGE('',*,*,#1559,.F.);
#1559 = EDGE_CURVE('',#1560,#1552,#1562,.T.);
#1560 = VERTEX_POINT('',#1561);
#1561 = CARTESIAN_POINT('',(-3.555999965983,-0.911816659884,
    1.895903163873));
#1562 = B_SPLINE_CURVE_WITH_KNOTS('',3,(#1563,#1564,#1565,#1566),
  .UNSPECIFIED.,.F.,.F.,(4,4),(7.,8.),.PIECEWISE_BEZIER_KNOTS.);
#1563 = CARTESIAN_POINT('',(-3.555999965983,-0.911816659884,
    1.895903163873));
#1564 = CARTESIAN_POINT('',(-3.555999965983,-0.940843234769,
    1.895903163873));
#1565 = CARTESIAN_POINT('',(-3.555999965983,-0.967443707874,
    1.889318030467));
#1566 = CARTESIAN_POINT('',(-3.555999965983,-0.99170472569,
    1.875801177686));
#1567 = ORIENTED_EDGE('',*,*,#1568,.F.);
#1568 = EDGE_CURVE('',#1569,#1560,#1571,.T.);
#1569 = VERTEX_POINT('',#1570);
#1570 = CARTESIAN_POINT('',(-3.555999965983,-0.819451499201,
    1.858298586261));
#1571 = B_SPLINE_CURVE_WITH_KNOTS('',3,(#1572,#1573,#1574,#1575),
  .UNSPECIFIED.,.F.,.F.,(4,4),(8.,9.),.PIECEWISE_BEZIER_KNOTS.);
#1572 = CARTESIAN_POINT('',(-3.555999965983,-0.819451499201,
    1.858298586261));
#1573 = CARTESIAN_POINT('',(-3.555999965983,-0.843279284555,
    1.883426068997));
#1574 = CARTESIAN_POINT('',(-3.555999965983,-0.874038789286,
    1.895903163873));
#1575 = CARTESIAN_POINT('',(-3.555999965983,-0.911816659884,
    1.895903163873));
#1576 = ORIENTED_EDGE('',*,*,#1577,.F.);
#1577 = EDGE_CURVE('',#1578,#1569,#1580,.T.);
#1578 = VERTEX_POINT('',#1579);
#1579 = CARTESIAN_POINT('',(-3.555999965983,-0.783839790908,
    1.756402311437));
#1580 = B_SPLINE_CURVE_WITH_KNOTS('',3,(#1581,#1582,#1583,#1584),
  .UNSPECIFIED.,.F.,.F.,(4,4),(9.,10.),.PIECEWISE_BEZIER_KNOTS.);
#1581 = CARTESIAN_POINT('',(-3.555999965983,-0.783839790908,
    1.756402311437));
#1582 = CARTESIAN_POINT('',(-3.555999965983,-0.783839790908,
    1.799032385598));
#1583 = CARTESIAN_POINT('',(-3.555999965983,-0.795710360338,
    1.832997810538));
#1584 = CARTESIAN_POINT('',(-3.555999965983,-0.819451499201,
    1.858298586261));
#1585 = ORIENTED_EDGE('',*,*,#1586,.F.);
#1586 = EDGE_CURVE('',#1587,#1578,#1589,.T.);
#1587 = VERTEX_POINT('',#1588);
#1588 = CARTESIAN_POINT('',(-3.555999965983,-0.817112043911,
    1.659704826144));
#1589 = B_SPLINE_CURVE_WITH_KNOTS('',3,(#1590,#1591,#1592,#1593),
  .UNSPECIFIED.,.F.,.F.,(4,4),(10.,11.),.PIECEWISE_BEZIER_KNOTS.);
#1590 = CARTESIAN_POINT('',(-3.555999965983,-0.817112043911,
    1.659704826144));
#1591 = CARTESIAN_POINT('',(-3.555999965983,-0.794930541908,
    1.683619257991));
#1592 = CARTESIAN_POINT('',(-3.555999965983,-0.783839790908,
    1.715851753089));
#1593 = CARTESIAN_POINT('',(-3.555999965983,-0.783839790908,
    1.756402311437));
#1594 = ORIENTED_EDGE('',*,*,#1595,.F.);
#1595 = EDGE_CURVE('',#1596,#1587,#1598,.T.);
#1596 = VERTEX_POINT('',#1597);
#1597 = CARTESIAN_POINT('',(-3.555999965983,-0.90419176857,
    1.624006471358));
#1598 = B_SPLINE_CURVE_WITH_KNOTS('',3,(#1599,#1600,#1601,#1602),
  .UNSPECIFIED.,.F.,.F.,(4,4),(11.,12.),.PIECEWISE_BEZIER_KNOTS.);
#1599 = CARTESIAN_POINT('',(-3.555999965983,-0.90419176857,
    1.624006471358));
#1600 = CARTESIAN_POINT('',(-3.555999965983,-0.8683201208,1.624006471358
    ));
#1601 = CARTESIAN_POINT('',(-3.555999965983,-0.839293545914,
    1.635963687281));
#1602 = CARTESIAN_POINT('',(-3.555999965983,-0.817112043911,
    1.659704826144));
#1603 = ORIENTED_EDGE('',*,*,#1604,.F.);
#1604 = EDGE_CURVE('',#1490,#1596,#1605,.T.);
#1605 = B_SPLINE_CURVE_WITH_KNOTS('',3,(#1606,#1607,#1608,#1609),
  .UNSPECIFIED.,.F.,.F.,(4,4),(12.,13.),.PIECEWISE_BEZIER_KNOTS.);
#1606 = CARTESIAN_POINT('',(-3.555999965983,-0.99170472569,
    1.646707852315));
#1607 = CARTESIAN_POINT('',(-3.555999965983,-0.966923828921,
    1.631631362672));
#1608 = CARTESIAN_POINT('',(-3.555999965983,-0.93772396105,
    1.624006471358));
#1609 = CARTESIAN_POINT('',(-3.555999965983,-0.90419176857,
    1.624006471358));
#1610 = FACE_BOUND('',#1611,.T.);
#1611 = EDGE_LOOP('',(#1612,#1622,#1630,#1638,#1646,#1654,#1662,#1670,
    #1678,#1686,#1694,#1702));
#1612 = ORIENTED_EDGE('',*,*,#1613,.F.);
#1613 = EDGE_CURVE('',#1614,#1616,#1618,.T.);
#1614 = VERTEX_POINT('',#1615);
#1615 = CARTESIAN_POINT('',(-3.555999965983,-1.241853148663,
    1.629378553875));
#1616 = VERTEX_POINT('',#1617);
#1617 = CARTESIAN_POINT('',(-3.555999965983,-1.10330540764,
    1.629378553875));
#1618 = LINE('',#1619,#1620);
#1619 = CARTESIAN_POINT('',(-3.555999965983,-1.10330540764,
    1.629378553875));
#1620 = VECTOR('',#1621,1.);
#1621 = DIRECTION('',(1.224646799147E-16,1.,-3.130190803856E-15));
#1622 = ORIENTED_EDGE('',*,*,#1623,.F.);
#1623 = EDGE_CURVE('',#1624,#1614,#1626,.T.);
#1624 = VERTEX_POINT('',#1625);
#1625 = CARTESIAN_POINT('',(-3.555999965983,-1.241853148663,
    1.590734218355));
#1626 = LINE('',#1627,#1628);
#1627 = CARTESIAN_POINT('',(-3.555999965983,-1.241853148663,
    1.629378553875));
#1628 = VECTOR('',#1629,1.);
#1629 = DIRECTION('',(0.,0.,1.));
#1630 = ORIENTED_EDGE('',*,*,#1631,.F.);
#1631 = EDGE_CURVE('',#1632,#1624,#1634,.T.);
#1632 = VERTEX_POINT('',#1633);
#1633 = CARTESIAN_POINT('',(-3.555999965983,-1.059548929081,
    1.590734218355));
#1634 = LINE('',#1635,#1636);
#1635 = CARTESIAN_POINT('',(-3.555999965983,-1.241853148663,
    1.590734218355));
#1636 = VECTOR('',#1637,1.);
#1637 = DIRECTION('',(-1.224646799147E-16,-1.,3.568328252399E-15));
#1638 = ORIENTED_EDGE('',*,*,#1639,.F.);
#1639 = EDGE_CURVE('',#1640,#1632,#1642,.T.);
#1640 = VERTEX_POINT('',#1641);
#1641 = CARTESIAN_POINT('',(-3.555999965983,-1.059548929081,
    1.929695295831));
#1642 = LINE('',#1643,#1644);
#1643 = CARTESIAN_POINT('',(-3.555999965983,-1.059548929081,
    1.590734218355));
#1644 = VECTOR('',#1645,1.);
#1645 = DIRECTION('',(-3.133727842375E-31,-2.55888297308E-15,-1.));
#1646 = ORIENTED_EDGE('',*,*,#1647,.F.);
#1647 = EDGE_CURVE('',#1648,#1640,#1650,.T.);
#1648 = VERTEX_POINT('',#1649);
#1649 = CARTESIAN_POINT('',(-3.555999965983,-1.234141610858,
    1.929695295831));
#1650 = LINE('',#1651,#1652);
#1651 = CARTESIAN_POINT('',(-3.555999965983,-1.059548929081,
    1.929695295831));
#1652 = VECTOR('',#1653,1.);
#1653 = DIRECTION('',(1.224646799147E-16,1.,-3.725936795543E-15));
#1654 = ORIENTED_EDGE('',*,*,#1655,.F.);
#1655 = EDGE_CURVE('',#1656,#1648,#1658,.T.);
#1656 = VERTEX_POINT('',#1657);
#1657 = CARTESIAN_POINT('',(-3.555999965983,-1.234141610858,
    1.890704374343));
#1658 = LINE('',#1659,#1660);
#1659 = CARTESIAN_POINT('',(-3.555999965983,-1.234141610858,
    1.929695295831));
#1660 = VECTOR('',#1661,1.);
#1661 = DIRECTION('',(0.,0.,1.));
#1662 = ORIENTED_EDGE('',*,*,#1663,.F.);
#1663 = EDGE_CURVE('',#1664,#1656,#1666,.T.);
#1664 = VERTEX_POINT('',#1665);
#1665 = CARTESIAN_POINT('',(-3.555999965983,-1.10330540764,
    1.890704374343));
#1666 = LINE('',#1667,#1668);
#1667 = CARTESIAN_POINT('',(-3.555999965983,-1.234141610858,
    1.890704374343));
#1668 = VECTOR('',#1669,1.);
#1669 = DIRECTION('',(-1.224646799147E-16,-1.,3.314685493603E-15));
#1670 = ORIENTED_EDGE('',*,*,#1671,.F.);
#1671 = EDGE_CURVE('',#1672,#1664,#1674,.T.);
#1672 = VERTEX_POINT('',#1673);
#1673 = CARTESIAN_POINT('',(-3.555999965983,-1.10330540764,1.78222296611
    ));
#1674 = LINE('',#1675,#1676);
#1675 = CARTESIAN_POINT('',(-3.555999965983,-1.10330540764,
    1.890704374343));
#1676 = VECTOR('',#1677,1.);
#1677 = DIRECTION('',(4.895824009276E-31,3.99774368633E-15,1.));
#1678 = ORIENTED_EDGE('',*,*,#1679,.F.);
#1679 = EDGE_CURVE('',#1680,#1672,#1682,.T.);
#1680 = VERTEX_POINT('',#1681);
#1681 = CARTESIAN_POINT('',(-3.555999965983,-1.224523850224,
    1.78222296611));
#1682 = LINE('',#1683,#1684);
#1683 = CARTESIAN_POINT('',(-3.555999965983,-1.10330540764,1.78222296611
    ));
#1684 = VECTOR('',#1685,1.);
#1685 = DIRECTION('',(1.224646799147E-16,1.,-2.683260415671E-15));
#1686 = ORIENTED_EDGE('',*,*,#1687,.F.);
#1687 = EDGE_CURVE('',#1688,#1680,#1690,.T.);
#1688 = VERTEX_POINT('',#1689);
#1689 = CARTESIAN_POINT('',(-3.555999965983,-1.224523850224,
    1.743405337606));
#1690 = LINE('',#1691,#1692);
#1691 = CARTESIAN_POINT('',(-3.555999965983,-1.224523850224,
    1.78222296611));
#1692 = VECTOR('',#1693,1.);
#1693 = DIRECTION('',(0.,0.,1.));
#1694 = ORIENTED_EDGE('',*,*,#1695,.F.);
#1695 = EDGE_CURVE('',#1696,#1688,#1698,.T.);
#1696 = VERTEX_POINT('',#1697);
#1697 = CARTESIAN_POINT('',(-3.555999965983,-1.10330540764,
    1.743405337606));
#1698 = LINE('',#1699,#1700);
#1699 = CARTESIAN_POINT('',(-3.555999965983,-1.224523850224,
    1.743405337606));
#1700 = VECTOR('',#1701,1.);
#1701 = DIRECTION('',(-1.224646799147E-16,-1.,2.683260415671E-15));
#1702 = ORIENTED_EDGE('',*,*,#1703,.F.);
#1703 = EDGE_CURVE('',#1616,#1696,#1704,.T.);
#1704 = LINE('',#1705,#1706);
#1705 = CARTESIAN_POINT('',(-3.555999965983,-1.10330540764,
    1.743405337606));
#1706 = VECTOR('',#1707,1.);
#1707 = DIRECTION('',(4.657729224702E-31,3.803324540549E-15,1.));
#1708 = FACE_BOUND('',#1709,.T.);
#1709 = EDGE_LOOP('',(#1710,#1720,#1728,#1736,#1744,#1752,#1760,#1768));
#1710 = ORIENTED_EDGE('',*,*,#1711,.F.);
#1711 = EDGE_CURVE('',#1712,#1714,#1716,.T.);
#1712 = VERTEX_POINT('',#1713);
#1713 = CARTESIAN_POINT('',(-3.555999965983,-1.776548652015,
    1.929695295831));
#1714 = VERTEX_POINT('',#1715);
#1715 = CARTESIAN_POINT('',(-3.555999965983,-1.729759546229,
    1.929695295831));
#1716 = LINE('',#1717,#1718);
#1717 = CARTESIAN_POINT('',(-3.555999965983,-1.729759546229,
    1.929695295831));
#1718 = VECTOR('',#1719,1.);
#1719 = DIRECTION('',(1.224646799147E-16,1.,-4.63442138459E-15));
#1720 = ORIENTED_EDGE('',*,*,#1721,.F.);
#1721 = EDGE_CURVE('',#1722,#1712,#1724,.T.);
#1722 = VERTEX_POINT('',#1723);
#1723 = CARTESIAN_POINT('',(-3.555999965983,-1.90565192539,
    1.590734218355));
#1724 = LINE('',#1725,#1726);
#1725 = CARTESIAN_POINT('',(-3.555999965983,-1.776548652015,
    1.929695295831));
#1726 = VECTOR('',#1727,1.);
#1727 = DIRECTION('',(4.358955455518E-17,0.35593572437,0.934510438742));
#1728 = ORIENTED_EDGE('',*,*,#1729,.F.);
#1729 = EDGE_CURVE('',#1730,#1722,#1732,.T.);
#1730 = VERTEX_POINT('',#1731);
#1731 = CARTESIAN_POINT('',(-3.555999965983,-1.857303182744,
    1.590734218355));
#1732 = LINE('',#1733,#1734);
#1733 = CARTESIAN_POINT('',(-3.555999965983,-1.90565192539,
    1.590734218355));
#1734 = VECTOR('',#1735,1.);
#1735 = DIRECTION('',(-1.224646799147E-16,-1.,4.484923920522E-15));
#1736 = ORIENTED_EDGE('',*,*,#1737,.F.);
#1737 = EDGE_CURVE('',#1738,#1730,#1740,.T.);
#1738 = VERTEX_POINT('',#1739);
#1739 = CARTESIAN_POINT('',(-3.555999965983,-1.822731232357,
    1.683445965007));
#1740 = LINE('',#1741,#1742);
#1741 = CARTESIAN_POINT('',(-3.555999965983,-1.857303182744,
    1.590734218355));
#1742 = VECTOR('',#1743,1.);
#1743 = DIRECTION('',(-4.278860555684E-17,-0.349395479469,
    -0.936975345954));
#1744 = ORIENTED_EDGE('',*,*,#1745,.F.);
#1745 = EDGE_CURVE('',#1746,#1738,#1748,.T.);
#1746 = VERTEX_POINT('',#1747);
#1747 = CARTESIAN_POINT('',(-3.555999965983,-1.681584096566,
    1.683445965007));
#1748 = LINE('',#1749,#1750);
#1749 = CARTESIAN_POINT('',(-3.555999965983,-1.822731232357,
    1.683445965007));
#1750 = VECTOR('',#1751,1.);
#1751 = DIRECTION('',(-1.224646799147E-16,-1.,3.840680705423E-15));
#1752 = ORIENTED_EDGE('',*,*,#1753,.F.);
#1753 = EDGE_CURVE('',#1754,#1746,#1756,.T.);
#1754 = VERTEX_POINT('',#1755);
#1755 = CARTESIAN_POINT('',(-3.555999965983,-1.6490050155,1.590734218355
    ));
#1756 = LINE('',#1757,#1758);
#1757 = CARTESIAN_POINT('',(-3.555999965983,-1.681584096566,
    1.683445965007));
#1758 = VECTOR('',#1759,1.);
#1759 = DIRECTION('',(-4.060052163592E-17,-0.33152841835,0.943445233082)
  );
#1760 = ORIENTED_EDGE('',*,*,#1761,.F.);
#1761 = EDGE_CURVE('',#1762,#1754,#1764,.T.);
#1762 = VERTEX_POINT('',#1763);
#1763 = CARTESIAN_POINT('',(-3.555999965983,-1.600656272856,
    1.590734218355));
#1764 = LINE('',#1765,#1766);
#1765 = CARTESIAN_POINT('',(-3.555999965983,-1.6490050155,1.590734218355
    ));
#1766 = VECTOR('',#1767,1.);
#1767 = DIRECTION('',(-1.224646799147E-16,-1.,2.242461960368E-15));
#1768 = ORIENTED_EDGE('',*,*,#1769,.F.);
#1769 = EDGE_CURVE('',#1714,#1762,#1770,.T.);
#1770 = LINE('',#1771,#1772);
#1771 = CARTESIAN_POINT('',(-3.555999965983,-1.600656272856,
    1.590734218355));
#1772 = VECTOR('',#1773,1.);
#1773 = DIRECTION('',(4.358955455449E-17,0.355935724364,-0.934510438744)
  );
#1774 = FACE_BOUND('',#1775,.T.);
#1775 = EDGE_LOOP('',(#1776,#1786,#1794,#1802,#1810,#1818,#1826,#1834,
    #1842,#1850,#1858,#1866));
#1776 = ORIENTED_EDGE('',*,*,#1777,.F.);
#1777 = EDGE_CURVE('',#1778,#1780,#1782,.T.);
#1778 = VERTEX_POINT('',#1779);
#1779 = CARTESIAN_POINT('',(-3.555999965983,-0.727606217471,
    1.091650423297));
#1780 = VERTEX_POINT('',#1781);
#1781 = CARTESIAN_POINT('',(-3.555999965983,-0.589058476447,
    1.091650423297));
#1782 = LINE('',#1783,#1784);
#1783 = CARTESIAN_POINT('',(-3.555999965983,-0.589058476447,
    1.091650423297));
#1784 = VECTOR('',#1785,1.);
#1785 = DIRECTION('',(1.224646799147E-16,1.,-3.32582772907E-15));
#1786 = ORIENTED_EDGE('',*,*,#1787,.F.);
#1787 = EDGE_CURVE('',#1788,#1778,#1790,.T.);
#1788 = VERTEX_POINT('',#1789);
#1789 = CARTESIAN_POINT('',(-3.555999965983,-0.727606217471,
    1.053006087777));
#1790 = LINE('',#1791,#1792);
#1791 = CARTESIAN_POINT('',(-3.555999965983,-0.727606217471,
    1.091650423297));
#1792 = VECTOR('',#1793,1.);
#1793 = DIRECTION('',(0.,0.,1.));
#1794 = ORIENTED_EDGE('',*,*,#1795,.F.);
#1795 = EDGE_CURVE('',#1796,#1788,#1798,.T.);
#1796 = VERTEX_POINT('',#1797);
#1797 = CARTESIAN_POINT('',(-3.555999965983,-0.545301997887,
    1.053006087777));
#1798 = LINE('',#1799,#1800);
#1799 = CARTESIAN_POINT('',(-3.555999965983,-0.727606217471,
    1.053006087777));
#1800 = VECTOR('',#1801,1.);
#1801 = DIRECTION('',(-1.224646799147E-16,-1.,3.568328252376E-15));
#1802 = ORIENTED_EDGE('',*,*,#1803,.F.);
#1803 = EDGE_CURVE('',#1804,#1796,#1806,.T.);
#1804 = VERTEX_POINT('',#1805);
#1805 = CARTESIAN_POINT('',(-3.555999965983,-0.545301997887,
    1.391967165254));
#1806 = LINE('',#1807,#1808);
#1807 = CARTESIAN_POINT('',(-3.555999965983,-0.545301997887,
    1.053006087777));
#1808 = VECTOR('',#1809,1.);
#1809 = DIRECTION('',(-3.133727842375E-31,-2.55888297308E-15,-1.));
#1810 = ORIENTED_EDGE('',*,*,#1811,.F.);
#1811 = EDGE_CURVE('',#1812,#1804,#1814,.T.);
#1812 = VERTEX_POINT('',#1813);
#1813 = CARTESIAN_POINT('',(-3.555999965983,-0.719894679665,
    1.391967165254));
#1814 = LINE('',#1815,#1816);
#1815 = CARTESIAN_POINT('',(-3.555999965983,-0.545301997887,
    1.391967165254));
#1816 = VECTOR('',#1817,1.);
#1817 = DIRECTION('',(1.224646799147E-16,1.,-3.104947329619E-15));
#1818 = ORIENTED_EDGE('',*,*,#1819,.F.);
#1819 = EDGE_CURVE('',#1820,#1812,#1822,.T.);
#1820 = VERTEX_POINT('',#1821);
#1821 = CARTESIAN_POINT('',(-3.555999965983,-0.719894679665,
    1.352976243765));
#1822 = LINE('',#1823,#1824);
#1823 = CARTESIAN_POINT('',(-3.555999965983,-0.719894679665,
    1.391967165254));
#1824 = VECTOR('',#1825,1.);
#1825 = DIRECTION('',(0.,0.,1.));
#1826 = ORIENTED_EDGE('',*,*,#1827,.F.);
#1827 = EDGE_CURVE('',#1828,#1820,#1830,.T.);
#1828 = VERTEX_POINT('',#1829);
#1829 = CARTESIAN_POINT('',(-3.555999965983,-0.589058476447,
    1.352976243765));
#1830 = LINE('',#1831,#1832);
#1831 = CARTESIAN_POINT('',(-3.555999965983,-0.719894679665,
    1.352976243765));
#1832 = VECTOR('',#1833,1.);
#1833 = DIRECTION('',(-1.224646799147E-16,-1.,3.314685493604E-15));
#1834 = ORIENTED_EDGE('',*,*,#1835,.F.);
#1835 = EDGE_CURVE('',#1836,#1828,#1838,.T.);
#1836 = VERTEX_POINT('',#1837);
#1837 = CARTESIAN_POINT('',(-3.555999965983,-0.589058476447,
    1.244494835533));
#1838 = LINE('',#1839,#1840);
#1839 = CARTESIAN_POINT('',(-3.555999965983,-0.589058476447,
    1.352976243765));
#1840 = VECTOR('',#1841,1.);
#1841 = DIRECTION('',(4.895824009276E-31,3.99774368633E-15,1.));
#1842 = ORIENTED_EDGE('',*,*,#1843,.F.);
#1843 = EDGE_CURVE('',#1844,#1836,#1846,.T.);
#1844 = VERTEX_POINT('',#1845);
#1845 = CARTESIAN_POINT('',(-3.555999965983,-0.710276919032,
    1.244494835533));
#1846 = LINE('',#1847,#1848);
#1847 = CARTESIAN_POINT('',(-3.555999965983,-0.589058476447,
    1.244494835533));
#1848 = VECTOR('',#1849,1.);
#1849 = DIRECTION('',(1.224646799147E-16,1.,-3.13047048492E-15));
#1850 = ORIENTED_EDGE('',*,*,#1851,.F.);
#1851 = EDGE_CURVE('',#1852,#1844,#1854,.T.);
#1852 = VERTEX_POINT('',#1853);
#1853 = CARTESIAN_POINT('',(-3.555999965983,-0.710276919032,
    1.205677207029));
#1854 = LINE('',#1855,#1856);
#1855 = CARTESIAN_POINT('',(-3.555999965983,-0.710276919032,
    1.244494835533));
#1856 = VECTOR('',#1857,1.);
#1857 = DIRECTION('',(1.368207959761E-30,1.117226583791E-14,1.));
#1858 = ORIENTED_EDGE('',*,*,#1859,.F.);
#1859 = EDGE_CURVE('',#1860,#1852,#1862,.T.);
#1860 = VERTEX_POINT('',#1861);
#1861 = CARTESIAN_POINT('',(-3.555999965983,-0.589058476447,
    1.205677207029));
#1862 = LINE('',#1863,#1864);
#1863 = CARTESIAN_POINT('',(-3.555999965983,-0.710276919032,
    1.205677207029));
#1864 = VECTOR('',#1865,1.);
#1865 = DIRECTION('',(-1.224646799147E-16,-1.,3.577680554195E-15));
#1866 = ORIENTED_EDGE('',*,*,#1867,.F.);
#1867 = EDGE_CURVE('',#1780,#1860,#1868,.T.);
#1868 = LINE('',#1869,#1870);
#1869 = CARTESIAN_POINT('',(-3.555999965983,-0.589058476447,
    1.205677207029));
#1870 = VECTOR('',#1871,1.);
#1871 = DIRECTION('',(9.315458449405E-31,7.606649081099E-15,1.));
#1872 = FACE_BOUND('',#1873,.T.);
#1873 = EDGE_LOOP('',(#1874,#1885,#1893,#1901,#1909,#1918,#1927));
#1874 = ORIENTED_EDGE('',*,*,#1875,.F.);
#1875 = EDGE_CURVE('',#1876,#1878,#1880,.T.);
#1876 = VERTEX_POINT('',#1877);
#1877 = CARTESIAN_POINT('',(-3.555999965983,-1.82359769728,
    1.053006087777));
#1878 = VERTEX_POINT('',#1879);
#1879 = CARTESIAN_POINT('',(-3.555999965983,-1.955213718926,
    1.100488365501));
#1880 = B_SPLINE_CURVE_WITH_KNOTS('',3,(#1881,#1882,#1883,#1884),
  .UNSPECIFIED.,.F.,.F.,(4,4),(5.,6.),.PIECEWISE_BEZIER_KNOTS.);
#1881 = CARTESIAN_POINT('',(-3.555999965983,-1.82359769728,
    1.053006087777));
#1882 = CARTESIAN_POINT('',(-3.555999965983,-1.877231875949,
    1.053006087777));
#1883 = CARTESIAN_POINT('',(-3.555999965983,-1.921161647494,
    1.068775749356));
#1884 = CARTESIAN_POINT('',(-3.555999965983,-1.955213718926,
    1.100488365501));
#1885 = ORIENTED_EDGE('',*,*,#1886,.F.);
#1886 = EDGE_CURVE('',#1887,#1876,#1889,.T.);
#1887 = VERTEX_POINT('',#1888);
#1888 = CARTESIAN_POINT('',(-3.555999965983,-1.730366071676,
    1.053006087777));
#1889 = LINE('',#1890,#1891);
#1890 = CARTESIAN_POINT('',(-3.555999965983,-1.82359769728,
    1.053006087777));
#1891 = VECTOR('',#1892,1.);
#1892 = DIRECTION('',(-1.224646799147E-16,-1.,3.488737287641E-15));
#1893 = ORIENTED_EDGE('',*,*,#1894,.F.);
#1894 = EDGE_CURVE('',#1895,#1887,#1897,.T.);
#1895 = VERTEX_POINT('',#1896);
#1896 = CARTESIAN_POINT('',(-3.555999965983,-1.730366071676,
    1.391967165254));
#1897 = LINE('',#1898,#1899);
#1898 = CARTESIAN_POINT('',(-3.555999965983,-1.730366071676,
    1.053006087777));
#1899 = VECTOR('',#1900,1.);
#1900 = DIRECTION('',(-6.26745568475E-31,-5.11776594616E-15,-1.));
#1901 = ORIENTED_EDGE('',*,*,#1902,.F.);
#1902 = EDGE_CURVE('',#1903,#1895,#1905,.T.);
#1903 = VERTEX_POINT('',#1904);
#1904 = CARTESIAN_POINT('',(-3.555999965983,-1.827063556966,
    1.391967165254));
#1905 = LINE('',#1906,#1907);
#1906 = CARTESIAN_POINT('',(-3.555999965983,-1.730366071676,
    1.391967165254));
#1907 = VECTOR('',#1908,1.);
#1908 = DIRECTION('',(1.224646799147E-16,1.,-3.363692940471E-15));
#1909 = ORIENTED_EDGE('',*,*,#1910,.F.);
#1910 = EDGE_CURVE('',#1911,#1903,#1913,.T.);
#1911 = VERTEX_POINT('',#1912);
#1912 = CARTESIAN_POINT('',(-3.555999965983,-1.955213718926,
    1.347084282296));
#1913 = B_SPLINE_CURVE_WITH_KNOTS('',3,(#1914,#1915,#1916,#1917),
  .UNSPECIFIED.,.F.,.F.,(4,4),(2.,3.),.PIECEWISE_BEZIER_KNOTS.);
#1914 = CARTESIAN_POINT('',(-3.555999965983,-1.955213718926,
    1.347084282296));
#1915 = CARTESIAN_POINT('',(-3.555999965983,-1.921161647494,
    1.377063968594));
#1916 = CARTESIAN_POINT('',(-3.555999965983,-1.878444926839,
    1.391967165254));
#1917 = CARTESIAN_POINT('',(-3.555999965983,-1.827063556966,
    1.391967165254));
#1918 = ORIENTED_EDGE('',*,*,#1919,.F.);
#1919 = EDGE_CURVE('',#1920,#1911,#1922,.T.);
#1920 = VERTEX_POINT('',#1921);
#1921 = CARTESIAN_POINT('',(-3.555999965983,-2.006335149324,
    1.226818951124));
#1922 = B_SPLINE_CURVE_WITH_KNOTS('',3,(#1923,#1924,#1925,#1926),
  .UNSPECIFIED.,.F.,.F.,(4,4),(3.,4.),.PIECEWISE_BEZIER_KNOTS.);
#1923 = CARTESIAN_POINT('',(-3.555999965983,-2.006335149324,
    1.226818951124));
#1924 = CARTESIAN_POINT('',(-3.555999965983,-2.006335149324,
    1.277073916599));
#1925 = CARTESIAN_POINT('',(-3.555999965983,-1.98926579036,
    1.317104595995));
#1926 = CARTESIAN_POINT('',(-3.555999965983,-1.955213718926,
    1.347084282296));
#1927 = ORIENTED_EDGE('',*,*,#1928,.F.);
#1928 = EDGE_CURVE('',#1878,#1920,#1929,.T.);
#1929 = B_SPLINE_CURVE_WITH_KNOTS('',3,(#1930,#1931,#1932,#1933),
  .UNSPECIFIED.,.F.,.F.,(4,4),(4.,5.),.PIECEWISE_BEZIER_KNOTS.);
#1930 = CARTESIAN_POINT('',(-3.555999965983,-1.955213718926,
    1.100488365501));
#1931 = CARTESIAN_POINT('',(-3.555999965983,-1.98926579036,
    1.132200981646));
#1932 = CARTESIAN_POINT('',(-3.555999965983,-2.006335149324,
    1.174311176852));
#1933 = CARTESIAN_POINT('',(-3.555999965983,-2.006335149324,
    1.226818951124));
#1934 = FACE_BOUND('',#1935,.T.);
#1935 = EDGE_LOOP('',(#1936,#1947,#1956,#1965,#1974,#1982,#1991,#2000,
    #2009,#2017,#2026,#2035,#2044,#2053,#2062,#2071,#2080,#2089,#2098,
    #2107,#2115,#2123,#2131,#2140,#2149,#2158,#2167,#2176,#2185,#2194,
    #2203,#2212,#2221));
#1936 = ORIENTED_EDGE('',*,*,#1937,.F.);
#1937 = EDGE_CURVE('',#1938,#1940,#1942,.T.);
#1938 = VERTEX_POINT('',#1939);
#1939 = CARTESIAN_POINT('',(-3.555999965983,-2.911162434937E-02,
    1.704934631775));
#1940 = VERTEX_POINT('',#1941);
#1941 = CARTESIAN_POINT('',(-3.555999965983,0.101027256531,
    1.895322943042));
#1942 = B_SPLINE_CURVE_WITH_KNOTS('',3,(#1943,#1944,#1945,#1946),
  .UNSPECIFIED.,.F.,.F.,(4,4),(0.,1.),.PIECEWISE_BEZIER_KNOTS.);
#1943 = CARTESIAN_POINT('',(-3.555999965983,-2.911162434937E-02,
    1.704934631775));
#1944 = CARTESIAN_POINT('',(-3.555999965983,-2.601896582621E-03,
    1.777233989609));
#1945 = CARTESIAN_POINT('',(-3.555999965983,4.318773348772E-02,
    1.842303407068));
#1946 = CARTESIAN_POINT('',(-3.555999965983,0.101027256531,
    1.895322943042));
#1947 = ORIENTED_EDGE('',*,*,#1948,.F.);
#1948 = EDGE_CURVE('',#1949,#1938,#1951,.T.);
#1949 = VERTEX_POINT('',#1950);
#1950 = CARTESIAN_POINT('',(-3.555999965983,-0.267699450051,
    1.389227518625));
#1951 = B_SPLINE_CURVE_WITH_KNOTS('',3,(#1952,#1953,#1954,#1955),
  .UNSPECIFIED.,.F.,.F.,(4,4),(35.,36.),.PIECEWISE_BEZIER_KNOTS.);
#1952 = CARTESIAN_POINT('',(-3.555999965983,-0.267699450051,
    1.389227518625));
#1953 = CARTESIAN_POINT('',(-3.555999965983,-0.26528950823,
    1.533826142366));
#1954 = CARTESIAN_POINT('',(-3.555999965983,-0.166480330692,
    1.661555035457));
#1955 = CARTESIAN_POINT('',(-3.555999965983,-2.911162434937E-02,
    1.704934631775));
#1956 = ORIENTED_EDGE('',*,*,#1957,.F.);
#1957 = EDGE_CURVE('',#1958,#1949,#1960,.T.);
#1958 = VERTEX_POINT('',#1959);
#1959 = CARTESIAN_POINT('',(-3.555999965983,-0.178530223665,
    1.160279552141));
#1960 = B_SPLINE_CURVE_WITH_KNOTS('',3,(#1961,#1962,#1963,#1964),
  .UNSPECIFIED.,.F.,.F.,(4,4),(34.,35.),.PIECEWISE_BEZIER_KNOTS.);
#1961 = CARTESIAN_POINT('',(-3.555999965983,-0.178530223665,
    1.160279552141));
#1962 = CARTESIAN_POINT('',(-3.555999965983,-0.236369746709,
    1.222938958827));
#1963 = CARTESIAN_POINT('',(-3.555999965983,-0.267699450051,
    1.304878267815));
#1964 = CARTESIAN_POINT('',(-3.555999965983,-0.267699450051,
    1.389227518625));
#1965 = ORIENTED_EDGE('',*,*,#1966,.F.);
#1966 = EDGE_CURVE('',#1967,#1958,#1969,.T.);
#1967 = VERTEX_POINT('',#1968);
#1968 = CARTESIAN_POINT('',(-3.555999965983,4.077779166589E-02,
    1.051830515384));
#1969 = B_SPLINE_CURVE_WITH_KNOTS('',3,(#1970,#1971,#1972,#1973),
  .UNSPECIFIED.,.F.,.F.,(4,4),(33.,34.),.PIECEWISE_BEZIER_KNOTS.);
#1970 = CARTESIAN_POINT('',(-3.555999965983,4.077779166589E-02,
    1.051830515384));
#1971 = CARTESIAN_POINT('',(-3.555999965983,-4.357145914251E-02,
    1.059060432782));
#1972 = CARTESIAN_POINT('',(-3.555999965983,-0.120690792557,
    1.097620145456));
#1973 = CARTESIAN_POINT('',(-3.555999965983,-0.178530223665,
    1.160279552141));
#1974 = ORIENTED_EDGE('',*,*,#1975,.F.);
#1975 = EDGE_CURVE('',#1976,#1967,#1978,.T.);
#1976 = VERTEX_POINT('',#1977);
#1977 = CARTESIAN_POINT('',(-3.555999965983,0.182966473586,
    1.051830515384));
#1978 = LINE('',#1979,#1980);
#1979 = CARTESIAN_POINT('',(-3.555999965983,4.800770906361E-02,
    1.051830515384));
#1980 = VECTOR('',#1981,1.);
#1981 = DIRECTION('',(-1.224646799147E-16,-1.,3.74901296402E-15));
#1982 = ORIENTED_EDGE('',*,*,#1983,.F.);
#1983 = EDGE_CURVE('',#1984,#1976,#1986,.T.);
#1984 = VERTEX_POINT('',#1985);
#1985 = CARTESIAN_POINT('',(-3.555999965983,0.252855889601,
    1.126539815045));
#1986 = B_SPLINE_CURVE_WITH_KNOTS('',3,(#1987,#1988,#1989,#1990),
  .UNSPECIFIED.,.F.,.F.,(4,4),(28.,29.),.PIECEWISE_BEZIER_KNOTS.);
#1987 = CARTESIAN_POINT('',(-3.555999965983,0.252855889601,
    1.126539815045));
#1988 = CARTESIAN_POINT('',(-3.555999965983,0.252855889601,
    1.087980194304));
#1989 = CARTESIAN_POINT('',(-3.555999965983,0.22152618626,1.054240457205
    ));
#1990 = CARTESIAN_POINT('',(-3.555999965983,0.182966473586,
    1.051830515384));
#1991 = ORIENTED_EDGE('',*,*,#1992,.F.);
#1992 = EDGE_CURVE('',#1993,#1984,#1995,.T.);
#1993 = VERTEX_POINT('',#1994);
#1994 = CARTESIAN_POINT('',(-3.555999965983,0.178146589943,
    1.201249114702));
#1995 = B_SPLINE_CURVE_WITH_KNOTS('',3,(#1996,#1997,#1998,#1999),
  .UNSPECIFIED.,.F.,.F.,(4,4),(27.,28.),.PIECEWISE_BEZIER_KNOTS.);
#1996 = CARTESIAN_POINT('',(-3.555999965983,0.178146589943,
    1.201249114702));
#1997 = CARTESIAN_POINT('',(-3.555999965983,0.219116244438,
    1.201249114702));
#1998 = CARTESIAN_POINT('',(-3.555999965983,0.252855889601,
    1.167509377606));
#1999 = CARTESIAN_POINT('',(-3.555999965983,0.252855889601,
    1.126539815045));
#2000 = ORIENTED_EDGE('',*,*,#2001,.F.);
#2001 = EDGE_CURVE('',#2002,#1993,#2004,.T.);
#2002 = VERTEX_POINT('',#2003);
#2003 = CARTESIAN_POINT('',(-3.555999965983,0.163686755149,
    1.198839172882));
#2004 = B_SPLINE_CURVE_WITH_KNOTS('',3,(#2005,#2006,#2007,#2008),
  .UNSPECIFIED.,.F.,.F.,(4,4),(26.,27.),.PIECEWISE_BEZIER_KNOTS.);
#2005 = CARTESIAN_POINT('',(-3.555999965983,0.163686755149,
    1.198839172882));
#2006 = CARTESIAN_POINT('',(-3.555999965983,0.168506730725,
    1.198839172882));
#2007 = CARTESIAN_POINT('',(-3.555999965983,0.173326706301,
    1.201249114702));
#2008 = CARTESIAN_POINT('',(-3.555999965983,0.178146589943,
    1.201249114702));
#2009 = ORIENTED_EDGE('',*,*,#2010,.F.);
#2010 = EDGE_CURVE('',#2011,#2002,#2013,.T.);
#2011 = VERTEX_POINT('',#2012);
#2012 = CARTESIAN_POINT('',(-3.555999965983,5.523771839357E-02,
    1.198839172882));
#2013 = LINE('',#2014,#2015);
#2014 = CARTESIAN_POINT('',(-3.555999965983,5.523771839357E-02,
    1.198839172882));
#2015 = VECTOR('',#2016,1.);
#2016 = DIRECTION('',(1.224646799147E-16,1.,-3.499069868135E-15));
#2017 = ORIENTED_EDGE('',*,*,#2018,.F.);
#2018 = EDGE_CURVE('',#2019,#2011,#2021,.T.);
#2019 = VERTEX_POINT('',#2020);
#2020 = CARTESIAN_POINT('',(-3.555999965983,-0.118280758801,
    1.386817484871));
#2021 = B_SPLINE_CURVE_WITH_KNOTS('',3,(#2022,#2023,#2024,#2025),
  .UNSPECIFIED.,.F.,.F.,(4,4),(24.,25.),.PIECEWISE_BEZIER_KNOTS.);
#2022 = CARTESIAN_POINT('',(-3.555999965983,-0.118280758801,
    1.386817484871));
#2023 = CARTESIAN_POINT('',(-3.555999965983,-0.118280758801,
    1.288008353299));
#2024 = CARTESIAN_POINT('',(-3.555999965983,-4.357145914251E-02,
    1.206069090279));
#2025 = CARTESIAN_POINT('',(-3.555999965983,5.523771839357E-02,
    1.198839172882));
#2026 = ORIENTED_EDGE('',*,*,#2027,.F.);
#2027 = EDGE_CURVE('',#2028,#2019,#2030,.T.);
#2028 = VERTEX_POINT('',#2029);
#2029 = CARTESIAN_POINT('',(-3.555999965983,6.969755318786E-02,
    1.57479579686));
#2030 = B_SPLINE_CURVE_WITH_KNOTS('',3,(#2031,#2032,#2033,#2034),
  .UNSPECIFIED.,.F.,.F.,(4,4),(23.,24.),.PIECEWISE_BEZIER_KNOTS.);
#2031 = CARTESIAN_POINT('',(-3.555999965983,6.969755318786E-02,
    1.57479579686));
#2032 = CARTESIAN_POINT('',(-3.555999965983,-3.393150799187E-02,
    1.57479579686));
#2033 = CARTESIAN_POINT('',(-3.555999965983,-0.118280758801,
    1.490446546051));
#2034 = CARTESIAN_POINT('',(-3.555999965983,-0.118280758801,
    1.386817484871));
#2035 = ORIENTED_EDGE('',*,*,#2036,.F.);
#2036 = EDGE_CURVE('',#2037,#2028,#2039,.T.);
#2037 = VERTEX_POINT('',#2038);
#2038 = CARTESIAN_POINT('',(-3.555999965983,8.897736355805E-02,
    1.57479579686));
#2039 = B_SPLINE_CURVE_WITH_KNOTS('',3,(#2040,#2041,#2042,#2043),
  .UNSPECIFIED.,.F.,.F.,(4,4),(22.,23.),.PIECEWISE_BEZIER_KNOTS.);
#2040 = CARTESIAN_POINT('',(-3.555999965983,8.897736355805E-02,
    1.57479579686));
#2041 = CARTESIAN_POINT('',(-3.555999965983,8.174744616149E-02,
    1.57479579686));
#2042 = CARTESIAN_POINT('',(-3.555999965983,7.692747058559E-02,
    1.57479579686));
#2043 = CARTESIAN_POINT('',(-3.555999965983,6.969755318786E-02,
    1.57479579686));
#2044 = ORIENTED_EDGE('',*,*,#2045,.F.);
#2045 = EDGE_CURVE('',#2046,#2037,#2048,.T.);
#2046 = VERTEX_POINT('',#2047);
#2047 = CARTESIAN_POINT('',(-3.555999965983,0.426374366797,
    1.876043121181));
#2048 = B_SPLINE_CURVE_WITH_KNOTS('',3,(#2049,#2050,#2051,#2052),
  .UNSPECIFIED.,.F.,.F.,(4,4),(21.,22.),.PIECEWISE_BEZIER_KNOTS.);
#2049 = CARTESIAN_POINT('',(-3.555999965983,0.426374366797,
    1.876043121181));
#2050 = CARTESIAN_POINT('',(-3.555999965983,0.252855889601,
    1.876043121181));
#2051 = CARTESIAN_POINT('',(-3.555999965983,0.108257173928,
    1.743494298479));
#2052 = CARTESIAN_POINT('',(-3.555999965983,8.897736355805E-02,
    1.57479579686));
#2053 = ORIENTED_EDGE('',*,*,#2054,.F.);
#2054 = EDGE_CURVE('',#2055,#2046,#2057,.T.);
#2055 = VERTEX_POINT('',#2056);
#2056 = CARTESIAN_POINT('',(-3.555999965983,0.74931144331,1.644685304808
    ));
#2057 = B_SPLINE_CURVE_WITH_KNOTS('',3,(#2058,#2059,#2060,#2061),
  .UNSPECIFIED.,.F.,.F.,(4,4),(20.,21.),.PIECEWISE_BEZIER_KNOTS.);
#2058 = CARTESIAN_POINT('',(-3.555999965983,0.74931144331,1.644685304808
    ));
#2059 = CARTESIAN_POINT('',(-3.555999965983,0.703521905173,
    1.779643977399));
#2060 = CARTESIAN_POINT('',(-3.555999965983,0.578202999869,
    1.876043121181));
#2061 = CARTESIAN_POINT('',(-3.555999965983,0.426374366797,
    1.876043121181));
#2062 = ORIENTED_EDGE('',*,*,#2063,.F.);
#2063 = EDGE_CURVE('',#2064,#2055,#2066,.T.);
#2064 = VERTEX_POINT('',#2065);
#2065 = CARTESIAN_POINT('',(-3.555999965983,0.877040290436,
    1.680834983727));
#2066 = B_SPLINE_CURVE_WITH_KNOTS('',3,(#2067,#2068,#2069,#2070),
  .UNSPECIFIED.,.F.,.F.,(4,4),(19.,20.),.PIECEWISE_BEZIER_KNOTS.);
#2067 = CARTESIAN_POINT('',(-3.555999965983,0.877040290436,
    1.680834983727));
#2068 = CARTESIAN_POINT('',(-3.555999965983,0.831250706331,
    1.680834983727));
#2069 = CARTESIAN_POINT('',(-3.555999965983,0.785461122228,
    1.666375102968));
#2070 = CARTESIAN_POINT('',(-3.555999965983,0.74931144331,1.644685304808
    ));
#2071 = ORIENTED_EDGE('',*,*,#2072,.F.);
#2072 = EDGE_CURVE('',#2073,#2064,#2075,.T.);
#2073 = VERTEX_POINT('',#2074);
#2074 = CARTESIAN_POINT('',(-3.555999965983,1.118038149892,
    1.439837124271));
#2075 = B_SPLINE_CURVE_WITH_KNOTS('',3,(#2076,#2077,#2078,#2079),
  .UNSPECIFIED.,.F.,.F.,(4,4),(18.,19.),.PIECEWISE_BEZIER_KNOTS.);
#2076 = CARTESIAN_POINT('',(-3.555999965983,1.118038149892,
    1.439837124271));
#2077 = CARTESIAN_POINT('',(-3.555999965983,1.118038149892,
    1.572385946973));
#2078 = CARTESIAN_POINT('',(-3.555999965983,1.009589113137,
    1.680834983727));
#2079 = CARTESIAN_POINT('',(-3.555999965983,0.877040290436,
    1.680834983727));
#2080 = ORIENTED_EDGE('',*,*,#2081,.F.);
#2081 = EDGE_CURVE('',#2082,#2073,#2084,.T.);
#2082 = VERTEX_POINT('',#2083);
#2083 = CARTESIAN_POINT('',(-3.555999965983,0.973439434218,
    1.218119075185));
#2084 = B_SPLINE_CURVE_WITH_KNOTS('',3,(#2085,#2086,#2087,#2088),
  .UNSPECIFIED.,.F.,.F.,(4,4),(17.,18.),.PIECEWISE_BEZIER_KNOTS.);
#2085 = CARTESIAN_POINT('',(-3.555999965983,0.973439434218,
    1.218119075185));
#2086 = CARTESIAN_POINT('',(-3.555999965983,1.057788685028,1.25667874189
    ));
#2087 = CARTESIAN_POINT('',(-3.555999965983,1.118038149892,1.3410279927)
  );
#2088 = CARTESIAN_POINT('',(-3.555999965983,1.118038149892,
    1.439837124271));
#2089 = ORIENTED_EDGE('',*,*,#2090,.F.);
#2090 = EDGE_CURVE('',#2091,#2082,#2093,.T.);
#2091 = VERTEX_POINT('',#2092);
#2092 = CARTESIAN_POINT('',(-3.555999965983,0.746901455522,
    1.377177671619));
#2093 = B_SPLINE_CURVE_WITH_KNOTS('',3,(#2094,#2095,#2096,#2097),
  .UNSPECIFIED.,.F.,.F.,(4,4),(16.,17.),.PIECEWISE_BEZIER_KNOTS.);
#2094 = CARTESIAN_POINT('',(-3.555999965983,0.746901455522,
    1.377177671619));
#2095 = CARTESIAN_POINT('',(-3.555999965983,0.850530562668,
    1.377177671619));
#2096 = CARTESIAN_POINT('',(-3.555999965983,0.939699743087,
    1.309698289359));
#2097 = CARTESIAN_POINT('',(-3.555999965983,0.973439434218,
    1.218119075185));
#2098 = ORIENTED_EDGE('',*,*,#2099,.F.);
#2099 = EDGE_CURVE('',#2100,#2091,#2102,.T.);
#2100 = VERTEX_POINT('',#2101);
#2101 = CARTESIAN_POINT('',(-3.555999965983,0.566153060929,
    1.295238408597));
#2102 = B_SPLINE_CURVE_WITH_KNOTS('',3,(#2103,#2104,#2105,#2106),
  .UNSPECIFIED.,.F.,.F.,(4,4),(15.,16.),.PIECEWISE_BEZIER_KNOTS.);
#2103 = CARTESIAN_POINT('',(-3.555999965983,0.566153060929,
    1.295238408597));
#2104 = CARTESIAN_POINT('',(-3.555999965983,0.609532657245,
    1.345847968277));
#2105 = CARTESIAN_POINT('',(-3.555999965983,0.674602097685,
    1.377177671619));
#2106 = CARTESIAN_POINT('',(-3.555999965983,0.746901455522,
    1.377177671619));
#2107 = ORIENTED_EDGE('',*,*,#2108,.F.);
#2108 = EDGE_CURVE('',#2109,#2100,#2111,.T.);
#2109 = VERTEX_POINT('',#2110);
#2110 = CARTESIAN_POINT('',(-3.555999965983,0.243215938451,
    1.463936910216));
#2111 = LINE('',#2112,#2113);
#2112 = CARTESIAN_POINT('',(-3.555999965983,0.243215938451,
    1.463936910216));
#2113 = VECTOR('',#2114,1.);
#2114 = DIRECTION('',(1.085464273258E-16,0.886348842796,-0.463018065387)
  );
#2115 = ORIENTED_EDGE('',*,*,#2116,.F.);
#2116 = EDGE_CURVE('',#2117,#2109,#2119,.T.);
#2117 = VERTEX_POINT('',#2118);
#2118 = CARTESIAN_POINT('',(-3.555999965983,0.168506638792,
    1.336208017125));
#2119 = LINE('',#2120,#2121);
#2120 = CARTESIAN_POINT('',(-3.555999965983,0.168506638792,
    1.336208017125));
#2121 = VECTOR('',#2122,1.);
#2122 = DIRECTION('',(6.183034094729E-17,0.50488304865,0.863187758941));
#2123 = ORIENTED_EDGE('',*,*,#2124,.F.);
#2124 = EDGE_CURVE('',#2125,#2117,#2127,.T.);
#2125 = VERTEX_POINT('',#2126);
#2126 = CARTESIAN_POINT('',(-3.555999965983,0.505903642031,
    1.157869610321));
#2127 = LINE('',#2128,#2129);
#2128 = CARTESIAN_POINT('',(-3.555999965983,0.505903642031,
    1.157869610321));
#2129 = VECTOR('',#2130,1.);
#2130 = DIRECTION('',(-1.082704050963E-16,-0.884094950248,0.467307306755
    ));
#2131 = ORIENTED_EDGE('',*,*,#2132,.F.);
#2132 = EDGE_CURVE('',#2133,#2125,#2135,.T.);
#2133 = VERTEX_POINT('',#2134);
#2134 = CARTESIAN_POINT('',(-3.555999965983,0.505903642031,
    1.133769824373));
#2135 = B_SPLINE_CURVE_WITH_KNOTS('',3,(#2136,#2137,#2138,#2139),
  .UNSPECIFIED.,.F.,.F.,(4,4),(11.,12.),.PIECEWISE_BEZIER_KNOTS.);
#2136 = CARTESIAN_POINT('',(-3.555999965983,0.505903642031,
    1.133769824373));
#2137 = CARTESIAN_POINT('',(-3.555999965983,0.505903642031,
    1.140999741771));
#2138 = CARTESIAN_POINT('',(-3.555999965983,0.505903642031,
    1.148229659169));
#2139 = CARTESIAN_POINT('',(-3.555999965983,0.505903642031,
    1.157869610321));
#2140 = ORIENTED_EDGE('',*,*,#2141,.F.);
#2141 = EDGE_CURVE('',#2142,#2133,#2144,.T.);
#2142 = VERTEX_POINT('',#2143);
#2143 = CARTESIAN_POINT('',(-3.555999965983,0.746901501488,
    0.892771964917));
#2144 = B_SPLINE_CURVE_WITH_KNOTS('',3,(#2145,#2146,#2147,#2148),
  .UNSPECIFIED.,.F.,.F.,(4,4),(10.,11.),.PIECEWISE_BEZIER_KNOTS.);
#2145 = CARTESIAN_POINT('',(-3.555999965983,0.746901501488,
    0.892771964917));
#2146 = CARTESIAN_POINT('',(-3.555999965983,0.614352678788,
    0.892771964917));
#2147 = CARTESIAN_POINT('',(-3.555999965983,0.505903642031,
    1.001221001672));
#2148 = CARTESIAN_POINT('',(-3.555999965983,0.505903642031,
    1.133769824373));
#2149 = ORIENTED_EDGE('',*,*,#2150,.F.);
#2150 = EDGE_CURVE('',#2151,#2142,#2153,.T.);
#2151 = VERTEX_POINT('',#2152);
#2152 = CARTESIAN_POINT('',(-3.555999965983,0.975849490957,
    1.056650490962));
#2153 = B_SPLINE_CURVE_WITH_KNOTS('',3,(#2154,#2155,#2156,#2157),
  .UNSPECIFIED.,.F.,.F.,(4,4),(9.,10.),.PIECEWISE_BEZIER_KNOTS.);
#2154 = CARTESIAN_POINT('',(-3.555999965983,0.975849490957,
    1.056650490962));
#2155 = CARTESIAN_POINT('',(-3.555999965983,0.944519764631,
    0.960251347177));
#2156 = CARTESIAN_POINT('',(-3.555999965983,0.852940596423,
    0.892771964917));
#2157 = CARTESIAN_POINT('',(-3.555999965983,0.746901501488,
    0.892771964917));
#2158 = ORIENTED_EDGE('',*,*,#2159,.F.);
#2159 = EDGE_CURVE('',#2160,#2151,#2162,.T.);
#2160 = VERTEX_POINT('',#2161);
#2161 = CARTESIAN_POINT('',(-3.555999965983,1.168647778521,
    1.172329445114));
#2162 = B_SPLINE_CURVE_WITH_KNOTS('',3,(#2163,#2164,#2165,#2166),
  .UNSPECIFIED.,.F.,.F.,(4,4),(8.,9.),.PIECEWISE_BEZIER_KNOTS.);
#2163 = CARTESIAN_POINT('',(-3.555999965983,1.168647778521,
    1.172329445114));
#2164 = CARTESIAN_POINT('',(-3.555999965983,1.115628254038,1.11448992207
    ));
#2165 = CARTESIAN_POINT('',(-3.555999965983,1.050558813598,
    1.075930301332));
#2166 = CARTESIAN_POINT('',(-3.555999965983,0.975849490957,
    1.056650490962));
#2167 = ORIENTED_EDGE('',*,*,#2168,.F.);
#2168 = EDGE_CURVE('',#2169,#2160,#2171,.T.);
#2169 = VERTEX_POINT('',#2170);
#2170 = CARTESIAN_POINT('',(-3.555999965983,1.269866874896,
    1.435017056763));
#2171 = B_SPLINE_CURVE_WITH_KNOTS('',3,(#2172,#2173,#2174,#2175),
  .UNSPECIFIED.,.F.,.F.,(4,4),(7.,8.),.PIECEWISE_BEZIER_KNOTS.);
#2172 = CARTESIAN_POINT('',(-3.555999965983,1.269866874896,
    1.435017056763));
#2173 = CARTESIAN_POINT('',(-3.555999965983,1.269866874896,
    1.338617912979));
#2174 = CARTESIAN_POINT('',(-3.555999965983,1.233717195979,
    1.244628711017));
#2175 = CARTESIAN_POINT('',(-3.555999965983,1.168647778521,
    1.172329445114));
#2176 = ORIENTED_EDGE('',*,*,#2177,.F.);
#2177 = EDGE_CURVE('',#2178,#2169,#2180,.T.);
#2178 = VERTEX_POINT('',#2179);
#2179 = CARTESIAN_POINT('',(-3.555999965983,1.156597816598,
    1.709754584366));
#2180 = B_SPLINE_CURVE_WITH_KNOTS('',3,(#2181,#2182,#2183,#2184),
  .UNSPECIFIED.,.F.,.F.,(4,4),(6.,7.),.PIECEWISE_BEZIER_KNOTS.);
#2181 = CARTESIAN_POINT('',(-3.555999965983,1.156597816598,
    1.709754584366));
#2182 = CARTESIAN_POINT('',(-3.555999965983,1.22889723764,1.637455249512
    ));
#2183 = CARTESIAN_POINT('',(-3.555999965983,1.269866874896,
    1.538646117941));
#2184 = CARTESIAN_POINT('',(-3.555999965983,1.269866874896,
    1.435017056763));
#2185 = ORIENTED_EDGE('',*,*,#2186,.F.);
#2186 = EDGE_CURVE('',#2187,#2178,#2189,.T.);
#2187 = VERTEX_POINT('',#2188);
#2188 = CARTESIAN_POINT('',(-3.555999965983,0.879450278223,
    1.825433561502));
#2189 = B_SPLINE_CURVE_WITH_KNOTS('',3,(#2190,#2191,#2192,#2193),
  .UNSPECIFIED.,.F.,.F.,(4,4),(5.,6.),.PIECEWISE_BEZIER_KNOTS.);
#2190 = CARTESIAN_POINT('',(-3.555999965983,0.879450278223,
    1.825433561502));
#2191 = CARTESIAN_POINT('',(-3.555999965983,0.983079362387,
    1.825433561502));
#2192 = CARTESIAN_POINT('',(-3.555999965983,1.081888470974,
    1.784463929993));
#2193 = CARTESIAN_POINT('',(-3.555999965983,1.156597816598,
    1.709754584366));
#2194 = ORIENTED_EDGE('',*,*,#2195,.F.);
#2195 = EDGE_CURVE('',#2196,#2187,#2198,.T.);
#2196 = VERTEX_POINT('',#2197);
#2197 = CARTESIAN_POINT('',(-3.555999965983,0.824020788935,1.82061360891
    ));
#2198 = B_SPLINE_CURVE_WITH_KNOTS('',3,(#2199,#2200,#2201,#2202),
  .UNSPECIFIED.,.F.,.F.,(4,4),(4.,5.),.PIECEWISE_BEZIER_KNOTS.);
#2199 = CARTESIAN_POINT('',(-3.555999965983,0.824020788935,1.82061360891
    ));
#2200 = CARTESIAN_POINT('',(-3.555999965983,0.843300599305,
    1.823023596697));
#2201 = CARTESIAN_POINT('',(-3.555999965983,0.860170467853,
    1.825433561502));
#2202 = CARTESIAN_POINT('',(-3.555999965983,0.879450278223,
    1.825433561502));
#2203 = ORIENTED_EDGE('',*,*,#2204,.F.);
#2204 = EDGE_CURVE('',#2205,#2196,#2207,.T.);
#2205 = VERTEX_POINT('',#2206);
#2206 = CARTESIAN_POINT('',(-3.555999965983,0.717981739968,
    1.926652669368));
#2207 = B_SPLINE_CURVE_WITH_KNOTS('',3,(#2208,#2209,#2210,#2211),
  .UNSPECIFIED.,.F.,.F.,(4,4),(3.,4.),.PIECEWISE_BEZIER_KNOTS.);
#2208 = CARTESIAN_POINT('',(-3.555999965983,0.717981739968,
    1.926652669368));
#2209 = CARTESIAN_POINT('',(-3.555999965983,0.758951394462,
    1.897732919339));
#2210 = CARTESIAN_POINT('',(-3.555999965983,0.792691085592,
    1.861583240421));
#2211 = CARTESIAN_POINT('',(-3.555999965983,0.824020788935,1.82061360891
    ));
#2212 = ORIENTED_EDGE('',*,*,#2213,.F.);
#2213 = EDGE_CURVE('',#2214,#2205,#2216,.T.);
#2214 = VERTEX_POINT('',#2215);
#2215 = CARTESIAN_POINT('',(-3.555999965983,0.428784308619,
    2.020641836855));
#2216 = B_SPLINE_CURVE_WITH_KNOTS('',3,(#2217,#2218,#2219,#2220),
  .UNSPECIFIED.,.F.,.F.,(4,4),(2.,3.),.PIECEWISE_BEZIER_KNOTS.);
#2217 = CARTESIAN_POINT('',(-3.555999965983,0.428784308619,
    2.020641836855));
#2218 = CARTESIAN_POINT('',(-3.555999965983,0.534823357586,
    2.020641836855));
#2219 = CARTESIAN_POINT('',(-3.555999965983,0.633632489157,
    1.986902137106));
#2220 = CARTESIAN_POINT('',(-3.555999965983,0.717981739968,
    1.926652669368));
#2221 = ORIENTED_EDGE('',*,*,#2222,.F.);
#2222 = EDGE_CURVE('',#1940,#2214,#2223,.T.);
#2223 = B_SPLINE_CURVE_WITH_KNOTS('',3,(#2224,#2225,#2226,#2227),
  .UNSPECIFIED.,.F.,.F.,(4,4),(1.,2.),.PIECEWISE_BEZIER_KNOTS.);
#2224 = CARTESIAN_POINT('',(-3.555999965983,0.101027256531,
    1.895322943042));
#2225 = CARTESIAN_POINT('',(-3.555999965983,0.192606424738,
    1.974852244134));
#2226 = CARTESIAN_POINT('',(-3.555999965983,0.308285378891,
    2.020641836855));
#2227 = CARTESIAN_POINT('',(-3.555999965983,0.428784308619,
    2.020641836855));
#2228 = PLANE('',#2229);
#2229 = AXIS2_PLACEMENT_3D('',#2230,#2231,#2232);
#2230 = CARTESIAN_POINT('',(-3.555999965983,3.852651255485,
    1.834000129028));
#2231 = DIRECTION('',(-1.,1.224646799147E-16,0.));
#2232 = DIRECTION('',(4.275831445897E-31,3.491481338843E-15,1.));
#2233 = ADVANCED_FACE('',(#2234),#2268,.T.);
#2234 = FACE_BOUND('',#2235,.T.);
#2235 = EDGE_LOOP('',(#2236,#2246,#2254,#2262));
#2236 = ORIENTED_EDGE('',*,*,#2237,.T.);
#2237 = EDGE_CURVE('',#2238,#2240,#2242,.T.);
#2238 = VERTEX_POINT('',#2239);
#2239 = CARTESIAN_POINT('',(-2.260599978375,0.169651290716,
    4.018400108132));
#2240 = VERTEX_POINT('',#2241);
#2241 = CARTESIAN_POINT('',(-2.260599978375,0.169651290716,
    5.034400098413));
#2242 = LINE('',#2243,#2244);
#2243 = CARTESIAN_POINT('',(-2.260599978375,0.169651290716,
    4.018400108132));
#2244 = VECTOR('',#2245,1.);
#2245 = DIRECTION('',(4.275831445897E-31,3.491481338843E-15,1.));
#2246 = ORIENTED_EDGE('',*,*,#2247,.T.);
#2247 = EDGE_CURVE('',#2240,#2248,#2250,.T.);
#2248 = VERTEX_POINT('',#2249);
#2249 = CARTESIAN_POINT('',(-3.047999970843,0.169651290716,
    5.034400098413));
#2250 = LINE('',#2251,#2252);
#2251 = CARTESIAN_POINT('',(-2.997199971329,0.169651290716,
    5.034400098413));
#2252 = VECTOR('',#2253,1.);
#2253 = DIRECTION('',(-1.,1.224646799147E-16,0.));
#2254 = ORIENTED_EDGE('',*,*,#2255,.F.);
#2255 = EDGE_CURVE('',#2256,#2248,#2258,.T.);
#2256 = VERTEX_POINT('',#2257);
#2257 = CARTESIAN_POINT('',(-3.047999970843,0.169651290716,
    4.018400108132));
#2258 = LINE('',#2259,#2260);
#2259 = CARTESIAN_POINT('',(-3.047999970843,0.169651290716,
    4.018400108132));
#2260 = VECTOR('',#2261,1.);
#2261 = DIRECTION('',(4.275831445897E-31,3.491481338843E-15,1.));
#2262 = ORIENTED_EDGE('',*,*,#2263,.T.);
#2263 = EDGE_CURVE('',#2256,#2238,#2264,.T.);
#2264 = LINE('',#2265,#2266);
#2265 = CARTESIAN_POINT('',(-3.047999970843,0.169651290716,
    4.018400108132));
#2266 = VECTOR('',#2267,1.);
#2267 = DIRECTION('',(1.,-1.224646799147E-16,0.));
#2268 = PLANE('',#2269);
#2269 = AXIS2_PLACEMENT_3D('',#2270,#2271,#2272);
#2270 = CARTESIAN_POINT('',(2.997199971329,0.169651290716,5.034400098413
    ));
#2271 = DIRECTION('',(-1.224646799147E-16,-1.,3.491481338843E-15));
#2272 = DIRECTION('',(-4.275831445897E-31,-3.491481338843E-15,-1.));
#2273 = ADVANCED_FACE('',(#2274),#2308,.T.);
#2274 = FACE_BOUND('',#2275,.T.);
#2275 = EDGE_LOOP('',(#2276,#2286,#2294,#2302));
#2276 = ORIENTED_EDGE('',*,*,#2277,.F.);
#2277 = EDGE_CURVE('',#2278,#2280,#2282,.T.);
#2278 = VERTEX_POINT('',#2279);
#2279 = CARTESIAN_POINT('',(2.987199971424,0.601451286586,2.773800120038
    ));
#2280 = VERTEX_POINT('',#2281);
#2281 = CARTESIAN_POINT('',(-2.987199971424,0.601451286586,
    2.773800120038));
#2282 = LINE('',#2283,#2284);
#2283 = CARTESIAN_POINT('',(2.997199971329,0.601451286586,2.773800120038
    ));
#2284 = VECTOR('',#2285,1.);
#2285 = DIRECTION('',(-1.,1.224646799147E-16,0.));
#2286 = ORIENTED_EDGE('',*,*,#2287,.T.);
#2287 = EDGE_CURVE('',#2278,#2288,#2290,.T.);
#2288 = VERTEX_POINT('',#2289);
#2289 = CARTESIAN_POINT('',(2.987199971424,0.601451286586,5.034400098413
    ));
#2290 = LINE('',#2291,#2292);
#2291 = CARTESIAN_POINT('',(2.987199971424,0.601451286586,2.773800120038
    ));
#2292 = VECTOR('',#2293,1.);
#2293 = DIRECTION('',(4.275831445897E-31,3.491481338843E-15,1.));
#2294 = ORIENTED_EDGE('',*,*,#2295,.T.);
#2295 = EDGE_CURVE('',#2288,#2296,#2298,.T.);
#2296 = VERTEX_POINT('',#2297);
#2297 = CARTESIAN_POINT('',(-2.987199971424,0.601451286586,
    5.034400098413));
#2298 = LINE('',#2299,#2300);
#2299 = CARTESIAN_POINT('',(2.997199971329,0.601451286586,5.034400098413
    ));
#2300 = VECTOR('',#2301,1.);
#2301 = DIRECTION('',(-1.,1.224646799147E-16,0.));
#2302 = ORIENTED_EDGE('',*,*,#2303,.F.);
#2303 = EDGE_CURVE('',#2280,#2296,#2304,.T.);
#2304 = LINE('',#2305,#2306);
#2305 = CARTESIAN_POINT('',(-2.987199971424,0.601451286586,
    2.773800120038));
#2306 = VECTOR('',#2307,1.);
#2307 = DIRECTION('',(4.275831445897E-31,3.491481338843E-15,1.));
#2308 = PLANE('',#2309);
#2309 = AXIS2_PLACEMENT_3D('',#2310,#2311,#2312);
#2310 = CARTESIAN_POINT('',(2.997199971329,0.601451286586,2.773800120038
    ));
#2311 = DIRECTION('',(-1.224646799147E-16,-1.,3.491481338843E-15));
#2312 = DIRECTION('',(-4.275831445897E-31,-3.491481338843E-15,-1.));
#2313 = ADVANCED_FACE('',(#2314),#2339,.T.);
#2314 = FACE_BOUND('',#2315,.T.);
#2315 = EDGE_LOOP('',(#2316,#2326,#2332,#2333));
#2316 = ORIENTED_EDGE('',*,*,#2317,.F.);
#2317 = EDGE_CURVE('',#2318,#2320,#2322,.T.);
#2318 = VERTEX_POINT('',#2319);
#2319 = CARTESIAN_POINT('',(2.987199971424,0.169651290716,2.773800120038
    ));
#2320 = VERTEX_POINT('',#2321);
#2321 = CARTESIAN_POINT('',(-2.987199971424,0.169651290716,
    2.773800120038));
#2322 = LINE('',#2323,#2324);
#2323 = CARTESIAN_POINT('',(2.997199971329,0.169651290716,2.773800120038
    ));
#2324 = VECTOR('',#2325,1.);
#2325 = DIRECTION('',(-1.,1.224646799147E-16,0.));
#2326 = ORIENTED_EDGE('',*,*,#2327,.T.);
#2327 = EDGE_CURVE('',#2318,#2278,#2328,.T.);
#2328 = LINE('',#2329,#2330);
#2329 = CARTESIAN_POINT('',(2.987199971424,0.169651290716,2.773800120038
    ));
#2330 = VECTOR('',#2331,1.);
#2331 = DIRECTION('',(1.224646799147E-16,1.,-3.491481338843E-15));
#2332 = ORIENTED_EDGE('',*,*,#2277,.T.);
#2333 = ORIENTED_EDGE('',*,*,#2334,.F.);
#2334 = EDGE_CURVE('',#2320,#2280,#2335,.T.);
#2335 = LINE('',#2336,#2337);
#2336 = CARTESIAN_POINT('',(-2.987199971424,0.169651290716,
    2.773800120038));
#2337 = VECTOR('',#2338,1.);
#2338 = DIRECTION('',(1.224646799147E-16,1.,-3.491481338843E-15));
#2339 = PLANE('',#2340);
#2340 = AXIS2_PLACEMENT_3D('',#2341,#2342,#2343);
#2341 = CARTESIAN_POINT('',(2.997199971329,0.169651290716,2.773800120038
    ));
#2342 = DIRECTION('',(4.275831445897E-31,3.491481338843E-15,1.));
#2343 = DIRECTION('',(-1.,1.224646799147E-16,0.));
#2344 = ADVANCED_FACE('',(#2345),#2370,.T.);
#2345 = FACE_BOUND('',#2346,.T.);
#2346 = EDGE_LOOP('',(#2347,#2357,#2363,#2364));
#2347 = ORIENTED_EDGE('',*,*,#2348,.F.);
#2348 = EDGE_CURVE('',#2349,#2351,#2353,.T.);
#2349 = VERTEX_POINT('',#2350);
#2350 = CARTESIAN_POINT('',(2.987199971424,0.169651290716,1.021200136804
    ));
#2351 = VERTEX_POINT('',#2352);
#2352 = CARTESIAN_POINT('',(-2.987199971424,0.169651290716,
    1.021200136804));
#2353 = LINE('',#2354,#2355);
#2354 = CARTESIAN_POINT('',(2.997199971329,0.169651290716,1.021200136804
    ));
#2355 = VECTOR('',#2356,1.);
#2356 = DIRECTION('',(-1.,1.224646799147E-16,0.));
#2357 = ORIENTED_EDGE('',*,*,#2358,.T.);
#2358 = EDGE_CURVE('',#2349,#2318,#2359,.T.);
#2359 = LINE('',#2360,#2361);
#2360 = CARTESIAN_POINT('',(2.987199971424,0.169651290716,1.021200136804
    ));
#2361 = VECTOR('',#2362,1.);
#2362 = DIRECTION('',(4.275831445897E-31,3.491481338843E-15,1.));
#2363 = ORIENTED_EDGE('',*,*,#2317,.T.);
#2364 = ORIENTED_EDGE('',*,*,#2365,.F.);
#2365 = EDGE_CURVE('',#2351,#2320,#2366,.T.);
#2366 = LINE('',#2367,#2368);
#2367 = CARTESIAN_POINT('',(-2.987199971424,0.169651290716,
    1.021200136804));
#2368 = VECTOR('',#2369,1.);
#2369 = DIRECTION('',(4.275831445897E-31,3.491481338843E-15,1.));
#2370 = PLANE('',#2371);
#2371 = AXIS2_PLACEMENT_3D('',#2372,#2373,#2374);
#2372 = CARTESIAN_POINT('',(2.997199971329,0.169651290716,1.021200136804
    ));
#2373 = DIRECTION('',(-1.224646799147E-16,-1.,3.491481338843E-15));
#2374 = DIRECTION('',(-4.275831445897E-31,-3.491481338843E-15,-1.));
#2375 = ADVANCED_FACE('',(#2376,#2410,#2444),#2469,.T.);
#2376 = FACE_BOUND('',#2377,.T.);
#2377 = EDGE_LOOP('',(#2378,#2388,#2396,#2404));
#2378 = ORIENTED_EDGE('',*,*,#2379,.F.);
#2379 = EDGE_CURVE('',#2380,#2382,#2384,.T.);
#2380 = VERTEX_POINT('',#2381);
#2381 = CARTESIAN_POINT('',(2.603499975095,1.41425127881,1.021200136804)
  );
#2382 = VERTEX_POINT('',#2383);
#2383 = CARTESIAN_POINT('',(2.603499975095,1.109451281726,1.021200136804
    ));
#2384 = LINE('',#2385,#2386);
#2385 = CARTESIAN_POINT('',(2.603499975095,1.41425127881,1.021200136804)
  );
#2386 = VECTOR('',#2387,1.);
#2387 = DIRECTION('',(-1.224646799147E-16,-1.,3.491481338843E-15));
#2388 = ORIENTED_EDGE('',*,*,#2389,.F.);
#2389 = EDGE_CURVE('',#2390,#2380,#2392,.T.);
#2390 = VERTEX_POINT('',#2391);
#2391 = CARTESIAN_POINT('',(1.892299981898,1.41425127881,1.021200136804)
  );
#2392 = LINE('',#2393,#2394);
#2393 = CARTESIAN_POINT('',(1.892299981898,1.41425127881,1.021200136804)
  );
#2394 = VECTOR('',#2395,1.);
#2395 = DIRECTION('',(1.,-1.224646799147E-16,0.));
#2396 = ORIENTED_EDGE('',*,*,#2397,.T.);
#2397 = EDGE_CURVE('',#2390,#2398,#2400,.T.);
#2398 = VERTEX_POINT('',#2399);
#2399 = CARTESIAN_POINT('',(1.892299981898,1.109451281726,1.021200136804
    ));
#2400 = LINE('',#2401,#2402);
#2401 = CARTESIAN_POINT('',(1.892299981898,1.41425127881,1.021200136804)
  );
#2402 = VECTOR('',#2403,1.);
#2403 = DIRECTION('',(-1.224646799147E-16,-1.,3.491481338843E-15));
#2404 = ORIENTED_EDGE('',*,*,#2405,.T.);
#2405 = EDGE_CURVE('',#2398,#2382,#2406,.T.);
#2406 = LINE('',#2407,#2408);
#2407 = CARTESIAN_POINT('',(1.892299981898,1.109451281726,1.021200136804
    ));
#2408 = VECTOR('',#2409,1.);
#2409 = DIRECTION('',(1.,-1.224646799147E-16,0.));
#2410 = FACE_BOUND('',#2411,.T.);
#2411 = EDGE_LOOP('',(#2412,#2422,#2430,#2438));
#2412 = ORIENTED_EDGE('',*,*,#2413,.F.);
#2413 = EDGE_CURVE('',#2414,#2416,#2418,.T.);
#2414 = VERTEX_POINT('',#2415);
#2415 = CARTESIAN_POINT('',(-1.892299981898,1.41425127881,1.021200136804
    ));
#2416 = VERTEX_POINT('',#2417);
#2417 = CARTESIAN_POINT('',(-1.892299981898,1.109451281726,
    1.021200136804));
#2418 = LINE('',#2419,#2420);
#2419 = CARTESIAN_POINT('',(-1.892299981898,1.41425127881,1.021200136804
    ));
#2420 = VECTOR('',#2421,1.);
#2421 = DIRECTION('',(-1.224646799147E-16,-1.,3.491481338843E-15));
#2422 = ORIENTED_EDGE('',*,*,#2423,.F.);
#2423 = EDGE_CURVE('',#2424,#2414,#2426,.T.);
#2424 = VERTEX_POINT('',#2425);
#2425 = CARTESIAN_POINT('',(-2.603499975095,1.41425127881,1.021200136804
    ));
#2426 = LINE('',#2427,#2428);
#2427 = CARTESIAN_POINT('',(-2.603499975095,1.41425127881,1.021200136804
    ));
#2428 = VECTOR('',#2429,1.);
#2429 = DIRECTION('',(1.,-1.224646799147E-16,0.));
#2430 = ORIENTED_EDGE('',*,*,#2431,.T.);
#2431 = EDGE_CURVE('',#2424,#2432,#2434,.T.);
#2432 = VERTEX_POINT('',#2433);
#2433 = CARTESIAN_POINT('',(-2.603499975095,1.109451281726,
    1.021200136804));
#2434 = LINE('',#2435,#2436);
#2435 = CARTESIAN_POINT('',(-2.603499975095,1.41425127881,1.021200136804
    ));
#2436 = VECTOR('',#2437,1.);
#2437 = DIRECTION('',(-1.224646799147E-16,-1.,3.491481338843E-15));
#2438 = ORIENTED_EDGE('',*,*,#2439,.T.);
#2439 = EDGE_CURVE('',#2432,#2416,#2440,.T.);
#2440 = LINE('',#2441,#2442);
#2441 = CARTESIAN_POINT('',(-2.603499975095,1.109451281726,
    1.021200136804));
#2442 = VECTOR('',#2443,1.);
#2443 = DIRECTION('',(1.,-1.224646799147E-16,0.));
#2444 = FACE_BOUND('',#2445,.T.);
#2445 = EDGE_LOOP('',(#2446,#2456,#2462,#2463));
#2446 = ORIENTED_EDGE('',*,*,#2447,.F.);
#2447 = EDGE_CURVE('',#2448,#2450,#2452,.T.);
#2448 = VERTEX_POINT('',#2449);
#2449 = CARTESIAN_POINT('',(2.987199971424,3.446251259372,1.021200136804
    ));
#2450 = VERTEX_POINT('',#2451);
#2451 = CARTESIAN_POINT('',(-2.987199971424,3.446251259372,
    1.021200136804));
#2452 = LINE('',#2453,#2454);
#2453 = CARTESIAN_POINT('',(2.997199971329,3.446251259372,1.021200136804
    ));
#2454 = VECTOR('',#2455,1.);
#2455 = DIRECTION('',(-1.,1.224646799147E-16,0.));
#2456 = ORIENTED_EDGE('',*,*,#2457,.T.);
#2457 = EDGE_CURVE('',#2448,#2349,#2458,.T.);
#2458 = LINE('',#2459,#2460);
#2459 = CARTESIAN_POINT('',(2.987199971424,3.446251259372,1.021200136804
    ));
#2460 = VECTOR('',#2461,1.);
#2461 = DIRECTION('',(-1.224646799147E-16,-1.,3.491481338843E-15));
#2462 = ORIENTED_EDGE('',*,*,#2348,.T.);
#2463 = ORIENTED_EDGE('',*,*,#2464,.F.);
#2464 = EDGE_CURVE('',#2450,#2351,#2465,.T.);
#2465 = LINE('',#2466,#2467);
#2466 = CARTESIAN_POINT('',(-2.987199971424,3.446251259372,
    1.021200136804));
#2467 = VECTOR('',#2468,1.);
#2468 = DIRECTION('',(-1.224646799147E-16,-1.,3.491481338843E-15));
#2469 = PLANE('',#2470);
#2470 = AXIS2_PLACEMENT_3D('',#2471,#2472,#2473);
#2471 = CARTESIAN_POINT('',(2.997199971329,3.446251259372,1.021200136804
    ));
#2472 = DIRECTION('',(-4.275831445897E-31,-3.491481338843E-15,-1.));
#2473 = DIRECTION('',(-1.224646799147E-16,-1.,3.491481338843E-15));
#2474 = ADVANCED_FACE('',(#2475),#2532,.T.);
#2475 = FACE_BOUND('',#2476,.T.);
#2476 = EDGE_LOOP('',(#2477,#2487,#2495,#2503,#2509,#2510,#2518,#2526));
#2477 = ORIENTED_EDGE('',*,*,#2478,.F.);
#2478 = EDGE_CURVE('',#2479,#2481,#2483,.T.);
#2479 = VERTEX_POINT('',#2480);
#2480 = CARTESIAN_POINT('',(-2.260599978375,0.179651290621,
    5.034400098413));
#2481 = VERTEX_POINT('',#2482);
#2482 = CARTESIAN_POINT('',(2.260599978375,0.179651290621,5.034400098413
    ));
#2483 = LINE('',#2484,#2485);
#2484 = CARTESIAN_POINT('',(-2.987199971424,0.179651290621,
    5.034400098413));
#2485 = VECTOR('',#2486,1.);
#2486 = DIRECTION('',(1.,-1.224646799147E-16,0.));
#2487 = ORIENTED_EDGE('',*,*,#2488,.T.);
#2488 = EDGE_CURVE('',#2479,#2489,#2491,.T.);
#2489 = VERTEX_POINT('',#2490);
#2490 = CARTESIAN_POINT('',(-2.260599978375,0.576051286829,
    5.034400098413));
#2491 = LINE('',#2492,#2493);
#2492 = CARTESIAN_POINT('',(-2.260599978375,0.169651290716,
    5.034400098413));
#2493 = VECTOR('',#2494,1.);
#2494 = DIRECTION('',(1.224646799147E-16,1.,-3.491481338843E-15));
#2495 = ORIENTED_EDGE('',*,*,#2496,.T.);
#2496 = EDGE_CURVE('',#2489,#2497,#2499,.T.);
#2497 = VERTEX_POINT('',#2498);
#2498 = CARTESIAN_POINT('',(-2.987199971424,0.576051286829,
    5.034400098413));
#2499 = LINE('',#2500,#2501);
#2500 = CARTESIAN_POINT('',(-2.260599978375,0.576051286829,
    5.034400098413));
#2501 = VECTOR('',#2502,1.);
#2502 = DIRECTION('',(-1.,1.224646799147E-16,0.));
#2503 = ORIENTED_EDGE('',*,*,#2504,.F.);
#2504 = EDGE_CURVE('',#2296,#2497,#2505,.T.);
#2505 = LINE('',#2506,#2507);
#2506 = CARTESIAN_POINT('',(-2.987199971424,0.601451286586,
    5.034400098413));
#2507 = VECTOR('',#2508,1.);
#2508 = DIRECTION('',(-1.224646799147E-16,-1.,3.491481338843E-15));
#2509 = ORIENTED_EDGE('',*,*,#2295,.F.);
#2510 = ORIENTED_EDGE('',*,*,#2511,.T.);
#2511 = EDGE_CURVE('',#2288,#2512,#2514,.T.);
#2512 = VERTEX_POINT('',#2513);
#2513 = CARTESIAN_POINT('',(2.987199971424,0.576051286829,5.034400098413
    ));
#2514 = LINE('',#2515,#2516);
#2515 = CARTESIAN_POINT('',(2.987199971424,0.601451286586,5.034400098413
    ));
#2516 = VECTOR('',#2517,1.);
#2517 = DIRECTION('',(-1.224646799147E-16,-1.,3.491481338843E-15));
#2518 = ORIENTED_EDGE('',*,*,#2519,.T.);
#2519 = EDGE_CURVE('',#2512,#2520,#2522,.T.);
#2520 = VERTEX_POINT('',#2521);
#2521 = CARTESIAN_POINT('',(2.260599978375,0.576051286829,5.034400098413
    ));
#2522 = LINE('',#2523,#2524);
#2523 = CARTESIAN_POINT('',(2.997199971329,0.576051286829,5.034400098413
    ));
#2524 = VECTOR('',#2525,1.);
#2525 = DIRECTION('',(-1.,1.224646799147E-16,0.));
#2526 = ORIENTED_EDGE('',*,*,#2527,.F.);
#2527 = EDGE_CURVE('',#2481,#2520,#2528,.T.);
#2528 = LINE('',#2529,#2530);
#2529 = CARTESIAN_POINT('',(2.260599978375,0.169651290716,5.034400098413
    ));
#2530 = VECTOR('',#2531,1.);
#2531 = DIRECTION('',(1.224646799147E-16,1.,-3.491481338843E-15));
#2532 = PLANE('',#2533);
#2533 = AXIS2_PLACEMENT_3D('',#2534,#2535,#2536);
#2534 = CARTESIAN_POINT('',(2.997199971329,0.601451286586,5.034400098413
    ));
#2535 = DIRECTION('',(-4.275831445897E-31,-3.491481338843E-15,-1.));
#2536 = DIRECTION('',(-1.224646799147E-16,-1.,3.491481338843E-15));
#2537 = ADVANCED_FACE('',(#2538),#2572,.T.);
#2538 = FACE_BOUND('',#2539,.T.);
#2539 = EDGE_LOOP('',(#2540,#2550,#2558,#2566));
#2540 = ORIENTED_EDGE('',*,*,#2541,.F.);
#2541 = EDGE_CURVE('',#2542,#2544,#2546,.T.);
#2542 = VERTEX_POINT('',#2543);
#2543 = CARTESIAN_POINT('',(2.997199971329,3.446251259372,7.015600079461
    ));
#2544 = VERTEX_POINT('',#2545);
#2545 = CARTESIAN_POINT('',(-2.997199971329,3.446251259372,
    7.015600079461));
#2546 = LINE('',#2547,#2548);
#2547 = CARTESIAN_POINT('',(-2.987199971424,3.446251259372,
    7.015600079461));
#2548 = VECTOR('',#2549,1.);
#2549 = DIRECTION('',(-1.,1.224646799147E-16,0.));
#2550 = ORIENTED_EDGE('',*,*,#2551,.T.);
#2551 = EDGE_CURVE('',#2542,#2552,#2554,.T.);
#2552 = VERTEX_POINT('',#2553);
#2553 = CARTESIAN_POINT('',(2.997199971329,3.852651255485,7.015600079461
    ));
#2554 = LINE('',#2555,#2556);
#2555 = CARTESIAN_POINT('',(2.997199971329,0.169651290716,7.015600079461
    ));
#2556 = VECTOR('',#2557,1.);
#2557 = DIRECTION('',(1.224646799147E-16,1.,-3.491481338843E-15));
#2558 = ORIENTED_EDGE('',*,*,#2559,.F.);
#2559 = EDGE_CURVE('',#2560,#2552,#2562,.T.);
#2560 = VERTEX_POINT('',#2561);
#2561 = CARTESIAN_POINT('',(-2.997199971329,3.852651255485,
    7.015600079461));
#2562 = LINE('',#2563,#2564);
#2563 = CARTESIAN_POINT('',(-2.997199971329,3.852651255485,
    7.015600079461));
#2564 = VECTOR('',#2565,1.);
#2565 = DIRECTION('',(1.,-1.224646799147E-16,0.));
#2566 = ORIENTED_EDGE('',*,*,#2567,.T.);
#2567 = EDGE_CURVE('',#2560,#2544,#2568,.T.);
#2568 = LINE('',#2569,#2570);
#2569 = CARTESIAN_POINT('',(-2.997199971329,3.852651255485,
    7.015600079461));
#2570 = VECTOR('',#2571,1.);
#2571 = DIRECTION('',(-1.224646799147E-16,-1.,3.491481338843E-15));
#2572 = PLANE('',#2573);
#2573 = AXIS2_PLACEMENT_3D('',#2574,#2575,#2576);
#2574 = CARTESIAN_POINT('',(-2.997199971329,3.852651255485,
    7.015600079461));
#2575 = DIRECTION('',(4.275831445897E-31,3.491481338843E-15,1.));
#2576 = DIRECTION('',(-1.,1.224646799147E-16,0.));
#2577 = ADVANCED_FACE('',(#2578),#2603,.T.);
#2578 = FACE_BOUND('',#2579,.T.);
#2579 = EDGE_LOOP('',(#2580,#2581,#2589,#2597));
#2580 = ORIENTED_EDGE('',*,*,#2551,.F.);
#2581 = ORIENTED_EDGE('',*,*,#2582,.T.);
#2582 = EDGE_CURVE('',#2542,#2583,#2585,.T.);
#2583 = VERTEX_POINT('',#2584);
#2584 = CARTESIAN_POINT('',(2.997199971329,3.446251259372,5.415400094769
    ));
#2585 = LINE('',#2586,#2587);
#2586 = CARTESIAN_POINT('',(2.997199971329,3.446251259372,7.015600079461
    ));
#2587 = VECTOR('',#2588,1.);
#2588 = DIRECTION('',(-4.286906488605E-31,-3.500524797509E-15,-1.));
#2589 = ORIENTED_EDGE('',*,*,#2590,.F.);
#2590 = EDGE_CURVE('',#2591,#2583,#2593,.T.);
#2591 = VERTEX_POINT('',#2592);
#2592 = CARTESIAN_POINT('',(2.997199971329,3.852651255485,5.415400094769
    ));
#2593 = LINE('',#2594,#2595);
#2594 = CARTESIAN_POINT('',(2.997199971329,3.852651255485,5.415400094769
    ));
#2595 = VECTOR('',#2596,1.);
#2596 = DIRECTION('',(-1.224646799147E-16,-1.,3.491481338843E-15));
#2597 = ORIENTED_EDGE('',*,*,#2598,.F.);
#2598 = EDGE_CURVE('',#2552,#2591,#2599,.T.);
#2599 = LINE('',#2600,#2601);
#2600 = CARTESIAN_POINT('',(2.997199971329,3.852651255485,7.015600079461
    ));
#2601 = VECTOR('',#2602,1.);
#2602 = DIRECTION('',(-4.275831445897E-31,-3.491481338843E-15,-1.));
#2603 = PLANE('',#2604);
#2604 = AXIS2_PLACEMENT_3D('',#2605,#2606,#2607);
#2605 = CARTESIAN_POINT('',(2.997199971329,3.852651255485,7.015600079461
    ));
#2606 = DIRECTION('',(1.,-1.224646799147E-16,0.));
#2607 = DIRECTION('',(1.224646799147E-16,1.,-3.491481338843E-15));
#2608 = ADVANCED_FACE('',(#2609),#2643,.T.);
#2609 = FACE_BOUND('',#2610,.T.);
#2610 = EDGE_LOOP('',(#2611,#2621,#2629,#2637));
#2611 = ORIENTED_EDGE('',*,*,#2612,.T.);
#2612 = EDGE_CURVE('',#2613,#2615,#2617,.T.);
#2613 = VERTEX_POINT('',#2614);
#2614 = CARTESIAN_POINT('',(2.997199971329,3.852651255485,1.453000132673
    ));
#2615 = VERTEX_POINT('',#2616);
#2616 = CARTESIAN_POINT('',(2.997199971329,3.446251259372,1.453000132673
    ));
#2617 = LINE('',#2618,#2619);
#2618 = CARTESIAN_POINT('',(2.997199971329,3.852651255485,1.453000132673
    ));
#2619 = VECTOR('',#2620,1.);
#2620 = DIRECTION('',(-1.224646799147E-16,-1.,3.491481338843E-15));
#2621 = ORIENTED_EDGE('',*,*,#2622,.T.);
#2622 = EDGE_CURVE('',#2615,#2623,#2625,.T.);
#2623 = VERTEX_POINT('',#2624);
#2624 = CARTESIAN_POINT('',(2.997199971329,3.446251259372,0.360800143121
    ));
#2625 = LINE('',#2626,#2627);
#2626 = CARTESIAN_POINT('',(2.997199971329,3.446251259372,1.021200136804
    ));
#2627 = VECTOR('',#2628,1.);
#2628 = DIRECTION('',(-4.275831445897E-31,-3.491481338843E-15,-1.));
#2629 = ORIENTED_EDGE('',*,*,#2630,.F.);
#2630 = EDGE_CURVE('',#2631,#2623,#2633,.T.);
#2631 = VERTEX_POINT('',#2632);
#2632 = CARTESIAN_POINT('',(2.997199971329,3.852651255485,0.360800143121
    ));
#2633 = LINE('',#2634,#2635);
#2634 = CARTESIAN_POINT('',(2.997199971329,3.852651255485,0.360800143121
    ));
#2635 = VECTOR('',#2636,1.);
#2636 = DIRECTION('',(-1.224646799147E-16,-1.,3.491481338843E-15));
#2637 = ORIENTED_EDGE('',*,*,#2638,.F.);
#2638 = EDGE_CURVE('',#2613,#2631,#2639,.T.);
#2639 = LINE('',#2640,#2641);
#2640 = CARTESIAN_POINT('',(2.997199971329,3.852651255485,1.453000132673
    ));
#2641 = VECTOR('',#2642,1.);
#2642 = DIRECTION('',(-4.275831445897E-31,-3.491481338843E-15,-1.));
#2643 = PLANE('',#2644);
#2644 = AXIS2_PLACEMENT_3D('',#2645,#2646,#2647);
#2645 = CARTESIAN_POINT('',(2.997199971329,3.852651255485,7.015600079461
    ));
#2646 = DIRECTION('',(1.,-1.224646799147E-16,0.));
#2647 = DIRECTION('',(1.224646799147E-16,1.,-3.491481338843E-15));
#2648 = ADVANCED_FACE('',(#2649),#2683,.T.);
#2649 = FACE_BOUND('',#2650,.T.);
#2650 = EDGE_LOOP('',(#2651,#2661,#2669,#2677));
#2651 = ORIENTED_EDGE('',*,*,#2652,.T.);
#2652 = EDGE_CURVE('',#2653,#2655,#2657,.T.);
#2653 = VERTEX_POINT('',#2654);
#2654 = CARTESIAN_POINT('',(3.047999970843,0.169651290716,5.034400098413
    ));
#2655 = VERTEX_POINT('',#2656);
#2656 = CARTESIAN_POINT('',(2.260599978375,0.169651290716,5.034400098413
    ));
#2657 = LINE('',#2658,#2659);
#2658 = CARTESIAN_POINT('',(3.047999970843,0.169651290716,5.034400098413
    ));
#2659 = VECTOR('',#2660,1.);
#2660 = DIRECTION('',(-1.,1.224646799147E-16,0.));
#2661 = ORIENTED_EDGE('',*,*,#2662,.T.);
#2662 = EDGE_CURVE('',#2655,#2663,#2665,.T.);
#2663 = VERTEX_POINT('',#2664);
#2664 = CARTESIAN_POINT('',(2.260599978375,0.169651290716,4.018400108132
    ));
#2665 = LINE('',#2666,#2667);
#2666 = CARTESIAN_POINT('',(2.260599978375,0.169651290716,5.034400098413
    ));
#2667 = VECTOR('',#2668,1.);
#2668 = DIRECTION('',(-4.275831445897E-31,-3.491481338843E-15,-1.));
#2669 = ORIENTED_EDGE('',*,*,#2670,.T.);
#2670 = EDGE_CURVE('',#2663,#2671,#2673,.T.);
#2671 = VERTEX_POINT('',#2672);
#2672 = CARTESIAN_POINT('',(3.047999970843,0.169651290716,4.018400108132
    ));
#2673 = LINE('',#2674,#2675);
#2674 = CARTESIAN_POINT('',(2.260599978375,0.169651290716,4.018400108132
    ));
#2675 = VECTOR('',#2676,1.);
#2676 = DIRECTION('',(1.,-1.224646799147E-16,0.));
#2677 = ORIENTED_EDGE('',*,*,#2678,.F.);
#2678 = EDGE_CURVE('',#2653,#2671,#2679,.T.);
#2679 = LINE('',#2680,#2681);
#2680 = CARTESIAN_POINT('',(3.047999970843,0.169651290716,5.034400098413
    ));
#2681 = VECTOR('',#2682,1.);
#2682 = DIRECTION('',(-4.275831445897E-31,-3.491481338843E-15,-1.));
#2683 = PLANE('',#2684);
#2684 = AXIS2_PLACEMENT_3D('',#2685,#2686,#2687);
#2685 = CARTESIAN_POINT('',(2.997199971329,0.169651290716,5.034400098413
    ));
#2686 = DIRECTION('',(-1.224646799147E-16,-1.,3.491481338843E-15));
#2687 = DIRECTION('',(-4.275831445897E-31,-3.491481338843E-15,-1.));
#2688 = ADVANCED_FACE('',(#2689),#2714,.T.);
#2689 = FACE_BOUND('',#2690,.T.);
#2690 = EDGE_LOOP('',(#2691,#2699,#2700,#2708));
#2691 = ORIENTED_EDGE('',*,*,#2692,.F.);
#2692 = EDGE_CURVE('',#2544,#2693,#2695,.T.);
#2693 = VERTEX_POINT('',#2694);
#2694 = CARTESIAN_POINT('',(-2.997199971329,3.446251259372,
    5.415400094769));
#2695 = LINE('',#2696,#2697);
#2696 = CARTESIAN_POINT('',(-2.997199971329,3.446251259372,
    7.015600079461));
#2697 = VECTOR('',#2698,1.);
#2698 = DIRECTION('',(-4.286906488605E-31,-3.500524797509E-15,-1.));
#2699 = ORIENTED_EDGE('',*,*,#2567,.F.);
#2700 = ORIENTED_EDGE('',*,*,#2701,.F.);
#2701 = EDGE_CURVE('',#2702,#2560,#2704,.T.);
#2702 = VERTEX_POINT('',#2703);
#2703 = CARTESIAN_POINT('',(-2.997199971329,3.852651255485,
    5.415400094769));
#2704 = LINE('',#2705,#2706);
#2705 = CARTESIAN_POINT('',(-2.997199971329,3.852651255485,
    5.415400094769));
#2706 = VECTOR('',#2707,1.);
#2707 = DIRECTION('',(4.275831445897E-31,3.491481338843E-15,1.));
#2708 = ORIENTED_EDGE('',*,*,#2709,.T.);
#2709 = EDGE_CURVE('',#2702,#2693,#2710,.T.);
#2710 = LINE('',#2711,#2712);
#2711 = CARTESIAN_POINT('',(-2.997199971329,3.852651255485,
    5.415400094769));
#2712 = VECTOR('',#2713,1.);
#2713 = DIRECTION('',(-1.224646799147E-16,-1.,3.491481338843E-15));
#2714 = PLANE('',#2715);
#2715 = AXIS2_PLACEMENT_3D('',#2716,#2717,#2718);
#2716 = CARTESIAN_POINT('',(-2.997199971329,3.852651255485,
    0.360800143121));
#2717 = DIRECTION('',(-1.,1.224646799147E-16,0.));
#2718 = DIRECTION('',(4.275831445897E-31,3.491481338843E-15,1.));
#2719 = ADVANCED_FACE('',(#2720),#2745,.T.);
#2720 = FACE_BOUND('',#2721,.T.);
#2721 = EDGE_LOOP('',(#2722,#2730,#2738,#2744));
#2722 = ORIENTED_EDGE('',*,*,#2723,.F.);
#2723 = EDGE_CURVE('',#2724,#1267,#2726,.T.);
#2724 = VERTEX_POINT('',#2725);
#2725 = CARTESIAN_POINT('',(-3.149599969871,1.41425127881,1.834000129028
    ));
#2726 = LINE('',#2727,#2728);
#2727 = CARTESIAN_POINT('',(-3.149599969871,1.41425127881,1.834000129028
    ));
#2728 = VECTOR('',#2729,1.);
#2729 = DIRECTION('',(-1.,1.224646799147E-16,0.));
#2730 = ORIENTED_EDGE('',*,*,#2731,.F.);
#2731 = EDGE_CURVE('',#2732,#2724,#2734,.T.);
#2732 = VERTEX_POINT('',#2733);
#2733 = CARTESIAN_POINT('',(-3.149599969871,1.41425127881,1.021200136804
    ));
#2734 = LINE('',#2735,#2736);
#2735 = CARTESIAN_POINT('',(-3.149599969871,1.41425127881,1.021200136804
    ));
#2736 = VECTOR('',#2737,1.);
#2737 = DIRECTION('',(4.275831445897E-31,3.491481338843E-15,1.));
#2738 = ORIENTED_EDGE('',*,*,#2739,.T.);
#2739 = EDGE_CURVE('',#2732,#1275,#2740,.T.);
#2740 = LINE('',#2741,#2742);
#2741 = CARTESIAN_POINT('',(-3.149599969871,1.41425127881,1.021200136804
    ));
#2742 = VECTOR('',#2743,1.);
#2743 = DIRECTION('',(-1.,1.224646799147E-16,0.));
#2744 = ORIENTED_EDGE('',*,*,#1274,.F.);
#2745 = PLANE('',#2746);
#2746 = AXIS2_PLACEMENT_3D('',#2747,#2748,#2749);
#2747 = CARTESIAN_POINT('',(-3.555999965983,1.41425127881,1.834000129028
    ));
#2748 = DIRECTION('',(1.224646799147E-16,1.,-3.491481338843E-15));
#2749 = DIRECTION('',(-1.,1.224646799147E-16,0.));
#2750 = ADVANCED_FACE('',(#2751),#2769,.T.);
#2751 = FACE_BOUND('',#2752,.T.);
#2752 = EDGE_LOOP('',(#2753,#2754,#2762,#2768));
#2753 = ORIENTED_EDGE('',*,*,#2739,.F.);
#2754 = ORIENTED_EDGE('',*,*,#2755,.F.);
#2755 = EDGE_CURVE('',#2756,#2732,#2758,.T.);
#2756 = VERTEX_POINT('',#2757);
#2757 = CARTESIAN_POINT('',(-3.149599969871,2.735051266176,
    0.386200142878));
#2758 = LINE('',#2759,#2760);
#2759 = CARTESIAN_POINT('',(-3.149599969871,2.735051266176,
    0.386200142878));
#2760 = VECTOR('',#2761,1.);
#2761 = DIRECTION('',(-1.103715896919E-16,-0.901252424525,0.433294434868
    ));
#2762 = ORIENTED_EDGE('',*,*,#2763,.T.);
#2763 = EDGE_CURVE('',#2756,#1283,#2764,.T.);
#2764 = LINE('',#2765,#2766);
#2765 = CARTESIAN_POINT('',(-3.149599969871,2.735051266176,
    0.386200142878));
#2766 = VECTOR('',#2767,1.);
#2767 = DIRECTION('',(-1.,1.224646799147E-16,0.));
#2768 = ORIENTED_EDGE('',*,*,#1282,.F.);
#2769 = PLANE('',#2770);
#2770 = AXIS2_PLACEMENT_3D('',#2771,#2772,#2773);
#2771 = CARTESIAN_POINT('',(-3.555999965983,1.41425127881,1.021200136804
    ));
#2772 = DIRECTION('',(5.306326427493E-17,0.433294434868,0.901252424525)
  );
#2773 = DIRECTION('',(-1.,1.224646799147E-16,0.));
#2774 = ADVANCED_FACE('',(#2775),#2793,.T.);
#2775 = FACE_BOUND('',#2776,.T.);
#2776 = EDGE_LOOP('',(#2777,#2778,#2786,#2792));
#2777 = ORIENTED_EDGE('',*,*,#2763,.F.);
#2778 = ORIENTED_EDGE('',*,*,#2779,.F.);
#2779 = EDGE_CURVE('',#2780,#2756,#2782,.T.);
#2780 = VERTEX_POINT('',#2781);
#2781 = CARTESIAN_POINT('',(-3.149599969871,2.735051266176,
    5.200146522843E-03));
#2782 = LINE('',#2783,#2784);
#2783 = CARTESIAN_POINT('',(-3.149599969871,2.735051266176,
    5.200146522843E-03));
#2784 = VECTOR('',#2785,1.);
#2785 = DIRECTION('',(4.275831445897E-31,3.491481338843E-15,1.));
#2786 = ORIENTED_EDGE('',*,*,#2787,.T.);
#2787 = EDGE_CURVE('',#2780,#1291,#2788,.T.);
#2788 = LINE('',#2789,#2790);
#2789 = CARTESIAN_POINT('',(-3.149599969871,2.735051266176,
    5.200146522843E-03));
#2790 = VECTOR('',#2791,1.);
#2791 = DIRECTION('',(-1.,1.224646799147E-16,0.));
#2792 = ORIENTED_EDGE('',*,*,#1290,.F.);
#2793 = PLANE('',#2794);
#2794 = AXIS2_PLACEMENT_3D('',#2795,#2796,#2797);
#2795 = CARTESIAN_POINT('',(-3.555999965983,2.735051266176,
    0.386200142878));
#2796 = DIRECTION('',(1.224646799147E-16,1.,-3.491481338843E-15));
#2797 = DIRECTION('',(-1.,1.224646799147E-16,0.));
#2798 = ADVANCED_FACE('',(#2799),#2817,.T.);
#2799 = FACE_BOUND('',#2800,.T.);
#2800 = EDGE_LOOP('',(#2801,#2802,#2810,#2816));
#2801 = ORIENTED_EDGE('',*,*,#2787,.F.);
#2802 = ORIENTED_EDGE('',*,*,#2803,.F.);
#2803 = EDGE_CURVE('',#2804,#2780,#2806,.T.);
#2804 = VERTEX_POINT('',#2805);
#2805 = CARTESIAN_POINT('',(-3.149599969871,0.499851287558,
    5.20014652285E-03));
#2806 = LINE('',#2807,#2808);
#2807 = CARTESIAN_POINT('',(-3.149599969871,0.499851287558,
    5.20014652285E-03));
#2808 = VECTOR('',#2809,1.);
#2809 = DIRECTION('',(1.224646799147E-16,1.,-3.491481338843E-15));
#2810 = ORIENTED_EDGE('',*,*,#2811,.T.);
#2811 = EDGE_CURVE('',#2804,#1299,#2812,.T.);
#2812 = LINE('',#2813,#2814);
#2813 = CARTESIAN_POINT('',(-3.149599969871,0.499851287558,
    5.20014652285E-03));
#2814 = VECTOR('',#2815,1.);
#2815 = DIRECTION('',(-1.,1.224646799147E-16,0.));
#2816 = ORIENTED_EDGE('',*,*,#1298,.F.);
#2817 = PLANE('',#2818);
#2818 = AXIS2_PLACEMENT_3D('',#2819,#2820,#2821);
#2819 = CARTESIAN_POINT('',(-3.555999965983,2.735051266176,
    5.200146522843E-03));
#2820 = DIRECTION('',(-4.275831445897E-31,-3.491481338843E-15,-1.));
#2821 = DIRECTION('',(-1.224646799147E-16,-1.,3.491481338843E-15));
#2822 = ADVANCED_FACE('',(#2823),#2841,.T.);
#2823 = FACE_BOUND('',#2824,.T.);
#2824 = EDGE_LOOP('',(#2825,#2826,#2834,#2840));
#2825 = ORIENTED_EDGE('',*,*,#2811,.F.);
#2826 = ORIENTED_EDGE('',*,*,#2827,.F.);
#2827 = EDGE_CURVE('',#2828,#2804,#2830,.T.);
#2828 = VERTEX_POINT('',#2829);
#2829 = CARTESIAN_POINT('',(-3.149599969871,0.499851287558,
    0.513200141663));
#2830 = LINE('',#2831,#2832);
#2831 = CARTESIAN_POINT('',(-3.149599969871,0.499851287558,
    0.513200141663));
#2832 = VECTOR('',#2833,1.);
#2833 = DIRECTION('',(-4.275831445897E-31,-3.491481338843E-15,-1.));
#2834 = ORIENTED_EDGE('',*,*,#2835,.T.);
#2835 = EDGE_CURVE('',#2828,#1307,#2836,.T.);
#2836 = LINE('',#2837,#2838);
#2837 = CARTESIAN_POINT('',(-3.149599969871,0.499851287558,
    0.513200141663));
#2838 = VECTOR('',#2839,1.);
#2839 = DIRECTION('',(-1.,1.224646799147E-16,0.));
#2840 = ORIENTED_EDGE('',*,*,#1306,.F.);
#2841 = PLANE('',#2842);
#2842 = AXIS2_PLACEMENT_3D('',#2843,#2844,#2845);
#2843 = CARTESIAN_POINT('',(-3.555999965983,0.499851287558,
    5.20014652285E-03));
#2844 = DIRECTION('',(-1.224646799147E-16,-1.,3.491481338843E-15));
#2845 = DIRECTION('',(-4.275831445897E-31,-3.491481338843E-15,-1.));
#2846 = ADVANCED_FACE('',(#2847),#2865,.T.);
#2847 = FACE_BOUND('',#2848,.T.);
#2848 = EDGE_LOOP('',(#2849,#2850,#2858,#2864));
#2849 = ORIENTED_EDGE('',*,*,#2835,.F.);
#2850 = ORIENTED_EDGE('',*,*,#2851,.F.);
#2851 = EDGE_CURVE('',#2852,#2828,#2854,.T.);
#2852 = VERTEX_POINT('',#2853);
#2853 = CARTESIAN_POINT('',(-3.149599969871,-0.732048700658,
    0.513200141663));
#2854 = LINE('',#2855,#2856);
#2855 = CARTESIAN_POINT('',(-3.149599969871,-0.732048700658,
    0.513200141663));
#2856 = VECTOR('',#2857,1.);
#2857 = DIRECTION('',(1.224646799147E-16,1.,-3.491481338843E-15));
#2858 = ORIENTED_EDGE('',*,*,#2859,.T.);
#2859 = EDGE_CURVE('',#2852,#1315,#2860,.T.);
#2860 = LINE('',#2861,#2862);
#2861 = CARTESIAN_POINT('',(-3.149599969871,-0.732048700658,
    0.513200141663));
#2862 = VECTOR('',#2863,1.);
#2863 = DIRECTION('',(-1.,1.224646799147E-16,0.));
#2864 = ORIENTED_EDGE('',*,*,#1314,.F.);
#2865 = PLANE('',#2866);
#2866 = AXIS2_PLACEMENT_3D('',#2867,#2868,#2869);
#2867 = CARTESIAN_POINT('',(-3.555999965983,0.499851287558,
    0.513200141663));
#2868 = DIRECTION('',(-4.275831445897E-31,-3.491481338843E-15,-1.));
#2869 = DIRECTION('',(-1.224646799147E-16,-1.,3.491481338843E-15));
#2870 = ADVANCED_FACE('',(#2871),#2923,.T.);
#2871 = FACE_BOUND('',#2872,.T.);
#2872 = EDGE_LOOP('',(#2873,#2883,#2892,#2900,#2908,#2916));
#2873 = ORIENTED_EDGE('',*,*,#2874,.F.);
#2874 = EDGE_CURVE('',#2875,#2877,#2879,.T.);
#2875 = VERTEX_POINT('',#2876);
#2876 = CARTESIAN_POINT('',(-3.301999968413,-0.771726030839,
    -3.195199822862));
#2877 = VERTEX_POINT('',#2878);
#2878 = CARTESIAN_POINT('',(-3.301999968413,-1.682971361001,
    -3.195199822862));
#2879 = LINE('',#2880,#2881);
#2880 = CARTESIAN_POINT('',(-3.301999968413,-0.732048700658,
    -3.195199822862));
#2881 = VECTOR('',#2882,1.);
#2882 = DIRECTION('',(-1.224646799147E-16,-1.,3.491481338843E-15));
#2883 = ORIENTED_EDGE('',*,*,#2884,.T.);
#2884 = EDGE_CURVE('',#2875,#2885,#2887,.T.);
#2885 = VERTEX_POINT('',#2886);
#2886 = CARTESIAN_POINT('',(-3.376635261817,-0.732048700658,
    -2.999999824729));
#2887 = ( BOUNDED_CURVE() B_SPLINE_CURVE(3,(#2888,#2889,#2890,#2891),
.UNSPECIFIED.,.F.,.F.) B_SPLINE_CURVE_WITH_KNOTS((4,4),(4.311322949845,
4.712388980385),.PIECEWISE_BEZIER_KNOTS.) CURVE() 
GEOMETRIC_REPRESENTATION_ITEM() RATIONAL_B_SPLINE_CURVE((1.,
0.986640363225,0.986640363225,1.)) REPRESENTATION_ITEM('') );
#2888 = CARTESIAN_POINT('',(-3.301999968413,-0.771726030839,
    -3.195199822862));
#2889 = CARTESIAN_POINT('',(-3.32568903123,-0.745453561456,
    -3.133243812416));
#2890 = CARTESIAN_POINT('',(-3.350904329592,-0.732048700658,
    -3.067296109009));
#2891 = CARTESIAN_POINT('',(-3.376635261817,-0.732048700658,
    -2.999999824729));
#2892 = ORIENTED_EDGE('',*,*,#2893,.F.);
#2893 = EDGE_CURVE('',#2894,#2885,#2896,.T.);
#2894 = VERTEX_POINT('',#2895);
#2895 = CARTESIAN_POINT('',(-3.797299963675,-0.732048700658,
    -1.899799835254));
#2896 = LINE('',#2897,#2898);
#2897 = CARTESIAN_POINT('',(-3.797299963675,-0.732048700658,
    -1.899799835254));
#2898 = VECTOR('',#2899,1.);
#2899 = DIRECTION('',(0.357137466267,-3.304961276387E-15,-0.934051834851
    ));
#2900 = ORIENTED_EDGE('',*,*,#2901,.T.);
#2901 = EDGE_CURVE('',#2894,#2902,#2904,.T.);
#2902 = VERTEX_POINT('',#2903);
#2903 = CARTESIAN_POINT('',(-3.797299963675,-1.722648691182,
    -1.899799835254));
#2904 = LINE('',#2905,#2906);
#2905 = CARTESIAN_POINT('',(-3.797299963675,-0.732048700658,
    -1.899799835254));
#2906 = VECTOR('',#2907,1.);
#2907 = DIRECTION('',(-1.224646799147E-16,-1.,3.491481338843E-15));
#2908 = ORIENTED_EDGE('',*,*,#2909,.T.);
#2909 = EDGE_CURVE('',#2902,#2910,#2912,.T.);
#2910 = VERTEX_POINT('',#2911);
#2911 = CARTESIAN_POINT('',(-3.376635261817,-1.722648691182,
    -2.999999824729));
#2912 = LINE('',#2913,#2914);
#2913 = CARTESIAN_POINT('',(-3.797299963675,-1.722648691182,
    -1.899799835254));
#2914 = VECTOR('',#2915,1.);
#2915 = DIRECTION('',(0.357137466267,-3.304961276387E-15,-0.934051834851
    ));
#2916 = ORIENTED_EDGE('',*,*,#2917,.T.);
#2917 = EDGE_CURVE('',#2910,#2877,#2918,.T.);
#2918 = ( BOUNDED_CURVE() B_SPLINE_CURVE(3,(#2919,#2920,#2921,#2922),
.UNSPECIFIED.,.F.,.F.) B_SPLINE_CURVE_WITH_KNOTS((4,4),(1.570796326795,
1.971862357335),.PIECEWISE_BEZIER_KNOTS.) CURVE() 
GEOMETRIC_REPRESENTATION_ITEM() RATIONAL_B_SPLINE_CURVE((1.,
0.986640363225,0.986640363225,1.)) REPRESENTATION_ITEM('') );
#2919 = CARTESIAN_POINT('',(-3.376635261817,-1.722648691182,
    -2.999999824729));
#2920 = CARTESIAN_POINT('',(-3.350904329592,-1.722648691182,
    -3.067296109009));
#2921 = CARTESIAN_POINT('',(-3.32568903123,-1.709243830384,
    -3.133243812416));
#2922 = CARTESIAN_POINT('',(-3.301999968413,-1.682971361001,
    -3.195199822862));
#2923 = PLANE('',#2924);
#2924 = AXIS2_PLACEMENT_3D('',#2925,#2926,#2927);
#2925 = CARTESIAN_POINT('',(-3.797299963675,-0.732048700658,
    -1.899799835254));
#2926 = DIRECTION('',(0.934051834851,1.132550439893E-15,0.357137466267)
  );
#2927 = DIRECTION('',(1.224646799147E-16,1.,-3.491481338843E-15));
#2928 = ADVANCED_FACE('',(#2929),#2948,.T.);
#2929 = FACE_BOUND('',#2930,.T.);
#2930 = EDGE_LOOP('',(#2931,#2940,#2947));
#2931 = ORIENTED_EDGE('',*,*,#2932,.T.);
#2932 = EDGE_CURVE('',#2877,#2933,#2935,.T.);
#2933 = VERTEX_POINT('',#2934);
#2934 = CARTESIAN_POINT('',(-3.301999968413,-1.22734869592,
    -3.499977729458));
#2935 = CIRCLE('',#2936,0.499999995217);
#2936 = AXIS2_PLACEMENT_3D('',#2937,#2938,#2939);
#2937 = CARTESIAN_POINT('',(-3.301999968413,-1.222648695965,
    -2.999999824729));
#2938 = DIRECTION('',(1.,-1.224646799147E-16,0.));
#2939 = DIRECTION('',(0.,0.,1.));
#2940 = ORIENTED_EDGE('',*,*,#2941,.T.);
#2941 = EDGE_CURVE('',#2933,#2875,#2942,.T.);
#2942 = CIRCLE('',#2943,0.499999995217);
#2943 = AXIS2_PLACEMENT_3D('',#2944,#2945,#2946);
#2944 = CARTESIAN_POINT('',(-3.301999968413,-1.232048695875,
    -2.999999824729));
#2945 = DIRECTION('',(1.,-1.224646799147E-16,0.));
#2946 = DIRECTION('',(0.,0.,1.));
#2947 = ORIENTED_EDGE('',*,*,#2874,.T.);
#2948 = PLANE('',#2949);
#2949 = AXIS2_PLACEMENT_3D('',#2950,#2951,#2952);
#2950 = CARTESIAN_POINT('',(-3.301999968413,-0.732048700658,
    -3.195199822862));
#2951 = DIRECTION('',(1.,-1.224646799147E-16,0.));
#2952 = DIRECTION('',(1.224646799147E-16,1.,-3.491481338843E-15));
#2953 = ADVANCED_FACE('',(#2954),#2982,.T.);
#2954 = FACE_BOUND('',#2955,.T.);
#2955 = EDGE_LOOP('',(#2956,#2966,#2975));
#2956 = ORIENTED_EDGE('',*,*,#2957,.F.);
#2957 = EDGE_CURVE('',#2958,#2960,#2962,.T.);
#2958 = VERTEX_POINT('',#2959);
#2959 = CARTESIAN_POINT('',(-3.708399964525,-0.771726030839,
    -3.195199822862));
#2960 = VERTEX_POINT('',#2961);
#2961 = CARTESIAN_POINT('',(-3.708399964525,-1.682971361001,
    -3.195199822862));
#2962 = LINE('',#2963,#2964);
#2963 = CARTESIAN_POINT('',(-3.708399964525,-0.732048700658,
    -3.195199822862));
#2964 = VECTOR('',#2965,1.);
#2965 = DIRECTION('',(-1.224646799147E-16,-1.,3.491481338843E-15));
#2966 = ORIENTED_EDGE('',*,*,#2967,.T.);
#2967 = EDGE_CURVE('',#2958,#2968,#2970,.T.);
#2968 = VERTEX_POINT('',#2969);
#2969 = CARTESIAN_POINT('',(-3.708399964525,-1.22734869592,
    -3.499977729458));
#2970 = CIRCLE('',#2971,0.499999995217);
#2971 = AXIS2_PLACEMENT_3D('',#2972,#2973,#2974);
#2972 = CARTESIAN_POINT('',(-3.708399964525,-1.232048695875,
    -2.999999824729));
#2973 = DIRECTION('',(-1.,1.224646799147E-16,0.));
#2974 = DIRECTION('',(-0.,0.,-1.));
#2975 = ORIENTED_EDGE('',*,*,#2976,.T.);
#2976 = EDGE_CURVE('',#2968,#2960,#2977,.T.);
#2977 = CIRCLE('',#2978,0.499999995217);
#2978 = AXIS2_PLACEMENT_3D('',#2979,#2980,#2981);
#2979 = CARTESIAN_POINT('',(-3.708399964525,-1.222648695965,
    -2.999999824729));
#2980 = DIRECTION('',(-1.,1.224646799147E-16,0.));
#2981 = DIRECTION('',(-0.,0.,-1.));
#2982 = PLANE('',#2983);
#2983 = AXIS2_PLACEMENT_3D('',#2984,#2985,#2986);
#2984 = CARTESIAN_POINT('',(-3.708399964525,-0.732048700658,
    -3.499999819946));
#2985 = DIRECTION('',(-1.,1.224646799147E-16,0.));
#2986 = DIRECTION('',(4.275831445897E-31,3.491481338843E-15,1.));
#2987 = ADVANCED_FACE('',(#2988),#3031,.T.);
#2988 = FACE_BOUND('',#2989,.T.);
#2989 = EDGE_LOOP('',(#2990,#3000,#3007,#3008,#3017,#3025));
#2990 = ORIENTED_EDGE('',*,*,#2991,.F.);
#2991 = EDGE_CURVE('',#2992,#2994,#2996,.T.);
#2992 = VERTEX_POINT('',#2993);
#2993 = CARTESIAN_POINT('',(-3.783035257929,-0.732048700658,
    -2.999999824729));
#2994 = VERTEX_POINT('',#2995);
#2995 = CARTESIAN_POINT('',(-4.203699959787,-0.732048700658,
    -1.899799835254));
#2996 = LINE('',#2997,#2998);
#2997 = CARTESIAN_POINT('',(-3.708399964525,-0.732048700658,
    -3.195199822862));
#2998 = VECTOR('',#2999,1.);
#2999 = DIRECTION('',(-0.357137466267,3.304961276387E-15,0.934051834851)
  );
#3000 = ORIENTED_EDGE('',*,*,#3001,.T.);
#3001 = EDGE_CURVE('',#2992,#2958,#3002,.T.);
#3002 = ( BOUNDED_CURVE() B_SPLINE_CURVE(3,(#3003,#3004,#3005,#3006),
.UNSPECIFIED.,.F.,.F.) B_SPLINE_CURVE_WITH_KNOTS((4,4),(1.570796326795,
1.971862357335),.PIECEWISE_BEZIER_KNOTS.) CURVE() 
GEOMETRIC_REPRESENTATION_ITEM() RATIONAL_B_SPLINE_CURVE((1.,
0.986640363225,0.986640363225,1.)) REPRESENTATION_ITEM('') );
#3003 = CARTESIAN_POINT('',(-3.783035257929,-0.732048700658,
    -2.999999824729));
#3004 = CARTESIAN_POINT('',(-3.757304325705,-0.732048700658,
    -3.067296109009));
#3005 = CARTESIAN_POINT('',(-3.732089027343,-0.745453561456,
    -3.133243812416));
#3006 = CARTESIAN_POINT('',(-3.708399964525,-0.771726030839,
    -3.195199822862));
#3007 = ORIENTED_EDGE('',*,*,#2957,.T.);
#3008 = ORIENTED_EDGE('',*,*,#3009,.T.);
#3009 = EDGE_CURVE('',#2960,#3010,#3012,.T.);
#3010 = VERTEX_POINT('',#3011);
#3011 = CARTESIAN_POINT('',(-3.783035257929,-1.722648691182,
    -2.999999824729));
#3012 = ( BOUNDED_CURVE() B_SPLINE_CURVE(3,(#3013,#3014,#3015,#3016),
.UNSPECIFIED.,.F.,.F.) B_SPLINE_CURVE_WITH_KNOTS((4,4),(4.311322949845,
4.712388980385),.PIECEWISE_BEZIER_KNOTS.) CURVE() 
GEOMETRIC_REPRESENTATION_ITEM() RATIONAL_B_SPLINE_CURVE((1.,
0.986640363225,0.986640363225,1.)) REPRESENTATION_ITEM('') );
#3013 = CARTESIAN_POINT('',(-3.708399964525,-1.682971361001,
    -3.195199822862));
#3014 = CARTESIAN_POINT('',(-3.732089027343,-1.709243830384,
    -3.133243812416));
#3015 = CARTESIAN_POINT('',(-3.757304325705,-1.722648691182,
    -3.067296109009));
#3016 = CARTESIAN_POINT('',(-3.783035257929,-1.722648691182,
    -2.999999824729));
#3017 = ORIENTED_EDGE('',*,*,#3018,.T.);
#3018 = EDGE_CURVE('',#3010,#3019,#3021,.T.);
#3019 = VERTEX_POINT('',#3020);
#3020 = CARTESIAN_POINT('',(-4.203699959787,-1.722648691182,
    -1.899799835254));
#3021 = LINE('',#3022,#3023);
#3022 = CARTESIAN_POINT('',(-3.708399964525,-1.722648691182,
    -3.195199822862));
#3023 = VECTOR('',#3024,1.);
#3024 = DIRECTION('',(-0.357137466267,3.304961276387E-15,0.934051834851)
  );
#3025 = ORIENTED_EDGE('',*,*,#3026,.F.);
#3026 = EDGE_CURVE('',#2994,#3019,#3027,.T.);
#3027 = LINE('',#3028,#3029);
#3028 = CARTESIAN_POINT('',(-4.203699959787,-0.732048700658,
    -1.899799835254));
#3029 = VECTOR('',#3030,1.);
#3030 = DIRECTION('',(-1.224646799147E-16,-1.,3.491481338843E-15));
#3031 = PLANE('',#3032);
#3032 = AXIS2_PLACEMENT_3D('',#3033,#3034,#3035);
#3033 = CARTESIAN_POINT('',(-3.708399964525,-0.732048700658,
    -3.195199822862));
#3034 = DIRECTION('',(-0.934051834851,-1.132550439893E-15,
    -0.357137466267));
#3035 = DIRECTION('',(-1.224646799147E-16,-1.,3.491481338843E-15));
#3036 = ADVANCED_FACE('',(#3037),#3053,.T.);
#3037 = FACE_BOUND('',#3038,.T.);
#3038 = EDGE_LOOP('',(#3039,#3040,#3046,#3047));
#3039 = ORIENTED_EDGE('',*,*,#3026,.T.);
#3040 = ORIENTED_EDGE('',*,*,#3041,.T.);
#3041 = EDGE_CURVE('',#3019,#1331,#3042,.T.);
#3042 = LINE('',#3043,#3044);
#3043 = CARTESIAN_POINT('',(-4.203699959787,-1.722648691182,
    -1.899799835254));
#3044 = VECTOR('',#3045,1.);
#3045 = DIRECTION('',(0.493012571981,2.977289599448E-15,0.870022185849)
  );
#3046 = ORIENTED_EDGE('',*,*,#1330,.F.);
#3047 = ORIENTED_EDGE('',*,*,#3048,.F.);
#3048 = EDGE_CURVE('',#2994,#1323,#3049,.T.);
#3049 = LINE('',#3050,#3051);
#3050 = CARTESIAN_POINT('',(-4.203699959787,-0.732048700658,
    -1.899799835254));
#3051 = VECTOR('',#3052,1.);
#3052 = DIRECTION('',(0.493012571981,2.977289599448E-15,0.870022185849)
  );
#3053 = PLANE('',#3054);
#3054 = AXIS2_PLACEMENT_3D('',#3055,#3056,#3057);
#3055 = CARTESIAN_POINT('',(-4.203699959787,-0.732048700658,
    -1.899799835254));
#3056 = DIRECTION('',(-0.870022185849,1.827891183395E-15,0.493012571981)
  );
#3057 = DIRECTION('',(-1.224646799147E-16,-1.,3.491481338843E-15));
#3058 = ADVANCED_FACE('',(#3059),#3086,.T.);
#3059 = FACE_BOUND('',#3060,.T.);
#3060 = EDGE_LOOP('',(#3061,#3062,#3068,#3069,#3070,#3071,#3072,#3080));
#3061 = ORIENTED_EDGE('',*,*,#2893,.T.);
#3062 = ORIENTED_EDGE('',*,*,#3063,.T.);
#3063 = EDGE_CURVE('',#2885,#2992,#3064,.T.);
#3064 = LINE('',#3065,#3066);
#3065 = CARTESIAN_POINT('',(-3.555999965983,-0.732048700658,
    -2.999999824729));
#3066 = VECTOR('',#3067,1.);
#3067 = DIRECTION('',(-1.,1.224646799147E-16,0.));
#3068 = ORIENTED_EDGE('',*,*,#2991,.T.);
#3069 = ORIENTED_EDGE('',*,*,#3048,.T.);
#3070 = ORIENTED_EDGE('',*,*,#1322,.T.);
#3071 = ORIENTED_EDGE('',*,*,#2859,.F.);
#3072 = ORIENTED_EDGE('',*,*,#3073,.T.);
#3073 = EDGE_CURVE('',#2852,#3074,#3076,.T.);
#3074 = VERTEX_POINT('',#3075);
#3075 = CARTESIAN_POINT('',(-3.149599969871,-0.732048700658,
    -0.756799846188));
#3076 = LINE('',#3077,#3078);
#3077 = CARTESIAN_POINT('',(-3.149599969871,-0.732048700658,
    0.513200141663));
#3078 = VECTOR('',#3079,1.);
#3079 = DIRECTION('',(-4.275831445897E-31,-3.491481338843E-15,-1.));
#3080 = ORIENTED_EDGE('',*,*,#3081,.T.);
#3081 = EDGE_CURVE('',#3074,#2894,#3082,.T.);
#3082 = LINE('',#3083,#3084);
#3083 = CARTESIAN_POINT('',(-3.149599969871,-0.732048700658,
    -0.756799846188));
#3084 = VECTOR('',#3085,1.);
#3085 = DIRECTION('',(-0.493012571981,-2.977289599448E-15,
    -0.870022185849));
#3086 = PLANE('',#3087);
#3087 = AXIS2_PLACEMENT_3D('',#3088,#3089,#3090);
#3088 = CARTESIAN_POINT('',(-3.555999965983,-0.732048700658,
    0.513200141663));
#3089 = DIRECTION('',(1.224646799147E-16,1.,-3.491481338843E-15));
#3090 = DIRECTION('',(-1.,1.224646799147E-16,0.));
#3091 = ADVANCED_FACE('',(#3092),#3110,.T.);
#3092 = FACE_BOUND('',#3093,.T.);
#3093 = EDGE_LOOP('',(#3094,#3102,#3108,#3109));
#3094 = ORIENTED_EDGE('',*,*,#3095,.T.);
#3095 = EDGE_CURVE('',#3074,#3096,#3098,.T.);
#3096 = VERTEX_POINT('',#3097);
#3097 = CARTESIAN_POINT('',(-3.149599969871,-1.722648691182,
    -0.756799846188));
#3098 = LINE('',#3099,#3100);
#3099 = CARTESIAN_POINT('',(-3.149599969871,-0.732048700658,
    -0.756799846188));
#3100 = VECTOR('',#3101,1.);
#3101 = DIRECTION('',(-1.224646799147E-16,-1.,3.491481338843E-15));
#3102 = ORIENTED_EDGE('',*,*,#3103,.T.);
#3103 = EDGE_CURVE('',#3096,#2902,#3104,.T.);
#3104 = LINE('',#3105,#3106);
#3105 = CARTESIAN_POINT('',(-3.149599969871,-1.722648691182,
    -0.756799846188));
#3106 = VECTOR('',#3107,1.);
#3107 = DIRECTION('',(-0.493012571981,-2.977289599448E-15,
    -0.870022185849));
#3108 = ORIENTED_EDGE('',*,*,#2901,.F.);
#3109 = ORIENTED_EDGE('',*,*,#3081,.F.);
#3110 = PLANE('',#3111);
#3111 = AXIS2_PLACEMENT_3D('',#3112,#3113,#3114);
#3112 = CARTESIAN_POINT('',(-3.149599969871,-0.732048700658,
    -0.756799846188));
#3113 = DIRECTION('',(0.870022185849,-1.827891183395E-15,-0.493012571981
    ));
#3114 = DIRECTION('',(0.493012571981,2.977289599448E-15,0.870022185849)
  );
#3115 = ADVANCED_FACE('',(#3116),#3143,.T.);
#3116 = FACE_BOUND('',#3117,.T.);
#3117 = EDGE_LOOP('',(#3118,#3119,#3125,#3126,#3127,#3135,#3141,#3142));
#3118 = ORIENTED_EDGE('',*,*,#3018,.F.);
#3119 = ORIENTED_EDGE('',*,*,#3120,.T.);
#3120 = EDGE_CURVE('',#3010,#2910,#3121,.T.);
#3121 = LINE('',#3122,#3123);
#3122 = CARTESIAN_POINT('',(-3.555999965983,-1.722648691182,
    -2.999999824729));
#3123 = VECTOR('',#3124,1.);
#3124 = DIRECTION('',(1.,-1.224646799147E-16,-0.));
#3125 = ORIENTED_EDGE('',*,*,#2909,.F.);
#3126 = ORIENTED_EDGE('',*,*,#3103,.F.);
#3127 = ORIENTED_EDGE('',*,*,#3128,.F.);
#3128 = EDGE_CURVE('',#3129,#3096,#3131,.T.);
#3129 = VERTEX_POINT('',#3130);
#3130 = CARTESIAN_POINT('',(-3.149599969871,-1.722648691182,
    0.360800143121));
#3131 = LINE('',#3132,#3133);
#3132 = CARTESIAN_POINT('',(-3.149599969871,-1.722648691182,
    0.360800143121));
#3133 = VECTOR('',#3134,1.);
#3134 = DIRECTION('',(-4.275831445897E-31,-3.491481338843E-15,-1.));
#3135 = ORIENTED_EDGE('',*,*,#3136,.T.);
#3136 = EDGE_CURVE('',#3129,#1339,#3137,.T.);
#3137 = LINE('',#3138,#3139);
#3138 = CARTESIAN_POINT('',(-3.149599969871,-1.722648691182,
    0.360800143121));
#3139 = VECTOR('',#3140,1.);
#3140 = DIRECTION('',(-1.,1.224646799147E-16,0.));
#3141 = ORIENTED_EDGE('',*,*,#1338,.F.);
#3142 = ORIENTED_EDGE('',*,*,#3041,.F.);
#3143 = PLANE('',#3144);
#3144 = AXIS2_PLACEMENT_3D('',#3145,#3146,#3147);
#3145 = CARTESIAN_POINT('',(-3.555999965983,-1.722648691182,
    5.200146522858E-03));
#3146 = DIRECTION('',(-1.224646799147E-16,-1.,3.491481338843E-15));
#3147 = DIRECTION('',(-4.275831445897E-31,-3.491481338843E-15,-1.));
#3148 = ADVANCED_FACE('',(#3149),#3168,.F.);
#3149 = FACE_BOUND('',#3150,.F.);
#3150 = EDGE_LOOP('',(#3151,#3152,#3160,#3167));
#3151 = ORIENTED_EDGE('',*,*,#1346,.T.);
#3152 = ORIENTED_EDGE('',*,*,#3153,.F.);
#3153 = EDGE_CURVE('',#3154,#1347,#3156,.T.);
#3154 = VERTEX_POINT('',#3155);
#3155 = CARTESIAN_POINT('',(-3.149599969871,-2.027448688266,
    0.360800143121));
#3156 = LINE('',#3157,#3158);
#3157 = CARTESIAN_POINT('',(-3.149599969871,-2.027448688266,
    0.360800143121));
#3158 = VECTOR('',#3159,1.);
#3159 = DIRECTION('',(-1.,1.224646799147E-16,0.));
#3160 = ORIENTED_EDGE('',*,*,#3161,.T.);
#3161 = EDGE_CURVE('',#3154,#3129,#3162,.T.);
#3162 = CIRCLE('',#3163,0.152399998542);
#3163 = AXIS2_PLACEMENT_3D('',#3164,#3165,#3166);
#3164 = CARTESIAN_POINT('',(-3.149599969871,-1.875048689724,
    0.360800143121));
#3165 = DIRECTION('',(-1.,1.224646799147E-16,0.));
#3166 = DIRECTION('',(-1.224646799147E-16,-1.,3.55709374175E-15));
#3167 = ORIENTED_EDGE('',*,*,#3136,.T.);
#3168 = CYLINDRICAL_SURFACE('',#3169,0.152399998542);
#3169 = AXIS2_PLACEMENT_3D('',#3170,#3171,#3172);
#3170 = CARTESIAN_POINT('',(-3.555999965983,-1.875048689724,
    0.360800143121));
#3171 = DIRECTION('',(-1.,1.224646799147E-16,0.));
#3172 = DIRECTION('',(6.969893544163E-31,5.691349986801E-15,1.));
#3173 = ADVANCED_FACE('',(#3174),#3192,.T.);
#3174 = FACE_BOUND('',#3175,.T.);
#3175 = EDGE_LOOP('',(#3176,#3177,#3185,#3191));
#3176 = ORIENTED_EDGE('',*,*,#3153,.F.);
#3177 = ORIENTED_EDGE('',*,*,#3178,.F.);
#3178 = EDGE_CURVE('',#3179,#3154,#3181,.T.);
#3179 = VERTEX_POINT('',#3180);
#3180 = CARTESIAN_POINT('',(-3.149599969871,-2.027448688266,
    5.20014652286E-03));
#3181 = LINE('',#3182,#3183);
#3182 = CARTESIAN_POINT('',(-3.149599969871,-2.027448688266,
    5.20014652286E-03));
#3183 = VECTOR('',#3184,1.);
#3184 = DIRECTION('',(4.275831445897E-31,3.491481338843E-15,1.));
#3185 = ORIENTED_EDGE('',*,*,#3186,.T.);
#3186 = EDGE_CURVE('',#3179,#1356,#3187,.T.);
#3187 = LINE('',#3188,#3189);
#3188 = CARTESIAN_POINT('',(-3.149599969871,-2.027448688266,
    5.20014652286E-03));
#3189 = VECTOR('',#3190,1.);
#3190 = DIRECTION('',(-1.,1.224646799147E-16,0.));
#3191 = ORIENTED_EDGE('',*,*,#1355,.F.);
#3192 = PLANE('',#3193);
#3193 = AXIS2_PLACEMENT_3D('',#3194,#3195,#3196);
#3194 = CARTESIAN_POINT('',(-3.555999965983,-2.027448688266,
    0.360800143121));
#3195 = DIRECTION('',(1.224646799147E-16,1.,-3.491481338843E-15));
#3196 = DIRECTION('',(-1.,1.224646799147E-16,0.));
#3197 = ADVANCED_FACE('',(#3198),#3216,.T.);
#3198 = FACE_BOUND('',#3199,.T.);
#3199 = EDGE_LOOP('',(#3200,#3201,#3209,#3215));
#3200 = ORIENTED_EDGE('',*,*,#3186,.F.);
#3201 = ORIENTED_EDGE('',*,*,#3202,.F.);
#3202 = EDGE_CURVE('',#3203,#3179,#3205,.T.);
#3203 = VERTEX_POINT('',#3204);
#3204 = CARTESIAN_POINT('',(-3.149599969871,-2.484648683893,
    5.200146522862E-03));
#3205 = LINE('',#3206,#3207);
#3206 = CARTESIAN_POINT('',(-3.149599969871,-2.484648683893,
    5.200146522862E-03));
#3207 = VECTOR('',#3208,1.);
#3208 = DIRECTION('',(1.224646799147E-16,1.,-3.491481338843E-15));
#3209 = ORIENTED_EDGE('',*,*,#3210,.T.);
#3210 = EDGE_CURVE('',#3203,#1364,#3211,.T.);
#3211 = LINE('',#3212,#3213);
#3212 = CARTESIAN_POINT('',(-3.149599969871,-2.484648683893,
    5.200146522862E-03));
#3213 = VECTOR('',#3214,1.);
#3214 = DIRECTION('',(-1.,1.224646799147E-16,0.));
#3215 = ORIENTED_EDGE('',*,*,#1363,.F.);
#3216 = PLANE('',#3217);
#3217 = AXIS2_PLACEMENT_3D('',#3218,#3219,#3220);
#3218 = CARTESIAN_POINT('',(-3.555999965983,-2.027448688266,
    5.20014652286E-03));
#3219 = DIRECTION('',(-4.275831445897E-31,-3.491481338843E-15,-1.));
#3220 = DIRECTION('',(-1.224646799147E-16,-1.,3.491481338843E-15));
#3221 = ADVANCED_FACE('',(#3222),#3241,.T.);
#3222 = FACE_BOUND('',#3223,.T.);
#3223 = EDGE_LOOP('',(#3224,#3225,#3234,#3240));
#3224 = ORIENTED_EDGE('',*,*,#3210,.F.);
#3225 = ORIENTED_EDGE('',*,*,#3226,.F.);
#3226 = EDGE_CURVE('',#3227,#3203,#3229,.T.);
#3227 = VERTEX_POINT('',#3228);
#3228 = CARTESIAN_POINT('',(-3.149599969871,-2.738648681463,
    0.259200144093));
#3229 = CIRCLE('',#3230,0.25399999757);
#3230 = AXIS2_PLACEMENT_3D('',#3231,#3232,#3233);
#3231 = CARTESIAN_POINT('',(-3.149599969871,-2.484648683893,
    0.259200144093));
#3232 = DIRECTION('',(1.,-1.224646799147E-16,0.));
#3233 = DIRECTION('',(-1.224646799147E-16,-1.,3.41480999208E-15));
#3234 = ORIENTED_EDGE('',*,*,#3235,.T.);
#3235 = EDGE_CURVE('',#3227,#1372,#3236,.T.);
#3236 = LINE('',#3237,#3238);
#3237 = CARTESIAN_POINT('',(-3.149599969871,-2.738648681463,
    0.259200144093));
#3238 = VECTOR('',#3239,1.);
#3239 = DIRECTION('',(-1.,1.224646799147E-16,0.));
#3240 = ORIENTED_EDGE('',*,*,#1371,.F.);
#3241 = CYLINDRICAL_SURFACE('',#3242,0.25399999757);
#3242 = AXIS2_PLACEMENT_3D('',#3243,#3244,#3245);
#3243 = CARTESIAN_POINT('',(-3.555999965983,-2.484648683893,
    0.259200144093));
#3244 = DIRECTION('',(-1.,1.224646799147E-16,0.));
#3245 = DIRECTION('',(4.181936126498E-31,3.41480999208E-15,1.));
#3246 = ADVANCED_FACE('',(#3247),#3265,.T.);
#3247 = FACE_BOUND('',#3248,.T.);
#3248 = EDGE_LOOP('',(#3249,#3250,#3258,#3264));
#3249 = ORIENTED_EDGE('',*,*,#3235,.F.);
#3250 = ORIENTED_EDGE('',*,*,#3251,.F.);
#3251 = EDGE_CURVE('',#3252,#3227,#3254,.T.);
#3252 = VERTEX_POINT('',#3253);
#3253 = CARTESIAN_POINT('',(-3.149599969871,-2.738648681463,
    1.834000129028));
#3254 = LINE('',#3255,#3256);
#3255 = CARTESIAN_POINT('',(-3.149599969871,-2.738648681463,
    1.834000129028));
#3256 = VECTOR('',#3257,1.);
#3257 = DIRECTION('',(-4.275831445897E-31,-3.491481338843E-15,-1.));
#3258 = ORIENTED_EDGE('',*,*,#3259,.T.);
#3259 = EDGE_CURVE('',#3252,#1381,#3260,.T.);
#3260 = LINE('',#3261,#3262);
#3261 = CARTESIAN_POINT('',(-3.149599969871,-2.738648681463,
    1.834000129028));
#3262 = VECTOR('',#3263,1.);
#3263 = DIRECTION('',(-1.,1.224646799147E-16,0.));
#3264 = ORIENTED_EDGE('',*,*,#1380,.F.);
#3265 = PLANE('',#3266);
#3266 = AXIS2_PLACEMENT_3D('',#3267,#3268,#3269);
#3267 = CARTESIAN_POINT('',(-3.555999965983,-2.738648681463,
    0.259200144093));
#3268 = DIRECTION('',(-1.224646799147E-16,-1.,3.491481338843E-15));
#3269 = DIRECTION('',(-4.275831445897E-31,-3.491481338843E-15,-1.));
#3270 = ADVANCED_FACE('',(#3271),#3289,.T.);
#3271 = FACE_BOUND('',#3272,.T.);
#3272 = EDGE_LOOP('',(#3273,#3274,#3282,#3288));
#3273 = ORIENTED_EDGE('',*,*,#3259,.F.);
#3274 = ORIENTED_EDGE('',*,*,#3275,.F.);
#3275 = EDGE_CURVE('',#3276,#3252,#3278,.T.);
#3276 = VERTEX_POINT('',#3277);
#3277 = CARTESIAN_POINT('',(-3.149599969871,-1.392448694341,
    2.850000119309));
#3278 = LINE('',#3279,#3280);
#3279 = CARTESIAN_POINT('',(-3.149599969871,-1.392448694341,
    2.850000119309));
#3280 = VECTOR('',#3281,1.);
#3281 = DIRECTION('',(-9.774997880697E-17,-0.798189150333,
    -0.602406905912));
#3282 = ORIENTED_EDGE('',*,*,#3283,.T.);
#3283 = EDGE_CURVE('',#3276,#1389,#3284,.T.);
#3284 = LINE('',#3285,#3286);
#3285 = CARTESIAN_POINT('',(-3.149599969871,-1.392448694341,
    2.850000119309));
#3286 = VECTOR('',#3287,1.);
#3287 = DIRECTION('',(-1.,1.224646799147E-16,0.));
#3288 = ORIENTED_EDGE('',*,*,#1388,.F.);
#3289 = PLANE('',#3290);
#3290 = AXIS2_PLACEMENT_3D('',#3291,#3292,#3293);
#3291 = CARTESIAN_POINT('',(-3.555999965983,-2.738648681463,
    1.834000129028));
#3292 = DIRECTION('',(-7.377356891093E-17,-0.602406905912,0.798189150333
    ));
#3293 = DIRECTION('',(1.,-1.224646799147E-16,0.));
#3294 = ADVANCED_FACE('',(#3295),#3313,.T.);
#3295 = FACE_BOUND('',#3296,.T.);
#3296 = EDGE_LOOP('',(#3297,#3298,#3306,#3312));
#3297 = ORIENTED_EDGE('',*,*,#3283,.F.);
#3298 = ORIENTED_EDGE('',*,*,#3299,.F.);
#3299 = EDGE_CURVE('',#3300,#3276,#3302,.T.);
#3300 = VERTEX_POINT('',#3301);
#3301 = CARTESIAN_POINT('',(-3.149599969871,0.169651290716,
    2.850000119309));
#3302 = LINE('',#3303,#3304);
#3303 = CARTESIAN_POINT('',(-3.149599969871,0.169651290716,
    2.850000119309));
#3304 = VECTOR('',#3305,1.);
#3305 = DIRECTION('',(-1.224646799147E-16,-1.,3.491481338843E-15));
#3306 = ORIENTED_EDGE('',*,*,#3307,.T.);
#3307 = EDGE_CURVE('',#3300,#1397,#3308,.T.);
#3308 = LINE('',#3309,#3310);
#3309 = CARTESIAN_POINT('',(-3.149599969871,0.169651290716,
    2.850000119309));
#3310 = VECTOR('',#3311,1.);
#3311 = DIRECTION('',(-1.,1.224646799147E-16,0.));
#3312 = ORIENTED_EDGE('',*,*,#1396,.F.);
#3313 = PLANE('',#3314);
#3314 = AXIS2_PLACEMENT_3D('',#3315,#3316,#3317);
#3315 = CARTESIAN_POINT('',(-3.555999965983,-1.392448694341,
    2.850000119309));
#3316 = DIRECTION('',(4.275831445897E-31,3.491481338843E-15,1.));
#3317 = DIRECTION('',(-1.,1.224646799147E-16,0.));
#3318 = ADVANCED_FACE('',(#3319),#3354,.T.);
#3319 = FACE_BOUND('',#3320,.T.);
#3320 = EDGE_LOOP('',(#3321,#3331,#3339,#3345,#3346,#3347));
#3321 = ORIENTED_EDGE('',*,*,#3322,.T.);
#3322 = EDGE_CURVE('',#3323,#3325,#3327,.T.);
#3323 = VERTEX_POINT('',#3324);
#3324 = CARTESIAN_POINT('',(-3.378199967684,3.730697834152,
    1.834000129028));
#3325 = VERTEX_POINT('',#3326);
#3326 = CARTESIAN_POINT('',(-3.378199967684,3.446251259372,
    1.834000129028));
#3327 = LINE('',#3328,#3329);
#3328 = CARTESIAN_POINT('',(-3.378199967684,3.730697834152,
    1.834000129028));
#3329 = VECTOR('',#3330,1.);
#3330 = DIRECTION('',(-1.224646799147E-16,-1.,3.491481338843E-15));
#3331 = ORIENTED_EDGE('',*,*,#3332,.T.);
#3332 = EDGE_CURVE('',#3325,#3333,#3335,.T.);
#3333 = VERTEX_POINT('',#3334);
#3334 = CARTESIAN_POINT('',(-3.149599969871,3.446251259372,
    1.834000129028));
#3335 = LINE('',#3336,#3337);
#3336 = CARTESIAN_POINT('',(-3.378199967684,3.446251259372,
    1.834000129028));
#3337 = VECTOR('',#3338,1.);
#3338 = DIRECTION('',(1.,-1.224646799147E-16,0.));
#3339 = ORIENTED_EDGE('',*,*,#3340,.T.);
#3340 = EDGE_CURVE('',#3333,#2724,#3341,.T.);
#3341 = LINE('',#3342,#3343);
#3342 = CARTESIAN_POINT('',(-3.149599969871,3.446251259372,
    1.834000129028));
#3343 = VECTOR('',#3344,1.);
#3344 = DIRECTION('',(-1.224646799147E-16,-1.,3.491481338843E-15));
#3345 = ORIENTED_EDGE('',*,*,#2723,.T.);
#3346 = ORIENTED_EDGE('',*,*,#1264,.F.);
#3347 = ORIENTED_EDGE('',*,*,#3348,.T.);
#3348 = EDGE_CURVE('',#1265,#3323,#3349,.T.);
#3349 = CIRCLE('',#3350,0.50799999514);
#3350 = AXIS2_PLACEMENT_3D('',#3351,#3352,#3353);
#3351 = CARTESIAN_POINT('',(-3.047999970843,3.344651260344,
    1.834000129028));
#3352 = DIRECTION('',(-4.275831445897E-31,-3.491481338843E-15,-1.));
#3353 = DIRECTION('',(-1.,1.224646799147E-16,0.));
#3354 = PLANE('',#3355);
#3355 = AXIS2_PLACEMENT_3D('',#3356,#3357,#3358);
#3356 = CARTESIAN_POINT('',(-3.378199967684,3.852651255485,
    1.834000129028));
#3357 = DIRECTION('',(-4.275831445897E-31,-3.491481338843E-15,-1.));
#3358 = DIRECTION('',(-1.224646799147E-16,-1.,3.491481338843E-15));
#3359 = ADVANCED_FACE('',(#3360),#3404,.F.);
#3360 = FACE_BOUND('',#3361,.F.);
#3361 = EDGE_LOOP('',(#3362,#3379,#3380,#3389,#3397));
#3362 = ORIENTED_EDGE('',*,*,#3363,.F.);
#3363 = EDGE_CURVE('',#3323,#3364,#3366,.T.);
#3364 = VERTEX_POINT('',#3365);
#3365 = CARTESIAN_POINT('',(-3.047999970843,3.852651255485,
    1.643076326103));
#3366 = B_SPLINE_CURVE_WITH_KNOTS('',3,(#3367,#3368,#3369,#3370,#3371,
    #3372,#3373,#3374,#3375,#3376,#3377,#3378),.UNSPECIFIED.,.F.,.F.,(4,
    2,2,2,2,4),(0.,0.25,0.375,0.4375,0.5,1.),.UNSPECIFIED.);
#3367 = CARTESIAN_POINT('',(-3.378199967684,3.730697834152,
    1.834000129028));
#3368 = CARTESIAN_POINT('',(-3.350539102513,3.754357201212,
    1.834000129028));
#3369 = CARTESIAN_POINT('',(-3.320956285437,3.774478852918,
    1.830982335428));
#3370 = CARTESIAN_POINT('',(-3.275114191552,3.799354757448,
    1.820125338653));
#3371 = CARTESIAN_POINT('',(-3.259598135776,3.806762296786,
    1.815452182741));
#3372 = CARTESIAN_POINT('',(-3.236237301891,3.816546962536,
    1.806662146778));
#3373 = CARTESIAN_POINT('',(-3.228436550564,3.819587410576,1.80343570187
    ));
#3374 = CARTESIAN_POINT('',(-3.212859696301,3.825226092238,
    1.796361114622));
#3375 = CARTESIAN_POINT('',(-3.203436096491,3.828330635336,
    1.791624441819));
#3376 = CARTESIAN_POINT('',(-3.148648421731,3.845167987747,
    1.762077148174));
#3377 = CARTESIAN_POINT('',(-3.090583074398,3.852651255485,
    1.717051611517));
#3378 = CARTESIAN_POINT('',(-3.047999970843,3.852651255485,
    1.643076326103));
#3379 = ORIENTED_EDGE('',*,*,#3322,.T.);
#3380 = ORIENTED_EDGE('',*,*,#3381,.F.);
#3381 = EDGE_CURVE('',#3382,#3325,#3384,.T.);
#3382 = VERTEX_POINT('',#3383);
#3383 = CARTESIAN_POINT('',(-2.997199971329,3.446251259372,
    1.453000132673));
#3384 = CIRCLE('',#3385,0.380999996355);
#3385 = AXIS2_PLACEMENT_3D('',#3386,#3387,#3388);
#3386 = CARTESIAN_POINT('',(-3.378199967684,3.446251259372,
    1.453000132673));
#3387 = DIRECTION('',(-1.224646799147E-16,-1.,3.491481338843E-15));
#3388 = DIRECTION('',(1.,-1.224646799147E-16,0.));
#3389 = ORIENTED_EDGE('',*,*,#3390,.F.);
#3390 = EDGE_CURVE('',#3391,#3382,#3393,.T.);
#3391 = VERTEX_POINT('',#3392);
#3392 = CARTESIAN_POINT('',(-2.997199971329,3.852651255485,
    1.453000132673));
#3393 = LINE('',#3394,#3395);
#3394 = CARTESIAN_POINT('',(-2.997199971329,3.852651255485,
    1.453000132673));
#3395 = VECTOR('',#3396,1.);
#3396 = DIRECTION('',(-1.224646799147E-16,-1.,3.491481338843E-15));
#3397 = ORIENTED_EDGE('',*,*,#3398,.T.);
#3398 = EDGE_CURVE('',#3391,#3364,#3399,.T.);
#3399 = CIRCLE('',#3400,0.380999996355);
#3400 = AXIS2_PLACEMENT_3D('',#3401,#3402,#3403);
#3401 = CARTESIAN_POINT('',(-3.378199967684,3.852651255485,
    1.453000132673));
#3402 = DIRECTION('',(-1.224646799147E-16,-1.,3.491481338843E-15));
#3403 = DIRECTION('',(1.,-1.224646799147E-16,0.));
#3404 = CYLINDRICAL_SURFACE('',#3405,0.380999996355);
#3405 = AXIS2_PLACEMENT_3D('',#3406,#3407,#3408);
#3406 = CARTESIAN_POINT('',(-3.378199967684,3.852651255485,
    1.453000132673));
#3407 = DIRECTION('',(1.224646799147E-16,1.,-3.491481338843E-15));
#3408 = DIRECTION('',(-1.,1.224646799147E-16,0.));
#3409 = ADVANCED_FACE('',(#3410),#3435,.T.);
#3410 = FACE_BOUND('',#3411,.T.);
#3411 = EDGE_LOOP('',(#3412,#3420,#3428,#3434));
#3412 = ORIENTED_EDGE('',*,*,#3413,.F.);
#3413 = EDGE_CURVE('',#3414,#2382,#3416,.T.);
#3414 = VERTEX_POINT('',#3415);
#3415 = CARTESIAN_POINT('',(2.603499975095,1.109451281726,
    -2.999999824729));
#3416 = LINE('',#3417,#3418);
#3417 = CARTESIAN_POINT('',(2.603499975095,1.109451281726,
    -3.499999819946));
#3418 = VECTOR('',#3419,1.);
#3419 = DIRECTION('',(4.275831445897E-31,3.491481338843E-15,1.));
#3420 = ORIENTED_EDGE('',*,*,#3421,.T.);
#3421 = EDGE_CURVE('',#3414,#3422,#3424,.T.);
#3422 = VERTEX_POINT('',#3423);
#3423 = CARTESIAN_POINT('',(2.603499975095,1.41425127881,-2.999999824729
    ));
#3424 = LINE('',#3425,#3426);
#3425 = CARTESIAN_POINT('',(2.603499975095,1.109451281726,
    -2.999999824729));
#3426 = VECTOR('',#3427,1.);
#3427 = DIRECTION('',(1.224646799147E-16,1.,-3.491481338843E-15));
#3428 = ORIENTED_EDGE('',*,*,#3429,.T.);
#3429 = EDGE_CURVE('',#3422,#2380,#3430,.T.);
#3430 = LINE('',#3431,#3432);
#3431 = CARTESIAN_POINT('',(2.603499975095,1.41425127881,-3.499999819946
    ));
#3432 = VECTOR('',#3433,1.);
#3433 = DIRECTION('',(4.275831445897E-31,3.491481338843E-15,1.));
#3434 = ORIENTED_EDGE('',*,*,#2379,.T.);
#3435 = PLANE('',#3436);
#3436 = AXIS2_PLACEMENT_3D('',#3437,#3438,#3439);
#3437 = CARTESIAN_POINT('',(2.603499975095,1.109451281726,
    -3.499999819946));
#3438 = DIRECTION('',(1.,-1.224646799147E-16,0.));
#3439 = DIRECTION('',(1.224646799147E-16,1.,-3.491481338843E-15));
#3440 = ADVANCED_FACE('',(#3441),#3475,.T.);
#3441 = FACE_BOUND('',#3442,.T.);
#3442 = EDGE_LOOP('',(#3443,#3453,#3461,#3469));
#3443 = ORIENTED_EDGE('',*,*,#3444,.T.);
#3444 = EDGE_CURVE('',#3445,#3447,#3449,.T.);
#3445 = VERTEX_POINT('',#3446);
#3446 = CARTESIAN_POINT('',(2.07428509729,1.41425127881,-3.499999819946)
  );
#3447 = VERTEX_POINT('',#3448);
#3448 = CARTESIAN_POINT('',(2.421514859703,1.41425127881,-3.499999819946
    ));
#3449 = LINE('',#3450,#3451);
#3450 = CARTESIAN_POINT('',(1.892299981898,1.41425127881,-3.499999819946
    ));
#3451 = VECTOR('',#3452,1.);
#3452 = DIRECTION('',(1.,-1.224646799147E-16,0.));
#3453 = ORIENTED_EDGE('',*,*,#3454,.T.);
#3454 = EDGE_CURVE('',#3447,#3455,#3457,.T.);
#3455 = VERTEX_POINT('',#3456);
#3456 = CARTESIAN_POINT('',(2.421514859703,1.109451281726,
    -3.499999819946));
#3457 = LINE('',#3458,#3459);
#3458 = CARTESIAN_POINT('',(2.421514859703,1.109451281726,
    -3.499999819946));
#3459 = VECTOR('',#3460,1.);
#3460 = DIRECTION('',(-1.224646799147E-16,-1.,3.491481338843E-15));
#3461 = ORIENTED_EDGE('',*,*,#3462,.F.);
#3462 = EDGE_CURVE('',#3463,#3455,#3465,.T.);
#3463 = VERTEX_POINT('',#3464);
#3464 = CARTESIAN_POINT('',(2.07428509729,1.109451281726,-3.499999819946
    ));
#3465 = LINE('',#3466,#3467);
#3466 = CARTESIAN_POINT('',(1.892299981898,1.109451281726,
    -3.499999819946));
#3467 = VECTOR('',#3468,1.);
#3468 = DIRECTION('',(1.,-1.224646799147E-16,0.));
#3469 = ORIENTED_EDGE('',*,*,#3470,.T.);
#3470 = EDGE_CURVE('',#3463,#3445,#3471,.T.);
#3471 = LINE('',#3472,#3473);
#3472 = CARTESIAN_POINT('',(2.07428509729,1.109451281726,-3.499999819946
    ));
#3473 = VECTOR('',#3474,1.);
#3474 = DIRECTION('',(1.224646799147E-16,1.,-3.491481338843E-15));
#3475 = PLANE('',#3476);
#3476 = AXIS2_PLACEMENT_3D('',#3477,#3478,#3479);
#3477 = CARTESIAN_POINT('',(1.892299981898,1.109451281726,
    -3.499999819946));
#3478 = DIRECTION('',(-4.275831445897E-31,-3.491481338843E-15,-1.));
#3479 = DIRECTION('',(-1.224646799147E-16,-1.,3.491481338843E-15));
#3480 = ADVANCED_FACE('',(#3481),#3506,.T.);
#3481 = FACE_BOUND('',#3482,.T.);
#3482 = EDGE_LOOP('',(#3483,#3491,#3499,#3505));
#3483 = ORIENTED_EDGE('',*,*,#3484,.T.);
#3484 = EDGE_CURVE('',#2390,#3485,#3487,.T.);
#3485 = VERTEX_POINT('',#3486);
#3486 = CARTESIAN_POINT('',(1.892299981898,1.41425127881,-2.999999824729
    ));
#3487 = LINE('',#3488,#3489);
#3488 = CARTESIAN_POINT('',(1.892299981898,1.41425127881,1.021200136804)
  );
#3489 = VECTOR('',#3490,1.);
#3490 = DIRECTION('',(-4.275831445897E-31,-3.491481338843E-15,-1.));
#3491 = ORIENTED_EDGE('',*,*,#3492,.T.);
#3492 = EDGE_CURVE('',#3485,#3493,#3495,.T.);
#3493 = VERTEX_POINT('',#3494);
#3494 = CARTESIAN_POINT('',(1.892299981898,1.109451281726,
    -2.999999824729));
#3495 = LINE('',#3496,#3497);
#3496 = CARTESIAN_POINT('',(1.892299981898,1.109451281726,
    -2.999999824729));
#3497 = VECTOR('',#3498,1.);
#3498 = DIRECTION('',(-1.224646799147E-16,-1.,3.491481338843E-15));
#3499 = ORIENTED_EDGE('',*,*,#3500,.F.);
#3500 = EDGE_CURVE('',#2398,#3493,#3501,.T.);
#3501 = LINE('',#3502,#3503);
#3502 = CARTESIAN_POINT('',(1.892299981898,1.109451281726,1.021200136804
    ));
#3503 = VECTOR('',#3504,1.);
#3504 = DIRECTION('',(-4.275831445897E-31,-3.491481338843E-15,-1.));
#3505 = ORIENTED_EDGE('',*,*,#2397,.F.);
#3506 = PLANE('',#3507);
#3507 = AXIS2_PLACEMENT_3D('',#3508,#3509,#3510);
#3508 = CARTESIAN_POINT('',(1.892299981898,1.109451281726,1.021200136804
    ));
#3509 = DIRECTION('',(-1.,1.224646799147E-16,0.));
#3510 = DIRECTION('',(4.275831445897E-31,3.491481338843E-15,1.));
#3511 = ADVANCED_FACE('',(#3512),#3546,.T.);
#3512 = FACE_BOUND('',#3513,.T.);
#3513 = EDGE_LOOP('',(#3514,#3524,#3532,#3540));
#3514 = ORIENTED_EDGE('',*,*,#3515,.T.);
#3515 = EDGE_CURVE('',#3516,#3518,#3520,.T.);
#3516 = VERTEX_POINT('',#3517);
#3517 = CARTESIAN_POINT('',(-2.421514859703,1.41425127881,
    -3.499999819946));
#3518 = VERTEX_POINT('',#3519);
#3519 = CARTESIAN_POINT('',(-2.07428509729,1.41425127881,-3.499999819946
    ));
#3520 = LINE('',#3521,#3522);
#3521 = CARTESIAN_POINT('',(-2.603499975095,1.41425127881,
    -3.499999819946));
#3522 = VECTOR('',#3523,1.);
#3523 = DIRECTION('',(1.,-1.224646799147E-16,0.));
#3524 = ORIENTED_EDGE('',*,*,#3525,.T.);
#3525 = EDGE_CURVE('',#3518,#3526,#3528,.T.);
#3526 = VERTEX_POINT('',#3527);
#3527 = CARTESIAN_POINT('',(-2.07428509729,1.109451281726,
    -3.499999819946));
#3528 = LINE('',#3529,#3530);
#3529 = CARTESIAN_POINT('',(-2.07428509729,1.109451281726,
    -3.499999819946));
#3530 = VECTOR('',#3531,1.);
#3531 = DIRECTION('',(-1.224646799147E-16,-1.,3.491481338843E-15));
#3532 = ORIENTED_EDGE('',*,*,#3533,.F.);
#3533 = EDGE_CURVE('',#3534,#3526,#3536,.T.);
#3534 = VERTEX_POINT('',#3535);
#3535 = CARTESIAN_POINT('',(-2.421514859703,1.109451281726,
    -3.499999819946));
#3536 = LINE('',#3537,#3538);
#3537 = CARTESIAN_POINT('',(-2.603499975095,1.109451281726,
    -3.499999819946));
#3538 = VECTOR('',#3539,1.);
#3539 = DIRECTION('',(1.,-1.224646799147E-16,0.));
#3540 = ORIENTED_EDGE('',*,*,#3541,.T.);
#3541 = EDGE_CURVE('',#3534,#3516,#3542,.T.);
#3542 = LINE('',#3543,#3544);
#3543 = CARTESIAN_POINT('',(-2.421514859703,1.109451281726,
    -3.499999819946));
#3544 = VECTOR('',#3545,1.);
#3545 = DIRECTION('',(1.224646799147E-16,1.,-3.491481338843E-15));
#3546 = PLANE('',#3547);
#3547 = AXIS2_PLACEMENT_3D('',#3548,#3549,#3550);
#3548 = CARTESIAN_POINT('',(-2.603499975095,1.109451281726,
    -3.499999819946));
#3549 = DIRECTION('',(-4.275831445897E-31,-3.491481338843E-15,-1.));
#3550 = DIRECTION('',(-1.224646799147E-16,-1.,3.491481338843E-15));
#3551 = ADVANCED_FACE('',(#3552),#3577,.T.);
#3552 = FACE_BOUND('',#3553,.T.);
#3553 = EDGE_LOOP('',(#3554,#3562,#3570,#3576));
#3554 = ORIENTED_EDGE('',*,*,#3555,.T.);
#3555 = EDGE_CURVE('',#2424,#3556,#3558,.T.);
#3556 = VERTEX_POINT('',#3557);
#3557 = CARTESIAN_POINT('',(-2.603499975095,1.41425127881,
    -2.999999824729));
#3558 = LINE('',#3559,#3560);
#3559 = CARTESIAN_POINT('',(-2.603499975095,1.41425127881,1.021200136804
    ));
#3560 = VECTOR('',#3561,1.);
#3561 = DIRECTION('',(-4.275831445897E-31,-3.491481338843E-15,-1.));
#3562 = ORIENTED_EDGE('',*,*,#3563,.T.);
#3563 = EDGE_CURVE('',#3556,#3564,#3566,.T.);
#3564 = VERTEX_POINT('',#3565);
#3565 = CARTESIAN_POINT('',(-2.603499975095,1.109451281726,
    -2.999999824729));
#3566 = LINE('',#3567,#3568);
#3567 = CARTESIAN_POINT('',(-2.603499975095,1.109451281726,
    -2.999999824729));
#3568 = VECTOR('',#3569,1.);
#3569 = DIRECTION('',(-1.224646799147E-16,-1.,3.491481338843E-15));
#3570 = ORIENTED_EDGE('',*,*,#3571,.F.);
#3571 = EDGE_CURVE('',#2432,#3564,#3572,.T.);
#3572 = LINE('',#3573,#3574);
#3573 = CARTESIAN_POINT('',(-2.603499975095,1.109451281726,
    1.021200136804));
#3574 = VECTOR('',#3575,1.);
#3575 = DIRECTION('',(-4.275831445897E-31,-3.491481338843E-15,-1.));
#3576 = ORIENTED_EDGE('',*,*,#2431,.F.);
#3577 = PLANE('',#3578);
#3578 = AXIS2_PLACEMENT_3D('',#3579,#3580,#3581);
#3579 = CARTESIAN_POINT('',(-2.603499975095,1.109451281726,
    1.021200136804));
#3580 = DIRECTION('',(-1.,1.224646799147E-16,0.));
#3581 = DIRECTION('',(4.275831445897E-31,3.491481338843E-15,1.));
#3582 = ADVANCED_FACE('',(#3583),#3601,.F.);
#3583 = FACE_BOUND('',#3584,.T.);
#3584 = EDGE_LOOP('',(#3585,#3586,#3592,#3593,#3599,#3600));
#3585 = ORIENTED_EDGE('',*,*,#3429,.F.);
#3586 = ORIENTED_EDGE('',*,*,#3587,.T.);
#3587 = EDGE_CURVE('',#3422,#3447,#3588,.T.);
#3588 = LINE('',#3589,#3590);
#3589 = CARTESIAN_POINT('',(2.603499975095,1.41425127881,-2.999999824729
    ));
#3590 = VECTOR('',#3591,1.);
#3591 = DIRECTION('',(-0.342020143326,-3.239033862346E-15,
    -0.939692620786));
#3592 = ORIENTED_EDGE('',*,*,#3444,.F.);
#3593 = ORIENTED_EDGE('',*,*,#3594,.T.);
#3594 = EDGE_CURVE('',#3445,#3485,#3595,.T.);
#3595 = LINE('',#3596,#3597);
#3596 = CARTESIAN_POINT('',(2.07428509729,1.41425127881,-3.499999819946)
  );
#3597 = VECTOR('',#3598,1.);
#3598 = DIRECTION('',(-0.342020143326,3.322804637099E-15,0.939692620786)
  );
#3599 = ORIENTED_EDGE('',*,*,#3484,.F.);
#3600 = ORIENTED_EDGE('',*,*,#2389,.T.);
#3601 = PLANE('',#3602);
#3602 = AXIS2_PLACEMENT_3D('',#3603,#3604,#3605);
#3603 = CARTESIAN_POINT('',(-1.127593529528E-16,1.41425127881,
    4.018400108132));
#3604 = DIRECTION('',(-1.224646799147E-16,-1.,3.491481338843E-15));
#3605 = DIRECTION('',(-4.275831445897E-31,-3.491481338843E-15,-1.));
#3606 = ADVANCED_FACE('',(#3607),#3632,.F.);
#3607 = FACE_BOUND('',#3608,.T.);
#3608 = EDGE_LOOP('',(#3609,#3617,#3623,#3624,#3630,#3631));
#3609 = ORIENTED_EDGE('',*,*,#3610,.F.);
#3610 = EDGE_CURVE('',#3611,#2414,#3613,.T.);
#3611 = VERTEX_POINT('',#3612);
#3612 = CARTESIAN_POINT('',(-1.892299981898,1.41425127881,
    -2.999999824729));
#3613 = LINE('',#3614,#3615);
#3614 = CARTESIAN_POINT('',(-1.892299981898,1.41425127881,
    -3.499999819946));
#3615 = VECTOR('',#3616,1.);
#3616 = DIRECTION('',(4.275831445897E-31,3.491481338843E-15,1.));
#3617 = ORIENTED_EDGE('',*,*,#3618,.T.);
#3618 = EDGE_CURVE('',#3611,#3518,#3619,.T.);
#3619 = LINE('',#3620,#3621);
#3620 = CARTESIAN_POINT('',(-1.892299981898,1.41425127881,
    -2.999999824729));
#3621 = VECTOR('',#3622,1.);
#3622 = DIRECTION('',(-0.342020143326,-3.239033862346E-15,
    -0.939692620786));
#3623 = ORIENTED_EDGE('',*,*,#3515,.F.);
#3624 = ORIENTED_EDGE('',*,*,#3625,.T.);
#3625 = EDGE_CURVE('',#3516,#3556,#3626,.T.);
#3626 = LINE('',#3627,#3628);
#3627 = CARTESIAN_POINT('',(-2.421514859703,1.41425127881,
    -3.499999819946));
#3628 = VECTOR('',#3629,1.);
#3629 = DIRECTION('',(-0.342020143326,3.322804637099E-15,0.939692620786)
  );
#3630 = ORIENTED_EDGE('',*,*,#3555,.F.);
#3631 = ORIENTED_EDGE('',*,*,#2423,.T.);
#3632 = PLANE('',#3633);
#3633 = AXIS2_PLACEMENT_3D('',#3634,#3635,#3636);
#3634 = CARTESIAN_POINT('',(-1.127593529528E-16,1.41425127881,
    4.018400108132));
#3635 = DIRECTION('',(-1.224646799147E-16,-1.,3.491481338843E-15));
#3636 = DIRECTION('',(-4.275831445897E-31,-3.491481338843E-15,-1.));
#3637 = ADVANCED_FACE('',(#3638),#3656,.T.);
#3638 = FACE_BOUND('',#3639,.T.);
#3639 = EDGE_LOOP('',(#3640,#3648,#3654,#3655));
#3640 = ORIENTED_EDGE('',*,*,#3641,.F.);
#3641 = EDGE_CURVE('',#3642,#2416,#3644,.T.);
#3642 = VERTEX_POINT('',#3643);
#3643 = CARTESIAN_POINT('',(-1.892299981898,1.109451281726,
    -2.999999824729));
#3644 = LINE('',#3645,#3646);
#3645 = CARTESIAN_POINT('',(-1.892299981898,1.109451281726,
    -3.499999819946));
#3646 = VECTOR('',#3647,1.);
#3647 = DIRECTION('',(4.275831445897E-31,3.491481338843E-15,1.));
#3648 = ORIENTED_EDGE('',*,*,#3649,.T.);
#3649 = EDGE_CURVE('',#3642,#3611,#3650,.T.);
#3650 = LINE('',#3651,#3652);
#3651 = CARTESIAN_POINT('',(-1.892299981898,1.109451281726,
    -2.999999824729));
#3652 = VECTOR('',#3653,1.);
#3653 = DIRECTION('',(1.224646799147E-16,1.,-3.491481338843E-15));
#3654 = ORIENTED_EDGE('',*,*,#3610,.T.);
#3655 = ORIENTED_EDGE('',*,*,#2413,.T.);
#3656 = PLANE('',#3657);
#3657 = AXIS2_PLACEMENT_3D('',#3658,#3659,#3660);
#3658 = CARTESIAN_POINT('',(-1.892299981898,1.109451281726,
    -3.499999819946));
#3659 = DIRECTION('',(1.,-1.224646799147E-16,0.));
#3660 = DIRECTION('',(1.224646799147E-16,1.,-3.491481338843E-15));
#3661 = ADVANCED_FACE('',(#3662),#3680,.T.);
#3662 = FACE_BOUND('',#3663,.T.);
#3663 = EDGE_LOOP('',(#3664,#3665,#3671,#3672,#3673,#3674));
#3664 = ORIENTED_EDGE('',*,*,#3462,.T.);
#3665 = ORIENTED_EDGE('',*,*,#3666,.T.);
#3666 = EDGE_CURVE('',#3455,#3414,#3667,.T.);
#3667 = LINE('',#3668,#3669);
#3668 = CARTESIAN_POINT('',(4.554618590172,1.109451281726,2.360654512874
    ));
#3669 = VECTOR('',#3670,1.);
#3670 = DIRECTION('',(0.342020143326,3.239033862346E-15,0.939692620786)
  );
#3671 = ORIENTED_EDGE('',*,*,#3413,.T.);
#3672 = ORIENTED_EDGE('',*,*,#2405,.F.);
#3673 = ORIENTED_EDGE('',*,*,#3500,.T.);
#3674 = ORIENTED_EDGE('',*,*,#3675,.T.);
#3675 = EDGE_CURVE('',#3493,#3463,#3676,.T.);
#3676 = LINE('',#3677,#3678);
#3677 = CARTESIAN_POINT('',(-0.584727324461,1.109451281726,
    3.805576766866));
#3678 = VECTOR('',#3679,1.);
#3679 = DIRECTION('',(0.342020143326,-3.322804637099E-15,-0.939692620786
    ));
#3680 = PLANE('',#3681);
#3681 = AXIS2_PLACEMENT_3D('',#3682,#3683,#3684);
#3682 = CARTESIAN_POINT('',(-1.500865870338E-16,1.109451281726,
    4.018400108132));
#3683 = DIRECTION('',(-1.224646799147E-16,-1.,3.491481338843E-15));
#3684 = DIRECTION('',(-4.275831445897E-31,-3.491481338843E-15,-1.));
#3685 = ADVANCED_FACE('',(#3686),#3704,.T.);
#3686 = FACE_BOUND('',#3687,.T.);
#3687 = EDGE_LOOP('',(#3688,#3689,#3695,#3696,#3697,#3698));
#3688 = ORIENTED_EDGE('',*,*,#3533,.T.);
#3689 = ORIENTED_EDGE('',*,*,#3690,.T.);
#3690 = EDGE_CURVE('',#3526,#3642,#3691,.T.);
#3691 = LINE('',#3692,#3693);
#3692 = CARTESIAN_POINT('',(0.584727324461,1.109451281726,3.805576766866
    ));
#3693 = VECTOR('',#3694,1.);
#3694 = DIRECTION('',(0.342020143326,3.239033862346E-15,0.939692620786)
  );
#3695 = ORIENTED_EDGE('',*,*,#3641,.T.);
#3696 = ORIENTED_EDGE('',*,*,#2439,.F.);
#3697 = ORIENTED_EDGE('',*,*,#3571,.T.);
#3698 = ORIENTED_EDGE('',*,*,#3699,.T.);
#3699 = EDGE_CURVE('',#3564,#3534,#3700,.T.);
#3700 = LINE('',#3701,#3702);
#3701 = CARTESIAN_POINT('',(-4.554618590172,1.109451281726,
    2.360654512874));
#3702 = VECTOR('',#3703,1.);
#3703 = DIRECTION('',(0.342020143326,-3.322804637099E-15,-0.939692620786
    ));
#3704 = PLANE('',#3705);
#3705 = AXIS2_PLACEMENT_3D('',#3706,#3707,#3708);
#3706 = CARTESIAN_POINT('',(-1.500865870338E-16,1.109451281726,
    4.018400108132));
#3707 = DIRECTION('',(-1.224646799147E-16,-1.,3.491481338843E-15));
#3708 = DIRECTION('',(-4.275831445897E-31,-3.491481338843E-15,-1.));
#3709 = ADVANCED_FACE('',(#3710),#3735,.T.);
#3710 = FACE_BOUND('',#3711,.T.);
#3711 = EDGE_LOOP('',(#3712,#3713,#3721,#3729));
#3712 = ORIENTED_EDGE('',*,*,#2630,.T.);
#3713 = ORIENTED_EDGE('',*,*,#3714,.T.);
#3714 = EDGE_CURVE('',#2623,#3715,#3717,.T.);
#3715 = VERTEX_POINT('',#3716);
#3716 = CARTESIAN_POINT('',(-2.997199971329,3.446251259372,
    0.360800143121));
#3717 = LINE('',#3718,#3719);
#3718 = CARTESIAN_POINT('',(2.997199971329,3.446251259372,0.360800143121
    ));
#3719 = VECTOR('',#3720,1.);
#3720 = DIRECTION('',(-1.,1.224646799147E-16,0.));
#3721 = ORIENTED_EDGE('',*,*,#3722,.F.);
#3722 = EDGE_CURVE('',#3723,#3715,#3725,.T.);
#3723 = VERTEX_POINT('',#3724);
#3724 = CARTESIAN_POINT('',(-2.997199971329,3.852651255485,
    0.360800143121));
#3725 = LINE('',#3726,#3727);
#3726 = CARTESIAN_POINT('',(-2.997199971329,3.852651255485,
    0.360800143121));
#3727 = VECTOR('',#3728,1.);
#3728 = DIRECTION('',(-1.224646799147E-16,-1.,3.491481338843E-15));
#3729 = ORIENTED_EDGE('',*,*,#3730,.F.);
#3730 = EDGE_CURVE('',#2631,#3723,#3731,.T.);
#3731 = LINE('',#3732,#3733);
#3732 = CARTESIAN_POINT('',(2.997199971329,3.852651255485,0.360800143121
    ));
#3733 = VECTOR('',#3734,1.);
#3734 = DIRECTION('',(-1.,1.224646799147E-16,0.));
#3735 = PLANE('',#3736);
#3736 = AXIS2_PLACEMENT_3D('',#3737,#3738,#3739);
#3737 = CARTESIAN_POINT('',(2.997199971329,3.852651255485,0.360800143121
    ));
#3738 = DIRECTION('',(-4.275831445897E-31,-3.491481338843E-15,-1.));
#3739 = DIRECTION('',(-1.224646799147E-16,-1.,3.491481338843E-15));
#3740 = ADVANCED_FACE('',(#3741),#3785,.F.);
#3741 = FACE_BOUND('',#3742,.F.);
#3742 = EDGE_LOOP('',(#3743,#3762,#3770,#3777,#3778));
#3743 = ORIENTED_EDGE('',*,*,#3744,.F.);
#3744 = EDGE_CURVE('',#3745,#3747,#3749,.T.);
#3745 = VERTEX_POINT('',#3746);
#3746 = CARTESIAN_POINT('',(3.378199967684,3.730697834152,5.034400098413
    ));
#3747 = VERTEX_POINT('',#3748);
#3748 = CARTESIAN_POINT('',(3.047999970843,3.852651255485,5.225323901339
    ));
#3749 = B_SPLINE_CURVE_WITH_KNOTS('',3,(#3750,#3751,#3752,#3753,#3754,
    #3755,#3756,#3757,#3758,#3759,#3760,#3761),.UNSPECIFIED.,.F.,.F.,(4,
    2,2,2,2,4),(0.,0.25,0.375,0.4375,0.5,1.),.UNSPECIFIED.);
#3750 = CARTESIAN_POINT('',(3.378199967684,3.730697834152,5.034400098413
    ));
#3751 = CARTESIAN_POINT('',(3.350539102513,3.754357201212,5.034400098413
    ));
#3752 = CARTESIAN_POINT('',(3.320956285437,3.774478852918,5.037417892014
    ));
#3753 = CARTESIAN_POINT('',(3.275114191552,3.799354757448,5.048274888789
    ));
#3754 = CARTESIAN_POINT('',(3.259598135776,3.806762296786,5.052948044701
    ));
#3755 = CARTESIAN_POINT('',(3.236237301891,3.816546962536,5.061738080664
    ));
#3756 = CARTESIAN_POINT('',(3.228436550564,3.819587410576,5.064964525571
    ));
#3757 = CARTESIAN_POINT('',(3.212859696301,3.825226092238,5.072039112819
    ));
#3758 = CARTESIAN_POINT('',(3.203436096491,3.828330635336,5.076775785623
    ));
#3759 = CARTESIAN_POINT('',(3.148648421731,3.845167987747,5.106323079269
    ));
#3760 = CARTESIAN_POINT('',(3.090583074397,3.852651255485,5.151348615926
    ));
#3761 = CARTESIAN_POINT('',(3.047999970843,3.852651255485,5.225323901339
    ));
#3762 = ORIENTED_EDGE('',*,*,#3763,.T.);
#3763 = EDGE_CURVE('',#3745,#3764,#3766,.T.);
#3764 = VERTEX_POINT('',#3765);
#3765 = CARTESIAN_POINT('',(3.378199967684,3.446251259372,5.034400098413
    ));
#3766 = LINE('',#3767,#3768);
#3767 = CARTESIAN_POINT('',(3.378199967684,3.730697834152,5.034400098413
    ));
#3768 = VECTOR('',#3769,1.);
#3769 = DIRECTION('',(-1.224646799147E-16,-1.,3.491481338843E-15));
#3770 = ORIENTED_EDGE('',*,*,#3771,.F.);
#3771 = EDGE_CURVE('',#2583,#3764,#3772,.T.);
#3772 = CIRCLE('',#3773,0.380999996355);
#3773 = AXIS2_PLACEMENT_3D('',#3774,#3775,#3776);
#3774 = CARTESIAN_POINT('',(3.378199967684,3.446251259372,5.415400094769
    ));
#3775 = DIRECTION('',(-1.224646799147E-16,-1.,3.491481338843E-15));
#3776 = DIRECTION('',(-1.,1.224646799147E-16,0.));
#3777 = ORIENTED_EDGE('',*,*,#2590,.F.);
#3778 = ORIENTED_EDGE('',*,*,#3779,.T.);
#3779 = EDGE_CURVE('',#2591,#3747,#3780,.T.);
#3780 = CIRCLE('',#3781,0.380999996355);
#3781 = AXIS2_PLACEMENT_3D('',#3782,#3783,#3784);
#3782 = CARTESIAN_POINT('',(3.378199967684,3.852651255485,5.415400094769
    ));
#3783 = DIRECTION('',(-1.224646799147E-16,-1.,3.491481338843E-15));
#3784 = DIRECTION('',(-1.,1.224646799147E-16,0.));
#3785 = CYLINDRICAL_SURFACE('',#3786,0.380999996355);
#3786 = AXIS2_PLACEMENT_3D('',#3787,#3788,#3789);
#3787 = CARTESIAN_POINT('',(3.378199967684,3.852651255485,5.415400094769
    ));
#3788 = DIRECTION('',(1.224646799147E-16,1.,-3.491481338843E-15));
#3789 = DIRECTION('',(-1.,1.224646799147E-16,0.));
#3790 = ADVANCED_FACE('',(#3791),#3825,.T.);
#3791 = FACE_BOUND('',#3792,.T.);
#3792 = EDGE_LOOP('',(#3793,#3803,#3811,#3819));
#3793 = ORIENTED_EDGE('',*,*,#3794,.T.);
#3794 = EDGE_CURVE('',#3795,#3797,#3799,.T.);
#3795 = VERTEX_POINT('',#3796);
#3796 = CARTESIAN_POINT('',(3.555999965983,0.169651290716,2.850000119309
    ));
#3797 = VERTEX_POINT('',#3798);
#3798 = CARTESIAN_POINT('',(3.149599969871,0.169651290716,2.850000119309
    ));
#3799 = LINE('',#3800,#3801);
#3800 = CARTESIAN_POINT('',(3.555999965983,0.169651290716,2.850000119309
    ));
#3801 = VECTOR('',#3802,1.);
#3802 = DIRECTION('',(-1.,1.224646799147E-16,0.));
#3803 = ORIENTED_EDGE('',*,*,#3804,.T.);
#3804 = EDGE_CURVE('',#3797,#3805,#3807,.T.);
#3805 = VERTEX_POINT('',#3806);
#3806 = CARTESIAN_POINT('',(3.149599969871,-1.392448694341,
    2.850000119309));
#3807 = LINE('',#3808,#3809);
#3808 = CARTESIAN_POINT('',(3.149599969871,0.169651290716,2.850000119309
    ));
#3809 = VECTOR('',#3810,1.);
#3810 = DIRECTION('',(-1.224646799147E-16,-1.,3.491481338843E-15));
#3811 = ORIENTED_EDGE('',*,*,#3812,.F.);
#3812 = EDGE_CURVE('',#3813,#3805,#3815,.T.);
#3813 = VERTEX_POINT('',#3814);
#3814 = CARTESIAN_POINT('',(3.555999965983,-1.392448694341,
    2.850000119309));
#3815 = LINE('',#3816,#3817);
#3816 = CARTESIAN_POINT('',(3.555999965983,-1.392448694341,
    2.850000119309));
#3817 = VECTOR('',#3818,1.);
#3818 = DIRECTION('',(-1.,1.224646799147E-16,0.));
#3819 = ORIENTED_EDGE('',*,*,#3820,.F.);
#3820 = EDGE_CURVE('',#3795,#3813,#3821,.T.);
#3821 = LINE('',#3822,#3823);
#3822 = CARTESIAN_POINT('',(3.555999965983,0.169651290716,2.850000119309
    ));
#3823 = VECTOR('',#3824,1.);
#3824 = DIRECTION('',(-1.224646799147E-16,-1.,3.491481338843E-15));
#3825 = PLANE('',#3826);
#3826 = AXIS2_PLACEMENT_3D('',#3827,#3828,#3829);
#3827 = CARTESIAN_POINT('',(3.555999965983,0.169651290716,2.850000119309
    ));
#3828 = DIRECTION('',(4.275831445897E-31,3.491481338843E-15,1.));
#3829 = DIRECTION('',(-1.,1.224646799147E-16,0.));
#3830 = ADVANCED_FACE('',(#3831),#3856,.T.);
#3831 = FACE_BOUND('',#3832,.T.);
#3832 = EDGE_LOOP('',(#3833,#3834,#3842,#3850));
#3833 = ORIENTED_EDGE('',*,*,#3812,.T.);
#3834 = ORIENTED_EDGE('',*,*,#3835,.T.);
#3835 = EDGE_CURVE('',#3805,#3836,#3838,.T.);
#3836 = VERTEX_POINT('',#3837);
#3837 = CARTESIAN_POINT('',(3.149599969871,-2.738648681463,
    1.834000129028));
#3838 = LINE('',#3839,#3840);
#3839 = CARTESIAN_POINT('',(3.149599969871,-1.392448694341,
    2.850000119309));
#3840 = VECTOR('',#3841,1.);
#3841 = DIRECTION('',(-9.774997880697E-17,-0.798189150333,
    -0.602406905912));
#3842 = ORIENTED_EDGE('',*,*,#3843,.F.);
#3843 = EDGE_CURVE('',#3844,#3836,#3846,.T.);
#3844 = VERTEX_POINT('',#3845);
#3845 = CARTESIAN_POINT('',(3.555999965983,-2.738648681463,
    1.834000129028));
#3846 = LINE('',#3847,#3848);
#3847 = CARTESIAN_POINT('',(3.555999965983,-2.738648681463,
    1.834000129028));
#3848 = VECTOR('',#3849,1.);
#3849 = DIRECTION('',(-1.,1.224646799147E-16,0.));
#3850 = ORIENTED_EDGE('',*,*,#3851,.F.);
#3851 = EDGE_CURVE('',#3813,#3844,#3852,.T.);
#3852 = LINE('',#3853,#3854);
#3853 = CARTESIAN_POINT('',(3.555999965983,-1.392448694341,
    2.850000119309));
#3854 = VECTOR('',#3855,1.);
#3855 = DIRECTION('',(-9.774997880697E-17,-0.798189150333,
    -0.602406905912));
#3856 = PLANE('',#3857);
#3857 = AXIS2_PLACEMENT_3D('',#3858,#3859,#3860);
#3858 = CARTESIAN_POINT('',(3.555999965983,-1.392448694341,
    2.850000119309));
#3859 = DIRECTION('',(-7.377356891093E-17,-0.602406905912,0.798189150333
    ));
#3860 = DIRECTION('',(1.,-1.224646799147E-16,0.));
#3861 = ADVANCED_FACE('',(#3862),#3887,.T.);
#3862 = FACE_BOUND('',#3863,.T.);
#3863 = EDGE_LOOP('',(#3864,#3865,#3873,#3881));
#3864 = ORIENTED_EDGE('',*,*,#3843,.T.);
#3865 = ORIENTED_EDGE('',*,*,#3866,.T.);
#3866 = EDGE_CURVE('',#3836,#3867,#3869,.T.);
#3867 = VERTEX_POINT('',#3868);
#3868 = CARTESIAN_POINT('',(3.149599969871,-2.738648681463,
    0.259200144093));
#3869 = LINE('',#3870,#3871);
#3870 = CARTESIAN_POINT('',(3.149599969871,-2.738648681463,
    1.834000129028));
#3871 = VECTOR('',#3872,1.);
#3872 = DIRECTION('',(-4.275831445897E-31,-3.491481338843E-15,-1.));
#3873 = ORIENTED_EDGE('',*,*,#3874,.F.);
#3874 = EDGE_CURVE('',#3875,#3867,#3877,.T.);
#3875 = VERTEX_POINT('',#3876);
#3876 = CARTESIAN_POINT('',(3.555999965983,-2.738648681463,
    0.259200144093));
#3877 = LINE('',#3878,#3879);
#3878 = CARTESIAN_POINT('',(3.555999965983,-2.738648681463,
    0.259200144093));
#3879 = VECTOR('',#3880,1.);
#3880 = DIRECTION('',(-1.,1.224646799147E-16,0.));
#3881 = ORIENTED_EDGE('',*,*,#3882,.F.);
#3882 = EDGE_CURVE('',#3844,#3875,#3883,.T.);
#3883 = LINE('',#3884,#3885);
#3884 = CARTESIAN_POINT('',(3.555999965983,-2.738648681463,
    1.834000129028));
#3885 = VECTOR('',#3886,1.);
#3886 = DIRECTION('',(-4.275831445897E-31,-3.491481338843E-15,-1.));
#3887 = PLANE('',#3888);
#3888 = AXIS2_PLACEMENT_3D('',#3889,#3890,#3891);
#3889 = CARTESIAN_POINT('',(3.555999965983,-2.738648681463,
    1.834000129028));
#3890 = DIRECTION('',(-1.224646799147E-16,-1.,3.491481338843E-15));
#3891 = DIRECTION('',(-4.275831445897E-31,-3.491481338843E-15,-1.));
#3892 = ADVANCED_FACE('',(#3893),#3920,.T.);
#3893 = FACE_BOUND('',#3894,.T.);
#3894 = EDGE_LOOP('',(#3895,#3896,#3905,#3913));
#3895 = ORIENTED_EDGE('',*,*,#3874,.T.);
#3896 = ORIENTED_EDGE('',*,*,#3897,.T.);
#3897 = EDGE_CURVE('',#3867,#3898,#3900,.T.);
#3898 = VERTEX_POINT('',#3899);
#3899 = CARTESIAN_POINT('',(3.149599969871,-2.484648683893,
    5.200146522862E-03));
#3900 = CIRCLE('',#3901,0.25399999757);
#3901 = AXIS2_PLACEMENT_3D('',#3902,#3903,#3904);
#3902 = CARTESIAN_POINT('',(3.149599969871,-2.484648683893,
    0.259200144093));
#3903 = DIRECTION('',(1.,-1.224646799147E-16,0.));
#3904 = DIRECTION('',(-1.224646799147E-16,-1.,3.41480999208E-15));
#3905 = ORIENTED_EDGE('',*,*,#3906,.F.);
#3906 = EDGE_CURVE('',#3907,#3898,#3909,.T.);
#3907 = VERTEX_POINT('',#3908);
#3908 = CARTESIAN_POINT('',(3.555999965983,-2.484648683893,
    5.200146522862E-03));
#3909 = LINE('',#3910,#3911);
#3910 = CARTESIAN_POINT('',(3.555999965983,-2.484648683893,
    5.200146522862E-03));
#3911 = VECTOR('',#3912,1.);
#3912 = DIRECTION('',(-1.,1.224646799147E-16,0.));
#3913 = ORIENTED_EDGE('',*,*,#3914,.F.);
#3914 = EDGE_CURVE('',#3875,#3907,#3915,.T.);
#3915 = CIRCLE('',#3916,0.25399999757);
#3916 = AXIS2_PLACEMENT_3D('',#3917,#3918,#3919);
#3917 = CARTESIAN_POINT('',(3.555999965983,-2.484648683893,
    0.259200144093));
#3918 = DIRECTION('',(1.,-1.224646799147E-16,0.));
#3919 = DIRECTION('',(-1.224646799147E-16,-1.,3.41480999208E-15));
#3920 = CYLINDRICAL_SURFACE('',#3921,0.25399999757);
#3921 = AXIS2_PLACEMENT_3D('',#3922,#3923,#3924);
#3922 = CARTESIAN_POINT('',(3.555999965983,-2.484648683893,
    0.259200144093));
#3923 = DIRECTION('',(1.,-1.224646799147E-16,0.));
#3924 = DIRECTION('',(1.224646799147E-16,1.,-3.41480999208E-15));
#3925 = ADVANCED_FACE('',(#3926),#3951,.T.);
#3926 = FACE_BOUND('',#3927,.T.);
#3927 = EDGE_LOOP('',(#3928,#3929,#3937,#3945));
#3928 = ORIENTED_EDGE('',*,*,#3906,.T.);
#3929 = ORIENTED_EDGE('',*,*,#3930,.T.);
#3930 = EDGE_CURVE('',#3898,#3931,#3933,.T.);
#3931 = VERTEX_POINT('',#3932);
#3932 = CARTESIAN_POINT('',(3.149599969871,-2.027448688266,
    5.20014652286E-03));
#3933 = LINE('',#3934,#3935);
#3934 = CARTESIAN_POINT('',(3.149599969871,-2.484648683893,
    5.200146522862E-03));
#3935 = VECTOR('',#3936,1.);
#3936 = DIRECTION('',(1.224646799147E-16,1.,-3.491481338843E-15));
#3937 = ORIENTED_EDGE('',*,*,#3938,.F.);
#3938 = EDGE_CURVE('',#3939,#3931,#3941,.T.);
#3939 = VERTEX_POINT('',#3940);
#3940 = CARTESIAN_POINT('',(3.555999965983,-2.027448688266,
    5.20014652286E-03));
#3941 = LINE('',#3942,#3943);
#3942 = CARTESIAN_POINT('',(3.555999965983,-2.027448688266,
    5.20014652286E-03));
#3943 = VECTOR('',#3944,1.);
#3944 = DIRECTION('',(-1.,1.224646799147E-16,0.));
#3945 = ORIENTED_EDGE('',*,*,#3946,.F.);
#3946 = EDGE_CURVE('',#3907,#3939,#3947,.T.);
#3947 = LINE('',#3948,#3949);
#3948 = CARTESIAN_POINT('',(3.555999965983,-2.484648683893,
    5.200146522862E-03));
#3949 = VECTOR('',#3950,1.);
#3950 = DIRECTION('',(1.224646799147E-16,1.,-3.491481338843E-15));
#3951 = PLANE('',#3952);
#3952 = AXIS2_PLACEMENT_3D('',#3953,#3954,#3955);
#3953 = CARTESIAN_POINT('',(3.555999965983,-2.484648683893,
    5.200146522862E-03));
#3954 = DIRECTION('',(-4.275831445897E-31,-3.491481338843E-15,-1.));
#3955 = DIRECTION('',(-1.224646799147E-16,-1.,3.491481338843E-15));
#3956 = ADVANCED_FACE('',(#3957),#3982,.T.);
#3957 = FACE_BOUND('',#3958,.T.);
#3958 = EDGE_LOOP('',(#3959,#3960,#3968,#3976));
#3959 = ORIENTED_EDGE('',*,*,#3938,.T.);
#3960 = ORIENTED_EDGE('',*,*,#3961,.T.);
#3961 = EDGE_CURVE('',#3931,#3962,#3964,.T.);
#3962 = VERTEX_POINT('',#3963);
#3963 = CARTESIAN_POINT('',(3.149599969871,-2.027448688266,
    0.360800143121));
#3964 = LINE('',#3965,#3966);
#3965 = CARTESIAN_POINT('',(3.149599969871,-2.027448688266,
    5.20014652286E-03));
#3966 = VECTOR('',#3967,1.);
#3967 = DIRECTION('',(4.275831445897E-31,3.491481338843E-15,1.));
#3968 = ORIENTED_EDGE('',*,*,#3969,.F.);
#3969 = EDGE_CURVE('',#3970,#3962,#3972,.T.);
#3970 = VERTEX_POINT('',#3971);
#3971 = CARTESIAN_POINT('',(3.555999965983,-2.027448688266,
    0.360800143121));
#3972 = LINE('',#3973,#3974);
#3973 = CARTESIAN_POINT('',(3.555999965983,-2.027448688266,
    0.360800143121));
#3974 = VECTOR('',#3975,1.);
#3975 = DIRECTION('',(-1.,1.224646799147E-16,0.));
#3976 = ORIENTED_EDGE('',*,*,#3977,.F.);
#3977 = EDGE_CURVE('',#3939,#3970,#3978,.T.);
#3978 = LINE('',#3979,#3980);
#3979 = CARTESIAN_POINT('',(3.555999965983,-2.027448688266,
    5.20014652286E-03));
#3980 = VECTOR('',#3981,1.);
#3981 = DIRECTION('',(4.275831445897E-31,3.491481338843E-15,1.));
#3982 = PLANE('',#3983);
#3983 = AXIS2_PLACEMENT_3D('',#3984,#3985,#3986);
#3984 = CARTESIAN_POINT('',(3.555999965983,-2.027448688266,
    5.20014652286E-03));
#3985 = DIRECTION('',(1.224646799147E-16,1.,-3.491481338843E-15));
#3986 = DIRECTION('',(-1.,1.224646799147E-16,0.));
#3987 = ADVANCED_FACE('',(#3988),#4015,.F.);
#3988 = FACE_BOUND('',#3989,.F.);
#3989 = EDGE_LOOP('',(#3990,#3999,#4007,#4014));
#3990 = ORIENTED_EDGE('',*,*,#3991,.T.);
#3991 = EDGE_CURVE('',#3970,#3992,#3994,.T.);
#3992 = VERTEX_POINT('',#3993);
#3993 = CARTESIAN_POINT('',(3.555999965983,-1.722648691182,
    0.360800143121));
#3994 = CIRCLE('',#3995,0.152399998542);
#3995 = AXIS2_PLACEMENT_3D('',#3996,#3997,#3998);
#3996 = CARTESIAN_POINT('',(3.555999965983,-1.875048689724,
    0.360800143121));
#3997 = DIRECTION('',(-1.,1.224646799147E-16,0.));
#3998 = DIRECTION('',(-1.224646799147E-16,-1.,3.55709374175E-15));
#3999 = ORIENTED_EDGE('',*,*,#4000,.T.);
#4000 = EDGE_CURVE('',#3992,#4001,#4003,.T.);
#4001 = VERTEX_POINT('',#4002);
#4002 = CARTESIAN_POINT('',(3.149599969871,-1.722648691182,
    0.360800143121));
#4003 = LINE('',#4004,#4005);
#4004 = CARTESIAN_POINT('',(3.555999965983,-1.722648691182,
    0.360800143121));
#4005 = VECTOR('',#4006,1.);
#4006 = DIRECTION('',(-1.,1.224646799147E-16,0.));
#4007 = ORIENTED_EDGE('',*,*,#4008,.F.);
#4008 = EDGE_CURVE('',#3962,#4001,#4009,.T.);
#4009 = CIRCLE('',#4010,0.152399998542);
#4010 = AXIS2_PLACEMENT_3D('',#4011,#4012,#4013);
#4011 = CARTESIAN_POINT('',(3.149599969871,-1.875048689724,
    0.360800143121));
#4012 = DIRECTION('',(-1.,1.224646799147E-16,0.));
#4013 = DIRECTION('',(-1.224646799147E-16,-1.,3.55709374175E-15));
#4014 = ORIENTED_EDGE('',*,*,#3969,.F.);
#4015 = CYLINDRICAL_SURFACE('',#4016,0.152399998542);
#4016 = AXIS2_PLACEMENT_3D('',#4017,#4018,#4019);
#4017 = CARTESIAN_POINT('',(3.555999965983,-1.875048689724,
    0.360800143121));
#4018 = DIRECTION('',(1.,-1.224646799147E-16,0.));
#4019 = DIRECTION('',(1.224646799147E-16,1.,-3.55709374175E-15));
#4020 = ADVANCED_FACE('',(#4021),#4073,.T.);
#4021 = FACE_BOUND('',#4022,.T.);
#4022 = EDGE_LOOP('',(#4023,#4033,#4042,#4050,#4058,#4066));
#4023 = ORIENTED_EDGE('',*,*,#4024,.F.);
#4024 = EDGE_CURVE('',#4025,#4027,#4029,.T.);
#4025 = VERTEX_POINT('',#4026);
#4026 = CARTESIAN_POINT('',(3.301999968413,-1.682971361001,
    -3.195199822862));
#4027 = VERTEX_POINT('',#4028);
#4028 = CARTESIAN_POINT('',(3.301999968413,-0.771726030839,
    -3.195199822862));
#4029 = LINE('',#4030,#4031);
#4030 = CARTESIAN_POINT('',(3.301999968413,-1.722648691182,
    -3.195199822862));
#4031 = VECTOR('',#4032,1.);
#4032 = DIRECTION('',(1.224646799147E-16,1.,-3.491481338843E-15));
#4033 = ORIENTED_EDGE('',*,*,#4034,.T.);
#4034 = EDGE_CURVE('',#4025,#4035,#4037,.T.);
#4035 = VERTEX_POINT('',#4036);
#4036 = CARTESIAN_POINT('',(3.376635261817,-1.722648691182,
    -2.999999824729));
#4037 = ( BOUNDED_CURVE() B_SPLINE_CURVE(3,(#4038,#4039,#4040,#4041),
.UNSPECIFIED.,.F.,.F.) B_SPLINE_CURVE_WITH_KNOTS((4,4),(1.169730296255,
1.570796326795),.PIECEWISE_BEZIER_KNOTS.) CURVE() 
GEOMETRIC_REPRESENTATION_ITEM() RATIONAL_B_SPLINE_CURVE((1.,
0.986640363225,0.986640363225,1.)) REPRESENTATION_ITEM('') );
#4038 = CARTESIAN_POINT('',(3.301999968413,-1.682971361001,
    -3.195199822862));
#4039 = CARTESIAN_POINT('',(3.32568903123,-1.709243830384,
    -3.133243812416));
#4040 = CARTESIAN_POINT('',(3.350904329592,-1.722648691182,
    -3.067296109009));
#4041 = CARTESIAN_POINT('',(3.376635261817,-1.722648691182,
    -2.999999824729));
#4042 = ORIENTED_EDGE('',*,*,#4043,.T.);
#4043 = EDGE_CURVE('',#4035,#4044,#4046,.T.);
#4044 = VERTEX_POINT('',#4045);
#4045 = CARTESIAN_POINT('',(3.797299963675,-1.722648691182,
    -1.899799835254));
#4046 = LINE('',#4047,#4048);
#4047 = CARTESIAN_POINT('',(3.301999968413,-1.722648691182,
    -3.195199822862));
#4048 = VECTOR('',#4049,1.);
#4049 = DIRECTION('',(0.357137466267,3.217487825403E-15,0.934051834851)
  );
#4050 = ORIENTED_EDGE('',*,*,#4051,.T.);
#4051 = EDGE_CURVE('',#4044,#4052,#4054,.T.);
#4052 = VERTEX_POINT('',#4053);
#4053 = CARTESIAN_POINT('',(3.797299963675,-0.732048700658,
    -1.899799835254));
#4054 = LINE('',#4055,#4056);
#4055 = CARTESIAN_POINT('',(3.797299963675,-1.722648691182,
    -1.899799835254));
#4056 = VECTOR('',#4057,1.);
#4057 = DIRECTION('',(1.224646799147E-16,1.,-3.491481338843E-15));
#4058 = ORIENTED_EDGE('',*,*,#4059,.F.);
#4059 = EDGE_CURVE('',#4060,#4052,#4062,.T.);
#4060 = VERTEX_POINT('',#4061);
#4061 = CARTESIAN_POINT('',(3.376635261817,-0.732048700658,
    -2.999999824729));
#4062 = LINE('',#4063,#4064);
#4063 = CARTESIAN_POINT('',(3.301999968413,-0.732048700658,
    -3.195199822862));
#4064 = VECTOR('',#4065,1.);
#4065 = DIRECTION('',(0.357137466267,3.217487825403E-15,0.934051834851)
  );
#4066 = ORIENTED_EDGE('',*,*,#4067,.T.);
#4067 = EDGE_CURVE('',#4060,#4027,#4068,.T.);
#4068 = ( BOUNDED_CURVE() B_SPLINE_CURVE(3,(#4069,#4070,#4071,#4072),
.UNSPECIFIED.,.F.,.F.) B_SPLINE_CURVE_WITH_KNOTS((4,4),(4.712388980385,
5.113455010925),.PIECEWISE_BEZIER_KNOTS.) CURVE() 
GEOMETRIC_REPRESENTATION_ITEM() RATIONAL_B_SPLINE_CURVE((1.,
0.986640363225,0.986640363225,1.)) REPRESENTATION_ITEM('') );
#4069 = CARTESIAN_POINT('',(3.376635261817,-0.732048700658,
    -2.999999824729));
#4070 = CARTESIAN_POINT('',(3.350904329592,-0.732048700658,
    -3.067296109009));
#4071 = CARTESIAN_POINT('',(3.32568903123,-0.745453561456,
    -3.133243812416));
#4072 = CARTESIAN_POINT('',(3.301999968413,-0.771726030839,
    -3.195199822862));
#4073 = PLANE('',#4074);
#4074 = AXIS2_PLACEMENT_3D('',#4075,#4076,#4077);
#4075 = CARTESIAN_POINT('',(3.301999968413,-1.722648691182,
    -3.195199822862));
#4076 = DIRECTION('',(-0.934051834851,1.36132715785E-15,0.357137466267)
  );
#4077 = DIRECTION('',(-1.224646799147E-16,-1.,3.491481338843E-15));
#4078 = ADVANCED_FACE('',(#4079),#4098,.T.);
#4079 = FACE_BOUND('',#4080,.T.);
#4080 = EDGE_LOOP('',(#4081,#4090,#4097));
#4081 = ORIENTED_EDGE('',*,*,#4082,.T.);
#4082 = EDGE_CURVE('',#4027,#4083,#4085,.T.);
#4083 = VERTEX_POINT('',#4084);
#4084 = CARTESIAN_POINT('',(3.301999968413,-1.22734869592,
    -3.499977729458));
#4085 = CIRCLE('',#4086,0.499999995217);
#4086 = AXIS2_PLACEMENT_3D('',#4087,#4088,#4089);
#4087 = CARTESIAN_POINT('',(3.301999968413,-1.232048695875,
    -2.999999824729));
#4088 = DIRECTION('',(-1.,1.224646799147E-16,0.));
#4089 = DIRECTION('',(-0.,0.,-1.));
#4090 = ORIENTED_EDGE('',*,*,#4091,.T.);
#4091 = EDGE_CURVE('',#4083,#4025,#4092,.T.);
#4092 = CIRCLE('',#4093,0.499999995217);
#4093 = AXIS2_PLACEMENT_3D('',#4094,#4095,#4096);
#4094 = CARTESIAN_POINT('',(3.301999968413,-1.222648695965,
    -2.999999824729));
#4095 = DIRECTION('',(-1.,1.224646799147E-16,0.));
#4096 = DIRECTION('',(-0.,0.,-1.));
#4097 = ORIENTED_EDGE('',*,*,#4024,.T.);
#4098 = PLANE('',#4099);
#4099 = AXIS2_PLACEMENT_3D('',#4100,#4101,#4102);
#4100 = CARTESIAN_POINT('',(3.301999968413,-1.722648691182,
    -3.499999819946));
#4101 = DIRECTION('',(-1.,1.224646799147E-16,0.));
#4102 = DIRECTION('',(4.275831445897E-31,3.491481338843E-15,1.));
#4103 = ADVANCED_FACE('',(#4104),#4132,.T.);
#4104 = FACE_BOUND('',#4105,.T.);
#4105 = EDGE_LOOP('',(#4106,#4116,#4125));
#4106 = ORIENTED_EDGE('',*,*,#4107,.F.);
#4107 = EDGE_CURVE('',#4108,#4110,#4112,.T.);
#4108 = VERTEX_POINT('',#4109);
#4109 = CARTESIAN_POINT('',(3.708399964525,-1.682971361001,
    -3.195199822862));
#4110 = VERTEX_POINT('',#4111);
#4111 = CARTESIAN_POINT('',(3.708399964525,-0.771726030839,
    -3.195199822862));
#4112 = LINE('',#4113,#4114);
#4113 = CARTESIAN_POINT('',(3.708399964525,-1.722648691182,
    -3.195199822862));
#4114 = VECTOR('',#4115,1.);
#4115 = DIRECTION('',(1.224646799147E-16,1.,-3.491481338843E-15));
#4116 = ORIENTED_EDGE('',*,*,#4117,.T.);
#4117 = EDGE_CURVE('',#4108,#4118,#4120,.T.);
#4118 = VERTEX_POINT('',#4119);
#4119 = CARTESIAN_POINT('',(3.708399964525,-1.22734869592,
    -3.499977729458));
#4120 = CIRCLE('',#4121,0.499999995217);
#4121 = AXIS2_PLACEMENT_3D('',#4122,#4123,#4124);
#4122 = CARTESIAN_POINT('',(3.708399964525,-1.222648695965,
    -2.999999824729));
#4123 = DIRECTION('',(1.,-1.224646799147E-16,0.));
#4124 = DIRECTION('',(0.,0.,1.));
#4125 = ORIENTED_EDGE('',*,*,#4126,.T.);
#4126 = EDGE_CURVE('',#4118,#4110,#4127,.T.);
#4127 = CIRCLE('',#4128,0.499999995217);
#4128 = AXIS2_PLACEMENT_3D('',#4129,#4130,#4131);
#4129 = CARTESIAN_POINT('',(3.708399964525,-1.232048695875,
    -2.999999824729));
#4130 = DIRECTION('',(1.,-1.224646799147E-16,0.));
#4131 = DIRECTION('',(0.,0.,1.));
#4132 = PLANE('',#4133);
#4133 = AXIS2_PLACEMENT_3D('',#4134,#4135,#4136);
#4134 = CARTESIAN_POINT('',(3.708399964525,-1.722648691182,
    -3.195199822862));
#4135 = DIRECTION('',(1.,-1.224646799147E-16,0.));
#4136 = DIRECTION('',(1.224646799147E-16,1.,-3.491481338843E-15));
#4137 = ADVANCED_FACE('',(#4138),#4181,.T.);
#4138 = FACE_BOUND('',#4139,.T.);
#4139 = EDGE_LOOP('',(#4140,#4150,#4157,#4158,#4167,#4175));
#4140 = ORIENTED_EDGE('',*,*,#4141,.T.);
#4141 = EDGE_CURVE('',#4142,#4144,#4146,.T.);
#4142 = VERTEX_POINT('',#4143);
#4143 = CARTESIAN_POINT('',(4.203699959787,-1.722648691182,
    -1.899799835254));
#4144 = VERTEX_POINT('',#4145);
#4145 = CARTESIAN_POINT('',(3.783035257929,-1.722648691182,
    -2.999999824729));
#4146 = LINE('',#4147,#4148);
#4147 = CARTESIAN_POINT('',(4.203699959787,-1.722648691182,
    -1.899799835254));
#4148 = VECTOR('',#4149,1.);
#4149 = DIRECTION('',(-0.357137466267,-3.217487825403E-15,
    -0.934051834851));
#4150 = ORIENTED_EDGE('',*,*,#4151,.T.);
#4151 = EDGE_CURVE('',#4144,#4108,#4152,.T.);
#4152 = ( BOUNDED_CURVE() B_SPLINE_CURVE(3,(#4153,#4154,#4155,#4156),
.UNSPECIFIED.,.F.,.F.) B_SPLINE_CURVE_WITH_KNOTS((4,4),(4.712388980385,
5.113455010925),.PIECEWISE_BEZIER_KNOTS.) CURVE() 
GEOMETRIC_REPRESENTATION_ITEM() RATIONAL_B_SPLINE_CURVE((1.,
0.986640363225,0.986640363225,1.)) REPRESENTATION_ITEM('') );
#4153 = CARTESIAN_POINT('',(3.783035257929,-1.722648691182,
    -2.999999824729));
#4154 = CARTESIAN_POINT('',(3.757304325705,-1.722648691182,
    -3.067296109009));
#4155 = CARTESIAN_POINT('',(3.732089027343,-1.709243830384,
    -3.133243812416));
#4156 = CARTESIAN_POINT('',(3.708399964525,-1.682971361001,
    -3.195199822862));
#4157 = ORIENTED_EDGE('',*,*,#4107,.T.);
#4158 = ORIENTED_EDGE('',*,*,#4159,.T.);
#4159 = EDGE_CURVE('',#4110,#4160,#4162,.T.);
#4160 = VERTEX_POINT('',#4161);
#4161 = CARTESIAN_POINT('',(3.783035257929,-0.732048700658,
    -2.999999824729));
#4162 = ( BOUNDED_CURVE() B_SPLINE_CURVE(3,(#4163,#4164,#4165,#4166),
.UNSPECIFIED.,.F.,.F.) B_SPLINE_CURVE_WITH_KNOTS((4,4),(1.169730296255,
1.570796326795),.PIECEWISE_BEZIER_KNOTS.) CURVE() 
GEOMETRIC_REPRESENTATION_ITEM() RATIONAL_B_SPLINE_CURVE((1.,
0.986640363225,0.986640363225,1.)) REPRESENTATION_ITEM('') );
#4163 = CARTESIAN_POINT('',(3.708399964525,-0.771726030839,
    -3.195199822862));
#4164 = CARTESIAN_POINT('',(3.732089027343,-0.745453561456,
    -3.133243812416));
#4165 = CARTESIAN_POINT('',(3.757304325705,-0.732048700658,
    -3.067296109009));
#4166 = CARTESIAN_POINT('',(3.783035257929,-0.732048700658,
    -2.999999824729));
#4167 = ORIENTED_EDGE('',*,*,#4168,.F.);
#4168 = EDGE_CURVE('',#4169,#4160,#4171,.T.);
#4169 = VERTEX_POINT('',#4170);
#4170 = CARTESIAN_POINT('',(4.203699959787,-0.732048700658,
    -1.899799835254));
#4171 = LINE('',#4172,#4173);
#4172 = CARTESIAN_POINT('',(4.203699959787,-0.732048700658,
    -1.899799835254));
#4173 = VECTOR('',#4174,1.);
#4174 = DIRECTION('',(-0.357137466267,-3.217487825403E-15,
    -0.934051834851));
#4175 = ORIENTED_EDGE('',*,*,#4176,.F.);
#4176 = EDGE_CURVE('',#4142,#4169,#4177,.T.);
#4177 = LINE('',#4178,#4179);
#4178 = CARTESIAN_POINT('',(4.203699959787,-1.722648691182,
    -1.899799835254));
#4179 = VECTOR('',#4180,1.);
#4180 = DIRECTION('',(1.224646799147E-16,1.,-3.491481338843E-15));
#4181 = PLANE('',#4182);
#4182 = AXIS2_PLACEMENT_3D('',#4183,#4184,#4185);
#4183 = CARTESIAN_POINT('',(4.203699959787,-1.722648691182,
    -1.899799835254));
#4184 = DIRECTION('',(0.934051834851,-1.36132715785E-15,-0.357137466267)
  );
#4185 = DIRECTION('',(0.357137466267,3.217487825403E-15,0.934051834851)
  );
#4186 = ADVANCED_FACE('',(#4187),#4212,.T.);
#4187 = FACE_BOUND('',#4188,.T.);
#4188 = EDGE_LOOP('',(#4189,#4190,#4198,#4206));
#4189 = ORIENTED_EDGE('',*,*,#4176,.T.);
#4190 = ORIENTED_EDGE('',*,*,#4191,.F.);
#4191 = EDGE_CURVE('',#4192,#4169,#4194,.T.);
#4192 = VERTEX_POINT('',#4193);
#4193 = CARTESIAN_POINT('',(3.555999965983,-0.732048700658,
    -0.756799846188));
#4194 = LINE('',#4195,#4196);
#4195 = CARTESIAN_POINT('',(3.555999965983,-0.732048700658,
    -0.756799846188));
#4196 = VECTOR('',#4197,1.);
#4197 = DIRECTION('',(0.493012571981,-3.098042853091E-15,-0.870022185849
    ));
#4198 = ORIENTED_EDGE('',*,*,#4199,.F.);
#4199 = EDGE_CURVE('',#4200,#4192,#4202,.T.);
#4200 = VERTEX_POINT('',#4201);
#4201 = CARTESIAN_POINT('',(3.555999965983,-1.722648691182,
    -0.756799846188));
#4202 = LINE('',#4203,#4204);
#4203 = CARTESIAN_POINT('',(3.555999965983,-1.722648691182,
    -0.756799846188));
#4204 = VECTOR('',#4205,1.);
#4205 = DIRECTION('',(1.224646799147E-16,1.,-3.491481338843E-15));
#4206 = ORIENTED_EDGE('',*,*,#4207,.T.);
#4207 = EDGE_CURVE('',#4200,#4142,#4208,.T.);
#4208 = LINE('',#4209,#4210);
#4209 = CARTESIAN_POINT('',(3.555999965983,-1.722648691182,
    -0.756799846188));
#4210 = VECTOR('',#4211,1.);
#4211 = DIRECTION('',(0.493012571981,-3.098042853091E-15,-0.870022185849
    ));
#4212 = PLANE('',#4213);
#4213 = AXIS2_PLACEMENT_3D('',#4214,#4215,#4216);
#4214 = CARTESIAN_POINT('',(3.555999965983,-1.722648691182,
    -0.756799846188));
#4215 = DIRECTION('',(0.870022185849,1.614797206378E-15,0.493012571981)
  );
#4216 = DIRECTION('',(1.224646799147E-16,1.,-3.491481338843E-15));
#4217 = ADVANCED_FACE('',(#4218),#4250,.T.);
#4218 = FACE_BOUND('',#4219,.T.);
#4219 = EDGE_LOOP('',(#4220,#4221,#4227,#4228,#4229,#4235,#4236,#4244));
#4220 = ORIENTED_EDGE('',*,*,#4043,.F.);
#4221 = ORIENTED_EDGE('',*,*,#4222,.T.);
#4222 = EDGE_CURVE('',#4035,#4144,#4223,.T.);
#4223 = LINE('',#4224,#4225);
#4224 = CARTESIAN_POINT('',(3.555999965983,-1.722648691182,
    -2.999999824729));
#4225 = VECTOR('',#4226,1.);
#4226 = DIRECTION('',(1.,-1.224646799147E-16,-0.));
#4227 = ORIENTED_EDGE('',*,*,#4141,.F.);
#4228 = ORIENTED_EDGE('',*,*,#4207,.F.);
#4229 = ORIENTED_EDGE('',*,*,#4230,.T.);
#4230 = EDGE_CURVE('',#4200,#3992,#4231,.T.);
#4231 = LINE('',#4232,#4233);
#4232 = CARTESIAN_POINT('',(3.555999965983,-1.722648691182,
    -0.756799846188));
#4233 = VECTOR('',#4234,1.);
#4234 = DIRECTION('',(4.275831445897E-31,3.491481338843E-15,1.));
#4235 = ORIENTED_EDGE('',*,*,#4000,.T.);
#4236 = ORIENTED_EDGE('',*,*,#4237,.T.);
#4237 = EDGE_CURVE('',#4001,#4238,#4240,.T.);
#4238 = VERTEX_POINT('',#4239);
#4239 = CARTESIAN_POINT('',(3.149599969871,-1.722648691182,
    -0.756799846188));
#4240 = LINE('',#4241,#4242);
#4241 = CARTESIAN_POINT('',(3.149599969871,-1.722648691182,
    0.360800143121));
#4242 = VECTOR('',#4243,1.);
#4243 = DIRECTION('',(-4.275831445897E-31,-3.491481338843E-15,-1.));
#4244 = ORIENTED_EDGE('',*,*,#4245,.F.);
#4245 = EDGE_CURVE('',#4044,#4238,#4246,.T.);
#4246 = LINE('',#4247,#4248);
#4247 = CARTESIAN_POINT('',(3.797299963675,-1.722648691182,
    -1.899799835254));
#4248 = VECTOR('',#4249,1.);
#4249 = DIRECTION('',(-0.493012571981,3.098042853091E-15,0.870022185849)
  );
#4250 = PLANE('',#4251);
#4251 = AXIS2_PLACEMENT_3D('',#4252,#4253,#4254);
#4252 = CARTESIAN_POINT('',(3.555999965983,-1.722648691182,
    0.360800143121));
#4253 = DIRECTION('',(-1.224646799147E-16,-1.,3.491481338843E-15));
#4254 = DIRECTION('',(-4.275831445897E-31,-3.491481338843E-15,-1.));
#4255 = ADVANCED_FACE('',(#4256),#4274,.T.);
#4256 = FACE_BOUND('',#4257,.T.);
#4257 = EDGE_LOOP('',(#4258,#4266,#4272,#4273));
#4258 = ORIENTED_EDGE('',*,*,#4259,.T.);
#4259 = EDGE_CURVE('',#4238,#4260,#4262,.T.);
#4260 = VERTEX_POINT('',#4261);
#4261 = CARTESIAN_POINT('',(3.149599969871,-0.732048700658,
    -0.756799846188));
#4262 = LINE('',#4263,#4264);
#4263 = CARTESIAN_POINT('',(3.149599969871,-1.722648691182,
    -0.756799846188));
#4264 = VECTOR('',#4265,1.);
#4265 = DIRECTION('',(1.224646799147E-16,1.,-3.491481338843E-15));
#4266 = ORIENTED_EDGE('',*,*,#4267,.F.);
#4267 = EDGE_CURVE('',#4052,#4260,#4268,.T.);
#4268 = LINE('',#4269,#4270);
#4269 = CARTESIAN_POINT('',(3.797299963675,-0.732048700658,
    -1.899799835254));
#4270 = VECTOR('',#4271,1.);
#4271 = DIRECTION('',(-0.493012571981,3.098042853091E-15,0.870022185849)
  );
#4272 = ORIENTED_EDGE('',*,*,#4051,.F.);
#4273 = ORIENTED_EDGE('',*,*,#4245,.T.);
#4274 = PLANE('',#4275);
#4275 = AXIS2_PLACEMENT_3D('',#4276,#4277,#4278);
#4276 = CARTESIAN_POINT('',(3.797299963675,-1.722648691182,
    -1.899799835254));
#4277 = DIRECTION('',(-0.870022185849,-1.614797206378E-15,
    -0.493012571981));
#4278 = DIRECTION('',(-1.224646799147E-16,-1.,3.491481338843E-15));
#4279 = ADVANCED_FACE('',(#4280),#4314,.T.);
#4280 = FACE_BOUND('',#4281,.T.);
#4281 = EDGE_LOOP('',(#4282,#4283,#4289,#4290,#4291,#4299,#4307,#4313));
#4282 = ORIENTED_EDGE('',*,*,#4168,.T.);
#4283 = ORIENTED_EDGE('',*,*,#4284,.T.);
#4284 = EDGE_CURVE('',#4160,#4060,#4285,.T.);
#4285 = LINE('',#4286,#4287);
#4286 = CARTESIAN_POINT('',(3.555999965983,-0.732048700658,
    -2.999999824729));
#4287 = VECTOR('',#4288,1.);
#4288 = DIRECTION('',(-1.,1.224646799147E-16,0.));
#4289 = ORIENTED_EDGE('',*,*,#4059,.T.);
#4290 = ORIENTED_EDGE('',*,*,#4267,.T.);
#4291 = ORIENTED_EDGE('',*,*,#4292,.T.);
#4292 = EDGE_CURVE('',#4260,#4293,#4295,.T.);
#4293 = VERTEX_POINT('',#4294);
#4294 = CARTESIAN_POINT('',(3.149599969871,-0.732048700658,
    0.513200141663));
#4295 = LINE('',#4296,#4297);
#4296 = CARTESIAN_POINT('',(3.149599969871,-0.732048700658,
    -0.756799846188));
#4297 = VECTOR('',#4298,1.);
#4298 = DIRECTION('',(4.275831445897E-31,3.491481338843E-15,1.));
#4299 = ORIENTED_EDGE('',*,*,#4300,.F.);
#4300 = EDGE_CURVE('',#4301,#4293,#4303,.T.);
#4301 = VERTEX_POINT('',#4302);
#4302 = CARTESIAN_POINT('',(3.555999965983,-0.732048700658,
    0.513200141663));
#4303 = LINE('',#4304,#4305);
#4304 = CARTESIAN_POINT('',(3.555999965983,-0.732048700658,
    0.513200141663));
#4305 = VECTOR('',#4306,1.);
#4306 = DIRECTION('',(-1.,1.224646799147E-16,0.));
#4307 = ORIENTED_EDGE('',*,*,#4308,.T.);
#4308 = EDGE_CURVE('',#4301,#4192,#4309,.T.);
#4309 = LINE('',#4310,#4311);
#4310 = CARTESIAN_POINT('',(3.555999965983,-0.732048700658,
    0.513200141663));
#4311 = VECTOR('',#4312,1.);
#4312 = DIRECTION('',(-4.275831445897E-31,-3.491481338843E-15,-1.));
#4313 = ORIENTED_EDGE('',*,*,#4191,.T.);
#4314 = PLANE('',#4315);
#4315 = AXIS2_PLACEMENT_3D('',#4316,#4317,#4318);
#4316 = CARTESIAN_POINT('',(3.555999965983,-0.732048700658,
    5.200146522855E-03));
#4317 = DIRECTION('',(1.224646799147E-16,1.,-3.491481338843E-15));
#4318 = DIRECTION('',(-1.,1.224646799147E-16,0.));
#4319 = ADVANCED_FACE('',(#4320),#4345,.T.);
#4320 = FACE_BOUND('',#4321,.T.);
#4321 = EDGE_LOOP('',(#4322,#4323,#4331,#4339));
#4322 = ORIENTED_EDGE('',*,*,#4300,.T.);
#4323 = ORIENTED_EDGE('',*,*,#4324,.T.);
#4324 = EDGE_CURVE('',#4293,#4325,#4327,.T.);
#4325 = VERTEX_POINT('',#4326);
#4326 = CARTESIAN_POINT('',(3.149599969871,0.499851287558,0.513200141663
    ));
#4327 = LINE('',#4328,#4329);
#4328 = CARTESIAN_POINT('',(3.149599969871,-0.732048700658,
    0.513200141663));
#4329 = VECTOR('',#4330,1.);
#4330 = DIRECTION('',(1.224646799147E-16,1.,-3.491481338843E-15));
#4331 = ORIENTED_EDGE('',*,*,#4332,.F.);
#4332 = EDGE_CURVE('',#4333,#4325,#4335,.T.);
#4333 = VERTEX_POINT('',#4334);
#4334 = CARTESIAN_POINT('',(3.555999965983,0.499851287558,0.513200141663
    ));
#4335 = LINE('',#4336,#4337);
#4336 = CARTESIAN_POINT('',(3.555999965983,0.499851287558,0.513200141663
    ));
#4337 = VECTOR('',#4338,1.);
#4338 = DIRECTION('',(-1.,1.224646799147E-16,0.));
#4339 = ORIENTED_EDGE('',*,*,#4340,.F.);
#4340 = EDGE_CURVE('',#4301,#4333,#4341,.T.);
#4341 = LINE('',#4342,#4343);
#4342 = CARTESIAN_POINT('',(3.555999965983,-0.732048700658,
    0.513200141663));
#4343 = VECTOR('',#4344,1.);
#4344 = DIRECTION('',(1.224646799147E-16,1.,-3.491481338843E-15));
#4345 = PLANE('',#4346);
#4346 = AXIS2_PLACEMENT_3D('',#4347,#4348,#4349);
#4347 = CARTESIAN_POINT('',(3.555999965983,-0.732048700658,
    0.513200141663));
#4348 = DIRECTION('',(-4.275831445897E-31,-3.491481338843E-15,-1.));
#4349 = DIRECTION('',(-1.224646799147E-16,-1.,3.491481338843E-15));
#4350 = ADVANCED_FACE('',(#4351),#4376,.T.);
#4351 = FACE_BOUND('',#4352,.T.);
#4352 = EDGE_LOOP('',(#4353,#4354,#4362,#4370));
#4353 = ORIENTED_EDGE('',*,*,#4332,.T.);
#4354 = ORIENTED_EDGE('',*,*,#4355,.T.);
#4355 = EDGE_CURVE('',#4325,#4356,#4358,.T.);
#4356 = VERTEX_POINT('',#4357);
#4357 = CARTESIAN_POINT('',(3.149599969871,0.499851287558,
    5.20014652285E-03));
#4358 = LINE('',#4359,#4360);
#4359 = CARTESIAN_POINT('',(3.149599969871,0.499851287558,0.513200141663
    ));
#4360 = VECTOR('',#4361,1.);
#4361 = DIRECTION('',(-4.275831445897E-31,-3.491481338843E-15,-1.));
#4362 = ORIENTED_EDGE('',*,*,#4363,.F.);
#4363 = EDGE_CURVE('',#4364,#4356,#4366,.T.);
#4364 = VERTEX_POINT('',#4365);
#4365 = CARTESIAN_POINT('',(3.555999965983,0.499851287558,
    5.20014652285E-03));
#4366 = LINE('',#4367,#4368);
#4367 = CARTESIAN_POINT('',(3.555999965983,0.499851287558,
    5.20014652285E-03));
#4368 = VECTOR('',#4369,1.);
#4369 = DIRECTION('',(-1.,1.224646799147E-16,0.));
#4370 = ORIENTED_EDGE('',*,*,#4371,.F.);
#4371 = EDGE_CURVE('',#4333,#4364,#4372,.T.);
#4372 = LINE('',#4373,#4374);
#4373 = CARTESIAN_POINT('',(3.555999965983,0.499851287558,0.513200141663
    ));
#4374 = VECTOR('',#4375,1.);
#4375 = DIRECTION('',(-4.275831445897E-31,-3.491481338843E-15,-1.));
#4376 = PLANE('',#4377);
#4377 = AXIS2_PLACEMENT_3D('',#4378,#4379,#4380);
#4378 = CARTESIAN_POINT('',(3.555999965983,0.499851287558,0.513200141663
    ));
#4379 = DIRECTION('',(-1.224646799147E-16,-1.,3.491481338843E-15));
#4380 = DIRECTION('',(-4.275831445897E-31,-3.491481338843E-15,-1.));
#4381 = ADVANCED_FACE('',(#4382),#4407,.T.);
#4382 = FACE_BOUND('',#4383,.T.);
#4383 = EDGE_LOOP('',(#4384,#4385,#4393,#4401));
#4384 = ORIENTED_EDGE('',*,*,#4363,.T.);
#4385 = ORIENTED_EDGE('',*,*,#4386,.T.);
#4386 = EDGE_CURVE('',#4356,#4387,#4389,.T.);
#4387 = VERTEX_POINT('',#4388);
#4388 = CARTESIAN_POINT('',(3.149599969871,2.735051266176,
    5.200146522843E-03));
#4389 = LINE('',#4390,#4391);
#4390 = CARTESIAN_POINT('',(3.149599969871,0.499851287558,
    5.20014652285E-03));
#4391 = VECTOR('',#4392,1.);
#4392 = DIRECTION('',(1.224646799147E-16,1.,-3.491481338843E-15));
#4393 = ORIENTED_EDGE('',*,*,#4394,.F.);
#4394 = EDGE_CURVE('',#4395,#4387,#4397,.T.);
#4395 = VERTEX_POINT('',#4396);
#4396 = CARTESIAN_POINT('',(3.555999965983,2.735051266176,
    5.200146522843E-03));
#4397 = LINE('',#4398,#4399);
#4398 = CARTESIAN_POINT('',(3.555999965983,2.735051266176,
    5.200146522843E-03));
#4399 = VECTOR('',#4400,1.);
#4400 = DIRECTION('',(-1.,1.224646799147E-16,0.));
#4401 = ORIENTED_EDGE('',*,*,#4402,.F.);
#4402 = EDGE_CURVE('',#4364,#4395,#4403,.T.);
#4403 = LINE('',#4404,#4405);
#4404 = CARTESIAN_POINT('',(3.555999965983,0.499851287558,
    5.20014652285E-03));
#4405 = VECTOR('',#4406,1.);
#4406 = DIRECTION('',(1.224646799147E-16,1.,-3.491481338843E-15));
#4407 = PLANE('',#4408);
#4408 = AXIS2_PLACEMENT_3D('',#4409,#4410,#4411);
#4409 = CARTESIAN_POINT('',(3.555999965983,0.499851287558,
    5.20014652285E-03));
#4410 = DIRECTION('',(-4.275831445897E-31,-3.491481338843E-15,-1.));
#4411 = DIRECTION('',(-1.224646799147E-16,-1.,3.491481338843E-15));
#4412 = ADVANCED_FACE('',(#4413),#4438,.T.);
#4413 = FACE_BOUND('',#4414,.T.);
#4414 = EDGE_LOOP('',(#4415,#4416,#4424,#4432));
#4415 = ORIENTED_EDGE('',*,*,#4394,.T.);
#4416 = ORIENTED_EDGE('',*,*,#4417,.T.);
#4417 = EDGE_CURVE('',#4387,#4418,#4420,.T.);
#4418 = VERTEX_POINT('',#4419);
#4419 = CARTESIAN_POINT('',(3.149599969871,2.735051266176,0.386200142878
    ));
#4420 = LINE('',#4421,#4422);
#4421 = CARTESIAN_POINT('',(3.149599969871,2.735051266176,
    5.200146522843E-03));
#4422 = VECTOR('',#4423,1.);
#4423 = DIRECTION('',(4.275831445897E-31,3.491481338843E-15,1.));
#4424 = ORIENTED_EDGE('',*,*,#4425,.F.);
#4425 = EDGE_CURVE('',#4426,#4418,#4428,.T.);
#4426 = VERTEX_POINT('',#4427);
#4427 = CARTESIAN_POINT('',(3.555999965983,2.735051266176,0.386200142878
    ));
#4428 = LINE('',#4429,#4430);
#4429 = CARTESIAN_POINT('',(3.555999965983,2.735051266176,0.386200142878
    ));
#4430 = VECTOR('',#4431,1.);
#4431 = DIRECTION('',(-1.,1.224646799147E-16,0.));
#4432 = ORIENTED_EDGE('',*,*,#4433,.F.);
#4433 = EDGE_CURVE('',#4395,#4426,#4434,.T.);
#4434 = LINE('',#4435,#4436);
#4435 = CARTESIAN_POINT('',(3.555999965983,2.735051266176,
    5.200146522843E-03));
#4436 = VECTOR('',#4437,1.);
#4437 = DIRECTION('',(4.275831445897E-31,3.491481338843E-15,1.));
#4438 = PLANE('',#4439);
#4439 = AXIS2_PLACEMENT_3D('',#4440,#4441,#4442);
#4440 = CARTESIAN_POINT('',(3.555999965983,2.735051266176,
    5.200146522843E-03));
#4441 = DIRECTION('',(1.224646799147E-16,1.,-3.491481338843E-15));
#4442 = DIRECTION('',(-1.,1.224646799147E-16,0.));
#4443 = ADVANCED_FACE('',(#4444),#4469,.T.);
#4444 = FACE_BOUND('',#4445,.T.);
#4445 = EDGE_LOOP('',(#4446,#4447,#4455,#4463));
#4446 = ORIENTED_EDGE('',*,*,#4425,.T.);
#4447 = ORIENTED_EDGE('',*,*,#4448,.T.);
#4448 = EDGE_CURVE('',#4418,#4449,#4451,.T.);
#4449 = VERTEX_POINT('',#4450);
#4450 = CARTESIAN_POINT('',(3.149599969871,1.41425127881,1.021200136804)
  );
#4451 = LINE('',#4452,#4453);
#4452 = CARTESIAN_POINT('',(3.149599969871,2.735051266176,0.386200142878
    ));
#4453 = VECTOR('',#4454,1.);
#4454 = DIRECTION('',(-1.103715896919E-16,-0.901252424525,0.433294434868
    ));
#4455 = ORIENTED_EDGE('',*,*,#4456,.F.);
#4456 = EDGE_CURVE('',#4457,#4449,#4459,.T.);
#4457 = VERTEX_POINT('',#4458);
#4458 = CARTESIAN_POINT('',(3.555999965983,1.41425127881,1.021200136804)
  );
#4459 = LINE('',#4460,#4461);
#4460 = CARTESIAN_POINT('',(3.555999965983,1.41425127881,1.021200136804)
  );
#4461 = VECTOR('',#4462,1.);
#4462 = DIRECTION('',(-1.,1.224646799147E-16,0.));
#4463 = ORIENTED_EDGE('',*,*,#4464,.F.);
#4464 = EDGE_CURVE('',#4426,#4457,#4465,.T.);
#4465 = LINE('',#4466,#4467);
#4466 = CARTESIAN_POINT('',(3.555999965983,2.735051266176,0.386200142878
    ));
#4467 = VECTOR('',#4468,1.);
#4468 = DIRECTION('',(-1.103715896919E-16,-0.901252424525,0.433294434868
    ));
#4469 = PLANE('',#4470);
#4470 = AXIS2_PLACEMENT_3D('',#4471,#4472,#4473);
#4471 = CARTESIAN_POINT('',(3.555999965983,2.735051266176,0.386200142878
    ));
#4472 = DIRECTION('',(5.306326427493E-17,0.433294434868,0.901252424525)
  );
#4473 = DIRECTION('',(-1.,1.224646799147E-16,0.));
#4474 = ADVANCED_FACE('',(#4475),#4500,.T.);
#4475 = FACE_BOUND('',#4476,.T.);
#4476 = EDGE_LOOP('',(#4477,#4478,#4486,#4494));
#4477 = ORIENTED_EDGE('',*,*,#4456,.T.);
#4478 = ORIENTED_EDGE('',*,*,#4479,.T.);
#4479 = EDGE_CURVE('',#4449,#4480,#4482,.T.);
#4480 = VERTEX_POINT('',#4481);
#4481 = CARTESIAN_POINT('',(3.149599969871,1.41425127881,1.834000129028)
  );
#4482 = LINE('',#4483,#4484);
#4483 = CARTESIAN_POINT('',(3.149599969871,1.41425127881,1.021200136804)
  );
#4484 = VECTOR('',#4485,1.);
#4485 = DIRECTION('',(4.275831445897E-31,3.491481338843E-15,1.));
#4486 = ORIENTED_EDGE('',*,*,#4487,.F.);
#4487 = EDGE_CURVE('',#4488,#4480,#4490,.T.);
#4488 = VERTEX_POINT('',#4489);
#4489 = CARTESIAN_POINT('',(3.555999965983,1.41425127881,1.834000129028)
  );
#4490 = LINE('',#4491,#4492);
#4491 = CARTESIAN_POINT('',(3.555999965983,1.41425127881,1.834000129028)
  );
#4492 = VECTOR('',#4493,1.);
#4493 = DIRECTION('',(-1.,1.224646799147E-16,0.));
#4494 = ORIENTED_EDGE('',*,*,#4495,.F.);
#4495 = EDGE_CURVE('',#4457,#4488,#4496,.T.);
#4496 = LINE('',#4497,#4498);
#4497 = CARTESIAN_POINT('',(3.555999965983,1.41425127881,1.021200136804)
  );
#4498 = VECTOR('',#4499,1.);
#4499 = DIRECTION('',(4.275831445897E-31,3.491481338843E-15,1.));
#4500 = PLANE('',#4501);
#4501 = AXIS2_PLACEMENT_3D('',#4502,#4503,#4504);
#4502 = CARTESIAN_POINT('',(3.555999965983,1.41425127881,1.021200136804)
  );
#4503 = DIRECTION('',(1.224646799147E-16,1.,-3.491481338843E-15));
#4504 = DIRECTION('',(-1.,1.224646799147E-16,0.));
#4505 = ADVANCED_FACE('',(#4506),#4563,.T.);
#4506 = FACE_BOUND('',#4507,.T.);
#4507 = EDGE_LOOP('',(#4508,#4518,#4526,#4533,#4534,#4535,#4536,#4537,
    #4538,#4539,#4540,#4541,#4542,#4543,#4544,#4545,#4546,#4547,#4548,
    #4549,#4557));
#4508 = ORIENTED_EDGE('',*,*,#4509,.T.);
#4509 = EDGE_CURVE('',#4510,#4512,#4514,.T.);
#4510 = VERTEX_POINT('',#4511);
#4511 = CARTESIAN_POINT('',(3.555999965983,3.344651260344,5.034400098413
    ));
#4512 = VERTEX_POINT('',#4513);
#4513 = CARTESIAN_POINT('',(3.555999965983,0.677651285857,5.034400098413
    ));
#4514 = LINE('',#4515,#4516);
#4515 = CARTESIAN_POINT('',(3.555999965983,3.344651260344,5.034400098413
    ));
#4516 = VECTOR('',#4517,1.);
#4517 = DIRECTION('',(-1.224646799147E-16,-1.,3.491481338843E-15));
#4518 = ORIENTED_EDGE('',*,*,#4519,.T.);
#4519 = EDGE_CURVE('',#4512,#4520,#4522,.T.);
#4520 = VERTEX_POINT('',#4521);
#4521 = CARTESIAN_POINT('',(3.555999965983,0.677651285857,3.722688654928
    ));
#4522 = LINE('',#4523,#4524);
#4523 = CARTESIAN_POINT('',(3.555999965983,0.677651285857,5.034400098413
    ));
#4524 = VECTOR('',#4525,1.);
#4525 = DIRECTION('',(-4.275831445897E-31,-3.491481338843E-15,-1.));
#4526 = ORIENTED_EDGE('',*,*,#4527,.T.);
#4527 = EDGE_CURVE('',#4520,#3795,#4528,.T.);
#4528 = CIRCLE('',#4529,0.584199994412);
#4529 = AXIS2_PLACEMENT_3D('',#4530,#4531,#4532);
#4530 = CARTESIAN_POINT('',(3.555999965983,0.169651290716,3.434200113721
    ));
#4531 = DIRECTION('',(-1.,1.224646799147E-16,0.));
#4532 = DIRECTION('',(1.064910260128E-16,0.869565217391,0.493818117026)
  );
#4533 = ORIENTED_EDGE('',*,*,#3820,.T.);
#4534 = ORIENTED_EDGE('',*,*,#3851,.T.);
#4535 = ORIENTED_EDGE('',*,*,#3882,.T.);
#4536 = ORIENTED_EDGE('',*,*,#3914,.T.);
#4537 = ORIENTED_EDGE('',*,*,#3946,.T.);
#4538 = ORIENTED_EDGE('',*,*,#3977,.T.);
#4539 = ORIENTED_EDGE('',*,*,#3991,.T.);
#4540 = ORIENTED_EDGE('',*,*,#4230,.F.);
#4541 = ORIENTED_EDGE('',*,*,#4199,.T.);
#4542 = ORIENTED_EDGE('',*,*,#4308,.F.);
#4543 = ORIENTED_EDGE('',*,*,#4340,.T.);
#4544 = ORIENTED_EDGE('',*,*,#4371,.T.);
#4545 = ORIENTED_EDGE('',*,*,#4402,.T.);
#4546 = ORIENTED_EDGE('',*,*,#4433,.T.);
#4547 = ORIENTED_EDGE('',*,*,#4464,.T.);
#4548 = ORIENTED_EDGE('',*,*,#4495,.T.);
#4549 = ORIENTED_EDGE('',*,*,#4550,.T.);
#4550 = EDGE_CURVE('',#4488,#4551,#4553,.T.);
#4551 = VERTEX_POINT('',#4552);
#4552 = CARTESIAN_POINT('',(3.555999965983,3.344651260344,1.834000129028
    ));
#4553 = LINE('',#4554,#4555);
#4554 = CARTESIAN_POINT('',(3.555999965983,1.41425127881,1.834000129028)
  );
#4555 = VECTOR('',#4556,1.);
#4556 = DIRECTION('',(1.224646799147E-16,1.,-3.491481338843E-15));
#4557 = ORIENTED_EDGE('',*,*,#4558,.F.);
#4558 = EDGE_CURVE('',#4510,#4551,#4559,.T.);
#4559 = LINE('',#4560,#4561);
#4560 = CARTESIAN_POINT('',(3.555999965983,3.344651260344,5.034400098413
    ));
#4561 = VECTOR('',#4562,1.);
#4562 = DIRECTION('',(-4.275831445897E-31,-3.491481338843E-15,-1.));
#4563 = PLANE('',#4564);
#4564 = AXIS2_PLACEMENT_3D('',#4565,#4566,#4567);
#4565 = CARTESIAN_POINT('',(3.555999965983,3.852651255485,5.034400098413
    ));
#4566 = DIRECTION('',(1.,-1.224646799147E-16,0.));
#4567 = DIRECTION('',(1.224646799147E-16,1.,-3.491481338843E-15));
#4568 = ADVANCED_FACE('',(#4569),#4603,.T.);
#4569 = FACE_BOUND('',#4570,.T.);
#4570 = EDGE_LOOP('',(#4571,#4572,#4580,#4588,#4596));
#4571 = ORIENTED_EDGE('',*,*,#2670,.F.);
#4572 = ORIENTED_EDGE('',*,*,#4573,.T.);
#4573 = EDGE_CURVE('',#2663,#4574,#4576,.T.);
#4574 = VERTEX_POINT('',#4575);
#4575 = CARTESIAN_POINT('',(2.260599978375,0.576051286829,4.018400108132
    ));
#4576 = LINE('',#4577,#4578);
#4577 = CARTESIAN_POINT('',(2.260599978375,0.169651290716,4.018400108132
    ));
#4578 = VECTOR('',#4579,1.);
#4579 = DIRECTION('',(1.224646799147E-16,1.,-3.491481338843E-15));
#4580 = ORIENTED_EDGE('',*,*,#4581,.T.);
#4581 = EDGE_CURVE('',#4574,#4582,#4584,.T.);
#4582 = VERTEX_POINT('',#4583);
#4583 = CARTESIAN_POINT('',(3.149599969871,0.576051286829,4.018400108132
    ));
#4584 = LINE('',#4585,#4586);
#4585 = CARTESIAN_POINT('',(2.260599978375,0.576051286829,4.018400108132
    ));
#4586 = VECTOR('',#4587,1.);
#4587 = DIRECTION('',(1.,-1.224646799147E-16,0.));
#4588 = ORIENTED_EDGE('',*,*,#4589,.T.);
#4589 = EDGE_CURVE('',#4582,#4590,#4592,.T.);
#4590 = VERTEX_POINT('',#4591);
#4591 = CARTESIAN_POINT('',(3.149599969871,0.179763262518,4.018366295436
    ));
#4592 = LINE('',#4593,#4594);
#4593 = CARTESIAN_POINT('',(3.149599969871,0.169651290716,4.018400108132
    ));
#4594 = VECTOR('',#4595,1.);
#4595 = DIRECTION('',(-1.224646799147E-16,-1.,3.491481338843E-15));
#4596 = ORIENTED_EDGE('',*,*,#4597,.T.);
#4597 = EDGE_CURVE('',#4590,#2671,#4598,.T.);
#4598 = CIRCLE('',#4599,0.50799999514);
#4599 = AXIS2_PLACEMENT_3D('',#4600,#4601,#4602);
#4600 = CARTESIAN_POINT('',(3.047999970843,0.677651285857,4.018400108132
    ));
#4601 = DIRECTION('',(-3.944304526105E-31,-3.491481338843E-15,-1.));
#4602 = DIRECTION('',(0.2,-0.979795897113,3.420939090646E-15));
#4603 = PLANE('',#4604);
#4604 = AXIS2_PLACEMENT_3D('',#4605,#4606,#4607);
#4605 = CARTESIAN_POINT('',(2.260599978375,0.169651290716,4.018400108132
    ));
#4606 = DIRECTION('',(-4.275831445897E-31,-3.491481338843E-15,-1.));
#4607 = DIRECTION('',(-1.224646799147E-16,-1.,3.491481338843E-15));
#4608 = ADVANCED_FACE('',(#4609),#4644,.T.);
#4609 = FACE_BOUND('',#4610,.T.);
#4610 = EDGE_LOOP('',(#4611,#4634,#4635,#4642,#4643));
#4611 = ORIENTED_EDGE('',*,*,#4612,.F.);
#4612 = EDGE_CURVE('',#4520,#4590,#4613,.T.);
#4613 = B_SPLINE_CURVE_WITH_KNOTS('',3,(#4614,#4615,#4616,#4617,#4618,
    #4619,#4620,#4621,#4622,#4623,#4624,#4625,#4626,#4627,#4628,#4629,
    #4630,#4631,#4632,#4633),.UNSPECIFIED.,.F.,.F.,(4,2,2,2,2,2,2,2,2,4)
  ,(0.,0.125,0.1875,0.25,0.375,0.5,0.625,0.6875,0.75,1.),.UNSPECIFIED.);
#4614 = CARTESIAN_POINT('',(3.555999965983,0.677651285857,3.722688654928
    ));
#4615 = CARTESIAN_POINT('',(3.555999965983,0.657118409731,3.758845033716
    ));
#4616 = CARTESIAN_POINT('',(3.554477113008,0.634344095073,3.789995202328
    ));
#4617 = CARTESIAN_POINT('',(3.549908554083,0.59976924236,3.829924967188)
  );
#4618 = CARTESIAN_POINT('',(3.548004987864,0.588166519077,3.842110761453
    ));
#4619 = CARTESIAN_POINT('',(3.543436428939,0.565191146486,3.864426002529
    ));
#4620 = CARTESIAN_POINT('',(3.541196694002,0.555367999066,3.873270044818
    ));
#4621 = CARTESIAN_POINT('',(3.530783802843,0.5174228964,3.904758445752)
  );
#4622 = CARTESIAN_POINT('',(3.521539538527,0.491740992617,3.922470109695
    ));
#4623 = CARTESIAN_POINT('',(3.498446336143,0.44123264914,3.952266644965)
  );
#4624 = CARTESIAN_POINT('',(3.485580682947,0.417854677318,3.963758532608
    ));
#4625 = CARTESIAN_POINT('',(3.451311563308,0.367314884062,3.984623717867
    ));
#4626 = CARTESIAN_POINT('',(3.43185922566,0.343378560354,3.992441603006)
  );
#4627 = CARTESIAN_POINT('',(3.399204052443,0.310183708864,4.001361065917
    ));
#4628 = CARTESIAN_POINT('',(3.387739550247,0.299566360593,4.003865683084
    ));
#4629 = CARTESIAN_POINT('',(3.363651656941,0.279303287224,4.008110582314
    ));
#4630 = CARTESIAN_POINT('',(3.35217198283,0.270448570319,4.009726370383)
  );
#4631 = CARTESIAN_POINT('',(3.280439219992,0.220827990286,4.017540033735
    ));
#4632 = CARTESIAN_POINT('',(3.217697399862,0.193662725666,4.018071986029
    ));
#4633 = CARTESIAN_POINT('',(3.149599969871,0.179763262518,4.018366295436
    ));
#4634 = ORIENTED_EDGE('',*,*,#4519,.F.);
#4635 = ORIENTED_EDGE('',*,*,#4636,.F.);
#4636 = EDGE_CURVE('',#2653,#4512,#4637,.T.);
#4637 = CIRCLE('',#4638,0.50799999514);
#4638 = AXIS2_PLACEMENT_3D('',#4639,#4640,#4641);
#4639 = CARTESIAN_POINT('',(3.047999970843,0.677651285857,5.034400098413
    ));
#4640 = DIRECTION('',(4.275831445897E-31,3.491481338843E-15,1.));
#4641 = DIRECTION('',(-1.224646799147E-16,-1.,3.491481338843E-15));
#4642 = ORIENTED_EDGE('',*,*,#2678,.T.);
#4643 = ORIENTED_EDGE('',*,*,#4597,.F.);
#4644 = CYLINDRICAL_SURFACE('',#4645,0.50799999514);
#4645 = AXIS2_PLACEMENT_3D('',#4646,#4647,#4648);
#4646 = CARTESIAN_POINT('',(3.047999970843,0.677651285857,5.067749581233
    ));
#4647 = DIRECTION('',(-4.275831445897E-31,-3.491481338843E-15,-1.));
#4648 = DIRECTION('',(1.,-1.224646799147E-16,0.));
#4649 = ADVANCED_FACE('',(#4650),#4662,.F.);
#4650 = FACE_BOUND('',#4651,.F.);
#4651 = EDGE_LOOP('',(#4652,#4653,#4654,#4655));
#4652 = ORIENTED_EDGE('',*,*,#4612,.F.);
#4653 = ORIENTED_EDGE('',*,*,#4527,.T.);
#4654 = ORIENTED_EDGE('',*,*,#3794,.T.);
#4655 = ORIENTED_EDGE('',*,*,#4656,.F.);
#4656 = EDGE_CURVE('',#4590,#3797,#4657,.T.);
#4657 = CIRCLE('',#4658,0.584199994412);
#4658 = AXIS2_PLACEMENT_3D('',#4659,#4660,#4661);
#4659 = CARTESIAN_POINT('',(3.149599969871,0.169651290716,3.434200113721
    ));
#4660 = DIRECTION('',(-1.,1.224646799147E-16,0.));
#4661 = DIRECTION('',(2.024066491452E-18,1.652775716934E-02,
    0.999863407293));
#4662 = CYLINDRICAL_SURFACE('',#4663,0.584199994412);
#4663 = AXIS2_PLACEMENT_3D('',#4664,#4665,#4666);
#4664 = CARTESIAN_POINT('',(3.555999965983,0.169651290716,3.434200113721
    ));
#4665 = DIRECTION('',(1.,-1.224646799147E-16,0.));
#4666 = DIRECTION('',(1.224646799147E-16,1.,-3.711749991392E-15));
#4667 = ADVANCED_FACE('',(#4668),#4718,.F.);
#4668 = FACE_BOUND('',#4669,.T.);
#4669 = EDGE_LOOP('',(#4670,#4671,#4679,#4687,#4695,#4701,#4702,#4703,
    #4704,#4705,#4706,#4707,#4708,#4709,#4710,#4711,#4712,#4713,#4714,
    #4715,#4716,#4717));
#4670 = ORIENTED_EDGE('',*,*,#4589,.F.);
#4671 = ORIENTED_EDGE('',*,*,#4672,.F.);
#4672 = EDGE_CURVE('',#4673,#4582,#4675,.T.);
#4673 = VERTEX_POINT('',#4674);
#4674 = CARTESIAN_POINT('',(3.149599969871,0.576051286829,5.034400098413
    ));
#4675 = LINE('',#4676,#4677);
#4676 = CARTESIAN_POINT('',(3.149599969871,0.576051286829,5.034400098413
    ));
#4677 = VECTOR('',#4678,1.);
#4678 = DIRECTION('',(-4.275831445897E-31,-3.491481338843E-15,-1.));
#4679 = ORIENTED_EDGE('',*,*,#4680,.F.);
#4680 = EDGE_CURVE('',#4681,#4673,#4683,.T.);
#4681 = VERTEX_POINT('',#4682);
#4682 = CARTESIAN_POINT('',(3.149599969871,3.446251259372,5.034400098413
    ));
#4683 = LINE('',#4684,#4685);
#4684 = CARTESIAN_POINT('',(3.149599969871,3.446251259372,5.034400098413
    ));
#4685 = VECTOR('',#4686,1.);
#4686 = DIRECTION('',(-1.224646799147E-16,-1.,3.491481338843E-15));
#4687 = ORIENTED_EDGE('',*,*,#4688,.F.);
#4688 = EDGE_CURVE('',#4689,#4681,#4691,.T.);
#4689 = VERTEX_POINT('',#4690);
#4690 = CARTESIAN_POINT('',(3.149599969871,3.446251259372,1.834000129028
    ));
#4691 = LINE('',#4692,#4693);
#4692 = CARTESIAN_POINT('',(3.149599969871,3.446251259372,1.834000129028
    ));
#4693 = VECTOR('',#4694,1.);
#4694 = DIRECTION('',(4.275831445897E-31,3.491481338843E-15,1.));
#4695 = ORIENTED_EDGE('',*,*,#4696,.F.);
#4696 = EDGE_CURVE('',#4480,#4689,#4697,.T.);
#4697 = LINE('',#4698,#4699);
#4698 = CARTESIAN_POINT('',(3.149599969871,1.41425127881,1.834000129028)
  );
#4699 = VECTOR('',#4700,1.);
#4700 = DIRECTION('',(1.224646799147E-16,1.,-3.491481338843E-15));
#4701 = ORIENTED_EDGE('',*,*,#4479,.F.);
#4702 = ORIENTED_EDGE('',*,*,#4448,.F.);
#4703 = ORIENTED_EDGE('',*,*,#4417,.F.);
#4704 = ORIENTED_EDGE('',*,*,#4386,.F.);
#4705 = ORIENTED_EDGE('',*,*,#4355,.F.);
#4706 = ORIENTED_EDGE('',*,*,#4324,.F.);
#4707 = ORIENTED_EDGE('',*,*,#4292,.F.);
#4708 = ORIENTED_EDGE('',*,*,#4259,.F.);
#4709 = ORIENTED_EDGE('',*,*,#4237,.F.);
#4710 = ORIENTED_EDGE('',*,*,#4008,.F.);
#4711 = ORIENTED_EDGE('',*,*,#3961,.F.);
#4712 = ORIENTED_EDGE('',*,*,#3930,.F.);
#4713 = ORIENTED_EDGE('',*,*,#3897,.F.);
#4714 = ORIENTED_EDGE('',*,*,#3866,.F.);
#4715 = ORIENTED_EDGE('',*,*,#3835,.F.);
#4716 = ORIENTED_EDGE('',*,*,#3804,.F.);
#4717 = ORIENTED_EDGE('',*,*,#4656,.F.);
#4718 = PLANE('',#4719);
#4719 = AXIS2_PLACEMENT_3D('',#4720,#4721,#4722);
#4720 = CARTESIAN_POINT('',(3.149599969871,3.852651255485,4.018400108132
    ));
#4721 = DIRECTION('',(1.,-1.224646799147E-16,0.));
#4722 = DIRECTION('',(1.224646799147E-16,1.,-3.491481338843E-15));
#4723 = ADVANCED_FACE('',(#4724),#4752,.T.);
#4724 = FACE_BOUND('',#4725,.T.);
#4725 = EDGE_LOOP('',(#4726,#4727,#4728,#4729,#4737,#4745));
#4726 = ORIENTED_EDGE('',*,*,#4550,.F.);
#4727 = ORIENTED_EDGE('',*,*,#4487,.T.);
#4728 = ORIENTED_EDGE('',*,*,#4696,.T.);
#4729 = ORIENTED_EDGE('',*,*,#4730,.F.);
#4730 = EDGE_CURVE('',#4731,#4689,#4733,.T.);
#4731 = VERTEX_POINT('',#4732);
#4732 = CARTESIAN_POINT('',(3.378199967684,3.446251259372,1.834000129028
    ));
#4733 = LINE('',#4734,#4735);
#4734 = CARTESIAN_POINT('',(3.378199967684,3.446251259372,1.834000129028
    ));
#4735 = VECTOR('',#4736,1.);
#4736 = DIRECTION('',(-1.,1.224646799147E-16,0.));
#4737 = ORIENTED_EDGE('',*,*,#4738,.F.);
#4738 = EDGE_CURVE('',#4739,#4731,#4741,.T.);
#4739 = VERTEX_POINT('',#4740);
#4740 = CARTESIAN_POINT('',(3.378199967684,3.730697834152,1.834000129028
    ));
#4741 = LINE('',#4742,#4743);
#4742 = CARTESIAN_POINT('',(3.378199967684,3.730697834152,1.834000129028
    ));
#4743 = VECTOR('',#4744,1.);
#4744 = DIRECTION('',(-1.224646799147E-16,-1.,3.491481338843E-15));
#4745 = ORIENTED_EDGE('',*,*,#4746,.T.);
#4746 = EDGE_CURVE('',#4739,#4551,#4747,.T.);
#4747 = CIRCLE('',#4748,0.50799999514);
#4748 = AXIS2_PLACEMENT_3D('',#4749,#4750,#4751);
#4749 = CARTESIAN_POINT('',(3.047999970843,3.344651260344,1.834000129028
    ));
#4750 = DIRECTION('',(-3.944304526105E-31,-3.491481338843E-15,-1.));
#4751 = DIRECTION('',(0.65,0.759934207679,-2.653296104858E-15));
#4752 = PLANE('',#4753);
#4753 = AXIS2_PLACEMENT_3D('',#4754,#4755,#4756);
#4754 = CARTESIAN_POINT('',(3.555999965983,3.852651255485,1.834000129028
    ));
#4755 = DIRECTION('',(-4.275831445897E-31,-3.491481338843E-15,-1.));
#4756 = DIRECTION('',(-1.224646799147E-16,-1.,3.491481338843E-15));
#4757 = ADVANCED_FACE('',(#4758),#4793,.F.);
#4758 = FACE_BOUND('',#4759,.F.);
#4759 = EDGE_LOOP('',(#4760,#4777,#4784,#4785,#4792));
#4760 = ORIENTED_EDGE('',*,*,#4761,.F.);
#4761 = EDGE_CURVE('',#4762,#4739,#4764,.T.);
#4762 = VERTEX_POINT('',#4763);
#4763 = CARTESIAN_POINT('',(3.047999970843,3.852651255485,1.643076326103
    ));
#4764 = B_SPLINE_CURVE_WITH_KNOTS('',3,(#4765,#4766,#4767,#4768,#4769,
    #4770,#4771,#4772,#4773,#4774,#4775,#4776),.UNSPECIFIED.,.F.,.F.,(4,
    2,2,2,2,4),(0.,0.25,0.375,0.4375,0.5,1.),.UNSPECIFIED.);
#4765 = CARTESIAN_POINT('',(3.047999970843,3.852651255485,1.643076326103
    ));
#4766 = CARTESIAN_POINT('',(3.069285833569,3.852651255485,1.6800540858)
  );
#4767 = CARTESIAN_POINT('',(3.094799804571,3.850780698544,1.710064838357
    ));
#4768 = CARTESIAN_POINT('',(3.133684945516,3.845169027722,1.745716088322
    ));
#4769 = CARTESIAN_POINT('',(3.146771159314,3.842830831547,1.756065357866
    ));
#4770 = CARTESIAN_POINT('',(3.166074174968,3.838622078431,1.769584010971
    ));
#4771 = CARTESIAN_POINT('',(3.172455544443,3.837102250916,1.773756729673
    ));
#4772 = CARTESIAN_POINT('',(3.185043119547,3.83382877627,1.781490610818)
  );
#4773 = CARTESIAN_POINT('',(3.189604170821,3.832580525402,1.784164506201
    ));
#4774 = CARTESIAN_POINT('',(3.259212534374,3.811196946569,1.821707396672
    ));
#4775 = CARTESIAN_POINT('',(3.322864832554,3.778028033887,1.834000129028
    ));
#4776 = CARTESIAN_POINT('',(3.378199967684,3.730697834152,1.834000129028
    ));
#4777 = ORIENTED_EDGE('',*,*,#4778,.T.);
#4778 = EDGE_CURVE('',#4762,#2613,#4779,.T.);
#4779 = CIRCLE('',#4780,0.380999996355);
#4780 = AXIS2_PLACEMENT_3D('',#4781,#4782,#4783);
#4781 = CARTESIAN_POINT('',(3.378199967684,3.852651255485,1.453000132673
    ));
#4782 = DIRECTION('',(-1.224646799147E-16,-1.,3.491481338843E-15));
#4783 = DIRECTION('',(-0.866666666667,1.847992981561E-15,0.49888765157)
  );
#4784 = ORIENTED_EDGE('',*,*,#2612,.T.);
#4785 = ORIENTED_EDGE('',*,*,#4786,.F.);
#4786 = EDGE_CURVE('',#4731,#2615,#4787,.T.);
#4787 = CIRCLE('',#4788,0.380999996355);
#4788 = AXIS2_PLACEMENT_3D('',#4789,#4790,#4791);
#4789 = CARTESIAN_POINT('',(3.378199967684,3.446251259372,1.453000132673
    ));
#4790 = DIRECTION('',(-1.224646799147E-16,-1.,3.491481338843E-15));
#4791 = DIRECTION('',(4.275831445897E-31,3.491481338843E-15,1.));
#4792 = ORIENTED_EDGE('',*,*,#4738,.F.);
#4793 = CYLINDRICAL_SURFACE('',#4794,0.380999996355);
#4794 = AXIS2_PLACEMENT_3D('',#4795,#4796,#4797);
#4795 = CARTESIAN_POINT('',(3.378199967684,3.852651255485,1.453000132673
    ));
#4796 = DIRECTION('',(1.224646799147E-16,1.,-3.491481338843E-15));
#4797 = DIRECTION('',(-1.,1.224646799147E-16,0.));
#4798 = ADVANCED_FACE('',(#4799),#4818,.T.);
#4799 = FACE_BOUND('',#4800,.T.);
#4800 = EDGE_LOOP('',(#4801,#4807,#4808,#4815,#4816,#4817));
#4801 = ORIENTED_EDGE('',*,*,#4802,.F.);
#4802 = EDGE_CURVE('',#3747,#4762,#4803,.T.);
#4803 = LINE('',#4804,#4805);
#4804 = CARTESIAN_POINT('',(3.047999970843,3.852651255485,5.225323901339
    ));
#4805 = VECTOR('',#4806,1.);
#4806 = DIRECTION('',(-4.275831445897E-31,-3.491481338843E-15,-1.));
#4807 = ORIENTED_EDGE('',*,*,#3744,.F.);
#4808 = ORIENTED_EDGE('',*,*,#4809,.F.);
#4809 = EDGE_CURVE('',#4510,#3745,#4810,.T.);
#4810 = CIRCLE('',#4811,0.50799999514);
#4811 = AXIS2_PLACEMENT_3D('',#4812,#4813,#4814);
#4812 = CARTESIAN_POINT('',(3.047999970843,3.344651260344,5.034400098413
    ));
#4813 = DIRECTION('',(4.275831445897E-31,3.491481338843E-15,1.));
#4814 = DIRECTION('',(1.,-1.224646799147E-16,0.));
#4815 = ORIENTED_EDGE('',*,*,#4558,.T.);
#4816 = ORIENTED_EDGE('',*,*,#4746,.F.);
#4817 = ORIENTED_EDGE('',*,*,#4761,.F.);
#4818 = CYLINDRICAL_SURFACE('',#4819,0.50799999514);
#4819 = AXIS2_PLACEMENT_3D('',#4820,#4821,#4822);
#4820 = CARTESIAN_POINT('',(3.047999970843,3.344651260344,7.051993133031
    ));
#4821 = DIRECTION('',(-4.275831445897E-31,-3.491481338843E-15,-1.));
#4822 = DIRECTION('',(1.224646799147E-16,1.,-3.491481338843E-15));
#4823 = ADVANCED_FACE('',(#4824),#4864,.T.);
#4824 = FACE_BOUND('',#4825,.T.);
#4825 = EDGE_LOOP('',(#4826,#4827,#4833,#4834,#4840,#4848,#4854,#4860,
    #4861,#4862,#4863));
#4826 = ORIENTED_EDGE('',*,*,#3763,.T.);
#4827 = ORIENTED_EDGE('',*,*,#4828,.T.);
#4828 = EDGE_CURVE('',#3764,#4681,#4829,.T.);
#4829 = LINE('',#4830,#4831);
#4830 = CARTESIAN_POINT('',(3.378199967684,3.446251259372,5.034400098413
    ));
#4831 = VECTOR('',#4832,1.);
#4832 = DIRECTION('',(-1.,1.224646799147E-16,0.));
#4833 = ORIENTED_EDGE('',*,*,#4680,.T.);
#4834 = ORIENTED_EDGE('',*,*,#4835,.T.);
#4835 = EDGE_CURVE('',#4673,#2512,#4836,.T.);
#4836 = LINE('',#4837,#4838);
#4837 = CARTESIAN_POINT('',(2.997199971329,0.576051286829,5.034400098413
    ));
#4838 = VECTOR('',#4839,1.);
#4839 = DIRECTION('',(-1.,1.224646799147E-16,0.));
#4840 = ORIENTED_EDGE('',*,*,#4841,.T.);
#4841 = EDGE_CURVE('',#2512,#4842,#4844,.T.);
#4842 = VERTEX_POINT('',#4843);
#4843 = CARTESIAN_POINT('',(2.987199971424,0.179651290621,5.034400098413
    ));
#4844 = LINE('',#4845,#4846);
#4845 = CARTESIAN_POINT('',(2.987199971424,0.601451286586,5.034400098413
    ));
#4846 = VECTOR('',#4847,1.);
#4847 = DIRECTION('',(-1.224646799147E-16,-1.,3.491481338843E-15));
#4848 = ORIENTED_EDGE('',*,*,#4849,.F.);
#4849 = EDGE_CURVE('',#2481,#4842,#4850,.T.);
#4850 = LINE('',#4851,#4852);
#4851 = CARTESIAN_POINT('',(-2.987199971424,0.179651290621,
    5.034400098413));
#4852 = VECTOR('',#4853,1.);
#4853 = DIRECTION('',(1.,-1.224646799147E-16,0.));
#4854 = ORIENTED_EDGE('',*,*,#4855,.F.);
#4855 = EDGE_CURVE('',#2655,#2481,#4856,.T.);
#4856 = LINE('',#4857,#4858);
#4857 = CARTESIAN_POINT('',(2.260599978375,0.169651290716,5.034400098413
    ));
#4858 = VECTOR('',#4859,1.);
#4859 = DIRECTION('',(1.224646799147E-16,1.,-3.491481338843E-15));
#4860 = ORIENTED_EDGE('',*,*,#2652,.F.);
#4861 = ORIENTED_EDGE('',*,*,#4636,.T.);
#4862 = ORIENTED_EDGE('',*,*,#4509,.F.);
#4863 = ORIENTED_EDGE('',*,*,#4809,.T.);
#4864 = PLANE('',#4865);
#4865 = AXIS2_PLACEMENT_3D('',#4866,#4867,#4868);
#4866 = CARTESIAN_POINT('',(3.378199967684,3.852651255485,5.034400098413
    ));
#4867 = DIRECTION('',(4.275831445897E-31,3.491481338843E-15,1.));
#4868 = DIRECTION('',(-1.,1.224646799147E-16,0.));
#4869 = ADVANCED_FACE('',(#4870,#4895),#4938,.F.);
#4870 = FACE_BOUND('',#4871,.T.);
#4871 = EDGE_LOOP('',(#4872,#4882,#4888,#4889));
#4872 = ORIENTED_EDGE('',*,*,#4873,.F.);
#4873 = EDGE_CURVE('',#4874,#4876,#4878,.T.);
#4874 = VERTEX_POINT('',#4875);
#4875 = CARTESIAN_POINT('',(2.987199971424,3.446251259372,7.005600079557
    ));
#4876 = VERTEX_POINT('',#4877);
#4877 = CARTESIAN_POINT('',(-2.987199971424,3.446251259372,
    7.005600079557));
#4878 = LINE('',#4879,#4880);
#4879 = CARTESIAN_POINT('',(2.997199971329,3.446251259372,7.005600079557
    ));
#4880 = VECTOR('',#4881,1.);
#4881 = DIRECTION('',(-1.,1.224646799147E-16,0.));
#4882 = ORIENTED_EDGE('',*,*,#4883,.T.);
#4883 = EDGE_CURVE('',#4874,#2448,#4884,.T.);
#4884 = LINE('',#4885,#4886);
#4885 = CARTESIAN_POINT('',(2.987199971424,3.446251259372,7.015600079461
    ));
#4886 = VECTOR('',#4887,1.);
#4887 = DIRECTION('',(-4.286906488605E-31,-3.500524797509E-15,-1.));
#4888 = ORIENTED_EDGE('',*,*,#2447,.T.);
#4889 = ORIENTED_EDGE('',*,*,#4890,.F.);
#4890 = EDGE_CURVE('',#4876,#2450,#4891,.T.);
#4891 = LINE('',#4892,#4893);
#4892 = CARTESIAN_POINT('',(-2.987199971424,3.446251259372,
    7.015600079461));
#4893 = VECTOR('',#4894,1.);
#4894 = DIRECTION('',(-4.286906488605E-31,-3.500524797509E-15,-1.));
#4895 = FACE_BOUND('',#4896,.T.);
#4896 = EDGE_LOOP('',(#4897,#4898,#4899,#4900,#4901,#4910,#4918,#4924,
    #4925,#4926,#4932,#4933,#4934,#4935,#4936,#4937));
#4897 = ORIENTED_EDGE('',*,*,#3771,.F.);
#4898 = ORIENTED_EDGE('',*,*,#2582,.F.);
#4899 = ORIENTED_EDGE('',*,*,#2541,.T.);
#4900 = ORIENTED_EDGE('',*,*,#2692,.T.);
#4901 = ORIENTED_EDGE('',*,*,#4902,.F.);
#4902 = EDGE_CURVE('',#4903,#2693,#4905,.T.);
#4903 = VERTEX_POINT('',#4904);
#4904 = CARTESIAN_POINT('',(-3.378199967684,3.446251259372,
    5.034400098413));
#4905 = CIRCLE('',#4906,0.380999996355);
#4906 = AXIS2_PLACEMENT_3D('',#4907,#4908,#4909);
#4907 = CARTESIAN_POINT('',(-3.378199967684,3.446251259372,
    5.415400094769));
#4908 = DIRECTION('',(-1.224646799147E-16,-1.,3.491481338843E-15));
#4909 = DIRECTION('',(-4.275831445897E-31,-3.491481338843E-15,-1.));
#4910 = ORIENTED_EDGE('',*,*,#4911,.T.);
#4911 = EDGE_CURVE('',#4903,#4912,#4914,.T.);
#4912 = VERTEX_POINT('',#4913);
#4913 = CARTESIAN_POINT('',(-3.149599969871,3.446251259372,
    5.034400098413));
#4914 = LINE('',#4915,#4916);
#4915 = CARTESIAN_POINT('',(-3.378199967684,3.446251259372,
    5.034400098413));
#4916 = VECTOR('',#4917,1.);
#4917 = DIRECTION('',(1.,-1.224646799147E-16,0.));
#4918 = ORIENTED_EDGE('',*,*,#4919,.F.);
#4919 = EDGE_CURVE('',#3333,#4912,#4920,.T.);
#4920 = LINE('',#4921,#4922);
#4921 = CARTESIAN_POINT('',(-3.149599969871,3.446251259372,
    1.834000129028));
#4922 = VECTOR('',#4923,1.);
#4923 = DIRECTION('',(4.275831445897E-31,3.491481338843E-15,1.));
#4924 = ORIENTED_EDGE('',*,*,#3332,.F.);
#4925 = ORIENTED_EDGE('',*,*,#3381,.F.);
#4926 = ORIENTED_EDGE('',*,*,#4927,.F.);
#4927 = EDGE_CURVE('',#3715,#3382,#4928,.T.);
#4928 = LINE('',#4929,#4930);
#4929 = CARTESIAN_POINT('',(-2.997199971329,3.446251259372,
    0.360800143121));
#4930 = VECTOR('',#4931,1.);
#4931 = DIRECTION('',(4.275831445897E-31,3.491481338843E-15,1.));
#4932 = ORIENTED_EDGE('',*,*,#3714,.F.);
#4933 = ORIENTED_EDGE('',*,*,#2622,.F.);
#4934 = ORIENTED_EDGE('',*,*,#4786,.F.);
#4935 = ORIENTED_EDGE('',*,*,#4730,.T.);
#4936 = ORIENTED_EDGE('',*,*,#4688,.T.);
#4937 = ORIENTED_EDGE('',*,*,#4828,.F.);
#4938 = PLANE('',#4939);
#4939 = AXIS2_PLACEMENT_3D('',#4940,#4941,#4942);
#4940 = CARTESIAN_POINT('',(1.360888742534E-16,3.446251259372,
    4.018400108132));
#4941 = DIRECTION('',(1.224646799147E-16,1.,-3.491481338843E-15));
#4942 = DIRECTION('',(-1.,1.224646799147E-16,0.));
#4943 = ADVANCED_FACE('',(#4944),#5005,.T.);
#4944 = FACE_BOUND('',#4945,.T.);
#4945 = EDGE_LOOP('',(#4946,#4947,#4954,#4955,#4961,#4969,#4975,#4983,
    #4989,#4990,#4998));
#4946 = ORIENTED_EDGE('',*,*,#1421,.F.);
#4947 = ORIENTED_EDGE('',*,*,#4948,.T.);
#4948 = EDGE_CURVE('',#1414,#2248,#4949,.T.);
#4949 = CIRCLE('',#4950,0.50799999514);
#4950 = AXIS2_PLACEMENT_3D('',#4951,#4952,#4953);
#4951 = CARTESIAN_POINT('',(-3.047999970843,0.677651285857,
    5.034400098413));
#4952 = DIRECTION('',(4.275831445897E-31,3.491481338843E-15,1.));
#4953 = DIRECTION('',(-1.,1.224646799147E-16,0.));
#4954 = ORIENTED_EDGE('',*,*,#2247,.F.);
#4955 = ORIENTED_EDGE('',*,*,#4956,.T.);
#4956 = EDGE_CURVE('',#2240,#2479,#4957,.T.);
#4957 = LINE('',#4958,#4959);
#4958 = CARTESIAN_POINT('',(-2.260599978375,0.169651290716,
    5.034400098413));
#4959 = VECTOR('',#4960,1.);
#4960 = DIRECTION('',(1.224646799147E-16,1.,-3.491481338843E-15));
#4961 = ORIENTED_EDGE('',*,*,#4962,.F.);
#4962 = EDGE_CURVE('',#4963,#2479,#4965,.T.);
#4963 = VERTEX_POINT('',#4964);
#4964 = CARTESIAN_POINT('',(-2.987199971424,0.179651290621,
    5.034400098413));
#4965 = LINE('',#4966,#4967);
#4966 = CARTESIAN_POINT('',(-2.987199971424,0.179651290621,
    5.034400098413));
#4967 = VECTOR('',#4968,1.);
#4968 = DIRECTION('',(1.,-1.224646799147E-16,0.));
#4969 = ORIENTED_EDGE('',*,*,#4970,.F.);
#4970 = EDGE_CURVE('',#2497,#4963,#4971,.T.);
#4971 = LINE('',#4972,#4973);
#4972 = CARTESIAN_POINT('',(-2.987199971424,0.601451286586,
    5.034400098413));
#4973 = VECTOR('',#4974,1.);
#4974 = DIRECTION('',(-1.224646799147E-16,-1.,3.491481338843E-15));
#4975 = ORIENTED_EDGE('',*,*,#4976,.T.);
#4976 = EDGE_CURVE('',#2497,#4977,#4979,.T.);
#4977 = VERTEX_POINT('',#4978);
#4978 = CARTESIAN_POINT('',(-3.149599969871,0.576051286829,
    5.034400098413));
#4979 = LINE('',#4980,#4981);
#4980 = CARTESIAN_POINT('',(-2.997199971329,0.576051286829,
    5.034400098413));
#4981 = VECTOR('',#4982,1.);
#4982 = DIRECTION('',(-1.,1.224646799147E-16,0.));
#4983 = ORIENTED_EDGE('',*,*,#4984,.T.);
#4984 = EDGE_CURVE('',#4977,#4912,#4985,.T.);
#4985 = LINE('',#4986,#4987);
#4986 = CARTESIAN_POINT('',(-3.149599969871,0.576051286829,
    5.034400098413));
#4987 = VECTOR('',#4988,1.);
#4988 = DIRECTION('',(1.224646799147E-16,1.,-3.491481338843E-15));
#4989 = ORIENTED_EDGE('',*,*,#4911,.F.);
#4990 = ORIENTED_EDGE('',*,*,#4991,.F.);
#4991 = EDGE_CURVE('',#4992,#4903,#4994,.T.);
#4992 = VERTEX_POINT('',#4993);
#4993 = CARTESIAN_POINT('',(-3.378199967684,3.730697834152,
    5.034400098413));
#4994 = LINE('',#4995,#4996);
#4995 = CARTESIAN_POINT('',(-3.378199967684,3.730697834152,
    5.034400098413));
#4996 = VECTOR('',#4997,1.);
#4997 = DIRECTION('',(-1.224646799147E-16,-1.,3.491481338843E-15));
#4998 = ORIENTED_EDGE('',*,*,#4999,.T.);
#4999 = EDGE_CURVE('',#4992,#1422,#5000,.T.);
#5000 = CIRCLE('',#5001,0.50799999514);
#5001 = AXIS2_PLACEMENT_3D('',#5002,#5003,#5004);
#5002 = CARTESIAN_POINT('',(-3.047999970843,3.344651260344,
    5.034400098413));
#5003 = DIRECTION('',(7.88860905221E-31,3.491481338843E-15,1.));
#5004 = DIRECTION('',(-0.65,0.759934207679,-2.653296104858E-15));
#5005 = PLANE('',#5006);
#5006 = AXIS2_PLACEMENT_3D('',#5007,#5008,#5009);
#5007 = CARTESIAN_POINT('',(-3.555999965983,3.852651255485,
    5.034400098413));
#5008 = DIRECTION('',(4.275831445897E-31,3.491481338843E-15,1.));
#5009 = DIRECTION('',(-1.,1.224646799147E-16,0.));
#5010 = ADVANCED_FACE('',(#5011),#5037,.F.);
#5011 = FACE_BOUND('',#5012,.T.);
#5012 = EDGE_LOOP('',(#5013,#5021,#5029,#5035,#5036));
#5013 = ORIENTED_EDGE('',*,*,#5014,.F.);
#5014 = EDGE_CURVE('',#5015,#2489,#5017,.T.);
#5015 = VERTEX_POINT('',#5016);
#5016 = CARTESIAN_POINT('',(-2.260599978375,0.576051286829,
    4.018400108132));
#5017 = LINE('',#5018,#5019);
#5018 = CARTESIAN_POINT('',(-2.260599978375,0.576051286829,
    4.018400108132));
#5019 = VECTOR('',#5020,1.);
#5020 = DIRECTION('',(4.275831445897E-31,3.491481338843E-15,1.));
#5021 = ORIENTED_EDGE('',*,*,#5022,.F.);
#5022 = EDGE_CURVE('',#5023,#5015,#5025,.T.);
#5023 = VERTEX_POINT('',#5024);
#5024 = CARTESIAN_POINT('',(-3.149599969871,0.576051286829,
    4.018400108132));
#5025 = LINE('',#5026,#5027);
#5026 = CARTESIAN_POINT('',(-3.149599969871,0.576051286829,
    4.018400108132));
#5027 = VECTOR('',#5028,1.);
#5028 = DIRECTION('',(1.,-1.224646799147E-16,0.));
#5029 = ORIENTED_EDGE('',*,*,#5030,.F.);
#5030 = EDGE_CURVE('',#4977,#5023,#5031,.T.);
#5031 = LINE('',#5032,#5033);
#5032 = CARTESIAN_POINT('',(-3.149599969871,0.576051286829,
    5.034400098413));
#5033 = VECTOR('',#5034,1.);
#5034 = DIRECTION('',(-4.275831445897E-31,-3.491481338843E-15,-1.));
#5035 = ORIENTED_EDGE('',*,*,#4976,.F.);
#5036 = ORIENTED_EDGE('',*,*,#2496,.F.);
#5037 = PLANE('',#5038);
#5038 = AXIS2_PLACEMENT_3D('',#5039,#5040,#5041);
#5039 = CARTESIAN_POINT('',(-2.154092466754E-16,0.576051286829,
    4.018400108132));
#5040 = DIRECTION('',(-1.224646799147E-16,-1.,3.491481338843E-15));
#5041 = DIRECTION('',(-4.275831445897E-31,-3.491481338843E-15,-1.));
#5042 = ADVANCED_FACE('',(#5043),#5055,.T.);
#5043 = FACE_BOUND('',#5044,.T.);
#5044 = EDGE_LOOP('',(#5045,#5051,#5052,#5053,#5054));
#5045 = ORIENTED_EDGE('',*,*,#5046,.F.);
#5046 = EDGE_CURVE('',#5015,#2238,#5047,.T.);
#5047 = LINE('',#5048,#5049);
#5048 = CARTESIAN_POINT('',(-2.260599978375,0.576051286829,
    4.018400108132));
#5049 = VECTOR('',#5050,1.);
#5050 = DIRECTION('',(-1.224646799147E-16,-1.,3.491481338843E-15));
#5051 = ORIENTED_EDGE('',*,*,#5014,.T.);
#5052 = ORIENTED_EDGE('',*,*,#2488,.F.);
#5053 = ORIENTED_EDGE('',*,*,#4956,.F.);
#5054 = ORIENTED_EDGE('',*,*,#2237,.F.);
#5055 = PLANE('',#5056);
#5056 = AXIS2_PLACEMENT_3D('',#5057,#5058,#5059);
#5057 = CARTESIAN_POINT('',(-2.260599978375,0.169651290716,
    4.018400108132));
#5058 = DIRECTION('',(1.,-1.224646799147E-16,0.));
#5059 = DIRECTION('',(1.224646799147E-16,1.,-3.491481338843E-15));
#5060 = ADVANCED_FACE('',(#5061),#5082,.T.);
#5061 = FACE_BOUND('',#5062,.T.);
#5062 = EDGE_LOOP('',(#5063,#5072,#5073,#5074,#5075));
#5063 = ORIENTED_EDGE('',*,*,#5064,.F.);
#5064 = EDGE_CURVE('',#5023,#5065,#5067,.T.);
#5065 = VERTEX_POINT('',#5066);
#5066 = CARTESIAN_POINT('',(-3.149599969871,0.179914974884,
    4.018400108132));
#5067 = B_SPLINE_CURVE_WITH_KNOTS('',3,(#5068,#5069,#5070,#5071),
  .UNSPECIFIED.,.F.,.F.,(4,4),(0.,1.),.PIECEWISE_BEZIER_KNOTS.);
#5068 = CARTESIAN_POINT('',(-3.149599969871,0.576051286829,
    4.018400108132));
#5069 = CARTESIAN_POINT('',(-3.149599969871,0.444005850475,
    4.018388841866));
#5070 = CARTESIAN_POINT('',(-3.149599969871,0.311960414122,4.0183775756)
  );
#5071 = CARTESIAN_POINT('',(-3.149599969871,0.179914974884,
    4.018400108132));
#5072 = ORIENTED_EDGE('',*,*,#5022,.T.);
#5073 = ORIENTED_EDGE('',*,*,#5046,.T.);
#5074 = ORIENTED_EDGE('',*,*,#2263,.F.);
#5075 = ORIENTED_EDGE('',*,*,#5076,.T.);
#5076 = EDGE_CURVE('',#2256,#5065,#5077,.T.);
#5077 = CIRCLE('',#5078,0.50799999514);
#5078 = AXIS2_PLACEMENT_3D('',#5079,#5080,#5081);
#5079 = CARTESIAN_POINT('',(-3.047999970843,0.677651285857,
    4.018400108132));
#5080 = DIRECTION('',(-4.275831445897E-31,-3.491481338843E-15,-1.));
#5081 = DIRECTION('',(-1.224646799147E-16,-1.,3.491481338843E-15));
#5082 = PLANE('',#5083);
#5083 = AXIS2_PLACEMENT_3D('',#5084,#5085,#5086);
#5084 = CARTESIAN_POINT('',(-3.149599969871,0.169651290716,
    4.018400108132));
#5085 = DIRECTION('',(-4.275831445897E-31,-3.491481338843E-15,-1.));
#5086 = DIRECTION('',(-1.224646799147E-16,-1.,3.491481338843E-15));
#5087 = ADVANCED_FACE('',(#5088),#5118,.F.);
#5088 = FACE_BOUND('',#5089,.T.);
#5089 = EDGE_LOOP('',(#5090,#5097,#5098,#5099,#5100,#5101,#5102,#5103,
    #5104,#5105,#5106,#5107,#5108,#5109,#5110,#5111,#5112,#5113,#5114,
    #5115,#5116,#5117));
#5090 = ORIENTED_EDGE('',*,*,#5091,.T.);
#5091 = EDGE_CURVE('',#5065,#3300,#5092,.T.);
#5092 = CIRCLE('',#5093,0.584199994412);
#5093 = AXIS2_PLACEMENT_3D('',#5094,#5095,#5096);
#5094 = CARTESIAN_POINT('',(-3.149599969871,0.169651290716,
    3.434200113721));
#5095 = DIRECTION('',(-1.,1.224646799147E-16,-3.851859888774E-34));
#5096 = DIRECTION('',(2.014709593344E-18,1.645135229804E-02,
    0.999864667346));
#5097 = ORIENTED_EDGE('',*,*,#3299,.T.);
#5098 = ORIENTED_EDGE('',*,*,#3275,.T.);
#5099 = ORIENTED_EDGE('',*,*,#3251,.T.);
#5100 = ORIENTED_EDGE('',*,*,#3226,.T.);
#5101 = ORIENTED_EDGE('',*,*,#3202,.T.);
#5102 = ORIENTED_EDGE('',*,*,#3178,.T.);
#5103 = ORIENTED_EDGE('',*,*,#3161,.T.);
#5104 = ORIENTED_EDGE('',*,*,#3128,.T.);
#5105 = ORIENTED_EDGE('',*,*,#3095,.F.);
#5106 = ORIENTED_EDGE('',*,*,#3073,.F.);
#5107 = ORIENTED_EDGE('',*,*,#2851,.T.);
#5108 = ORIENTED_EDGE('',*,*,#2827,.T.);
#5109 = ORIENTED_EDGE('',*,*,#2803,.T.);
#5110 = ORIENTED_EDGE('',*,*,#2779,.T.);
#5111 = ORIENTED_EDGE('',*,*,#2755,.T.);
#5112 = ORIENTED_EDGE('',*,*,#2731,.T.);
#5113 = ORIENTED_EDGE('',*,*,#3340,.F.);
#5114 = ORIENTED_EDGE('',*,*,#4919,.T.);
#5115 = ORIENTED_EDGE('',*,*,#4984,.F.);
#5116 = ORIENTED_EDGE('',*,*,#5030,.T.);
#5117 = ORIENTED_EDGE('',*,*,#5064,.T.);
#5118 = PLANE('',#5119);
#5119 = AXIS2_PLACEMENT_3D('',#5120,#5121,#5122);
#5120 = CARTESIAN_POINT('',(-3.149599969871,3.852651255485,
    4.018400108132));
#5121 = DIRECTION('',(-1.,1.224646799147E-16,0.));
#5122 = DIRECTION('',(4.275831445897E-31,3.491481338843E-15,1.));
#5123 = ADVANCED_FACE('',(#5124),#5152,.F.);
#5124 = FACE_BOUND('',#5125,.F.);
#5125 = EDGE_LOOP('',(#5126,#5149,#5150,#5151));
#5126 = ORIENTED_EDGE('',*,*,#5127,.F.);
#5127 = EDGE_CURVE('',#5065,#1405,#5128,.T.);
#5128 = B_SPLINE_CURVE_WITH_KNOTS('',3,(#5129,#5130,#5131,#5132,#5133,
    #5134,#5135,#5136,#5137,#5138,#5139,#5140,#5141,#5142,#5143,#5144,
    #5145,#5146,#5147,#5148),.UNSPECIFIED.,.F.,.F.,(4,2,2,2,2,2,2,2,2,4)
  ,(0.,0.125,0.1875,0.25,0.375,0.5,0.625,0.6875,0.75,1.),.UNSPECIFIED.);
#5129 = CARTESIAN_POINT('',(-3.149599969871,0.179914974884,
    4.018400108132));
#5130 = CARTESIAN_POINT('',(-3.183654698401,0.186704823162,
    4.018192483466));
#5131 = CARTESIAN_POINT('',(-3.216350616212,0.196942887714,4.01791899689
    ));
#5132 = CARTESIAN_POINT('',(-3.263403991402,0.217181263162,
    4.016502671058));
#5133 = CARTESIAN_POINT('',(-3.278756699544,0.224740057604,
    4.015857690822));
#5134 = CARTESIAN_POINT('',(-3.308798615319,0.241454383359,
    4.014031662641));
#5135 = CARTESIAN_POINT('',(-3.324651685243,0.251415064797,
    4.012723777276));
#5136 = CARTESIAN_POINT('',(-3.364232470508,0.278786792233,
    4.008412894906));
#5137 = CARTESIAN_POINT('',(-3.388310848664,0.299107426766,
    4.004336877066));
#5138 = CARTESIAN_POINT('',(-3.431849980935,0.343371447989,
    3.992443901896));
#5139 = CARTESIAN_POINT('',(-3.452322780372,0.368812029536,
    3.984006922619));
#5140 = CARTESIAN_POINT('',(-3.484602573915,0.416407817193,
    3.964354566347));
#5141 = CARTESIAN_POINT('',(-3.498444843574,0.441225621667,
    3.952270287223));
#5142 = CARTESIAN_POINT('',(-3.515761807393,0.479106259402,
    3.929924006563));
#5143 = CARTESIAN_POINT('',(-3.520959721888,0.491838753894,
    3.921772455196));
#5144 = CARTESIAN_POINT('',(-3.530206737323,0.51732604203,3.903938143796
    ));
#5145 = CARTESIAN_POINT('',(-3.534685626829,0.531646336459,
    3.892955982392));
#5146 = CARTESIAN_POINT('',(-3.549910154796,0.587100491396,3.84693419967
    ));
#5147 = CARTESIAN_POINT('',(-3.555999965983,0.636573741662,3.79502217696
    ));
#5148 = CARTESIAN_POINT('',(-3.555999965983,0.677651285857,
    3.722688654928));
#5149 = ORIENTED_EDGE('',*,*,#5091,.T.);
#5150 = ORIENTED_EDGE('',*,*,#3307,.T.);
#5151 = ORIENTED_EDGE('',*,*,#1404,.T.);
#5152 = CYLINDRICAL_SURFACE('',#5153,0.584199994412);
#5153 = AXIS2_PLACEMENT_3D('',#5154,#5155,#5156);
#5154 = CARTESIAN_POINT('',(-3.555999965983,0.169651290716,
    3.434200113721));
#5155 = DIRECTION('',(-1.,1.224646799147E-16,0.));
#5156 = DIRECTION('',(4.545582746193E-31,3.711749991392E-15,1.));
#5157 = ADVANCED_FACE('',(#5158),#5165,.T.);
#5158 = FACE_BOUND('',#5159,.T.);
#5159 = EDGE_LOOP('',(#5160,#5161,#5162,#5163,#5164));
#5160 = ORIENTED_EDGE('',*,*,#5076,.F.);
#5161 = ORIENTED_EDGE('',*,*,#2255,.T.);
#5162 = ORIENTED_EDGE('',*,*,#4948,.F.);
#5163 = ORIENTED_EDGE('',*,*,#1413,.F.);
#5164 = ORIENTED_EDGE('',*,*,#5127,.F.);
#5165 = CYLINDRICAL_SURFACE('',#5166,0.50799999514);
#5166 = AXIS2_PLACEMENT_3D('',#5167,#5168,#5169);
#5167 = CARTESIAN_POINT('',(-3.047999970843,0.677651285857,
    -0.790149329008));
#5168 = DIRECTION('',(4.275831445897E-31,3.491481338843E-15,1.));
#5169 = DIRECTION('',(-1.,1.224646799147E-16,0.));
#5170 = ADVANCED_FACE('',(#5171),#5183,.T.);
#5171 = FACE_BOUND('',#5172,.T.);
#5172 = EDGE_LOOP('',(#5173,#5179,#5180,#5181,#5182));
#5173 = ORIENTED_EDGE('',*,*,#5174,.T.);
#5174 = EDGE_CURVE('',#2520,#4574,#5175,.T.);
#5175 = LINE('',#5176,#5177);
#5176 = CARTESIAN_POINT('',(2.260599978375,0.576051286829,5.034400098413
    ));
#5177 = VECTOR('',#5178,1.);
#5178 = DIRECTION('',(-4.275831445897E-31,-3.491481338843E-15,-1.));
#5179 = ORIENTED_EDGE('',*,*,#4573,.F.);
#5180 = ORIENTED_EDGE('',*,*,#2662,.F.);
#5181 = ORIENTED_EDGE('',*,*,#4855,.T.);
#5182 = ORIENTED_EDGE('',*,*,#2527,.T.);
#5183 = PLANE('',#5184);
#5184 = AXIS2_PLACEMENT_3D('',#5185,#5186,#5187);
#5185 = CARTESIAN_POINT('',(2.260599978375,0.169651290716,5.034400098413
    ));
#5186 = DIRECTION('',(-1.,1.224646799147E-16,0.));
#5187 = DIRECTION('',(4.275831445897E-31,3.491481338843E-15,1.));
#5188 = ADVANCED_FACE('',(#5189),#5196,.F.);
#5189 = FACE_BOUND('',#5190,.T.);
#5190 = EDGE_LOOP('',(#5191,#5192,#5193,#5194,#5195));
#5191 = ORIENTED_EDGE('',*,*,#4835,.F.);
#5192 = ORIENTED_EDGE('',*,*,#4672,.T.);
#5193 = ORIENTED_EDGE('',*,*,#4581,.F.);
#5194 = ORIENTED_EDGE('',*,*,#5174,.F.);
#5195 = ORIENTED_EDGE('',*,*,#2519,.F.);
#5196 = PLANE('',#5197);
#5197 = AXIS2_PLACEMENT_3D('',#5198,#5199,#5200);
#5198 = CARTESIAN_POINT('',(3.149599969871,0.576051286829,4.018400108132
    ));
#5199 = DIRECTION('',(-1.224646799147E-16,-1.,3.491481338843E-15));
#5200 = DIRECTION('',(-4.275831445897E-31,-3.491481338843E-15,-1.));
#5201 = ADVANCED_FACE('',(#5202),#5213,.T.);
#5202 = FACE_BOUND('',#5203,.T.);
#5203 = EDGE_LOOP('',(#5204,#5205,#5206,#5212));
#5204 = ORIENTED_EDGE('',*,*,#4927,.T.);
#5205 = ORIENTED_EDGE('',*,*,#3390,.F.);
#5206 = ORIENTED_EDGE('',*,*,#5207,.F.);
#5207 = EDGE_CURVE('',#3723,#3391,#5208,.T.);
#5208 = LINE('',#5209,#5210);
#5209 = CARTESIAN_POINT('',(-2.997199971329,3.852651255485,
    0.360800143121));
#5210 = VECTOR('',#5211,1.);
#5211 = DIRECTION('',(4.275831445897E-31,3.491481338843E-15,1.));
#5212 = ORIENTED_EDGE('',*,*,#3722,.T.);
#5213 = PLANE('',#5214);
#5214 = AXIS2_PLACEMENT_3D('',#5215,#5216,#5217);
#5215 = CARTESIAN_POINT('',(-2.997199971329,3.852651255485,
    0.360800143121));
#5216 = DIRECTION('',(-1.,1.224646799147E-16,0.));
#5217 = DIRECTION('',(4.275831445897E-31,3.491481338843E-15,1.));
#5218 = ADVANCED_FACE('',(#5219),#5248,.F.);
#5219 = FACE_BOUND('',#5220,.F.);
#5220 = EDGE_LOOP('',(#5221,#5238,#5245,#5246,#5247));
#5221 = ORIENTED_EDGE('',*,*,#5222,.F.);
#5222 = EDGE_CURVE('',#5223,#4992,#5225,.T.);
#5223 = VERTEX_POINT('',#5224);
#5224 = CARTESIAN_POINT('',(-3.047999970843,3.852651255485,
    5.225323901339));
#5225 = B_SPLINE_CURVE_WITH_KNOTS('',3,(#5226,#5227,#5228,#5229,#5230,
    #5231,#5232,#5233,#5234,#5235,#5236,#5237),.UNSPECIFIED.,.F.,.F.,(4,
    2,2,2,2,4),(0.,0.25,0.375,0.4375,0.5,1.),.UNSPECIFIED.);
#5226 = CARTESIAN_POINT('',(-3.047999970843,3.852651255485,
    5.225323901339));
#5227 = CARTESIAN_POINT('',(-3.069285833569,3.852651255485,
    5.188346141641));
#5228 = CARTESIAN_POINT('',(-3.094799804571,3.850780698544,
    5.158335389085));
#5229 = CARTESIAN_POINT('',(-3.133684945517,3.845169027722,
    5.122684139119));
#5230 = CARTESIAN_POINT('',(-3.146771159314,3.842830831547,
    5.112334869575));
#5231 = CARTESIAN_POINT('',(-3.166074174969,3.838622078431,
    5.098816216471));
#5232 = CARTESIAN_POINT('',(-3.172455544443,3.837102250916,
    5.094643497769));
#5233 = CARTESIAN_POINT('',(-3.185043119547,3.83382877627,5.086909616624
    ));
#5234 = CARTESIAN_POINT('',(-3.189604170821,3.832580525402,
    5.084235721241));
#5235 = CARTESIAN_POINT('',(-3.259212534374,3.811196946569,
    5.046692830769));
#5236 = CARTESIAN_POINT('',(-3.322864832554,3.778028033887,
    5.034400098413));
#5237 = CARTESIAN_POINT('',(-3.378199967684,3.730697834152,
    5.034400098413));
#5238 = ORIENTED_EDGE('',*,*,#5239,.T.);
#5239 = EDGE_CURVE('',#5223,#2702,#5240,.T.);
#5240 = CIRCLE('',#5241,0.380999996355);
#5241 = AXIS2_PLACEMENT_3D('',#5242,#5243,#5244);
#5242 = CARTESIAN_POINT('',(-3.378199967684,3.852651255485,
    5.415400094769));
#5243 = DIRECTION('',(-1.224646799147E-16,-1.,3.491481338843E-15));
#5244 = DIRECTION('',(0.866666666667,-1.847992981561E-15,-0.49888765157)
  );
#5245 = ORIENTED_EDGE('',*,*,#2709,.T.);
#5246 = ORIENTED_EDGE('',*,*,#4902,.F.);
#5247 = ORIENTED_EDGE('',*,*,#4991,.F.);
#5248 = CYLINDRICAL_SURFACE('',#5249,0.380999996355);
#5249 = AXIS2_PLACEMENT_3D('',#5250,#5251,#5252);
#5250 = CARTESIAN_POINT('',(-3.378199967684,3.852651255485,
    5.415400094769));
#5251 = DIRECTION('',(1.224646799147E-16,1.,-3.491481338843E-15));
#5252 = DIRECTION('',(-1.,1.224646799147E-16,0.));
#5253 = ADVANCED_FACE('',(#5254),#5267,.T.);
#5254 = FACE_BOUND('',#5255,.T.);
#5255 = EDGE_LOOP('',(#5256,#5262,#5263,#5264,#5265,#5266));
#5256 = ORIENTED_EDGE('',*,*,#5257,.F.);
#5257 = EDGE_CURVE('',#3364,#5223,#5258,.T.);
#5258 = LINE('',#5259,#5260);
#5259 = CARTESIAN_POINT('',(-3.047999970843,3.852651255485,
    1.643076326103));
#5260 = VECTOR('',#5261,1.);
#5261 = DIRECTION('',(4.275831445897E-31,3.491481338843E-15,1.));
#5262 = ORIENTED_EDGE('',*,*,#3363,.F.);
#5263 = ORIENTED_EDGE('',*,*,#3348,.F.);
#5264 = ORIENTED_EDGE('',*,*,#1429,.T.);
#5265 = ORIENTED_EDGE('',*,*,#4999,.F.);
#5266 = ORIENTED_EDGE('',*,*,#5222,.F.);
#5267 = CYLINDRICAL_SURFACE('',#5268,0.50799999514);
#5268 = AXIS2_PLACEMENT_3D('',#5269,#5270,#5271);
#5269 = CARTESIAN_POINT('',(-3.047999970843,3.344651260344,0.32797955016
    ));
#5270 = DIRECTION('',(4.275831445897E-31,3.491481338843E-15,1.));
#5271 = DIRECTION('',(1.224646799147E-16,1.,-3.491481338843E-15));
#5272 = ADVANCED_FACE('',(#5273),#5309,.T.);
#5273 = FACE_BOUND('',#5274,.T.);
#5274 = EDGE_LOOP('',(#5275,#5285,#5294,#5302));
#5275 = ORIENTED_EDGE('',*,*,#5276,.F.);
#5276 = EDGE_CURVE('',#5277,#5279,#5281,.T.);
#5277 = VERTEX_POINT('',#5278);
#5278 = CARTESIAN_POINT('',(2.539999975702,3.852651255485,1.948300127935
    ));
#5279 = VERTEX_POINT('',#5280);
#5280 = CARTESIAN_POINT('',(2.539999975702,4.106651253055,1.948300127935
    ));
#5281 = LINE('',#5282,#5283);
#5282 = CARTESIAN_POINT('',(2.539999975702,3.852651255485,1.948300127935
    ));
#5283 = VECTOR('',#5284,1.);
#5284 = DIRECTION('',(1.224646799147E-16,1.,2.377251506797E-09));
#5285 = ORIENTED_EDGE('',*,*,#5286,.T.);
#5286 = EDGE_CURVE('',#5277,#5287,#5289,.T.);
#5287 = VERTEX_POINT('',#5288);
#5288 = CARTESIAN_POINT('',(1.600199984692,3.852651255485,1.948300127935
    ));
#5289 = CIRCLE('',#5290,0.469899995505);
#5290 = AXIS2_PLACEMENT_3D('',#5291,#5292,#5293);
#5291 = CARTESIAN_POINT('',(2.070099980197,3.852651255485,1.948300127935
    ));
#5292 = DIRECTION('',(1.224646799147E-16,1.,-3.491481338843E-15));
#5293 = DIRECTION('',(1.,-1.224646799147E-16,0.));
#5294 = ORIENTED_EDGE('',*,*,#5295,.T.);
#5295 = EDGE_CURVE('',#5287,#5296,#5298,.T.);
#5296 = VERTEX_POINT('',#5297);
#5297 = CARTESIAN_POINT('',(1.600199984692,4.106651253055,1.948300127935
    ));
#5298 = LINE('',#5299,#5300);
#5299 = CARTESIAN_POINT('',(1.600199984692,3.852651255485,1.948300127935
    ));
#5300 = VECTOR('',#5301,1.);
#5301 = DIRECTION('',(1.224646799147E-16,1.,-2.377261986524E-09));
#5302 = ORIENTED_EDGE('',*,*,#5303,.F.);
#5303 = EDGE_CURVE('',#5279,#5296,#5304,.T.);
#5304 = CIRCLE('',#5305,0.469899995505);
#5305 = AXIS2_PLACEMENT_3D('',#5306,#5307,#5308);
#5306 = CARTESIAN_POINT('',(2.070099980197,4.106651253055,1.948300127935
    ));
#5307 = DIRECTION('',(1.224646799147E-16,1.,-3.491481338843E-15));
#5308 = DIRECTION('',(1.,-1.224646799147E-16,0.));
#5309 = CYLINDRICAL_SURFACE('',#5310,0.469899995505);
#5310 = AXIS2_PLACEMENT_3D('',#5311,#5312,#5313);
#5311 = CARTESIAN_POINT('',(2.070099980197,3.852651255485,1.948300127935
    ));
#5312 = DIRECTION('',(1.224646799147E-16,1.,-3.491481338843E-15));
#5313 = DIRECTION('',(-1.,1.224646799147E-16,0.));
#5314 = ADVANCED_FACE('',(#5315),#5333,.T.);
#5315 = FACE_BOUND('',#5316,.T.);
#5316 = EDGE_LOOP('',(#5317,#5318,#5325,#5326));
#5317 = ORIENTED_EDGE('',*,*,#5295,.F.);
#5318 = ORIENTED_EDGE('',*,*,#5319,.T.);
#5319 = EDGE_CURVE('',#5287,#5277,#5320,.T.);
#5320 = CIRCLE('',#5321,0.469899995505);
#5321 = AXIS2_PLACEMENT_3D('',#5322,#5323,#5324);
#5322 = CARTESIAN_POINT('',(2.070099980197,3.852651255485,1.948300127935
    ));
#5323 = DIRECTION('',(1.224646799147E-16,1.,-3.491481338843E-15));
#5324 = DIRECTION('',(-1.,1.224646799147E-16,0.));
#5325 = ORIENTED_EDGE('',*,*,#5276,.T.);
#5326 = ORIENTED_EDGE('',*,*,#5327,.F.);
#5327 = EDGE_CURVE('',#5296,#5279,#5328,.T.);
#5328 = CIRCLE('',#5329,0.469899995505);
#5329 = AXIS2_PLACEMENT_3D('',#5330,#5331,#5332);
#5330 = CARTESIAN_POINT('',(2.070099980197,4.106651253055,1.948300127935
    ));
#5331 = DIRECTION('',(1.224646799147E-16,1.,-3.491481338843E-15));
#5332 = DIRECTION('',(-1.,1.224646799147E-16,0.));
#5333 = CYLINDRICAL_SURFACE('',#5334,0.469899995505);
#5334 = AXIS2_PLACEMENT_3D('',#5335,#5336,#5337);
#5335 = CARTESIAN_POINT('',(2.070099980197,3.852651255485,1.948300127935
    ));
#5336 = DIRECTION('',(1.224646799147E-16,1.,-3.491481338843E-15));
#5337 = DIRECTION('',(-1.,1.224646799147E-16,0.));
#5338 = ADVANCED_FACE('',(#5339),#5367,.T.);
#5339 = FACE_BOUND('',#5340,.T.);
#5340 = EDGE_LOOP('',(#5341,#5350,#5351,#5360));
#5341 = ORIENTED_EDGE('',*,*,#5342,.T.);
#5342 = EDGE_CURVE('',#5343,#5296,#5345,.T.);
#5343 = VERTEX_POINT('',#5344);
#5344 = CARTESIAN_POINT('',(1.651000655459,4.157451252565,1.948300127935
    ));
#5345 = CIRCLE('',#5346,5.079999951405E-02);
#5346 = AXIS2_PLACEMENT_3D('',#5347,#5348,#5349);
#5347 = CARTESIAN_POINT('',(1.650999984206,4.106651253055,1.948300127935
    ));
#5348 = DIRECTION('',(4.275831445896E-31,3.491481338843E-15,1.));
#5349 = DIRECTION('',(5.635661133732E-13,1.,-3.491481338843E-15));
#5350 = ORIENTED_EDGE('',*,*,#5327,.T.);
#5351 = ORIENTED_EDGE('',*,*,#5352,.F.);
#5352 = EDGE_CURVE('',#5353,#5279,#5355,.T.);
#5353 = VERTEX_POINT('',#5354);
#5354 = CARTESIAN_POINT('',(2.489199304935,4.157451252565,1.948300127935
    ));
#5355 = CIRCLE('',#5356,5.079999951405E-02);
#5356 = AXIS2_PLACEMENT_3D('',#5357,#5358,#5359);
#5357 = CARTESIAN_POINT('',(2.489199976188,4.106651253055,1.948300127935
    ));
#5358 = DIRECTION('',(-4.275831445896E-31,-3.491481338843E-15,-1.));
#5359 = DIRECTION('',(-5.633211840133E-13,1.,-3.491481338843E-15));
#5360 = ORIENTED_EDGE('',*,*,#5361,.F.);
#5361 = EDGE_CURVE('',#5343,#5353,#5362,.T.);
#5362 = CIRCLE('',#5363,0.419099324737);
#5363 = AXIS2_PLACEMENT_3D('',#5364,#5365,#5366);
#5364 = CARTESIAN_POINT('',(2.070099980197,4.157451252565,1.948300127935
    ));
#5365 = DIRECTION('',(1.224646799147E-16,1.,-3.491481338843E-15));
#5366 = DIRECTION('',(-1.,1.224646799147E-16,0.));
#5367 = TOROIDAL_SURFACE('',#5368,0.419099995991,5.079999951405E-02);
#5368 = AXIS2_PLACEMENT_3D('',#5369,#5370,#5371);
#5369 = CARTESIAN_POINT('',(2.070099980197,4.106651253055,1.948300127935
    ));
#5370 = DIRECTION('',(1.224646799147E-16,1.,-3.491481338843E-15));
#5371 = DIRECTION('',(-0.998478696232,-7.023790427054E-17,
    -5.51388535475E-02));
#5372 = ADVANCED_FACE('',(#5373),#5385,.T.);
#5373 = FACE_BOUND('',#5374,.T.);
#5374 = EDGE_LOOP('',(#5375,#5376,#5377,#5378));
#5375 = ORIENTED_EDGE('',*,*,#5352,.T.);
#5376 = ORIENTED_EDGE('',*,*,#5303,.T.);
#5377 = ORIENTED_EDGE('',*,*,#5342,.F.);
#5378 = ORIENTED_EDGE('',*,*,#5379,.F.);
#5379 = EDGE_CURVE('',#5353,#5343,#5380,.T.);
#5380 = CIRCLE('',#5381,0.419099324737);
#5381 = AXIS2_PLACEMENT_3D('',#5382,#5383,#5384);
#5382 = CARTESIAN_POINT('',(2.070099980197,4.157451252565,1.948300127935
    ));
#5383 = DIRECTION('',(1.224646799147E-16,1.,-3.491481338843E-15));
#5384 = DIRECTION('',(1.,-1.224646799147E-16,0.));
#5385 = TOROIDAL_SURFACE('',#5386,0.419099995991,5.079999951405E-02);
#5386 = AXIS2_PLACEMENT_3D('',#5387,#5388,#5389);
#5387 = CARTESIAN_POINT('',(2.070099980197,4.106651253055,1.948300127935
    ));
#5388 = DIRECTION('',(1.224646799147E-16,1.,-3.491481338843E-15));
#5389 = DIRECTION('',(0.998478696232,7.023790427054E-17,
    5.51388535475E-02));
#5390 = ADVANCED_FACE('',(#5391),#5427,.T.);
#5391 = FACE_BOUND('',#5392,.T.);
#5392 = EDGE_LOOP('',(#5393,#5403,#5412,#5420));
#5393 = ORIENTED_EDGE('',*,*,#5394,.F.);
#5394 = EDGE_CURVE('',#5395,#5397,#5399,.T.);
#5395 = VERTEX_POINT('',#5396);
#5396 = CARTESIAN_POINT('',(-1.600199984692,3.852651255485,
    1.948300127935));
#5397 = VERTEX_POINT('',#5398);
#5398 = CARTESIAN_POINT('',(-1.600199984692,4.106651253055,
    1.948300127935));
#5399 = LINE('',#5400,#5401);
#5400 = CARTESIAN_POINT('',(-1.600199984692,3.852651255485,
    1.948300127935));
#5401 = VECTOR('',#5402,1.);
#5402 = DIRECTION('',(1.224646799147E-16,1.,2.37725325518E-09));
#5403 = ORIENTED_EDGE('',*,*,#5404,.T.);
#5404 = EDGE_CURVE('',#5395,#5405,#5407,.T.);
#5405 = VERTEX_POINT('',#5406);
#5406 = CARTESIAN_POINT('',(-2.539999975702,3.852651255485,
    1.948300127935));
#5407 = CIRCLE('',#5408,0.469899995505);
#5408 = AXIS2_PLACEMENT_3D('',#5409,#5410,#5411);
#5409 = CARTESIAN_POINT('',(-2.070099980197,3.852651255485,
    1.948300127935));
#5410 = DIRECTION('',(1.224646799147E-16,1.,-3.491481338843E-15));
#5411 = DIRECTION('',(1.,-1.224646799147E-16,0.));
#5412 = ORIENTED_EDGE('',*,*,#5413,.T.);
#5413 = EDGE_CURVE('',#5405,#5414,#5416,.T.);
#5414 = VERTEX_POINT('',#5415);
#5415 = CARTESIAN_POINT('',(-2.539999975702,4.106651253055,
    1.948300127935));
#5416 = LINE('',#5417,#5418);
#5417 = CARTESIAN_POINT('',(-2.539999975702,3.852651255485,
    1.948300127935));
#5418 = VECTOR('',#5419,1.);
#5419 = DIRECTION('',(1.224646799147E-16,1.,-2.377261986524E-09));
#5420 = ORIENTED_EDGE('',*,*,#5421,.F.);
#5421 = EDGE_CURVE('',#5397,#5414,#5422,.T.);
#5422 = CIRCLE('',#5423,0.469899995505);
#5423 = AXIS2_PLACEMENT_3D('',#5424,#5425,#5426);
#5424 = CARTESIAN_POINT('',(-2.070099980197,4.106651253055,
    1.948300127935));
#5425 = DIRECTION('',(1.224646799147E-16,1.,-3.491481338843E-15));
#5426 = DIRECTION('',(1.,-1.224646799147E-16,0.));
#5427 = CYLINDRICAL_SURFACE('',#5428,0.469899995505);
#5428 = AXIS2_PLACEMENT_3D('',#5429,#5430,#5431);
#5429 = CARTESIAN_POINT('',(-2.070099980197,3.852651255485,
    1.948300127935));
#5430 = DIRECTION('',(1.224646799147E-16,1.,-3.491481338843E-15));
#5431 = DIRECTION('',(-1.,1.224646799147E-16,0.));
#5432 = ADVANCED_FACE('',(#5433),#5451,.T.);
#5433 = FACE_BOUND('',#5434,.T.);
#5434 = EDGE_LOOP('',(#5435,#5436,#5443,#5444));
#5435 = ORIENTED_EDGE('',*,*,#5413,.F.);
#5436 = ORIENTED_EDGE('',*,*,#5437,.T.);
#5437 = EDGE_CURVE('',#5405,#5395,#5438,.T.);
#5438 = CIRCLE('',#5439,0.469899995505);
#5439 = AXIS2_PLACEMENT_3D('',#5440,#5441,#5442);
#5440 = CARTESIAN_POINT('',(-2.070099980197,3.852651255485,
    1.948300127935));
#5441 = DIRECTION('',(1.224646799147E-16,1.,-3.491481338843E-15));
#5442 = DIRECTION('',(-1.,1.224646799147E-16,0.));
#5443 = ORIENTED_EDGE('',*,*,#5394,.T.);
#5444 = ORIENTED_EDGE('',*,*,#5445,.F.);
#5445 = EDGE_CURVE('',#5414,#5397,#5446,.T.);
#5446 = CIRCLE('',#5447,0.469899995505);
#5447 = AXIS2_PLACEMENT_3D('',#5448,#5449,#5450);
#5448 = CARTESIAN_POINT('',(-2.070099980197,4.106651253055,
    1.948300127935));
#5449 = DIRECTION('',(1.224646799147E-16,1.,-3.491481338843E-15));
#5450 = DIRECTION('',(-1.,1.224646799147E-16,0.));
#5451 = CYLINDRICAL_SURFACE('',#5452,0.469899995505);
#5452 = AXIS2_PLACEMENT_3D('',#5453,#5454,#5455);
#5453 = CARTESIAN_POINT('',(-2.070099980197,3.852651255485,
    1.948300127935));
#5454 = DIRECTION('',(1.224646799147E-16,1.,-3.491481338843E-15));
#5455 = DIRECTION('',(-1.,1.224646799147E-16,0.));
#5456 = ADVANCED_FACE('',(#5457),#5485,.T.);
#5457 = FACE_BOUND('',#5458,.T.);
#5458 = EDGE_LOOP('',(#5459,#5468,#5469,#5478));
#5459 = ORIENTED_EDGE('',*,*,#5460,.T.);
#5460 = EDGE_CURVE('',#5461,#5414,#5463,.T.);
#5461 = VERTEX_POINT('',#5462);
#5462 = CARTESIAN_POINT('',(-2.489199304935,4.157451252565,
    1.948300127935));
#5463 = CIRCLE('',#5464,5.079999951405E-02);
#5464 = AXIS2_PLACEMENT_3D('',#5465,#5466,#5467);
#5465 = CARTESIAN_POINT('',(-2.489199976188,4.106651253055,
    1.948300127935));
#5466 = DIRECTION('',(4.275831445896E-31,3.491481338843E-15,1.));
#5467 = DIRECTION('',(5.635661133732E-13,1.,-3.491481338843E-15));
#5468 = ORIENTED_EDGE('',*,*,#5445,.T.);
#5469 = ORIENTED_EDGE('',*,*,#5470,.F.);
#5470 = EDGE_CURVE('',#5471,#5397,#5473,.T.);
#5471 = VERTEX_POINT('',#5472);
#5472 = CARTESIAN_POINT('',(-1.651000655459,4.157451252565,
    1.948300127935));
#5473 = CIRCLE('',#5474,5.079999951405E-02);
#5474 = AXIS2_PLACEMENT_3D('',#5475,#5476,#5477);
#5475 = CARTESIAN_POINT('',(-1.650999984206,4.106651253055,
    1.948300127935));
#5476 = DIRECTION('',(-4.275831445896E-31,-3.491481338843E-15,-1.));
#5477 = DIRECTION('',(-5.547841590331E-13,1.,-3.491481338843E-15));
#5478 = ORIENTED_EDGE('',*,*,#5479,.F.);
#5479 = EDGE_CURVE('',#5461,#5471,#5480,.T.);
#5480 = CIRCLE('',#5481,0.419099324737);
#5481 = AXIS2_PLACEMENT_3D('',#5482,#5483,#5484);
#5482 = CARTESIAN_POINT('',(-2.070099980197,4.157451252565,
    1.948300127935));
#5483 = DIRECTION('',(1.224646799147E-16,1.,-3.491481338843E-15));
#5484 = DIRECTION('',(-1.,1.224646799147E-16,0.));
#5485 = TOROIDAL_SURFACE('',#5486,0.419099995991,5.079999951405E-02);
#5486 = AXIS2_PLACEMENT_3D('',#5487,#5488,#5489);
#5487 = CARTESIAN_POINT('',(-2.070099980197,4.106651253055,
    1.948300127935));
#5488 = DIRECTION('',(1.224646799147E-16,1.,-3.491481338843E-15));
#5489 = DIRECTION('',(-0.998478696232,-7.023790427054E-17,
    -5.51388535475E-02));
#5490 = ADVANCED_FACE('',(#5491),#5503,.T.);
#5491 = FACE_BOUND('',#5492,.T.);
#5492 = EDGE_LOOP('',(#5493,#5494,#5495,#5496));
#5493 = ORIENTED_EDGE('',*,*,#5470,.T.);
#5494 = ORIENTED_EDGE('',*,*,#5421,.T.);
#5495 = ORIENTED_EDGE('',*,*,#5460,.F.);
#5496 = ORIENTED_EDGE('',*,*,#5497,.F.);
#5497 = EDGE_CURVE('',#5471,#5461,#5498,.T.);
#5498 = CIRCLE('',#5499,0.419099324737);
#5499 = AXIS2_PLACEMENT_3D('',#5500,#5501,#5502);
#5500 = CARTESIAN_POINT('',(-2.070099980197,4.157451252565,
    1.948300127935));
#5501 = DIRECTION('',(1.224646799147E-16,1.,-3.491481338843E-15));
#5502 = DIRECTION('',(1.,-1.224646799147E-16,0.));
#5503 = TOROIDAL_SURFACE('',#5504,0.419099995991,5.079999951405E-02);
#5504 = AXIS2_PLACEMENT_3D('',#5505,#5506,#5507);
#5505 = CARTESIAN_POINT('',(-2.070099980197,4.106651253055,
    1.948300127935));
#5506 = DIRECTION('',(1.224646799147E-16,1.,-3.491481338843E-15));
#5507 = DIRECTION('',(0.998478696232,7.023790427054E-17,
    5.51388535475E-02));
#5508 = ADVANCED_FACE('',(#5509),#5545,.T.);
#5509 = FACE_BOUND('',#5510,.T.);
#5510 = EDGE_LOOP('',(#5511,#5521,#5530,#5538));
#5511 = ORIENTED_EDGE('',*,*,#5512,.F.);
#5512 = EDGE_CURVE('',#5513,#5515,#5517,.T.);
#5513 = VERTEX_POINT('',#5514);
#5514 = CARTESIAN_POINT('',(-1.600199984692,3.852651255485,6.08850008833
    ));
#5515 = VERTEX_POINT('',#5516);
#5516 = CARTESIAN_POINT('',(-1.600199984692,4.106651253055,6.08850008833
    ));
#5517 = LINE('',#5518,#5519);
#5518 = CARTESIAN_POINT('',(-1.600199984692,3.852651255485,6.08850008833
    ));
#5519 = VECTOR('',#5520,1.);
#5520 = DIRECTION('',(1.224646799147E-16,1.,2.377255003562E-09));
#5521 = ORIENTED_EDGE('',*,*,#5522,.T.);
#5522 = EDGE_CURVE('',#5513,#5523,#5525,.T.);
#5523 = VERTEX_POINT('',#5524);
#5524 = CARTESIAN_POINT('',(-2.539999975702,3.852651255485,6.08850008833
    ));
#5525 = CIRCLE('',#5526,0.469899995505);
#5526 = AXIS2_PLACEMENT_3D('',#5527,#5528,#5529);
#5527 = CARTESIAN_POINT('',(-2.070099980197,3.852651255485,6.08850008833
    ));
#5528 = DIRECTION('',(1.224646799147E-16,1.,-3.491481338843E-15));
#5529 = DIRECTION('',(1.,-1.224646799147E-16,0.));
#5530 = ORIENTED_EDGE('',*,*,#5531,.T.);
#5531 = EDGE_CURVE('',#5523,#5532,#5534,.T.);
#5532 = VERTEX_POINT('',#5533);
#5533 = CARTESIAN_POINT('',(-2.539999975702,4.106651253055,6.08850008833
    ));
#5534 = LINE('',#5535,#5536);
#5535 = CARTESIAN_POINT('',(-2.539999975702,3.852651255485,6.08850008833
    ));
#5536 = VECTOR('',#5537,1.);
#5537 = DIRECTION('',(1.224646799147E-16,1.,-2.377260238142E-09));
#5538 = ORIENTED_EDGE('',*,*,#5539,.F.);
#5539 = EDGE_CURVE('',#5515,#5532,#5540,.T.);
#5540 = CIRCLE('',#5541,0.469899995505);
#5541 = AXIS2_PLACEMENT_3D('',#5542,#5543,#5544);
#5542 = CARTESIAN_POINT('',(-2.070099980197,4.106651253055,6.08850008833
    ));
#5543 = DIRECTION('',(1.224646799147E-16,1.,-3.491481338843E-15));
#5544 = DIRECTION('',(1.,-1.224646799147E-16,0.));
#5545 = CYLINDRICAL_SURFACE('',#5546,0.469899995505);
#5546 = AXIS2_PLACEMENT_3D('',#5547,#5548,#5549);
#5547 = CARTESIAN_POINT('',(-2.070099980197,3.852651255485,6.08850008833
    ));
#5548 = DIRECTION('',(1.224646799147E-16,1.,-3.491481338843E-15));
#5549 = DIRECTION('',(-1.,1.224646799147E-16,0.));
#5550 = ADVANCED_FACE('',(#5551),#5579,.T.);
#5551 = FACE_BOUND('',#5552,.T.);
#5552 = EDGE_LOOP('',(#5553,#5562,#5563,#5572));
#5553 = ORIENTED_EDGE('',*,*,#5554,.T.);
#5554 = EDGE_CURVE('',#5555,#5515,#5557,.T.);
#5555 = VERTEX_POINT('',#5556);
#5556 = CARTESIAN_POINT('',(-1.651000655459,4.157451252565,6.08850008833
    ));
#5557 = CIRCLE('',#5558,5.079999951405E-02);
#5558 = AXIS2_PLACEMENT_3D('',#5559,#5560,#5561);
#5559 = CARTESIAN_POINT('',(-1.650999984206,4.106651253055,6.08850008833
    ));
#5560 = DIRECTION('',(-4.275831445896E-31,-3.491481338843E-15,-1.));
#5561 = DIRECTION('',(-5.547841590331E-13,1.,-3.491481338843E-15));
#5562 = ORIENTED_EDGE('',*,*,#5539,.T.);
#5563 = ORIENTED_EDGE('',*,*,#5564,.F.);
#5564 = EDGE_CURVE('',#5565,#5532,#5567,.T.);
#5565 = VERTEX_POINT('',#5566);
#5566 = CARTESIAN_POINT('',(-2.489199304935,4.157451252565,6.08850008833
    ));
#5567 = CIRCLE('',#5568,5.079999951405E-02);
#5568 = AXIS2_PLACEMENT_3D('',#5569,#5570,#5571);
#5569 = CARTESIAN_POINT('',(-2.489199976188,4.106651253055,6.08850008833
    ));
#5570 = DIRECTION('',(4.275831445896E-31,3.491481338843E-15,1.));
#5571 = DIRECTION('',(5.635661133732E-13,1.,-3.491481338843E-15));
#5572 = ORIENTED_EDGE('',*,*,#5573,.F.);
#5573 = EDGE_CURVE('',#5555,#5565,#5574,.T.);
#5574 = CIRCLE('',#5575,0.419099324737);
#5575 = AXIS2_PLACEMENT_3D('',#5576,#5577,#5578);
#5576 = CARTESIAN_POINT('',(-2.070099980197,4.157451252565,6.08850008833
    ));
#5577 = DIRECTION('',(1.224646799147E-16,1.,-3.491481338843E-15));
#5578 = DIRECTION('',(1.,-1.224646799147E-16,0.));
#5579 = TOROIDAL_SURFACE('',#5580,0.419099995991,5.079999951405E-02);
#5580 = AXIS2_PLACEMENT_3D('',#5581,#5582,#5583);
#5581 = CARTESIAN_POINT('',(-2.070099980197,4.106651253055,6.08850008833
    ));
#5582 = DIRECTION('',(1.224646799147E-16,1.,-3.491481338843E-15));
#5583 = DIRECTION('',(0.998478696232,7.023790427054E-17,
    5.51388535475E-02));
#5584 = ADVANCED_FACE('',(#5585),#5621,.T.);
#5585 = FACE_BOUND('',#5586,.T.);
#5586 = EDGE_LOOP('',(#5587,#5597,#5606,#5614));
#5587 = ORIENTED_EDGE('',*,*,#5588,.F.);
#5588 = EDGE_CURVE('',#5589,#5591,#5593,.T.);
#5589 = VERTEX_POINT('',#5590);
#5590 = CARTESIAN_POINT('',(2.539999975702,3.852651255485,6.08850008833)
  );
#5591 = VERTEX_POINT('',#5592);
#5592 = CARTESIAN_POINT('',(2.539999975702,4.106651253055,6.08850008833)
  );
#5593 = LINE('',#5594,#5595);
#5594 = CARTESIAN_POINT('',(2.539999975702,3.852651255485,6.08850008833)
  );
#5595 = VECTOR('',#5596,1.);
#5596 = DIRECTION('',(1.224646799147E-16,1.,2.37725325518E-09));
#5597 = ORIENTED_EDGE('',*,*,#5598,.T.);
#5598 = EDGE_CURVE('',#5589,#5599,#5601,.T.);
#5599 = VERTEX_POINT('',#5600);
#5600 = CARTESIAN_POINT('',(1.600199984692,3.852651255485,6.08850008833)
  );
#5601 = CIRCLE('',#5602,0.469899995505);
#5602 = AXIS2_PLACEMENT_3D('',#5603,#5604,#5605);
#5603 = CARTESIAN_POINT('',(2.070099980197,3.852651255485,6.08850008833)
  );
#5604 = DIRECTION('',(1.224646799147E-16,1.,-3.491481338843E-15));
#5605 = DIRECTION('',(1.,-1.224646799147E-16,0.));
#5606 = ORIENTED_EDGE('',*,*,#5607,.T.);
#5607 = EDGE_CURVE('',#5599,#5608,#5610,.T.);
#5608 = VERTEX_POINT('',#5609);
#5609 = CARTESIAN_POINT('',(1.600199984692,4.106651253055,6.08850008833)
  );
#5610 = LINE('',#5611,#5612);
#5611 = CARTESIAN_POINT('',(1.600199984692,3.852651255485,6.08850008833)
  );
#5612 = VECTOR('',#5613,1.);
#5613 = DIRECTION('',(1.224646799147E-16,1.,-2.377258489759E-09));
#5614 = ORIENTED_EDGE('',*,*,#5615,.F.);
#5615 = EDGE_CURVE('',#5591,#5608,#5616,.T.);
#5616 = CIRCLE('',#5617,0.469899995505);
#5617 = AXIS2_PLACEMENT_3D('',#5618,#5619,#5620);
#5618 = CARTESIAN_POINT('',(2.070099980197,4.106651253055,6.08850008833)
  );
#5619 = DIRECTION('',(1.224646799147E-16,1.,-3.491481338843E-15));
#5620 = DIRECTION('',(1.,-1.224646799147E-16,0.));
#5621 = CYLINDRICAL_SURFACE('',#5622,0.469899995505);
#5622 = AXIS2_PLACEMENT_3D('',#5623,#5624,#5625);
#5623 = CARTESIAN_POINT('',(2.070099980197,3.852651255485,6.08850008833)
  );
#5624 = DIRECTION('',(1.224646799147E-16,1.,-3.491481338843E-15));
#5625 = DIRECTION('',(-1.,1.224646799147E-16,0.));
#5626 = ADVANCED_FACE('',(#5627),#5645,.T.);
#5627 = FACE_BOUND('',#5628,.T.);
#5628 = EDGE_LOOP('',(#5629,#5630,#5637,#5638));
#5629 = ORIENTED_EDGE('',*,*,#5607,.F.);
#5630 = ORIENTED_EDGE('',*,*,#5631,.T.);
#5631 = EDGE_CURVE('',#5599,#5589,#5632,.T.);
#5632 = CIRCLE('',#5633,0.469899995505);
#5633 = AXIS2_PLACEMENT_3D('',#5634,#5635,#5636);
#5634 = CARTESIAN_POINT('',(2.070099980197,3.852651255485,6.08850008833)
  );
#5635 = DIRECTION('',(1.224646799147E-16,1.,-3.491481338843E-15));
#5636 = DIRECTION('',(-1.,1.224646799147E-16,0.));
#5637 = ORIENTED_EDGE('',*,*,#5588,.T.);
#5638 = ORIENTED_EDGE('',*,*,#5639,.F.);
#5639 = EDGE_CURVE('',#5608,#5591,#5640,.T.);
#5640 = CIRCLE('',#5641,0.469899995505);
#5641 = AXIS2_PLACEMENT_3D('',#5642,#5643,#5644);
#5642 = CARTESIAN_POINT('',(2.070099980197,4.106651253055,6.08850008833)
  );
#5643 = DIRECTION('',(1.224646799147E-16,1.,-3.491481338843E-15));
#5644 = DIRECTION('',(-1.,1.224646799147E-16,0.));
#5645 = CYLINDRICAL_SURFACE('',#5646,0.469899995505);
#5646 = AXIS2_PLACEMENT_3D('',#5647,#5648,#5649);
#5647 = CARTESIAN_POINT('',(2.070099980197,3.852651255485,6.08850008833)
  );
#5648 = DIRECTION('',(1.224646799147E-16,1.,-3.491481338843E-15));
#5649 = DIRECTION('',(-1.,1.224646799147E-16,0.));
#5650 = ADVANCED_FACE('',(#5651),#5679,.T.);
#5651 = FACE_BOUND('',#5652,.T.);
#5652 = EDGE_LOOP('',(#5653,#5662,#5663,#5672));
#5653 = ORIENTED_EDGE('',*,*,#5654,.T.);
#5654 = EDGE_CURVE('',#5655,#5608,#5657,.T.);
#5655 = VERTEX_POINT('',#5656);
#5656 = CARTESIAN_POINT('',(1.651000655459,4.157451252565,6.08850008833)
  );
#5657 = CIRCLE('',#5658,5.079999951405E-02);
#5658 = AXIS2_PLACEMENT_3D('',#5659,#5660,#5661);
#5659 = CARTESIAN_POINT('',(1.650999984206,4.106651253055,6.08850008833)
  );
#5660 = DIRECTION('',(4.2758314459E-31,3.491481338843E-15,1.));
#5661 = DIRECTION('',(5.55029088393E-13,1.,-3.491481338843E-15));
#5662 = ORIENTED_EDGE('',*,*,#5639,.T.);
#5663 = ORIENTED_EDGE('',*,*,#5664,.F.);
#5664 = EDGE_CURVE('',#5665,#5591,#5667,.T.);
#5665 = VERTEX_POINT('',#5666);
#5666 = CARTESIAN_POINT('',(2.489199304935,4.157451252565,6.08850008833)
  );
#5667 = CIRCLE('',#5668,5.079999951405E-02);
#5668 = AXIS2_PLACEMENT_3D('',#5669,#5670,#5671);
#5669 = CARTESIAN_POINT('',(2.489199976188,4.106651253055,6.08850008833)
  );
#5670 = DIRECTION('',(-4.2758314459E-31,-3.491481338843E-15,-1.));
#5671 = DIRECTION('',(-5.718582089935E-13,1.,-3.491481338843E-15));
#5672 = ORIENTED_EDGE('',*,*,#5673,.F.);
#5673 = EDGE_CURVE('',#5655,#5665,#5674,.T.);
#5674 = CIRCLE('',#5675,0.419099324737);
#5675 = AXIS2_PLACEMENT_3D('',#5676,#5677,#5678);
#5676 = CARTESIAN_POINT('',(2.070099980197,4.157451252565,6.08850008833)
  );
#5677 = DIRECTION('',(1.224646799147E-16,1.,-3.491481338843E-15));
#5678 = DIRECTION('',(-1.,1.224646799147E-16,0.));
#5679 = TOROIDAL_SURFACE('',#5680,0.419099995991,5.079999951405E-02);
#5680 = AXIS2_PLACEMENT_3D('',#5681,#5682,#5683);
#5681 = CARTESIAN_POINT('',(2.070099980197,4.106651253055,6.08850008833)
  );
#5682 = DIRECTION('',(1.224646799147E-16,1.,-3.491481338843E-15));
#5683 = DIRECTION('',(-0.998478696232,-7.023790427054E-17,
    -5.51388535475E-02));
#5684 = ADVANCED_FACE('',(#5685),#5697,.T.);
#5685 = FACE_BOUND('',#5686,.T.);
#5686 = EDGE_LOOP('',(#5687,#5688,#5689,#5690));
#5687 = ORIENTED_EDGE('',*,*,#5664,.T.);
#5688 = ORIENTED_EDGE('',*,*,#5615,.T.);
#5689 = ORIENTED_EDGE('',*,*,#5654,.F.);
#5690 = ORIENTED_EDGE('',*,*,#5691,.F.);
#5691 = EDGE_CURVE('',#5665,#5655,#5692,.T.);
#5692 = CIRCLE('',#5693,0.419099324737);
#5693 = AXIS2_PLACEMENT_3D('',#5694,#5695,#5696);
#5694 = CARTESIAN_POINT('',(2.070099980197,4.157451252565,6.08850008833)
  );
#5695 = DIRECTION('',(1.224646799147E-16,1.,-3.491481338843E-15));
#5696 = DIRECTION('',(1.,-1.224646799147E-16,0.));
#5697 = TOROIDAL_SURFACE('',#5698,0.419099995991,5.079999951405E-02);
#5698 = AXIS2_PLACEMENT_3D('',#5699,#5700,#5701);
#5699 = CARTESIAN_POINT('',(2.070099980197,4.106651253055,6.08850008833)
  );
#5700 = DIRECTION('',(1.224646799147E-16,1.,-3.491481338843E-15));
#5701 = DIRECTION('',(0.998478696232,7.023790427054E-17,
    5.51388535475E-02));
#5702 = ADVANCED_FACE('',(#5703),#5707,.T.);
#5703 = FACE_BOUND('',#5704,.T.);
#5704 = EDGE_LOOP('',(#5705,#5706));
#5705 = ORIENTED_EDGE('',*,*,#5361,.T.);
#5706 = ORIENTED_EDGE('',*,*,#5379,.T.);
#5707 = PLANE('',#5708);
#5708 = AXIS2_PLACEMENT_3D('',#5709,#5710,#5711);
#5709 = CARTESIAN_POINT('',(2.231857537756E-16,4.157451252569,
    4.018400108132));
#5710 = DIRECTION('',(1.224646799147E-16,1.,-3.491481338843E-15));
#5711 = DIRECTION('',(-1.,1.224646799147E-16,0.));
#5712 = ADVANCED_FACE('',(#5713),#5717,.T.);
#5713 = FACE_BOUND('',#5714,.T.);
#5714 = EDGE_LOOP('',(#5715,#5716));
#5715 = ORIENTED_EDGE('',*,*,#5479,.T.);
#5716 = ORIENTED_EDGE('',*,*,#5497,.T.);
#5717 = PLANE('',#5718);
#5718 = AXIS2_PLACEMENT_3D('',#5719,#5720,#5721);
#5719 = CARTESIAN_POINT('',(2.231857537756E-16,4.157451252569,
    4.018400108132));
#5720 = DIRECTION('',(1.224646799147E-16,1.,-3.491481338843E-15));
#5721 = DIRECTION('',(-1.,1.224646799147E-16,0.));
#5722 = ADVANCED_FACE('',(#5723),#5733,.T.);
#5723 = FACE_BOUND('',#5724,.T.);
#5724 = EDGE_LOOP('',(#5725,#5732));
#5725 = ORIENTED_EDGE('',*,*,#5726,.T.);
#5726 = EDGE_CURVE('',#5565,#5555,#5727,.T.);
#5727 = CIRCLE('',#5728,0.419099324737);
#5728 = AXIS2_PLACEMENT_3D('',#5729,#5730,#5731);
#5729 = CARTESIAN_POINT('',(-2.070099980197,4.157451252565,6.08850008833
    ));
#5730 = DIRECTION('',(1.224646799147E-16,1.,-3.491481338843E-15));
#5731 = DIRECTION('',(-1.,1.224646799147E-16,0.));
#5732 = ORIENTED_EDGE('',*,*,#5573,.T.);
#5733 = PLANE('',#5734);
#5734 = AXIS2_PLACEMENT_3D('',#5735,#5736,#5737);
#5735 = CARTESIAN_POINT('',(2.231857537756E-16,4.157451252569,
    4.018400108132));
#5736 = DIRECTION('',(1.224646799147E-16,1.,-3.491481338843E-15));
#5737 = DIRECTION('',(-1.,1.224646799147E-16,0.));
#5738 = ADVANCED_FACE('',(#5739),#5743,.T.);
#5739 = FACE_BOUND('',#5740,.T.);
#5740 = EDGE_LOOP('',(#5741,#5742));
#5741 = ORIENTED_EDGE('',*,*,#5673,.T.);
#5742 = ORIENTED_EDGE('',*,*,#5691,.T.);
#5743 = PLANE('',#5744);
#5744 = AXIS2_PLACEMENT_3D('',#5745,#5746,#5747);
#5745 = CARTESIAN_POINT('',(2.231857537756E-16,4.157451252569,
    4.018400108132));
#5746 = DIRECTION('',(1.224646799147E-16,1.,-3.491481338843E-15));
#5747 = DIRECTION('',(-1.,1.224646799147E-16,0.));
#5748 = ADVANCED_FACE('',(#5749),#5761,.T.);
#5749 = FACE_BOUND('',#5750,.T.);
#5750 = EDGE_LOOP('',(#5751,#5752,#5759,#5760));
#5751 = ORIENTED_EDGE('',*,*,#5564,.T.);
#5752 = ORIENTED_EDGE('',*,*,#5753,.T.);
#5753 = EDGE_CURVE('',#5532,#5515,#5754,.T.);
#5754 = CIRCLE('',#5755,0.469899995505);
#5755 = AXIS2_PLACEMENT_3D('',#5756,#5757,#5758);
#5756 = CARTESIAN_POINT('',(-2.070099980197,4.106651253055,6.08850008833
    ));
#5757 = DIRECTION('',(1.224646799147E-16,1.,-3.491481338843E-15));
#5758 = DIRECTION('',(-1.,1.224646799147E-16,0.));
#5759 = ORIENTED_EDGE('',*,*,#5554,.F.);
#5760 = ORIENTED_EDGE('',*,*,#5726,.F.);
#5761 = TOROIDAL_SURFACE('',#5762,0.419099995991,5.079999951405E-02);
#5762 = AXIS2_PLACEMENT_3D('',#5763,#5764,#5765);
#5763 = CARTESIAN_POINT('',(-2.070099980197,4.106651253055,6.08850008833
    ));
#5764 = DIRECTION('',(1.224646799147E-16,1.,-3.491481338843E-15));
#5765 = DIRECTION('',(-0.998478696232,-7.023790427054E-17,
    -5.51388535475E-02));
#5766 = ADVANCED_FACE('',(#5767),#5779,.T.);
#5767 = FACE_BOUND('',#5768,.T.);
#5768 = EDGE_LOOP('',(#5769,#5770,#5777,#5778));
#5769 = ORIENTED_EDGE('',*,*,#5531,.F.);
#5770 = ORIENTED_EDGE('',*,*,#5771,.T.);
#5771 = EDGE_CURVE('',#5523,#5513,#5772,.T.);
#5772 = CIRCLE('',#5773,0.469899995505);
#5773 = AXIS2_PLACEMENT_3D('',#5774,#5775,#5776);
#5774 = CARTESIAN_POINT('',(-2.070099980197,3.852651255485,6.08850008833
    ));
#5775 = DIRECTION('',(1.224646799147E-16,1.,-3.491481338843E-15));
#5776 = DIRECTION('',(-1.,1.224646799147E-16,0.));
#5777 = ORIENTED_EDGE('',*,*,#5512,.T.);
#5778 = ORIENTED_EDGE('',*,*,#5753,.F.);
#5779 = CYLINDRICAL_SURFACE('',#5780,0.469899995505);
#5780 = AXIS2_PLACEMENT_3D('',#5781,#5782,#5783);
#5781 = CARTESIAN_POINT('',(-2.070099980197,3.852651255485,6.08850008833
    ));
#5782 = DIRECTION('',(1.224646799147E-16,1.,-3.491481338843E-15));
#5783 = DIRECTION('',(-1.,1.224646799147E-16,0.));
#5784 = ADVANCED_FACE('',(#5785),#5805,.F.);
#5785 = FACE_BOUND('',#5786,.T.);
#5786 = EDGE_LOOP('',(#5787,#5798));
#5787 = ORIENTED_EDGE('',*,*,#5788,.F.);
#5788 = EDGE_CURVE('',#5789,#5791,#5793,.T.);
#5789 = VERTEX_POINT('',#5790);
#5790 = CARTESIAN_POINT('',(6.213429173056E-16,7.408651221468,
    5.644000092582));
#5791 = VERTEX_POINT('',#5792);
#5792 = CARTESIAN_POINT('',(6.213429173056E-16,7.408651221468,
    2.392800123683));
#5793 = CIRCLE('',#5794,1.625599984449);
#5794 = AXIS2_PLACEMENT_3D('',#5795,#5796,#5797);
#5795 = CARTESIAN_POINT('',(6.213429173056E-16,7.408651221468,
    4.018400108132));
#5796 = DIRECTION('',(-1.224646799147E-16,-1.,3.491481338843E-15));
#5797 = DIRECTION('',(4.275831445897E-31,3.491481338843E-15,1.));
#5798 = ORIENTED_EDGE('',*,*,#5799,.T.);
#5799 = EDGE_CURVE('',#5789,#5791,#5800,.T.);
#5800 = CIRCLE('',#5801,1.625599984449);
#5801 = AXIS2_PLACEMENT_3D('',#5802,#5803,#5804);
#5802 = CARTESIAN_POINT('',(6.213429173056E-16,7.408651221468,
    4.018400108132));
#5803 = DIRECTION('',(1.224646799147E-16,1.,-3.491481338843E-15));
#5804 = DIRECTION('',(4.275831445897E-31,3.491481338843E-15,1.));
#5805 = PLANE('',#5806);
#5806 = AXIS2_PLACEMENT_3D('',#5807,#5808,#5809);
#5807 = CARTESIAN_POINT('',(6.213429173056E-16,7.408651221468,
    4.018400108132));
#5808 = DIRECTION('',(-1.224646799147E-16,-1.,3.491481338843E-15));
#5809 = DIRECTION('',(-4.275831445897E-31,-3.491481338843E-15,-1.));
#5810 = ADVANCED_FACE('',(#5811),#5839,.T.);
#5811 = FACE_BOUND('',#5812,.T.);
#5812 = EDGE_LOOP('',(#5813,#5814,#5823,#5832));
#5813 = ORIENTED_EDGE('',*,*,#5788,.T.);
#5814 = ORIENTED_EDGE('',*,*,#5815,.F.);
#5815 = EDGE_CURVE('',#5816,#5791,#5818,.T.);
#5816 = VERTEX_POINT('',#5817);
#5817 = CARTESIAN_POINT('',(6.057899031052E-16,7.281651222683,
    2.265800124898));
#5818 = CIRCLE('',#5819,0.126999998785);
#5819 = AXIS2_PLACEMENT_3D('',#5820,#5821,#5822);
#5820 = CARTESIAN_POINT('',(6.057899031052E-16,7.281651222683,
    2.392800123683));
#5821 = DIRECTION('',(1.,-1.224646799147E-16,0.));
#5822 = DIRECTION('',(-8.363872252995E-31,-6.829619984161E-15,-1.));
#5823 = ORIENTED_EDGE('',*,*,#5824,.F.);
#5824 = EDGE_CURVE('',#5825,#5816,#5827,.T.);
#5825 = VERTEX_POINT('',#5826);
#5826 = CARTESIAN_POINT('',(6.057899031052E-16,7.281651222683,
    5.771000091367));
#5827 = CIRCLE('',#5828,1.752599983235);
#5828 = AXIS2_PLACEMENT_3D('',#5829,#5830,#5831);
#5829 = CARTESIAN_POINT('',(6.057899031052E-16,7.281651222683,
    4.018400108132));
#5830 = DIRECTION('',(-1.224646799147E-16,-1.,3.491481338843E-15));
#5831 = DIRECTION('',(4.275831445897E-31,3.491481338843E-15,1.));
#5832 = ORIENTED_EDGE('',*,*,#5833,.T.);
#5833 = EDGE_CURVE('',#5825,#5789,#5834,.T.);
#5834 = CIRCLE('',#5835,0.126999998785);
#5835 = AXIS2_PLACEMENT_3D('',#5836,#5837,#5838);
#5836 = CARTESIAN_POINT('',(6.057899031052E-16,7.281651222683,
    5.644000092582));
#5837 = DIRECTION('',(-1.,1.224646799147E-16,0.));
#5838 = DIRECTION('',(8.363872252995E-31,6.829619984161E-15,1.));
#5839 = TOROIDAL_SURFACE('',#5840,1.625599984449,0.126999998785);
#5840 = AXIS2_PLACEMENT_3D('',#5841,#5842,#5843);
#5841 = CARTESIAN_POINT('',(6.057899031052E-16,7.281651222683,
    4.018400108132));
#5842 = DIRECTION('',(-1.224646799147E-16,-1.,3.491481338843E-15));
#5843 = DIRECTION('',(-4.275831445897E-31,-3.491481338843E-15,-1.));
#5844 = ADVANCED_FACE('',(#5845),#5857,.T.);
#5845 = FACE_BOUND('',#5846,.T.);
#5846 = EDGE_LOOP('',(#5847,#5854,#5855,#5856));
#5847 = ORIENTED_EDGE('',*,*,#5848,.T.);
#5848 = EDGE_CURVE('',#5825,#5816,#5849,.T.);
#5849 = CIRCLE('',#5850,1.752599983235);
#5850 = AXIS2_PLACEMENT_3D('',#5851,#5852,#5853);
#5851 = CARTESIAN_POINT('',(6.057899031052E-16,7.281651222683,
    4.018400108132));
#5852 = DIRECTION('',(1.224646799147E-16,1.,-3.491481338843E-15));
#5853 = DIRECTION('',(4.275831445897E-31,3.491481338843E-15,1.));
#5854 = ORIENTED_EDGE('',*,*,#5815,.T.);
#5855 = ORIENTED_EDGE('',*,*,#5799,.F.);
#5856 = ORIENTED_EDGE('',*,*,#5833,.F.);
#5857 = TOROIDAL_SURFACE('',#5858,1.625599984449,0.126999998785);
#5858 = AXIS2_PLACEMENT_3D('',#5859,#5860,#5861);
#5859 = CARTESIAN_POINT('',(6.057899031052E-16,7.281651222683,
    4.018400108132));
#5860 = DIRECTION('',(-1.224646799147E-16,-1.,3.491481338843E-15));
#5861 = DIRECTION('',(-4.275831445897E-31,-3.491481338843E-15,-1.));
#5862 = ADVANCED_FACE('',(#5863),#5889,.T.);
#5863 = FACE_BOUND('',#5864,.T.);
#5864 = EDGE_LOOP('',(#5865,#5873,#5874,#5882));
#5865 = ORIENTED_EDGE('',*,*,#5866,.T.);
#5866 = EDGE_CURVE('',#5867,#5816,#5869,.T.);
#5867 = VERTEX_POINT('',#5868);
#5868 = CARTESIAN_POINT('',(1.858585196947E-16,3.852651255485,
    2.265800124898));
#5869 = LINE('',#5870,#5871);
#5870 = CARTESIAN_POINT('',(1.858585196947E-16,3.852651255485,
    2.265800124898));
#5871 = VECTOR('',#5872,1.);
#5872 = DIRECTION('',(1.224646799147E-16,1.,-3.491481338843E-15));
#5873 = ORIENTED_EDGE('',*,*,#5848,.F.);
#5874 = ORIENTED_EDGE('',*,*,#5875,.F.);
#5875 = EDGE_CURVE('',#5876,#5825,#5878,.T.);
#5876 = VERTEX_POINT('',#5877);
#5877 = CARTESIAN_POINT('',(1.858585196947E-16,3.852651255485,
    5.771000091367));
#5878 = LINE('',#5879,#5880);
#5879 = CARTESIAN_POINT('',(1.858585196947E-16,3.852651255485,
    5.771000091367));
#5880 = VECTOR('',#5881,1.);
#5881 = DIRECTION('',(1.224646799147E-16,1.,-3.491481338843E-15));
#5882 = ORIENTED_EDGE('',*,*,#5883,.T.);
#5883 = EDGE_CURVE('',#5876,#5867,#5884,.T.);
#5884 = CIRCLE('',#5885,1.752599983235);
#5885 = AXIS2_PLACEMENT_3D('',#5886,#5887,#5888);
#5886 = CARTESIAN_POINT('',(1.858585196947E-16,3.852651255485,
    4.018400108132));
#5887 = DIRECTION('',(1.224646799147E-16,1.,-3.491481338843E-15));
#5888 = DIRECTION('',(4.275831445897E-31,3.491481338843E-15,1.));
#5889 = CYLINDRICAL_SURFACE('',#5890,1.752599983235);
#5890 = AXIS2_PLACEMENT_3D('',#5891,#5892,#5893);
#5891 = CARTESIAN_POINT('',(6.456056194582E-16,7.606771219573,
    4.018400108132));
#5892 = DIRECTION('',(-1.224646799147E-16,-1.,3.491481338843E-15));
#5893 = DIRECTION('',(-4.275831445897E-31,-3.491481338843E-15,-1.));
#5894 = ADVANCED_FACE('',(#5895),#5907,.T.);
#5895 = FACE_BOUND('',#5896,.T.);
#5896 = EDGE_LOOP('',(#5897,#5898,#5899,#5900));
#5897 = ORIENTED_EDGE('',*,*,#5875,.T.);
#5898 = ORIENTED_EDGE('',*,*,#5824,.T.);
#5899 = ORIENTED_EDGE('',*,*,#5866,.F.);
#5900 = ORIENTED_EDGE('',*,*,#5901,.T.);
#5901 = EDGE_CURVE('',#5867,#5876,#5902,.T.);
#5902 = CIRCLE('',#5903,1.752599983235);
#5903 = AXIS2_PLACEMENT_3D('',#5904,#5905,#5906);
#5904 = CARTESIAN_POINT('',(1.858585196947E-16,3.852651255485,
    4.018400108132));
#5905 = DIRECTION('',(1.224646799147E-16,1.,-3.491481338843E-15));
#5906 = DIRECTION('',(-4.275831445897E-31,-3.491481338843E-15,-1.));
#5907 = CYLINDRICAL_SURFACE('',#5908,1.752599983235);
#5908 = AXIS2_PLACEMENT_3D('',#5909,#5910,#5911);
#5909 = CARTESIAN_POINT('',(6.456056194582E-16,7.606771219573,
    4.018400108132));
#5910 = DIRECTION('',(-1.224646799147E-16,-1.,3.491481338843E-15));
#5911 = DIRECTION('',(-4.275831445897E-31,-3.491481338843E-15,-1.));
#5912 = ADVANCED_FACE('',(#5913,#5917,#5921,#5925,#5929,#5933),#5947,.T.
  );
#5913 = FACE_BOUND('',#5914,.T.);
#5914 = EDGE_LOOP('',(#5915,#5916));
#5915 = ORIENTED_EDGE('',*,*,#5883,.F.);
#5916 = ORIENTED_EDGE('',*,*,#5901,.F.);
#5917 = FACE_BOUND('',#5918,.T.);
#5918 = EDGE_LOOP('',(#5919,#5920));
#5919 = ORIENTED_EDGE('',*,*,#5286,.F.);
#5920 = ORIENTED_EDGE('',*,*,#5319,.F.);
#5921 = FACE_BOUND('',#5922,.T.);
#5922 = EDGE_LOOP('',(#5923,#5924));
#5923 = ORIENTED_EDGE('',*,*,#5404,.F.);
#5924 = ORIENTED_EDGE('',*,*,#5437,.F.);
#5925 = FACE_BOUND('',#5926,.T.);
#5926 = EDGE_LOOP('',(#5927,#5928));
#5927 = ORIENTED_EDGE('',*,*,#5598,.F.);
#5928 = ORIENTED_EDGE('',*,*,#5631,.F.);
#5929 = FACE_BOUND('',#5930,.T.);
#5930 = EDGE_LOOP('',(#5931,#5932));
#5931 = ORIENTED_EDGE('',*,*,#5522,.F.);
#5932 = ORIENTED_EDGE('',*,*,#5771,.F.);
#5933 = FACE_BOUND('',#5934,.T.);
#5934 = EDGE_LOOP('',(#5935,#5936,#5937,#5938,#5939,#5940,#5941,#5942,
    #5943,#5944,#5945,#5946));
#5935 = ORIENTED_EDGE('',*,*,#5239,.T.);
#5936 = ORIENTED_EDGE('',*,*,#2701,.T.);
#5937 = ORIENTED_EDGE('',*,*,#2559,.T.);
#5938 = ORIENTED_EDGE('',*,*,#2598,.T.);
#5939 = ORIENTED_EDGE('',*,*,#3779,.T.);
#5940 = ORIENTED_EDGE('',*,*,#4802,.T.);
#5941 = ORIENTED_EDGE('',*,*,#4778,.T.);
#5942 = ORIENTED_EDGE('',*,*,#2638,.T.);
#5943 = ORIENTED_EDGE('',*,*,#3730,.T.);
#5944 = ORIENTED_EDGE('',*,*,#5207,.T.);
#5945 = ORIENTED_EDGE('',*,*,#3398,.T.);
#5946 = ORIENTED_EDGE('',*,*,#5257,.T.);
#5947 = PLANE('',#5948);
#5948 = AXIS2_PLACEMENT_3D('',#5949,#5950,#5951);
#5949 = CARTESIAN_POINT('',(1.858585196947E-16,3.852651255485,
    4.018400108132));
#5950 = DIRECTION('',(1.224646799147E-16,1.,-3.491481338843E-15));
#5951 = DIRECTION('',(-1.,1.224646799147E-16,0.));
#5952 = ADVANCED_FACE('',(#5953),#5976,.T.);
#5953 = FACE_BOUND('',#5954,.T.);
#5954 = EDGE_LOOP('',(#5955,#5963,#5969,#5970,#5971,#5972,#5973,#5974,
    #5975));
#5955 = ORIENTED_EDGE('',*,*,#5956,.F.);
#5956 = EDGE_CURVE('',#5957,#4963,#5959,.T.);
#5957 = VERTEX_POINT('',#5958);
#5958 = CARTESIAN_POINT('',(-2.987199971424,0.179651290621,
    7.005600079557));
#5959 = LINE('',#5960,#5961);
#5960 = CARTESIAN_POINT('',(-2.987199971424,0.179651290621,
    5.034400098413));
#5961 = VECTOR('',#5962,1.);
#5962 = DIRECTION('',(-4.275831445897E-31,-3.491481338843E-15,-1.));
#5963 = ORIENTED_EDGE('',*,*,#5964,.F.);
#5964 = EDGE_CURVE('',#4876,#5957,#5965,.T.);
#5965 = LINE('',#5966,#5967);
#5966 = CARTESIAN_POINT('',(-2.987199971424,3.446251259372,
    7.005600079557));
#5967 = VECTOR('',#5968,1.);
#5968 = DIRECTION('',(-1.224646799147E-16,-1.,3.491481338843E-15));
#5969 = ORIENTED_EDGE('',*,*,#4890,.T.);
#5970 = ORIENTED_EDGE('',*,*,#2464,.T.);
#5971 = ORIENTED_EDGE('',*,*,#2365,.T.);
#5972 = ORIENTED_EDGE('',*,*,#2334,.T.);
#5973 = ORIENTED_EDGE('',*,*,#2303,.T.);
#5974 = ORIENTED_EDGE('',*,*,#2504,.T.);
#5975 = ORIENTED_EDGE('',*,*,#4970,.T.);
#5976 = PLANE('',#5977);
#5977 = AXIS2_PLACEMENT_3D('',#5978,#5979,#5980);
#5978 = CARTESIAN_POINT('',(-2.987199971424,3.852651255485,
    4.018400108132));
#5979 = DIRECTION('',(-1.,1.224646799147E-16,0.));
#5980 = DIRECTION('',(-1.224646799147E-16,-1.,3.491481338843E-15));
#5981 = ADVANCED_FACE('',(#5982),#6005,.T.);
#5982 = FACE_BOUND('',#5983,.T.);
#5983 = EDGE_LOOP('',(#5984,#5992,#5993,#5994,#5995,#5996,#5997,#5998,
    #5999));
#5984 = ORIENTED_EDGE('',*,*,#5985,.F.);
#5985 = EDGE_CURVE('',#4842,#5986,#5988,.T.);
#5986 = VERTEX_POINT('',#5987);
#5987 = CARTESIAN_POINT('',(2.987199971424,0.179651290621,7.005600079557
    ));
#5988 = LINE('',#5989,#5990);
#5989 = CARTESIAN_POINT('',(2.987199971424,0.179651290621,5.034400098413
    ));
#5990 = VECTOR('',#5991,1.);
#5991 = DIRECTION('',(4.275831445897E-31,3.491481338843E-15,1.));
#5992 = ORIENTED_EDGE('',*,*,#4841,.F.);
#5993 = ORIENTED_EDGE('',*,*,#2511,.F.);
#5994 = ORIENTED_EDGE('',*,*,#2287,.F.);
#5995 = ORIENTED_EDGE('',*,*,#2327,.F.);
#5996 = ORIENTED_EDGE('',*,*,#2358,.F.);
#5997 = ORIENTED_EDGE('',*,*,#2457,.F.);
#5998 = ORIENTED_EDGE('',*,*,#4883,.F.);
#5999 = ORIENTED_EDGE('',*,*,#6000,.F.);
#6000 = EDGE_CURVE('',#5986,#4874,#6001,.T.);
#6001 = LINE('',#6002,#6003);
#6002 = CARTESIAN_POINT('',(2.987199971424,3.852651255485,7.005600079557
    ));
#6003 = VECTOR('',#6004,1.);
#6004 = DIRECTION('',(1.224646799147E-16,1.,-3.491481338843E-15));
#6005 = PLANE('',#6006);
#6006 = AXIS2_PLACEMENT_3D('',#6007,#6008,#6009);
#6007 = CARTESIAN_POINT('',(2.987199971424,3.852651255485,4.018400108132
    ));
#6008 = DIRECTION('',(1.,-1.224646799147E-16,0.));
#6009 = DIRECTION('',(-1.224646799147E-16,-1.,3.491481338843E-15));
#6010 = ADVANCED_FACE('',(#6011),#6022,.F.);
#6011 = FACE_BOUND('',#6012,.T.);
#6012 = EDGE_LOOP('',(#6013,#6014,#6020,#6021));
#6013 = ORIENTED_EDGE('',*,*,#5964,.T.);
#6014 = ORIENTED_EDGE('',*,*,#6015,.F.);
#6015 = EDGE_CURVE('',#5986,#5957,#6016,.T.);
#6016 = LINE('',#6017,#6018);
#6017 = CARTESIAN_POINT('',(-2.987199971424,0.179651290621,
    7.005600079557));
#6018 = VECTOR('',#6019,1.);
#6019 = DIRECTION('',(-1.,1.224646799147E-16,0.));
#6020 = ORIENTED_EDGE('',*,*,#6000,.T.);
#6021 = ORIENTED_EDGE('',*,*,#4873,.T.);
#6022 = PLANE('',#6023);
#6023 = AXIS2_PLACEMENT_3D('',#6024,#6025,#6026);
#6024 = CARTESIAN_POINT('',(1.858585196947E-16,3.852651255485,
    7.005600079557));
#6025 = DIRECTION('',(-4.275831445897E-31,-3.491481338843E-15,-1.));
#6026 = DIRECTION('',(-1.224646799147E-16,-1.,3.491481338843E-15));
#6027 = ADVANCED_FACE('',(#6028),#6036,.F.);
#6028 = FACE_BOUND('',#6029,.T.);
#6029 = EDGE_LOOP('',(#6030,#6031,#6032,#6033,#6034,#6035));
#6030 = ORIENTED_EDGE('',*,*,#5956,.T.);
#6031 = ORIENTED_EDGE('',*,*,#4962,.T.);
#6032 = ORIENTED_EDGE('',*,*,#2478,.T.);
#6033 = ORIENTED_EDGE('',*,*,#4849,.T.);
#6034 = ORIENTED_EDGE('',*,*,#5985,.T.);
#6035 = ORIENTED_EDGE('',*,*,#6015,.T.);
#6036 = PLANE('',#6037);
#6037 = AXIS2_PLACEMENT_3D('',#6038,#6039,#6040);
#6038 = CARTESIAN_POINT('',(-2.639542453292E-16,0.179651290621,
    4.018400108132));
#6039 = DIRECTION('',(1.224646799147E-16,1.,-3.491481338843E-15));
#6040 = DIRECTION('',(-1.,1.224646799147E-16,0.));
#6041 = ADVANCED_FACE('',(#6042),#6055,.T.);
#6042 = FACE_BOUND('',#6043,.T.);
#6043 = EDGE_LOOP('',(#6044,#6045,#6046,#6052,#6053,#6054));
#6044 = ORIENTED_EDGE('',*,*,#4159,.F.);
#6045 = ORIENTED_EDGE('',*,*,#4126,.F.);
#6046 = ORIENTED_EDGE('',*,*,#6047,.F.);
#6047 = EDGE_CURVE('',#4083,#4118,#6048,.T.);
#6048 = LINE('',#6049,#6050);
#6049 = CARTESIAN_POINT('',(3.54396071904,-1.22734869592,-3.499977729458
    ));
#6050 = VECTOR('',#6051,1.);
#6051 = DIRECTION('',(1.,-1.224646799147E-16,-0.));
#6052 = ORIENTED_EDGE('',*,*,#4082,.F.);
#6053 = ORIENTED_EDGE('',*,*,#4067,.F.);
#6054 = ORIENTED_EDGE('',*,*,#4284,.F.);
#6055 = CYLINDRICAL_SURFACE('',#6056,0.499999995217);
#6056 = AXIS2_PLACEMENT_3D('',#6057,#6058,#6059);
#6057 = CARTESIAN_POINT('',(3.555999965983,-1.232048695875,
    -2.999999824729));
#6058 = DIRECTION('',(-1.,1.224646799147E-16,0.));
#6059 = DIRECTION('',(-0.,0.,-1.));
#6060 = ADVANCED_FACE('',(#6061),#6069,.T.);
#6061 = FACE_BOUND('',#6062,.T.);
#6062 = EDGE_LOOP('',(#6063,#6064,#6065,#6066,#6067,#6068));
#6063 = ORIENTED_EDGE('',*,*,#4151,.F.);
#6064 = ORIENTED_EDGE('',*,*,#4222,.F.);
#6065 = ORIENTED_EDGE('',*,*,#4034,.F.);
#6066 = ORIENTED_EDGE('',*,*,#4091,.F.);
#6067 = ORIENTED_EDGE('',*,*,#6047,.T.);
#6068 = ORIENTED_EDGE('',*,*,#4117,.F.);
#6069 = CYLINDRICAL_SURFACE('',#6070,0.499999995217);
#6070 = AXIS2_PLACEMENT_3D('',#6071,#6072,#6073);
#6071 = CARTESIAN_POINT('',(3.708399964525,-1.222648695965,
    -2.999999824729));
#6072 = DIRECTION('',(-1.,1.224646799147E-16,0.));
#6073 = DIRECTION('',(-0.,0.,-1.));
#6074 = ADVANCED_FACE('',(#6075),#6088,.T.);
#6075 = FACE_BOUND('',#6076,.T.);
#6076 = EDGE_LOOP('',(#6077,#6083,#6084,#6085,#6086,#6087));
#6077 = ORIENTED_EDGE('',*,*,#6078,.F.);
#6078 = EDGE_CURVE('',#2933,#2968,#6079,.T.);
#6079 = LINE('',#6080,#6081);
#6080 = CARTESIAN_POINT('',(-3.54396071904,-1.22734869592,
    -3.499977729458));
#6081 = VECTOR('',#6082,1.);
#6082 = DIRECTION('',(-1.,1.224646799147E-16,0.));
#6083 = ORIENTED_EDGE('',*,*,#2932,.F.);
#6084 = ORIENTED_EDGE('',*,*,#2917,.F.);
#6085 = ORIENTED_EDGE('',*,*,#3120,.F.);
#6086 = ORIENTED_EDGE('',*,*,#3009,.F.);
#6087 = ORIENTED_EDGE('',*,*,#2976,.F.);
#6088 = CYLINDRICAL_SURFACE('',#6089,0.499999995217);
#6089 = AXIS2_PLACEMENT_3D('',#6090,#6091,#6092);
#6090 = CARTESIAN_POINT('',(-3.301999968413,-1.222648695965,
    -2.999999824729));
#6091 = DIRECTION('',(-1.,1.224646799147E-16,0.));
#6092 = DIRECTION('',(-0.,0.,-1.));
#6093 = ADVANCED_FACE('',(#6094),#6102,.T.);
#6094 = FACE_BOUND('',#6095,.T.);
#6095 = EDGE_LOOP('',(#6096,#6097,#6098,#6099,#6100,#6101));
#6096 = ORIENTED_EDGE('',*,*,#2941,.F.);
#6097 = ORIENTED_EDGE('',*,*,#6078,.T.);
#6098 = ORIENTED_EDGE('',*,*,#2967,.F.);
#6099 = ORIENTED_EDGE('',*,*,#3001,.F.);
#6100 = ORIENTED_EDGE('',*,*,#3063,.F.);
#6101 = ORIENTED_EDGE('',*,*,#2884,.F.);
#6102 = CYLINDRICAL_SURFACE('',#6103,0.499999995217);
#6103 = AXIS2_PLACEMENT_3D('',#6104,#6105,#6106);
#6104 = CARTESIAN_POINT('',(-3.555999965983,-1.232048695875,
    -2.999999824729));
#6105 = DIRECTION('',(-1.,1.224646799147E-16,0.));
#6106 = DIRECTION('',(-0.,0.,-1.));
#6107 = ADVANCED_FACE('',(#6108),#6114,.F.);
#6108 = FACE_BOUND('',#6109,.T.);
#6109 = EDGE_LOOP('',(#6110,#6111,#6112,#6113));
#6110 = ORIENTED_EDGE('',*,*,#3666,.F.);
#6111 = ORIENTED_EDGE('',*,*,#3454,.F.);
#6112 = ORIENTED_EDGE('',*,*,#3587,.F.);
#6113 = ORIENTED_EDGE('',*,*,#3421,.F.);
#6114 = PLANE('',#6115);
#6115 = AXIS2_PLACEMENT_3D('',#6116,#6117,#6118);
#6116 = CARTESIAN_POINT('',(2.603499975095,1.109451281726,
    -2.999999824729));
#6117 = DIRECTION('',(-0.939692620786,1.309236103953E-15,0.342020143326)
  );
#6118 = DIRECTION('',(1.224646799147E-16,1.,-3.491481338843E-15));
#6119 = ADVANCED_FACE('',(#6120),#6126,.F.);
#6120 = FACE_BOUND('',#6121,.T.);
#6121 = EDGE_LOOP('',(#6122,#6123,#6124,#6125));
#6122 = ORIENTED_EDGE('',*,*,#3675,.F.);
#6123 = ORIENTED_EDGE('',*,*,#3492,.F.);
#6124 = ORIENTED_EDGE('',*,*,#3594,.F.);
#6125 = ORIENTED_EDGE('',*,*,#3470,.F.);
#6126 = PLANE('',#6127);
#6127 = AXIS2_PLACEMENT_3D('',#6128,#6129,#6130);
#6128 = CARTESIAN_POINT('',(2.07428509729,1.109451281726,-3.499999819946
    ));
#6129 = DIRECTION('',(0.939692620786,1.079077791907E-15,0.342020143326)
  );
#6130 = DIRECTION('',(1.224646799147E-16,1.,-3.491481338843E-15));
#6131 = ADVANCED_FACE('',(#6132),#6138,.F.);
#6132 = FACE_BOUND('',#6133,.T.);
#6133 = EDGE_LOOP('',(#6134,#6135,#6136,#6137));
#6134 = ORIENTED_EDGE('',*,*,#3690,.F.);
#6135 = ORIENTED_EDGE('',*,*,#3525,.F.);
#6136 = ORIENTED_EDGE('',*,*,#3618,.F.);
#6137 = ORIENTED_EDGE('',*,*,#3649,.F.);
#6138 = PLANE('',#6139);
#6139 = AXIS2_PLACEMENT_3D('',#6140,#6141,#6142);
#6140 = CARTESIAN_POINT('',(-1.892299981898,1.109451281726,
    -2.999999824729));
#6141 = DIRECTION('',(-0.939692620786,1.309236103953E-15,0.342020143326)
  );
#6142 = DIRECTION('',(1.224646799147E-16,1.,-3.491481338843E-15));
#6143 = ADVANCED_FACE('',(#6144),#6150,.F.);
#6144 = FACE_BOUND('',#6145,.T.);
#6145 = EDGE_LOOP('',(#6146,#6147,#6148,#6149));
#6146 = ORIENTED_EDGE('',*,*,#3699,.F.);
#6147 = ORIENTED_EDGE('',*,*,#3563,.F.);
#6148 = ORIENTED_EDGE('',*,*,#3625,.F.);
#6149 = ORIENTED_EDGE('',*,*,#3541,.F.);
#6150 = PLANE('',#6151);
#6151 = AXIS2_PLACEMENT_3D('',#6152,#6153,#6154);
#6152 = CARTESIAN_POINT('',(-2.421514859703,1.109451281726,
    -3.499999819946));
#6153 = DIRECTION('',(0.939692620786,1.079077791907E-15,0.342020143326)
  );
#6154 = DIRECTION('',(1.224646799147E-16,1.,-3.491481338843E-15));
#6155 = ADVANCED_FACE('',(#6156),#6181,.F.);
#6156 = FACE_BOUND('',#6157,.T.);
#6157 = EDGE_LOOP('',(#6158,#6159,#6167,#6175));
#6158 = ORIENTED_EDGE('',*,*,#1447,.T.);
#6159 = ORIENTED_EDGE('',*,*,#6160,.F.);
#6160 = EDGE_CURVE('',#6161,#1438,#6163,.T.);
#6161 = VERTEX_POINT('',#6162);
#6162 = CARTESIAN_POINT('',(-3.565999965888,-0.724053711292,
    1.629378553875));
#6163 = LINE('',#6164,#6165);
#6164 = CARTESIAN_POINT('',(-3.565999965888,-0.724053711292,
    1.629378553875));
#6165 = VECTOR('',#6166,1.);
#6166 = DIRECTION('',(1.,-1.224646799147E-16,-0.));
#6167 = ORIENTED_EDGE('',*,*,#6168,.F.);
#6168 = EDGE_CURVE('',#6169,#6161,#6171,.T.);
#6169 = VERTEX_POINT('',#6170);
#6170 = CARTESIAN_POINT('',(-3.565999965888,-0.724053711292,
    1.590734218355));
#6171 = LINE('',#6172,#6173);
#6172 = CARTESIAN_POINT('',(-3.565999965888,-0.724053711292,
    1.629378553875));
#6173 = VECTOR('',#6174,1.);
#6174 = DIRECTION('',(0.,0.,1.));
#6175 = ORIENTED_EDGE('',*,*,#6176,.T.);
#6176 = EDGE_CURVE('',#6169,#1448,#6177,.T.);
#6177 = LINE('',#6178,#6179);
#6178 = CARTESIAN_POINT('',(-3.565999965888,-0.724053711292,
    1.590734218355));
#6179 = VECTOR('',#6180,1.);
#6180 = DIRECTION('',(1.,-1.224646799147E-16,-0.));
#6181 = PLANE('',#6182);
#6182 = AXIS2_PLACEMENT_3D('',#6183,#6184,#6185);
#6183 = CARTESIAN_POINT('',(-3.565999965888,-0.724053711292,
    1.629378553875));
#6184 = DIRECTION('',(1.224646799147E-16,1.,0.));
#6185 = DIRECTION('',(0.,0.,-1.));
#6186 = ADVANCED_FACE('',(#6187),#6205,.F.);
#6187 = FACE_BOUND('',#6188,.T.);
#6188 = EDGE_LOOP('',(#6189,#6190,#6198,#6204));
#6189 = ORIENTED_EDGE('',*,*,#1437,.T.);
#6190 = ORIENTED_EDGE('',*,*,#6191,.F.);
#6191 = EDGE_CURVE('',#6192,#1440,#6194,.T.);
#6192 = VERTEX_POINT('',#6193);
#6193 = CARTESIAN_POINT('',(-3.565999965888,-0.589058476447,
    1.629378553875));
#6194 = LINE('',#6195,#6196);
#6195 = CARTESIAN_POINT('',(-3.565999965888,-0.589058476447,
    1.629378553875));
#6196 = VECTOR('',#6197,1.);
#6197 = DIRECTION('',(1.,-1.224646799147E-16,-0.));
#6198 = ORIENTED_EDGE('',*,*,#6199,.F.);
#6199 = EDGE_CURVE('',#6161,#6192,#6200,.T.);
#6200 = LINE('',#6201,#6202);
#6201 = CARTESIAN_POINT('',(-3.565999965888,-0.589058476447,
    1.629378553875));
#6202 = VECTOR('',#6203,1.);
#6203 = DIRECTION('',(1.224646799147E-16,1.,-3.212564246022E-15));
#6204 = ORIENTED_EDGE('',*,*,#6160,.T.);
#6205 = PLANE('',#6206);
#6206 = AXIS2_PLACEMENT_3D('',#6207,#6208,#6209);
#6207 = CARTESIAN_POINT('',(-3.565999965888,-0.589058476447,
    1.629378553875));
#6208 = DIRECTION('',(-3.934256520947E-31,-3.212564246022E-15,-1.));
#6209 = DIRECTION('',(-1.224646799147E-16,-1.,3.212564246022E-15));
#6210 = ADVANCED_FACE('',(#6211),#6229,.F.);
#6211 = FACE_BOUND('',#6212,.T.);
#6212 = EDGE_LOOP('',(#6213,#6214,#6222,#6228));
#6213 = ORIENTED_EDGE('',*,*,#1479,.T.);
#6214 = ORIENTED_EDGE('',*,*,#6215,.F.);
#6215 = EDGE_CURVE('',#6216,#1472,#6218,.T.);
#6216 = VERTEX_POINT('',#6217);
#6217 = CARTESIAN_POINT('',(-3.565999965888,-0.589058476447,
    1.929695295831));
#6218 = LINE('',#6219,#6220);
#6219 = CARTESIAN_POINT('',(-3.565999965888,-0.589058476447,
    1.929695295831));
#6220 = VECTOR('',#6221,1.);
#6221 = DIRECTION('',(1.,-1.224646799147E-16,-0.));
#6222 = ORIENTED_EDGE('',*,*,#6223,.F.);
#6223 = EDGE_CURVE('',#6192,#6216,#6224,.T.);
#6224 = LINE('',#6225,#6226);
#6225 = CARTESIAN_POINT('',(-3.565999965888,-0.589058476447,
    1.929695295831));
#6226 = VECTOR('',#6227,1.);
#6227 = DIRECTION('',(5.305457293437E-31,4.332234646864E-15,1.));
#6228 = ORIENTED_EDGE('',*,*,#6191,.T.);
#6229 = PLANE('',#6230);
#6230 = AXIS2_PLACEMENT_3D('',#6231,#6232,#6233);
#6231 = CARTESIAN_POINT('',(-3.565999965888,-0.589058476447,
    1.929695295831));
#6232 = DIRECTION('',(1.224646799147E-16,1.,-4.332234646864E-15));
#6233 = DIRECTION('',(-5.305457293437E-31,-4.332234646864E-15,-1.));
#6234 = ADVANCED_FACE('',(#6235),#6253,.F.);
#6235 = FACE_BOUND('',#6236,.T.);
#6236 = EDGE_LOOP('',(#6237,#6238,#6246,#6252));
#6237 = ORIENTED_EDGE('',*,*,#1471,.T.);
#6238 = ORIENTED_EDGE('',*,*,#6239,.F.);
#6239 = EDGE_CURVE('',#6240,#1464,#6242,.T.);
#6240 = VERTEX_POINT('',#6241);
#6241 = CARTESIAN_POINT('',(-3.565999965888,-0.545301997887,
    1.929695295831));
#6242 = LINE('',#6243,#6244);
#6243 = CARTESIAN_POINT('',(-3.565999965888,-0.545301997887,
    1.929695295831));
#6244 = VECTOR('',#6245,1.);
#6245 = DIRECTION('',(1.,-1.224646799147E-16,-0.));
#6246 = ORIENTED_EDGE('',*,*,#6247,.F.);
#6247 = EDGE_CURVE('',#6216,#6240,#6248,.T.);
#6248 = LINE('',#6249,#6250);
#6249 = CARTESIAN_POINT('',(-3.565999965888,-0.545301997887,
    1.929695295831));
#6250 = VECTOR('',#6251,1.);
#6251 = DIRECTION('',(1.224646799147E-16,1.,-0.));
#6252 = ORIENTED_EDGE('',*,*,#6215,.T.);
#6253 = PLANE('',#6254);
#6254 = AXIS2_PLACEMENT_3D('',#6255,#6256,#6257);
#6255 = CARTESIAN_POINT('',(-3.565999965888,-0.545301997887,
    1.929695295831));
#6256 = DIRECTION('',(-0.,0.,-1.));
#6257 = DIRECTION('',(1.,-1.224646799147E-16,0.));
#6258 = ADVANCED_FACE('',(#6259),#6277,.F.);
#6259 = FACE_BOUND('',#6260,.T.);
#6260 = EDGE_LOOP('',(#6261,#6262,#6270,#6276));
#6261 = ORIENTED_EDGE('',*,*,#1463,.T.);
#6262 = ORIENTED_EDGE('',*,*,#6263,.F.);
#6263 = EDGE_CURVE('',#6264,#1456,#6266,.T.);
#6264 = VERTEX_POINT('',#6265);
#6265 = CARTESIAN_POINT('',(-3.565999965888,-0.545301997887,
    1.590734218355));
#6266 = LINE('',#6267,#6268);
#6267 = CARTESIAN_POINT('',(-3.565999965888,-0.545301997887,
    1.590734218355));
#6268 = VECTOR('',#6269,1.);
#6269 = DIRECTION('',(1.,-1.224646799147E-16,-0.));
#6270 = ORIENTED_EDGE('',*,*,#6271,.F.);
#6271 = EDGE_CURVE('',#6240,#6264,#6272,.T.);
#6272 = LINE('',#6273,#6274);
#6273 = CARTESIAN_POINT('',(-3.565999965888,-0.545301997887,
    1.590734218355));
#6274 = VECTOR('',#6275,1.);
#6275 = DIRECTION('',(-3.133727842375E-31,-2.55888297308E-15,-1.));
#6276 = ORIENTED_EDGE('',*,*,#6239,.T.);
#6277 = PLANE('',#6278);
#6278 = AXIS2_PLACEMENT_3D('',#6279,#6280,#6281);
#6279 = CARTESIAN_POINT('',(-3.565999965888,-0.545301997887,
    1.590734218355));
#6280 = DIRECTION('',(-1.224646799147E-16,-1.,2.55888297308E-15));
#6281 = DIRECTION('',(3.133727842375E-31,2.55888297308E-15,1.));
#6282 = ADVANCED_FACE('',(#6283),#6294,.F.);
#6283 = FACE_BOUND('',#6284,.T.);
#6284 = EDGE_LOOP('',(#6285,#6286,#6287,#6293));
#6285 = ORIENTED_EDGE('',*,*,#1455,.T.);
#6286 = ORIENTED_EDGE('',*,*,#6176,.F.);
#6287 = ORIENTED_EDGE('',*,*,#6288,.F.);
#6288 = EDGE_CURVE('',#6264,#6169,#6289,.T.);
#6289 = LINE('',#6290,#6291);
#6290 = CARTESIAN_POINT('',(-3.565999965888,-0.724053711292,
    1.590734218355));
#6291 = VECTOR('',#6292,1.);
#6292 = DIRECTION('',(-1.224646799147E-16,-1.,3.032704250677E-15));
#6293 = ORIENTED_EDGE('',*,*,#6263,.T.);
#6294 = PLANE('',#6295);
#6295 = AXIS2_PLACEMENT_3D('',#6296,#6297,#6298);
#6296 = CARTESIAN_POINT('',(-3.565999965888,-0.724053711292,
    1.590734218355));
#6297 = DIRECTION('',(3.713991553352E-31,3.032704250677E-15,1.));
#6298 = DIRECTION('',(1.224646799147E-16,1.,-3.032704250677E-15));
#6299 = ADVANCED_FACE('',(#6300),#6308,.F.);
#6300 = FACE_BOUND('',#6301,.T.);
#6301 = EDGE_LOOP('',(#6302,#6303,#6304,#6305,#6306,#6307));
#6302 = ORIENTED_EDGE('',*,*,#6168,.T.);
#6303 = ORIENTED_EDGE('',*,*,#6199,.T.);
#6304 = ORIENTED_EDGE('',*,*,#6223,.T.);
#6305 = ORIENTED_EDGE('',*,*,#6247,.T.);
#6306 = ORIENTED_EDGE('',*,*,#6271,.T.);
#6307 = ORIENTED_EDGE('',*,*,#6288,.T.);
#6308 = PLANE('',#6309);
#6309 = AXIS2_PLACEMENT_3D('',#6310,#6311,#6312);
#6310 = CARTESIAN_POINT('',(-3.565999965888,2.335001270003,
    1.021200136804));
#6311 = DIRECTION('',(1.,-1.224646799147E-16,0.));
#6312 = DIRECTION('',(0.,0.,1.));
#6313 = ADVANCED_FACE('',(#6314),#6340,.F.);
#6314 = FACE_BOUND('',#6315,.F.);
#6315 = EDGE_LOOP('',(#6316,#6324,#6333,#6339));
#6316 = ORIENTED_EDGE('',*,*,#6317,.F.);
#6317 = EDGE_CURVE('',#6318,#1498,#6320,.T.);
#6318 = VERTEX_POINT('',#6319);
#6319 = CARTESIAN_POINT('',(-3.565999965888,-0.897866574639,
    1.585015549869));
#6320 = LINE('',#6321,#6322);
#6321 = CARTESIAN_POINT('',(-3.565999965888,-0.897866574639,
    1.585015549869));
#6322 = VECTOR('',#6323,1.);
#6323 = DIRECTION('',(1.,-1.224646799147E-16,-0.));
#6324 = ORIENTED_EDGE('',*,*,#6325,.T.);
#6325 = EDGE_CURVE('',#6318,#6326,#6328,.T.);
#6326 = VERTEX_POINT('',#6327);
#6327 = CARTESIAN_POINT('',(-3.565999965888,-0.99170472569,
    1.604770950091));
#6328 = B_SPLINE_CURVE_WITH_KNOTS('',3,(#6329,#6330,#6331,#6332),
  .UNSPECIFIED.,.F.,.F.,(4,4),(0.,1.),.PIECEWISE_BEZIER_KNOTS.);
#6329 = CARTESIAN_POINT('',(-3.565999965888,-0.897866574639,
    1.585015549869));
#6330 = CARTESIAN_POINT('',(-3.565999965888,-0.935471152253,
    1.585015549869));
#6331 = CARTESIAN_POINT('',(-3.565999965888,-0.966750535937,
    1.591600683276));
#6332 = CARTESIAN_POINT('',(-3.565999965888,-0.99170472569,
    1.604770950091));
#6333 = ORIENTED_EDGE('',*,*,#6334,.T.);
#6334 = EDGE_CURVE('',#6326,#1488,#6335,.T.);
#6335 = LINE('',#6336,#6337);
#6336 = CARTESIAN_POINT('',(-3.565999965888,-0.99170472569,
    1.604770950091));
#6337 = VECTOR('',#6338,1.);
#6338 = DIRECTION('',(1.,-1.224646799147E-16,-0.));
#6339 = ORIENTED_EDGE('',*,*,#1497,.F.);
#6340 = B_SPLINE_SURFACE_WITH_KNOTS('',3,1,(
    (#6341,#6342)
    ,(#6343,#6344)
    ,(#6345,#6346)
    ,(#6347,#6348
    )),.UNSPECIFIED.,.F.,.F.,.F.,(4,4),(2,2),(0.,1.),(0.,1.),
  .PIECEWISE_BEZIER_KNOTS.);
#6341 = CARTESIAN_POINT('',(-3.565999965888,-0.897866574639,
    1.585015549869));
#6342 = CARTESIAN_POINT('',(-3.555999965983,-0.897866574639,
    1.585015549869));
#6343 = CARTESIAN_POINT('',(-3.565999965888,-0.935471152253,
    1.585015549869));
#6344 = CARTESIAN_POINT('',(-3.555999965983,-0.935471152253,
    1.585015549869));
#6345 = CARTESIAN_POINT('',(-3.565999965888,-0.966750535937,
    1.591600683276));
#6346 = CARTESIAN_POINT('',(-3.555999965983,-0.966750535937,
    1.591600683276));
#6347 = CARTESIAN_POINT('',(-3.565999965888,-0.99170472569,
    1.604770950091));
#6348 = CARTESIAN_POINT('',(-3.555999965983,-0.99170472569,
    1.604770950091));
#6349 = ADVANCED_FACE('',(#6350),#6368,.F.);
#6350 = FACE_BOUND('',#6351,.T.);
#6351 = EDGE_LOOP('',(#6352,#6353,#6361,#6367));
#6352 = ORIENTED_EDGE('',*,*,#1487,.T.);
#6353 = ORIENTED_EDGE('',*,*,#6354,.F.);
#6354 = EDGE_CURVE('',#6355,#1490,#6357,.T.);
#6355 = VERTEX_POINT('',#6356);
#6356 = CARTESIAN_POINT('',(-3.565999965888,-0.99170472569,
    1.646707852315));
#6357 = LINE('',#6358,#6359);
#6358 = CARTESIAN_POINT('',(-3.565999965888,-0.99170472569,
    1.646707852315));
#6359 = VECTOR('',#6360,1.);
#6360 = DIRECTION('',(1.,-1.224646799147E-16,-0.));
#6361 = ORIENTED_EDGE('',*,*,#6362,.F.);
#6362 = EDGE_CURVE('',#6326,#6355,#6363,.T.);
#6363 = LINE('',#6364,#6365);
#6364 = CARTESIAN_POINT('',(-3.565999965888,-0.99170472569,
    1.646707852315));
#6365 = VECTOR('',#6366,1.);
#6366 = DIRECTION('',(0.,0.,1.));
#6367 = ORIENTED_EDGE('',*,*,#6334,.T.);
#6368 = PLANE('',#6369);
#6369 = AXIS2_PLACEMENT_3D('',#6370,#6371,#6372);
#6370 = CARTESIAN_POINT('',(-3.565999965888,-0.99170472569,
    1.646707852315));
#6371 = DIRECTION('',(1.224646799147E-16,1.,0.));
#6372 = DIRECTION('',(0.,0.,-1.));
#6373 = ADVANCED_FACE('',(#6374),#6393,.F.);
#6374 = FACE_BOUND('',#6375,.F.);
#6375 = EDGE_LOOP('',(#6376,#6377,#6386,#6392));
#6376 = ORIENTED_EDGE('',*,*,#6354,.F.);
#6377 = ORIENTED_EDGE('',*,*,#6378,.T.);
#6378 = EDGE_CURVE('',#6355,#6379,#6381,.T.);
#6379 = VERTEX_POINT('',#6380);
#6380 = CARTESIAN_POINT('',(-3.565999965888,-0.90419176857,
    1.624006471358));
#6381 = B_SPLINE_CURVE_WITH_KNOTS('',3,(#6382,#6383,#6384,#6385),
  .UNSPECIFIED.,.F.,.F.,(4,4),(12.,13.),.PIECEWISE_BEZIER_KNOTS.);
#6382 = CARTESIAN_POINT('',(-3.565999965888,-0.99170472569,
    1.646707852315));
#6383 = CARTESIAN_POINT('',(-3.565999965888,-0.966923828921,
    1.631631362672));
#6384 = CARTESIAN_POINT('',(-3.565999965888,-0.93772396105,
    1.624006471358));
#6385 = CARTESIAN_POINT('',(-3.565999965888,-0.90419176857,
    1.624006471358));
#6386 = ORIENTED_EDGE('',*,*,#6387,.T.);
#6387 = EDGE_CURVE('',#6379,#1596,#6388,.T.);
#6388 = LINE('',#6389,#6390);
#6389 = CARTESIAN_POINT('',(-3.565999965888,-0.90419176857,
    1.624006471358));
#6390 = VECTOR('',#6391,1.);
#6391 = DIRECTION('',(1.,-1.224646799147E-16,-0.));
#6392 = ORIENTED_EDGE('',*,*,#1604,.F.);
#6393 = B_SPLINE_SURFACE_WITH_KNOTS('',3,1,(
    (#6394,#6395)
    ,(#6396,#6397)
    ,(#6398,#6399)
    ,(#6400,#6401
    )),.UNSPECIFIED.,.F.,.F.,.F.,(4,4),(2,2),(12.,13.),(0.,1.),
  .PIECEWISE_BEZIER_KNOTS.);
#6394 = CARTESIAN_POINT('',(-3.565999965888,-0.99170472569,
    1.646707852315));
#6395 = CARTESIAN_POINT('',(-3.555999965983,-0.99170472569,
    1.646707852315));
#6396 = CARTESIAN_POINT('',(-3.565999965888,-0.966923828921,
    1.631631362672));
#6397 = CARTESIAN_POINT('',(-3.555999965983,-0.966923828921,
    1.631631362672));
#6398 = CARTESIAN_POINT('',(-3.565999965888,-0.93772396105,
    1.624006471358));
#6399 = CARTESIAN_POINT('',(-3.555999965983,-0.93772396105,
    1.624006471358));
#6400 = CARTESIAN_POINT('',(-3.565999965888,-0.90419176857,
    1.624006471358));
#6401 = CARTESIAN_POINT('',(-3.555999965983,-0.90419176857,
    1.624006471358));
#6402 = ADVANCED_FACE('',(#6403),#6422,.F.);
#6403 = FACE_BOUND('',#6404,.F.);
#6404 = EDGE_LOOP('',(#6405,#6406,#6415,#6421));
#6405 = ORIENTED_EDGE('',*,*,#6387,.F.);
#6406 = ORIENTED_EDGE('',*,*,#6407,.T.);
#6407 = EDGE_CURVE('',#6379,#6408,#6410,.T.);
#6408 = VERTEX_POINT('',#6409);
#6409 = CARTESIAN_POINT('',(-3.565999965888,-0.817112043911,
    1.659704826144));
#6410 = B_SPLINE_CURVE_WITH_KNOTS('',3,(#6411,#6412,#6413,#6414),
  .UNSPECIFIED.,.F.,.F.,(4,4),(11.,12.),.PIECEWISE_BEZIER_KNOTS.);
#6411 = CARTESIAN_POINT('',(-3.565999965888,-0.90419176857,
    1.624006471358));
#6412 = CARTESIAN_POINT('',(-3.565999965888,-0.8683201208,1.624006471358
    ));
#6413 = CARTESIAN_POINT('',(-3.565999965888,-0.839293545914,
    1.635963687281));
#6414 = CARTESIAN_POINT('',(-3.565999965888,-0.817112043911,
    1.659704826144));
#6415 = ORIENTED_EDGE('',*,*,#6416,.T.);
#6416 = EDGE_CURVE('',#6408,#1587,#6417,.T.);
#6417 = LINE('',#6418,#6419);
#6418 = CARTESIAN_POINT('',(-3.565999965888,-0.817112043911,
    1.659704826144));
#6419 = VECTOR('',#6420,1.);
#6420 = DIRECTION('',(1.,-1.224646799147E-16,-0.));
#6421 = ORIENTED_EDGE('',*,*,#1595,.F.);
#6422 = B_SPLINE_SURFACE_WITH_KNOTS('',3,1,(
    (#6423,#6424)
    ,(#6425,#6426)
    ,(#6427,#6428)
    ,(#6429,#6430
    )),.UNSPECIFIED.,.F.,.F.,.F.,(4,4),(2,2),(11.,12.),(0.,1.),
  .PIECEWISE_BEZIER_KNOTS.);
#6423 = CARTESIAN_POINT('',(-3.565999965888,-0.90419176857,
    1.624006471358));
#6424 = CARTESIAN_POINT('',(-3.555999965983,-0.90419176857,
    1.624006471358));
#6425 = CARTESIAN_POINT('',(-3.565999965888,-0.8683201208,1.624006471358
    ));
#6426 = CARTESIAN_POINT('',(-3.555999965983,-0.8683201208,1.624006471358
    ));
#6427 = CARTESIAN_POINT('',(-3.565999965888,-0.839293545914,
    1.635963687281));
#6428 = CARTESIAN_POINT('',(-3.555999965983,-0.839293545914,
    1.635963687281));
#6429 = CARTESIAN_POINT('',(-3.565999965888,-0.817112043911,
    1.659704826144));
#6430 = CARTESIAN_POINT('',(-3.555999965983,-0.817112043911,
    1.659704826144));
#6431 = ADVANCED_FACE('',(#6432),#6451,.F.);
#6432 = FACE_BOUND('',#6433,.F.);
#6433 = EDGE_LOOP('',(#6434,#6435,#6444,#6450));
#6434 = ORIENTED_EDGE('',*,*,#6416,.F.);
#6435 = ORIENTED_EDGE('',*,*,#6436,.T.);
#6436 = EDGE_CURVE('',#6408,#6437,#6439,.T.);
#6437 = VERTEX_POINT('',#6438);
#6438 = CARTESIAN_POINT('',(-3.565999965888,-0.783839790908,
    1.756402311437));
#6439 = B_SPLINE_CURVE_WITH_KNOTS('',3,(#6440,#6441,#6442,#6443),
  .UNSPECIFIED.,.F.,.F.,(4,4),(10.,11.),.PIECEWISE_BEZIER_KNOTS.);
#6440 = CARTESIAN_POINT('',(-3.565999965888,-0.817112043911,
    1.659704826144));
#6441 = CARTESIAN_POINT('',(-3.565999965888,-0.794930541908,
    1.683619257991));
#6442 = CARTESIAN_POINT('',(-3.565999965888,-0.783839790908,
    1.715851753089));
#6443 = CARTESIAN_POINT('',(-3.565999965888,-0.783839790908,
    1.756402311437));
#6444 = ORIENTED_EDGE('',*,*,#6445,.T.);
#6445 = EDGE_CURVE('',#6437,#1578,#6446,.T.);
#6446 = LINE('',#6447,#6448);
#6447 = CARTESIAN_POINT('',(-3.565999965888,-0.783839790908,
    1.756402311437));
#6448 = VECTOR('',#6449,1.);
#6449 = DIRECTION('',(1.,-1.224646799147E-16,-0.));
#6450 = ORIENTED_EDGE('',*,*,#1586,.F.);
#6451 = B_SPLINE_SURFACE_WITH_KNOTS('',3,1,(
    (#6452,#6453)
    ,(#6454,#6455)
    ,(#6456,#6457)
    ,(#6458,#6459
    )),.UNSPECIFIED.,.F.,.F.,.F.,(4,4),(2,2),(10.,11.),(0.,1.),
  .PIECEWISE_BEZIER_KNOTS.);
#6452 = CARTESIAN_POINT('',(-3.565999965888,-0.817112043911,
    1.659704826144));
#6453 = CARTESIAN_POINT('',(-3.555999965983,-0.817112043911,
    1.659704826144));
#6454 = CARTESIAN_POINT('',(-3.565999965888,-0.794930541908,
    1.683619257991));
#6455 = CARTESIAN_POINT('',(-3.555999965983,-0.794930541908,
    1.683619257991));
#6456 = CARTESIAN_POINT('',(-3.565999965888,-0.783839790908,
    1.715851753089));
#6457 = CARTESIAN_POINT('',(-3.555999965983,-0.783839790908,
    1.715851753089));
#6458 = CARTESIAN_POINT('',(-3.565999965888,-0.783839790908,
    1.756402311437));
#6459 = CARTESIAN_POINT('',(-3.555999965983,-0.783839790908,
    1.756402311437));
#6460 = ADVANCED_FACE('',(#6461),#6480,.F.);
#6461 = FACE_BOUND('',#6462,.F.);
#6462 = EDGE_LOOP('',(#6463,#6464,#6473,#6479));
#6463 = ORIENTED_EDGE('',*,*,#6445,.F.);
#6464 = ORIENTED_EDGE('',*,*,#6465,.T.);
#6465 = EDGE_CURVE('',#6437,#6466,#6468,.T.);
#6466 = VERTEX_POINT('',#6467);
#6467 = CARTESIAN_POINT('',(-3.565999965888,-0.819451499201,
    1.858298586261));
#6468 = B_SPLINE_CURVE_WITH_KNOTS('',3,(#6469,#6470,#6471,#6472),
  .UNSPECIFIED.,.F.,.F.,(4,4),(9.,10.),.PIECEWISE_BEZIER_KNOTS.);
#6469 = CARTESIAN_POINT('',(-3.565999965888,-0.783839790908,
    1.756402311437));
#6470 = CARTESIAN_POINT('',(-3.565999965888,-0.783839790908,
    1.799032385598));
#6471 = CARTESIAN_POINT('',(-3.565999965888,-0.795710360338,
    1.832997810538));
#6472 = CARTESIAN_POINT('',(-3.565999965888,-0.819451499201,
    1.858298586261));
#6473 = ORIENTED_EDGE('',*,*,#6474,.T.);
#6474 = EDGE_CURVE('',#6466,#1569,#6475,.T.);
#6475 = LINE('',#6476,#6477);
#6476 = CARTESIAN_POINT('',(-3.565999965888,-0.819451499201,
    1.858298586261));
#6477 = VECTOR('',#6478,1.);
#6478 = DIRECTION('',(1.,-1.224646799147E-16,-0.));
#6479 = ORIENTED_EDGE('',*,*,#1577,.F.);
#6480 = B_SPLINE_SURFACE_WITH_KNOTS('',3,1,(
    (#6481,#6482)
    ,(#6483,#6484)
    ,(#6485,#6486)
    ,(#6487,#6488
    )),.UNSPECIFIED.,.F.,.F.,.F.,(4,4),(2,2),(9.,10.),(0.,1.),
  .PIECEWISE_BEZIER_KNOTS.);
#6481 = CARTESIAN_POINT('',(-3.565999965888,-0.783839790908,
    1.756402311437));
#6482 = CARTESIAN_POINT('',(-3.555999965983,-0.783839790908,
    1.756402311437));
#6483 = CARTESIAN_POINT('',(-3.565999965888,-0.783839790908,
    1.799032385598));
#6484 = CARTESIAN_POINT('',(-3.555999965983,-0.783839790908,
    1.799032385598));
#6485 = CARTESIAN_POINT('',(-3.565999965888,-0.795710360338,
    1.832997810538));
#6486 = CARTESIAN_POINT('',(-3.555999965983,-0.795710360338,
    1.832997810538));
#6487 = CARTESIAN_POINT('',(-3.565999965888,-0.819451499201,
    1.858298586261));
#6488 = CARTESIAN_POINT('',(-3.555999965983,-0.819451499201,
    1.858298586261));
#6489 = ADVANCED_FACE('',(#6490),#6509,.F.);
#6490 = FACE_BOUND('',#6491,.F.);
#6491 = EDGE_LOOP('',(#6492,#6493,#6502,#6508));
#6492 = ORIENTED_EDGE('',*,*,#6474,.F.);
#6493 = ORIENTED_EDGE('',*,*,#6494,.T.);
#6494 = EDGE_CURVE('',#6466,#6495,#6497,.T.);
#6495 = VERTEX_POINT('',#6496);
#6496 = CARTESIAN_POINT('',(-3.565999965888,-0.911816659884,
    1.895903163873));
#6497 = B_SPLINE_CURVE_WITH_KNOTS('',3,(#6498,#6499,#6500,#6501),
  .UNSPECIFIED.,.F.,.F.,(4,4),(8.,9.),.PIECEWISE_BEZIER_KNOTS.);
#6498 = CARTESIAN_POINT('',(-3.565999965888,-0.819451499201,
    1.858298586261));
#6499 = CARTESIAN_POINT('',(-3.565999965888,-0.843279284555,
    1.883426068997));
#6500 = CARTESIAN_POINT('',(-3.565999965888,-0.874038789286,
    1.895903163873));
#6501 = CARTESIAN_POINT('',(-3.565999965888,-0.911816659884,
    1.895903163873));
#6502 = ORIENTED_EDGE('',*,*,#6503,.T.);
#6503 = EDGE_CURVE('',#6495,#1560,#6504,.T.);
#6504 = LINE('',#6505,#6506);
#6505 = CARTESIAN_POINT('',(-3.565999965888,-0.911816659884,
    1.895903163873));
#6506 = VECTOR('',#6507,1.);
#6507 = DIRECTION('',(1.,-1.224646799147E-16,-0.));
#6508 = ORIENTED_EDGE('',*,*,#1568,.F.);
#6509 = B_SPLINE_SURFACE_WITH_KNOTS('',3,1,(
    (#6510,#6511)
    ,(#6512,#6513)
    ,(#6514,#6515)
    ,(#6516,#6517
    )),.UNSPECIFIED.,.F.,.F.,.F.,(4,4),(2,2),(8.,9.),(0.,1.),
  .PIECEWISE_BEZIER_KNOTS.);
#6510 = CARTESIAN_POINT('',(-3.565999965888,-0.819451499201,
    1.858298586261));
#6511 = CARTESIAN_POINT('',(-3.555999965983,-0.819451499201,
    1.858298586261));
#6512 = CARTESIAN_POINT('',(-3.565999965888,-0.843279284555,
    1.883426068997));
#6513 = CARTESIAN_POINT('',(-3.555999965983,-0.843279284555,
    1.883426068997));
#6514 = CARTESIAN_POINT('',(-3.565999965888,-0.874038789286,
    1.895903163873));
#6515 = CARTESIAN_POINT('',(-3.555999965983,-0.874038789286,
    1.895903163873));
#6516 = CARTESIAN_POINT('',(-3.565999965888,-0.911816659884,
    1.895903163873));
#6517 = CARTESIAN_POINT('',(-3.555999965983,-0.911816659884,
    1.895903163873));
#6518 = ADVANCED_FACE('',(#6519),#6538,.F.);
#6519 = FACE_BOUND('',#6520,.F.);
#6520 = EDGE_LOOP('',(#6521,#6522,#6531,#6537));
#6521 = ORIENTED_EDGE('',*,*,#6503,.F.);
#6522 = ORIENTED_EDGE('',*,*,#6523,.T.);
#6523 = EDGE_CURVE('',#6495,#6524,#6526,.T.);
#6524 = VERTEX_POINT('',#6525);
#6525 = CARTESIAN_POINT('',(-3.565999965888,-0.99170472569,
    1.875801177686));
#6526 = B_SPLINE_CURVE_WITH_KNOTS('',3,(#6527,#6528,#6529,#6530),
  .UNSPECIFIED.,.F.,.F.,(4,4),(7.,8.),.PIECEWISE_BEZIER_KNOTS.);
#6527 = CARTESIAN_POINT('',(-3.565999965888,-0.911816659884,
    1.895903163873));
#6528 = CARTESIAN_POINT('',(-3.565999965888,-0.940843234769,
    1.895903163873));
#6529 = CARTESIAN_POINT('',(-3.565999965888,-0.967443707874,
    1.889318030467));
#6530 = CARTESIAN_POINT('',(-3.565999965888,-0.99170472569,
    1.875801177686));
#6531 = ORIENTED_EDGE('',*,*,#6532,.T.);
#6532 = EDGE_CURVE('',#6524,#1552,#6533,.T.);
#6533 = LINE('',#6534,#6535);
#6534 = CARTESIAN_POINT('',(-3.565999965888,-0.99170472569,
    1.875801177686));
#6535 = VECTOR('',#6536,1.);
#6536 = DIRECTION('',(1.,-1.224646799147E-16,-0.));
#6537 = ORIENTED_EDGE('',*,*,#1559,.F.);
#6538 = B_SPLINE_SURFACE_WITH_KNOTS('',3,1,(
    (#6539,#6540)
    ,(#6541,#6542)
    ,(#6543,#6544)
    ,(#6545,#6546
    )),.UNSPECIFIED.,.F.,.F.,.F.,(4,4),(2,2),(7.,8.),(0.,1.),
  .PIECEWISE_BEZIER_KNOTS.);
#6539 = CARTESIAN_POINT('',(-3.565999965888,-0.911816659884,
    1.895903163873));
#6540 = CARTESIAN_POINT('',(-3.555999965983,-0.911816659884,
    1.895903163873));
#6541 = CARTESIAN_POINT('',(-3.565999965888,-0.940843234769,
    1.895903163873));
#6542 = CARTESIAN_POINT('',(-3.555999965983,-0.940843234769,
    1.895903163873));
#6543 = CARTESIAN_POINT('',(-3.565999965888,-0.967443707874,
    1.889318030467));
#6544 = CARTESIAN_POINT('',(-3.555999965983,-0.967443707874,
    1.889318030467));
#6545 = CARTESIAN_POINT('',(-3.565999965888,-0.99170472569,
    1.875801177686));
#6546 = CARTESIAN_POINT('',(-3.555999965983,-0.99170472569,
    1.875801177686));
#6547 = ADVANCED_FACE('',(#6548),#6566,.F.);
#6548 = FACE_BOUND('',#6549,.T.);
#6549 = EDGE_LOOP('',(#6550,#6551,#6559,#6565));
#6550 = ORIENTED_EDGE('',*,*,#1551,.T.);
#6551 = ORIENTED_EDGE('',*,*,#6552,.F.);
#6552 = EDGE_CURVE('',#6553,#1543,#6555,.T.);
#6553 = VERTEX_POINT('',#6554);
#6554 = CARTESIAN_POINT('',(-3.565999965888,-0.99170472569,
    1.921550525565));
#6555 = LINE('',#6556,#6557);
#6556 = CARTESIAN_POINT('',(-3.565999965888,-0.99170472569,
    1.921550525565));
#6557 = VECTOR('',#6558,1.);
#6558 = DIRECTION('',(1.,-1.224646799147E-16,-0.));
#6559 = ORIENTED_EDGE('',*,*,#6560,.F.);
#6560 = EDGE_CURVE('',#6524,#6553,#6561,.T.);
#6561 = LINE('',#6562,#6563);
#6562 = CARTESIAN_POINT('',(-3.565999965888,-0.99170472569,
    1.921550525565));
#6563 = VECTOR('',#6564,1.);
#6564 = DIRECTION('',(0.,0.,1.));
#6565 = ORIENTED_EDGE('',*,*,#6532,.T.);
#6566 = PLANE('',#6567);
#6567 = AXIS2_PLACEMENT_3D('',#6568,#6569,#6570);
#6568 = CARTESIAN_POINT('',(-3.565999965888,-0.99170472569,
    1.921550525565));
#6569 = DIRECTION('',(1.224646799147E-16,1.,0.));
#6570 = DIRECTION('',(0.,0.,-1.));
#6571 = ADVANCED_FACE('',(#6572),#6591,.F.);
#6572 = FACE_BOUND('',#6573,.F.);
#6573 = EDGE_LOOP('',(#6574,#6575,#6584,#6590));
#6574 = ORIENTED_EDGE('',*,*,#6552,.F.);
#6575 = ORIENTED_EDGE('',*,*,#6576,.T.);
#6576 = EDGE_CURVE('',#6553,#6577,#6579,.T.);
#6577 = VERTEX_POINT('',#6578);
#6578 = CARTESIAN_POINT('',(-3.565999965888,-0.911383427422,
    1.935413964317));
#6579 = B_SPLINE_CURVE_WITH_KNOTS('',3,(#6580,#6581,#6582,#6583),
  .UNSPECIFIED.,.F.,.F.,(4,4),(5.,6.),.PIECEWISE_BEZIER_KNOTS.);
#6580 = CARTESIAN_POINT('',(-3.565999965888,-0.99170472569,
    1.921550525565));
#6581 = CARTESIAN_POINT('',(-3.565999965888,-0.970562981594,
    1.930735053739));
#6582 = CARTESIAN_POINT('',(-3.565999965888,-0.943789215504,
    1.935413964317));
#6583 = CARTESIAN_POINT('',(-3.565999965888,-0.911383427422,
    1.935413964317));
#6584 = ORIENTED_EDGE('',*,*,#6585,.T.);
#6585 = EDGE_CURVE('',#6577,#1534,#6586,.T.);
#6586 = LINE('',#6587,#6588);
#6587 = CARTESIAN_POINT('',(-3.565999965888,-0.911383427422,
    1.935413964317));
#6588 = VECTOR('',#6589,1.);
#6589 = DIRECTION('',(1.,-1.224646799147E-16,-0.));
#6590 = ORIENTED_EDGE('',*,*,#1542,.F.);
#6591 = B_SPLINE_SURFACE_WITH_KNOTS('',3,1,(
    (#6592,#6593)
    ,(#6594,#6595)
    ,(#6596,#6597)
    ,(#6598,#6599
    )),.UNSPECIFIED.,.F.,.F.,.F.,(4,4),(2,2),(5.,6.),(0.,1.),
  .PIECEWISE_BEZIER_KNOTS.);
#6592 = CARTESIAN_POINT('',(-3.565999965888,-0.99170472569,
    1.921550525565));
#6593 = CARTESIAN_POINT('',(-3.555999965983,-0.99170472569,
    1.921550525565));
#6594 = CARTESIAN_POINT('',(-3.565999965888,-0.970562981594,
    1.930735053739));
#6595 = CARTESIAN_POINT('',(-3.555999965983,-0.970562981594,
    1.930735053739));
#6596 = CARTESIAN_POINT('',(-3.565999965888,-0.943789215504,
    1.935413964317));
#6597 = CARTESIAN_POINT('',(-3.555999965983,-0.943789215504,
    1.935413964317));
#6598 = CARTESIAN_POINT('',(-3.565999965888,-0.911383427422,
    1.935413964317));
#6599 = CARTESIAN_POINT('',(-3.555999965983,-0.911383427422,
    1.935413964317));
#6600 = ADVANCED_FACE('',(#6601),#6620,.F.);
#6601 = FACE_BOUND('',#6602,.F.);
#6602 = EDGE_LOOP('',(#6603,#6604,#6613,#6619));
#6603 = ORIENTED_EDGE('',*,*,#6585,.F.);
#6604 = ORIENTED_EDGE('',*,*,#6605,.T.);
#6605 = EDGE_CURVE('',#6577,#6606,#6608,.T.);
#6606 = VERTEX_POINT('',#6607);
#6607 = CARTESIAN_POINT('',(-3.565999965888,-0.786872418134,
    1.88550558481));
#6608 = B_SPLINE_CURVE_WITH_KNOTS('',3,(#6609,#6610,#6611,#6612),
  .UNSPECIFIED.,.F.,.F.,(4,4),(4.,5.),.PIECEWISE_BEZIER_KNOTS.);
#6609 = CARTESIAN_POINT('',(-3.565999965888,-0.911383427422,
    1.935413964317));
#6610 = CARTESIAN_POINT('',(-3.565999965888,-0.861041815456,
    1.935413964317));
#6611 = CARTESIAN_POINT('',(-3.565999965888,-0.819538145693,
    1.918777837815));
#6612 = CARTESIAN_POINT('',(-3.565999965888,-0.786872418134,
    1.88550558481));
#6613 = ORIENTED_EDGE('',*,*,#6614,.T.);
#6614 = EDGE_CURVE('',#6606,#1525,#6615,.T.);
#6615 = LINE('',#6616,#6617);
#6616 = CARTESIAN_POINT('',(-3.565999965888,-0.786872418134,
    1.88550558481));
#6617 = VECTOR('',#6618,1.);
#6618 = DIRECTION('',(1.,-1.224646799147E-16,-0.));
#6619 = ORIENTED_EDGE('',*,*,#1533,.F.);
#6620 = B_SPLINE_SURFACE_WITH_KNOTS('',3,1,(
    (#6621,#6622)
    ,(#6623,#6624)
    ,(#6625,#6626)
    ,(#6627,#6628
    )),.UNSPECIFIED.,.F.,.F.,.F.,(4,4),(2,2),(4.,5.),(0.,1.),
  .PIECEWISE_BEZIER_KNOTS.);
#6621 = CARTESIAN_POINT('',(-3.565999965888,-0.911383427422,
    1.935413964317));
#6622 = CARTESIAN_POINT('',(-3.555999965983,-0.911383427422,
    1.935413964317));
#6623 = CARTESIAN_POINT('',(-3.565999965888,-0.861041815456,
    1.935413964317));
#6624 = CARTESIAN_POINT('',(-3.555999965983,-0.861041815456,
    1.935413964317));
#6625 = CARTESIAN_POINT('',(-3.565999965888,-0.819538145693,
    1.918777837815));
#6626 = CARTESIAN_POINT('',(-3.555999965983,-0.819538145693,
    1.918777837815));
#6627 = CARTESIAN_POINT('',(-3.565999965888,-0.786872418134,
    1.88550558481));
#6628 = CARTESIAN_POINT('',(-3.555999965983,-0.786872418134,
    1.88550558481));
#6629 = ADVANCED_FACE('',(#6630),#6649,.F.);
#6630 = FACE_BOUND('',#6631,.F.);
#6631 = EDGE_LOOP('',(#6632,#6633,#6642,#6648));
#6632 = ORIENTED_EDGE('',*,*,#6614,.F.);
#6633 = ORIENTED_EDGE('',*,*,#6634,.T.);
#6634 = EDGE_CURVE('',#6606,#6635,#6637,.T.);
#6635 = VERTEX_POINT('',#6636);
#6636 = CARTESIAN_POINT('',(-3.565999965888,-0.737917150043,
    1.75380291667));
#6637 = B_SPLINE_CURVE_WITH_KNOTS('',3,(#6638,#6639,#6640,#6641),
  .UNSPECIFIED.,.F.,.F.,(4,4),(3.,4.),.PIECEWISE_BEZIER_KNOTS.);
#6638 = CARTESIAN_POINT('',(-3.565999965888,-0.786872418134,
    1.88550558481));
#6639 = CARTESIAN_POINT('',(-3.565999965888,-0.754206690576,
    1.852233331807));
#6640 = CARTESIAN_POINT('',(-3.565999965888,-0.737917150043,
    1.808390206754));
#6641 = CARTESIAN_POINT('',(-3.565999965888,-0.737917150043,
    1.75380291667));
#6642 = ORIENTED_EDGE('',*,*,#6643,.T.);
#6643 = EDGE_CURVE('',#6635,#1516,#6644,.T.);
#6644 = LINE('',#6645,#6646);
#6645 = CARTESIAN_POINT('',(-3.565999965888,-0.737917150043,
    1.75380291667));
#6646 = VECTOR('',#6647,1.);
#6647 = DIRECTION('',(1.,-1.224646799147E-16,-0.));
#6648 = ORIENTED_EDGE('',*,*,#1524,.F.);
#6649 = B_SPLINE_SURFACE_WITH_KNOTS('',3,1,(
    (#6650,#6651)
    ,(#6652,#6653)
    ,(#6654,#6655)
    ,(#6656,#6657
    )),.UNSPECIFIED.,.F.,.F.,.F.,(4,4),(2,2),(3.,4.),(0.,1.),
  .PIECEWISE_BEZIER_KNOTS.);
#6650 = CARTESIAN_POINT('',(-3.565999965888,-0.786872418134,
    1.88550558481));
#6651 = CARTESIAN_POINT('',(-3.555999965983,-0.786872418134,
    1.88550558481));
#6652 = CARTESIAN_POINT('',(-3.565999965888,-0.754206690576,
    1.852233331807));
#6653 = CARTESIAN_POINT('',(-3.555999965983,-0.754206690576,
    1.852233331807));
#6654 = CARTESIAN_POINT('',(-3.565999965888,-0.737917150043,
    1.808390206754));
#6655 = CARTESIAN_POINT('',(-3.555999965983,-0.737917150043,
    1.808390206754));
#6656 = CARTESIAN_POINT('',(-3.565999965888,-0.737917150043,
    1.75380291667));
#6657 = CARTESIAN_POINT('',(-3.555999965983,-0.737917150043,
    1.75380291667));
#6658 = ADVANCED_FACE('',(#6659),#6678,.F.);
#6659 = FACE_BOUND('',#6660,.F.);
#6660 = EDGE_LOOP('',(#6661,#6662,#6671,#6677));
#6661 = ORIENTED_EDGE('',*,*,#6643,.F.);
#6662 = ORIENTED_EDGE('',*,*,#6663,.T.);
#6663 = EDGE_CURVE('',#6635,#6664,#6666,.T.);
#6664 = VERTEX_POINT('',#6665);
#6665 = CARTESIAN_POINT('',(-3.565999965888,-0.781413689126,
    1.631284776703));
#6666 = B_SPLINE_CURVE_WITH_KNOTS('',3,(#6667,#6668,#6669,#6670),
  .UNSPECIFIED.,.F.,.F.,(4,4),(2.,3.),.PIECEWISE_BEZIER_KNOTS.);
#6667 = CARTESIAN_POINT('',(-3.565999965888,-0.737917150043,
    1.75380291667));
#6668 = CARTESIAN_POINT('',(-3.565999965888,-0.737917150043,
    1.703028072242));
#6669 = CARTESIAN_POINT('',(-3.565999965888,-0.752387114239,
    1.662130927925));
#6670 = CARTESIAN_POINT('',(-3.565999965888,-0.781413689126,
    1.631284776703));
#6671 = ORIENTED_EDGE('',*,*,#6672,.T.);
#6672 = EDGE_CURVE('',#6664,#1507,#6673,.T.);
#6673 = LINE('',#6674,#6675);
#6674 = CARTESIAN_POINT('',(-3.565999965888,-0.781413689126,
    1.631284776703));
#6675 = VECTOR('',#6676,1.);
#6676 = DIRECTION('',(1.,-1.224646799147E-16,-0.));
#6677 = ORIENTED_EDGE('',*,*,#1515,.F.);
#6678 = B_SPLINE_SURFACE_WITH_KNOTS('',3,1,(
    (#6679,#6680)
    ,(#6681,#6682)
    ,(#6683,#6684)
    ,(#6685,#6686
    )),.UNSPECIFIED.,.F.,.F.,.F.,(4,4),(2,2),(2.,3.),(0.,1.),
  .PIECEWISE_BEZIER_KNOTS.);
#6679 = CARTESIAN_POINT('',(-3.565999965888,-0.737917150043,
    1.75380291667));
#6680 = CARTESIAN_POINT('',(-3.555999965983,-0.737917150043,
    1.75380291667));
#6681 = CARTESIAN_POINT('',(-3.565999965888,-0.737917150043,
    1.703028072242));
#6682 = CARTESIAN_POINT('',(-3.555999965983,-0.737917150043,
    1.703028072242));
#6683 = CARTESIAN_POINT('',(-3.565999965888,-0.752387114239,
    1.662130927925));
#6684 = CARTESIAN_POINT('',(-3.555999965983,-0.752387114239,
    1.662130927925));
#6685 = CARTESIAN_POINT('',(-3.565999965888,-0.781413689126,
    1.631284776703));
#6686 = CARTESIAN_POINT('',(-3.555999965983,-0.781413689126,
    1.631284776703));
#6687 = ADVANCED_FACE('',(#6688),#6700,.F.);
#6688 = FACE_BOUND('',#6689,.F.);
#6689 = EDGE_LOOP('',(#6690,#6691,#6698,#6699));
#6690 = ORIENTED_EDGE('',*,*,#6672,.F.);
#6691 = ORIENTED_EDGE('',*,*,#6692,.T.);
#6692 = EDGE_CURVE('',#6664,#6318,#6693,.T.);
#6693 = B_SPLINE_CURVE_WITH_KNOTS('',3,(#6694,#6695,#6696,#6697),
  .UNSPECIFIED.,.F.,.F.,(4,4),(1.,2.),.PIECEWISE_BEZIER_KNOTS.);
#6694 = CARTESIAN_POINT('',(-3.565999965888,-0.781413689126,
    1.631284776703));
#6695 = CARTESIAN_POINT('',(-3.565999965888,-0.810440264012,
    1.600438625481));
#6696 = CARTESIAN_POINT('',(-3.565999965888,-0.849257892517,
    1.585015549869));
#6697 = CARTESIAN_POINT('',(-3.565999965888,-0.897866574639,
    1.585015549869));
#6698 = ORIENTED_EDGE('',*,*,#6317,.T.);
#6699 = ORIENTED_EDGE('',*,*,#1506,.F.);
#6700 = B_SPLINE_SURFACE_WITH_KNOTS('',3,1,(
    (#6701,#6702)
    ,(#6703,#6704)
    ,(#6705,#6706)
    ,(#6707,#6708
    )),.UNSPECIFIED.,.F.,.F.,.F.,(4,4),(2,2),(1.,2.),(0.,1.),
  .PIECEWISE_BEZIER_KNOTS.);
#6701 = CARTESIAN_POINT('',(-3.565999965888,-0.781413689126,
    1.631284776703));
#6702 = CARTESIAN_POINT('',(-3.555999965983,-0.781413689126,
    1.631284776703));
#6703 = CARTESIAN_POINT('',(-3.565999965888,-0.810440264012,
    1.600438625481));
#6704 = CARTESIAN_POINT('',(-3.555999965983,-0.810440264012,
    1.600438625481));
#6705 = CARTESIAN_POINT('',(-3.565999965888,-0.849257892517,
    1.585015549869));
#6706 = CARTESIAN_POINT('',(-3.555999965983,-0.849257892517,
    1.585015549869));
#6707 = CARTESIAN_POINT('',(-3.565999965888,-0.897866574639,
    1.585015549869));
#6708 = CARTESIAN_POINT('',(-3.555999965983,-0.897866574639,
    1.585015549869));
#6709 = ADVANCED_FACE('',(#6710),#6726,.T.);
#6710 = FACE_BOUND('',#6711,.T.);
#6711 = EDGE_LOOP('',(#6712,#6713,#6714,#6715,#6716,#6717,#6718,#6719,
    #6720,#6721,#6722,#6723,#6724,#6725));
#6712 = ORIENTED_EDGE('',*,*,#6325,.T.);
#6713 = ORIENTED_EDGE('',*,*,#6362,.T.);
#6714 = ORIENTED_EDGE('',*,*,#6378,.T.);
#6715 = ORIENTED_EDGE('',*,*,#6407,.T.);
#6716 = ORIENTED_EDGE('',*,*,#6436,.T.);
#6717 = ORIENTED_EDGE('',*,*,#6465,.T.);
#6718 = ORIENTED_EDGE('',*,*,#6494,.T.);
#6719 = ORIENTED_EDGE('',*,*,#6523,.T.);
#6720 = ORIENTED_EDGE('',*,*,#6560,.T.);
#6721 = ORIENTED_EDGE('',*,*,#6576,.T.);
#6722 = ORIENTED_EDGE('',*,*,#6605,.T.);
#6723 = ORIENTED_EDGE('',*,*,#6634,.T.);
#6724 = ORIENTED_EDGE('',*,*,#6663,.T.);
#6725 = ORIENTED_EDGE('',*,*,#6692,.T.);
#6726 = PLANE('',#6727);
#6727 = AXIS2_PLACEMENT_3D('',#6728,#6729,#6730);
#6728 = CARTESIAN_POINT('',(-3.565999965888,-0.949529545612,
    1.589954399925));
#6729 = DIRECTION('',(-1.,1.224646799147E-16,0.));
#6730 = DIRECTION('',(-0.,0.,-1.));
#6731 = ADVANCED_FACE('',(#6732),#6757,.F.);
#6732 = FACE_BOUND('',#6733,.T.);
#6733 = EDGE_LOOP('',(#6734,#6735,#6743,#6751));
#6734 = ORIENTED_EDGE('',*,*,#1623,.T.);
#6735 = ORIENTED_EDGE('',*,*,#6736,.F.);
#6736 = EDGE_CURVE('',#6737,#1614,#6739,.T.);
#6737 = VERTEX_POINT('',#6738);
#6738 = CARTESIAN_POINT('',(-3.565999965888,-1.241853148663,
    1.629378553875));
#6739 = LINE('',#6740,#6741);
#6740 = CARTESIAN_POINT('',(-3.565999965888,-1.241853148663,
    1.629378553875));
#6741 = VECTOR('',#6742,1.);
#6742 = DIRECTION('',(1.,-1.224646799147E-16,-0.));
#6743 = ORIENTED_EDGE('',*,*,#6744,.F.);
#6744 = EDGE_CURVE('',#6745,#6737,#6747,.T.);
#6745 = VERTEX_POINT('',#6746);
#6746 = CARTESIAN_POINT('',(-3.565999965888,-1.241853148663,
    1.590734218355));
#6747 = LINE('',#6748,#6749);
#6748 = CARTESIAN_POINT('',(-3.565999965888,-1.241853148663,
    1.629378553875));
#6749 = VECTOR('',#6750,1.);
#6750 = DIRECTION('',(0.,0.,1.));
#6751 = ORIENTED_EDGE('',*,*,#6752,.T.);
#6752 = EDGE_CURVE('',#6745,#1624,#6753,.T.);
#6753 = LINE('',#6754,#6755);
#6754 = CARTESIAN_POINT('',(-3.565999965888,-1.241853148663,
    1.590734218355));
#6755 = VECTOR('',#6756,1.);
#6756 = DIRECTION('',(1.,-1.224646799147E-16,-0.));
#6757 = PLANE('',#6758);
#6758 = AXIS2_PLACEMENT_3D('',#6759,#6760,#6761);
#6759 = CARTESIAN_POINT('',(-3.565999965888,-1.241853148663,
    1.629378553875));
#6760 = DIRECTION('',(1.224646799147E-16,1.,0.));
#6761 = DIRECTION('',(0.,0.,-1.));
#6762 = ADVANCED_FACE('',(#6763),#6781,.F.);
#6763 = FACE_BOUND('',#6764,.T.);
#6764 = EDGE_LOOP('',(#6765,#6766,#6774,#6780));
#6765 = ORIENTED_EDGE('',*,*,#1613,.T.);
#6766 = ORIENTED_EDGE('',*,*,#6767,.F.);
#6767 = EDGE_CURVE('',#6768,#1616,#6770,.T.);
#6768 = VERTEX_POINT('',#6769);
#6769 = CARTESIAN_POINT('',(-3.565999965888,-1.10330540764,
    1.629378553875));
#6770 = LINE('',#6771,#6772);
#6771 = CARTESIAN_POINT('',(-3.565999965888,-1.10330540764,
    1.629378553875));
#6772 = VECTOR('',#6773,1.);
#6773 = DIRECTION('',(1.,-1.224646799147E-16,-0.));
#6774 = ORIENTED_EDGE('',*,*,#6775,.F.);
#6775 = EDGE_CURVE('',#6737,#6768,#6776,.T.);
#6776 = LINE('',#6777,#6778);
#6777 = CARTESIAN_POINT('',(-3.565999965888,-1.10330540764,
    1.629378553875));
#6778 = VECTOR('',#6779,1.);
#6779 = DIRECTION('',(1.224646799147E-16,1.,-3.130190803856E-15));
#6780 = ORIENTED_EDGE('',*,*,#6736,.T.);
#6781 = PLANE('',#6782);
#6782 = AXIS2_PLACEMENT_3D('',#6783,#6784,#6785);
#6783 = CARTESIAN_POINT('',(-3.565999965888,-1.10330540764,
    1.629378553875));
#6784 = DIRECTION('',(-3.833378148663E-31,-3.130190803856E-15,-1.));
#6785 = DIRECTION('',(-1.224646799147E-16,-1.,3.130190803856E-15));
#6786 = ADVANCED_FACE('',(#6787),#6805,.F.);
#6787 = FACE_BOUND('',#6788,.T.);
#6788 = EDGE_LOOP('',(#6789,#6790,#6798,#6804));
#6789 = ORIENTED_EDGE('',*,*,#1703,.T.);
#6790 = ORIENTED_EDGE('',*,*,#6791,.F.);
#6791 = EDGE_CURVE('',#6792,#1696,#6794,.T.);
#6792 = VERTEX_POINT('',#6793);
#6793 = CARTESIAN_POINT('',(-3.565999965888,-1.10330540764,
    1.743405337606));
#6794 = LINE('',#6795,#6796);
#6795 = CARTESIAN_POINT('',(-3.565999965888,-1.10330540764,
    1.743405337606));
#6796 = VECTOR('',#6797,1.);
#6797 = DIRECTION('',(1.,-1.224646799147E-16,-0.));
#6798 = ORIENTED_EDGE('',*,*,#6799,.F.);
#6799 = EDGE_CURVE('',#6768,#6792,#6800,.T.);
#6800 = LINE('',#6801,#6802);
#6801 = CARTESIAN_POINT('',(-3.565999965888,-1.10330540764,
    1.743405337606));
#6802 = VECTOR('',#6803,1.);
#6803 = DIRECTION('',(4.657729224702E-31,3.803324540549E-15,1.));
#6804 = ORIENTED_EDGE('',*,*,#6767,.T.);
#6805 = PLANE('',#6806);
#6806 = AXIS2_PLACEMENT_3D('',#6807,#6808,#6809);
#6807 = CARTESIAN_POINT('',(-3.565999965888,-1.10330540764,
    1.743405337606));
#6808 = DIRECTION('',(1.224646799147E-16,1.,-3.803324540549E-15));
#6809 = DIRECTION('',(-4.657729224702E-31,-3.803324540549E-15,-1.));
#6810 = ADVANCED_FACE('',(#6811),#6829,.F.);
#6811 = FACE_BOUND('',#6812,.T.);
#6812 = EDGE_LOOP('',(#6813,#6814,#6822,#6828));
#6813 = ORIENTED_EDGE('',*,*,#1695,.T.);
#6814 = ORIENTED_EDGE('',*,*,#6815,.F.);
#6815 = EDGE_CURVE('',#6816,#1688,#6818,.T.);
#6816 = VERTEX_POINT('',#6817);
#6817 = CARTESIAN_POINT('',(-3.565999965888,-1.224523850224,
    1.743405337606));
#6818 = LINE('',#6819,#6820);
#6819 = CARTESIAN_POINT('',(-3.565999965888,-1.224523850224,
    1.743405337606));
#6820 = VECTOR('',#6821,1.);
#6821 = DIRECTION('',(1.,-1.224646799147E-16,-0.));
#6822 = ORIENTED_EDGE('',*,*,#6823,.F.);
#6823 = EDGE_CURVE('',#6792,#6816,#6824,.T.);
#6824 = LINE('',#6825,#6826);
#6825 = CARTESIAN_POINT('',(-3.565999965888,-1.224523850224,
    1.743405337606));
#6826 = VECTOR('',#6827,1.);
#6827 = DIRECTION('',(-1.224646799147E-16,-1.,2.683260415671E-15));
#6828 = ORIENTED_EDGE('',*,*,#6791,.T.);
#6829 = PLANE('',#6830);
#6830 = AXIS2_PLACEMENT_3D('',#6831,#6832,#6833);
#6831 = CARTESIAN_POINT('',(-3.565999965888,-1.224523850224,
    1.743405337606));
#6832 = DIRECTION('',(3.286046279331E-31,2.683260415671E-15,1.));
#6833 = DIRECTION('',(1.224646799147E-16,1.,-2.683260415671E-15));
#6834 = ADVANCED_FACE('',(#6835),#6853,.F.);
#6835 = FACE_BOUND('',#6836,.T.);
#6836 = EDGE_LOOP('',(#6837,#6838,#6846,#6852));
#6837 = ORIENTED_EDGE('',*,*,#1687,.T.);
#6838 = ORIENTED_EDGE('',*,*,#6839,.F.);
#6839 = EDGE_CURVE('',#6840,#1680,#6842,.T.);
#6840 = VERTEX_POINT('',#6841);
#6841 = CARTESIAN_POINT('',(-3.565999965888,-1.224523850224,
    1.78222296611));
#6842 = LINE('',#6843,#6844);
#6843 = CARTESIAN_POINT('',(-3.565999965888,-1.224523850224,
    1.78222296611));
#6844 = VECTOR('',#6845,1.);
#6845 = DIRECTION('',(1.,-1.224646799147E-16,-0.));
#6846 = ORIENTED_EDGE('',*,*,#6847,.F.);
#6847 = EDGE_CURVE('',#6816,#6840,#6848,.T.);
#6848 = LINE('',#6849,#6850);
#6849 = CARTESIAN_POINT('',(-3.565999965888,-1.224523850224,
    1.78222296611));
#6850 = VECTOR('',#6851,1.);
#6851 = DIRECTION('',(0.,0.,1.));
#6852 = ORIENTED_EDGE('',*,*,#6815,.T.);
#6853 = PLANE('',#6854);
#6854 = AXIS2_PLACEMENT_3D('',#6855,#6856,#6857);
#6855 = CARTESIAN_POINT('',(-3.565999965888,-1.224523850224,
    1.78222296611));
#6856 = DIRECTION('',(1.224646799147E-16,1.,0.));
#6857 = DIRECTION('',(0.,0.,-1.));
#6858 = ADVANCED_FACE('',(#6859),#6877,.F.);
#6859 = FACE_BOUND('',#6860,.T.);
#6860 = EDGE_LOOP('',(#6861,#6862,#6870,#6876));
#6861 = ORIENTED_EDGE('',*,*,#1679,.T.);
#6862 = ORIENTED_EDGE('',*,*,#6863,.F.);
#6863 = EDGE_CURVE('',#6864,#1672,#6866,.T.);
#6864 = VERTEX_POINT('',#6865);
#6865 = CARTESIAN_POINT('',(-3.565999965888,-1.10330540764,1.78222296611
    ));
#6866 = LINE('',#6867,#6868);
#6867 = CARTESIAN_POINT('',(-3.565999965888,-1.10330540764,1.78222296611
    ));
#6868 = VECTOR('',#6869,1.);
#6869 = DIRECTION('',(1.,-1.224646799147E-16,-0.));
#6870 = ORIENTED_EDGE('',*,*,#6871,.F.);
#6871 = EDGE_CURVE('',#6840,#6864,#6872,.T.);
#6872 = LINE('',#6873,#6874);
#6873 = CARTESIAN_POINT('',(-3.565999965888,-1.10330540764,1.78222296611
    ));
#6874 = VECTOR('',#6875,1.);
#6875 = DIRECTION('',(1.224646799147E-16,1.,-2.683260415671E-15));
#6876 = ORIENTED_EDGE('',*,*,#6839,.T.);
#6877 = PLANE('',#6878);
#6878 = AXIS2_PLACEMENT_3D('',#6879,#6880,#6881);
#6879 = CARTESIAN_POINT('',(-3.565999965888,-1.10330540764,1.78222296611
    ));
#6880 = DIRECTION('',(-3.286046279331E-31,-2.683260415671E-15,-1.));
#6881 = DIRECTION('',(-1.224646799147E-16,-1.,2.683260415671E-15));
#6882 = ADVANCED_FACE('',(#6883),#6901,.F.);
#6883 = FACE_BOUND('',#6884,.T.);
#6884 = EDGE_LOOP('',(#6885,#6886,#6894,#6900));
#6885 = ORIENTED_EDGE('',*,*,#1671,.T.);
#6886 = ORIENTED_EDGE('',*,*,#6887,.F.);
#6887 = EDGE_CURVE('',#6888,#1664,#6890,.T.);
#6888 = VERTEX_POINT('',#6889);
#6889 = CARTESIAN_POINT('',(-3.565999965888,-1.10330540764,
    1.890704374343));
#6890 = LINE('',#6891,#6892);
#6891 = CARTESIAN_POINT('',(-3.565999965888,-1.10330540764,
    1.890704374343));
#6892 = VECTOR('',#6893,1.);
#6893 = DIRECTION('',(1.,-1.224646799147E-16,-0.));
#6894 = ORIENTED_EDGE('',*,*,#6895,.F.);
#6895 = EDGE_CURVE('',#6864,#6888,#6896,.T.);
#6896 = LINE('',#6897,#6898);
#6897 = CARTESIAN_POINT('',(-3.565999965888,-1.10330540764,
    1.890704374343));
#6898 = VECTOR('',#6899,1.);
#6899 = DIRECTION('',(4.895824009276E-31,3.99774368633E-15,1.));
#6900 = ORIENTED_EDGE('',*,*,#6863,.T.);
#6901 = PLANE('',#6902);
#6902 = AXIS2_PLACEMENT_3D('',#6903,#6904,#6905);
#6903 = CARTESIAN_POINT('',(-3.565999965888,-1.10330540764,
    1.890704374343));
#6904 = DIRECTION('',(1.224646799147E-16,1.,-3.99774368633E-15));
#6905 = DIRECTION('',(-4.895824009276E-31,-3.99774368633E-15,-1.));
#6906 = ADVANCED_FACE('',(#6907),#6925,.F.);
#6907 = FACE_BOUND('',#6908,.T.);
#6908 = EDGE_LOOP('',(#6909,#6910,#6918,#6924));
#6909 = ORIENTED_EDGE('',*,*,#1663,.T.);
#6910 = ORIENTED_EDGE('',*,*,#6911,.F.);
#6911 = EDGE_CURVE('',#6912,#1656,#6914,.T.);
#6912 = VERTEX_POINT('',#6913);
#6913 = CARTESIAN_POINT('',(-3.565999965888,-1.234141610858,
    1.890704374343));
#6914 = LINE('',#6915,#6916);
#6915 = CARTESIAN_POINT('',(-3.565999965888,-1.234141610858,
    1.890704374343));
#6916 = VECTOR('',#6917,1.);
#6917 = DIRECTION('',(1.,-1.224646799147E-16,-0.));
#6918 = ORIENTED_EDGE('',*,*,#6919,.F.);
#6919 = EDGE_CURVE('',#6888,#6912,#6920,.T.);
#6920 = LINE('',#6921,#6922);
#6921 = CARTESIAN_POINT('',(-3.565999965888,-1.234141610858,
    1.890704374343));
#6922 = VECTOR('',#6923,1.);
#6923 = DIRECTION('',(-1.224646799147E-16,-1.,3.314685493603E-15));
#6924 = ORIENTED_EDGE('',*,*,#6887,.T.);
#6925 = PLANE('',#6926);
#6926 = AXIS2_PLACEMENT_3D('',#6927,#6928,#6929);
#6927 = CARTESIAN_POINT('',(-3.565999965888,-1.234141610858,
    1.890704374343));
#6928 = DIRECTION('',(4.059318979921E-31,3.314685493603E-15,1.));
#6929 = DIRECTION('',(1.224646799147E-16,1.,-3.314685493603E-15));
#6930 = ADVANCED_FACE('',(#6931),#6949,.F.);
#6931 = FACE_BOUND('',#6932,.T.);
#6932 = EDGE_LOOP('',(#6933,#6934,#6942,#6948));
#6933 = ORIENTED_EDGE('',*,*,#1655,.T.);
#6934 = ORIENTED_EDGE('',*,*,#6935,.F.);
#6935 = EDGE_CURVE('',#6936,#1648,#6938,.T.);
#6936 = VERTEX_POINT('',#6937);
#6937 = CARTESIAN_POINT('',(-3.565999965888,-1.234141610858,
    1.929695295831));
#6938 = LINE('',#6939,#6940);
#6939 = CARTESIAN_POINT('',(-3.565999965888,-1.234141610858,
    1.929695295831));
#6940 = VECTOR('',#6941,1.);
#6941 = DIRECTION('',(1.,-1.224646799147E-16,-0.));
#6942 = ORIENTED_EDGE('',*,*,#6943,.F.);
#6943 = EDGE_CURVE('',#6912,#6936,#6944,.T.);
#6944 = LINE('',#6945,#6946);
#6945 = CARTESIAN_POINT('',(-3.565999965888,-1.234141610858,
    1.929695295831));
#6946 = VECTOR('',#6947,1.);
#6947 = DIRECTION('',(0.,0.,1.));
#6948 = ORIENTED_EDGE('',*,*,#6911,.T.);
#6949 = PLANE('',#6950);
#6950 = AXIS2_PLACEMENT_3D('',#6951,#6952,#6953);
#6951 = CARTESIAN_POINT('',(-3.565999965888,-1.234141610858,
    1.929695295831));
#6952 = DIRECTION('',(1.224646799147E-16,1.,0.));
#6953 = DIRECTION('',(0.,0.,-1.));
#6954 = ADVANCED_FACE('',(#6955),#6973,.F.);
#6955 = FACE_BOUND('',#6956,.T.);
#6956 = EDGE_LOOP('',(#6957,#6958,#6966,#6972));
#6957 = ORIENTED_EDGE('',*,*,#1647,.T.);
#6958 = ORIENTED_EDGE('',*,*,#6959,.F.);
#6959 = EDGE_CURVE('',#6960,#1640,#6962,.T.);
#6960 = VERTEX_POINT('',#6961);
#6961 = CARTESIAN_POINT('',(-3.565999965888,-1.059548929081,
    1.929695295831));
#6962 = LINE('',#6963,#6964);
#6963 = CARTESIAN_POINT('',(-3.565999965888,-1.059548929081,
    1.929695295831));
#6964 = VECTOR('',#6965,1.);
#6965 = DIRECTION('',(1.,-1.224646799147E-16,-0.));
#6966 = ORIENTED_EDGE('',*,*,#6967,.F.);
#6967 = EDGE_CURVE('',#6936,#6960,#6968,.T.);
#6968 = LINE('',#6969,#6970);
#6969 = CARTESIAN_POINT('',(-3.565999965888,-1.059548929081,
    1.929695295831));
#6970 = VECTOR('',#6971,1.);
#6971 = DIRECTION('',(1.224646799147E-16,1.,-3.725936795543E-15));
#6972 = ORIENTED_EDGE('',*,*,#6935,.T.);
#6973 = PLANE('',#6974);
#6974 = AXIS2_PLACEMENT_3D('',#6975,#6976,#6977);
#6975 = CARTESIAN_POINT('',(-3.565999965888,-1.059548929081,
    1.929695295831));
#6976 = DIRECTION('',(-4.562956570487E-31,-3.725936795543E-15,-1.));
#6977 = DIRECTION('',(-1.224646799147E-16,-1.,3.725936795543E-15));
#6978 = ADVANCED_FACE('',(#6979),#6997,.F.);
#6979 = FACE_BOUND('',#6980,.T.);
#6980 = EDGE_LOOP('',(#6981,#6982,#6990,#6996));
#6981 = ORIENTED_EDGE('',*,*,#1639,.T.);
#6982 = ORIENTED_EDGE('',*,*,#6983,.F.);
#6983 = EDGE_CURVE('',#6984,#1632,#6986,.T.);
#6984 = VERTEX_POINT('',#6985);
#6985 = CARTESIAN_POINT('',(-3.565999965888,-1.059548929081,
    1.590734218355));
#6986 = LINE('',#6987,#6988);
#6987 = CARTESIAN_POINT('',(-3.565999965888,-1.059548929081,
    1.590734218355));
#6988 = VECTOR('',#6989,1.);
#6989 = DIRECTION('',(1.,-1.224646799147E-16,-0.));
#6990 = ORIENTED_EDGE('',*,*,#6991,.F.);
#6991 = EDGE_CURVE('',#6960,#6984,#6992,.T.);
#6992 = LINE('',#6993,#6994);
#6993 = CARTESIAN_POINT('',(-3.565999965888,-1.059548929081,
    1.590734218355));
#6994 = VECTOR('',#6995,1.);
#6995 = DIRECTION('',(-3.133727842375E-31,-2.55888297308E-15,-1.));
#6996 = ORIENTED_EDGE('',*,*,#6959,.T.);
#6997 = PLANE('',#6998);
#6998 = AXIS2_PLACEMENT_3D('',#6999,#7000,#7001);
#6999 = CARTESIAN_POINT('',(-3.565999965888,-1.059548929081,
    1.590734218355));
#7000 = DIRECTION('',(-1.224646799147E-16,-1.,2.55888297308E-15));
#7001 = DIRECTION('',(3.133727842375E-31,2.55888297308E-15,1.));
#7002 = ADVANCED_FACE('',(#7003),#7014,.F.);
#7003 = FACE_BOUND('',#7004,.T.);
#7004 = EDGE_LOOP('',(#7005,#7006,#7007,#7013));
#7005 = ORIENTED_EDGE('',*,*,#1631,.T.);
#7006 = ORIENTED_EDGE('',*,*,#6752,.F.);
#7007 = ORIENTED_EDGE('',*,*,#7008,.F.);
#7008 = EDGE_CURVE('',#6984,#6745,#7009,.T.);
#7009 = LINE('',#7010,#7011);
#7010 = CARTESIAN_POINT('',(-3.565999965888,-1.241853148663,
    1.590734218355));
#7011 = VECTOR('',#7012,1.);
#7012 = DIRECTION('',(-1.224646799147E-16,-1.,3.568328252399E-15));
#7013 = ORIENTED_EDGE('',*,*,#6983,.T.);
#7014 = PLANE('',#7015);
#7015 = AXIS2_PLACEMENT_3D('',#7016,#7017,#7018);
#7016 = CARTESIAN_POINT('',(-3.565999965888,-1.241853148663,
    1.590734218355));
#7017 = DIRECTION('',(4.369941772607E-31,3.568328252399E-15,1.));
#7018 = DIRECTION('',(1.224646799147E-16,1.,-3.568328252399E-15));
#7019 = ADVANCED_FACE('',(#7020),#7034,.F.);
#7020 = FACE_BOUND('',#7021,.T.);
#7021 = EDGE_LOOP('',(#7022,#7023,#7024,#7025,#7026,#7027,#7028,#7029,
    #7030,#7031,#7032,#7033));
#7022 = ORIENTED_EDGE('',*,*,#6744,.T.);
#7023 = ORIENTED_EDGE('',*,*,#6775,.T.);
#7024 = ORIENTED_EDGE('',*,*,#6799,.T.);
#7025 = ORIENTED_EDGE('',*,*,#6823,.T.);
#7026 = ORIENTED_EDGE('',*,*,#6847,.T.);
#7027 = ORIENTED_EDGE('',*,*,#6871,.T.);
#7028 = ORIENTED_EDGE('',*,*,#6895,.T.);
#7029 = ORIENTED_EDGE('',*,*,#6919,.T.);
#7030 = ORIENTED_EDGE('',*,*,#6943,.T.);
#7031 = ORIENTED_EDGE('',*,*,#6967,.T.);
#7032 = ORIENTED_EDGE('',*,*,#6991,.T.);
#7033 = ORIENTED_EDGE('',*,*,#7008,.T.);
#7034 = PLANE('',#7035);
#7035 = AXIS2_PLACEMENT_3D('',#7036,#7037,#7038);
#7036 = CARTESIAN_POINT('',(-3.565999965888,2.335001270003,
    1.021200136804));
#7037 = DIRECTION('',(1.,-1.224646799147E-16,0.));
#7038 = DIRECTION('',(0.,0.,1.));
#7039 = ADVANCED_FACE('',(#7040,#7102),#7164,.T.);
#7040 = FACE_BOUND('',#7041,.T.);
#7041 = EDGE_LOOP('',(#7042,#7052,#7061,#7070,#7079,#7088,#7096));
#7042 = ORIENTED_EDGE('',*,*,#7043,.T.);
#7043 = EDGE_CURVE('',#7044,#7046,#7048,.T.);
#7044 = VERTEX_POINT('',#7045);
#7045 = CARTESIAN_POINT('',(-3.565999965888,-1.305884906398,
    1.590734218355));
#7046 = VERTEX_POINT('',#7047);
#7047 = CARTESIAN_POINT('',(-3.565999965888,-1.399116532003,
    1.590734218355));
#7048 = LINE('',#7049,#7050);
#7049 = CARTESIAN_POINT('',(-3.565999965888,-1.399116532003,
    1.590734218355));
#7050 = VECTOR('',#7051,1.);
#7051 = DIRECTION('',(-1.224646799147E-16,-1.,3.488737287641E-15));
#7052 = ORIENTED_EDGE('',*,*,#7053,.T.);
#7053 = EDGE_CURVE('',#7046,#7054,#7056,.T.);
#7054 = VERTEX_POINT('',#7055);
#7055 = CARTESIAN_POINT('',(-3.565999965888,-1.530732553651,
    1.638216496078));
#7056 = B_SPLINE_CURVE_WITH_KNOTS('',3,(#7057,#7058,#7059,#7060),
  .UNSPECIFIED.,.F.,.F.,(4,4),(5.,6.),.PIECEWISE_BEZIER_KNOTS.);
#7057 = CARTESIAN_POINT('',(-3.565999965888,-1.399116532003,
    1.590734218355));
#7058 = CARTESIAN_POINT('',(-3.565999965888,-1.452750710672,
    1.590734218355));
#7059 = CARTESIAN_POINT('',(-3.565999965888,-1.496680482217,
    1.606503879935));
#7060 = CARTESIAN_POINT('',(-3.565999965888,-1.530732553651,
    1.638216496078));
#7061 = ORIENTED_EDGE('',*,*,#7062,.T.);
#7062 = EDGE_CURVE('',#7054,#7063,#7065,.T.);
#7063 = VERTEX_POINT('',#7064);
#7064 = CARTESIAN_POINT('',(-3.565999965888,-1.581853984047,
    1.764547081704));
#7065 = B_SPLINE_CURVE_WITH_KNOTS('',3,(#7066,#7067,#7068,#7069),
  .UNSPECIFIED.,.F.,.F.,(4,4),(4.,5.),.PIECEWISE_BEZIER_KNOTS.);
#7066 = CARTESIAN_POINT('',(-3.565999965888,-1.530732553651,
    1.638216496078));
#7067 = CARTESIAN_POINT('',(-3.565999965888,-1.564784625085,
    1.669929112223));
#7068 = CARTESIAN_POINT('',(-3.565999965888,-1.581853984047,
    1.712039307432));
#7069 = CARTESIAN_POINT('',(-3.565999965888,-1.581853984047,
    1.764547081704));
#7070 = ORIENTED_EDGE('',*,*,#7071,.T.);
#7071 = EDGE_CURVE('',#7063,#7072,#7074,.T.);
#7072 = VERTEX_POINT('',#7073);
#7073 = CARTESIAN_POINT('',(-3.565999965888,-1.530732553651,
    1.884812412873));
#7074 = B_SPLINE_CURVE_WITH_KNOTS('',3,(#7075,#7076,#7077,#7078),
  .UNSPECIFIED.,.F.,.F.,(4,4),(3.,4.),.PIECEWISE_BEZIER_KNOTS.);
#7075 = CARTESIAN_POINT('',(-3.565999965888,-1.581853984047,
    1.764547081704));
#7076 = CARTESIAN_POINT('',(-3.565999965888,-1.581853984047,
    1.814802047177));
#7077 = CARTESIAN_POINT('',(-3.565999965888,-1.564784625085,
    1.854832726572));
#7078 = CARTESIAN_POINT('',(-3.565999965888,-1.530732553651,
    1.884812412873));
#7079 = ORIENTED_EDGE('',*,*,#7080,.T.);
#7080 = EDGE_CURVE('',#7072,#7081,#7083,.T.);
#7081 = VERTEX_POINT('',#7082);
#7082 = CARTESIAN_POINT('',(-3.565999965888,-1.402582391691,
    1.929695295831));
#7083 = B_SPLINE_CURVE_WITH_KNOTS('',3,(#7084,#7085,#7086,#7087),
  .UNSPECIFIED.,.F.,.F.,(4,4),(2.,3.),.PIECEWISE_BEZIER_KNOTS.);
#7084 = CARTESIAN_POINT('',(-3.565999965888,-1.530732553651,
    1.884812412873));
#7085 = CARTESIAN_POINT('',(-3.565999965888,-1.496680482217,
    1.914792099174));
#7086 = CARTESIAN_POINT('',(-3.565999965888,-1.453963761564,
    1.929695295831));
#7087 = CARTESIAN_POINT('',(-3.565999965888,-1.402582391691,
    1.929695295831));
#7088 = ORIENTED_EDGE('',*,*,#7089,.T.);
#7089 = EDGE_CURVE('',#7081,#7090,#7092,.T.);
#7090 = VERTEX_POINT('',#7091);
#7091 = CARTESIAN_POINT('',(-3.565999965888,-1.305884906398,
    1.929695295831));
#7092 = LINE('',#7093,#7094);
#7093 = CARTESIAN_POINT('',(-3.565999965888,-1.305884906398,
    1.929695295831));
#7094 = VECTOR('',#7095,1.);
#7095 = DIRECTION('',(1.224646799147E-16,1.,-4.484923920521E-15));
#7096 = ORIENTED_EDGE('',*,*,#7097,.T.);
#7097 = EDGE_CURVE('',#7090,#7044,#7098,.T.);
#7098 = LINE('',#7099,#7100);
#7099 = CARTESIAN_POINT('',(-3.565999965888,-1.305884906398,
    1.590734218355));
#7100 = VECTOR('',#7101,1.);
#7101 = DIRECTION('',(-4.700591763563E-31,-3.83832445962E-15,-1.));
#7102 = FACE_BOUND('',#7103,.T.);
#7103 = EDGE_LOOP('',(#7104,#7114,#7122,#7131,#7140,#7149,#7158));
#7104 = ORIENTED_EDGE('',*,*,#7105,.F.);
#7105 = EDGE_CURVE('',#7106,#7108,#7110,.T.);
#7106 = VERTEX_POINT('',#7107);
#7107 = CARTESIAN_POINT('',(-3.565999965888,-1.349641384959,
    1.890704374343));
#7108 = VERTEX_POINT('',#7109);
#7109 = CARTESIAN_POINT('',(-3.565999965888,-1.349641384959,
    1.629378553875));
#7110 = LINE('',#7111,#7112);
#7111 = CARTESIAN_POINT('',(-3.565999965888,-1.349641384959,
    1.890704374343));
#7112 = VECTOR('',#7113,1.);
#7113 = DIRECTION('',(-4.06470269209E-31,-3.319081628205E-15,-1.));
#7114 = ORIENTED_EDGE('',*,*,#7115,.F.);
#7115 = EDGE_CURVE('',#7116,#7106,#7118,.T.);
#7116 = VERTEX_POINT('',#7117);
#7117 = CARTESIAN_POINT('',(-3.565999965888,-1.400849461845,
    1.890704374343));
#7118 = LINE('',#7119,#7120);
#7119 = CARTESIAN_POINT('',(-3.565999965888,-1.400849461845,
    1.890704374343));
#7120 = VECTOR('',#7121,1.);
#7121 = DIRECTION('',(1.224646799147E-16,1.,-4.234496696804E-15));
#7122 = ORIENTED_EDGE('',*,*,#7123,.F.);
#7123 = EDGE_CURVE('',#7124,#7116,#7126,.T.);
#7124 = VERTEX_POINT('',#7125);
#7125 = CARTESIAN_POINT('',(-3.565999965888,-1.498673351538,
    1.858818465214));
#7126 = B_SPLINE_CURVE_WITH_KNOTS('',3,(#7127,#7128,#7129,#7130),
  .UNSPECIFIED.,.F.,.F.,(4,4),(5.,6.),.PIECEWISE_BEZIER_KNOTS.);
#7127 = CARTESIAN_POINT('',(-3.565999965888,-1.498673351538,
    1.858818465214));
#7128 = CARTESIAN_POINT('',(-3.565999965888,-1.473892454767,
    1.880133502295));
#7129 = CARTESIAN_POINT('',(-3.565999965888,-1.441226727209,
    1.890704374343));
#7130 = CARTESIAN_POINT('',(-3.565999965888,-1.400849461845,
    1.890704374343));
#7131 = ORIENTED_EDGE('',*,*,#7132,.F.);
#7132 = EDGE_CURVE('',#7133,#7124,#7135,.T.);
#7133 = VERTEX_POINT('',#7134);
#7134 = CARTESIAN_POINT('',(-3.565999965888,-1.535844696692,
    1.763334030812));
#7135 = B_SPLINE_CURVE_WITH_KNOTS('',3,(#7136,#7137,#7138,#7139),
  .UNSPECIFIED.,.F.,.F.,(4,4),(4.,5.),.PIECEWISE_BEZIER_KNOTS.);
#7136 = CARTESIAN_POINT('',(-3.565999965888,-1.535844696692,
    1.763334030812));
#7137 = CARTESIAN_POINT('',(-3.565999965888,-1.535844696692,
    1.805617519005));
#7138 = CARTESIAN_POINT('',(-3.565999965888,-1.523454248306,
    1.837503428134));
#7139 = CARTESIAN_POINT('',(-3.565999965888,-1.498673351538,
    1.858818465214));
#7140 = ORIENTED_EDGE('',*,*,#7141,.F.);
#7141 = EDGE_CURVE('',#7142,#7133,#7144,.T.);
#7142 = VERTEX_POINT('',#7143);
#7143 = CARTESIAN_POINT('',(-3.565999965888,-1.499626462953,
    1.66473032269));
#7144 = B_SPLINE_CURVE_WITH_KNOTS('',3,(#7145,#7146,#7147,#7148),
  .UNSPECIFIED.,.F.,.F.,(4,4),(3.,4.),.PIECEWISE_BEZIER_KNOTS.);
#7145 = CARTESIAN_POINT('',(-3.565999965888,-1.499626462953,
    1.66473032269));
#7146 = CARTESIAN_POINT('',(-3.565999965888,-1.523800834276,
    1.688124875585));
#7147 = CARTESIAN_POINT('',(-3.565999965888,-1.535844696692,
    1.721050542619));
#7148 = CARTESIAN_POINT('',(-3.565999965888,-1.535844696692,
    1.763334030812));
#7149 = ORIENTED_EDGE('',*,*,#7150,.F.);
#7150 = EDGE_CURVE('',#7151,#7142,#7153,.T.);
#7151 = VERTEX_POINT('',#7152);
#7152 = CARTESIAN_POINT('',(-3.565999965888,-1.398856592527,
    1.629378553875));
#7153 = B_SPLINE_CURVE_WITH_KNOTS('',3,(#7154,#7155,#7156,#7157),
  .UNSPECIFIED.,.F.,.F.,(4,4),(2.,3.),.PIECEWISE_BEZIER_KNOTS.);
#7154 = CARTESIAN_POINT('',(-3.565999965888,-1.398856592527,
    1.629378553875));
#7155 = CARTESIAN_POINT('',(-3.565999965888,-1.441919899148,
    1.629378553875));
#7156 = CARTESIAN_POINT('',(-3.565999965888,-1.475538738122,
    1.641162476814));
#7157 = CARTESIAN_POINT('',(-3.565999965888,-1.499626462953,
    1.66473032269));
#7158 = ORIENTED_EDGE('',*,*,#7159,.F.);
#7159 = EDGE_CURVE('',#7108,#7151,#7160,.T.);
#7160 = LINE('',#7161,#7162);
#7161 = CARTESIAN_POINT('',(-3.565999965888,-1.349641384959,
    1.629378553875));
#7162 = VECTOR('',#7163,1.);
#7163 = DIRECTION('',(-1.224646799147E-16,-1.,4.405963992433E-15));
#7164 = PLANE('',#7165);
#7165 = AXIS2_PLACEMENT_3D('',#7166,#7167,#7168);
#7166 = CARTESIAN_POINT('',(-3.565999965888,-1.473155959586,
    1.918496236715));
#7167 = DIRECTION('',(-1.,1.224646799147E-16,0.));
#7168 = DIRECTION('',(-0.,0.,-1.));
#7169 = ADVANCED_FACE('',(#7170),#7186,.F.);
#7170 = FACE_BOUND('',#7171,.T.);
#7171 = EDGE_LOOP('',(#7172,#7173,#7179,#7180));
#7172 = ORIENTED_EDGE('',*,*,#1213,.T.);
#7173 = ORIENTED_EDGE('',*,*,#7174,.F.);
#7174 = EDGE_CURVE('',#7046,#1203,#7175,.T.);
#7175 = LINE('',#7176,#7177);
#7176 = CARTESIAN_POINT('',(-3.565999965888,-1.399116532003,
    1.590734218355));
#7177 = VECTOR('',#7178,1.);
#7178 = DIRECTION('',(1.,-1.224646799147E-16,-0.));
#7179 = ORIENTED_EDGE('',*,*,#7043,.F.);
#7180 = ORIENTED_EDGE('',*,*,#7181,.T.);
#7181 = EDGE_CURVE('',#7044,#1214,#7182,.T.);
#7182 = LINE('',#7183,#7184);
#7183 = CARTESIAN_POINT('',(-3.565999965888,-1.305884906398,
    1.590734218355));
#7184 = VECTOR('',#7185,1.);
#7185 = DIRECTION('',(1.,-1.224646799147E-16,-0.));
#7186 = PLANE('',#7187);
#7187 = AXIS2_PLACEMENT_3D('',#7188,#7189,#7190);
#7188 = CARTESIAN_POINT('',(-3.565999965888,-1.399116532003,
    1.590734218355));
#7189 = DIRECTION('',(4.272470952376E-31,3.488737287641E-15,1.));
#7190 = DIRECTION('',(1.224646799147E-16,1.,-3.488737287641E-15));
#7191 = ADVANCED_FACE('',(#7192),#7203,.F.);
#7192 = FACE_BOUND('',#7193,.F.);
#7193 = EDGE_LOOP('',(#7194,#7195,#7196,#7202));
#7194 = ORIENTED_EDGE('',*,*,#7174,.F.);
#7195 = ORIENTED_EDGE('',*,*,#7053,.T.);
#7196 = ORIENTED_EDGE('',*,*,#7197,.T.);
#7197 = EDGE_CURVE('',#7054,#1205,#7198,.T.);
#7198 = LINE('',#7199,#7200);
#7199 = CARTESIAN_POINT('',(-3.565999965888,-1.530732553651,
    1.638216496078));
#7200 = VECTOR('',#7201,1.);
#7201 = DIRECTION('',(1.,-1.224646799147E-16,-0.));
#7202 = ORIENTED_EDGE('',*,*,#1202,.F.);
#7203 = B_SPLINE_SURFACE_WITH_KNOTS('',3,1,(
    (#7204,#7205)
    ,(#7206,#7207)
    ,(#7208,#7209)
    ,(#7210,#7211
    )),.UNSPECIFIED.,.F.,.F.,.F.,(4,4),(2,2),(5.,6.),(0.,1.),
  .PIECEWISE_BEZIER_KNOTS.);
#7204 = CARTESIAN_POINT('',(-3.565999965888,-1.399116532003,
    1.590734218355));
#7205 = CARTESIAN_POINT('',(-3.555999965983,-1.399116532003,
    1.590734218355));
#7206 = CARTESIAN_POINT('',(-3.565999965888,-1.452750710672,
    1.590734218355));
#7207 = CARTESIAN_POINT('',(-3.555999965983,-1.452750710672,
    1.590734218355));
#7208 = CARTESIAN_POINT('',(-3.565999965888,-1.496680482217,
    1.606503879935));
#7209 = CARTESIAN_POINT('',(-3.555999965983,-1.496680482217,
    1.606503879935));
#7210 = CARTESIAN_POINT('',(-3.565999965888,-1.530732553651,
    1.638216496078));
#7211 = CARTESIAN_POINT('',(-3.555999965983,-1.530732553651,
    1.638216496078));
#7212 = ADVANCED_FACE('',(#7213),#7224,.F.);
#7213 = FACE_BOUND('',#7214,.F.);
#7214 = EDGE_LOOP('',(#7215,#7216,#7217,#7223));
#7215 = ORIENTED_EDGE('',*,*,#7197,.F.);
#7216 = ORIENTED_EDGE('',*,*,#7062,.T.);
#7217 = ORIENTED_EDGE('',*,*,#7218,.T.);
#7218 = EDGE_CURVE('',#7063,#1247,#7219,.T.);
#7219 = LINE('',#7220,#7221);
#7220 = CARTESIAN_POINT('',(-3.565999965888,-1.581853984047,
    1.764547081704));
#7221 = VECTOR('',#7222,1.);
#7222 = DIRECTION('',(1.,-1.224646799147E-16,-0.));
#7223 = ORIENTED_EDGE('',*,*,#1255,.F.);
#7224 = B_SPLINE_SURFACE_WITH_KNOTS('',3,1,(
    (#7225,#7226)
    ,(#7227,#7228)
    ,(#7229,#7230)
    ,(#7231,#7232
    )),.UNSPECIFIED.,.F.,.F.,.F.,(4,4),(2,2),(4.,5.),(0.,1.),
  .PIECEWISE_BEZIER_KNOTS.);
#7225 = CARTESIAN_POINT('',(-3.565999965888,-1.530732553651,
    1.638216496078));
#7226 = CARTESIAN_POINT('',(-3.555999965983,-1.530732553651,
    1.638216496078));
#7227 = CARTESIAN_POINT('',(-3.565999965888,-1.564784625085,
    1.669929112223));
#7228 = CARTESIAN_POINT('',(-3.555999965983,-1.564784625085,
    1.669929112223));
#7229 = CARTESIAN_POINT('',(-3.565999965888,-1.581853984047,
    1.712039307432));
#7230 = CARTESIAN_POINT('',(-3.555999965983,-1.581853984047,
    1.712039307432));
#7231 = CARTESIAN_POINT('',(-3.565999965888,-1.581853984047,
    1.764547081704));
#7232 = CARTESIAN_POINT('',(-3.555999965983,-1.581853984047,
    1.764547081704));
#7233 = ADVANCED_FACE('',(#7234),#7245,.F.);
#7234 = FACE_BOUND('',#7235,.F.);
#7235 = EDGE_LOOP('',(#7236,#7237,#7238,#7244));
#7236 = ORIENTED_EDGE('',*,*,#7218,.F.);
#7237 = ORIENTED_EDGE('',*,*,#7071,.T.);
#7238 = ORIENTED_EDGE('',*,*,#7239,.T.);
#7239 = EDGE_CURVE('',#7072,#1238,#7240,.T.);
#7240 = LINE('',#7241,#7242);
#7241 = CARTESIAN_POINT('',(-3.565999965888,-1.530732553651,
    1.884812412873));
#7242 = VECTOR('',#7243,1.);
#7243 = DIRECTION('',(1.,-1.224646799147E-16,-0.));
#7244 = ORIENTED_EDGE('',*,*,#1246,.F.);
#7245 = B_SPLINE_SURFACE_WITH_KNOTS('',3,1,(
    (#7246,#7247)
    ,(#7248,#7249)
    ,(#7250,#7251)
    ,(#7252,#7253
    )),.UNSPECIFIED.,.F.,.F.,.F.,(4,4),(2,2),(3.,4.),(0.,1.),
  .PIECEWISE_BEZIER_KNOTS.);
#7246 = CARTESIAN_POINT('',(-3.565999965888,-1.581853984047,
    1.764547081704));
#7247 = CARTESIAN_POINT('',(-3.555999965983,-1.581853984047,
    1.764547081704));
#7248 = CARTESIAN_POINT('',(-3.565999965888,-1.581853984047,
    1.814802047177));
#7249 = CARTESIAN_POINT('',(-3.555999965983,-1.581853984047,
    1.814802047177));
#7250 = CARTESIAN_POINT('',(-3.565999965888,-1.564784625085,
    1.854832726572));
#7251 = CARTESIAN_POINT('',(-3.555999965983,-1.564784625085,
    1.854832726572));
#7252 = CARTESIAN_POINT('',(-3.565999965888,-1.530732553651,
    1.884812412873));
#7253 = CARTESIAN_POINT('',(-3.555999965983,-1.530732553651,
    1.884812412873));
#7254 = ADVANCED_FACE('',(#7255),#7266,.F.);
#7255 = FACE_BOUND('',#7256,.F.);
#7256 = EDGE_LOOP('',(#7257,#7258,#7259,#7265));
#7257 = ORIENTED_EDGE('',*,*,#7239,.F.);
#7258 = ORIENTED_EDGE('',*,*,#7080,.T.);
#7259 = ORIENTED_EDGE('',*,*,#7260,.T.);
#7260 = EDGE_CURVE('',#7081,#1230,#7261,.T.);
#7261 = LINE('',#7262,#7263);
#7262 = CARTESIAN_POINT('',(-3.565999965888,-1.402582391691,
    1.929695295831));
#7263 = VECTOR('',#7264,1.);
#7264 = DIRECTION('',(1.,-1.224646799147E-16,-0.));
#7265 = ORIENTED_EDGE('',*,*,#1237,.F.);
#7266 = B_SPLINE_SURFACE_WITH_KNOTS('',3,1,(
    (#7267,#7268)
    ,(#7269,#7270)
    ,(#7271,#7272)
    ,(#7273,#7274
    )),.UNSPECIFIED.,.F.,.F.,.F.,(4,4),(2,2),(2.,3.),(0.,1.),
  .PIECEWISE_BEZIER_KNOTS.);
#7267 = CARTESIAN_POINT('',(-3.565999965888,-1.530732553651,
    1.884812412873));
#7268 = CARTESIAN_POINT('',(-3.555999965983,-1.530732553651,
    1.884812412873));
#7269 = CARTESIAN_POINT('',(-3.565999965888,-1.496680482217,
    1.914792099174));
#7270 = CARTESIAN_POINT('',(-3.555999965983,-1.496680482217,
    1.914792099174));
#7271 = CARTESIAN_POINT('',(-3.565999965888,-1.453963761564,
    1.929695295831));
#7272 = CARTESIAN_POINT('',(-3.555999965983,-1.453963761564,
    1.929695295831));
#7273 = CARTESIAN_POINT('',(-3.565999965888,-1.402582391691,
    1.929695295831));
#7274 = CARTESIAN_POINT('',(-3.555999965983,-1.402582391691,
    1.929695295831));
#7275 = ADVANCED_FACE('',(#7276),#7287,.F.);
#7276 = FACE_BOUND('',#7277,.T.);
#7277 = EDGE_LOOP('',(#7278,#7279,#7285,#7286));
#7278 = ORIENTED_EDGE('',*,*,#1229,.T.);
#7279 = ORIENTED_EDGE('',*,*,#7280,.F.);
#7280 = EDGE_CURVE('',#7090,#1222,#7281,.T.);
#7281 = LINE('',#7282,#7283);
#7282 = CARTESIAN_POINT('',(-3.565999965888,-1.305884906398,
    1.929695295831));
#7283 = VECTOR('',#7284,1.);
#7284 = DIRECTION('',(1.,-1.224646799147E-16,-0.));
#7285 = ORIENTED_EDGE('',*,*,#7089,.F.);
#7286 = ORIENTED_EDGE('',*,*,#7260,.T.);
#7287 = PLANE('',#7288);
#7288 = AXIS2_PLACEMENT_3D('',#7289,#7290,#7291);
#7289 = CARTESIAN_POINT('',(-3.565999965888,-1.305884906398,
    1.929695295831));
#7290 = DIRECTION('',(-5.492447723686E-31,-4.484923920521E-15,-1.));
#7291 = DIRECTION('',(-1.224646799147E-16,-1.,4.484923920521E-15));
#7292 = ADVANCED_FACE('',(#7293),#7299,.F.);
#7293 = FACE_BOUND('',#7294,.T.);
#7294 = EDGE_LOOP('',(#7295,#7296,#7297,#7298));
#7295 = ORIENTED_EDGE('',*,*,#1221,.T.);
#7296 = ORIENTED_EDGE('',*,*,#7181,.F.);
#7297 = ORIENTED_EDGE('',*,*,#7097,.F.);
#7298 = ORIENTED_EDGE('',*,*,#7280,.T.);
#7299 = PLANE('',#7300);
#7300 = AXIS2_PLACEMENT_3D('',#7301,#7302,#7303);
#7301 = CARTESIAN_POINT('',(-3.565999965888,-1.305884906398,
    1.590734218355));
#7302 = DIRECTION('',(-1.224646799147E-16,-1.,3.83832445962E-15));
#7303 = DIRECTION('',(4.700591763563E-31,3.83832445962E-15,1.));
#7304 = ADVANCED_FACE('',(#7305),#7330,.T.);
#7305 = FACE_BOUND('',#7306,.T.);
#7306 = EDGE_LOOP('',(#7307,#7317,#7323,#7324));
#7307 = ORIENTED_EDGE('',*,*,#7308,.F.);
#7308 = EDGE_CURVE('',#7309,#7311,#7313,.T.);
#7309 = VERTEX_POINT('',#7310);
#7310 = CARTESIAN_POINT('',(-3.555999965983,-1.400849461845,
    1.890704374343));
#7311 = VERTEX_POINT('',#7312);
#7312 = CARTESIAN_POINT('',(-3.555999965983,-1.349641384959,
    1.890704374343));
#7313 = LINE('',#7314,#7315);
#7314 = CARTESIAN_POINT('',(-3.555999965983,-1.400849461845,
    1.890704374343));
#7315 = VECTOR('',#7316,1.);
#7316 = DIRECTION('',(1.224646799147E-16,1.,-4.234496696804E-15));
#7317 = ORIENTED_EDGE('',*,*,#7318,.F.);
#7318 = EDGE_CURVE('',#7116,#7309,#7319,.T.);
#7319 = LINE('',#7320,#7321);
#7320 = CARTESIAN_POINT('',(-3.565999965888,-1.400849461845,
    1.890704374343));
#7321 = VECTOR('',#7322,1.);
#7322 = DIRECTION('',(1.,-1.224646799147E-16,-0.));
#7323 = ORIENTED_EDGE('',*,*,#7115,.T.);
#7324 = ORIENTED_EDGE('',*,*,#7325,.T.);
#7325 = EDGE_CURVE('',#7106,#7311,#7326,.T.);
#7326 = LINE('',#7327,#7328);
#7327 = CARTESIAN_POINT('',(-3.565999965888,-1.349641384959,
    1.890704374343));
#7328 = VECTOR('',#7329,1.);
#7329 = DIRECTION('',(1.,-1.224646799147E-16,-0.));
#7330 = PLANE('',#7331);
#7331 = AXIS2_PLACEMENT_3D('',#7332,#7333,#7334);
#7332 = CARTESIAN_POINT('',(-3.565999965888,-1.400849461845,
    1.890704374343));
#7333 = DIRECTION('',(-5.185762825741E-31,-4.234496696804E-15,-1.));
#7334 = DIRECTION('',(-1.224646799147E-16,-1.,4.234496696804E-15));
#7335 = ADVANCED_FACE('',(#7336),#7354,.T.);
#7336 = FACE_BOUND('',#7337,.T.);
#7337 = EDGE_LOOP('',(#7338,#7346,#7347,#7348));
#7338 = ORIENTED_EDGE('',*,*,#7339,.F.);
#7339 = EDGE_CURVE('',#7311,#7340,#7342,.T.);
#7340 = VERTEX_POINT('',#7341);
#7341 = CARTESIAN_POINT('',(-3.555999965983,-1.349641384959,
    1.629378553875));
#7342 = LINE('',#7343,#7344);
#7343 = CARTESIAN_POINT('',(-3.555999965983,-1.349641384959,
    1.890704374343));
#7344 = VECTOR('',#7345,1.);
#7345 = DIRECTION('',(-4.06470269209E-31,-3.319081628205E-15,-1.));
#7346 = ORIENTED_EDGE('',*,*,#7325,.F.);
#7347 = ORIENTED_EDGE('',*,*,#7105,.T.);
#7348 = ORIENTED_EDGE('',*,*,#7349,.T.);
#7349 = EDGE_CURVE('',#7108,#7340,#7350,.T.);
#7350 = LINE('',#7351,#7352);
#7351 = CARTESIAN_POINT('',(-3.565999965888,-1.349641384959,
    1.629378553875));
#7352 = VECTOR('',#7353,1.);
#7353 = DIRECTION('',(1.,-1.224646799147E-16,-0.));
#7354 = PLANE('',#7355);
#7355 = AXIS2_PLACEMENT_3D('',#7356,#7357,#7358);
#7356 = CARTESIAN_POINT('',(-3.565999965888,-1.349641384959,
    1.890704374343));
#7357 = DIRECTION('',(-1.224646799147E-16,-1.,3.319081628205E-15));
#7358 = DIRECTION('',(4.06470269209E-31,3.319081628205E-15,1.));
#7359 = ADVANCED_FACE('',(#7360),#7378,.T.);
#7360 = FACE_BOUND('',#7361,.T.);
#7361 = EDGE_LOOP('',(#7362,#7370,#7371,#7372));
#7362 = ORIENTED_EDGE('',*,*,#7363,.F.);
#7363 = EDGE_CURVE('',#7340,#7364,#7366,.T.);
#7364 = VERTEX_POINT('',#7365);
#7365 = CARTESIAN_POINT('',(-3.555999965983,-1.398856592527,
    1.629378553875));
#7366 = LINE('',#7367,#7368);
#7367 = CARTESIAN_POINT('',(-3.555999965983,-1.349641384959,
    1.629378553875));
#7368 = VECTOR('',#7369,1.);
#7369 = DIRECTION('',(-1.224646799147E-16,-1.,4.405963992433E-15));
#7370 = ORIENTED_EDGE('',*,*,#7349,.F.);
#7371 = ORIENTED_EDGE('',*,*,#7159,.T.);
#7372 = ORIENTED_EDGE('',*,*,#7373,.T.);
#7373 = EDGE_CURVE('',#7151,#7364,#7374,.T.);
#7374 = LINE('',#7375,#7376);
#7375 = CARTESIAN_POINT('',(-3.565999965888,-1.398856592527,
    1.629378553875));
#7376 = VECTOR('',#7377,1.);
#7377 = DIRECTION('',(1.,-1.224646799147E-16,-0.));
#7378 = PLANE('',#7379);
#7379 = AXIS2_PLACEMENT_3D('',#7380,#7381,#7382);
#7380 = CARTESIAN_POINT('',(-3.565999965888,-1.349641384959,
    1.629378553875));
#7381 = DIRECTION('',(5.395749700491E-31,4.405963992433E-15,1.));
#7382 = DIRECTION('',(1.224646799147E-16,1.,-4.405963992433E-15));
#7383 = ADVANCED_FACE('',(#7384),#7403,.T.);
#7384 = FACE_BOUND('',#7385,.T.);
#7385 = EDGE_LOOP('',(#7386,#7395,#7396,#7397));
#7386 = ORIENTED_EDGE('',*,*,#7387,.F.);
#7387 = EDGE_CURVE('',#7364,#7388,#7390,.T.);
#7388 = VERTEX_POINT('',#7389);
#7389 = CARTESIAN_POINT('',(-3.555999965983,-1.499626462953,
    1.66473032269));
#7390 = B_SPLINE_CURVE_WITH_KNOTS('',3,(#7391,#7392,#7393,#7394),
  .UNSPECIFIED.,.F.,.F.,(4,4),(2.,3.),.PIECEWISE_BEZIER_KNOTS.);
#7391 = CARTESIAN_POINT('',(-3.555999965983,-1.398856592527,
    1.629378553875));
#7392 = CARTESIAN_POINT('',(-3.555999965983,-1.441919899148,
    1.629378553875));
#7393 = CARTESIAN_POINT('',(-3.555999965983,-1.475538738122,
    1.641162476814));
#7394 = CARTESIAN_POINT('',(-3.555999965983,-1.499626462953,
    1.66473032269));
#7395 = ORIENTED_EDGE('',*,*,#7373,.F.);
#7396 = ORIENTED_EDGE('',*,*,#7150,.T.);
#7397 = ORIENTED_EDGE('',*,*,#7398,.T.);
#7398 = EDGE_CURVE('',#7142,#7388,#7399,.T.);
#7399 = LINE('',#7400,#7401);
#7400 = CARTESIAN_POINT('',(-3.565999965888,-1.499626462953,
    1.66473032269));
#7401 = VECTOR('',#7402,1.);
#7402 = DIRECTION('',(1.,-1.224646799147E-16,-0.));
#7403 = B_SPLINE_SURFACE_WITH_KNOTS('',3,1,(
    (#7404,#7405)
    ,(#7406,#7407)
    ,(#7408,#7409)
    ,(#7410,#7411
    )),.UNSPECIFIED.,.F.,.F.,.F.,(4,4),(2,2),(2.,3.),(0.,1.),
  .PIECEWISE_BEZIER_KNOTS.);
#7404 = CARTESIAN_POINT('',(-3.565999965888,-1.398856592527,
    1.629378553875));
#7405 = CARTESIAN_POINT('',(-3.555999965983,-1.398856592527,
    1.629378553875));
#7406 = CARTESIAN_POINT('',(-3.565999965888,-1.441919899148,
    1.629378553875));
#7407 = CARTESIAN_POINT('',(-3.555999965983,-1.441919899148,
    1.629378553875));
#7408 = CARTESIAN_POINT('',(-3.565999965888,-1.475538738122,
    1.641162476814));
#7409 = CARTESIAN_POINT('',(-3.555999965983,-1.475538738122,
    1.641162476814));
#7410 = CARTESIAN_POINT('',(-3.565999965888,-1.499626462953,
    1.66473032269));
#7411 = CARTESIAN_POINT('',(-3.555999965983,-1.499626462953,
    1.66473032269));
#7412 = ADVANCED_FACE('',(#7413),#7432,.T.);
#7413 = FACE_BOUND('',#7414,.T.);
#7414 = EDGE_LOOP('',(#7415,#7424,#7425,#7426));
#7415 = ORIENTED_EDGE('',*,*,#7416,.F.);
#7416 = EDGE_CURVE('',#7388,#7417,#7419,.T.);
#7417 = VERTEX_POINT('',#7418);
#7418 = CARTESIAN_POINT('',(-3.555999965983,-1.535844696692,
    1.763334030812));
#7419 = B_SPLINE_CURVE_WITH_KNOTS('',3,(#7420,#7421,#7422,#7423),
  .UNSPECIFIED.,.F.,.F.,(4,4),(3.,4.),.PIECEWISE_BEZIER_KNOTS.);
#7420 = CARTESIAN_POINT('',(-3.555999965983,-1.499626462953,
    1.66473032269));
#7421 = CARTESIAN_POINT('',(-3.555999965983,-1.523800834276,
    1.688124875585));
#7422 = CARTESIAN_POINT('',(-3.555999965983,-1.535844696692,
    1.721050542619));
#7423 = CARTESIAN_POINT('',(-3.555999965983,-1.535844696692,
    1.763334030812));
#7424 = ORIENTED_EDGE('',*,*,#7398,.F.);
#7425 = ORIENTED_EDGE('',*,*,#7141,.T.);
#7426 = ORIENTED_EDGE('',*,*,#7427,.T.);
#7427 = EDGE_CURVE('',#7133,#7417,#7428,.T.);
#7428 = LINE('',#7429,#7430);
#7429 = CARTESIAN_POINT('',(-3.565999965888,-1.535844696692,
    1.763334030812));
#7430 = VECTOR('',#7431,1.);
#7431 = DIRECTION('',(1.,-1.224646799147E-16,-0.));
#7432 = B_SPLINE_SURFACE_WITH_KNOTS('',3,1,(
    (#7433,#7434)
    ,(#7435,#7436)
    ,(#7437,#7438)
    ,(#7439,#7440
    )),.UNSPECIFIED.,.F.,.F.,.F.,(4,4),(2,2),(3.,4.),(0.,1.),
  .PIECEWISE_BEZIER_KNOTS.);
#7433 = CARTESIAN_POINT('',(-3.565999965888,-1.499626462953,
    1.66473032269));
#7434 = CARTESIAN_POINT('',(-3.555999965983,-1.499626462953,
    1.66473032269));
#7435 = CARTESIAN_POINT('',(-3.565999965888,-1.523800834276,
    1.688124875585));
#7436 = CARTESIAN_POINT('',(-3.555999965983,-1.523800834276,
    1.688124875585));
#7437 = CARTESIAN_POINT('',(-3.565999965888,-1.535844696692,
    1.721050542619));
#7438 = CARTESIAN_POINT('',(-3.555999965983,-1.535844696692,
    1.721050542619));
#7439 = CARTESIAN_POINT('',(-3.565999965888,-1.535844696692,
    1.763334030812));
#7440 = CARTESIAN_POINT('',(-3.555999965983,-1.535844696692,
    1.763334030812));
#7441 = ADVANCED_FACE('',(#7442),#7461,.T.);
#7442 = FACE_BOUND('',#7443,.T.);
#7443 = EDGE_LOOP('',(#7444,#7453,#7454,#7455));
#7444 = ORIENTED_EDGE('',*,*,#7445,.F.);
#7445 = EDGE_CURVE('',#7417,#7446,#7448,.T.);
#7446 = VERTEX_POINT('',#7447);
#7447 = CARTESIAN_POINT('',(-3.555999965983,-1.498673351538,
    1.858818465214));
#7448 = B_SPLINE_CURVE_WITH_KNOTS('',3,(#7449,#7450,#7451,#7452),
  .UNSPECIFIED.,.F.,.F.,(4,4),(4.,5.),.PIECEWISE_BEZIER_KNOTS.);
#7449 = CARTESIAN_POINT('',(-3.555999965983,-1.535844696692,
    1.763334030812));
#7450 = CARTESIAN_POINT('',(-3.555999965983,-1.535844696692,
    1.805617519005));
#7451 = CARTESIAN_POINT('',(-3.555999965983,-1.523454248306,
    1.837503428134));
#7452 = CARTESIAN_POINT('',(-3.555999965983,-1.498673351538,
    1.858818465214));
#7453 = ORIENTED_EDGE('',*,*,#7427,.F.);
#7454 = ORIENTED_EDGE('',*,*,#7132,.T.);
#7455 = ORIENTED_EDGE('',*,*,#7456,.T.);
#7456 = EDGE_CURVE('',#7124,#7446,#7457,.T.);
#7457 = LINE('',#7458,#7459);
#7458 = CARTESIAN_POINT('',(-3.565999965888,-1.498673351538,
    1.858818465214));
#7459 = VECTOR('',#7460,1.);
#7460 = DIRECTION('',(1.,-1.224646799147E-16,-0.));
#7461 = B_SPLINE_SURFACE_WITH_KNOTS('',3,1,(
    (#7462,#7463)
    ,(#7464,#7465)
    ,(#7466,#7467)
    ,(#7468,#7469
    )),.UNSPECIFIED.,.F.,.F.,.F.,(4,4),(2,2),(4.,5.),(0.,1.),
  .PIECEWISE_BEZIER_KNOTS.);
#7462 = CARTESIAN_POINT('',(-3.565999965888,-1.535844696692,
    1.763334030812));
#7463 = CARTESIAN_POINT('',(-3.555999965983,-1.535844696692,
    1.763334030812));
#7464 = CARTESIAN_POINT('',(-3.565999965888,-1.535844696692,
    1.805617519005));
#7465 = CARTESIAN_POINT('',(-3.555999965983,-1.535844696692,
    1.805617519005));
#7466 = CARTESIAN_POINT('',(-3.565999965888,-1.523454248306,
    1.837503428134));
#7467 = CARTESIAN_POINT('',(-3.555999965983,-1.523454248306,
    1.837503428134));
#7468 = CARTESIAN_POINT('',(-3.565999965888,-1.498673351538,
    1.858818465214));
#7469 = CARTESIAN_POINT('',(-3.555999965983,-1.498673351538,
    1.858818465214));
#7470 = ADVANCED_FACE('',(#7471),#7483,.T.);
#7471 = FACE_BOUND('',#7472,.T.);
#7472 = EDGE_LOOP('',(#7473,#7480,#7481,#7482));
#7473 = ORIENTED_EDGE('',*,*,#7474,.F.);
#7474 = EDGE_CURVE('',#7446,#7309,#7475,.T.);
#7475 = B_SPLINE_CURVE_WITH_KNOTS('',3,(#7476,#7477,#7478,#7479),
  .UNSPECIFIED.,.F.,.F.,(4,4),(5.,6.),.PIECEWISE_BEZIER_KNOTS.);
#7476 = CARTESIAN_POINT('',(-3.555999965983,-1.498673351538,
    1.858818465214));
#7477 = CARTESIAN_POINT('',(-3.555999965983,-1.473892454767,
    1.880133502295));
#7478 = CARTESIAN_POINT('',(-3.555999965983,-1.441226727209,
    1.890704374343));
#7479 = CARTESIAN_POINT('',(-3.555999965983,-1.400849461845,
    1.890704374343));
#7480 = ORIENTED_EDGE('',*,*,#7456,.F.);
#7481 = ORIENTED_EDGE('',*,*,#7123,.T.);
#7482 = ORIENTED_EDGE('',*,*,#7318,.T.);
#7483 = B_SPLINE_SURFACE_WITH_KNOTS('',3,1,(
    (#7484,#7485)
    ,(#7486,#7487)
    ,(#7488,#7489)
    ,(#7490,#7491
    )),.UNSPECIFIED.,.F.,.F.,.F.,(4,4),(2,2),(5.,6.),(0.,1.),
  .PIECEWISE_BEZIER_KNOTS.);
#7484 = CARTESIAN_POINT('',(-3.565999965888,-1.498673351538,
    1.858818465214));
#7485 = CARTESIAN_POINT('',(-3.555999965983,-1.498673351538,
    1.858818465214));
#7486 = CARTESIAN_POINT('',(-3.565999965888,-1.473892454767,
    1.880133502295));
#7487 = CARTESIAN_POINT('',(-3.555999965983,-1.473892454767,
    1.880133502295));
#7488 = CARTESIAN_POINT('',(-3.565999965888,-1.441226727209,
    1.890704374343));
#7489 = CARTESIAN_POINT('',(-3.555999965983,-1.441226727209,
    1.890704374343));
#7490 = CARTESIAN_POINT('',(-3.565999965888,-1.400849461845,
    1.890704374343));
#7491 = CARTESIAN_POINT('',(-3.555999965983,-1.400849461845,
    1.890704374343));
#7492 = ADVANCED_FACE('',(#7493),#7502,.T.);
#7493 = FACE_BOUND('',#7494,.T.);
#7494 = EDGE_LOOP('',(#7495,#7496,#7497,#7498,#7499,#7500,#7501));
#7495 = ORIENTED_EDGE('',*,*,#7308,.T.);
#7496 = ORIENTED_EDGE('',*,*,#7339,.T.);
#7497 = ORIENTED_EDGE('',*,*,#7363,.T.);
#7498 = ORIENTED_EDGE('',*,*,#7387,.T.);
#7499 = ORIENTED_EDGE('',*,*,#7416,.T.);
#7500 = ORIENTED_EDGE('',*,*,#7445,.T.);
#7501 = ORIENTED_EDGE('',*,*,#7474,.T.);
#7502 = PLANE('',#7503);
#7503 = AXIS2_PLACEMENT_3D('',#7504,#7505,#7506);
#7504 = CARTESIAN_POINT('',(-3.555999965983,3.852651255485,
    1.834000129028));
#7505 = DIRECTION('',(-1.,1.224646799147E-16,0.));
#7506 = DIRECTION('',(4.275831445897E-31,3.491481338843E-15,1.));
#7507 = ADVANCED_FACE('',(#7508,#7574),#7626,.F.);
#7508 = FACE_BOUND('',#7509,.T.);
#7509 = EDGE_LOOP('',(#7510,#7520,#7528,#7536,#7544,#7552,#7560,#7568));
#7510 = ORIENTED_EDGE('',*,*,#7511,.T.);
#7511 = EDGE_CURVE('',#7512,#7514,#7516,.T.);
#7512 = VERTEX_POINT('',#7513);
#7513 = CARTESIAN_POINT('',(-3.565999965888,-1.90565192539,
    1.590734218355));
#7514 = VERTEX_POINT('',#7515);
#7515 = CARTESIAN_POINT('',(-3.565999965888,-1.776548652015,
    1.929695295831));
#7516 = LINE('',#7517,#7518);
#7517 = CARTESIAN_POINT('',(-3.565999965888,-1.776548652015,
    1.929695295831));
#7518 = VECTOR('',#7519,1.);
#7519 = DIRECTION('',(4.358955455518E-17,0.35593572437,0.934510438742));
#7520 = ORIENTED_EDGE('',*,*,#7521,.T.);
#7521 = EDGE_CURVE('',#7514,#7522,#7524,.T.);
#7522 = VERTEX_POINT('',#7523);
#7523 = CARTESIAN_POINT('',(-3.565999965888,-1.729759546229,
    1.929695295831));
#7524 = LINE('',#7525,#7526);
#7525 = CARTESIAN_POINT('',(-3.565999965888,-1.729759546229,
    1.929695295831));
#7526 = VECTOR('',#7527,1.);
#7527 = DIRECTION('',(1.224646799147E-16,1.,-4.63442138459E-15));
#7528 = ORIENTED_EDGE('',*,*,#7529,.T.);
#7529 = EDGE_CURVE('',#7522,#7530,#7532,.T.);
#7530 = VERTEX_POINT('',#7531);
#7531 = CARTESIAN_POINT('',(-3.565999965888,-1.600656272856,
    1.590734218355));
#7532 = LINE('',#7533,#7534);
#7533 = CARTESIAN_POINT('',(-3.565999965888,-1.600656272856,
    1.590734218355));
#7534 = VECTOR('',#7535,1.);
#7535 = DIRECTION('',(4.358955455449E-17,0.355935724364,-0.934510438744)
  );
#7536 = ORIENTED_EDGE('',*,*,#7537,.T.);
#7537 = EDGE_CURVE('',#7530,#7538,#7540,.T.);
#7538 = VERTEX_POINT('',#7539);
#7539 = CARTESIAN_POINT('',(-3.565999965888,-1.6490050155,1.590734218355
    ));
#7540 = LINE('',#7541,#7542);
#7541 = CARTESIAN_POINT('',(-3.565999965888,-1.6490050155,1.590734218355
    ));
#7542 = VECTOR('',#7543,1.);
#7543 = DIRECTION('',(-1.224646799147E-16,-1.,2.242461960368E-15));
#7544 = ORIENTED_EDGE('',*,*,#7545,.T.);
#7545 = EDGE_CURVE('',#7538,#7546,#7548,.T.);
#7546 = VERTEX_POINT('',#7547);
#7547 = CARTESIAN_POINT('',(-3.565999965888,-1.681584096566,
    1.683445965007));
#7548 = LINE('',#7549,#7550);
#7549 = CARTESIAN_POINT('',(-3.565999965888,-1.681584096566,
    1.683445965007));
#7550 = VECTOR('',#7551,1.);
#7551 = DIRECTION('',(-4.060052163592E-17,-0.33152841835,0.943445233082)
  );
#7552 = ORIENTED_EDGE('',*,*,#7553,.T.);
#7553 = EDGE_CURVE('',#7546,#7554,#7556,.T.);
#7554 = VERTEX_POINT('',#7555);
#7555 = CARTESIAN_POINT('',(-3.565999965888,-1.822731232357,
    1.683445965007));
#7556 = LINE('',#7557,#7558);
#7557 = CARTESIAN_POINT('',(-3.565999965888,-1.822731232357,
    1.683445965007));
#7558 = VECTOR('',#7559,1.);
#7559 = DIRECTION('',(-1.224646799147E-16,-1.,3.840680705423E-15));
#7560 = ORIENTED_EDGE('',*,*,#7561,.T.);
#7561 = EDGE_CURVE('',#7554,#7562,#7564,.T.);
#7562 = VERTEX_POINT('',#7563);
#7563 = CARTESIAN_POINT('',(-3.565999965888,-1.857303182744,
    1.590734218355));
#7564 = LINE('',#7565,#7566);
#7565 = CARTESIAN_POINT('',(-3.565999965888,-1.857303182744,
    1.590734218355));
#7566 = VECTOR('',#7567,1.);
#7567 = DIRECTION('',(-4.278860555684E-17,-0.349395479469,
    -0.936975345954));
#7568 = ORIENTED_EDGE('',*,*,#7569,.T.);
#7569 = EDGE_CURVE('',#7562,#7512,#7570,.T.);
#7570 = LINE('',#7571,#7572);
#7571 = CARTESIAN_POINT('',(-3.565999965888,-1.90565192539,
    1.590734218355));
#7572 = VECTOR('',#7573,1.);
#7573 = DIRECTION('',(-1.224646799147E-16,-1.,4.484923920522E-15));
#7574 = FACE_BOUND('',#7575,.T.);
#7575 = EDGE_LOOP('',(#7576,#7586,#7594,#7603,#7611,#7620));
#7576 = ORIENTED_EDGE('',*,*,#7577,.F.);
#7577 = EDGE_CURVE('',#7578,#7580,#7582,.T.);
#7578 = VERTEX_POINT('',#7579);
#7579 = CARTESIAN_POINT('',(-3.565999965888,-1.695447535318,
    1.721743714558));
#7580 = VERTEX_POINT('',#7581);
#7581 = CARTESIAN_POINT('',(-3.565999965888,-1.809214379573,
    1.721743714558));
#7582 = LINE('',#7583,#7584);
#7583 = CARTESIAN_POINT('',(-3.565999965888,-1.695447535318,
    1.721743714558));
#7584 = VECTOR('',#7585,1.);
#7585 = DIRECTION('',(-1.224646799147E-16,-1.,2.859010907473E-15));
#7586 = ORIENTED_EDGE('',*,*,#7587,.F.);
#7587 = EDGE_CURVE('',#7588,#7578,#7590,.T.);
#7588 = VERTEX_POINT('',#7589);
#7589 = CARTESIAN_POINT('',(-3.565999965888,-1.746135733254,
    1.862630910871));
#7590 = LINE('',#7591,#7592);
#7591 = CARTESIAN_POINT('',(-3.565999965888,-1.746135733254,
    1.862630910871));
#7592 = VECTOR('',#7593,1.);
#7593 = DIRECTION('',(4.145858461721E-17,0.338535034314,-0.940953787676)
  );
#7594 = ORIENTED_EDGE('',*,*,#7595,.F.);
#7595 = EDGE_CURVE('',#7596,#7588,#7598,.T.);
#7596 = VERTEX_POINT('',#7597);
#7597 = CARTESIAN_POINT('',(-3.565999965888,-1.751681108755,
    1.886372049733));
#7598 = B_SPLINE_CURVE_WITH_KNOTS('',3,(#7599,#7600,#7601,#7602),
  .UNSPECIFIED.,.F.,.F.,(4,4),(3.,4.),.PIECEWISE_BEZIER_KNOTS.);
#7599 = CARTESIAN_POINT('',(-3.565999965888,-1.751681108755,
    1.886372049733));
#7600 = CARTESIAN_POINT('',(-3.565999965888,-1.750034825403,
    1.876147763654));
#7601 = CARTESIAN_POINT('',(-3.565999965888,-1.748215249066,
    1.868176286372));
#7602 = CARTESIAN_POINT('',(-3.565999965888,-1.746135733254,
    1.862630910871));
#7603 = ORIENTED_EDGE('',*,*,#7604,.F.);
#7604 = EDGE_CURVE('',#7605,#7596,#7607,.T.);
#7605 = VERTEX_POINT('',#7606);
#7606 = CARTESIAN_POINT('',(-3.565999965888,-1.75272086666,
    1.886372049733));
#7607 = LINE('',#7608,#7609);
#7608 = CARTESIAN_POINT('',(-3.565999965888,-1.75272086666,
    1.886372049733));
#7609 = VECTOR('',#7610,1.);
#7610 = DIRECTION('',(1.224646799147E-16,1.,0.));
#7611 = ORIENTED_EDGE('',*,*,#7612,.F.);
#7612 = EDGE_CURVE('',#7613,#7605,#7615,.T.);
#7613 = VERTEX_POINT('',#7614);
#7614 = CARTESIAN_POINT('',(-3.565999965888,-1.758006302685,
    1.862630910871));
#7615 = B_SPLINE_CURVE_WITH_KNOTS('',3,(#7616,#7617,#7618,#7619),
  .UNSPECIFIED.,.F.,.F.,(4,4),(1.,2.),.PIECEWISE_BEZIER_KNOTS.);
#7616 = CARTESIAN_POINT('',(-3.565999965888,-1.758006302685,
    1.862630910871));
#7617 = CARTESIAN_POINT('',(-3.565999965888,-1.756360019333,
    1.867309821448));
#7618 = CARTESIAN_POINT('',(-3.565999965888,-1.754627089489,
    1.875108005747));
#7619 = CARTESIAN_POINT('',(-3.565999965888,-1.75272086666,
    1.886372049733));
#7620 = ORIENTED_EDGE('',*,*,#7621,.F.);
#7621 = EDGE_CURVE('',#7580,#7613,#7622,.T.);
#7622 = LINE('',#7623,#7624);
#7623 = CARTESIAN_POINT('',(-3.565999965888,-1.809214379573,
    1.721743714558));
#7624 = VECTOR('',#7625,1.);
#7625 = DIRECTION('',(4.183440378206E-17,0.341603830682,0.939844041777)
  );
#7626 = PLANE('',#7627);
#7627 = AXIS2_PLACEMENT_3D('',#7628,#7629,#7630);
#7628 = CARTESIAN_POINT('',(-3.565999965888,2.335001270003,
    1.021200136804));
#7629 = DIRECTION('',(1.,-1.224646799147E-16,0.));
#7630 = DIRECTION('',(0.,0.,1.));
#7631 = ADVANCED_FACE('',(#7632),#7648,.F.);
#7632 = FACE_BOUND('',#7633,.T.);
#7633 = EDGE_LOOP('',(#7634,#7635,#7641,#7642));
#7634 = ORIENTED_EDGE('',*,*,#1721,.T.);
#7635 = ORIENTED_EDGE('',*,*,#7636,.F.);
#7636 = EDGE_CURVE('',#7514,#1712,#7637,.T.);
#7637 = LINE('',#7638,#7639);
#7638 = CARTESIAN_POINT('',(-3.565999965888,-1.776548652015,
    1.929695295831));
#7639 = VECTOR('',#7640,1.);
#7640 = DIRECTION('',(1.,-1.224646799147E-16,-0.));
#7641 = ORIENTED_EDGE('',*,*,#7511,.F.);
#7642 = ORIENTED_EDGE('',*,*,#7643,.T.);
#7643 = EDGE_CURVE('',#7512,#1722,#7644,.T.);
#7644 = LINE('',#7645,#7646);
#7645 = CARTESIAN_POINT('',(-3.565999965888,-1.90565192539,
    1.590734218355));
#7646 = VECTOR('',#7647,1.);
#7647 = DIRECTION('',(1.,-1.224646799147E-16,-0.));
#7648 = PLANE('',#7649);
#7649 = AXIS2_PLACEMENT_3D('',#7650,#7651,#7652);
#7650 = CARTESIAN_POINT('',(-3.565999965888,-1.776548652015,
    1.929695295831));
#7651 = DIRECTION('',(1.144445217575E-16,0.934510438742,-0.35593572437)
  );
#7652 = DIRECTION('',(-4.358955455518E-17,-0.35593572437,-0.934510438742
    ));
#7653 = ADVANCED_FACE('',(#7654),#7665,.F.);
#7654 = FACE_BOUND('',#7655,.T.);
#7655 = EDGE_LOOP('',(#7656,#7657,#7663,#7664));
#7656 = ORIENTED_EDGE('',*,*,#1711,.T.);
#7657 = ORIENTED_EDGE('',*,*,#7658,.F.);
#7658 = EDGE_CURVE('',#7522,#1714,#7659,.T.);
#7659 = LINE('',#7660,#7661);
#7660 = CARTESIAN_POINT('',(-3.565999965888,-1.729759546229,
    1.929695295831));
#7661 = VECTOR('',#7662,1.);
#7662 = DIRECTION('',(1.,-1.224646799147E-16,-0.));
#7663 = ORIENTED_EDGE('',*,*,#7521,.F.);
#7664 = ORIENTED_EDGE('',*,*,#7636,.T.);
#7665 = PLANE('',#7666);
#7666 = AXIS2_PLACEMENT_3D('',#7667,#7668,#7669);
#7667 = CARTESIAN_POINT('',(-3.565999965888,-1.729759546229,
    1.929695295831));
#7668 = DIRECTION('',(-5.675529314538E-31,-4.63442138459E-15,-1.));
#7669 = DIRECTION('',(-1.224646799147E-16,-1.,4.63442138459E-15));
#7670 = ADVANCED_FACE('',(#7671),#7682,.F.);
#7671 = FACE_BOUND('',#7672,.T.);
#7672 = EDGE_LOOP('',(#7673,#7674,#7680,#7681));
#7673 = ORIENTED_EDGE('',*,*,#1769,.T.);
#7674 = ORIENTED_EDGE('',*,*,#7675,.F.);
#7675 = EDGE_CURVE('',#7530,#1762,#7676,.T.);
#7676 = LINE('',#7677,#7678);
#7677 = CARTESIAN_POINT('',(-3.565999965888,-1.600656272856,
    1.590734218355));
#7678 = VECTOR('',#7679,1.);
#7679 = DIRECTION('',(1.,-1.224646799147E-16,-0.));
#7680 = ORIENTED_EDGE('',*,*,#7529,.F.);
#7681 = ORIENTED_EDGE('',*,*,#7658,.T.);
#7682 = PLANE('',#7683);
#7683 = AXIS2_PLACEMENT_3D('',#7684,#7685,#7686);
#7684 = CARTESIAN_POINT('',(-3.565999965888,-1.600656272856,
    1.590734218355));
#7685 = DIRECTION('',(-1.144445217577E-16,-0.934510438744,
    -0.355935724364));
#7686 = DIRECTION('',(-4.358955455449E-17,-0.355935724364,0.934510438744
    ));
#7687 = ADVANCED_FACE('',(#7688),#7699,.F.);
#7688 = FACE_BOUND('',#7689,.T.);
#7689 = EDGE_LOOP('',(#7690,#7691,#7697,#7698));
#7690 = ORIENTED_EDGE('',*,*,#1761,.T.);
#7691 = ORIENTED_EDGE('',*,*,#7692,.F.);
#7692 = EDGE_CURVE('',#7538,#1754,#7693,.T.);
#7693 = LINE('',#7694,#7695);
#7694 = CARTESIAN_POINT('',(-3.565999965888,-1.6490050155,1.590734218355
    ));
#7695 = VECTOR('',#7696,1.);
#7696 = DIRECTION('',(1.,-1.224646799147E-16,-0.));
#7697 = ORIENTED_EDGE('',*,*,#7537,.F.);
#7698 = ORIENTED_EDGE('',*,*,#7675,.T.);
#7699 = PLANE('',#7700);
#7700 = AXIS2_PLACEMENT_3D('',#7701,#7702,#7703);
#7701 = CARTESIAN_POINT('',(-3.565999965888,-1.6490050155,1.590734218355
    ));
#7702 = DIRECTION('',(2.746223861974E-31,2.242461960368E-15,1.));
#7703 = DIRECTION('',(1.224646799147E-16,1.,-2.242461960368E-15));
#7704 = ADVANCED_FACE('',(#7705),#7716,.F.);
#7705 = FACE_BOUND('',#7706,.T.);
#7706 = EDGE_LOOP('',(#7707,#7708,#7714,#7715));
#7707 = ORIENTED_EDGE('',*,*,#1753,.T.);
#7708 = ORIENTED_EDGE('',*,*,#7709,.F.);
#7709 = EDGE_CURVE('',#7546,#1746,#7710,.T.);
#7710 = LINE('',#7711,#7712);
#7711 = CARTESIAN_POINT('',(-3.565999965888,-1.681584096566,
    1.683445965007));
#7712 = VECTOR('',#7713,1.);
#7713 = DIRECTION('',(1.,-1.224646799147E-16,-0.));
#7714 = ORIENTED_EDGE('',*,*,#7545,.F.);
#7715 = ORIENTED_EDGE('',*,*,#7692,.T.);
#7716 = PLANE('',#7717);
#7717 = AXIS2_PLACEMENT_3D('',#7718,#7719,#7720);
#7718 = CARTESIAN_POINT('',(-3.565999965888,-1.681584096566,
    1.683445965007));
#7719 = DIRECTION('',(1.155387184865E-16,0.943445233082,0.33152841835));
#7720 = DIRECTION('',(4.060052163592E-17,0.33152841835,-0.943445233082)
  );
#7721 = ADVANCED_FACE('',(#7722),#7733,.F.);
#7722 = FACE_BOUND('',#7723,.T.);
#7723 = EDGE_LOOP('',(#7724,#7725,#7731,#7732));
#7724 = ORIENTED_EDGE('',*,*,#1745,.T.);
#7725 = ORIENTED_EDGE('',*,*,#7726,.F.);
#7726 = EDGE_CURVE('',#7554,#1738,#7727,.T.);
#7727 = LINE('',#7728,#7729);
#7728 = CARTESIAN_POINT('',(-3.565999965888,-1.822731232357,
    1.683445965007));
#7729 = VECTOR('',#7730,1.);
#7730 = DIRECTION('',(1.,-1.224646799147E-16,-0.));
#7731 = ORIENTED_EDGE('',*,*,#7553,.F.);
#7732 = ORIENTED_EDGE('',*,*,#7709,.T.);
#7733 = PLANE('',#7734);
#7734 = AXIS2_PLACEMENT_3D('',#7735,#7736,#7737);
#7735 = CARTESIAN_POINT('',(-3.565999965888,-1.822731232357,
    1.683445965007));
#7736 = DIRECTION('',(4.703477332443E-31,3.840680705423E-15,1.));
#7737 = DIRECTION('',(1.224646799147E-16,1.,-3.840680705423E-15));
#7738 = ADVANCED_FACE('',(#7739),#7750,.F.);
#7739 = FACE_BOUND('',#7740,.T.);
#7740 = EDGE_LOOP('',(#7741,#7742,#7748,#7749));
#7741 = ORIENTED_EDGE('',*,*,#1737,.T.);
#7742 = ORIENTED_EDGE('',*,*,#7743,.F.);
#7743 = EDGE_CURVE('',#7562,#1730,#7744,.T.);
#7744 = LINE('',#7745,#7746);
#7745 = CARTESIAN_POINT('',(-3.565999965888,-1.857303182744,
    1.590734218355));
#7746 = VECTOR('',#7747,1.);
#7747 = DIRECTION('',(1.,-1.224646799147E-16,-0.));
#7748 = ORIENTED_EDGE('',*,*,#7561,.F.);
#7749 = ORIENTED_EDGE('',*,*,#7726,.T.);
#7750 = PLANE('',#7751);
#7751 = AXIS2_PLACEMENT_3D('',#7752,#7753,#7754);
#7752 = CARTESIAN_POINT('',(-3.565999965888,-1.857303182744,
    1.590734218355));
#7753 = DIRECTION('',(-1.147463858303E-16,-0.936975345954,0.349395479469
    ));
#7754 = DIRECTION('',(4.278860555684E-17,0.349395479469,0.936975345954)
  );
#7755 = ADVANCED_FACE('',(#7756),#7762,.F.);
#7756 = FACE_BOUND('',#7757,.T.);
#7757 = EDGE_LOOP('',(#7758,#7759,#7760,#7761));
#7758 = ORIENTED_EDGE('',*,*,#1729,.T.);
#7759 = ORIENTED_EDGE('',*,*,#7643,.F.);
#7760 = ORIENTED_EDGE('',*,*,#7569,.F.);
#7761 = ORIENTED_EDGE('',*,*,#7743,.T.);
#7762 = PLANE('',#7763);
#7763 = AXIS2_PLACEMENT_3D('',#7764,#7765,#7766);
#7764 = CARTESIAN_POINT('',(-3.565999965888,-1.90565192539,
    1.590734218355));
#7765 = DIRECTION('',(5.492447723686E-31,4.484923920522E-15,1.));
#7766 = DIRECTION('',(1.224646799147E-16,1.,-4.484923920522E-15));
#7767 = ADVANCED_FACE('',(#7768),#7793,.T.);
#7768 = FACE_BOUND('',#7769,.T.);
#7769 = EDGE_LOOP('',(#7770,#7780,#7786,#7787));
#7770 = ORIENTED_EDGE('',*,*,#7771,.F.);
#7771 = EDGE_CURVE('',#7772,#7774,#7776,.T.);
#7772 = VERTEX_POINT('',#7773);
#7773 = CARTESIAN_POINT('',(-3.555999965983,-1.695447535318,
    1.721743714558));
#7774 = VERTEX_POINT('',#7775);
#7775 = CARTESIAN_POINT('',(-3.555999965983,-1.809214379573,
    1.721743714558));
#7776 = LINE('',#7777,#7778);
#7777 = CARTESIAN_POINT('',(-3.555999965983,-1.695447535318,
    1.721743714558));
#7778 = VECTOR('',#7779,1.);
#7779 = DIRECTION('',(-1.224646799147E-16,-1.,2.859010907473E-15));
#7780 = ORIENTED_EDGE('',*,*,#7781,.F.);
#7781 = EDGE_CURVE('',#7578,#7772,#7782,.T.);
#7782 = LINE('',#7783,#7784);
#7783 = CARTESIAN_POINT('',(-3.565999965888,-1.695447535318,
    1.721743714558));
#7784 = VECTOR('',#7785,1.);
#7785 = DIRECTION('',(1.,-1.224646799147E-16,-0.));
#7786 = ORIENTED_EDGE('',*,*,#7577,.T.);
#7787 = ORIENTED_EDGE('',*,*,#7788,.T.);
#7788 = EDGE_CURVE('',#7580,#7774,#7789,.T.);
#7789 = LINE('',#7790,#7791);
#7790 = CARTESIAN_POINT('',(-3.565999965888,-1.809214379573,
    1.721743714558));
#7791 = VECTOR('',#7792,1.);
#7792 = DIRECTION('',(1.,-1.224646799147E-16,-0.));
#7793 = PLANE('',#7794);
#7794 = AXIS2_PLACEMENT_3D('',#7795,#7796,#7797);
#7795 = CARTESIAN_POINT('',(-3.565999965888,-1.695447535318,
    1.721743714558));
#7796 = DIRECTION('',(3.501278556565E-31,2.859010907473E-15,1.));
#7797 = DIRECTION('',(1.224646799147E-16,1.,-2.859010907473E-15));
#7798 = ADVANCED_FACE('',(#7799),#7817,.T.);
#7799 = FACE_BOUND('',#7800,.T.);
#7800 = EDGE_LOOP('',(#7801,#7809,#7810,#7811));
#7801 = ORIENTED_EDGE('',*,*,#7802,.F.);
#7802 = EDGE_CURVE('',#7774,#7803,#7805,.T.);
#7803 = VERTEX_POINT('',#7804);
#7804 = CARTESIAN_POINT('',(-3.555999965983,-1.758006302685,
    1.862630910871));
#7805 = LINE('',#7806,#7807);
#7806 = CARTESIAN_POINT('',(-3.555999965983,-1.809214379573,
    1.721743714558));
#7807 = VECTOR('',#7808,1.);
#7808 = DIRECTION('',(4.183440378206E-17,0.341603830682,0.939844041777)
  );
#7809 = ORIENTED_EDGE('',*,*,#7788,.F.);
#7810 = ORIENTED_EDGE('',*,*,#7621,.T.);
#7811 = ORIENTED_EDGE('',*,*,#7812,.T.);
#7812 = EDGE_CURVE('',#7613,#7803,#7813,.T.);
#7813 = LINE('',#7814,#7815);
#7814 = CARTESIAN_POINT('',(-3.565999965888,-1.758006302685,
    1.862630910871));
#7815 = VECTOR('',#7816,1.);
#7816 = DIRECTION('',(1.,-1.224646799147E-16,-0.));
#7817 = PLANE('',#7818);
#7818 = AXIS2_PLACEMENT_3D('',#7819,#7820,#7821);
#7819 = CARTESIAN_POINT('',(-3.565999965888,-1.809214379573,
    1.721743714558));
#7820 = DIRECTION('',(1.15097699746E-16,0.939844041777,-0.341603830682)
  );
#7821 = DIRECTION('',(-4.183440378206E-17,-0.341603830682,
    -0.939844041777));
#7822 = ADVANCED_FACE('',(#7823),#7842,.T.);
#7823 = FACE_BOUND('',#7824,.T.);
#7824 = EDGE_LOOP('',(#7825,#7834,#7835,#7836));
#7825 = ORIENTED_EDGE('',*,*,#7826,.F.);
#7826 = EDGE_CURVE('',#7803,#7827,#7829,.T.);
#7827 = VERTEX_POINT('',#7828);
#7828 = CARTESIAN_POINT('',(-3.555999965983,-1.75272086666,
    1.886372049733));
#7829 = B_SPLINE_CURVE_WITH_KNOTS('',3,(#7830,#7831,#7832,#7833),
  .UNSPECIFIED.,.F.,.F.,(4,4),(1.,2.),.PIECEWISE_BEZIER_KNOTS.);
#7830 = CARTESIAN_POINT('',(-3.555999965983,-1.758006302685,
    1.862630910871));
#7831 = CARTESIAN_POINT('',(-3.555999965983,-1.756360019333,
    1.867309821448));
#7832 = CARTESIAN_POINT('',(-3.555999965983,-1.754627089489,
    1.875108005747));
#7833 = CARTESIAN_POINT('',(-3.555999965983,-1.75272086666,
    1.886372049733));
#7834 = ORIENTED_EDGE('',*,*,#7812,.F.);
#7835 = ORIENTED_EDGE('',*,*,#7612,.T.);
#7836 = ORIENTED_EDGE('',*,*,#7837,.T.);
#7837 = EDGE_CURVE('',#7605,#7827,#7838,.T.);
#7838 = LINE('',#7839,#7840);
#7839 = CARTESIAN_POINT('',(-3.565999965888,-1.75272086666,
    1.886372049733));
#7840 = VECTOR('',#7841,1.);
#7841 = DIRECTION('',(1.,-1.224646799147E-16,-0.));
#7842 = B_SPLINE_SURFACE_WITH_KNOTS('',3,1,(
    (#7843,#7844)
    ,(#7845,#7846)
    ,(#7847,#7848)
    ,(#7849,#7850
    )),.UNSPECIFIED.,.F.,.F.,.F.,(4,4),(2,2),(1.,2.),(0.,1.),
  .PIECEWISE_BEZIER_KNOTS.);
#7843 = CARTESIAN_POINT('',(-3.565999965888,-1.758006302685,
    1.862630910871));
#7844 = CARTESIAN_POINT('',(-3.555999965983,-1.758006302685,
    1.862630910871));
#7845 = CARTESIAN_POINT('',(-3.565999965888,-1.756360019333,
    1.867309821448));
#7846 = CARTESIAN_POINT('',(-3.555999965983,-1.756360019333,
    1.867309821448));
#7847 = CARTESIAN_POINT('',(-3.565999965888,-1.754627089489,
    1.875108005747));
#7848 = CARTESIAN_POINT('',(-3.555999965983,-1.754627089489,
    1.875108005747));
#7849 = CARTESIAN_POINT('',(-3.565999965888,-1.75272086666,
    1.886372049733));
#7850 = CARTESIAN_POINT('',(-3.555999965983,-1.75272086666,
    1.886372049733));
#7851 = ADVANCED_FACE('',(#7852),#7870,.T.);
#7852 = FACE_BOUND('',#7853,.T.);
#7853 = EDGE_LOOP('',(#7854,#7862,#7863,#7864));
#7854 = ORIENTED_EDGE('',*,*,#7855,.F.);
#7855 = EDGE_CURVE('',#7827,#7856,#7858,.T.);
#7856 = VERTEX_POINT('',#7857);
#7857 = CARTESIAN_POINT('',(-3.555999965983,-1.751681108755,
    1.886372049733));
#7858 = LINE('',#7859,#7860);
#7859 = CARTESIAN_POINT('',(-3.555999965983,-1.75272086666,
    1.886372049733));
#7860 = VECTOR('',#7861,1.);
#7861 = DIRECTION('',(1.224646799147E-16,1.,0.));
#7862 = ORIENTED_EDGE('',*,*,#7837,.F.);
#7863 = ORIENTED_EDGE('',*,*,#7604,.T.);
#7864 = ORIENTED_EDGE('',*,*,#7865,.T.);
#7865 = EDGE_CURVE('',#7596,#7856,#7866,.T.);
#7866 = LINE('',#7867,#7868);
#7867 = CARTESIAN_POINT('',(-3.565999965888,-1.751681108755,
    1.886372049733));
#7868 = VECTOR('',#7869,1.);
#7869 = DIRECTION('',(1.,-1.224646799147E-16,-0.));
#7870 = PLANE('',#7871);
#7871 = AXIS2_PLACEMENT_3D('',#7872,#7873,#7874);
#7872 = CARTESIAN_POINT('',(-3.565999965888,-1.75272086666,
    1.886372049733));
#7873 = DIRECTION('',(-0.,0.,-1.));
#7874 = DIRECTION('',(1.,-1.224646799147E-16,0.));
#7875 = ADVANCED_FACE('',(#7876),#7895,.T.);
#7876 = FACE_BOUND('',#7877,.T.);
#7877 = EDGE_LOOP('',(#7878,#7887,#7888,#7889));
#7878 = ORIENTED_EDGE('',*,*,#7879,.F.);
#7879 = EDGE_CURVE('',#7856,#7880,#7882,.T.);
#7880 = VERTEX_POINT('',#7881);
#7881 = CARTESIAN_POINT('',(-3.555999965983,-1.746135733254,
    1.862630910871));
#7882 = B_SPLINE_CURVE_WITH_KNOTS('',3,(#7883,#7884,#7885,#7886),
  .UNSPECIFIED.,.F.,.F.,(4,4),(3.,4.),.PIECEWISE_BEZIER_KNOTS.);
#7883 = CARTESIAN_POINT('',(-3.555999965983,-1.751681108755,
    1.886372049733));
#7884 = CARTESIAN_POINT('',(-3.555999965983,-1.750034825403,
    1.876147763654));
#7885 = CARTESIAN_POINT('',(-3.555999965983,-1.748215249066,
    1.868176286372));
#7886 = CARTESIAN_POINT('',(-3.555999965983,-1.746135733254,
    1.862630910871));
#7887 = ORIENTED_EDGE('',*,*,#7865,.F.);
#7888 = ORIENTED_EDGE('',*,*,#7595,.T.);
#7889 = ORIENTED_EDGE('',*,*,#7890,.T.);
#7890 = EDGE_CURVE('',#7588,#7880,#7891,.T.);
#7891 = LINE('',#7892,#7893);
#7892 = CARTESIAN_POINT('',(-3.565999965888,-1.746135733254,
    1.862630910871));
#7893 = VECTOR('',#7894,1.);
#7894 = DIRECTION('',(1.,-1.224646799147E-16,-0.));
#7895 = B_SPLINE_SURFACE_WITH_KNOTS('',3,1,(
    (#7896,#7897)
    ,(#7898,#7899)
    ,(#7900,#7901)
    ,(#7902,#7903
    )),.UNSPECIFIED.,.F.,.F.,.F.,(4,4),(2,2),(3.,4.),(0.,1.),
  .PIECEWISE_BEZIER_KNOTS.);
#7896 = CARTESIAN_POINT('',(-3.565999965888,-1.751681108755,
    1.886372049733));
#7897 = CARTESIAN_POINT('',(-3.555999965983,-1.751681108755,
    1.886372049733));
#7898 = CARTESIAN_POINT('',(-3.565999965888,-1.750034825403,
    1.876147763654));
#7899 = CARTESIAN_POINT('',(-3.555999965983,-1.750034825403,
    1.876147763654));
#7900 = CARTESIAN_POINT('',(-3.565999965888,-1.748215249066,
    1.868176286372));
#7901 = CARTESIAN_POINT('',(-3.555999965983,-1.748215249066,
    1.868176286372));
#7902 = CARTESIAN_POINT('',(-3.565999965888,-1.746135733254,
    1.862630910871));
#7903 = CARTESIAN_POINT('',(-3.555999965983,-1.746135733254,
    1.862630910871));
#7904 = ADVANCED_FACE('',(#7905),#7916,.T.);
#7905 = FACE_BOUND('',#7906,.T.);
#7906 = EDGE_LOOP('',(#7907,#7913,#7914,#7915));
#7907 = ORIENTED_EDGE('',*,*,#7908,.F.);
#7908 = EDGE_CURVE('',#7880,#7772,#7909,.T.);
#7909 = LINE('',#7910,#7911);
#7910 = CARTESIAN_POINT('',(-3.555999965983,-1.746135733254,
    1.862630910871));
#7911 = VECTOR('',#7912,1.);
#7912 = DIRECTION('',(4.145858461721E-17,0.338535034314,-0.940953787676)
  );
#7913 = ORIENTED_EDGE('',*,*,#7890,.F.);
#7914 = ORIENTED_EDGE('',*,*,#7587,.T.);
#7915 = ORIENTED_EDGE('',*,*,#7781,.T.);
#7916 = PLANE('',#7917);
#7917 = AXIS2_PLACEMENT_3D('',#7918,#7919,#7920);
#7918 = CARTESIAN_POINT('',(-3.565999965888,-1.746135733254,
    1.862630910871));
#7919 = DIRECTION('',(-1.152336044223E-16,-0.940953787676,
    -0.338535034314));
#7920 = DIRECTION('',(-4.145858461721E-17,-0.338535034314,0.940953787676
    ));
#7921 = ADVANCED_FACE('',(#7922),#7930,.T.);
#7922 = FACE_BOUND('',#7923,.T.);
#7923 = EDGE_LOOP('',(#7924,#7925,#7926,#7927,#7928,#7929));
#7924 = ORIENTED_EDGE('',*,*,#7771,.T.);
#7925 = ORIENTED_EDGE('',*,*,#7802,.T.);
#7926 = ORIENTED_EDGE('',*,*,#7826,.T.);
#7927 = ORIENTED_EDGE('',*,*,#7855,.T.);
#7928 = ORIENTED_EDGE('',*,*,#7879,.T.);
#7929 = ORIENTED_EDGE('',*,*,#7908,.T.);
#7930 = PLANE('',#7931);
#7931 = AXIS2_PLACEMENT_3D('',#7932,#7933,#7934);
#7932 = CARTESIAN_POINT('',(-3.555999965983,3.852651255485,
    1.834000129028));
#7933 = DIRECTION('',(-1.,1.224646799147E-16,0.));
#7934 = DIRECTION('',(4.275831445897E-31,3.491481338843E-15,1.));
#7935 = ADVANCED_FACE('',(#7936),#7961,.F.);
#7936 = FACE_BOUND('',#7937,.T.);
#7937 = EDGE_LOOP('',(#7938,#7939,#7947,#7955));
#7938 = ORIENTED_EDGE('',*,*,#1787,.T.);
#7939 = ORIENTED_EDGE('',*,*,#7940,.F.);
#7940 = EDGE_CURVE('',#7941,#1778,#7943,.T.);
#7941 = VERTEX_POINT('',#7942);
#7942 = CARTESIAN_POINT('',(-3.565999965888,-0.727606217471,
    1.091650423297));
#7943 = LINE('',#7944,#7945);
#7944 = CARTESIAN_POINT('',(-3.565999965888,-0.727606217471,
    1.091650423297));
#7945 = VECTOR('',#7946,1.);
#7946 = DIRECTION('',(1.,-1.224646799147E-16,-0.));
#7947 = ORIENTED_EDGE('',*,*,#7948,.F.);
#7948 = EDGE_CURVE('',#7949,#7941,#7951,.T.);
#7949 = VERTEX_POINT('',#7950);
#7950 = CARTESIAN_POINT('',(-3.565999965888,-0.727606217471,
    1.053006087777));
#7951 = LINE('',#7952,#7953);
#7952 = CARTESIAN_POINT('',(-3.565999965888,-0.727606217471,
    1.091650423297));
#7953 = VECTOR('',#7954,1.);
#7954 = DIRECTION('',(0.,0.,1.));
#7955 = ORIENTED_EDGE('',*,*,#7956,.T.);
#7956 = EDGE_CURVE('',#7949,#1788,#7957,.T.);
#7957 = LINE('',#7958,#7959);
#7958 = CARTESIAN_POINT('',(-3.565999965888,-0.727606217471,
    1.053006087777));
#7959 = VECTOR('',#7960,1.);
#7960 = DIRECTION('',(1.,-1.224646799147E-16,-0.));
#7961 = PLANE('',#7962);
#7962 = AXIS2_PLACEMENT_3D('',#7963,#7964,#7965);
#7963 = CARTESIAN_POINT('',(-3.565999965888,-0.727606217471,
    1.091650423297));
#7964 = DIRECTION('',(1.224646799147E-16,1.,0.));
#7965 = DIRECTION('',(0.,0.,-1.));
#7966 = ADVANCED_FACE('',(#7967),#7985,.F.);
#7967 = FACE_BOUND('',#7968,.T.);
#7968 = EDGE_LOOP('',(#7969,#7970,#7978,#7984));
#7969 = ORIENTED_EDGE('',*,*,#1777,.T.);
#7970 = ORIENTED_EDGE('',*,*,#7971,.F.);
#7971 = EDGE_CURVE('',#7972,#1780,#7974,.T.);
#7972 = VERTEX_POINT('',#7973);
#7973 = CARTESIAN_POINT('',(-3.565999965888,-0.589058476447,
    1.091650423297));
#7974 = LINE('',#7975,#7976);
#7975 = CARTESIAN_POINT('',(-3.565999965888,-0.589058476447,
    1.091650423297));
#7976 = VECTOR('',#7977,1.);
#7977 = DIRECTION('',(1.,-1.224646799147E-16,-0.));
#7978 = ORIENTED_EDGE('',*,*,#7979,.F.);
#7979 = EDGE_CURVE('',#7941,#7972,#7980,.T.);
#7980 = LINE('',#7981,#7982);
#7981 = CARTESIAN_POINT('',(-3.565999965888,-0.589058476447,
    1.091650423297));
#7982 = VECTOR('',#7983,1.);
#7983 = DIRECTION('',(1.224646799147E-16,1.,-3.32582772907E-15));
#7984 = ORIENTED_EDGE('',*,*,#7940,.T.);
#7985 = PLANE('',#7986);
#7986 = AXIS2_PLACEMENT_3D('',#7987,#7988,#7989);
#7987 = CARTESIAN_POINT('',(-3.565999965888,-0.589058476447,
    1.091650423297));
#7988 = DIRECTION('',(-4.072964282921E-31,-3.32582772907E-15,-1.));
#7989 = DIRECTION('',(-1.224646799147E-16,-1.,3.32582772907E-15));
#7990 = ADVANCED_FACE('',(#7991),#8009,.F.);
#7991 = FACE_BOUND('',#7992,.T.);
#7992 = EDGE_LOOP('',(#7993,#7994,#8002,#8008));
#7993 = ORIENTED_EDGE('',*,*,#1867,.T.);
#7994 = ORIENTED_EDGE('',*,*,#7995,.F.);
#7995 = EDGE_CURVE('',#7996,#1860,#7998,.T.);
#7996 = VERTEX_POINT('',#7997);
#7997 = CARTESIAN_POINT('',(-3.565999965888,-0.589058476447,
    1.205677207029));
#7998 = LINE('',#7999,#8000);
#7999 = CARTESIAN_POINT('',(-3.565999965888,-0.589058476447,
    1.205677207029));
#8000 = VECTOR('',#8001,1.);
#8001 = DIRECTION('',(1.,-1.224646799147E-16,-0.));
#8002 = ORIENTED_EDGE('',*,*,#8003,.F.);
#8003 = EDGE_CURVE('',#7972,#7996,#8004,.T.);
#8004 = LINE('',#8005,#8006);
#8005 = CARTESIAN_POINT('',(-3.565999965888,-0.589058476447,
    1.205677207029));
#8006 = VECTOR('',#8007,1.);
#8007 = DIRECTION('',(9.315458449405E-31,7.606649081099E-15,1.));
#8008 = ORIENTED_EDGE('',*,*,#7971,.T.);
#8009 = PLANE('',#8010);
#8010 = AXIS2_PLACEMENT_3D('',#8011,#8012,#8013);
#8011 = CARTESIAN_POINT('',(-3.565999965888,-0.589058476447,
    1.205677207029));
#8012 = DIRECTION('',(1.224646799147E-16,1.,-7.606649081099E-15));
#8013 = DIRECTION('',(-9.315458449405E-31,-7.606649081099E-15,-1.));
#8014 = ADVANCED_FACE('',(#8015),#8033,.F.);
#8015 = FACE_BOUND('',#8016,.T.);
#8016 = EDGE_LOOP('',(#8017,#8018,#8026,#8032));
#8017 = ORIENTED_EDGE('',*,*,#1859,.T.);
#8018 = ORIENTED_EDGE('',*,*,#8019,.F.);
#8019 = EDGE_CURVE('',#8020,#1852,#8022,.T.);
#8020 = VERTEX_POINT('',#8021);
#8021 = CARTESIAN_POINT('',(-3.565999965888,-0.710276919032,
    1.205677207029));
#8022 = LINE('',#8023,#8024);
#8023 = CARTESIAN_POINT('',(-3.565999965888,-0.710276919032,
    1.205677207029));
#8024 = VECTOR('',#8025,1.);
#8025 = DIRECTION('',(1.,-1.224646799147E-16,-0.));
#8026 = ORIENTED_EDGE('',*,*,#8027,.F.);
#8027 = EDGE_CURVE('',#7996,#8020,#8028,.T.);
#8028 = LINE('',#8029,#8030);
#8029 = CARTESIAN_POINT('',(-3.565999965888,-0.710276919032,
    1.205677207029));
#8030 = VECTOR('',#8031,1.);
#8031 = DIRECTION('',(-1.224646799147E-16,-1.,3.577680554195E-15));
#8032 = ORIENTED_EDGE('',*,*,#7995,.T.);
#8033 = PLANE('',#8034);
#8034 = AXIS2_PLACEMENT_3D('',#8035,#8036,#8037);
#8035 = CARTESIAN_POINT('',(-3.565999965888,-0.710276919032,
    1.205677207029));
#8036 = DIRECTION('',(4.381395039066E-31,3.577680554195E-15,1.));
#8037 = DIRECTION('',(1.224646799147E-16,1.,-3.577680554195E-15));
#8038 = ADVANCED_FACE('',(#8039),#8057,.F.);
#8039 = FACE_BOUND('',#8040,.T.);
#8040 = EDGE_LOOP('',(#8041,#8042,#8050,#8056));
#8041 = ORIENTED_EDGE('',*,*,#1851,.T.);
#8042 = ORIENTED_EDGE('',*,*,#8043,.F.);
#8043 = EDGE_CURVE('',#8044,#1844,#8046,.T.);
#8044 = VERTEX_POINT('',#8045);
#8045 = CARTESIAN_POINT('',(-3.565999965888,-0.710276919032,
    1.244494835533));
#8046 = LINE('',#8047,#8048);
#8047 = CARTESIAN_POINT('',(-3.565999965888,-0.710276919032,
    1.244494835533));
#8048 = VECTOR('',#8049,1.);
#8049 = DIRECTION('',(1.,-1.224646799147E-16,-0.));
#8050 = ORIENTED_EDGE('',*,*,#8051,.F.);
#8051 = EDGE_CURVE('',#8020,#8044,#8052,.T.);
#8052 = LINE('',#8053,#8054);
#8053 = CARTESIAN_POINT('',(-3.565999965888,-0.710276919032,
    1.244494835533));
#8054 = VECTOR('',#8055,1.);
#8055 = DIRECTION('',(1.368207959761E-30,1.117226583791E-14,1.));
#8056 = ORIENTED_EDGE('',*,*,#8019,.T.);
#8057 = PLANE('',#8058);
#8058 = AXIS2_PLACEMENT_3D('',#8059,#8060,#8061);
#8059 = CARTESIAN_POINT('',(-3.565999965888,-0.710276919032,
    1.244494835533));
#8060 = DIRECTION('',(1.224646799147E-16,1.,-1.117226583791E-14));
#8061 = DIRECTION('',(-1.368207959761E-30,-1.117226583791E-14,-1.));
#8062 = ADVANCED_FACE('',(#8063),#8081,.F.);
#8063 = FACE_BOUND('',#8064,.T.);
#8064 = EDGE_LOOP('',(#8065,#8066,#8074,#8080));
#8065 = ORIENTED_EDGE('',*,*,#1843,.T.);
#8066 = ORIENTED_EDGE('',*,*,#8067,.F.);
#8067 = EDGE_CURVE('',#8068,#1836,#8070,.T.);
#8068 = VERTEX_POINT('',#8069);
#8069 = CARTESIAN_POINT('',(-3.565999965888,-0.589058476447,
    1.244494835533));
#8070 = LINE('',#8071,#8072);
#8071 = CARTESIAN_POINT('',(-3.565999965888,-0.589058476447,
    1.244494835533));
#8072 = VECTOR('',#8073,1.);
#8073 = DIRECTION('',(1.,-1.224646799147E-16,-0.));
#8074 = ORIENTED_EDGE('',*,*,#8075,.F.);
#8075 = EDGE_CURVE('',#8044,#8068,#8076,.T.);
#8076 = LINE('',#8077,#8078);
#8077 = CARTESIAN_POINT('',(-3.565999965888,-0.589058476447,
    1.244494835533));
#8078 = VECTOR('',#8079,1.);
#8079 = DIRECTION('',(1.224646799147E-16,1.,-3.13047048492E-15));
#8080 = ORIENTED_EDGE('',*,*,#8043,.T.);
#8081 = PLANE('',#8082);
#8082 = AXIS2_PLACEMENT_3D('',#8083,#8084,#8085);
#8083 = CARTESIAN_POINT('',(-3.565999965888,-0.589058476447,
    1.244494835533));
#8084 = DIRECTION('',(-3.833720659183E-31,-3.13047048492E-15,-1.));
#8085 = DIRECTION('',(-1.224646799147E-16,-1.,3.13047048492E-15));
#8086 = ADVANCED_FACE('',(#8087),#8105,.F.);
#8087 = FACE_BOUND('',#8088,.T.);
#8088 = EDGE_LOOP('',(#8089,#8090,#8098,#8104));
#8089 = ORIENTED_EDGE('',*,*,#1835,.T.);
#8090 = ORIENTED_EDGE('',*,*,#8091,.F.);
#8091 = EDGE_CURVE('',#8092,#1828,#8094,.T.);
#8092 = VERTEX_POINT('',#8093);
#8093 = CARTESIAN_POINT('',(-3.565999965888,-0.589058476447,
    1.352976243765));
#8094 = LINE('',#8095,#8096);
#8095 = CARTESIAN_POINT('',(-3.565999965888,-0.589058476447,
    1.352976243765));
#8096 = VECTOR('',#8097,1.);
#8097 = DIRECTION('',(1.,-1.224646799147E-16,-0.));
#8098 = ORIENTED_EDGE('',*,*,#8099,.F.);
#8099 = EDGE_CURVE('',#8068,#8092,#8100,.T.);
#8100 = LINE('',#8101,#8102);
#8101 = CARTESIAN_POINT('',(-3.565999965888,-0.589058476447,
    1.352976243765));
#8102 = VECTOR('',#8103,1.);
#8103 = DIRECTION('',(4.895824009276E-31,3.99774368633E-15,1.));
#8104 = ORIENTED_EDGE('',*,*,#8067,.T.);
#8105 = PLANE('',#8106);
#8106 = AXIS2_PLACEMENT_3D('',#8107,#8108,#8109);
#8107 = CARTESIAN_POINT('',(-3.565999965888,-0.589058476447,
    1.352976243765));
#8108 = DIRECTION('',(1.224646799147E-16,1.,-3.99774368633E-15));
#8109 = DIRECTION('',(-4.895824009276E-31,-3.99774368633E-15,-1.));
#8110 = ADVANCED_FACE('',(#8111),#8129,.F.);
#8111 = FACE_BOUND('',#8112,.T.);
#8112 = EDGE_LOOP('',(#8113,#8114,#8122,#8128));
#8113 = ORIENTED_EDGE('',*,*,#1827,.T.);
#8114 = ORIENTED_EDGE('',*,*,#8115,.F.);
#8115 = EDGE_CURVE('',#8116,#1820,#8118,.T.);
#8116 = VERTEX_POINT('',#8117);
#8117 = CARTESIAN_POINT('',(-3.565999965888,-0.719894679665,
    1.352976243765));
#8118 = LINE('',#8119,#8120);
#8119 = CARTESIAN_POINT('',(-3.565999965888,-0.719894679665,
    1.352976243765));
#8120 = VECTOR('',#8121,1.);
#8121 = DIRECTION('',(1.,-1.224646799147E-16,-0.));
#8122 = ORIENTED_EDGE('',*,*,#8123,.F.);
#8123 = EDGE_CURVE('',#8092,#8116,#8124,.T.);
#8124 = LINE('',#8125,#8126);
#8125 = CARTESIAN_POINT('',(-3.565999965888,-0.719894679665,
    1.352976243765));
#8126 = VECTOR('',#8127,1.);
#8127 = DIRECTION('',(-1.224646799147E-16,-1.,3.314685493604E-15));
#8128 = ORIENTED_EDGE('',*,*,#8091,.T.);
#8129 = PLANE('',#8130);
#8130 = AXIS2_PLACEMENT_3D('',#8131,#8132,#8133);
#8131 = CARTESIAN_POINT('',(-3.565999965888,-0.719894679665,
    1.352976243765));
#8132 = DIRECTION('',(4.059318979922E-31,3.314685493604E-15,1.));
#8133 = DIRECTION('',(1.224646799147E-16,1.,-3.314685493604E-15));
#8134 = ADVANCED_FACE('',(#8135),#8153,.F.);
#8135 = FACE_BOUND('',#8136,.T.);
#8136 = EDGE_LOOP('',(#8137,#8138,#8146,#8152));
#8137 = ORIENTED_EDGE('',*,*,#1819,.T.);
#8138 = ORIENTED_EDGE('',*,*,#8139,.F.);
#8139 = EDGE_CURVE('',#8140,#1812,#8142,.T.);
#8140 = VERTEX_POINT('',#8141);
#8141 = CARTESIAN_POINT('',(-3.565999965888,-0.719894679665,
    1.391967165254));
#8142 = LINE('',#8143,#8144);
#8143 = CARTESIAN_POINT('',(-3.565999965888,-0.719894679665,
    1.391967165254));
#8144 = VECTOR('',#8145,1.);
#8145 = DIRECTION('',(1.,-1.224646799147E-16,-0.));
#8146 = ORIENTED_EDGE('',*,*,#8147,.F.);
#8147 = EDGE_CURVE('',#8116,#8140,#8148,.T.);
#8148 = LINE('',#8149,#8150);
#8149 = CARTESIAN_POINT('',(-3.565999965888,-0.719894679665,
    1.391967165254));
#8150 = VECTOR('',#8151,1.);
#8151 = DIRECTION('',(0.,0.,1.));
#8152 = ORIENTED_EDGE('',*,*,#8115,.T.);
#8153 = PLANE('',#8154);
#8154 = AXIS2_PLACEMENT_3D('',#8155,#8156,#8157);
#8155 = CARTESIAN_POINT('',(-3.565999965888,-0.719894679665,
    1.391967165254));
#8156 = DIRECTION('',(1.224646799147E-16,1.,0.));
#8157 = DIRECTION('',(0.,0.,-1.));
#8158 = ADVANCED_FACE('',(#8159),#8177,.F.);
#8159 = FACE_BOUND('',#8160,.T.);
#8160 = EDGE_LOOP('',(#8161,#8162,#8170,#8176));
#8161 = ORIENTED_EDGE('',*,*,#1811,.T.);
#8162 = ORIENTED_EDGE('',*,*,#8163,.F.);
#8163 = EDGE_CURVE('',#8164,#1804,#8166,.T.);
#8164 = VERTEX_POINT('',#8165);
#8165 = CARTESIAN_POINT('',(-3.565999965888,-0.545301997887,
    1.391967165254));
#8166 = LINE('',#8167,#8168);
#8167 = CARTESIAN_POINT('',(-3.565999965888,-0.545301997887,
    1.391967165254));
#8168 = VECTOR('',#8169,1.);
#8169 = DIRECTION('',(1.,-1.224646799147E-16,-0.));
#8170 = ORIENTED_EDGE('',*,*,#8171,.F.);
#8171 = EDGE_CURVE('',#8140,#8164,#8172,.T.);
#8172 = LINE('',#8173,#8174);
#8173 = CARTESIAN_POINT('',(-3.565999965888,-0.545301997887,
    1.391967165254));
#8174 = VECTOR('',#8175,1.);
#8175 = DIRECTION('',(1.224646799147E-16,1.,-3.104947329619E-15));
#8176 = ORIENTED_EDGE('',*,*,#8139,.T.);
#8177 = PLANE('',#8178);
#8178 = AXIS2_PLACEMENT_3D('',#8179,#8180,#8181);
#8179 = CARTESIAN_POINT('',(-3.565999965888,-0.545301997887,
    1.391967165254));
#8180 = DIRECTION('',(-3.802463808739E-31,-3.104947329619E-15,-1.));
#8181 = DIRECTION('',(-1.224646799147E-16,-1.,3.104947329619E-15));
#8182 = ADVANCED_FACE('',(#8183),#8201,.F.);
#8183 = FACE_BOUND('',#8184,.T.);
#8184 = EDGE_LOOP('',(#8185,#8186,#8194,#8200));
#8185 = ORIENTED_EDGE('',*,*,#1803,.T.);
#8186 = ORIENTED_EDGE('',*,*,#8187,.F.);
#8187 = EDGE_CURVE('',#8188,#1796,#8190,.T.);
#8188 = VERTEX_POINT('',#8189);
#8189 = CARTESIAN_POINT('',(-3.565999965888,-0.545301997887,
    1.053006087777));
#8190 = LINE('',#8191,#8192);
#8191 = CARTESIAN_POINT('',(-3.565999965888,-0.545301997887,
    1.053006087777));
#8192 = VECTOR('',#8193,1.);
#8193 = DIRECTION('',(1.,-1.224646799147E-16,-0.));
#8194 = ORIENTED_EDGE('',*,*,#8195,.F.);
#8195 = EDGE_CURVE('',#8164,#8188,#8196,.T.);
#8196 = LINE('',#8197,#8198);
#8197 = CARTESIAN_POINT('',(-3.565999965888,-0.545301997887,
    1.053006087777));
#8198 = VECTOR('',#8199,1.);
#8199 = DIRECTION('',(-3.133727842375E-31,-2.55888297308E-15,-1.));
#8200 = ORIENTED_EDGE('',*,*,#8163,.T.);
#8201 = PLANE('',#8202);
#8202 = AXIS2_PLACEMENT_3D('',#8203,#8204,#8205);
#8203 = CARTESIAN_POINT('',(-3.565999965888,-0.545301997887,
    1.053006087777));
#8204 = DIRECTION('',(-1.224646799147E-16,-1.,2.55888297308E-15));
#8205 = DIRECTION('',(3.133727842375E-31,2.55888297308E-15,1.));
#8206 = ADVANCED_FACE('',(#8207),#8218,.F.);
#8207 = FACE_BOUND('',#8208,.T.);
#8208 = EDGE_LOOP('',(#8209,#8210,#8211,#8217));
#8209 = ORIENTED_EDGE('',*,*,#1795,.T.);
#8210 = ORIENTED_EDGE('',*,*,#7956,.F.);
#8211 = ORIENTED_EDGE('',*,*,#8212,.F.);
#8212 = EDGE_CURVE('',#8188,#7949,#8213,.T.);
#8213 = LINE('',#8214,#8215);
#8214 = CARTESIAN_POINT('',(-3.565999965888,-0.727606217471,
    1.053006087777));
#8215 = VECTOR('',#8216,1.);
#8216 = DIRECTION('',(-1.224646799147E-16,-1.,3.568328252376E-15));
#8217 = ORIENTED_EDGE('',*,*,#8187,.T.);
#8218 = PLANE('',#8219);
#8219 = AXIS2_PLACEMENT_3D('',#8220,#8221,#8222);
#8220 = CARTESIAN_POINT('',(-3.565999965888,-0.727606217471,
    1.053006087777));
#8221 = DIRECTION('',(4.36994177258E-31,3.568328252376E-15,1.));
#8222 = DIRECTION('',(1.224646799147E-16,1.,-3.568328252376E-15));
#8223 = ADVANCED_FACE('',(#8224),#8238,.F.);
#8224 = FACE_BOUND('',#8225,.T.);
#8225 = EDGE_LOOP('',(#8226,#8227,#8228,#8229,#8230,#8231,#8232,#8233,
    #8234,#8235,#8236,#8237));
#8226 = ORIENTED_EDGE('',*,*,#7948,.T.);
#8227 = ORIENTED_EDGE('',*,*,#7979,.T.);
#8228 = ORIENTED_EDGE('',*,*,#8003,.T.);
#8229 = ORIENTED_EDGE('',*,*,#8027,.T.);
#8230 = ORIENTED_EDGE('',*,*,#8051,.T.);
#8231 = ORIENTED_EDGE('',*,*,#8075,.T.);
#8232 = ORIENTED_EDGE('',*,*,#8099,.T.);
#8233 = ORIENTED_EDGE('',*,*,#8123,.T.);
#8234 = ORIENTED_EDGE('',*,*,#8147,.T.);
#8235 = ORIENTED_EDGE('',*,*,#8171,.T.);
#8236 = ORIENTED_EDGE('',*,*,#8195,.T.);
#8237 = ORIENTED_EDGE('',*,*,#8212,.T.);
#8238 = PLANE('',#8239);
#8239 = AXIS2_PLACEMENT_3D('',#8240,#8241,#8242);
#8240 = CARTESIAN_POINT('',(-3.565999965888,2.335001270003,
    1.021200136804));
#8241 = DIRECTION('',(1.,-1.224646799147E-16,0.));
#8242 = DIRECTION('',(0.,0.,1.));
#8243 = ADVANCED_FACE('',(#8244,#8366),#8438,.T.);
#8244 = FACE_BOUND('',#8245,.T.);
#8245 = EDGE_LOOP('',(#8246,#8257,#8265,#8274,#8283,#8291,#8300,#8309,
    #8318,#8327,#8335,#8343,#8351,#8359));
#8246 = ORIENTED_EDGE('',*,*,#8247,.T.);
#8247 = EDGE_CURVE('',#8248,#8250,#8252,.T.);
#8248 = VERTEX_POINT('',#8249);
#8249 = CARTESIAN_POINT('',(-3.565999965888,-0.875251840176,
    1.300641762478));
#8250 = VERTEX_POINT('',#8251);
#8251 = CARTESIAN_POINT('',(-3.565999965888,-0.791897914681,
    1.278113674507));
#8252 = B_SPLINE_CURVE_WITH_KNOTS('',3,(#8253,#8254,#8255,#8256),
  .UNSPECIFIED.,.F.,.F.,(4,4),(0.,1.),.PIECEWISE_BEZIER_KNOTS.);
#8253 = CARTESIAN_POINT('',(-3.565999965888,-0.875251840176,
    1.300641762478));
#8254 = CARTESIAN_POINT('',(-3.565999965888,-0.843712517016,
    1.300641762478));
#8255 = CARTESIAN_POINT('',(-3.565999965888,-0.81589899302,
    1.293190164148));
#8256 = CARTESIAN_POINT('',(-3.565999965888,-0.791897914681,
    1.278113674507));
#8257 = ORIENTED_EDGE('',*,*,#8258,.T.);
#8258 = EDGE_CURVE('',#8250,#8259,#8261,.T.);
#8259 = VERTEX_POINT('',#8260);
#8260 = CARTESIAN_POINT('',(-3.565999965888,-0.791897914681,
    1.236869944219));
#8261 = LINE('',#8262,#8263);
#8262 = CARTESIAN_POINT('',(-3.565999965888,-0.791897914681,
    1.236869944219));
#8263 = VECTOR('',#8264,1.);
#8264 = DIRECTION('',(0.,0.,-1.));
#8265 = ORIENTED_EDGE('',*,*,#8266,.T.);
#8266 = EDGE_CURVE('',#8259,#8267,#8269,.T.);
#8267 = VERTEX_POINT('',#8268);
#8268 = CARTESIAN_POINT('',(-3.565999965888,-0.871266101535,
    1.266156458583));
#8269 = B_SPLINE_CURVE_WITH_KNOTS('',3,(#8270,#8271,#8272,#8273),
  .UNSPECIFIED.,.F.,.F.,(4,4),(12.,13.),.PIECEWISE_BEZIER_KNOTS.);
#8270 = CARTESIAN_POINT('',(-3.565999965888,-0.791897914681,
    1.236869944219));
#8271 = CARTESIAN_POINT('',(-3.565999965888,-0.815812346528,
    1.256278758472));
#8272 = CARTESIAN_POINT('',(-3.565999965888,-0.842239526648,
    1.266156458583));
#8273 = CARTESIAN_POINT('',(-3.565999965888,-0.871266101535,
    1.266156458583));
#8274 = ORIENTED_EDGE('',*,*,#8275,.T.);
#8275 = EDGE_CURVE('',#8267,#8276,#8278,.T.);
#8276 = VERTEX_POINT('',#8277);
#8277 = CARTESIAN_POINT('',(-3.565999965888,-0.920308016118,
    1.20689025792));
#8278 = B_SPLINE_CURVE_WITH_KNOTS('',3,(#8279,#8280,#8281,#8282),
  .UNSPECIFIED.,.F.,.F.,(4,4),(11.,12.),.PIECEWISE_BEZIER_KNOTS.);
#8279 = CARTESIAN_POINT('',(-3.565999965888,-0.871266101535,
    1.266156458583));
#8280 = CARTESIAN_POINT('',(-3.565999965888,-0.903931829093,
    1.266156458583));
#8281 = CARTESIAN_POINT('',(-3.565999965888,-0.920308016118,
    1.246401058361));
#8282 = CARTESIAN_POINT('',(-3.565999965888,-0.920308016118,
    1.20689025792));
#8283 = ORIENTED_EDGE('',*,*,#8284,.T.);
#8284 = EDGE_CURVE('',#8276,#8285,#8287,.T.);
#8285 = VERTEX_POINT('',#8286);
#8286 = CARTESIAN_POINT('',(-3.565999965888,-0.848564720579,
    1.196839264825));
#8287 = LINE('',#8288,#8289);
#8288 = CARTESIAN_POINT('',(-3.565999965888,-0.848564720579,
    1.196839264825));
#8289 = VECTOR('',#8290,1.);
#8290 = DIRECTION('',(1.212802754978E-16,0.990328603988,-0.138741688482)
  );
#8291 = ORIENTED_EDGE('',*,*,#8292,.T.);
#8292 = EDGE_CURVE('',#8285,#8293,#8295,.T.);
#8293 = VERTEX_POINT('',#8294);
#8294 = CARTESIAN_POINT('',(-3.565999965888,-0.768243422312,
    1.117817663941));
#8295 = B_SPLINE_CURVE_WITH_KNOTS('',3,(#8296,#8297,#8298,#8299),
  .UNSPECIFIED.,.F.,.F.,(4,4),(9.,10.),.PIECEWISE_BEZIER_KNOTS.);
#8296 = CARTESIAN_POINT('',(-3.565999965888,-0.848564720579,
    1.196839264825));
#8297 = CARTESIAN_POINT('',(-3.565999965888,-0.795017188401,
    1.189387666496));
#8298 = CARTESIAN_POINT('',(-3.565999965888,-0.768243422312,
    1.163047132868));
#8299 = CARTESIAN_POINT('',(-3.565999965888,-0.768243422312,
    1.117817663941));
#8300 = ORIENTED_EDGE('',*,*,#8301,.T.);
#8301 = EDGE_CURVE('',#8293,#8302,#8304,.T.);
#8302 = VERTEX_POINT('',#8303);
#8303 = CARTESIAN_POINT('',(-3.565999965888,-0.78903858044,
    1.066349647574));
#8304 = B_SPLINE_CURVE_WITH_KNOTS('',3,(#8305,#8306,#8307,#8308),
  .UNSPECIFIED.,.F.,.F.,(4,4),(8.,9.),.PIECEWISE_BEZIER_KNOTS.);
#8305 = CARTESIAN_POINT('',(-3.565999965888,-0.768243422312,
    1.117817663941));
#8306 = CARTESIAN_POINT('',(-3.565999965888,-0.768243422312,
    1.096156040891));
#8307 = CARTESIAN_POINT('',(-3.565999965888,-0.775175141688,
    1.079000035435));
#8308 = CARTESIAN_POINT('',(-3.565999965888,-0.78903858044,
    1.066349647574));
#8309 = ORIENTED_EDGE('',*,*,#8310,.T.);
#8310 = EDGE_CURVE('',#8302,#8311,#8313,.T.);
#8311 = VERTEX_POINT('',#8312);
#8312 = CARTESIAN_POINT('',(-3.565999965888,-0.845012214399,
    1.047287419292));
#8313 = B_SPLINE_CURVE_WITH_KNOTS('',3,(#8314,#8315,#8316,#8317),
  .UNSPECIFIED.,.F.,.F.,(4,4),(7.,8.),.PIECEWISE_BEZIER_KNOTS.);
#8314 = CARTESIAN_POINT('',(-3.565999965888,-0.78903858044,
    1.066349647574));
#8315 = CARTESIAN_POINT('',(-3.565999965888,-0.802902019191,
    1.053699259714));
#8316 = CARTESIAN_POINT('',(-3.565999965888,-0.821531015014,
    1.047287419292));
#8317 = CARTESIAN_POINT('',(-3.565999965888,-0.845012214399,
    1.047287419292));
#8318 = ORIENTED_EDGE('',*,*,#8319,.T.);
#8319 = EDGE_CURVE('',#8311,#8320,#8322,.T.);
#8320 = VERTEX_POINT('',#8321);
#8321 = CARTESIAN_POINT('',(-3.565999965888,-0.91918161172,
    1.090437372406));
#8322 = B_SPLINE_CURVE_WITH_KNOTS('',3,(#8323,#8324,#8325,#8326),
  .UNSPECIFIED.,.F.,.F.,(4,4),(6.,7.),.PIECEWISE_BEZIER_KNOTS.);
#8323 = CARTESIAN_POINT('',(-3.565999965888,-0.845012214399,
    1.047287419292));
#8324 = CARTESIAN_POINT('',(-3.565999965888,-0.877677941957,
    1.047287419292));
#8325 = CARTESIAN_POINT('',(-3.565999965888,-0.902458838726,
    1.061670736997));
#8326 = CARTESIAN_POINT('',(-3.565999965888,-0.91918161172,
    1.090437372406));
#8327 = ORIENTED_EDGE('',*,*,#8328,.T.);
#8328 = EDGE_CURVE('',#8320,#8329,#8331,.T.);
#8329 = VERTEX_POINT('',#8330);
#8330 = CARTESIAN_POINT('',(-3.565999965888,-0.920308016118,
    1.090437372406));
#8331 = LINE('',#8332,#8333);
#8332 = CARTESIAN_POINT('',(-3.565999965888,-0.920308016118,
    1.090437372406));
#8333 = VECTOR('',#8334,1.);
#8334 = DIRECTION('',(-1.224646799147E-16,-1.,0.));
#8335 = ORIENTED_EDGE('',*,*,#8336,.T.);
#8336 = EDGE_CURVE('',#8329,#8337,#8339,.T.);
#8337 = VERTEX_POINT('',#8338);
#8338 = CARTESIAN_POINT('',(-3.565999965888,-0.920308016118,
    1.053006087777));
#8339 = LINE('',#8340,#8341);
#8340 = CARTESIAN_POINT('',(-3.565999965888,-0.920308016118,
    1.053006087777));
#8341 = VECTOR('',#8342,1.);
#8342 = DIRECTION('',(0.,0.,-1.));
#8343 = ORIENTED_EDGE('',*,*,#8344,.T.);
#8344 = EDGE_CURVE('',#8337,#8345,#8347,.T.);
#8345 = VERTEX_POINT('',#8346);
#8346 = CARTESIAN_POINT('',(-3.565999965888,-0.962764797295,
    1.053006087777));
#8347 = LINE('',#8348,#8349);
#8348 = CARTESIAN_POINT('',(-3.565999965888,-0.962764797295,
    1.053006087777));
#8349 = VECTOR('',#8350,1.);
#8350 = DIRECTION('',(-1.224646799147E-16,-1.,2.553660762919E-15));
#8351 = ORIENTED_EDGE('',*,*,#8352,.T.);
#8352 = EDGE_CURVE('',#8345,#8353,#8355,.T.);
#8353 = VERTEX_POINT('',#8354);
#8354 = CARTESIAN_POINT('',(-3.565999965888,-0.962764797295,
    1.208796480747));
#8355 = LINE('',#8356,#8357);
#8356 = CARTESIAN_POINT('',(-3.565999965888,-0.962764797295,
    1.208796480747));
#8357 = VECTOR('',#8358,1.);
#8358 = DIRECTION('',(3.409105483734E-31,2.783745881758E-15,1.));
#8359 = ORIENTED_EDGE('',*,*,#8360,.T.);
#8360 = EDGE_CURVE('',#8353,#8248,#8361,.T.);
#8361 = B_SPLINE_CURVE_WITH_KNOTS('',3,(#8362,#8363,#8364,#8365),
  .UNSPECIFIED.,.F.,.F.,(4,4),(1.,2.),.PIECEWISE_BEZIER_KNOTS.);
#8362 = CARTESIAN_POINT('',(-3.565999965888,-0.962764797295,
    1.208796480747));
#8363 = CARTESIAN_POINT('',(-3.565999965888,-0.962764797295,
    1.270142197224));
#8364 = CARTESIAN_POINT('',(-3.565999965888,-0.933564929425,
    1.300641762478));
#8365 = CARTESIAN_POINT('',(-3.565999965888,-0.875251840176,
    1.300641762478));
#8366 = FACE_BOUND('',#8367,.T.);
#8367 = EDGE_LOOP('',(#8368,#8379,#8388,#8396,#8404,#8413,#8422,#8431));
#8368 = ORIENTED_EDGE('',*,*,#8369,.F.);
#8369 = EDGE_CURVE('',#8370,#8372,#8374,.T.);
#8370 = VERTEX_POINT('',#8371);
#8371 = CARTESIAN_POINT('',(-3.565999965888,-0.82257077292,
    1.151956381865));
#8372 = VERTEX_POINT('',#8373);
#8373 = CARTESIAN_POINT('',(-3.565999965888,-0.811306728935,
    1.121283523628));
#8374 = B_SPLINE_CURVE_WITH_KNOTS('',3,(#8375,#8376,#8377,#8378),
  .UNSPECIFIED.,.F.,.F.,(4,4),(1.,2.),.PIECEWISE_BEZIER_KNOTS.);
#8375 = CARTESIAN_POINT('',(-3.565999965888,-0.82257077292,
    1.151956381865));
#8376 = CARTESIAN_POINT('',(-3.565999965888,-0.81511917459,
    1.144678076522));
#8377 = CARTESIAN_POINT('',(-3.565999965888,-0.811306728935,
    1.134453790443));
#8378 = CARTESIAN_POINT('',(-3.565999965888,-0.811306728935,
    1.121283523628));
#8379 = ORIENTED_EDGE('',*,*,#8380,.F.);
#8380 = EDGE_CURVE('',#8381,#8370,#8383,.T.);
#8381 = VERTEX_POINT('',#8382);
#8382 = CARTESIAN_POINT('',(-3.565999965888,-0.863641210221,
    1.166859578525));
#8383 = B_SPLINE_CURVE_WITH_KNOTS('',3,(#8384,#8385,#8386,#8387),
  .UNSPECIFIED.,.F.,.F.,(4,4),(0.,1.),.PIECEWISE_BEZIER_KNOTS.);
#8384 = CARTESIAN_POINT('',(-3.565999965888,-0.863641210221,
    1.166859578525));
#8385 = CARTESIAN_POINT('',(-3.565999965888,-0.843799163509,
    1.164086890773));
#8386 = CARTESIAN_POINT('',(-3.565999965888,-0.830109017741,
    1.159234687211));
#8387 = CARTESIAN_POINT('',(-3.565999965888,-0.82257077292,
    1.151956381865));
#8388 = ORIENTED_EDGE('',*,*,#8389,.F.);
#8389 = EDGE_CURVE('',#8390,#8381,#8392,.T.);
#8390 = VERTEX_POINT('',#8391);
#8391 = CARTESIAN_POINT('',(-3.565999965888,-0.920308016118,
    1.174484469839));
#8392 = LINE('',#8393,#8394);
#8393 = CARTESIAN_POINT('',(-3.565999965888,-0.920308016118,
    1.174484469839));
#8394 = VECTOR('',#8395,1.);
#8395 = DIRECTION('',(1.213708702525E-16,0.9910683663,-0.133354764894));
#8396 = ORIENTED_EDGE('',*,*,#8397,.F.);
#8397 = EDGE_CURVE('',#8398,#8390,#8400,.T.);
#8398 = VERTEX_POINT('',#8399);
#8399 = CARTESIAN_POINT('',(-3.565999965888,-0.920308016118,
    1.151263209928));
#8400 = LINE('',#8401,#8402);
#8401 = CARTESIAN_POINT('',(-3.565999965888,-0.920308016118,
    1.151263209928));
#8402 = VECTOR('',#8403,1.);
#8403 = DIRECTION('',(0.,0.,1.));
#8404 = ORIENTED_EDGE('',*,*,#8405,.F.);
#8405 = EDGE_CURVE('',#8406,#8398,#8408,.T.);
#8406 = VERTEX_POINT('',#8407);
#8407 = CARTESIAN_POINT('',(-3.565999965888,-0.902112252757,
    1.101874709377));
#8408 = B_SPLINE_CURVE_WITH_KNOTS('',3,(#8409,#8410,#8411,#8412),
  .UNSPECIFIED.,.F.,.F.,(4,4),(5.,6.),.PIECEWISE_BEZIER_KNOTS.);
#8409 = CARTESIAN_POINT('',(-3.565999965888,-0.902112252757,
    1.101874709377));
#8410 = CARTESIAN_POINT('',(-3.565999965888,-0.914242761665,
    1.114871683205));
#8411 = CARTESIAN_POINT('',(-3.565999965888,-0.920308016118,
    1.131334516723));
#8412 = CARTESIAN_POINT('',(-3.565999965888,-0.920308016118,
    1.151263209928));
#8413 = ORIENTED_EDGE('',*,*,#8414,.F.);
#8414 = EDGE_CURVE('',#8415,#8406,#8417,.T.);
#8415 = VERTEX_POINT('',#8416);
#8416 = CARTESIAN_POINT('',(-3.565999965888,-0.856016318908,
    1.082119309155));
#8417 = B_SPLINE_CURVE_WITH_KNOTS('',3,(#8418,#8419,#8420,#8421),
  .UNSPECIFIED.,.F.,.F.,(4,4),(4.,5.),.PIECEWISE_BEZIER_KNOTS.);
#8418 = CARTESIAN_POINT('',(-3.565999965888,-0.856016318908,
    1.082119309155));
#8419 = CARTESIAN_POINT('',(-3.565999965888,-0.87464531473,
    1.082119309155));
#8420 = CARTESIAN_POINT('',(-3.565999965888,-0.890068390341,
    1.088704442561));
#8421 = CARTESIAN_POINT('',(-3.565999965888,-0.902112252757,
    1.101874709377));
#8422 = ORIENTED_EDGE('',*,*,#8423,.F.);
#8423 = EDGE_CURVE('',#8424,#8415,#8426,.T.);
#8424 = VERTEX_POINT('',#8425);
#8425 = CARTESIAN_POINT('',(-3.565999965888,-0.823610530826,
    1.093036767171));
#8426 = B_SPLINE_CURVE_WITH_KNOTS('',3,(#8427,#8428,#8429,#8430),
  .UNSPECIFIED.,.F.,.F.,(4,4),(3.,4.),.PIECEWISE_BEZIER_KNOTS.);
#8427 = CARTESIAN_POINT('',(-3.565999965888,-0.823610530826,
    1.093036767171));
#8428 = CARTESIAN_POINT('',(-3.565999965888,-0.831755301093,
    1.085758461828));
#8429 = CARTESIAN_POINT('',(-3.565999965888,-0.842586112617,
    1.082119309155));
#8430 = CARTESIAN_POINT('',(-3.565999965888,-0.856016318908,
    1.082119309155));
#8431 = ORIENTED_EDGE('',*,*,#8432,.F.);
#8432 = EDGE_CURVE('',#8372,#8424,#8433,.T.);
#8433 = B_SPLINE_CURVE_WITH_KNOTS('',3,(#8434,#8435,#8436,#8437),
  .UNSPECIFIED.,.F.,.F.,(4,4),(2.,3.),.PIECEWISE_BEZIER_KNOTS.);
#8434 = CARTESIAN_POINT('',(-3.565999965888,-0.811306728935,
    1.121283523628));
#8435 = CARTESIAN_POINT('',(-3.565999965888,-0.811306728935,
    1.109672893675));
#8436 = CARTESIAN_POINT('',(-3.565999965888,-0.815379114068,
    1.100315072516));
#8437 = CARTESIAN_POINT('',(-3.565999965888,-0.823610530826,
    1.093036767171));
#8438 = PLANE('',#8439);
#8439 = AXIS2_PLACEMENT_3D('',#8440,#8441,#8442);
#8440 = CARTESIAN_POINT('',(-3.565999965888,-0.830748035621,
    1.295031402108));
#8441 = DIRECTION('',(-1.,1.224646799147E-16,0.));
#8442 = DIRECTION('',(-0.,0.,-1.));
#8443 = ADVANCED_FACE('',(#8444),#8460,.F.);
#8444 = FACE_BOUND('',#8445,.F.);
#8445 = EDGE_LOOP('',(#8446,#8452,#8453,#8459));
#8446 = ORIENTED_EDGE('',*,*,#8447,.F.);
#8447 = EDGE_CURVE('',#8248,#1091,#8448,.T.);
#8448 = LINE('',#8449,#8450);
#8449 = CARTESIAN_POINT('',(-3.565999965888,-0.875251840176,
    1.300641762478));
#8450 = VECTOR('',#8451,1.);
#8451 = DIRECTION('',(1.,-1.224646799147E-16,-0.));
#8452 = ORIENTED_EDGE('',*,*,#8247,.T.);
#8453 = ORIENTED_EDGE('',*,*,#8454,.T.);
#8454 = EDGE_CURVE('',#8250,#1081,#8455,.T.);
#8455 = LINE('',#8456,#8457);
#8456 = CARTESIAN_POINT('',(-3.565999965888,-0.791897914681,
    1.278113674507));
#8457 = VECTOR('',#8458,1.);
#8458 = DIRECTION('',(1.,-1.224646799147E-16,-0.));
#8459 = ORIENTED_EDGE('',*,*,#1090,.F.);
#8460 = B_SPLINE_SURFACE_WITH_KNOTS('',3,1,(
    (#8461,#8462)
    ,(#8463,#8464)
    ,(#8465,#8466)
    ,(#8467,#8468
    )),.UNSPECIFIED.,.F.,.F.,.F.,(4,4),(2,2),(0.,1.),(0.,1.),
  .PIECEWISE_BEZIER_KNOTS.);
#8461 = CARTESIAN_POINT('',(-3.565999965888,-0.875251840176,
    1.300641762478));
#8462 = CARTESIAN_POINT('',(-3.555999965983,-0.875251840176,
    1.300641762478));
#8463 = CARTESIAN_POINT('',(-3.565999965888,-0.843712517016,
    1.300641762478));
#8464 = CARTESIAN_POINT('',(-3.555999965983,-0.843712517016,
    1.300641762478));
#8465 = CARTESIAN_POINT('',(-3.565999965888,-0.81589899302,
    1.293190164148));
#8466 = CARTESIAN_POINT('',(-3.555999965983,-0.81589899302,
    1.293190164148));
#8467 = CARTESIAN_POINT('',(-3.565999965888,-0.791897914681,
    1.278113674507));
#8468 = CARTESIAN_POINT('',(-3.555999965983,-0.791897914681,
    1.278113674507));
#8469 = ADVANCED_FACE('',(#8470),#8481,.F.);
#8470 = FACE_BOUND('',#8471,.T.);
#8471 = EDGE_LOOP('',(#8472,#8473,#8479,#8480));
#8472 = ORIENTED_EDGE('',*,*,#1080,.T.);
#8473 = ORIENTED_EDGE('',*,*,#8474,.F.);
#8474 = EDGE_CURVE('',#8259,#1083,#8475,.T.);
#8475 = LINE('',#8476,#8477);
#8476 = CARTESIAN_POINT('',(-3.565999965888,-0.791897914681,
    1.236869944219));
#8477 = VECTOR('',#8478,1.);
#8478 = DIRECTION('',(1.,-1.224646799147E-16,-0.));
#8479 = ORIENTED_EDGE('',*,*,#8258,.F.);
#8480 = ORIENTED_EDGE('',*,*,#8454,.T.);
#8481 = PLANE('',#8482);
#8482 = AXIS2_PLACEMENT_3D('',#8483,#8484,#8485);
#8483 = CARTESIAN_POINT('',(-3.565999965888,-0.791897914681,
    1.236869944219));
#8484 = DIRECTION('',(-1.224646799147E-16,-1.,0.));
#8485 = DIRECTION('',(0.,0.,1.));
#8486 = ADVANCED_FACE('',(#8487),#8498,.F.);
#8487 = FACE_BOUND('',#8488,.F.);
#8488 = EDGE_LOOP('',(#8489,#8490,#8491,#8497));
#8489 = ORIENTED_EDGE('',*,*,#8474,.F.);
#8490 = ORIENTED_EDGE('',*,*,#8266,.T.);
#8491 = ORIENTED_EDGE('',*,*,#8492,.T.);
#8492 = EDGE_CURVE('',#8267,#1185,#8493,.T.);
#8493 = LINE('',#8494,#8495);
#8494 = CARTESIAN_POINT('',(-3.565999965888,-0.871266101535,
    1.266156458583));
#8495 = VECTOR('',#8496,1.);
#8496 = DIRECTION('',(1.,-1.224646799147E-16,-0.));
#8497 = ORIENTED_EDGE('',*,*,#1193,.F.);
#8498 = B_SPLINE_SURFACE_WITH_KNOTS('',3,1,(
    (#8499,#8500)
    ,(#8501,#8502)
    ,(#8503,#8504)
    ,(#8505,#8506
    )),.UNSPECIFIED.,.F.,.F.,.F.,(4,4),(2,2),(12.,13.),(0.,1.),
  .PIECEWISE_BEZIER_KNOTS.);
#8499 = CARTESIAN_POINT('',(-3.565999965888,-0.791897914681,
    1.236869944219));
#8500 = CARTESIAN_POINT('',(-3.555999965983,-0.791897914681,
    1.236869944219));
#8501 = CARTESIAN_POINT('',(-3.565999965888,-0.815812346528,
    1.256278758472));
#8502 = CARTESIAN_POINT('',(-3.555999965983,-0.815812346528,
    1.256278758472));
#8503 = CARTESIAN_POINT('',(-3.565999965888,-0.842239526648,
    1.266156458583));
#8504 = CARTESIAN_POINT('',(-3.555999965983,-0.842239526648,
    1.266156458583));
#8505 = CARTESIAN_POINT('',(-3.565999965888,-0.871266101535,
    1.266156458583));
#8506 = CARTESIAN_POINT('',(-3.555999965983,-0.871266101535,
    1.266156458583));
#8507 = ADVANCED_FACE('',(#8508),#8519,.F.);
#8508 = FACE_BOUND('',#8509,.F.);
#8509 = EDGE_LOOP('',(#8510,#8511,#8512,#8518));
#8510 = ORIENTED_EDGE('',*,*,#8492,.F.);
#8511 = ORIENTED_EDGE('',*,*,#8275,.T.);
#8512 = ORIENTED_EDGE('',*,*,#8513,.T.);
#8513 = EDGE_CURVE('',#8276,#1177,#8514,.T.);
#8514 = LINE('',#8515,#8516);
#8515 = CARTESIAN_POINT('',(-3.565999965888,-0.920308016118,
    1.20689025792));
#8516 = VECTOR('',#8517,1.);
#8517 = DIRECTION('',(1.,-1.224646799147E-16,-0.));
#8518 = ORIENTED_EDGE('',*,*,#1184,.F.);
#8519 = B_SPLINE_SURFACE_WITH_KNOTS('',3,1,(
    (#8520,#8521)
    ,(#8522,#8523)
    ,(#8524,#8525)
    ,(#8526,#8527
    )),.UNSPECIFIED.,.F.,.F.,.F.,(4,4),(2,2),(11.,12.),(0.,1.),
  .PIECEWISE_BEZIER_KNOTS.);
#8520 = CARTESIAN_POINT('',(-3.565999965888,-0.871266101535,
    1.266156458583));
#8521 = CARTESIAN_POINT('',(-3.555999965983,-0.871266101535,
    1.266156458583));
#8522 = CARTESIAN_POINT('',(-3.565999965888,-0.903931829093,
    1.266156458583));
#8523 = CARTESIAN_POINT('',(-3.555999965983,-0.903931829093,
    1.266156458583));
#8524 = CARTESIAN_POINT('',(-3.565999965888,-0.920308016118,
    1.246401058361));
#8525 = CARTESIAN_POINT('',(-3.555999965983,-0.920308016118,
    1.246401058361));
#8526 = CARTESIAN_POINT('',(-3.565999965888,-0.920308016118,
    1.20689025792));
#8527 = CARTESIAN_POINT('',(-3.555999965983,-0.920308016118,
    1.20689025792));
#8528 = ADVANCED_FACE('',(#8529),#8540,.F.);
#8529 = FACE_BOUND('',#8530,.T.);
#8530 = EDGE_LOOP('',(#8531,#8532,#8538,#8539));
#8531 = ORIENTED_EDGE('',*,*,#1176,.T.);
#8532 = ORIENTED_EDGE('',*,*,#8533,.F.);
#8533 = EDGE_CURVE('',#8285,#1168,#8534,.T.);
#8534 = LINE('',#8535,#8536);
#8535 = CARTESIAN_POINT('',(-3.565999965888,-0.848564720579,
    1.196839264825));
#8536 = VECTOR('',#8537,1.);
#8537 = DIRECTION('',(1.,-1.224646799147E-16,-0.));
#8538 = ORIENTED_EDGE('',*,*,#8284,.F.);
#8539 = ORIENTED_EDGE('',*,*,#8513,.T.);
#8540 = PLANE('',#8541);
#8541 = AXIS2_PLACEMENT_3D('',#8542,#8543,#8544);
#8542 = CARTESIAN_POINT('',(-3.565999965888,-0.848564720579,
    1.196839264825));
#8543 = DIRECTION('',(-1.699095647082E-17,-0.138741688482,
    -0.990328603988));
#8544 = DIRECTION('',(-1.212802754978E-16,-0.990328603988,0.138741688482
    ));
#8545 = ADVANCED_FACE('',(#8546),#8557,.F.);
#8546 = FACE_BOUND('',#8547,.F.);
#8547 = EDGE_LOOP('',(#8548,#8549,#8550,#8556));
#8548 = ORIENTED_EDGE('',*,*,#8533,.F.);
#8549 = ORIENTED_EDGE('',*,*,#8292,.T.);
#8550 = ORIENTED_EDGE('',*,*,#8551,.T.);
#8551 = EDGE_CURVE('',#8293,#1159,#8552,.T.);
#8552 = LINE('',#8553,#8554);
#8553 = CARTESIAN_POINT('',(-3.565999965888,-0.768243422312,
    1.117817663941));
#8554 = VECTOR('',#8555,1.);
#8555 = DIRECTION('',(1.,-1.224646799147E-16,-0.));
#8556 = ORIENTED_EDGE('',*,*,#1167,.F.);
#8557 = B_SPLINE_SURFACE_WITH_KNOTS('',3,1,(
    (#8558,#8559)
    ,(#8560,#8561)
    ,(#8562,#8563)
    ,(#8564,#8565
    )),.UNSPECIFIED.,.F.,.F.,.F.,(4,4),(2,2),(9.,10.),(0.,1.),
  .PIECEWISE_BEZIER_KNOTS.);
#8558 = CARTESIAN_POINT('',(-3.565999965888,-0.848564720579,
    1.196839264825));
#8559 = CARTESIAN_POINT('',(-3.555999965983,-0.848564720579,
    1.196839264825));
#8560 = CARTESIAN_POINT('',(-3.565999965888,-0.795017188401,
    1.189387666496));
#8561 = CARTESIAN_POINT('',(-3.555999965983,-0.795017188401,
    1.189387666496));
#8562 = CARTESIAN_POINT('',(-3.565999965888,-0.768243422312,
    1.163047132868));
#8563 = CARTESIAN_POINT('',(-3.555999965983,-0.768243422312,
    1.163047132868));
#8564 = CARTESIAN_POINT('',(-3.565999965888,-0.768243422312,
    1.117817663941));
#8565 = CARTESIAN_POINT('',(-3.555999965983,-0.768243422312,
    1.117817663941));
#8566 = ADVANCED_FACE('',(#8567),#8578,.F.);
#8567 = FACE_BOUND('',#8568,.F.);
#8568 = EDGE_LOOP('',(#8569,#8570,#8571,#8577));
#8569 = ORIENTED_EDGE('',*,*,#8551,.F.);
#8570 = ORIENTED_EDGE('',*,*,#8301,.T.);
#8571 = ORIENTED_EDGE('',*,*,#8572,.T.);
#8572 = EDGE_CURVE('',#8302,#1150,#8573,.T.);
#8573 = LINE('',#8574,#8575);
#8574 = CARTESIAN_POINT('',(-3.565999965888,-0.78903858044,
    1.066349647574));
#8575 = VECTOR('',#8576,1.);
#8576 = DIRECTION('',(1.,-1.224646799147E-16,-0.));
#8577 = ORIENTED_EDGE('',*,*,#1158,.F.);
#8578 = B_SPLINE_SURFACE_WITH_KNOTS('',3,1,(
    (#8579,#8580)
    ,(#8581,#8582)
    ,(#8583,#8584)
    ,(#8585,#8586
    )),.UNSPECIFIED.,.F.,.F.,.F.,(4,4),(2,2),(8.,9.),(0.,1.),
  .PIECEWISE_BEZIER_KNOTS.);
#8579 = CARTESIAN_POINT('',(-3.565999965888,-0.768243422312,
    1.117817663941));
#8580 = CARTESIAN_POINT('',(-3.555999965983,-0.768243422312,
    1.117817663941));
#8581 = CARTESIAN_POINT('',(-3.565999965888,-0.768243422312,
    1.096156040891));
#8582 = CARTESIAN_POINT('',(-3.555999965983,-0.768243422312,
    1.096156040891));
#8583 = CARTESIAN_POINT('',(-3.565999965888,-0.775175141688,
    1.079000035435));
#8584 = CARTESIAN_POINT('',(-3.555999965983,-0.775175141688,
    1.079000035435));
#8585 = CARTESIAN_POINT('',(-3.565999965888,-0.78903858044,
    1.066349647574));
#8586 = CARTESIAN_POINT('',(-3.555999965983,-0.78903858044,
    1.066349647574));
#8587 = ADVANCED_FACE('',(#8588),#8599,.F.);
#8588 = FACE_BOUND('',#8589,.F.);
#8589 = EDGE_LOOP('',(#8590,#8591,#8592,#8598));
#8590 = ORIENTED_EDGE('',*,*,#8572,.F.);
#8591 = ORIENTED_EDGE('',*,*,#8310,.T.);
#8592 = ORIENTED_EDGE('',*,*,#8593,.T.);
#8593 = EDGE_CURVE('',#8311,#1141,#8594,.T.);
#8594 = LINE('',#8595,#8596);
#8595 = CARTESIAN_POINT('',(-3.565999965888,-0.845012214399,
    1.047287419292));
#8596 = VECTOR('',#8597,1.);
#8597 = DIRECTION('',(1.,-1.224646799147E-16,-0.));
#8598 = ORIENTED_EDGE('',*,*,#1149,.F.);
#8599 = B_SPLINE_SURFACE_WITH_KNOTS('',3,1,(
    (#8600,#8601)
    ,(#8602,#8603)
    ,(#8604,#8605)
    ,(#8606,#8607
    )),.UNSPECIFIED.,.F.,.F.,.F.,(4,4),(2,2),(7.,8.),(0.,1.),
  .PIECEWISE_BEZIER_KNOTS.);
#8600 = CARTESIAN_POINT('',(-3.565999965888,-0.78903858044,
    1.066349647574));
#8601 = CARTESIAN_POINT('',(-3.555999965983,-0.78903858044,
    1.066349647574));
#8602 = CARTESIAN_POINT('',(-3.565999965888,-0.802902019191,
    1.053699259714));
#8603 = CARTESIAN_POINT('',(-3.555999965983,-0.802902019191,
    1.053699259714));
#8604 = CARTESIAN_POINT('',(-3.565999965888,-0.821531015014,
    1.047287419292));
#8605 = CARTESIAN_POINT('',(-3.555999965983,-0.821531015014,
    1.047287419292));
#8606 = CARTESIAN_POINT('',(-3.565999965888,-0.845012214399,
    1.047287419292));
#8607 = CARTESIAN_POINT('',(-3.555999965983,-0.845012214399,
    1.047287419292));
#8608 = ADVANCED_FACE('',(#8609),#8620,.F.);
#8609 = FACE_BOUND('',#8610,.F.);
#8610 = EDGE_LOOP('',(#8611,#8612,#8613,#8619));
#8611 = ORIENTED_EDGE('',*,*,#8593,.F.);
#8612 = ORIENTED_EDGE('',*,*,#8319,.T.);
#8613 = ORIENTED_EDGE('',*,*,#8614,.T.);
#8614 = EDGE_CURVE('',#8320,#1133,#8615,.T.);
#8615 = LINE('',#8616,#8617);
#8616 = CARTESIAN_POINT('',(-3.565999965888,-0.91918161172,
    1.090437372406));
#8617 = VECTOR('',#8618,1.);
#8618 = DIRECTION('',(1.,-1.224646799147E-16,-0.));
#8619 = ORIENTED_EDGE('',*,*,#1140,.F.);
#8620 = B_SPLINE_SURFACE_WITH_KNOTS('',3,1,(
    (#8621,#8622)
    ,(#8623,#8624)
    ,(#8625,#8626)
    ,(#8627,#8628
    )),.UNSPECIFIED.,.F.,.F.,.F.,(4,4),(2,2),(6.,7.),(0.,1.),
  .PIECEWISE_BEZIER_KNOTS.);
#8621 = CARTESIAN_POINT('',(-3.565999965888,-0.845012214399,
    1.047287419292));
#8622 = CARTESIAN_POINT('',(-3.555999965983,-0.845012214399,
    1.047287419292));
#8623 = CARTESIAN_POINT('',(-3.565999965888,-0.877677941957,
    1.047287419292));
#8624 = CARTESIAN_POINT('',(-3.555999965983,-0.877677941957,
    1.047287419292));
#8625 = CARTESIAN_POINT('',(-3.565999965888,-0.902458838726,
    1.061670736997));
#8626 = CARTESIAN_POINT('',(-3.555999965983,-0.902458838726,
    1.061670736997));
#8627 = CARTESIAN_POINT('',(-3.565999965888,-0.91918161172,
    1.090437372406));
#8628 = CARTESIAN_POINT('',(-3.555999965983,-0.91918161172,
    1.090437372406));
#8629 = ADVANCED_FACE('',(#8630),#8641,.F.);
#8630 = FACE_BOUND('',#8631,.T.);
#8631 = EDGE_LOOP('',(#8632,#8633,#8639,#8640));
#8632 = ORIENTED_EDGE('',*,*,#1132,.T.);
#8633 = ORIENTED_EDGE('',*,*,#8634,.F.);
#8634 = EDGE_CURVE('',#8329,#1125,#8635,.T.);
#8635 = LINE('',#8636,#8637);
#8636 = CARTESIAN_POINT('',(-3.565999965888,-0.920308016118,
    1.090437372406));
#8637 = VECTOR('',#8638,1.);
#8638 = DIRECTION('',(1.,-1.224646799147E-16,-0.));
#8639 = ORIENTED_EDGE('',*,*,#8328,.F.);
#8640 = ORIENTED_EDGE('',*,*,#8614,.T.);
#8641 = PLANE('',#8642);
#8642 = AXIS2_PLACEMENT_3D('',#8643,#8644,#8645);
#8643 = CARTESIAN_POINT('',(-3.565999965888,-0.920308016118,
    1.090437372406));
#8644 = DIRECTION('',(0.,0.,1.));
#8645 = DIRECTION('',(-1.,1.224646799147E-16,0.));
#8646 = ADVANCED_FACE('',(#8647),#8658,.F.);
#8647 = FACE_BOUND('',#8648,.T.);
#8648 = EDGE_LOOP('',(#8649,#8650,#8656,#8657));
#8649 = ORIENTED_EDGE('',*,*,#1124,.T.);
#8650 = ORIENTED_EDGE('',*,*,#8651,.F.);
#8651 = EDGE_CURVE('',#8337,#1117,#8652,.T.);
#8652 = LINE('',#8653,#8654);
#8653 = CARTESIAN_POINT('',(-3.565999965888,-0.920308016118,
    1.053006087777));
#8654 = VECTOR('',#8655,1.);
#8655 = DIRECTION('',(1.,-1.224646799147E-16,-0.));
#8656 = ORIENTED_EDGE('',*,*,#8336,.F.);
#8657 = ORIENTED_EDGE('',*,*,#8634,.T.);
#8658 = PLANE('',#8659);
#8659 = AXIS2_PLACEMENT_3D('',#8660,#8661,#8662);
#8660 = CARTESIAN_POINT('',(-3.565999965888,-0.920308016118,
    1.053006087777));
#8661 = DIRECTION('',(-1.224646799147E-16,-1.,0.));
#8662 = DIRECTION('',(0.,0.,1.));
#8663 = ADVANCED_FACE('',(#8664),#8675,.F.);
#8664 = FACE_BOUND('',#8665,.T.);
#8665 = EDGE_LOOP('',(#8666,#8667,#8673,#8674));
#8666 = ORIENTED_EDGE('',*,*,#1116,.T.);
#8667 = ORIENTED_EDGE('',*,*,#8668,.F.);
#8668 = EDGE_CURVE('',#8345,#1109,#8669,.T.);
#8669 = LINE('',#8670,#8671);
#8670 = CARTESIAN_POINT('',(-3.565999965888,-0.962764797295,
    1.053006087777));
#8671 = VECTOR('',#8672,1.);
#8672 = DIRECTION('',(1.,-1.224646799147E-16,-0.));
#8673 = ORIENTED_EDGE('',*,*,#8344,.F.);
#8674 = ORIENTED_EDGE('',*,*,#8651,.T.);
#8675 = PLANE('',#8676);
#8676 = AXIS2_PLACEMENT_3D('',#8677,#8678,#8679);
#8677 = CARTESIAN_POINT('',(-3.565999965888,-0.962764797295,
    1.053006087777));
#8678 = DIRECTION('',(3.127332479417E-31,2.553660762919E-15,1.));
#8679 = DIRECTION('',(1.224646799147E-16,1.,-2.553660762919E-15));
#8680 = ADVANCED_FACE('',(#8681),#8692,.F.);
#8681 = FACE_BOUND('',#8682,.T.);
#8682 = EDGE_LOOP('',(#8683,#8684,#8690,#8691));
#8683 = ORIENTED_EDGE('',*,*,#1108,.T.);
#8684 = ORIENTED_EDGE('',*,*,#8685,.F.);
#8685 = EDGE_CURVE('',#8353,#1100,#8686,.T.);
#8686 = LINE('',#8687,#8688);
#8687 = CARTESIAN_POINT('',(-3.565999965888,-0.962764797295,
    1.208796480747));
#8688 = VECTOR('',#8689,1.);
#8689 = DIRECTION('',(1.,-1.224646799147E-16,-0.));
#8690 = ORIENTED_EDGE('',*,*,#8352,.F.);
#8691 = ORIENTED_EDGE('',*,*,#8668,.T.);
#8692 = PLANE('',#8693);
#8693 = AXIS2_PLACEMENT_3D('',#8694,#8695,#8696);
#8694 = CARTESIAN_POINT('',(-3.565999965888,-0.962764797295,
    1.208796480747));
#8695 = DIRECTION('',(1.224646799147E-16,1.,-2.783745881758E-15));
#8696 = DIRECTION('',(-3.409105483734E-31,-2.783745881758E-15,-1.));
#8697 = ADVANCED_FACE('',(#8698),#8704,.F.);
#8698 = FACE_BOUND('',#8699,.F.);
#8699 = EDGE_LOOP('',(#8700,#8701,#8702,#8703));
#8700 = ORIENTED_EDGE('',*,*,#8685,.F.);
#8701 = ORIENTED_EDGE('',*,*,#8360,.T.);
#8702 = ORIENTED_EDGE('',*,*,#8447,.T.);
#8703 = ORIENTED_EDGE('',*,*,#1099,.F.);
#8704 = B_SPLINE_SURFACE_WITH_KNOTS('',3,1,(
    (#8705,#8706)
    ,(#8707,#8708)
    ,(#8709,#8710)
    ,(#8711,#8712
    )),.UNSPECIFIED.,.F.,.F.,.F.,(4,4),(2,2),(1.,2.),(0.,1.),
  .PIECEWISE_BEZIER_KNOTS.);
#8705 = CARTESIAN_POINT('',(-3.565999965888,-0.962764797295,
    1.208796480747));
#8706 = CARTESIAN_POINT('',(-3.555999965983,-0.962764797295,
    1.208796480747));
#8707 = CARTESIAN_POINT('',(-3.565999965888,-0.962764797295,
    1.270142197224));
#8708 = CARTESIAN_POINT('',(-3.555999965983,-0.962764797295,
    1.270142197224));
#8709 = CARTESIAN_POINT('',(-3.565999965888,-0.933564929425,
    1.300641762478));
#8710 = CARTESIAN_POINT('',(-3.555999965983,-0.933564929425,
    1.300641762478));
#8711 = CARTESIAN_POINT('',(-3.565999965888,-0.875251840176,
    1.300641762478));
#8712 = CARTESIAN_POINT('',(-3.555999965983,-0.875251840176,
    1.300641762478));
#8713 = ADVANCED_FACE('',(#8714),#8740,.T.);
#8714 = FACE_BOUND('',#8715,.T.);
#8715 = EDGE_LOOP('',(#8716,#8727,#8733,#8734));
#8716 = ORIENTED_EDGE('',*,*,#8717,.F.);
#8717 = EDGE_CURVE('',#8718,#8720,#8722,.T.);
#8718 = VERTEX_POINT('',#8719);
#8719 = CARTESIAN_POINT('',(-3.555999965983,-0.863641210221,
    1.166859578525));
#8720 = VERTEX_POINT('',#8721);
#8721 = CARTESIAN_POINT('',(-3.555999965983,-0.82257077292,
    1.151956381865));
#8722 = B_SPLINE_CURVE_WITH_KNOTS('',3,(#8723,#8724,#8725,#8726),
  .UNSPECIFIED.,.F.,.F.,(4,4),(0.,1.),.PIECEWISE_BEZIER_KNOTS.);
#8723 = CARTESIAN_POINT('',(-3.555999965983,-0.863641210221,
    1.166859578525));
#8724 = CARTESIAN_POINT('',(-3.555999965983,-0.843799163509,
    1.164086890773));
#8725 = CARTESIAN_POINT('',(-3.555999965983,-0.830109017741,
    1.159234687211));
#8726 = CARTESIAN_POINT('',(-3.555999965983,-0.82257077292,
    1.151956381865));
#8727 = ORIENTED_EDGE('',*,*,#8728,.F.);
#8728 = EDGE_CURVE('',#8381,#8718,#8729,.T.);
#8729 = LINE('',#8730,#8731);
#8730 = CARTESIAN_POINT('',(-3.565999965888,-0.863641210221,
    1.166859578525));
#8731 = VECTOR('',#8732,1.);
#8732 = DIRECTION('',(1.,-1.224646799147E-16,-0.));
#8733 = ORIENTED_EDGE('',*,*,#8380,.T.);
#8734 = ORIENTED_EDGE('',*,*,#8735,.T.);
#8735 = EDGE_CURVE('',#8370,#8720,#8736,.T.);
#8736 = LINE('',#8737,#8738);
#8737 = CARTESIAN_POINT('',(-3.565999965888,-0.82257077292,
    1.151956381865));
#8738 = VECTOR('',#8739,1.);
#8739 = DIRECTION('',(1.,-1.224646799147E-16,-0.));
#8740 = B_SPLINE_SURFACE_WITH_KNOTS('',3,1,(
    (#8741,#8742)
    ,(#8743,#8744)
    ,(#8745,#8746)
    ,(#8747,#8748
    )),.UNSPECIFIED.,.F.,.F.,.F.,(4,4),(2,2),(0.,1.),(0.,1.),
  .PIECEWISE_BEZIER_KNOTS.);
#8741 = CARTESIAN_POINT('',(-3.565999965888,-0.863641210221,
    1.166859578525));
#8742 = CARTESIAN_POINT('',(-3.555999965983,-0.863641210221,
    1.166859578525));
#8743 = CARTESIAN_POINT('',(-3.565999965888,-0.843799163509,
    1.164086890773));
#8744 = CARTESIAN_POINT('',(-3.555999965983,-0.843799163509,
    1.164086890773));
#8745 = CARTESIAN_POINT('',(-3.565999965888,-0.830109017741,
    1.159234687211));
#8746 = CARTESIAN_POINT('',(-3.555999965983,-0.830109017741,
    1.159234687211));
#8747 = CARTESIAN_POINT('',(-3.565999965888,-0.82257077292,
    1.151956381865));
#8748 = CARTESIAN_POINT('',(-3.555999965983,-0.82257077292,
    1.151956381865));
#8749 = ADVANCED_FACE('',(#8750),#8769,.T.);
#8750 = FACE_BOUND('',#8751,.T.);
#8751 = EDGE_LOOP('',(#8752,#8761,#8762,#8763));
#8752 = ORIENTED_EDGE('',*,*,#8753,.F.);
#8753 = EDGE_CURVE('',#8720,#8754,#8756,.T.);
#8754 = VERTEX_POINT('',#8755);
#8755 = CARTESIAN_POINT('',(-3.555999965983,-0.811306728935,
    1.121283523628));
#8756 = B_SPLINE_CURVE_WITH_KNOTS('',3,(#8757,#8758,#8759,#8760),
  .UNSPECIFIED.,.F.,.F.,(4,4),(1.,2.),.PIECEWISE_BEZIER_KNOTS.);
#8757 = CARTESIAN_POINT('',(-3.555999965983,-0.82257077292,
    1.151956381865));
#8758 = CARTESIAN_POINT('',(-3.555999965983,-0.81511917459,
    1.144678076522));
#8759 = CARTESIAN_POINT('',(-3.555999965983,-0.811306728935,
    1.134453790443));
#8760 = CARTESIAN_POINT('',(-3.555999965983,-0.811306728935,
    1.121283523628));
#8761 = ORIENTED_EDGE('',*,*,#8735,.F.);
#8762 = ORIENTED_EDGE('',*,*,#8369,.T.);
#8763 = ORIENTED_EDGE('',*,*,#8764,.T.);
#8764 = EDGE_CURVE('',#8372,#8754,#8765,.T.);
#8765 = LINE('',#8766,#8767);
#8766 = CARTESIAN_POINT('',(-3.565999965888,-0.811306728935,
    1.121283523628));
#8767 = VECTOR('',#8768,1.);
#8768 = DIRECTION('',(1.,-1.224646799147E-16,-0.));
#8769 = B_SPLINE_SURFACE_WITH_KNOTS('',3,1,(
    (#8770,#8771)
    ,(#8772,#8773)
    ,(#8774,#8775)
    ,(#8776,#8777
    )),.UNSPECIFIED.,.F.,.F.,.F.,(4,4),(2,2),(1.,2.),(0.,1.),
  .PIECEWISE_BEZIER_KNOTS.);
#8770 = CARTESIAN_POINT('',(-3.565999965888,-0.82257077292,
    1.151956381865));
#8771 = CARTESIAN_POINT('',(-3.555999965983,-0.82257077292,
    1.151956381865));
#8772 = CARTESIAN_POINT('',(-3.565999965888,-0.81511917459,
    1.144678076522));
#8773 = CARTESIAN_POINT('',(-3.555999965983,-0.81511917459,
    1.144678076522));
#8774 = CARTESIAN_POINT('',(-3.565999965888,-0.811306728935,
    1.134453790443));
#8775 = CARTESIAN_POINT('',(-3.555999965983,-0.811306728935,
    1.134453790443));
#8776 = CARTESIAN_POINT('',(-3.565999965888,-0.811306728935,
    1.121283523628));
#8777 = CARTESIAN_POINT('',(-3.555999965983,-0.811306728935,
    1.121283523628));
#8778 = ADVANCED_FACE('',(#8779),#8798,.T.);
#8779 = FACE_BOUND('',#8780,.T.);
#8780 = EDGE_LOOP('',(#8781,#8790,#8791,#8792));
#8781 = ORIENTED_EDGE('',*,*,#8782,.F.);
#8782 = EDGE_CURVE('',#8754,#8783,#8785,.T.);
#8783 = VERTEX_POINT('',#8784);
#8784 = CARTESIAN_POINT('',(-3.555999965983,-0.823610530826,
    1.093036767171));
#8785 = B_SPLINE_CURVE_WITH_KNOTS('',3,(#8786,#8787,#8788,#8789),
  .UNSPECIFIED.,.F.,.F.,(4,4),(2.,3.),.PIECEWISE_BEZIER_KNOTS.);
#8786 = CARTESIAN_POINT('',(-3.555999965983,-0.811306728935,
    1.121283523628));
#8787 = CARTESIAN_POINT('',(-3.555999965983,-0.811306728935,
    1.109672893675));
#8788 = CARTESIAN_POINT('',(-3.555999965983,-0.815379114068,
    1.100315072516));
#8789 = CARTESIAN_POINT('',(-3.555999965983,-0.823610530826,
    1.093036767171));
#8790 = ORIENTED_EDGE('',*,*,#8764,.F.);
#8791 = ORIENTED_EDGE('',*,*,#8432,.T.);
#8792 = ORIENTED_EDGE('',*,*,#8793,.T.);
#8793 = EDGE_CURVE('',#8424,#8783,#8794,.T.);
#8794 = LINE('',#8795,#8796);
#8795 = CARTESIAN_POINT('',(-3.565999965888,-0.823610530826,
    1.093036767171));
#8796 = VECTOR('',#8797,1.);
#8797 = DIRECTION('',(1.,-1.224646799147E-16,-0.));
#8798 = B_SPLINE_SURFACE_WITH_KNOTS('',3,1,(
    (#8799,#8800)
    ,(#8801,#8802)
    ,(#8803,#8804)
    ,(#8805,#8806
    )),.UNSPECIFIED.,.F.,.F.,.F.,(4,4),(2,2),(2.,3.),(0.,1.),
  .PIECEWISE_BEZIER_KNOTS.);
#8799 = CARTESIAN_POINT('',(-3.565999965888,-0.811306728935,
    1.121283523628));
#8800 = CARTESIAN_POINT('',(-3.555999965983,-0.811306728935,
    1.121283523628));
#8801 = CARTESIAN_POINT('',(-3.565999965888,-0.811306728935,
    1.109672893675));
#8802 = CARTESIAN_POINT('',(-3.555999965983,-0.811306728935,
    1.109672893675));
#8803 = CARTESIAN_POINT('',(-3.565999965888,-0.815379114068,
    1.100315072516));
#8804 = CARTESIAN_POINT('',(-3.555999965983,-0.815379114068,
    1.100315072516));
#8805 = CARTESIAN_POINT('',(-3.565999965888,-0.823610530826,
    1.093036767171));
#8806 = CARTESIAN_POINT('',(-3.555999965983,-0.823610530826,
    1.093036767171));
#8807 = ADVANCED_FACE('',(#8808),#8827,.T.);
#8808 = FACE_BOUND('',#8809,.T.);
#8809 = EDGE_LOOP('',(#8810,#8819,#8820,#8821));
#8810 = ORIENTED_EDGE('',*,*,#8811,.F.);
#8811 = EDGE_CURVE('',#8783,#8812,#8814,.T.);
#8812 = VERTEX_POINT('',#8813);
#8813 = CARTESIAN_POINT('',(-3.555999965983,-0.856016318908,
    1.082119309155));
#8814 = B_SPLINE_CURVE_WITH_KNOTS('',3,(#8815,#8816,#8817,#8818),
  .UNSPECIFIED.,.F.,.F.,(4,4),(3.,4.),.PIECEWISE_BEZIER_KNOTS.);
#8815 = CARTESIAN_POINT('',(-3.555999965983,-0.823610530826,
    1.093036767171));
#8816 = CARTESIAN_POINT('',(-3.555999965983,-0.831755301093,
    1.085758461828));
#8817 = CARTESIAN_POINT('',(-3.555999965983,-0.842586112617,
    1.082119309155));
#8818 = CARTESIAN_POINT('',(-3.555999965983,-0.856016318908,
    1.082119309155));
#8819 = ORIENTED_EDGE('',*,*,#8793,.F.);
#8820 = ORIENTED_EDGE('',*,*,#8423,.T.);
#8821 = ORIENTED_EDGE('',*,*,#8822,.T.);
#8822 = EDGE_CURVE('',#8415,#8812,#8823,.T.);
#8823 = LINE('',#8824,#8825);
#8824 = CARTESIAN_POINT('',(-3.565999965888,-0.856016318908,
    1.082119309155));
#8825 = VECTOR('',#8826,1.);
#8826 = DIRECTION('',(1.,-1.224646799147E-16,-0.));
#8827 = B_SPLINE_SURFACE_WITH_KNOTS('',3,1,(
    (#8828,#8829)
    ,(#8830,#8831)
    ,(#8832,#8833)
    ,(#8834,#8835
    )),.UNSPECIFIED.,.F.,.F.,.F.,(4,4),(2,2),(3.,4.),(0.,1.),
  .PIECEWISE_BEZIER_KNOTS.);
#8828 = CARTESIAN_POINT('',(-3.565999965888,-0.823610530826,
    1.093036767171));
#8829 = CARTESIAN_POINT('',(-3.555999965983,-0.823610530826,
    1.093036767171));
#8830 = CARTESIAN_POINT('',(-3.565999965888,-0.831755301093,
    1.085758461828));
#8831 = CARTESIAN_POINT('',(-3.555999965983,-0.831755301093,
    1.085758461828));
#8832 = CARTESIAN_POINT('',(-3.565999965888,-0.842586112617,
    1.082119309155));
#8833 = CARTESIAN_POINT('',(-3.555999965983,-0.842586112617,
    1.082119309155));
#8834 = CARTESIAN_POINT('',(-3.565999965888,-0.856016318908,
    1.082119309155));
#8835 = CARTESIAN_POINT('',(-3.555999965983,-0.856016318908,
    1.082119309155));
#8836 = ADVANCED_FACE('',(#8837),#8856,.T.);
#8837 = FACE_BOUND('',#8838,.T.);
#8838 = EDGE_LOOP('',(#8839,#8848,#8849,#8850));
#8839 = ORIENTED_EDGE('',*,*,#8840,.F.);
#8840 = EDGE_CURVE('',#8812,#8841,#8843,.T.);
#8841 = VERTEX_POINT('',#8842);
#8842 = CARTESIAN_POINT('',(-3.555999965983,-0.902112252757,
    1.101874709377));
#8843 = B_SPLINE_CURVE_WITH_KNOTS('',3,(#8844,#8845,#8846,#8847),
  .UNSPECIFIED.,.F.,.F.,(4,4),(4.,5.),.PIECEWISE_BEZIER_KNOTS.);
#8844 = CARTESIAN_POINT('',(-3.555999965983,-0.856016318908,
    1.082119309155));
#8845 = CARTESIAN_POINT('',(-3.555999965983,-0.87464531473,
    1.082119309155));
#8846 = CARTESIAN_POINT('',(-3.555999965983,-0.890068390341,
    1.088704442561));
#8847 = CARTESIAN_POINT('',(-3.555999965983,-0.902112252757,
    1.101874709377));
#8848 = ORIENTED_EDGE('',*,*,#8822,.F.);
#8849 = ORIENTED_EDGE('',*,*,#8414,.T.);
#8850 = ORIENTED_EDGE('',*,*,#8851,.T.);
#8851 = EDGE_CURVE('',#8406,#8841,#8852,.T.);
#8852 = LINE('',#8853,#8854);
#8853 = CARTESIAN_POINT('',(-3.565999965888,-0.902112252757,
    1.101874709377));
#8854 = VECTOR('',#8855,1.);
#8855 = DIRECTION('',(1.,-1.224646799147E-16,-0.));
#8856 = B_SPLINE_SURFACE_WITH_KNOTS('',3,1,(
    (#8857,#8858)
    ,(#8859,#8860)
    ,(#8861,#8862)
    ,(#8863,#8864
    )),.UNSPECIFIED.,.F.,.F.,.F.,(4,4),(2,2),(4.,5.),(0.,1.),
  .PIECEWISE_BEZIER_KNOTS.);
#8857 = CARTESIAN_POINT('',(-3.565999965888,-0.856016318908,
    1.082119309155));
#8858 = CARTESIAN_POINT('',(-3.555999965983,-0.856016318908,
    1.082119309155));
#8859 = CARTESIAN_POINT('',(-3.565999965888,-0.87464531473,
    1.082119309155));
#8860 = CARTESIAN_POINT('',(-3.555999965983,-0.87464531473,
    1.082119309155));
#8861 = CARTESIAN_POINT('',(-3.565999965888,-0.890068390341,
    1.088704442561));
#8862 = CARTESIAN_POINT('',(-3.555999965983,-0.890068390341,
    1.088704442561));
#8863 = CARTESIAN_POINT('',(-3.565999965888,-0.902112252757,
    1.101874709377));
#8864 = CARTESIAN_POINT('',(-3.555999965983,-0.902112252757,
    1.101874709377));
#8865 = ADVANCED_FACE('',(#8866),#8885,.T.);
#8866 = FACE_BOUND('',#8867,.T.);
#8867 = EDGE_LOOP('',(#8868,#8877,#8878,#8879));
#8868 = ORIENTED_EDGE('',*,*,#8869,.F.);
#8869 = EDGE_CURVE('',#8841,#8870,#8872,.T.);
#8870 = VERTEX_POINT('',#8871);
#8871 = CARTESIAN_POINT('',(-3.555999965983,-0.920308016118,
    1.151263209928));
#8872 = B_SPLINE_CURVE_WITH_KNOTS('',3,(#8873,#8874,#8875,#8876),
  .UNSPECIFIED.,.F.,.F.,(4,4),(5.,6.),.PIECEWISE_BEZIER_KNOTS.);
#8873 = CARTESIAN_POINT('',(-3.555999965983,-0.902112252757,
    1.101874709377));
#8874 = CARTESIAN_POINT('',(-3.555999965983,-0.914242761665,
    1.114871683205));
#8875 = CARTESIAN_POINT('',(-3.555999965983,-0.920308016118,
    1.131334516723));
#8876 = CARTESIAN_POINT('',(-3.555999965983,-0.920308016118,
    1.151263209928));
#8877 = ORIENTED_EDGE('',*,*,#8851,.F.);
#8878 = ORIENTED_EDGE('',*,*,#8405,.T.);
#8879 = ORIENTED_EDGE('',*,*,#8880,.T.);
#8880 = EDGE_CURVE('',#8398,#8870,#8881,.T.);
#8881 = LINE('',#8882,#8883);
#8882 = CARTESIAN_POINT('',(-3.565999965888,-0.920308016118,
    1.151263209928));
#8883 = VECTOR('',#8884,1.);
#8884 = DIRECTION('',(1.,-1.224646799147E-16,-0.));
#8885 = B_SPLINE_SURFACE_WITH_KNOTS('',3,1,(
    (#8886,#8887)
    ,(#8888,#8889)
    ,(#8890,#8891)
    ,(#8892,#8893
    )),.UNSPECIFIED.,.F.,.F.,.F.,(4,4),(2,2),(5.,6.),(0.,1.),
  .PIECEWISE_BEZIER_KNOTS.);
#8886 = CARTESIAN_POINT('',(-3.565999965888,-0.902112252757,
    1.101874709377));
#8887 = CARTESIAN_POINT('',(-3.555999965983,-0.902112252757,
    1.101874709377));
#8888 = CARTESIAN_POINT('',(-3.565999965888,-0.914242761665,
    1.114871683205));
#8889 = CARTESIAN_POINT('',(-3.555999965983,-0.914242761665,
    1.114871683205));
#8890 = CARTESIAN_POINT('',(-3.565999965888,-0.920308016118,
    1.131334516723));
#8891 = CARTESIAN_POINT('',(-3.555999965983,-0.920308016118,
    1.131334516723));
#8892 = CARTESIAN_POINT('',(-3.565999965888,-0.920308016118,
    1.151263209928));
#8893 = CARTESIAN_POINT('',(-3.555999965983,-0.920308016118,
    1.151263209928));
#8894 = ADVANCED_FACE('',(#8895),#8913,.T.);
#8895 = FACE_BOUND('',#8896,.T.);
#8896 = EDGE_LOOP('',(#8897,#8905,#8906,#8907));
#8897 = ORIENTED_EDGE('',*,*,#8898,.F.);
#8898 = EDGE_CURVE('',#8870,#8899,#8901,.T.);
#8899 = VERTEX_POINT('',#8900);
#8900 = CARTESIAN_POINT('',(-3.555999965983,-0.920308016118,
    1.174484469839));
#8901 = LINE('',#8902,#8903);
#8902 = CARTESIAN_POINT('',(-3.555999965983,-0.920308016118,
    1.151263209928));
#8903 = VECTOR('',#8904,1.);
#8904 = DIRECTION('',(0.,0.,1.));
#8905 = ORIENTED_EDGE('',*,*,#8880,.F.);
#8906 = ORIENTED_EDGE('',*,*,#8397,.T.);
#8907 = ORIENTED_EDGE('',*,*,#8908,.T.);
#8908 = EDGE_CURVE('',#8390,#8899,#8909,.T.);
#8909 = LINE('',#8910,#8911);
#8910 = CARTESIAN_POINT('',(-3.565999965888,-0.920308016118,
    1.174484469839));
#8911 = VECTOR('',#8912,1.);
#8912 = DIRECTION('',(1.,-1.224646799147E-16,-0.));
#8913 = PLANE('',#8914);
#8914 = AXIS2_PLACEMENT_3D('',#8915,#8916,#8917);
#8915 = CARTESIAN_POINT('',(-3.565999965888,-0.920308016118,
    1.151263209928));
#8916 = DIRECTION('',(1.224646799147E-16,1.,0.));
#8917 = DIRECTION('',(0.,0.,-1.));
#8918 = ADVANCED_FACE('',(#8919),#8930,.T.);
#8919 = FACE_BOUND('',#8920,.T.);
#8920 = EDGE_LOOP('',(#8921,#8927,#8928,#8929));
#8921 = ORIENTED_EDGE('',*,*,#8922,.F.);
#8922 = EDGE_CURVE('',#8899,#8718,#8923,.T.);
#8923 = LINE('',#8924,#8925);
#8924 = CARTESIAN_POINT('',(-3.555999965983,-0.920308016118,
    1.174484469839));
#8925 = VECTOR('',#8926,1.);
#8926 = DIRECTION('',(1.213708702525E-16,0.9910683663,-0.133354764894));
#8927 = ORIENTED_EDGE('',*,*,#8908,.F.);
#8928 = ORIENTED_EDGE('',*,*,#8389,.T.);
#8929 = ORIENTED_EDGE('',*,*,#8728,.T.);
#8930 = PLANE('',#8931);
#8931 = AXIS2_PLACEMENT_3D('',#8932,#8933,#8934);
#8932 = CARTESIAN_POINT('',(-3.565999965888,-0.920308016118,
    1.174484469839));
#8933 = DIRECTION('',(-1.633124859782E-17,-0.133354764894,-0.9910683663)
  );
#8934 = DIRECTION('',(-1.213708702525E-16,-0.9910683663,0.133354764894)
  );
#8935 = ADVANCED_FACE('',(#8936),#8946,.T.);
#8936 = FACE_BOUND('',#8937,.T.);
#8937 = EDGE_LOOP('',(#8938,#8939,#8940,#8941,#8942,#8943,#8944,#8945));
#8938 = ORIENTED_EDGE('',*,*,#8717,.T.);
#8939 = ORIENTED_EDGE('',*,*,#8753,.T.);
#8940 = ORIENTED_EDGE('',*,*,#8782,.T.);
#8941 = ORIENTED_EDGE('',*,*,#8811,.T.);
#8942 = ORIENTED_EDGE('',*,*,#8840,.T.);
#8943 = ORIENTED_EDGE('',*,*,#8869,.T.);
#8944 = ORIENTED_EDGE('',*,*,#8898,.T.);
#8945 = ORIENTED_EDGE('',*,*,#8922,.T.);
#8946 = PLANE('',#8947);
#8947 = AXIS2_PLACEMENT_3D('',#8948,#8949,#8950);
#8948 = CARTESIAN_POINT('',(-3.555999965983,3.852651255485,
    1.834000129028));
#8949 = DIRECTION('',(-1.,1.224646799147E-16,0.));
#8950 = DIRECTION('',(4.275831445897E-31,3.491481338843E-15,1.));
#8951 = ADVANCED_FACE('',(#8952),#8978,.F.);
#8952 = FACE_BOUND('',#8953,.F.);
#8953 = EDGE_LOOP('',(#8954,#8962,#8971,#8977));
#8954 = ORIENTED_EDGE('',*,*,#8955,.F.);
#8955 = EDGE_CURVE('',#8956,#902,#8958,.T.);
#8956 = VERTEX_POINT('',#8957);
#8957 = CARTESIAN_POINT('',(-3.565999965888,-1.090135140826,
    1.081946016171));
#8958 = LINE('',#8959,#8960);
#8959 = CARTESIAN_POINT('',(-3.565999965888,-1.090135140826,
    1.081946016171));
#8960 = VECTOR('',#8961,1.);
#8961 = DIRECTION('',(1.,-1.224646799147E-16,-0.));
#8962 = ORIENTED_EDGE('',*,*,#8963,.T.);
#8963 = EDGE_CURVE('',#8956,#8964,#8966,.T.);
#8964 = VERTEX_POINT('',#8965);
#8965 = CARTESIAN_POINT('',(-3.565999965888,-1.020298068115,
    1.105340569063));
#8966 = B_SPLINE_CURVE_WITH_KNOTS('',3,(#8967,#8968,#8969,#8970),
  .UNSPECIFIED.,.F.,.F.,(4,4),(0.,1.),.PIECEWISE_BEZIER_KNOTS.);
#8967 = CARTESIAN_POINT('',(-3.565999965888,-1.090135140826,
    1.081946016171));
#8968 = CARTESIAN_POINT('',(-3.565999965888,-1.065180951073,
    1.081946016171));
#8969 = CARTESIAN_POINT('',(-3.565999965888,-1.041959691164,
    1.089744200469));
#8970 = CARTESIAN_POINT('',(-3.565999965888,-1.020298068115,
    1.105340569063));
#8971 = ORIENTED_EDGE('',*,*,#8972,.T.);
#8972 = EDGE_CURVE('',#8964,#892,#8973,.T.);
#8973 = LINE('',#8974,#8975);
#8974 = CARTESIAN_POINT('',(-3.565999965888,-1.020298068115,
    1.105340569063));
#8975 = VECTOR('',#8976,1.);
#8976 = DIRECTION('',(1.,-1.224646799147E-16,-0.));
#8977 = ORIENTED_EDGE('',*,*,#901,.F.);
#8978 = B_SPLINE_SURFACE_WITH_KNOTS('',3,1,(
    (#8979,#8980)
    ,(#8981,#8982)
    ,(#8983,#8984)
    ,(#8985,#8986
    )),.UNSPECIFIED.,.F.,.F.,.F.,(4,4),(2,2),(0.,1.),(0.,1.),
  .PIECEWISE_BEZIER_KNOTS.);
#8979 = CARTESIAN_POINT('',(-3.565999965888,-1.090135140826,
    1.081946016171));
#8980 = CARTESIAN_POINT('',(-3.555999965983,-1.090135140826,
    1.081946016171));
#8981 = CARTESIAN_POINT('',(-3.565999965888,-1.065180951073,
    1.081946016171));
#8982 = CARTESIAN_POINT('',(-3.555999965983,-1.065180951073,
    1.081946016171));
#8983 = CARTESIAN_POINT('',(-3.565999965888,-1.041959691164,
    1.089744200469));
#8984 = CARTESIAN_POINT('',(-3.555999965983,-1.041959691164,
    1.089744200469));
#8985 = CARTESIAN_POINT('',(-3.565999965888,-1.020298068115,
    1.105340569063));
#8986 = CARTESIAN_POINT('',(-3.555999965983,-1.020298068115,
    1.105340569063));
#8987 = ADVANCED_FACE('',(#8988),#9006,.F.);
#8988 = FACE_BOUND('',#8989,.T.);
#8989 = EDGE_LOOP('',(#8990,#8991,#8999,#9005));
#8990 = ORIENTED_EDGE('',*,*,#891,.T.);
#8991 = ORIENTED_EDGE('',*,*,#8992,.F.);
#8992 = EDGE_CURVE('',#8993,#894,#8995,.T.);
#8993 = VERTEX_POINT('',#8994);
#8994 = CARTESIAN_POINT('',(-3.565999965888,-1.020298068115,
    1.061497444012));
#8995 = LINE('',#8996,#8997);
#8996 = CARTESIAN_POINT('',(-3.565999965888,-1.020298068115,
    1.061497444012));
#8997 = VECTOR('',#8998,1.);
#8998 = DIRECTION('',(1.,-1.224646799147E-16,-0.));
#8999 = ORIENTED_EDGE('',*,*,#9000,.F.);
#9000 = EDGE_CURVE('',#8964,#8993,#9001,.T.);
#9001 = LINE('',#9002,#9003);
#9002 = CARTESIAN_POINT('',(-3.565999965888,-1.020298068115,
    1.061497444012));
#9003 = VECTOR('',#9004,1.);
#9004 = DIRECTION('',(0.,0.,-1.));
#9005 = ORIENTED_EDGE('',*,*,#8972,.T.);
#9006 = PLANE('',#9007);
#9007 = AXIS2_PLACEMENT_3D('',#9008,#9009,#9010);
#9008 = CARTESIAN_POINT('',(-3.565999965888,-1.020298068115,
    1.061497444012));
#9009 = DIRECTION('',(-1.224646799147E-16,-1.,0.));
#9010 = DIRECTION('',(0.,0.,1.));
#9011 = ADVANCED_FACE('',(#9012),#9031,.F.);
#9012 = FACE_BOUND('',#9013,.F.);
#9013 = EDGE_LOOP('',(#9014,#9015,#9024,#9030));
#9014 = ORIENTED_EDGE('',*,*,#8992,.F.);
#9015 = ORIENTED_EDGE('',*,*,#9016,.T.);
#9016 = EDGE_CURVE('',#8993,#9017,#9019,.T.);
#9017 = VERTEX_POINT('',#9018);
#9018 = CARTESIAN_POINT('',(-3.565999965888,-1.085976109201,
    1.047287419292));
#9019 = B_SPLINE_CURVE_WITH_KNOTS('',3,(#9020,#9021,#9022,#9023),
  .UNSPECIFIED.,.F.,.F.,(4,4),(19.,20.),.PIECEWISE_BEZIER_KNOTS.);
#9020 = CARTESIAN_POINT('',(-3.565999965888,-1.020298068115,
    1.061497444012));
#9021 = CARTESIAN_POINT('',(-3.565999965888,-1.039013710429,
    1.052139622854));
#9022 = CARTESIAN_POINT('',(-3.565999965888,-1.060848626463,
    1.047287419292));
#9023 = CARTESIAN_POINT('',(-3.565999965888,-1.085976109201,
    1.047287419292));
#9024 = ORIENTED_EDGE('',*,*,#9025,.T.);
#9025 = EDGE_CURVE('',#9017,#1063,#9026,.T.);
#9026 = LINE('',#9027,#9028);
#9027 = CARTESIAN_POINT('',(-3.565999965888,-1.085976109201,
    1.047287419292));
#9028 = VECTOR('',#9029,1.);
#9029 = DIRECTION('',(1.,-1.224646799147E-16,-0.));
#9030 = ORIENTED_EDGE('',*,*,#1071,.F.);
#9031 = B_SPLINE_SURFACE_WITH_KNOTS('',3,1,(
    (#9032,#9033)
    ,(#9034,#9035)
    ,(#9036,#9037)
    ,(#9038,#9039
    )),.UNSPECIFIED.,.F.,.F.,.F.,(4,4),(2,2),(19.,20.),(0.,1.),
  .PIECEWISE_BEZIER_KNOTS.);
#9032 = CARTESIAN_POINT('',(-3.565999965888,-1.020298068115,
    1.061497444012));
#9033 = CARTESIAN_POINT('',(-3.555999965983,-1.020298068115,
    1.061497444012));
#9034 = CARTESIAN_POINT('',(-3.565999965888,-1.039013710429,
    1.052139622854));
#9035 = CARTESIAN_POINT('',(-3.555999965983,-1.039013710429,
    1.052139622854));
#9036 = CARTESIAN_POINT('',(-3.565999965888,-1.060848626463,
    1.047287419292));
#9037 = CARTESIAN_POINT('',(-3.555999965983,-1.060848626463,
    1.047287419292));
#9038 = CARTESIAN_POINT('',(-3.565999965888,-1.085976109201,
    1.047287419292));
#9039 = CARTESIAN_POINT('',(-3.555999965983,-1.085976109201,
    1.047287419292));
#9040 = ADVANCED_FACE('',(#9041),#9060,.F.);
#9041 = FACE_BOUND('',#9042,.F.);
#9042 = EDGE_LOOP('',(#9043,#9044,#9053,#9059));
#9043 = ORIENTED_EDGE('',*,*,#9025,.F.);
#9044 = ORIENTED_EDGE('',*,*,#9045,.T.);
#9045 = EDGE_CURVE('',#9017,#9046,#9048,.T.);
#9046 = VERTEX_POINT('',#9047);
#9047 = CARTESIAN_POINT('',(-3.565999965888,-1.156506353849,
    1.066522940559));
#9048 = B_SPLINE_CURVE_WITH_KNOTS('',3,(#9049,#9050,#9051,#9052),
  .UNSPECIFIED.,.F.,.F.,(4,4),(18.,19.),.PIECEWISE_BEZIER_KNOTS.);
#9049 = CARTESIAN_POINT('',(-3.565999965888,-1.085976109201,
    1.047287419292));
#9050 = CARTESIAN_POINT('',(-3.565999965888,-1.114829391102,
    1.047287419292));
#9051 = CARTESIAN_POINT('',(-3.565999965888,-1.13839723698,
    1.053699259714));
#9052 = CARTESIAN_POINT('',(-3.565999965888,-1.156506353849,
    1.066522940559));
#9053 = ORIENTED_EDGE('',*,*,#9054,.T.);
#9054 = EDGE_CURVE('',#9046,#1054,#9055,.T.);
#9055 = LINE('',#9056,#9057);
#9056 = CARTESIAN_POINT('',(-3.565999965888,-1.156506353849,
    1.066522940559));
#9057 = VECTOR('',#9058,1.);
#9058 = DIRECTION('',(1.,-1.224646799147E-16,-0.));
#9059 = ORIENTED_EDGE('',*,*,#1062,.F.);
#9060 = B_SPLINE_SURFACE_WITH_KNOTS('',3,1,(
    (#9061,#9062)
    ,(#9063,#9064)
    ,(#9065,#9066)
    ,(#9067,#9068
    )),.UNSPECIFIED.,.F.,.F.,.F.,(4,4),(2,2),(18.,19.),(0.,1.),
  .PIECEWISE_BEZIER_KNOTS.);
#9061 = CARTESIAN_POINT('',(-3.565999965888,-1.085976109201,
    1.047287419292));
#9062 = CARTESIAN_POINT('',(-3.555999965983,-1.085976109201,
    1.047287419292));
#9063 = CARTESIAN_POINT('',(-3.565999965888,-1.114829391102,
    1.047287419292));
#9064 = CARTESIAN_POINT('',(-3.555999965983,-1.114829391102,
    1.047287419292));
#9065 = CARTESIAN_POINT('',(-3.565999965888,-1.13839723698,
    1.053699259714));
#9066 = CARTESIAN_POINT('',(-3.555999965983,-1.13839723698,
    1.053699259714));
#9067 = CARTESIAN_POINT('',(-3.565999965888,-1.156506353849,
    1.066522940559));
#9068 = CARTESIAN_POINT('',(-3.555999965983,-1.156506353849,
    1.066522940559));
#9069 = ADVANCED_FACE('',(#9070),#9089,.F.);
#9070 = FACE_BOUND('',#9071,.F.);
#9071 = EDGE_LOOP('',(#9072,#9073,#9082,#9088));
#9072 = ORIENTED_EDGE('',*,*,#9054,.F.);
#9073 = ORIENTED_EDGE('',*,*,#9074,.T.);
#9074 = EDGE_CURVE('',#9046,#9075,#9077,.T.);
#9075 = VERTEX_POINT('',#9076);
#9076 = CARTESIAN_POINT('',(-3.565999965888,-1.183799998891,
    1.118857421846));
#9077 = B_SPLINE_CURVE_WITH_KNOTS('',3,(#9078,#9079,#9080,#9081),
  .UNSPECIFIED.,.F.,.F.,(4,4),(17.,18.),.PIECEWISE_BEZIER_KNOTS.);
#9078 = CARTESIAN_POINT('',(-3.565999965888,-1.156506353849,
    1.066522940559));
#9079 = CARTESIAN_POINT('',(-3.565999965888,-1.17470211721,
    1.079173328421));
#9080 = CARTESIAN_POINT('',(-3.565999965888,-1.183799998891,
    1.096675919844));
#9081 = CARTESIAN_POINT('',(-3.565999965888,-1.183799998891,
    1.118857421846));
#9082 = ORIENTED_EDGE('',*,*,#9083,.T.);
#9083 = EDGE_CURVE('',#9075,#1045,#9084,.T.);
#9084 = LINE('',#9085,#9086);
#9085 = CARTESIAN_POINT('',(-3.565999965888,-1.183799998891,
    1.118857421846));
#9086 = VECTOR('',#9087,1.);
#9087 = DIRECTION('',(1.,-1.224646799147E-16,-0.));
#9088 = ORIENTED_EDGE('',*,*,#1053,.F.);
#9089 = B_SPLINE_SURFACE_WITH_KNOTS('',3,1,(
    (#9090,#9091)
    ,(#9092,#9093)
    ,(#9094,#9095)
    ,(#9096,#9097
    )),.UNSPECIFIED.,.F.,.F.,.F.,(4,4),(2,2),(17.,18.),(0.,1.),
  .PIECEWISE_BEZIER_KNOTS.);
#9090 = CARTESIAN_POINT('',(-3.565999965888,-1.156506353849,
    1.066522940559));
#9091 = CARTESIAN_POINT('',(-3.555999965983,-1.156506353849,
    1.066522940559));
#9092 = CARTESIAN_POINT('',(-3.565999965888,-1.17470211721,
    1.079173328421));
#9093 = CARTESIAN_POINT('',(-3.555999965983,-1.17470211721,
    1.079173328421));
#9094 = CARTESIAN_POINT('',(-3.565999965888,-1.183799998891,
    1.096675919844));
#9095 = CARTESIAN_POINT('',(-3.555999965983,-1.183799998891,
    1.096675919844));
#9096 = CARTESIAN_POINT('',(-3.565999965888,-1.183799998891,
    1.118857421846));
#9097 = CARTESIAN_POINT('',(-3.555999965983,-1.183799998891,
    1.118857421846));
#9098 = ADVANCED_FACE('',(#9099),#9118,.F.);
#9099 = FACE_BOUND('',#9100,.F.);
#9100 = EDGE_LOOP('',(#9101,#9102,#9111,#9117));
#9101 = ORIENTED_EDGE('',*,*,#9083,.F.);
#9102 = ORIENTED_EDGE('',*,*,#9103,.T.);
#9103 = EDGE_CURVE('',#9075,#9104,#9106,.T.);
#9104 = VERTEX_POINT('',#9105);
#9105 = CARTESIAN_POINT('',(-3.565999965888,-1.169589974171,
    1.158888101242));
#9106 = B_SPLINE_CURVE_WITH_KNOTS('',3,(#9107,#9108,#9109,#9110),
  .UNSPECIFIED.,.F.,.F.,(4,4),(16.,17.),.PIECEWISE_BEZIER_KNOTS.);
#9107 = CARTESIAN_POINT('',(-3.565999965888,-1.183799998891,
    1.118857421846));
#9108 = CARTESIAN_POINT('',(-3.565999965888,-1.183799998891,
    1.134800376411));
#9109 = CARTESIAN_POINT('',(-3.565999965888,-1.17903444182,1.14814393621
    ));
#9110 = CARTESIAN_POINT('',(-3.565999965888,-1.169589974171,
    1.158888101242));
#9111 = ORIENTED_EDGE('',*,*,#9112,.T.);
#9112 = EDGE_CURVE('',#9104,#1036,#9113,.T.);
#9113 = LINE('',#9114,#9115);
#9114 = CARTESIAN_POINT('',(-3.565999965888,-1.169589974171,
    1.158888101242));
#9115 = VECTOR('',#9116,1.);
#9116 = DIRECTION('',(1.,-1.224646799147E-16,-0.));
#9117 = ORIENTED_EDGE('',*,*,#1044,.F.);
#9118 = B_SPLINE_SURFACE_WITH_KNOTS('',3,1,(
    (#9119,#9120)
    ,(#9121,#9122)
    ,(#9123,#9124)
    ,(#9125,#9126
    )),.UNSPECIFIED.,.F.,.F.,.F.,(4,4),(2,2),(16.,17.),(0.,1.),
  .PIECEWISE_BEZIER_KNOTS.);
#9119 = CARTESIAN_POINT('',(-3.565999965888,-1.183799998891,
    1.118857421846));
#9120 = CARTESIAN_POINT('',(-3.555999965983,-1.183799998891,
    1.118857421846));
#9121 = CARTESIAN_POINT('',(-3.565999965888,-1.183799998891,
    1.134800376411));
#9122 = CARTESIAN_POINT('',(-3.555999965983,-1.183799998891,
    1.134800376411));
#9123 = CARTESIAN_POINT('',(-3.565999965888,-1.17903444182,1.14814393621
    ));
#9124 = CARTESIAN_POINT('',(-3.555999965983,-1.17903444182,1.14814393621
    ));
#9125 = CARTESIAN_POINT('',(-3.565999965888,-1.169589974171,
    1.158888101242));
#9126 = CARTESIAN_POINT('',(-3.555999965983,-1.169589974171,
    1.158888101242));
#9127 = ADVANCED_FACE('',(#9128),#9147,.F.);
#9128 = FACE_BOUND('',#9129,.F.);
#9129 = EDGE_LOOP('',(#9130,#9131,#9140,#9146));
#9130 = ORIENTED_EDGE('',*,*,#9112,.F.);
#9131 = ORIENTED_EDGE('',*,*,#9132,.T.);
#9132 = EDGE_CURVE('',#9104,#9133,#9135,.T.);
#9133 = VERTEX_POINT('',#9134);
#9134 = CARTESIAN_POINT('',(-3.565999965888,-1.114829391102,
    1.190254131417));
#9135 = B_SPLINE_CURVE_WITH_KNOTS('',3,(#9136,#9137,#9138,#9139),
  .UNSPECIFIED.,.F.,.F.,(4,4),(15.,16.),.PIECEWISE_BEZIER_KNOTS.);
#9136 = CARTESIAN_POINT('',(-3.565999965888,-1.169589974171,
    1.158888101242));
#9137 = CARTESIAN_POINT('',(-3.565999965888,-1.16005886003,
    1.169632266274));
#9138 = CARTESIAN_POINT('',(-3.565999965888,-1.141863096668,
    1.180203138322));
#9139 = CARTESIAN_POINT('',(-3.565999965888,-1.114829391102,
    1.190254131417));
#9140 = ORIENTED_EDGE('',*,*,#9141,.T.);
#9141 = EDGE_CURVE('',#9133,#1027,#9142,.T.);
#9142 = LINE('',#9143,#9144);
#9143 = CARTESIAN_POINT('',(-3.565999965888,-1.114829391102,
    1.190254131417));
#9144 = VECTOR('',#9145,1.);
#9145 = DIRECTION('',(1.,-1.224646799147E-16,-0.));
#9146 = ORIENTED_EDGE('',*,*,#1035,.F.);
#9147 = B_SPLINE_SURFACE_WITH_KNOTS('',3,1,(
    (#9148,#9149)
    ,(#9150,#9151)
    ,(#9152,#9153)
    ,(#9154,#9155
    )),.UNSPECIFIED.,.F.,.F.,.F.,(4,4),(2,2),(15.,16.),(0.,1.),
  .PIECEWISE_BEZIER_KNOTS.);
#9148 = CARTESIAN_POINT('',(-3.565999965888,-1.169589974171,
    1.158888101242));
#9149 = CARTESIAN_POINT('',(-3.555999965983,-1.169589974171,
    1.158888101242));
#9150 = CARTESIAN_POINT('',(-3.565999965888,-1.16005886003,
    1.169632266274));
#9151 = CARTESIAN_POINT('',(-3.555999965983,-1.16005886003,
    1.169632266274));
#9152 = CARTESIAN_POINT('',(-3.565999965888,-1.141863096668,
    1.180203138322));
#9153 = CARTESIAN_POINT('',(-3.555999965983,-1.141863096668,
    1.180203138322));
#9154 = CARTESIAN_POINT('',(-3.565999965888,-1.114829391102,
    1.190254131417));
#9155 = CARTESIAN_POINT('',(-3.555999965983,-1.114829391102,
    1.190254131417));
#9156 = ADVANCED_FACE('',(#9157),#9176,.F.);
#9157 = FACE_BOUND('',#9158,.F.);
#9158 = EDGE_LOOP('',(#9159,#9160,#9169,#9175));
#9159 = ORIENTED_EDGE('',*,*,#9141,.F.);
#9160 = ORIENTED_EDGE('',*,*,#9161,.T.);
#9161 = EDGE_CURVE('',#9133,#9162,#9164,.T.);
#9162 = VERTEX_POINT('',#9163);
#9163 = CARTESIAN_POINT('',(-3.565999965888,-1.073585660816,
    1.211049289546));
#9164 = B_SPLINE_CURVE_WITH_KNOTS('',3,(#9165,#9166,#9167,#9168),
  .UNSPECIFIED.,.F.,.F.,(4,4),(14.,15.),.PIECEWISE_BEZIER_KNOTS.);
#9165 = CARTESIAN_POINT('',(-3.565999965888,-1.114829391102,
    1.190254131417));
#9166 = CARTESIAN_POINT('',(-3.565999965888,-1.093514354022,
    1.198572194667));
#9167 = CARTESIAN_POINT('',(-3.565999965888,-1.079824208255,
    1.205503914045));
#9168 = CARTESIAN_POINT('',(-3.565999965888,-1.073585660816,
    1.211049289546));
#9169 = ORIENTED_EDGE('',*,*,#9170,.T.);
#9170 = EDGE_CURVE('',#9162,#1018,#9171,.T.);
#9171 = LINE('',#9172,#9173);
#9172 = CARTESIAN_POINT('',(-3.565999965888,-1.073585660816,
    1.211049289546));
#9173 = VECTOR('',#9174,1.);
#9174 = DIRECTION('',(1.,-1.224646799147E-16,-0.));
#9175 = ORIENTED_EDGE('',*,*,#1026,.F.);
#9176 = B_SPLINE_SURFACE_WITH_KNOTS('',3,1,(
    (#9177,#9178)
    ,(#9179,#9180)
    ,(#9181,#9182)
    ,(#9183,#9184
    )),.UNSPECIFIED.,.F.,.F.,.F.,(4,4),(2,2),(14.,15.),(0.,1.),
  .PIECEWISE_BEZIER_KNOTS.);
#9177 = CARTESIAN_POINT('',(-3.565999965888,-1.114829391102,
    1.190254131417));
#9178 = CARTESIAN_POINT('',(-3.555999965983,-1.114829391102,
    1.190254131417));
#9179 = CARTESIAN_POINT('',(-3.565999965888,-1.093514354022,
    1.198572194667));
#9180 = CARTESIAN_POINT('',(-3.555999965983,-1.093514354022,
    1.198572194667));
#9181 = CARTESIAN_POINT('',(-3.565999965888,-1.079824208255,
    1.205503914045));
#9182 = CARTESIAN_POINT('',(-3.555999965983,-1.079824208255,
    1.205503914045));
#9183 = CARTESIAN_POINT('',(-3.565999965888,-1.073585660816,
    1.211049289546));
#9184 = CARTESIAN_POINT('',(-3.555999965983,-1.073585660816,
    1.211049289546));
#9185 = ADVANCED_FACE('',(#9186),#9205,.F.);
#9186 = FACE_BOUND('',#9187,.F.);
#9187 = EDGE_LOOP('',(#9188,#9189,#9198,#9204));
#9188 = ORIENTED_EDGE('',*,*,#9170,.F.);
#9189 = ORIENTED_EDGE('',*,*,#9190,.T.);
#9190 = EDGE_CURVE('',#9162,#9191,#9193,.T.);
#9191 = VERTEX_POINT('',#9192);
#9192 = CARTESIAN_POINT('',(-3.565999965888,-1.064314486151,
    1.233577377517));
#9193 = B_SPLINE_CURVE_WITH_KNOTS('',3,(#9194,#9195,#9196,#9197),
  .UNSPECIFIED.,.F.,.F.,(4,4),(13.,14.),.PIECEWISE_BEZIER_KNOTS.);
#9194 = CARTESIAN_POINT('',(-3.565999965888,-1.073585660816,
    1.211049289546));
#9195 = CARTESIAN_POINT('',(-3.565999965888,-1.06743375987,
    1.216421372061));
#9196 = CARTESIAN_POINT('',(-3.565999965888,-1.064314486151,
    1.22387297039));
#9197 = CARTESIAN_POINT('',(-3.565999965888,-1.064314486151,
    1.233577377517));
#9198 = ORIENTED_EDGE('',*,*,#9199,.T.);
#9199 = EDGE_CURVE('',#9191,#1009,#9200,.T.);
#9200 = LINE('',#9201,#9202);
#9201 = CARTESIAN_POINT('',(-3.565999965888,-1.064314486151,
    1.233577377517));
#9202 = VECTOR('',#9203,1.);
#9203 = DIRECTION('',(1.,-1.224646799147E-16,-0.));
#9204 = ORIENTED_EDGE('',*,*,#1017,.F.);
#9205 = B_SPLINE_SURFACE_WITH_KNOTS('',3,1,(
    (#9206,#9207)
    ,(#9208,#9209)
    ,(#9210,#9211)
    ,(#9212,#9213
    )),.UNSPECIFIED.,.F.,.F.,.F.,(4,4),(2,2),(13.,14.),(0.,1.),
  .PIECEWISE_BEZIER_KNOTS.);
#9206 = CARTESIAN_POINT('',(-3.565999965888,-1.073585660816,
    1.211049289546));
#9207 = CARTESIAN_POINT('',(-3.555999965983,-1.073585660816,
    1.211049289546));
#9208 = CARTESIAN_POINT('',(-3.565999965888,-1.06743375987,
    1.216421372061));
#9209 = CARTESIAN_POINT('',(-3.555999965983,-1.06743375987,
    1.216421372061));
#9210 = CARTESIAN_POINT('',(-3.565999965888,-1.064314486151,
    1.22387297039));
#9211 = CARTESIAN_POINT('',(-3.555999965983,-1.064314486151,
    1.22387297039));
#9212 = CARTESIAN_POINT('',(-3.565999965888,-1.064314486151,
    1.233577377517));
#9213 = CARTESIAN_POINT('',(-3.555999965983,-1.064314486151,
    1.233577377517));
#9214 = ADVANCED_FACE('',(#9215),#9234,.F.);
#9215 = FACE_BOUND('',#9216,.F.);
#9216 = EDGE_LOOP('',(#9217,#9218,#9227,#9233));
#9217 = ORIENTED_EDGE('',*,*,#9199,.F.);
#9218 = ORIENTED_EDGE('',*,*,#9219,.T.);
#9219 = EDGE_CURVE('',#9191,#9220,#9222,.T.);
#9220 = VERTEX_POINT('',#9221);
#9221 = CARTESIAN_POINT('',(-3.565999965888,-1.077224813488,
    1.257145223393));
#9222 = B_SPLINE_CURVE_WITH_KNOTS('',3,(#9223,#9224,#9225,#9226),
  .UNSPECIFIED.,.F.,.F.,(4,4),(12.,13.),.PIECEWISE_BEZIER_KNOTS.);
#9223 = CARTESIAN_POINT('',(-3.565999965888,-1.064314486151,
    1.233577377517));
#9224 = CARTESIAN_POINT('',(-3.565999965888,-1.064314486151,
    1.243281784641));
#9225 = CARTESIAN_POINT('',(-3.565999965888,-1.068646810761,
    1.251253261924));
#9226 = CARTESIAN_POINT('',(-3.565999965888,-1.077224813488,
    1.257145223393));
#9227 = ORIENTED_EDGE('',*,*,#9228,.T.);
#9228 = EDGE_CURVE('',#9220,#1000,#9229,.T.);
#9229 = LINE('',#9230,#9231);
#9230 = CARTESIAN_POINT('',(-3.565999965888,-1.077224813488,
    1.257145223393));
#9231 = VECTOR('',#9232,1.);
#9232 = DIRECTION('',(1.,-1.224646799147E-16,-0.));
#9233 = ORIENTED_EDGE('',*,*,#1008,.F.);
#9234 = B_SPLINE_SURFACE_WITH_KNOTS('',3,1,(
    (#9235,#9236)
    ,(#9237,#9238)
    ,(#9239,#9240)
    ,(#9241,#9242
    )),.UNSPECIFIED.,.F.,.F.,.F.,(4,4),(2,2),(12.,13.),(0.,1.),
  .PIECEWISE_BEZIER_KNOTS.);
#9235 = CARTESIAN_POINT('',(-3.565999965888,-1.064314486151,
    1.233577377517));
#9236 = CARTESIAN_POINT('',(-3.555999965983,-1.064314486151,
    1.233577377517));
#9237 = CARTESIAN_POINT('',(-3.565999965888,-1.064314486151,
    1.243281784641));
#9238 = CARTESIAN_POINT('',(-3.555999965983,-1.064314486151,
    1.243281784641));
#9239 = CARTESIAN_POINT('',(-3.565999965888,-1.068646810761,
    1.251253261924));
#9240 = CARTESIAN_POINT('',(-3.555999965983,-1.068646810761,
    1.251253261924));
#9241 = CARTESIAN_POINT('',(-3.565999965888,-1.077224813488,
    1.257145223393));
#9242 = CARTESIAN_POINT('',(-3.555999965983,-1.077224813488,
    1.257145223393));
#9243 = ADVANCED_FACE('',(#9244),#9263,.F.);
#9244 = FACE_BOUND('',#9245,.F.);
#9245 = EDGE_LOOP('',(#9246,#9247,#9256,#9262));
#9246 = ORIENTED_EDGE('',*,*,#9228,.F.);
#9247 = ORIENTED_EDGE('',*,*,#9248,.T.);
#9248 = EDGE_CURVE('',#9220,#9249,#9251,.T.);
#9249 = VERTEX_POINT('',#9250);
#9250 = CARTESIAN_POINT('',(-3.565999965888,-1.110670359477,
    1.266156458583));
#9251 = B_SPLINE_CURVE_WITH_KNOTS('',3,(#9252,#9253,#9254,#9255),
  .UNSPECIFIED.,.F.,.F.,(4,4),(11.,12.),.PIECEWISE_BEZIER_KNOTS.);
#9252 = CARTESIAN_POINT('',(-3.565999965888,-1.077224813488,
    1.257145223393));
#9253 = CARTESIAN_POINT('',(-3.565999965888,-1.085802816215,
    1.263210477847));
#9254 = CARTESIAN_POINT('',(-3.565999965888,-1.09698021371,
    1.266156458583));
#9255 = CARTESIAN_POINT('',(-3.565999965888,-1.110670359477,
    1.266156458583));
#9256 = ORIENTED_EDGE('',*,*,#9257,.T.);
#9257 = EDGE_CURVE('',#9249,#991,#9258,.T.);
#9258 = LINE('',#9259,#9260);
#9259 = CARTESIAN_POINT('',(-3.565999965888,-1.110670359477,
    1.266156458583));
#9260 = VECTOR('',#9261,1.);
#9261 = DIRECTION('',(1.,-1.224646799147E-16,-0.));
#9262 = ORIENTED_EDGE('',*,*,#999,.F.);
#9263 = B_SPLINE_SURFACE_WITH_KNOTS('',3,1,(
    (#9264,#9265)
    ,(#9266,#9267)
    ,(#9268,#9269)
    ,(#9270,#9271
    )),.UNSPECIFIED.,.F.,.F.,.F.,(4,4),(2,2),(11.,12.),(0.,1.),
  .PIECEWISE_BEZIER_KNOTS.);
#9264 = CARTESIAN_POINT('',(-3.565999965888,-1.077224813488,
    1.257145223393));
#9265 = CARTESIAN_POINT('',(-3.555999965983,-1.077224813488,
    1.257145223393));
#9266 = CARTESIAN_POINT('',(-3.565999965888,-1.085802816215,
    1.263210477847));
#9267 = CARTESIAN_POINT('',(-3.555999965983,-1.085802816215,
    1.263210477847));
#9268 = CARTESIAN_POINT('',(-3.565999965888,-1.09698021371,
    1.266156458583));
#9269 = CARTESIAN_POINT('',(-3.555999965983,-1.09698021371,
    1.266156458583));
#9270 = CARTESIAN_POINT('',(-3.565999965888,-1.110670359477,
    1.266156458583));
#9271 = CARTESIAN_POINT('',(-3.555999965983,-1.110670359477,
    1.266156458583));
#9272 = ADVANCED_FACE('',(#9273),#9292,.F.);
#9273 = FACE_BOUND('',#9274,.F.);
#9274 = EDGE_LOOP('',(#9275,#9276,#9285,#9291));
#9275 = ORIENTED_EDGE('',*,*,#9257,.F.);
#9276 = ORIENTED_EDGE('',*,*,#9277,.T.);
#9277 = EDGE_CURVE('',#9249,#9278,#9280,.T.);
#9278 = VERTEX_POINT('',#9279);
#9279 = CARTESIAN_POINT('',(-3.565999965888,-1.172189368937,
    1.248653867158));
#9280 = B_SPLINE_CURVE_WITH_KNOTS('',3,(#9281,#9282,#9283,#9284),
  .UNSPECIFIED.,.F.,.F.,(4,4),(10.,11.),.PIECEWISE_BEZIER_KNOTS.);
#9281 = CARTESIAN_POINT('',(-3.565999965888,-1.110670359477,
    1.266156458583));
#9282 = CARTESIAN_POINT('',(-3.565999965888,-1.133631679909,
    1.266156458583));
#9283 = CARTESIAN_POINT('',(-3.565999965888,-1.154080252068,
    1.260264497113));
#9284 = CARTESIAN_POINT('',(-3.565999965888,-1.172189368937,
    1.248653867158));
#9285 = ORIENTED_EDGE('',*,*,#9286,.T.);
#9286 = EDGE_CURVE('',#9278,#983,#9287,.T.);
#9287 = LINE('',#9288,#9289);
#9288 = CARTESIAN_POINT('',(-3.565999965888,-1.172189368937,
    1.248653867158));
#9289 = VECTOR('',#9290,1.);
#9290 = DIRECTION('',(1.,-1.224646799147E-16,-0.));
#9291 = ORIENTED_EDGE('',*,*,#990,.F.);
#9292 = B_SPLINE_SURFACE_WITH_KNOTS('',3,1,(
    (#9293,#9294)
    ,(#9295,#9296)
    ,(#9297,#9298)
    ,(#9299,#9300
    )),.UNSPECIFIED.,.F.,.F.,.F.,(4,4),(2,2),(10.,11.),(0.,1.),
  .PIECEWISE_BEZIER_KNOTS.);
#9293 = CARTESIAN_POINT('',(-3.565999965888,-1.110670359477,
    1.266156458583));
#9294 = CARTESIAN_POINT('',(-3.555999965983,-1.110670359477,
    1.266156458583));
#9295 = CARTESIAN_POINT('',(-3.565999965888,-1.133631679909,
    1.266156458583));
#9296 = CARTESIAN_POINT('',(-3.555999965983,-1.133631679909,
    1.266156458583));
#9297 = CARTESIAN_POINT('',(-3.565999965888,-1.154080252068,
    1.260264497113));
#9298 = CARTESIAN_POINT('',(-3.555999965983,-1.154080252068,
    1.260264497113));
#9299 = CARTESIAN_POINT('',(-3.565999965888,-1.172189368937,
    1.248653867158));
#9300 = CARTESIAN_POINT('',(-3.555999965983,-1.172189368937,
    1.248653867158));
#9301 = ADVANCED_FACE('',(#9302),#9320,.F.);
#9302 = FACE_BOUND('',#9303,.T.);
#9303 = EDGE_LOOP('',(#9304,#9305,#9313,#9319));
#9304 = ORIENTED_EDGE('',*,*,#982,.T.);
#9305 = ORIENTED_EDGE('',*,*,#9306,.F.);
#9306 = EDGE_CURVE('',#9307,#974,#9309,.T.);
#9307 = VERTEX_POINT('',#9308);
#9308 = CARTESIAN_POINT('',(-3.565999965888,-1.172189368937,
    1.289897597444));
#9309 = LINE('',#9310,#9311);
#9310 = CARTESIAN_POINT('',(-3.565999965888,-1.172189368937,
    1.289897597444));
#9311 = VECTOR('',#9312,1.);
#9312 = DIRECTION('',(1.,-1.224646799147E-16,-0.));
#9313 = ORIENTED_EDGE('',*,*,#9314,.F.);
#9314 = EDGE_CURVE('',#9278,#9307,#9315,.T.);
#9315 = LINE('',#9316,#9317);
#9316 = CARTESIAN_POINT('',(-3.565999965888,-1.172189368937,
    1.289897597444));
#9317 = VECTOR('',#9318,1.);
#9318 = DIRECTION('',(0.,0.,1.));
#9319 = ORIENTED_EDGE('',*,*,#9286,.T.);
#9320 = PLANE('',#9321);
#9321 = AXIS2_PLACEMENT_3D('',#9322,#9323,#9324);
#9322 = CARTESIAN_POINT('',(-3.565999965888,-1.172189368937,
    1.289897597444));
#9323 = DIRECTION('',(1.224646799147E-16,1.,0.));
#9324 = DIRECTION('',(0.,0.,-1.));
#9325 = ADVANCED_FACE('',(#9326),#9345,.F.);
#9326 = FACE_BOUND('',#9327,.F.);
#9327 = EDGE_LOOP('',(#9328,#9329,#9338,#9344));
#9328 = ORIENTED_EDGE('',*,*,#9306,.F.);
#9329 = ORIENTED_EDGE('',*,*,#9330,.T.);
#9330 = EDGE_CURVE('',#9307,#9331,#9333,.T.);
#9331 = VERTEX_POINT('',#9332);
#9332 = CARTESIAN_POINT('',(-3.565999965888,-1.114829391102,
    1.300641762478));
#9333 = B_SPLINE_CURVE_WITH_KNOTS('',3,(#9334,#9335,#9336,#9337),
  .UNSPECIFIED.,.F.,.F.,(4,4),(8.,9.),.PIECEWISE_BEZIER_KNOTS.);
#9334 = CARTESIAN_POINT('',(-3.565999965888,-1.172189368937,
    1.289897597444));
#9335 = CARTESIAN_POINT('',(-3.565999965888,-1.154513484528,
    1.297175902789));
#9336 = CARTESIAN_POINT('',(-3.565999965888,-1.135451256245,
    1.300641762478));
#9337 = CARTESIAN_POINT('',(-3.565999965888,-1.114829391102,
    1.300641762478));
#9338 = ORIENTED_EDGE('',*,*,#9339,.T.);
#9339 = EDGE_CURVE('',#9331,#965,#9340,.T.);
#9340 = LINE('',#9341,#9342);
#9341 = CARTESIAN_POINT('',(-3.565999965888,-1.114829391102,
    1.300641762478));
#9342 = VECTOR('',#9343,1.);
#9343 = DIRECTION('',(1.,-1.224646799147E-16,-0.));
#9344 = ORIENTED_EDGE('',*,*,#973,.F.);
#9345 = B_SPLINE_SURFACE_WITH_KNOTS('',3,1,(
    (#9346,#9347)
    ,(#9348,#9349)
    ,(#9350,#9351)
    ,(#9352,#9353
    )),.UNSPECIFIED.,.F.,.F.,.F.,(4,4),(2,2),(8.,9.),(0.,1.),
  .PIECEWISE_BEZIER_KNOTS.);
#9346 = CARTESIAN_POINT('',(-3.565999965888,-1.172189368937,
    1.289897597444));
#9347 = CARTESIAN_POINT('',(-3.555999965983,-1.172189368937,
    1.289897597444));
#9348 = CARTESIAN_POINT('',(-3.565999965888,-1.154513484528,
    1.297175902789));
#9349 = CARTESIAN_POINT('',(-3.555999965983,-1.154513484528,
    1.297175902789));
#9350 = CARTESIAN_POINT('',(-3.565999965888,-1.135451256245,
    1.300641762478));
#9351 = CARTESIAN_POINT('',(-3.555999965983,-1.135451256245,
    1.300641762478));
#9352 = CARTESIAN_POINT('',(-3.565999965888,-1.114829391102,
    1.300641762478));
#9353 = CARTESIAN_POINT('',(-3.555999965983,-1.114829391102,
    1.300641762478));
#9354 = ADVANCED_FACE('',(#9355),#9374,.F.);
#9355 = FACE_BOUND('',#9356,.F.);
#9356 = EDGE_LOOP('',(#9357,#9358,#9367,#9373));
#9357 = ORIENTED_EDGE('',*,*,#9339,.F.);
#9358 = ORIENTED_EDGE('',*,*,#9359,.T.);
#9359 = EDGE_CURVE('',#9331,#9360,#9362,.T.);
#9360 = VERTEX_POINT('',#9361);
#9361 = CARTESIAN_POINT('',(-3.565999965888,-1.047765006141,
    1.281406241209));
#9362 = B_SPLINE_CURVE_WITH_KNOTS('',3,(#9363,#9364,#9365,#9366),
  .UNSPECIFIED.,.F.,.F.,(4,4),(7.,8.),.PIECEWISE_BEZIER_KNOTS.);
#9363 = CARTESIAN_POINT('',(-3.565999965888,-1.114829391102,
    1.300641762478));
#9364 = CARTESIAN_POINT('',(-3.565999965888,-1.08831556449,
    1.300641762478));
#9365 = CARTESIAN_POINT('',(-3.565999965888,-1.065960769503,
    1.294229922055));
#9366 = CARTESIAN_POINT('',(-3.565999965888,-1.047765006141,
    1.281406241209));
#9367 = ORIENTED_EDGE('',*,*,#9368,.T.);
#9368 = EDGE_CURVE('',#9360,#956,#9369,.T.);
#9369 = LINE('',#9370,#9371);
#9370 = CARTESIAN_POINT('',(-3.565999965888,-1.047765006141,
    1.281406241209));
#9371 = VECTOR('',#9372,1.);
#9372 = DIRECTION('',(1.,-1.224646799147E-16,-0.));
#9373 = ORIENTED_EDGE('',*,*,#964,.F.);
#9374 = B_SPLINE_SURFACE_WITH_KNOTS('',3,1,(
    (#9375,#9376)
    ,(#9377,#9378)
    ,(#9379,#9380)
    ,(#9381,#9382
    )),.UNSPECIFIED.,.F.,.F.,.F.,(4,4),(2,2),(7.,8.),(0.,1.),
  .PIECEWISE_BEZIER_KNOTS.);
#9375 = CARTESIAN_POINT('',(-3.565999965888,-1.114829391102,
    1.300641762478));
#9376 = CARTESIAN_POINT('',(-3.555999965983,-1.114829391102,
    1.300641762478));
#9377 = CARTESIAN_POINT('',(-3.565999965888,-1.08831556449,
    1.300641762478));
#9378 = CARTESIAN_POINT('',(-3.555999965983,-1.08831556449,
    1.300641762478));
#9379 = CARTESIAN_POINT('',(-3.565999965888,-1.065960769503,
    1.294229922055));
#9380 = CARTESIAN_POINT('',(-3.555999965983,-1.065960769503,
    1.294229922055));
#9381 = CARTESIAN_POINT('',(-3.565999965888,-1.047765006141,
    1.281406241209));
#9382 = CARTESIAN_POINT('',(-3.555999965983,-1.047765006141,
    1.281406241209));
#9383 = ADVANCED_FACE('',(#9384),#9403,.F.);
#9384 = FACE_BOUND('',#9385,.F.);
#9385 = EDGE_LOOP('',(#9386,#9387,#9396,#9402));
#9386 = ORIENTED_EDGE('',*,*,#9368,.F.);
#9387 = ORIENTED_EDGE('',*,*,#9388,.T.);
#9388 = EDGE_CURVE('',#9360,#9389,#9391,.T.);
#9389 = VERTEX_POINT('',#9390);
#9390 = CARTESIAN_POINT('',(-3.565999965888,-1.020558007591,
    1.22976493186));
#9391 = B_SPLINE_CURVE_WITH_KNOTS('',3,(#9392,#9393,#9394,#9395),
  .UNSPECIFIED.,.F.,.F.,(4,4),(6.,7.),.PIECEWISE_BEZIER_KNOTS.);
#9392 = CARTESIAN_POINT('',(-3.565999965888,-1.047765006141,
    1.281406241209));
#9393 = CARTESIAN_POINT('',(-3.565999965888,-1.029655889272,
    1.26840926738));
#9394 = CARTESIAN_POINT('',(-3.565999965888,-1.020558007591,
    1.251253261924));
#9395 = CARTESIAN_POINT('',(-3.565999965888,-1.020558007591,
    1.22976493186));
#9396 = ORIENTED_EDGE('',*,*,#9397,.T.);
#9397 = EDGE_CURVE('',#9389,#947,#9398,.T.);
#9398 = LINE('',#9399,#9400);
#9399 = CARTESIAN_POINT('',(-3.565999965888,-1.020558007591,
    1.22976493186));
#9400 = VECTOR('',#9401,1.);
#9401 = DIRECTION('',(1.,-1.224646799147E-16,-0.));
#9402 = ORIENTED_EDGE('',*,*,#955,.F.);
#9403 = B_SPLINE_SURFACE_WITH_KNOTS('',3,1,(
    (#9404,#9405)
    ,(#9406,#9407)
    ,(#9408,#9409)
    ,(#9410,#9411
    )),.UNSPECIFIED.,.F.,.F.,.F.,(4,4),(2,2),(6.,7.),(0.,1.),
  .PIECEWISE_BEZIER_KNOTS.);
#9404 = CARTESIAN_POINT('',(-3.565999965888,-1.047765006141,
    1.281406241209));
#9405 = CARTESIAN_POINT('',(-3.555999965983,-1.047765006141,
    1.281406241209));
#9406 = CARTESIAN_POINT('',(-3.565999965888,-1.029655889272,
    1.26840926738));
#9407 = CARTESIAN_POINT('',(-3.555999965983,-1.029655889272,
    1.26840926738));
#9408 = CARTESIAN_POINT('',(-3.565999965888,-1.020558007591,
    1.251253261924));
#9409 = CARTESIAN_POINT('',(-3.555999965983,-1.020558007591,
    1.251253261924));
#9410 = CARTESIAN_POINT('',(-3.565999965888,-1.020558007591,
    1.22976493186));
#9411 = CARTESIAN_POINT('',(-3.555999965983,-1.020558007591,
    1.22976493186));
#9412 = ADVANCED_FACE('',(#9413),#9432,.F.);
#9413 = FACE_BOUND('',#9414,.F.);
#9414 = EDGE_LOOP('',(#9415,#9416,#9425,#9431));
#9415 = ORIENTED_EDGE('',*,*,#9397,.F.);
#9416 = ORIENTED_EDGE('',*,*,#9417,.T.);
#9417 = EDGE_CURVE('',#9389,#9418,#9420,.T.);
#9418 = VERTEX_POINT('',#9419);
#9419 = CARTESIAN_POINT('',(-3.565999965888,-1.032601870007,
    1.191467182308));
#9420 = B_SPLINE_CURVE_WITH_KNOTS('',3,(#9421,#9422,#9423,#9424),
  .UNSPECIFIED.,.F.,.F.,(4,4),(5.,6.),.PIECEWISE_BEZIER_KNOTS.);
#9421 = CARTESIAN_POINT('',(-3.565999965888,-1.020558007591,
    1.22976493186));
#9422 = CARTESIAN_POINT('',(-3.565999965888,-1.020558007591,1.2148617352
    ));
#9423 = CARTESIAN_POINT('',(-3.565999965888,-1.024543746232,
    1.202038054356));
#9424 = CARTESIAN_POINT('',(-3.565999965888,-1.032601870007,
    1.191467182308));
#9425 = ORIENTED_EDGE('',*,*,#9426,.T.);
#9426 = EDGE_CURVE('',#9418,#938,#9427,.T.);
#9427 = LINE('',#9428,#9429);
#9428 = CARTESIAN_POINT('',(-3.565999965888,-1.032601870007,
    1.191467182308));
#9429 = VECTOR('',#9430,1.);
#9430 = DIRECTION('',(1.,-1.224646799147E-16,-0.));
#9431 = ORIENTED_EDGE('',*,*,#946,.F.);
#9432 = B_SPLINE_SURFACE_WITH_KNOTS('',3,1,(
    (#9433,#9434)
    ,(#9435,#9436)
    ,(#9437,#9438)
    ,(#9439,#9440
    )),.UNSPECIFIED.,.F.,.F.,.F.,(4,4),(2,2),(5.,6.),(0.,1.),
  .PIECEWISE_BEZIER_KNOTS.);
#9433 = CARTESIAN_POINT('',(-3.565999965888,-1.020558007591,
    1.22976493186));
#9434 = CARTESIAN_POINT('',(-3.555999965983,-1.020558007591,
    1.22976493186));
#9435 = CARTESIAN_POINT('',(-3.565999965888,-1.020558007591,1.2148617352
    ));
#9436 = CARTESIAN_POINT('',(-3.555999965983,-1.020558007591,1.2148617352
    ));
#9437 = CARTESIAN_POINT('',(-3.565999965888,-1.024543746232,
    1.202038054356));
#9438 = CARTESIAN_POINT('',(-3.555999965983,-1.024543746232,
    1.202038054356));
#9439 = CARTESIAN_POINT('',(-3.565999965888,-1.032601870007,
    1.191467182308));
#9440 = CARTESIAN_POINT('',(-3.555999965983,-1.032601870007,
    1.191467182308));
#9441 = ADVANCED_FACE('',(#9442),#9461,.F.);
#9442 = FACE_BOUND('',#9443,.F.);
#9443 = EDGE_LOOP('',(#9444,#9445,#9454,#9460));
#9444 = ORIENTED_EDGE('',*,*,#9426,.F.);
#9445 = ORIENTED_EDGE('',*,*,#9446,.T.);
#9446 = EDGE_CURVE('',#9418,#9447,#9449,.T.);
#9447 = VERTEX_POINT('',#9448);
#9448 = CARTESIAN_POINT('',(-3.565999965888,-1.084849704802,
    1.159407980195));
#9449 = B_SPLINE_CURVE_WITH_KNOTS('',3,(#9450,#9451,#9452,#9453),
  .UNSPECIFIED.,.F.,.F.,(4,4),(4.,5.),.PIECEWISE_BEZIER_KNOTS.);
#9450 = CARTESIAN_POINT('',(-3.565999965888,-1.032601870007,
    1.191467182308));
#9451 = CARTESIAN_POINT('',(-3.565999965888,-1.040573347289,
    1.180896310261));
#9452 = CARTESIAN_POINT('',(-3.565999965888,-1.058075938713,
    1.170152145227));
#9453 = CARTESIAN_POINT('',(-3.565999965888,-1.084849704802,
    1.159407980195));
#9454 = ORIENTED_EDGE('',*,*,#9455,.T.);
#9455 = EDGE_CURVE('',#9447,#929,#9456,.T.);
#9456 = LINE('',#9457,#9458);
#9457 = CARTESIAN_POINT('',(-3.565999965888,-1.084849704802,
    1.159407980195));
#9458 = VECTOR('',#9459,1.);
#9459 = DIRECTION('',(1.,-1.224646799147E-16,-0.));
#9460 = ORIENTED_EDGE('',*,*,#937,.F.);
#9461 = B_SPLINE_SURFACE_WITH_KNOTS('',3,1,(
    (#9462,#9463)
    ,(#9464,#9465)
    ,(#9466,#9467)
    ,(#9468,#9469
    )),.UNSPECIFIED.,.F.,.F.,.F.,(4,4),(2,2),(4.,5.),(0.,1.),
  .PIECEWISE_BEZIER_KNOTS.);
#9462 = CARTESIAN_POINT('',(-3.565999965888,-1.032601870007,
    1.191467182308));
#9463 = CARTESIAN_POINT('',(-3.555999965983,-1.032601870007,
    1.191467182308));
#9464 = CARTESIAN_POINT('',(-3.565999965888,-1.040573347289,
    1.180896310261));
#9465 = CARTESIAN_POINT('',(-3.555999965983,-1.040573347289,
    1.180896310261));
#9466 = CARTESIAN_POINT('',(-3.565999965888,-1.058075938713,
    1.170152145227));
#9467 = CARTESIAN_POINT('',(-3.555999965983,-1.058075938713,
    1.170152145227));
#9468 = CARTESIAN_POINT('',(-3.565999965888,-1.084849704802,
    1.159407980195));
#9469 = CARTESIAN_POINT('',(-3.555999965983,-1.084849704802,
    1.159407980195));
#9470 = ADVANCED_FACE('',(#9471),#9490,.F.);
#9471 = FACE_BOUND('',#9472,.F.);
#9472 = EDGE_LOOP('',(#9473,#9474,#9483,#9489));
#9473 = ORIENTED_EDGE('',*,*,#9455,.F.);
#9474 = ORIENTED_EDGE('',*,*,#9475,.T.);
#9475 = EDGE_CURVE('',#9447,#9476,#9478,.T.);
#9476 = VERTEX_POINT('',#9477);
#9477 = CARTESIAN_POINT('',(-3.565999965888,-1.129299355299,
    1.137746357145));
#9478 = B_SPLINE_CURVE_WITH_KNOTS('',3,(#9479,#9480,#9481,#9482),
  .UNSPECIFIED.,.F.,.F.,(4,4),(3.,4.),.PIECEWISE_BEZIER_KNOTS.);
#9479 = CARTESIAN_POINT('',(-3.565999965888,-1.084849704802,
    1.159407980195));
#9480 = CARTESIAN_POINT('',(-3.565999965888,-1.107204499789,
    1.151089916944));
#9481 = CARTESIAN_POINT('',(-3.565999965888,-1.122021049954,
    1.143811611599));
#9482 = CARTESIAN_POINT('',(-3.565999965888,-1.129299355299,
    1.137746357145));
#9483 = ORIENTED_EDGE('',*,*,#9484,.T.);
#9484 = EDGE_CURVE('',#9476,#920,#9485,.T.);
#9485 = LINE('',#9486,#9487);
#9486 = CARTESIAN_POINT('',(-3.565999965888,-1.129299355299,
    1.137746357145));
#9487 = VECTOR('',#9488,1.);
#9488 = DIRECTION('',(1.,-1.224646799147E-16,-0.));
#9489 = ORIENTED_EDGE('',*,*,#928,.F.);
#9490 = B_SPLINE_SURFACE_WITH_KNOTS('',3,1,(
    (#9491,#9492)
    ,(#9493,#9494)
    ,(#9495,#9496)
    ,(#9497,#9498
    )),.UNSPECIFIED.,.F.,.F.,.F.,(4,4),(2,2),(3.,4.),(0.,1.),
  .PIECEWISE_BEZIER_KNOTS.);
#9491 = CARTESIAN_POINT('',(-3.565999965888,-1.084849704802,
    1.159407980195));
#9492 = CARTESIAN_POINT('',(-3.555999965983,-1.084849704802,
    1.159407980195));
#9493 = CARTESIAN_POINT('',(-3.565999965888,-1.107204499789,
    1.151089916944));
#9494 = CARTESIAN_POINT('',(-3.555999965983,-1.107204499789,
    1.151089916944));
#9495 = CARTESIAN_POINT('',(-3.565999965888,-1.122021049954,
    1.143811611599));
#9496 = CARTESIAN_POINT('',(-3.555999965983,-1.122021049954,
    1.143811611599));
#9497 = CARTESIAN_POINT('',(-3.565999965888,-1.129299355299,
    1.137746357145));
#9498 = CARTESIAN_POINT('',(-3.555999965983,-1.129299355299,
    1.137746357145));
#9499 = ADVANCED_FACE('',(#9500),#9519,.F.);
#9500 = FACE_BOUND('',#9501,.F.);
#9501 = EDGE_LOOP('',(#9502,#9503,#9512,#9518));
#9502 = ORIENTED_EDGE('',*,*,#9484,.F.);
#9503 = ORIENTED_EDGE('',*,*,#9504,.T.);
#9504 = EDGE_CURVE('',#9476,#9505,#9507,.T.);
#9505 = VERTEX_POINT('',#9506);
#9506 = CARTESIAN_POINT('',(-3.565999965888,-1.140216813316,
    1.114698390221));
#9507 = B_SPLINE_CURVE_WITH_KNOTS('',3,(#9508,#9509,#9510,#9511),
  .UNSPECIFIED.,.F.,.F.,(4,4),(2.,3.),.PIECEWISE_BEZIER_KNOTS.);
#9508 = CARTESIAN_POINT('',(-3.565999965888,-1.129299355299,
    1.137746357145));
#9509 = CARTESIAN_POINT('',(-3.565999965888,-1.136577660644,
    1.131681102691));
#9510 = CARTESIAN_POINT('',(-3.565999965888,-1.140216813316,
    1.124056211379));
#9511 = CARTESIAN_POINT('',(-3.565999965888,-1.140216813316,
    1.114698390221));
#9512 = ORIENTED_EDGE('',*,*,#9513,.T.);
#9513 = EDGE_CURVE('',#9505,#911,#9514,.T.);
#9514 = LINE('',#9515,#9516);
#9515 = CARTESIAN_POINT('',(-3.565999965888,-1.140216813316,
    1.114698390221));
#9516 = VECTOR('',#9517,1.);
#9517 = DIRECTION('',(1.,-1.224646799147E-16,-0.));
#9518 = ORIENTED_EDGE('',*,*,#919,.F.);
#9519 = B_SPLINE_SURFACE_WITH_KNOTS('',3,1,(
    (#9520,#9521)
    ,(#9522,#9523)
    ,(#9524,#9525)
    ,(#9526,#9527
    )),.UNSPECIFIED.,.F.,.F.,.F.,(4,4),(2,2),(2.,3.),(0.,1.),
  .PIECEWISE_BEZIER_KNOTS.);
#9520 = CARTESIAN_POINT('',(-3.565999965888,-1.129299355299,
    1.137746357145));
#9521 = CARTESIAN_POINT('',(-3.555999965983,-1.129299355299,
    1.137746357145));
#9522 = CARTESIAN_POINT('',(-3.565999965888,-1.136577660644,
    1.131681102691));
#9523 = CARTESIAN_POINT('',(-3.555999965983,-1.136577660644,
    1.131681102691));
#9524 = CARTESIAN_POINT('',(-3.565999965888,-1.140216813316,
    1.124056211379));
#9525 = CARTESIAN_POINT('',(-3.555999965983,-1.140216813316,
    1.124056211379));
#9526 = CARTESIAN_POINT('',(-3.565999965888,-1.140216813316,
    1.114698390221));
#9527 = CARTESIAN_POINT('',(-3.555999965983,-1.140216813316,
    1.114698390221));
#9528 = ADVANCED_FACE('',(#9529),#9541,.F.);
#9529 = FACE_BOUND('',#9530,.F.);
#9530 = EDGE_LOOP('',(#9531,#9532,#9539,#9540));
#9531 = ORIENTED_EDGE('',*,*,#9513,.F.);
#9532 = ORIENTED_EDGE('',*,*,#9533,.T.);
#9533 = EDGE_CURVE('',#9505,#8956,#9534,.T.);
#9534 = B_SPLINE_CURVE_WITH_KNOTS('',3,(#9535,#9536,#9537,#9538),
  .UNSPECIFIED.,.F.,.F.,(4,4),(1.,2.),.PIECEWISE_BEZIER_KNOTS.);
#9535 = CARTESIAN_POINT('',(-3.565999965888,-1.140216813316,
    1.114698390221));
#9536 = CARTESIAN_POINT('',(-3.565999965888,-1.140216813316,
    1.092863474187));
#9537 = CARTESIAN_POINT('',(-3.565999965888,-1.123494040322,
    1.081946016171));
#9538 = CARTESIAN_POINT('',(-3.565999965888,-1.090135140826,
    1.081946016171));
#9539 = ORIENTED_EDGE('',*,*,#8955,.T.);
#9540 = ORIENTED_EDGE('',*,*,#910,.F.);
#9541 = B_SPLINE_SURFACE_WITH_KNOTS('',3,1,(
    (#9542,#9543)
    ,(#9544,#9545)
    ,(#9546,#9547)
    ,(#9548,#9549
    )),.UNSPECIFIED.,.F.,.F.,.F.,(4,4),(2,2),(1.,2.),(0.,1.),
  .PIECEWISE_BEZIER_KNOTS.);
#9542 = CARTESIAN_POINT('',(-3.565999965888,-1.140216813316,
    1.114698390221));
#9543 = CARTESIAN_POINT('',(-3.555999965983,-1.140216813316,
    1.114698390221));
#9544 = CARTESIAN_POINT('',(-3.565999965888,-1.140216813316,
    1.092863474187));
#9545 = CARTESIAN_POINT('',(-3.555999965983,-1.140216813316,
    1.092863474187));
#9546 = CARTESIAN_POINT('',(-3.565999965888,-1.123494040322,
    1.081946016171));
#9547 = CARTESIAN_POINT('',(-3.555999965983,-1.123494040322,
    1.081946016171));
#9548 = CARTESIAN_POINT('',(-3.565999965888,-1.090135140826,
    1.081946016171));
#9549 = CARTESIAN_POINT('',(-3.555999965983,-1.090135140826,
    1.081946016171));
#9550 = ADVANCED_FACE('',(#9551),#9574,.F.);
#9551 = FACE_BOUND('',#9552,.T.);
#9552 = EDGE_LOOP('',(#9553,#9554,#9555,#9556,#9557,#9558,#9559,#9560,
    #9561,#9562,#9563,#9564,#9565,#9566,#9567,#9568,#9569,#9570,#9571,
    #9572,#9573));
#9553 = ORIENTED_EDGE('',*,*,#8963,.T.);
#9554 = ORIENTED_EDGE('',*,*,#9000,.T.);
#9555 = ORIENTED_EDGE('',*,*,#9016,.T.);
#9556 = ORIENTED_EDGE('',*,*,#9045,.T.);
#9557 = ORIENTED_EDGE('',*,*,#9074,.T.);
#9558 = ORIENTED_EDGE('',*,*,#9103,.T.);
#9559 = ORIENTED_EDGE('',*,*,#9132,.T.);
#9560 = ORIENTED_EDGE('',*,*,#9161,.T.);
#9561 = ORIENTED_EDGE('',*,*,#9190,.T.);
#9562 = ORIENTED_EDGE('',*,*,#9219,.T.);
#9563 = ORIENTED_EDGE('',*,*,#9248,.T.);
#9564 = ORIENTED_EDGE('',*,*,#9277,.T.);
#9565 = ORIENTED_EDGE('',*,*,#9314,.T.);
#9566 = ORIENTED_EDGE('',*,*,#9330,.T.);
#9567 = ORIENTED_EDGE('',*,*,#9359,.T.);
#9568 = ORIENTED_EDGE('',*,*,#9388,.T.);
#9569 = ORIENTED_EDGE('',*,*,#9417,.T.);
#9570 = ORIENTED_EDGE('',*,*,#9446,.T.);
#9571 = ORIENTED_EDGE('',*,*,#9475,.T.);
#9572 = ORIENTED_EDGE('',*,*,#9504,.T.);
#9573 = ORIENTED_EDGE('',*,*,#9533,.T.);
#9574 = PLANE('',#9575);
#9575 = AXIS2_PLACEMENT_3D('',#9576,#9577,#9578);
#9576 = CARTESIAN_POINT('',(-3.565999965888,-1.053981891956,
    1.087794654394));
#9577 = DIRECTION('',(1.,-1.224646799147E-16,0.));
#9578 = DIRECTION('',(0.,0.,1.));
#9579 = ADVANCED_FACE('',(#9580),#9605,.F.);
#9580 = FACE_BOUND('',#9581,.T.);
#9581 = EDGE_LOOP('',(#9582,#9583,#9591,#9599));
#9582 = ORIENTED_EDGE('',*,*,#774,.T.);
#9583 = ORIENTED_EDGE('',*,*,#9584,.F.);
#9584 = EDGE_CURVE('',#9585,#765,#9587,.T.);
#9585 = VERTEX_POINT('',#9586);
#9586 = CARTESIAN_POINT('',(-3.565999965888,-1.394264328441,
    1.295096386976));
#9587 = LINE('',#9588,#9589);
#9588 = CARTESIAN_POINT('',(-3.565999965888,-1.394264328441,
    1.295096386976));
#9589 = VECTOR('',#9590,1.);
#9590 = DIRECTION('',(1.,-1.224646799147E-16,-0.));
#9591 = ORIENTED_EDGE('',*,*,#9592,.F.);
#9592 = EDGE_CURVE('',#9593,#9585,#9595,.T.);
#9593 = VERTEX_POINT('',#9594);
#9594 = CARTESIAN_POINT('',(-3.565999965888,-1.438280746475,
    1.295096386976));
#9595 = LINE('',#9596,#9597);
#9596 = CARTESIAN_POINT('',(-3.565999965888,-1.394264328441,
    1.295096386976));
#9597 = VECTOR('',#9598,1.);
#9598 = DIRECTION('',(1.224646799147E-16,1.,-3.694765080357E-15));
#9599 = ORIENTED_EDGE('',*,*,#9600,.T.);
#9600 = EDGE_CURVE('',#9593,#775,#9601,.T.);
#9601 = LINE('',#9602,#9603);
#9602 = CARTESIAN_POINT('',(-3.565999965888,-1.438280746475,
    1.295096386976));
#9603 = VECTOR('',#9604,1.);
#9604 = DIRECTION('',(1.,-1.224646799147E-16,-0.));
#9605 = PLANE('',#9606);
#9606 = AXIS2_PLACEMENT_3D('',#9607,#9608,#9609);
#9607 = CARTESIAN_POINT('',(-3.565999965888,-1.394264328441,
    1.295096386976));
#9608 = DIRECTION('',(-4.524782229261E-31,-3.694765080357E-15,-1.));
#9609 = DIRECTION('',(-1.224646799147E-16,-1.,3.694765080357E-15));
#9610 = ADVANCED_FACE('',(#9611),#9629,.F.);
#9611 = FACE_BOUND('',#9612,.T.);
#9612 = EDGE_LOOP('',(#9613,#9614,#9622,#9628));
#9613 = ORIENTED_EDGE('',*,*,#764,.T.);
#9614 = ORIENTED_EDGE('',*,*,#9615,.F.);
#9615 = EDGE_CURVE('',#9616,#767,#9618,.T.);
#9616 = VERTEX_POINT('',#9617);
#9617 = CARTESIAN_POINT('',(-3.565999965888,-1.328153054893,
    1.112792167393));
#9618 = LINE('',#9619,#9620);
#9619 = CARTESIAN_POINT('',(-3.565999965888,-1.328153054893,
    1.112792167393));
#9620 = VECTOR('',#9621,1.);
#9621 = DIRECTION('',(1.,-1.224646799147E-16,-0.));
#9622 = ORIENTED_EDGE('',*,*,#9623,.F.);
#9623 = EDGE_CURVE('',#9585,#9616,#9624,.T.);
#9624 = LINE('',#9625,#9626);
#9625 = CARTESIAN_POINT('',(-3.565999965888,-1.328153054893,
    1.112792167393));
#9626 = VECTOR('',#9627,1.);
#9627 = DIRECTION('',(4.175038879116E-17,0.340917796219,-0.9400931104));
#9628 = ORIENTED_EDGE('',*,*,#9584,.T.);
#9629 = PLANE('',#9630);
#9630 = AXIS2_PLACEMENT_3D('',#9631,#9632,#9633);
#9631 = CARTESIAN_POINT('',(-3.565999965888,-1.328153054893,
    1.112792167393));
#9632 = DIRECTION('',(-1.151282018552E-16,-0.9400931104,-0.340917796219)
  );
#9633 = DIRECTION('',(-4.175038879116E-17,-0.340917796219,0.9400931104)
  );
#9634 = ADVANCED_FACE('',(#9635),#9654,.F.);
#9635 = FACE_BOUND('',#9636,.F.);
#9636 = EDGE_LOOP('',(#9637,#9638,#9647,#9653));
#9637 = ORIENTED_EDGE('',*,*,#9615,.F.);
#9638 = ORIENTED_EDGE('',*,*,#9639,.T.);
#9639 = EDGE_CURVE('',#9616,#9640,#9642,.T.);
#9640 = VERTEX_POINT('',#9641);
#9641 = CARTESIAN_POINT('',(-3.565999965888,-1.32295426536,
    1.093210060155));
#9642 = B_SPLINE_CURVE_WITH_KNOTS('',3,(#9643,#9644,#9645,#9646),
  .UNSPECIFIED.,.F.,.F.,(4,4),(12.,13.),.PIECEWISE_BEZIER_KNOTS.);
#9643 = CARTESIAN_POINT('',(-3.565999965888,-1.328153054893,
    1.112792167393));
#9644 = CARTESIAN_POINT('',(-3.565999965888,-1.325553660128,
    1.104300811158));
#9645 = CARTESIAN_POINT('',(-3.565999965888,-1.323820730281,
    1.097715677751));
#9646 = CARTESIAN_POINT('',(-3.565999965888,-1.32295426536,
    1.093210060155));
#9647 = ORIENTED_EDGE('',*,*,#9648,.T.);
#9648 = EDGE_CURVE('',#9640,#875,#9649,.T.);
#9649 = LINE('',#9650,#9651);
#9650 = CARTESIAN_POINT('',(-3.565999965888,-1.32295426536,
    1.093210060155));
#9651 = VECTOR('',#9652,1.);
#9652 = DIRECTION('',(1.,-1.224646799147E-16,-0.));
#9653 = ORIENTED_EDGE('',*,*,#882,.F.);
#9654 = B_SPLINE_SURFACE_WITH_KNOTS('',3,1,(
    (#9655,#9656)
    ,(#9657,#9658)
    ,(#9659,#9660)
    ,(#9661,#9662
    )),.UNSPECIFIED.,.F.,.F.,.F.,(4,4),(2,2),(12.,13.),(0.,1.),
  .PIECEWISE_BEZIER_KNOTS.);
#9655 = CARTESIAN_POINT('',(-3.565999965888,-1.328153054893,
    1.112792167393));
#9656 = CARTESIAN_POINT('',(-3.555999965983,-1.328153054893,
    1.112792167393));
#9657 = CARTESIAN_POINT('',(-3.565999965888,-1.325553660128,
    1.104300811158));
#9658 = CARTESIAN_POINT('',(-3.555999965983,-1.325553660128,
    1.104300811158));
#9659 = CARTESIAN_POINT('',(-3.565999965888,-1.323820730281,
    1.097715677751));
#9660 = CARTESIAN_POINT('',(-3.555999965983,-1.323820730281,
    1.097715677751));
#9661 = CARTESIAN_POINT('',(-3.565999965888,-1.32295426536,
    1.093210060155));
#9662 = CARTESIAN_POINT('',(-3.555999965983,-1.32295426536,
    1.093210060155));
#9663 = ADVANCED_FACE('',(#9664),#9682,.F.);
#9664 = FACE_BOUND('',#9665,.T.);
#9665 = EDGE_LOOP('',(#9666,#9667,#9675,#9681));
#9666 = ORIENTED_EDGE('',*,*,#874,.T.);
#9667 = ORIENTED_EDGE('',*,*,#9668,.F.);
#9668 = EDGE_CURVE('',#9669,#867,#9671,.T.);
#9669 = VERTEX_POINT('',#9670);
#9670 = CARTESIAN_POINT('',(-3.565999965888,-1.321827860963,
    1.093210060155));
#9671 = LINE('',#9672,#9673);
#9672 = CARTESIAN_POINT('',(-3.565999965888,-1.321827860963,
    1.093210060155));
#9673 = VECTOR('',#9674,1.);
#9674 = DIRECTION('',(1.,-1.224646799147E-16,-0.));
#9675 = ORIENTED_EDGE('',*,*,#9676,.F.);
#9676 = EDGE_CURVE('',#9640,#9669,#9677,.T.);
#9677 = LINE('',#9678,#9679);
#9678 = CARTESIAN_POINT('',(-3.565999965888,-1.321827860963,
    1.093210060155));
#9679 = VECTOR('',#9680,1.);
#9680 = DIRECTION('',(1.224646799147E-16,1.,-0.));
#9681 = ORIENTED_EDGE('',*,*,#9648,.T.);
#9682 = PLANE('',#9683);
#9683 = AXIS2_PLACEMENT_3D('',#9684,#9685,#9686);
#9684 = CARTESIAN_POINT('',(-3.565999965888,-1.321827860963,
    1.093210060155));
#9685 = DIRECTION('',(-0.,0.,-1.));
#9686 = DIRECTION('',(1.,-1.224646799147E-16,0.));
#9687 = ADVANCED_FACE('',(#9688),#9706,.F.);
#9688 = FACE_BOUND('',#9689,.T.);
#9689 = EDGE_LOOP('',(#9690,#9691,#9699,#9705));
#9690 = ORIENTED_EDGE('',*,*,#866,.T.);
#9691 = ORIENTED_EDGE('',*,*,#9692,.F.);
#9692 = EDGE_CURVE('',#9693,#859,#9695,.T.);
#9693 = VERTEX_POINT('',#9694);
#9694 = CARTESIAN_POINT('',(-3.565999965888,-1.31662907143,
    1.113138753361));
#9695 = LINE('',#9696,#9697);
#9696 = CARTESIAN_POINT('',(-3.565999965888,-1.31662907143,
    1.113138753361));
#9697 = VECTOR('',#9698,1.);
#9698 = DIRECTION('',(1.,-1.224646799147E-16,-0.));
#9699 = ORIENTED_EDGE('',*,*,#9700,.F.);
#9700 = EDGE_CURVE('',#9669,#9693,#9701,.T.);
#9701 = LINE('',#9702,#9703);
#9702 = CARTESIAN_POINT('',(-3.565999965888,-1.31662907143,
    1.113138753361));
#9703 = VECTOR('',#9704,1.);
#9704 = DIRECTION('',(3.091276684258E-17,0.252421897188,0.967617272386)
  );
#9705 = ORIENTED_EDGE('',*,*,#9668,.T.);
#9706 = PLANE('',#9707);
#9707 = AXIS2_PLACEMENT_3D('',#9708,#9709,#9710);
#9708 = CARTESIAN_POINT('',(-3.565999965888,-1.31662907143,
    1.113138753361));
#9709 = DIRECTION('',(1.184989395427E-16,0.967617272386,-0.252421897188)
  );
#9710 = DIRECTION('',(-3.091276684258E-17,-0.252421897188,
    -0.967617272386));
#9711 = ADVANCED_FACE('',(#9712),#9730,.F.);
#9712 = FACE_BOUND('',#9713,.T.);
#9713 = EDGE_LOOP('',(#9714,#9715,#9723,#9729));
#9714 = ORIENTED_EDGE('',*,*,#858,.T.);
#9715 = ORIENTED_EDGE('',*,*,#9716,.F.);
#9716 = EDGE_CURVE('',#9717,#851,#9719,.T.);
#9717 = VERTEX_POINT('',#9718);
#9718 = CARTESIAN_POINT('',(-3.565999965888,-1.253377132126,
    1.295096386976));
#9719 = LINE('',#9720,#9721);
#9720 = CARTESIAN_POINT('',(-3.565999965888,-1.253377132126,
    1.295096386976));
#9721 = VECTOR('',#9722,1.);
#9722 = DIRECTION('',(1.,-1.224646799147E-16,-0.));
#9723 = ORIENTED_EDGE('',*,*,#9724,.F.);
#9724 = EDGE_CURVE('',#9693,#9717,#9725,.T.);
#9725 = LINE('',#9726,#9727);
#9726 = CARTESIAN_POINT('',(-3.565999965888,-1.253377132126,
    1.295096386976));
#9727 = VECTOR('',#9728,1.);
#9728 = DIRECTION('',(4.0210807975E-17,0.328346164813,0.944557460429));
#9729 = ORIENTED_EDGE('',*,*,#9692,.T.);
#9730 = PLANE('',#9731);
#9731 = AXIS2_PLACEMENT_3D('',#9732,#9733,#9734);
#9732 = CARTESIAN_POINT('',(-3.565999965888,-1.253377132126,
    1.295096386976));
#9733 = DIRECTION('',(1.156749270526E-16,0.944557460429,-0.328346164813)
  );
#9734 = DIRECTION('',(-4.0210807975E-17,-0.328346164813,-0.944557460429)
  );
#9735 = ADVANCED_FACE('',(#9736),#9754,.F.);
#9736 = FACE_BOUND('',#9737,.T.);
#9737 = EDGE_LOOP('',(#9738,#9739,#9747,#9753));
#9738 = ORIENTED_EDGE('',*,*,#850,.T.);
#9739 = ORIENTED_EDGE('',*,*,#9740,.F.);
#9740 = EDGE_CURVE('',#9741,#843,#9743,.T.);
#9741 = VERTEX_POINT('',#9742);
#9742 = CARTESIAN_POINT('',(-3.565999965888,-1.205894854402,
    1.295096386976));
#9743 = LINE('',#9744,#9745);
#9744 = CARTESIAN_POINT('',(-3.565999965888,-1.205894854402,
    1.295096386976));
#9745 = VECTOR('',#9746,1.);
#9746 = DIRECTION('',(1.,-1.224646799147E-16,-0.));
#9747 = ORIENTED_EDGE('',*,*,#9748,.F.);
#9748 = EDGE_CURVE('',#9717,#9741,#9749,.T.);
#9749 = LINE('',#9750,#9751);
#9750 = CARTESIAN_POINT('',(-3.565999965888,-1.205894854402,
    1.295096386976));
#9751 = VECTOR('',#9752,1.);
#9752 = DIRECTION('',(1.224646799147E-16,1.,-3.425074198439E-15));
#9753 = ORIENTED_EDGE('',*,*,#9716,.T.);
#9754 = PLANE('',#9755);
#9755 = AXIS2_PLACEMENT_3D('',#9756,#9757,#9758);
#9756 = CARTESIAN_POINT('',(-3.565999965888,-1.205894854402,
    1.295096386976));
#9757 = DIRECTION('',(-4.19450615396E-31,-3.425074198439E-15,-1.));
#9758 = DIRECTION('',(-1.224646799147E-16,-1.,3.425074198439E-15));
#9759 = ADVANCED_FACE('',(#9760),#9778,.F.);
#9760 = FACE_BOUND('',#9761,.T.);
#9761 = EDGE_LOOP('',(#9762,#9763,#9771,#9777));
#9762 = ORIENTED_EDGE('',*,*,#842,.T.);
#9763 = ORIENTED_EDGE('',*,*,#9764,.F.);
#9764 = EDGE_CURVE('',#9765,#835,#9767,.T.);
#9765 = VERTEX_POINT('',#9766);
#9766 = CARTESIAN_POINT('',(-3.565999965888,-1.300859409851,
    1.05352596673));
#9767 = LINE('',#9768,#9769);
#9768 = CARTESIAN_POINT('',(-3.565999965888,-1.300859409851,
    1.05352596673));
#9769 = VECTOR('',#9770,1.);
#9770 = DIRECTION('',(1.,-1.224646799147E-16,-0.));
#9771 = ORIENTED_EDGE('',*,*,#9772,.F.);
#9772 = EDGE_CURVE('',#9741,#9765,#9773,.T.);
#9773 = LINE('',#9774,#9775);
#9774 = CARTESIAN_POINT('',(-3.565999965888,-1.300859409851,
    1.05352596673));
#9775 = VECTOR('',#9776,1.);
#9776 = DIRECTION('',(-4.480479573619E-17,-0.365858921669,
    -0.930670322636));
#9777 = ORIENTED_EDGE('',*,*,#9740,.T.);
#9778 = PLANE('',#9779);
#9779 = AXIS2_PLACEMENT_3D('',#9780,#9781,#9782);
#9780 = CARTESIAN_POINT('',(-3.565999965888,-1.300859409851,
    1.05352596673));
#9781 = DIRECTION('',(-1.139742431677E-16,-0.930670322636,0.365858921669
    ));
#9782 = DIRECTION('',(4.480479573619E-17,0.365858921669,0.930670322636)
  );
#9783 = ADVANCED_FACE('',(#9784),#9802,.F.);
#9784 = FACE_BOUND('',#9785,.T.);
#9785 = EDGE_LOOP('',(#9786,#9787,#9795,#9801));
#9786 = ORIENTED_EDGE('',*,*,#834,.T.);
#9787 = ORIENTED_EDGE('',*,*,#9788,.F.);
#9788 = EDGE_CURVE('',#9789,#826,#9791,.T.);
#9789 = VERTEX_POINT('',#9790);
#9790 = CARTESIAN_POINT('',(-3.565999965888,-1.282230414028,
    1.009509548693));
#9791 = LINE('',#9792,#9793);
#9792 = CARTESIAN_POINT('',(-3.565999965888,-1.282230414028,
    1.009509548693));
#9793 = VECTOR('',#9794,1.);
#9794 = DIRECTION('',(1.,-1.224646799147E-16,-0.));
#9795 = ORIENTED_EDGE('',*,*,#9796,.F.);
#9796 = EDGE_CURVE('',#9765,#9789,#9797,.T.);
#9797 = LINE('',#9798,#9799);
#9798 = CARTESIAN_POINT('',(-3.565999965888,-1.282230414028,
    1.009509548693));
#9799 = VECTOR('',#9800,1.);
#9800 = DIRECTION('',(4.773162117536E-17,0.389758265065,-0.920917203017)
  );
#9801 = ORIENTED_EDGE('',*,*,#9764,.T.);
#9802 = PLANE('',#9803);
#9803 = AXIS2_PLACEMENT_3D('',#9804,#9805,#9806);
#9804 = CARTESIAN_POINT('',(-3.565999965888,-1.282230414028,
    1.009509548693));
#9805 = DIRECTION('',(-1.127798304955E-16,-0.920917203017,
    -0.389758265065));
#9806 = DIRECTION('',(-4.773162117536E-17,-0.389758265065,0.920917203017
    ));
#9807 = ADVANCED_FACE('',(#9808),#9827,.F.);
#9808 = FACE_BOUND('',#9809,.F.);
#9809 = EDGE_LOOP('',(#9810,#9811,#9820,#9826));
#9810 = ORIENTED_EDGE('',*,*,#9788,.F.);
#9811 = ORIENTED_EDGE('',*,*,#9812,.T.);
#9812 = EDGE_CURVE('',#9789,#9813,#9815,.T.);
#9813 = VERTEX_POINT('',#9814);
#9814 = CARTESIAN_POINT('',(-3.565999965888,-1.238733874944,
    0.975370830767));
#9815 = B_SPLINE_CURVE_WITH_KNOTS('',3,(#9816,#9817,#9818,#9819),
  .UNSPECIFIED.,.F.,.F.,(4,4),(5.,6.),.PIECEWISE_BEZIER_KNOTS.);
#9816 = CARTESIAN_POINT('',(-3.565999965888,-1.282230414028,
    1.009509548693));
#9817 = CARTESIAN_POINT('',(-3.565999965888,-1.272612653394,
    0.986634874753));
#9818 = CARTESIAN_POINT('',(-3.565999965888,-1.258142689198,
    0.975370830767));
#9819 = CARTESIAN_POINT('',(-3.565999965888,-1.238733874944,
    0.975370830767));
#9820 = ORIENTED_EDGE('',*,*,#9821,.T.);
#9821 = EDGE_CURVE('',#9813,#817,#9822,.T.);
#9822 = LINE('',#9823,#9824);
#9823 = CARTESIAN_POINT('',(-3.565999965888,-1.238733874944,
    0.975370830767));
#9824 = VECTOR('',#9825,1.);
#9825 = DIRECTION('',(1.,-1.224646799147E-16,-0.));
#9826 = ORIENTED_EDGE('',*,*,#825,.F.);
#9827 = B_SPLINE_SURFACE_WITH_KNOTS('',3,1,(
    (#9828,#9829)
    ,(#9830,#9831)
    ,(#9832,#9833)
    ,(#9834,#9835
    )),.UNSPECIFIED.,.F.,.F.,.F.,(4,4),(2,2),(5.,6.),(0.,1.),
  .PIECEWISE_BEZIER_KNOTS.);
#9828 = CARTESIAN_POINT('',(-3.565999965888,-1.282230414028,
    1.009509548693));
#9829 = CARTESIAN_POINT('',(-3.555999965983,-1.282230414028,
    1.009509548693));
#9830 = CARTESIAN_POINT('',(-3.565999965888,-1.272612653394,
    0.986634874753));
#9831 = CARTESIAN_POINT('',(-3.555999965983,-1.272612653394,
    0.986634874753));
#9832 = CARTESIAN_POINT('',(-3.565999965888,-1.258142689198,
    0.975370830767));
#9833 = CARTESIAN_POINT('',(-3.555999965983,-1.258142689198,
    0.975370830767));
#9834 = CARTESIAN_POINT('',(-3.565999965888,-1.238733874944,
    0.975370830767));
#9835 = CARTESIAN_POINT('',(-3.555999965983,-1.238733874944,
    0.975370830767));
#9836 = ADVANCED_FACE('',(#9837),#9856,.F.);
#9837 = FACE_BOUND('',#9838,.F.);
#9838 = EDGE_LOOP('',(#9839,#9840,#9849,#9855));
#9839 = ORIENTED_EDGE('',*,*,#9821,.F.);
#9840 = ORIENTED_EDGE('',*,*,#9841,.T.);
#9841 = EDGE_CURVE('',#9813,#9842,#9844,.T.);
#9842 = VERTEX_POINT('',#9843);
#9843 = CARTESIAN_POINT('',(-3.565999965888,-1.214646150114,
    0.980223034331));
#9844 = B_SPLINE_CURVE_WITH_KNOTS('',3,(#9845,#9846,#9847,#9848),
  .UNSPECIFIED.,.F.,.F.,(4,4),(4.,5.),.PIECEWISE_BEZIER_KNOTS.);
#9845 = CARTESIAN_POINT('',(-3.565999965888,-1.238733874944,
    0.975370830767));
#9846 = CARTESIAN_POINT('',(-3.565999965888,-1.230935690647,
    0.975370830767));
#9847 = CARTESIAN_POINT('',(-3.565999965888,-1.222964213365,
    0.976930467627));
#9848 = CARTESIAN_POINT('',(-3.565999965888,-1.214646150114,
    0.980223034331));
#9849 = ORIENTED_EDGE('',*,*,#9850,.T.);
#9850 = EDGE_CURVE('',#9842,#809,#9851,.T.);
#9851 = LINE('',#9852,#9853);
#9852 = CARTESIAN_POINT('',(-3.565999965888,-1.214646150114,
    0.980223034331));
#9853 = VECTOR('',#9854,1.);
#9854 = DIRECTION('',(1.,-1.224646799147E-16,-0.));
#9855 = ORIENTED_EDGE('',*,*,#816,.F.);
#9856 = B_SPLINE_SURFACE_WITH_KNOTS('',3,1,(
    (#9857,#9858)
    ,(#9859,#9860)
    ,(#9861,#9862)
    ,(#9863,#9864
    )),.UNSPECIFIED.,.F.,.F.,.F.,(4,4),(2,2),(4.,5.),(0.,1.),
  .PIECEWISE_BEZIER_KNOTS.);
#9857 = CARTESIAN_POINT('',(-3.565999965888,-1.238733874944,
    0.975370830767));
#9858 = CARTESIAN_POINT('',(-3.555999965983,-1.238733874944,
    0.975370830767));
#9859 = CARTESIAN_POINT('',(-3.565999965888,-1.230935690647,
    0.975370830767));
#9860 = CARTESIAN_POINT('',(-3.555999965983,-1.230935690647,
    0.975370830767));
#9861 = CARTESIAN_POINT('',(-3.565999965888,-1.222964213365,
    0.976930467627));
#9862 = CARTESIAN_POINT('',(-3.555999965983,-1.222964213365,
    0.976930467627));
#9863 = CARTESIAN_POINT('',(-3.565999965888,-1.214646150114,
    0.980223034331));
#9864 = CARTESIAN_POINT('',(-3.555999965983,-1.214646150114,
    0.980223034331));
#9865 = ADVANCED_FACE('',(#9866),#9884,.F.);
#9866 = FACE_BOUND('',#9867,.T.);
#9867 = EDGE_LOOP('',(#9868,#9869,#9877,#9883));
#9868 = ORIENTED_EDGE('',*,*,#808,.T.);
#9869 = ORIENTED_EDGE('',*,*,#9870,.F.);
#9870 = EDGE_CURVE('',#9871,#800,#9873,.T.);
#9871 = VERTEX_POINT('',#9872);
#9872 = CARTESIAN_POINT('',(-3.565999965888,-1.214646150114,
    0.942445163732));
#9873 = LINE('',#9874,#9875);
#9874 = CARTESIAN_POINT('',(-3.565999965888,-1.214646150114,
    0.942445163732));
#9875 = VECTOR('',#9876,1.);
#9876 = DIRECTION('',(1.,-1.224646799147E-16,-0.));
#9877 = ORIENTED_EDGE('',*,*,#9878,.F.);
#9878 = EDGE_CURVE('',#9842,#9871,#9879,.T.);
#9879 = LINE('',#9880,#9881);
#9880 = CARTESIAN_POINT('',(-3.565999965888,-1.214646150114,
    0.942445163732));
#9881 = VECTOR('',#9882,1.);
#9882 = DIRECTION('',(-1.405865059528E-30,-1.147975939272E-14,-1.));
#9883 = ORIENTED_EDGE('',*,*,#9850,.T.);
#9884 = PLANE('',#9885);
#9885 = AXIS2_PLACEMENT_3D('',#9886,#9887,#9888);
#9886 = CARTESIAN_POINT('',(-3.565999965888,-1.214646150114,
    0.942445163732));
#9887 = DIRECTION('',(-1.224646799147E-16,-1.,1.147975939272E-14));
#9888 = DIRECTION('',(1.405865059528E-30,1.147975939272E-14,1.));
#9889 = ADVANCED_FACE('',(#9890),#9909,.F.);
#9890 = FACE_BOUND('',#9891,.F.);
#9891 = EDGE_LOOP('',(#9892,#9893,#9902,#9908));
#9892 = ORIENTED_EDGE('',*,*,#9870,.F.);
#9893 = ORIENTED_EDGE('',*,*,#9894,.T.);
#9894 = EDGE_CURVE('',#9871,#9895,#9897,.T.);
#9895 = VERTEX_POINT('',#9896);
#9896 = CARTESIAN_POINT('',(-3.565999965888,-1.242026441649,
    0.938979304044));
#9897 = B_SPLINE_CURVE_WITH_KNOTS('',3,(#9898,#9899,#9900,#9901),
  .UNSPECIFIED.,.F.,.F.,(4,4),(2.,3.),.PIECEWISE_BEZIER_KNOTS.);
#9898 = CARTESIAN_POINT('',(-3.565999965888,-1.214646150114,
    0.942445163732));
#9899 = CARTESIAN_POINT('',(-3.565999965888,-1.222184394935,
    0.940192354935));
#9900 = CARTESIAN_POINT('',(-3.565999965888,-1.231368923108,
    0.938979304044));
#9901 = CARTESIAN_POINT('',(-3.565999965888,-1.242026441649,
    0.938979304044));
#9902 = ORIENTED_EDGE('',*,*,#9903,.T.);
#9903 = EDGE_CURVE('',#9895,#791,#9904,.T.);
#9904 = LINE('',#9905,#9906);
#9905 = CARTESIAN_POINT('',(-3.565999965888,-1.242026441649,
    0.938979304044));
#9906 = VECTOR('',#9907,1.);
#9907 = DIRECTION('',(1.,-1.224646799147E-16,-0.));
#9908 = ORIENTED_EDGE('',*,*,#799,.F.);
#9909 = B_SPLINE_SURFACE_WITH_KNOTS('',3,1,(
    (#9910,#9911)
    ,(#9912,#9913)
    ,(#9914,#9915)
    ,(#9916,#9917
    )),.UNSPECIFIED.,.F.,.F.,.F.,(4,4),(2,2),(2.,3.),(0.,1.),
  .PIECEWISE_BEZIER_KNOTS.);
#9910 = CARTESIAN_POINT('',(-3.565999965888,-1.214646150114,
    0.942445163732));
#9911 = CARTESIAN_POINT('',(-3.555999965983,-1.214646150114,
    0.942445163732));
#9912 = CARTESIAN_POINT('',(-3.565999965888,-1.222184394935,
    0.940192354935));
#9913 = CARTESIAN_POINT('',(-3.555999965983,-1.222184394935,
    0.940192354935));
#9914 = CARTESIAN_POINT('',(-3.565999965888,-1.231368923108,
    0.938979304044));
#9915 = CARTESIAN_POINT('',(-3.555999965983,-1.231368923108,
    0.938979304044));
#9916 = CARTESIAN_POINT('',(-3.565999965888,-1.242026441649,
    0.938979304044));
#9917 = CARTESIAN_POINT('',(-3.555999965983,-1.242026441649,
    0.938979304044));
#9918 = ADVANCED_FACE('',(#9919),#9938,.F.);
#9919 = FACE_BOUND('',#9920,.F.);
#9920 = EDGE_LOOP('',(#9921,#9922,#9931,#9937));
#9921 = ORIENTED_EDGE('',*,*,#9903,.F.);
#9922 = ORIENTED_EDGE('',*,*,#9923,.T.);
#9923 = EDGE_CURVE('',#9895,#9924,#9926,.T.);
#9924 = VERTEX_POINT('',#9925);
#9925 = CARTESIAN_POINT('',(-3.565999965888,-1.328412994369,
    1.01644126807));
#9926 = B_SPLINE_CURVE_WITH_KNOTS('',3,(#9927,#9928,#9929,#9930),
  .UNSPECIFIED.,.F.,.F.,(4,4),(1.,2.),.PIECEWISE_BEZIER_KNOTS.);
#9927 = CARTESIAN_POINT('',(-3.565999965888,-1.242026441649,
    0.938979304044));
#9928 = CARTESIAN_POINT('',(-3.565999965888,-1.279197786801,
    0.938979304044));
#9929 = CARTESIAN_POINT('',(-3.565999965888,-1.307964422211,
    0.964799958719));
#9930 = CARTESIAN_POINT('',(-3.565999965888,-1.328412994369,
    1.01644126807));
#9931 = ORIENTED_EDGE('',*,*,#9932,.T.);
#9932 = EDGE_CURVE('',#9924,#783,#9933,.T.);
#9933 = LINE('',#9934,#9935);
#9934 = CARTESIAN_POINT('',(-3.565999965888,-1.328412994369,
    1.01644126807));
#9935 = VECTOR('',#9936,1.);
#9936 = DIRECTION('',(1.,-1.224646799147E-16,-0.));
#9937 = ORIENTED_EDGE('',*,*,#790,.F.);
#9938 = B_SPLINE_SURFACE_WITH_KNOTS('',3,1,(
    (#9939,#9940)
    ,(#9941,#9942)
    ,(#9943,#9944)
    ,(#9945,#9946
    )),.UNSPECIFIED.,.F.,.F.,.F.,(4,4),(2,2),(1.,2.),(0.,1.),
  .PIECEWISE_BEZIER_KNOTS.);
#9939 = CARTESIAN_POINT('',(-3.565999965888,-1.242026441649,
    0.938979304044));
#9940 = CARTESIAN_POINT('',(-3.555999965983,-1.242026441649,
    0.938979304044));
#9941 = CARTESIAN_POINT('',(-3.565999965888,-1.279197786801,
    0.938979304044));
#9942 = CARTESIAN_POINT('',(-3.555999965983,-1.279197786801,
    0.938979304044));
#9943 = CARTESIAN_POINT('',(-3.565999965888,-1.307964422211,
    0.964799958719));
#9944 = CARTESIAN_POINT('',(-3.555999965983,-1.307964422211,
    0.964799958719));
#9945 = CARTESIAN_POINT('',(-3.565999965888,-1.328412994369,
    1.01644126807));
#9946 = CARTESIAN_POINT('',(-3.555999965983,-1.328412994369,
    1.01644126807));
#9947 = ADVANCED_FACE('',(#9948),#9959,.F.);
#9948 = FACE_BOUND('',#9949,.T.);
#9949 = EDGE_LOOP('',(#9950,#9951,#9952,#9958));
#9950 = ORIENTED_EDGE('',*,*,#782,.T.);
#9951 = ORIENTED_EDGE('',*,*,#9600,.F.);
#9952 = ORIENTED_EDGE('',*,*,#9953,.F.);
#9953 = EDGE_CURVE('',#9924,#9593,#9954,.T.);
#9954 = LINE('',#9955,#9956);
#9955 = CARTESIAN_POINT('',(-3.565999965888,-1.438280746475,
    1.295096386976));
#9956 = VECTOR('',#9957,1.);
#9957 = DIRECTION('',(-4.491976034619E-17,-0.366797678951,0.930300737781
    ));
#9958 = ORIENTED_EDGE('',*,*,#9932,.T.);
#9959 = PLANE('',#9960);
#9960 = AXIS2_PLACEMENT_3D('',#9961,#9962,#9963);
#9961 = CARTESIAN_POINT('',(-3.565999965888,-1.438280746475,
    1.295096386976));
#9962 = DIRECTION('',(1.139289820768E-16,0.930300737781,0.366797678951)
  );
#9963 = DIRECTION('',(4.491976034619E-17,0.366797678951,-0.930300737781)
  );
#9964 = ADVANCED_FACE('',(#9965),#9982,.T.);
#9965 = FACE_BOUND('',#9966,.T.);
#9966 = EDGE_LOOP('',(#9967,#9968,#9969,#9970,#9971,#9972,#9973,#9974,
    #9975,#9976,#9977,#9978,#9979,#9980,#9981));
#9967 = ORIENTED_EDGE('',*,*,#9592,.T.);
#9968 = ORIENTED_EDGE('',*,*,#9623,.T.);
#9969 = ORIENTED_EDGE('',*,*,#9639,.T.);
#9970 = ORIENTED_EDGE('',*,*,#9676,.T.);
#9971 = ORIENTED_EDGE('',*,*,#9700,.T.);
#9972 = ORIENTED_EDGE('',*,*,#9724,.T.);
#9973 = ORIENTED_EDGE('',*,*,#9748,.T.);
#9974 = ORIENTED_EDGE('',*,*,#9772,.T.);
#9975 = ORIENTED_EDGE('',*,*,#9796,.T.);
#9976 = ORIENTED_EDGE('',*,*,#9812,.T.);
#9977 = ORIENTED_EDGE('',*,*,#9841,.T.);
#9978 = ORIENTED_EDGE('',*,*,#9878,.T.);
#9979 = ORIENTED_EDGE('',*,*,#9894,.T.);
#9980 = ORIENTED_EDGE('',*,*,#9923,.T.);
#9981 = ORIENTED_EDGE('',*,*,#9953,.T.);
#9982 = PLANE('',#9983);
#9983 = AXIS2_PLACEMENT_3D('',#9984,#9985,#9986);
#9984 = CARTESIAN_POINT('',(-3.565999965888,-1.291490757882,
    0.95834479505));
#9985 = DIRECTION('',(-1.,1.224646799147E-16,0.));
#9986 = DIRECTION('',(-0.,0.,-1.));
#9987 = ADVANCED_FACE('',(#9988),#10013,.F.);
#9988 = FACE_BOUND('',#9989,.T.);
#9989 = EDGE_LOOP('',(#9990,#9991,#9999,#10007));
#9990 = ORIENTED_EDGE('',*,*,#676,.T.);
#9991 = ORIENTED_EDGE('',*,*,#9992,.F.);
#9992 = EDGE_CURVE('',#9993,#667,#9995,.T.);
#9993 = VERTEX_POINT('',#9994);
#9994 = CARTESIAN_POINT('',(-3.565999965888,-1.666334313941,
    1.091650423297));
#9995 = LINE('',#9996,#9997);
#9996 = CARTESIAN_POINT('',(-3.565999965888,-1.666334313941,
    1.091650423297));
#9997 = VECTOR('',#9998,1.);
#9998 = DIRECTION('',(1.,-1.224646799147E-16,-0.));
#9999 = ORIENTED_EDGE('',*,*,#10000,.F.);
#10000 = EDGE_CURVE('',#10001,#9993,#10003,.T.);
#10001 = VERTEX_POINT('',#10002);
#10002 = CARTESIAN_POINT('',(-3.565999965888,-1.666334313941,
    1.053006087777));
#10003 = LINE('',#10004,#10005);
#10004 = CARTESIAN_POINT('',(-3.565999965888,-1.666334313941,
    1.091650423297));
#10005 = VECTOR('',#10006,1.);
#10006 = DIRECTION('',(0.,0.,1.));
#10007 = ORIENTED_EDGE('',*,*,#10008,.T.);
#10008 = EDGE_CURVE('',#10001,#677,#10009,.T.);
#10009 = LINE('',#10010,#10011);
#10010 = CARTESIAN_POINT('',(-3.565999965888,-1.666334313941,
    1.053006087777));
#10011 = VECTOR('',#10012,1.);
#10012 = DIRECTION('',(1.,-1.224646799147E-16,-0.));
#10013 = PLANE('',#10014);
#10014 = AXIS2_PLACEMENT_3D('',#10015,#10016,#10017);
#10015 = CARTESIAN_POINT('',(-3.565999965888,-1.666334313941,
    1.091650423297));
#10016 = DIRECTION('',(1.224646799147E-16,1.,0.));
#10017 = DIRECTION('',(0.,0.,-1.));
#10018 = ADVANCED_FACE('',(#10019),#10037,.F.);
#10019 = FACE_BOUND('',#10020,.T.);
#10020 = EDGE_LOOP('',(#10021,#10022,#10030,#10036));
#10021 = ORIENTED_EDGE('',*,*,#666,.T.);
#10022 = ORIENTED_EDGE('',*,*,#10023,.F.);
#10023 = EDGE_CURVE('',#10024,#669,#10026,.T.);
#10024 = VERTEX_POINT('',#10025);
#10025 = CARTESIAN_POINT('',(-3.565999965888,-1.527786572917,
    1.091650423297));
#10026 = LINE('',#10027,#10028);
#10027 = CARTESIAN_POINT('',(-3.565999965888,-1.527786572917,
    1.091650423297));
#10028 = VECTOR('',#10029,1.);
#10029 = DIRECTION('',(1.,-1.224646799147E-16,-0.));
#10030 = ORIENTED_EDGE('',*,*,#10031,.F.);
#10031 = EDGE_CURVE('',#9993,#10024,#10032,.T.);
#10032 = LINE('',#10033,#10034);
#10033 = CARTESIAN_POINT('',(-3.565999965888,-1.527786572917,
    1.091650423297));
#10034 = VECTOR('',#10035,1.);
#10035 = DIRECTION('',(1.224646799147E-16,1.,-3.325827729097E-15));
#10036 = ORIENTED_EDGE('',*,*,#9992,.T.);
#10037 = PLANE('',#10038);
#10038 = AXIS2_PLACEMENT_3D('',#10039,#10040,#10041);
#10039 = CARTESIAN_POINT('',(-3.565999965888,-1.527786572917,
    1.091650423297));
#10040 = DIRECTION('',(-4.072964282954E-31,-3.325827729097E-15,-1.));
#10041 = DIRECTION('',(-1.224646799147E-16,-1.,3.325827729097E-15));
#10042 = ADVANCED_FACE('',(#10043),#10061,.F.);
#10043 = FACE_BOUND('',#10044,.T.);
#10044 = EDGE_LOOP('',(#10045,#10046,#10054,#10060));
#10045 = ORIENTED_EDGE('',*,*,#756,.T.);
#10046 = ORIENTED_EDGE('',*,*,#10047,.F.);
#10047 = EDGE_CURVE('',#10048,#749,#10050,.T.);
#10048 = VERTEX_POINT('',#10049);
#10049 = CARTESIAN_POINT('',(-3.565999965888,-1.527786572917,
    1.205677207029));
#10050 = LINE('',#10051,#10052);
#10051 = CARTESIAN_POINT('',(-3.565999965888,-1.527786572917,
    1.205677207029));
#10052 = VECTOR('',#10053,1.);
#10053 = DIRECTION('',(1.,-1.224646799147E-16,-0.));
#10054 = ORIENTED_EDGE('',*,*,#10055,.F.);
#10055 = EDGE_CURVE('',#10024,#10048,#10056,.T.);
#10056 = LINE('',#10057,#10058);
#10057 = CARTESIAN_POINT('',(-3.565999965888,-1.527786572917,
    1.205677207029));
#10058 = VECTOR('',#10059,1.);
#10059 = DIRECTION('',(0.,0.,1.));
#10060 = ORIENTED_EDGE('',*,*,#10023,.T.);
#10061 = PLANE('',#10062);
#10062 = AXIS2_PLACEMENT_3D('',#10063,#10064,#10065);
#10063 = CARTESIAN_POINT('',(-3.565999965888,-1.527786572917,
    1.205677207029));
#10064 = DIRECTION('',(1.224646799147E-16,1.,0.));
#10065 = DIRECTION('',(0.,0.,-1.));
#10066 = ADVANCED_FACE('',(#10067),#10085,.F.);
#10067 = FACE_BOUND('',#10068,.T.);
#10068 = EDGE_LOOP('',(#10069,#10070,#10078,#10084));
#10069 = ORIENTED_EDGE('',*,*,#748,.T.);
#10070 = ORIENTED_EDGE('',*,*,#10071,.F.);
#10071 = EDGE_CURVE('',#10072,#741,#10074,.T.);
#10072 = VERTEX_POINT('',#10073);
#10073 = CARTESIAN_POINT('',(-3.565999965888,-1.6490050155,
    1.205677207029));
#10074 = LINE('',#10075,#10076);
#10075 = CARTESIAN_POINT('',(-3.565999965888,-1.6490050155,
    1.205677207029));
#10076 = VECTOR('',#10077,1.);
#10077 = DIRECTION('',(1.,-1.224646799147E-16,-0.));
#10078 = ORIENTED_EDGE('',*,*,#10079,.F.);
#10079 = EDGE_CURVE('',#10048,#10072,#10080,.T.);
#10080 = LINE('',#10081,#10082);
#10081 = CARTESIAN_POINT('',(-3.565999965888,-1.6490050155,
    1.205677207029));
#10082 = VECTOR('',#10083,1.);
#10083 = DIRECTION('',(-1.224646799147E-16,-1.,3.577680554263E-15));
#10084 = ORIENTED_EDGE('',*,*,#10047,.T.);
#10085 = PLANE('',#10086);
#10086 = AXIS2_PLACEMENT_3D('',#10087,#10088,#10089);
#10087 = CARTESIAN_POINT('',(-3.565999965888,-1.6490050155,
    1.205677207029));
#10088 = DIRECTION('',(4.38139503915E-31,3.577680554263E-15,1.));
#10089 = DIRECTION('',(1.224646799147E-16,1.,-3.577680554263E-15));
#10090 = ADVANCED_FACE('',(#10091),#10109,.F.);
#10091 = FACE_BOUND('',#10092,.T.);
#10092 = EDGE_LOOP('',(#10093,#10094,#10102,#10108));
#10093 = ORIENTED_EDGE('',*,*,#740,.T.);
#10094 = ORIENTED_EDGE('',*,*,#10095,.F.);
#10095 = EDGE_CURVE('',#10096,#733,#10098,.T.);
#10096 = VERTEX_POINT('',#10097);
#10097 = CARTESIAN_POINT('',(-3.565999965888,-1.6490050155,
    1.244494835533));
#10098 = LINE('',#10099,#10100);
#10099 = CARTESIAN_POINT('',(-3.565999965888,-1.6490050155,
    1.244494835533));
#10100 = VECTOR('',#10101,1.);
#10101 = DIRECTION('',(1.,-1.224646799147E-16,-0.));
#10102 = ORIENTED_EDGE('',*,*,#10103,.F.);
#10103 = EDGE_CURVE('',#10072,#10096,#10104,.T.);
#10104 = LINE('',#10105,#10106);
#10105 = CARTESIAN_POINT('',(-3.565999965888,-1.6490050155,
    1.244494835533));
#10106 = VECTOR('',#10107,1.);
#10107 = DIRECTION('',(0.,0.,1.));
#10108 = ORIENTED_EDGE('',*,*,#10071,.T.);
#10109 = PLANE('',#10110);
#10110 = AXIS2_PLACEMENT_3D('',#10111,#10112,#10113);
#10111 = CARTESIAN_POINT('',(-3.565999965888,-1.6490050155,
    1.244494835533));
#10112 = DIRECTION('',(1.224646799147E-16,1.,0.));
#10113 = DIRECTION('',(0.,0.,-1.));
#10114 = ADVANCED_FACE('',(#10115),#10133,.F.);
#10115 = FACE_BOUND('',#10116,.T.);
#10116 = EDGE_LOOP('',(#10117,#10118,#10126,#10132));
#10117 = ORIENTED_EDGE('',*,*,#732,.T.);
#10118 = ORIENTED_EDGE('',*,*,#10119,.F.);
#10119 = EDGE_CURVE('',#10120,#725,#10122,.T.);
#10120 = VERTEX_POINT('',#10121);
#10121 = CARTESIAN_POINT('',(-3.565999965888,-1.527786572917,
    1.244494835533));
#10122 = LINE('',#10123,#10124);
#10123 = CARTESIAN_POINT('',(-3.565999965888,-1.527786572917,
    1.244494835533));
#10124 = VECTOR('',#10125,1.);
#10125 = DIRECTION('',(1.,-1.224646799147E-16,-0.));
#10126 = ORIENTED_EDGE('',*,*,#10127,.F.);
#10127 = EDGE_CURVE('',#10096,#10120,#10128,.T.);
#10128 = LINE('',#10129,#10130);
#10129 = CARTESIAN_POINT('',(-3.565999965888,-1.527786572917,
    1.244494835533));
#10130 = VECTOR('',#10131,1.);
#10131 = DIRECTION('',(1.224646799147E-16,1.,-3.577680554263E-15));
#10132 = ORIENTED_EDGE('',*,*,#10095,.T.);
#10133 = PLANE('',#10134);
#10134 = AXIS2_PLACEMENT_3D('',#10135,#10136,#10137);
#10135 = CARTESIAN_POINT('',(-3.565999965888,-1.527786572917,
    1.244494835533));
#10136 = DIRECTION('',(-4.38139503915E-31,-3.577680554263E-15,-1.));
#10137 = DIRECTION('',(-1.224646799147E-16,-1.,3.577680554263E-15));
#10138 = ADVANCED_FACE('',(#10139),#10157,.F.);
#10139 = FACE_BOUND('',#10140,.T.);
#10140 = EDGE_LOOP('',(#10141,#10142,#10150,#10156));
#10141 = ORIENTED_EDGE('',*,*,#724,.T.);
#10142 = ORIENTED_EDGE('',*,*,#10143,.F.);
#10143 = EDGE_CURVE('',#10144,#717,#10146,.T.);
#10144 = VERTEX_POINT('',#10145);
#10145 = CARTESIAN_POINT('',(-3.565999965888,-1.527786572917,
    1.352976243765));
#10146 = LINE('',#10147,#10148);
#10147 = CARTESIAN_POINT('',(-3.565999965888,-1.527786572917,
    1.352976243765));
#10148 = VECTOR('',#10149,1.);
#10149 = DIRECTION('',(1.,-1.224646799147E-16,-0.));
#10150 = ORIENTED_EDGE('',*,*,#10151,.F.);
#10151 = EDGE_CURVE('',#10120,#10144,#10152,.T.);
#10152 = LINE('',#10153,#10154);
#10153 = CARTESIAN_POINT('',(-3.565999965888,-1.527786572917,
    1.352976243765));
#10154 = VECTOR('',#10155,1.);
#10155 = DIRECTION('',(4.895824009276E-31,3.99774368633E-15,1.));
#10156 = ORIENTED_EDGE('',*,*,#10119,.T.);
#10157 = PLANE('',#10158);
#10158 = AXIS2_PLACEMENT_3D('',#10159,#10160,#10161);
#10159 = CARTESIAN_POINT('',(-3.565999965888,-1.527786572917,
    1.352976243765));
#10160 = DIRECTION('',(1.224646799147E-16,1.,-3.99774368633E-15));
#10161 = DIRECTION('',(-4.895824009276E-31,-3.99774368633E-15,-1.));
#10162 = ADVANCED_FACE('',(#10163),#10181,.F.);
#10163 = FACE_BOUND('',#10164,.T.);
#10164 = EDGE_LOOP('',(#10165,#10166,#10174,#10180));
#10165 = ORIENTED_EDGE('',*,*,#716,.T.);
#10166 = ORIENTED_EDGE('',*,*,#10167,.F.);
#10167 = EDGE_CURVE('',#10168,#709,#10170,.T.);
#10168 = VERTEX_POINT('',#10169);
#10169 = CARTESIAN_POINT('',(-3.565999965888,-1.658622776135,
    1.352976243765));
#10170 = LINE('',#10171,#10172);
#10171 = CARTESIAN_POINT('',(-3.565999965888,-1.658622776135,
    1.352976243765));
#10172 = VECTOR('',#10173,1.);
#10173 = DIRECTION('',(1.,-1.224646799147E-16,-0.));
#10174 = ORIENTED_EDGE('',*,*,#10175,.F.);
#10175 = EDGE_CURVE('',#10144,#10168,#10176,.T.);
#10176 = LINE('',#10177,#10178);
#10177 = CARTESIAN_POINT('',(-3.565999965888,-1.658622776135,
    1.352976243765));
#10178 = VECTOR('',#10179,1.);
#10179 = DIRECTION('',(-1.224646799147E-16,-1.,3.314685493633E-15));
#10180 = ORIENTED_EDGE('',*,*,#10143,.T.);
#10181 = PLANE('',#10182);
#10182 = AXIS2_PLACEMENT_3D('',#10183,#10184,#10185);
#10183 = CARTESIAN_POINT('',(-3.565999965888,-1.658622776135,
    1.352976243765));
#10184 = DIRECTION('',(4.059318979958E-31,3.314685493633E-15,1.));
#10185 = DIRECTION('',(1.224646799147E-16,1.,-3.314685493633E-15));
#10186 = ADVANCED_FACE('',(#10187),#10205,.F.);
#10187 = FACE_BOUND('',#10188,.T.);
#10188 = EDGE_LOOP('',(#10189,#10190,#10198,#10204));
#10189 = ORIENTED_EDGE('',*,*,#708,.T.);
#10190 = ORIENTED_EDGE('',*,*,#10191,.F.);
#10191 = EDGE_CURVE('',#10192,#701,#10194,.T.);
#10192 = VERTEX_POINT('',#10193);
#10193 = CARTESIAN_POINT('',(-3.565999965888,-1.658622776135,
    1.391967165254));
#10194 = LINE('',#10195,#10196);
#10195 = CARTESIAN_POINT('',(-3.565999965888,-1.658622776135,
    1.391967165254));
#10196 = VECTOR('',#10197,1.);
#10197 = DIRECTION('',(1.,-1.224646799147E-16,-0.));
#10198 = ORIENTED_EDGE('',*,*,#10199,.F.);
#10199 = EDGE_CURVE('',#10168,#10192,#10200,.T.);
#10200 = LINE('',#10201,#10202);
#10201 = CARTESIAN_POINT('',(-3.565999965888,-1.658622776135,
    1.391967165254));
#10202 = VECTOR('',#10203,1.);
#10203 = DIRECTION('',(0.,0.,1.));
#10204 = ORIENTED_EDGE('',*,*,#10167,.T.);
#10205 = PLANE('',#10206);
#10206 = AXIS2_PLACEMENT_3D('',#10207,#10208,#10209);
#10207 = CARTESIAN_POINT('',(-3.565999965888,-1.658622776135,
    1.391967165254));
#10208 = DIRECTION('',(1.224646799147E-16,1.,0.));
#10209 = DIRECTION('',(0.,0.,-1.));
#10210 = ADVANCED_FACE('',(#10211),#10229,.F.);
#10211 = FACE_BOUND('',#10212,.T.);
#10212 = EDGE_LOOP('',(#10213,#10214,#10222,#10228));
#10213 = ORIENTED_EDGE('',*,*,#700,.T.);
#10214 = ORIENTED_EDGE('',*,*,#10215,.F.);
#10215 = EDGE_CURVE('',#10216,#693,#10218,.T.);
#10216 = VERTEX_POINT('',#10217);
#10217 = CARTESIAN_POINT('',(-3.565999965888,-1.484030094357,
    1.391967165254));
#10218 = LINE('',#10219,#10220);
#10219 = CARTESIAN_POINT('',(-3.565999965888,-1.484030094357,
    1.391967165254));
#10220 = VECTOR('',#10221,1.);
#10221 = DIRECTION('',(1.,-1.224646799147E-16,-0.));
#10222 = ORIENTED_EDGE('',*,*,#10223,.F.);
#10223 = EDGE_CURVE('',#10192,#10216,#10224,.T.);
#10224 = LINE('',#10225,#10226);
#10225 = CARTESIAN_POINT('',(-3.565999965888,-1.484030094357,
    1.391967165254));
#10226 = VECTOR('',#10227,1.);
#10227 = DIRECTION('',(1.224646799147E-16,1.,-3.725936795543E-15));
#10228 = ORIENTED_EDGE('',*,*,#10191,.T.);
#10229 = PLANE('',#10230);
#10230 = AXIS2_PLACEMENT_3D('',#10231,#10232,#10233);
#10231 = CARTESIAN_POINT('',(-3.565999965888,-1.484030094357,
    1.391967165254));
#10232 = DIRECTION('',(-4.562956570487E-31,-3.725936795543E-15,-1.));
#10233 = DIRECTION('',(-1.224646799147E-16,-1.,3.725936795543E-15));
#10234 = ADVANCED_FACE('',(#10235),#10253,.F.);
#10235 = FACE_BOUND('',#10236,.T.);
#10236 = EDGE_LOOP('',(#10237,#10238,#10246,#10252));
#10237 = ORIENTED_EDGE('',*,*,#692,.T.);
#10238 = ORIENTED_EDGE('',*,*,#10239,.F.);
#10239 = EDGE_CURVE('',#10240,#685,#10242,.T.);
#10240 = VERTEX_POINT('',#10241);
#10241 = CARTESIAN_POINT('',(-3.565999965888,-1.484030094357,
    1.053006087777));
#10242 = LINE('',#10243,#10244);
#10243 = CARTESIAN_POINT('',(-3.565999965888,-1.484030094357,
    1.053006087777));
#10244 = VECTOR('',#10245,1.);
#10245 = DIRECTION('',(1.,-1.224646799147E-16,-0.));
#10246 = ORIENTED_EDGE('',*,*,#10247,.F.);
#10247 = EDGE_CURVE('',#10216,#10240,#10248,.T.);
#10248 = LINE('',#10249,#10250);
#10249 = CARTESIAN_POINT('',(-3.565999965888,-1.484030094357,
    1.053006087777));
#10250 = VECTOR('',#10251,1.);
#10251 = DIRECTION('',(-4.700591763563E-31,-3.83832445962E-15,-1.));
#10252 = ORIENTED_EDGE('',*,*,#10215,.T.);
#10253 = PLANE('',#10254);
#10254 = AXIS2_PLACEMENT_3D('',#10255,#10256,#10257);
#10255 = CARTESIAN_POINT('',(-3.565999965888,-1.484030094357,
    1.053006087777));
#10256 = DIRECTION('',(-1.224646799147E-16,-1.,3.83832445962E-15));
#10257 = DIRECTION('',(4.700591763563E-31,3.83832445962E-15,1.));
#10258 = ADVANCED_FACE('',(#10259),#10270,.F.);
#10259 = FACE_BOUND('',#10260,.T.);
#10260 = EDGE_LOOP('',(#10261,#10262,#10263,#10269));
#10261 = ORIENTED_EDGE('',*,*,#684,.T.);
#10262 = ORIENTED_EDGE('',*,*,#10008,.F.);
#10263 = ORIENTED_EDGE('',*,*,#10264,.F.);
#10264 = EDGE_CURVE('',#10240,#10001,#10265,.T.);
#10265 = LINE('',#10266,#10267);
#10266 = CARTESIAN_POINT('',(-3.565999965888,-1.666334313941,
    1.053006087777));
#10267 = VECTOR('',#10268,1.);
#10268 = DIRECTION('',(-1.224646799147E-16,-1.,3.568328252376E-15));
#10269 = ORIENTED_EDGE('',*,*,#10239,.T.);
#10270 = PLANE('',#10271);
#10271 = AXIS2_PLACEMENT_3D('',#10272,#10273,#10274);
#10272 = CARTESIAN_POINT('',(-3.565999965888,-1.666334313941,
    1.053006087777));
#10273 = DIRECTION('',(4.36994177258E-31,3.568328252376E-15,1.));
#10274 = DIRECTION('',(1.224646799147E-16,1.,-3.568328252376E-15));
#10275 = ADVANCED_FACE('',(#10276),#10290,.F.);
#10276 = FACE_BOUND('',#10277,.T.);
#10277 = EDGE_LOOP('',(#10278,#10279,#10280,#10281,#10282,#10283,#10284,
    #10285,#10286,#10287,#10288,#10289));
#10278 = ORIENTED_EDGE('',*,*,#10000,.T.);
#10279 = ORIENTED_EDGE('',*,*,#10031,.T.);
#10280 = ORIENTED_EDGE('',*,*,#10055,.T.);
#10281 = ORIENTED_EDGE('',*,*,#10079,.T.);
#10282 = ORIENTED_EDGE('',*,*,#10103,.T.);
#10283 = ORIENTED_EDGE('',*,*,#10127,.T.);
#10284 = ORIENTED_EDGE('',*,*,#10151,.T.);
#10285 = ORIENTED_EDGE('',*,*,#10175,.T.);
#10286 = ORIENTED_EDGE('',*,*,#10199,.T.);
#10287 = ORIENTED_EDGE('',*,*,#10223,.T.);
#10288 = ORIENTED_EDGE('',*,*,#10247,.T.);
#10289 = ORIENTED_EDGE('',*,*,#10264,.T.);
#10290 = PLANE('',#10291);
#10291 = AXIS2_PLACEMENT_3D('',#10292,#10293,#10294);
#10292 = CARTESIAN_POINT('',(-3.565999965888,2.335001270003,
    1.021200136804));
#10293 = DIRECTION('',(1.,-1.224646799147E-16,0.));
#10294 = DIRECTION('',(0.,0.,1.));
#10295 = ADVANCED_FACE('',(#10296,#10358),#10420,.T.);
#10296 = FACE_BOUND('',#10297,.T.);
#10297 = EDGE_LOOP('',(#10298,#10308,#10317,#10326,#10335,#10344,#10352)
  );
#10298 = ORIENTED_EDGE('',*,*,#10299,.T.);
#10299 = EDGE_CURVE('',#10300,#10302,#10304,.T.);
#10300 = VERTEX_POINT('',#10301);
#10301 = CARTESIAN_POINT('',(-3.565999965888,-1.730366071676,
    1.053006087777));
#10302 = VERTEX_POINT('',#10303);
#10303 = CARTESIAN_POINT('',(-3.565999965888,-1.82359769728,
    1.053006087777));
#10304 = LINE('',#10305,#10306);
#10305 = CARTESIAN_POINT('',(-3.565999965888,-1.82359769728,
    1.053006087777));
#10306 = VECTOR('',#10307,1.);
#10307 = DIRECTION('',(-1.224646799147E-16,-1.,3.488737287641E-15));
#10308 = ORIENTED_EDGE('',*,*,#10309,.T.);
#10309 = EDGE_CURVE('',#10302,#10310,#10312,.T.);
#10310 = VERTEX_POINT('',#10311);
#10311 = CARTESIAN_POINT('',(-3.565999965888,-1.955213718926,
    1.100488365501));
#10312 = B_SPLINE_CURVE_WITH_KNOTS('',3,(#10313,#10314,#10315,#10316),
  .UNSPECIFIED.,.F.,.F.,(4,4),(5.,6.),.PIECEWISE_BEZIER_KNOTS.);
#10313 = CARTESIAN_POINT('',(-3.565999965888,-1.82359769728,
    1.053006087777));
#10314 = CARTESIAN_POINT('',(-3.565999965888,-1.877231875949,
    1.053006087777));
#10315 = CARTESIAN_POINT('',(-3.565999965888,-1.921161647494,
    1.068775749356));
#10316 = CARTESIAN_POINT('',(-3.565999965888,-1.955213718926,
    1.100488365501));
#10317 = ORIENTED_EDGE('',*,*,#10318,.T.);
#10318 = EDGE_CURVE('',#10310,#10319,#10321,.T.);
#10319 = VERTEX_POINT('',#10320);
#10320 = CARTESIAN_POINT('',(-3.565999965888,-2.006335149324,
    1.226818951124));
#10321 = B_SPLINE_CURVE_WITH_KNOTS('',3,(#10322,#10323,#10324,#10325),
  .UNSPECIFIED.,.F.,.F.,(4,4),(4.,5.),.PIECEWISE_BEZIER_KNOTS.);
#10322 = CARTESIAN_POINT('',(-3.565999965888,-1.955213718926,
    1.100488365501));
#10323 = CARTESIAN_POINT('',(-3.565999965888,-1.98926579036,
    1.132200981646));
#10324 = CARTESIAN_POINT('',(-3.565999965888,-2.006335149324,
    1.174311176852));
#10325 = CARTESIAN_POINT('',(-3.565999965888,-2.006335149324,
    1.226818951124));
#10326 = ORIENTED_EDGE('',*,*,#10327,.T.);
#10327 = EDGE_CURVE('',#10319,#10328,#10330,.T.);
#10328 = VERTEX_POINT('',#10329);
#10329 = CARTESIAN_POINT('',(-3.565999965888,-1.955213718926,
    1.347084282296));
#10330 = B_SPLINE_CURVE_WITH_KNOTS('',3,(#10331,#10332,#10333,#10334),
  .UNSPECIFIED.,.F.,.F.,(4,4),(3.,4.),.PIECEWISE_BEZIER_KNOTS.);
#10331 = CARTESIAN_POINT('',(-3.565999965888,-2.006335149324,
    1.226818951124));
#10332 = CARTESIAN_POINT('',(-3.565999965888,-2.006335149324,
    1.277073916599));
#10333 = CARTESIAN_POINT('',(-3.565999965888,-1.98926579036,
    1.317104595995));
#10334 = CARTESIAN_POINT('',(-3.565999965888,-1.955213718926,
    1.347084282296));
#10335 = ORIENTED_EDGE('',*,*,#10336,.T.);
#10336 = EDGE_CURVE('',#10328,#10337,#10339,.T.);
#10337 = VERTEX_POINT('',#10338);
#10338 = CARTESIAN_POINT('',(-3.565999965888,-1.827063556966,
    1.391967165254));
#10339 = B_SPLINE_CURVE_WITH_KNOTS('',3,(#10340,#10341,#10342,#10343),
  .UNSPECIFIED.,.F.,.F.,(4,4),(2.,3.),.PIECEWISE_BEZIER_KNOTS.);
#10340 = CARTESIAN_POINT('',(-3.565999965888,-1.955213718926,
    1.347084282296));
#10341 = CARTESIAN_POINT('',(-3.565999965888,-1.921161647494,
    1.377063968594));
#10342 = CARTESIAN_POINT('',(-3.565999965888,-1.878444926839,
    1.391967165254));
#10343 = CARTESIAN_POINT('',(-3.565999965888,-1.827063556966,
    1.391967165254));
#10344 = ORIENTED_EDGE('',*,*,#10345,.T.);
#10345 = EDGE_CURVE('',#10337,#10346,#10348,.T.);
#10346 = VERTEX_POINT('',#10347);
#10347 = CARTESIAN_POINT('',(-3.565999965888,-1.730366071676,
    1.391967165254));
#10348 = LINE('',#10349,#10350);
#10349 = CARTESIAN_POINT('',(-3.565999965888,-1.730366071676,
    1.391967165254));
#10350 = VECTOR('',#10351,1.);
#10351 = DIRECTION('',(1.224646799147E-16,1.,-3.363692940471E-15));
#10352 = ORIENTED_EDGE('',*,*,#10353,.T.);
#10353 = EDGE_CURVE('',#10346,#10300,#10354,.T.);
#10354 = LINE('',#10355,#10356);
#10355 = CARTESIAN_POINT('',(-3.565999965888,-1.730366071676,
    1.053006087777));
#10356 = VECTOR('',#10357,1.);
#10357 = DIRECTION('',(-6.26745568475E-31,-5.11776594616E-15,-1.));
#10358 = FACE_BOUND('',#10359,.T.);
#10359 = EDGE_LOOP('',(#10360,#10370,#10378,#10387,#10396,#10405,#10414)
  );
#10360 = ORIENTED_EDGE('',*,*,#10361,.F.);
#10361 = EDGE_CURVE('',#10362,#10364,#10366,.T.);
#10362 = VERTEX_POINT('',#10363);
#10363 = CARTESIAN_POINT('',(-3.565999965888,-1.774122550234,
    1.352976243765));
#10364 = VERTEX_POINT('',#10365);
#10365 = CARTESIAN_POINT('',(-3.565999965888,-1.774122550234,
    1.091650423297));
#10366 = LINE('',#10367,#10368);
#10367 = CARTESIAN_POINT('',(-3.565999965888,-1.774122550234,
    1.352976243765));
#10368 = VECTOR('',#10369,1.);
#10369 = DIRECTION('',(-0.,0.,-1.));
#10370 = ORIENTED_EDGE('',*,*,#10371,.F.);
#10371 = EDGE_CURVE('',#10372,#10362,#10374,.T.);
#10372 = VERTEX_POINT('',#10373);
#10373 = CARTESIAN_POINT('',(-3.565999965888,-1.825330627122,
    1.352976243765));
#10374 = LINE('',#10375,#10376);
#10375 = CARTESIAN_POINT('',(-3.565999965888,-1.825330627122,
    1.352976243765));
#10376 = VECTOR('',#10377,1.);
#10377 = DIRECTION('',(1.224646799147E-16,1.,-3.17587252246E-15));
#10378 = ORIENTED_EDGE('',*,*,#10379,.F.);
#10379 = EDGE_CURVE('',#10380,#10372,#10382,.T.);
#10380 = VERTEX_POINT('',#10381);
#10381 = CARTESIAN_POINT('',(-3.565999965888,-1.923154516813,
    1.321090334636));
#10382 = B_SPLINE_CURVE_WITH_KNOTS('',3,(#10383,#10384,#10385,#10386),
  .UNSPECIFIED.,.F.,.F.,(4,4),(5.,6.),.PIECEWISE_BEZIER_KNOTS.);
#10383 = CARTESIAN_POINT('',(-3.565999965888,-1.923154516813,
    1.321090334636));
#10384 = CARTESIAN_POINT('',(-3.565999965888,-1.898373620045,
    1.342405371715));
#10385 = CARTESIAN_POINT('',(-3.565999965888,-1.865707892486,
    1.352976243765));
#10386 = CARTESIAN_POINT('',(-3.565999965888,-1.825330627122,
    1.352976243765));
#10387 = ORIENTED_EDGE('',*,*,#10388,.F.);
#10388 = EDGE_CURVE('',#10389,#10380,#10391,.T.);
#10389 = VERTEX_POINT('',#10390);
#10390 = CARTESIAN_POINT('',(-3.565999965888,-1.960325861965,
    1.225605900235));
#10391 = B_SPLINE_CURVE_WITH_KNOTS('',3,(#10392,#10393,#10394,#10395),
  .UNSPECIFIED.,.F.,.F.,(4,4),(4.,5.),.PIECEWISE_BEZIER_KNOTS.);
#10392 = CARTESIAN_POINT('',(-3.565999965888,-1.960325861965,
    1.225605900235));
#10393 = CARTESIAN_POINT('',(-3.565999965888,-1.960325861965,
    1.267889388427));
#10394 = CARTESIAN_POINT('',(-3.565999965888,-1.947935413581,
    1.299775297554));
#10395 = CARTESIAN_POINT('',(-3.565999965888,-1.923154516813,
    1.321090334636));
#10396 = ORIENTED_EDGE('',*,*,#10397,.F.);
#10397 = EDGE_CURVE('',#10398,#10389,#10400,.T.);
#10398 = VERTEX_POINT('',#10399);
#10399 = CARTESIAN_POINT('',(-3.565999965888,-1.924107628228,
    1.127002192113));
#10400 = B_SPLINE_CURVE_WITH_KNOTS('',3,(#10401,#10402,#10403,#10404),
  .UNSPECIFIED.,.F.,.F.,(4,4),(3.,4.),.PIECEWISE_BEZIER_KNOTS.);
#10401 = CARTESIAN_POINT('',(-3.565999965888,-1.924107628228,
    1.127002192113));
#10402 = CARTESIAN_POINT('',(-3.565999965888,-1.948281999551,
    1.150396745007));
#10403 = CARTESIAN_POINT('',(-3.565999965888,-1.960325861965,
    1.183322412042));
#10404 = CARTESIAN_POINT('',(-3.565999965888,-1.960325861965,
    1.225605900235));
#10405 = ORIENTED_EDGE('',*,*,#10406,.F.);
#10406 = EDGE_CURVE('',#10407,#10398,#10409,.T.);
#10407 = VERTEX_POINT('',#10408);
#10408 = CARTESIAN_POINT('',(-3.565999965888,-1.823337757802,
    1.091650423297));
#10409 = B_SPLINE_CURVE_WITH_KNOTS('',3,(#10410,#10411,#10412,#10413),
  .UNSPECIFIED.,.F.,.F.,(4,4),(2.,3.),.PIECEWISE_BEZIER_KNOTS.);
#10410 = CARTESIAN_POINT('',(-3.565999965888,-1.823337757802,
    1.091650423297));
#10411 = CARTESIAN_POINT('',(-3.565999965888,-1.866401064423,
    1.091650423297));
#10412 = CARTESIAN_POINT('',(-3.565999965888,-1.900019903397,
    1.103434346234));
#10413 = CARTESIAN_POINT('',(-3.565999965888,-1.924107628228,
    1.127002192113));
#10414 = ORIENTED_EDGE('',*,*,#10415,.F.);
#10415 = EDGE_CURVE('',#10364,#10407,#10416,.T.);
#10416 = LINE('',#10417,#10418);
#10417 = CARTESIAN_POINT('',(-3.565999965888,-1.774122550234,
    1.091650423297));
#10418 = VECTOR('',#10419,1.);
#10419 = DIRECTION('',(-1.224646799147E-16,-1.,3.304472994324E-15));
#10420 = PLANE('',#10421);
#10421 = AXIS2_PLACEMENT_3D('',#10422,#10423,#10424);
#10422 = CARTESIAN_POINT('',(-3.565999965888,-1.897637124861,
    1.380768106137));
#10423 = DIRECTION('',(-1.,1.224646799147E-16,0.));
#10424 = DIRECTION('',(-0.,0.,-1.));
#10425 = ADVANCED_FACE('',(#10426),#10442,.F.);
#10426 = FACE_BOUND('',#10427,.T.);
#10427 = EDGE_LOOP('',(#10428,#10429,#10435,#10436));
#10428 = ORIENTED_EDGE('',*,*,#1886,.T.);
#10429 = ORIENTED_EDGE('',*,*,#10430,.F.);
#10430 = EDGE_CURVE('',#10302,#1876,#10431,.T.);
#10431 = LINE('',#10432,#10433);
#10432 = CARTESIAN_POINT('',(-3.565999965888,-1.82359769728,
    1.053006087777));
#10433 = VECTOR('',#10434,1.);
#10434 = DIRECTION('',(1.,-1.224646799147E-16,-0.));
#10435 = ORIENTED_EDGE('',*,*,#10299,.F.);
#10436 = ORIENTED_EDGE('',*,*,#10437,.T.);
#10437 = EDGE_CURVE('',#10300,#1887,#10438,.T.);
#10438 = LINE('',#10439,#10440);
#10439 = CARTESIAN_POINT('',(-3.565999965888,-1.730366071676,
    1.053006087777));
#10440 = VECTOR('',#10441,1.);
#10441 = DIRECTION('',(1.,-1.224646799147E-16,-0.));
#10442 = PLANE('',#10443);
#10443 = AXIS2_PLACEMENT_3D('',#10444,#10445,#10446);
#10444 = CARTESIAN_POINT('',(-3.565999965888,-1.82359769728,
    1.053006087777));
#10445 = DIRECTION('',(4.272470952376E-31,3.488737287641E-15,1.));
#10446 = DIRECTION('',(1.224646799147E-16,1.,-3.488737287641E-15));
#10447 = ADVANCED_FACE('',(#10448),#10459,.F.);
#10448 = FACE_BOUND('',#10449,.F.);
#10449 = EDGE_LOOP('',(#10450,#10451,#10452,#10458));
#10450 = ORIENTED_EDGE('',*,*,#10430,.F.);
#10451 = ORIENTED_EDGE('',*,*,#10309,.T.);
#10452 = ORIENTED_EDGE('',*,*,#10453,.T.);
#10453 = EDGE_CURVE('',#10310,#1878,#10454,.T.);
#10454 = LINE('',#10455,#10456);
#10455 = CARTESIAN_POINT('',(-3.565999965888,-1.955213718926,
    1.100488365501));
#10456 = VECTOR('',#10457,1.);
#10457 = DIRECTION('',(1.,-1.224646799147E-16,-0.));
#10458 = ORIENTED_EDGE('',*,*,#1875,.F.);
#10459 = B_SPLINE_SURFACE_WITH_KNOTS('',3,1,(
    (#10460,#10461)
    ,(#10462,#10463)
    ,(#10464,#10465)
    ,(#10466,#10467
    )),.UNSPECIFIED.,.F.,.F.,.F.,(4,4),(2,2),(5.,6.),(0.,1.),
  .PIECEWISE_BEZIER_KNOTS.);
#10460 = CARTESIAN_POINT('',(-3.565999965888,-1.82359769728,
    1.053006087777));
#10461 = CARTESIAN_POINT('',(-3.555999965983,-1.82359769728,
    1.053006087777));
#10462 = CARTESIAN_POINT('',(-3.565999965888,-1.877231875949,
    1.053006087777));
#10463 = CARTESIAN_POINT('',(-3.555999965983,-1.877231875949,
    1.053006087777));
#10464 = CARTESIAN_POINT('',(-3.565999965888,-1.921161647494,
    1.068775749356));
#10465 = CARTESIAN_POINT('',(-3.555999965983,-1.921161647494,
    1.068775749356));
#10466 = CARTESIAN_POINT('',(-3.565999965888,-1.955213718926,
    1.100488365501));
#10467 = CARTESIAN_POINT('',(-3.555999965983,-1.955213718926,
    1.100488365501));
#10468 = ADVANCED_FACE('',(#10469),#10480,.F.);
#10469 = FACE_BOUND('',#10470,.F.);
#10470 = EDGE_LOOP('',(#10471,#10472,#10473,#10479));
#10471 = ORIENTED_EDGE('',*,*,#10453,.F.);
#10472 = ORIENTED_EDGE('',*,*,#10318,.T.);
#10473 = ORIENTED_EDGE('',*,*,#10474,.T.);
#10474 = EDGE_CURVE('',#10319,#1920,#10475,.T.);
#10475 = LINE('',#10476,#10477);
#10476 = CARTESIAN_POINT('',(-3.565999965888,-2.006335149324,
    1.226818951124));
#10477 = VECTOR('',#10478,1.);
#10478 = DIRECTION('',(1.,-1.224646799147E-16,-0.));
#10479 = ORIENTED_EDGE('',*,*,#1928,.F.);
#10480 = B_SPLINE_SURFACE_WITH_KNOTS('',3,1,(
    (#10481,#10482)
    ,(#10483,#10484)
    ,(#10485,#10486)
    ,(#10487,#10488
    )),.UNSPECIFIED.,.F.,.F.,.F.,(4,4),(2,2),(4.,5.),(0.,1.),
  .PIECEWISE_BEZIER_KNOTS.);
#10481 = CARTESIAN_POINT('',(-3.565999965888,-1.955213718926,
    1.100488365501));
#10482 = CARTESIAN_POINT('',(-3.555999965983,-1.955213718926,
    1.100488365501));
#10483 = CARTESIAN_POINT('',(-3.565999965888,-1.98926579036,
    1.132200981646));
#10484 = CARTESIAN_POINT('',(-3.555999965983,-1.98926579036,
    1.132200981646));
#10485 = CARTESIAN_POINT('',(-3.565999965888,-2.006335149324,
    1.174311176852));
#10486 = CARTESIAN_POINT('',(-3.555999965983,-2.006335149324,
    1.174311176852));
#10487 = CARTESIAN_POINT('',(-3.565999965888,-2.006335149324,
    1.226818951124));
#10488 = CARTESIAN_POINT('',(-3.555999965983,-2.006335149324,
    1.226818951124));
#10489 = ADVANCED_FACE('',(#10490),#10501,.F.);
#10490 = FACE_BOUND('',#10491,.F.);
#10491 = EDGE_LOOP('',(#10492,#10493,#10494,#10500));
#10492 = ORIENTED_EDGE('',*,*,#10474,.F.);
#10493 = ORIENTED_EDGE('',*,*,#10327,.T.);
#10494 = ORIENTED_EDGE('',*,*,#10495,.T.);
#10495 = EDGE_CURVE('',#10328,#1911,#10496,.T.);
#10496 = LINE('',#10497,#10498);
#10497 = CARTESIAN_POINT('',(-3.565999965888,-1.955213718926,
    1.347084282296));
#10498 = VECTOR('',#10499,1.);
#10499 = DIRECTION('',(1.,-1.224646799147E-16,-0.));
#10500 = ORIENTED_EDGE('',*,*,#1919,.F.);
#10501 = B_SPLINE_SURFACE_WITH_KNOTS('',3,1,(
    (#10502,#10503)
    ,(#10504,#10505)
    ,(#10506,#10507)
    ,(#10508,#10509
    )),.UNSPECIFIED.,.F.,.F.,.F.,(4,4),(2,2),(3.,4.),(0.,1.),
  .PIECEWISE_BEZIER_KNOTS.);
#10502 = CARTESIAN_POINT('',(-3.565999965888,-2.006335149324,
    1.226818951124));
#10503 = CARTESIAN_POINT('',(-3.555999965983,-2.006335149324,
    1.226818951124));
#10504 = CARTESIAN_POINT('',(-3.565999965888,-2.006335149324,
    1.277073916599));
#10505 = CARTESIAN_POINT('',(-3.555999965983,-2.006335149324,
    1.277073916599));
#10506 = CARTESIAN_POINT('',(-3.565999965888,-1.98926579036,
    1.317104595995));
#10507 = CARTESIAN_POINT('',(-3.555999965983,-1.98926579036,
    1.317104595995));
#10508 = CARTESIAN_POINT('',(-3.565999965888,-1.955213718926,
    1.347084282296));
#10509 = CARTESIAN_POINT('',(-3.555999965983,-1.955213718926,
    1.347084282296));
#10510 = ADVANCED_FACE('',(#10511),#10522,.F.);
#10511 = FACE_BOUND('',#10512,.F.);
#10512 = EDGE_LOOP('',(#10513,#10514,#10515,#10521));
#10513 = ORIENTED_EDGE('',*,*,#10495,.F.);
#10514 = ORIENTED_EDGE('',*,*,#10336,.T.);
#10515 = ORIENTED_EDGE('',*,*,#10516,.T.);
#10516 = EDGE_CURVE('',#10337,#1903,#10517,.T.);
#10517 = LINE('',#10518,#10519);
#10518 = CARTESIAN_POINT('',(-3.565999965888,-1.827063556966,
    1.391967165254));
#10519 = VECTOR('',#10520,1.);
#10520 = DIRECTION('',(1.,-1.224646799147E-16,-0.));
#10521 = ORIENTED_EDGE('',*,*,#1910,.F.);
#10522 = B_SPLINE_SURFACE_WITH_KNOTS('',3,1,(
    (#10523,#10524)
    ,(#10525,#10526)
    ,(#10527,#10528)
    ,(#10529,#10530
    )),.UNSPECIFIED.,.F.,.F.,.F.,(4,4),(2,2),(2.,3.),(0.,1.),
  .PIECEWISE_BEZIER_KNOTS.);
#10523 = CARTESIAN_POINT('',(-3.565999965888,-1.955213718926,
    1.347084282296));
#10524 = CARTESIAN_POINT('',(-3.555999965983,-1.955213718926,
    1.347084282296));
#10525 = CARTESIAN_POINT('',(-3.565999965888,-1.921161647494,
    1.377063968594));
#10526 = CARTESIAN_POINT('',(-3.555999965983,-1.921161647494,
    1.377063968594));
#10527 = CARTESIAN_POINT('',(-3.565999965888,-1.878444926839,
    1.391967165254));
#10528 = CARTESIAN_POINT('',(-3.555999965983,-1.878444926839,
    1.391967165254));
#10529 = CARTESIAN_POINT('',(-3.565999965888,-1.827063556966,
    1.391967165254));
#10530 = CARTESIAN_POINT('',(-3.555999965983,-1.827063556966,
    1.391967165254));
#10531 = ADVANCED_FACE('',(#10532),#10543,.F.);
#10532 = FACE_BOUND('',#10533,.T.);
#10533 = EDGE_LOOP('',(#10534,#10535,#10541,#10542));
#10534 = ORIENTED_EDGE('',*,*,#1902,.T.);
#10535 = ORIENTED_EDGE('',*,*,#10536,.F.);
#10536 = EDGE_CURVE('',#10346,#1895,#10537,.T.);
#10537 = LINE('',#10538,#10539);
#10538 = CARTESIAN_POINT('',(-3.565999965888,-1.730366071676,
    1.391967165254));
#10539 = VECTOR('',#10540,1.);
#10540 = DIRECTION('',(1.,-1.224646799147E-16,-0.));
#10541 = ORIENTED_EDGE('',*,*,#10345,.F.);
#10542 = ORIENTED_EDGE('',*,*,#10516,.T.);
#10543 = PLANE('',#10544);
#10544 = AXIS2_PLACEMENT_3D('',#10545,#10546,#10547);
#10545 = CARTESIAN_POINT('',(-3.565999965888,-1.730366071676,
    1.391967165254));
#10546 = DIRECTION('',(-4.119335792863E-31,-3.363692940471E-15,-1.));
#10547 = DIRECTION('',(-1.224646799147E-16,-1.,3.363692940471E-15));
#10548 = ADVANCED_FACE('',(#10549),#10555,.F.);
#10549 = FACE_BOUND('',#10550,.T.);
#10550 = EDGE_LOOP('',(#10551,#10552,#10553,#10554));
#10551 = ORIENTED_EDGE('',*,*,#1894,.T.);
#10552 = ORIENTED_EDGE('',*,*,#10437,.F.);
#10553 = ORIENTED_EDGE('',*,*,#10353,.F.);
#10554 = ORIENTED_EDGE('',*,*,#10536,.T.);
#10555 = PLANE('',#10556);
#10556 = AXIS2_PLACEMENT_3D('',#10557,#10558,#10559);
#10557 = CARTESIAN_POINT('',(-3.565999965888,-1.730366071676,
    1.053006087777));
#10558 = DIRECTION('',(-1.224646799147E-16,-1.,5.11776594616E-15));
#10559 = DIRECTION('',(6.26745568475E-31,5.11776594616E-15,1.));
#10560 = ADVANCED_FACE('',(#10561),#10586,.T.);
#10561 = FACE_BOUND('',#10562,.T.);
#10562 = EDGE_LOOP('',(#10563,#10573,#10579,#10580));
#10563 = ORIENTED_EDGE('',*,*,#10564,.F.);
#10564 = EDGE_CURVE('',#10565,#10567,#10569,.T.);
#10565 = VERTEX_POINT('',#10566);
#10566 = CARTESIAN_POINT('',(-3.555999965983,-1.825330627122,
    1.352976243765));
#10567 = VERTEX_POINT('',#10568);
#10568 = CARTESIAN_POINT('',(-3.555999965983,-1.774122550234,
    1.352976243765));
#10569 = LINE('',#10570,#10571);
#10570 = CARTESIAN_POINT('',(-3.555999965983,-1.825330627122,
    1.352976243765));
#10571 = VECTOR('',#10572,1.);
#10572 = DIRECTION('',(1.224646799147E-16,1.,-3.17587252246E-15));
#10573 = ORIENTED_EDGE('',*,*,#10574,.F.);
#10574 = EDGE_CURVE('',#10372,#10565,#10575,.T.);
#10575 = LINE('',#10576,#10577);
#10576 = CARTESIAN_POINT('',(-3.565999965888,-1.825330627122,
    1.352976243765));
#10577 = VECTOR('',#10578,1.);
#10578 = DIRECTION('',(1.,-1.224646799147E-16,-0.));
#10579 = ORIENTED_EDGE('',*,*,#10371,.T.);
#10580 = ORIENTED_EDGE('',*,*,#10581,.T.);
#10581 = EDGE_CURVE('',#10362,#10567,#10582,.T.);
#10582 = LINE('',#10583,#10584);
#10583 = CARTESIAN_POINT('',(-3.565999965888,-1.774122550234,
    1.352976243765));
#10584 = VECTOR('',#10585,1.);
#10585 = DIRECTION('',(1.,-1.224646799147E-16,-0.));
#10586 = PLANE('',#10587);
#10587 = AXIS2_PLACEMENT_3D('',#10588,#10589,#10590);
#10588 = CARTESIAN_POINT('',(-3.565999965888,-1.825330627122,
    1.352976243765));
#10589 = DIRECTION('',(-3.88932211913E-31,-3.17587252246E-15,-1.));
#10590 = DIRECTION('',(-1.224646799147E-16,-1.,3.17587252246E-15));
#10591 = ADVANCED_FACE('',(#10592),#10610,.T.);
#10592 = FACE_BOUND('',#10593,.T.);
#10593 = EDGE_LOOP('',(#10594,#10602,#10603,#10604));
#10594 = ORIENTED_EDGE('',*,*,#10595,.F.);
#10595 = EDGE_CURVE('',#10567,#10596,#10598,.T.);
#10596 = VERTEX_POINT('',#10597);
#10597 = CARTESIAN_POINT('',(-3.555999965983,-1.774122550234,
    1.091650423297));
#10598 = LINE('',#10599,#10600);
#10599 = CARTESIAN_POINT('',(-3.555999965983,-1.774122550234,
    1.352976243765));
#10600 = VECTOR('',#10601,1.);
#10601 = DIRECTION('',(-0.,0.,-1.));
#10602 = ORIENTED_EDGE('',*,*,#10581,.F.);
#10603 = ORIENTED_EDGE('',*,*,#10361,.T.);
#10604 = ORIENTED_EDGE('',*,*,#10605,.T.);
#10605 = EDGE_CURVE('',#10364,#10596,#10606,.T.);
#10606 = LINE('',#10607,#10608);
#10607 = CARTESIAN_POINT('',(-3.565999965888,-1.774122550234,
    1.091650423297));
#10608 = VECTOR('',#10609,1.);
#10609 = DIRECTION('',(1.,-1.224646799147E-16,-0.));
#10610 = PLANE('',#10611);
#10611 = AXIS2_PLACEMENT_3D('',#10612,#10613,#10614);
#10612 = CARTESIAN_POINT('',(-3.565999965888,-1.774122550234,
    1.352976243765));
#10613 = DIRECTION('',(-1.224646799147E-16,-1.,0.));
#10614 = DIRECTION('',(0.,0.,1.));
#10615 = ADVANCED_FACE('',(#10616),#10634,.T.);
#10616 = FACE_BOUND('',#10617,.T.);
#10617 = EDGE_LOOP('',(#10618,#10626,#10627,#10628));
#10618 = ORIENTED_EDGE('',*,*,#10619,.F.);
#10619 = EDGE_CURVE('',#10596,#10620,#10622,.T.);
#10620 = VERTEX_POINT('',#10621);
#10621 = CARTESIAN_POINT('',(-3.555999965983,-1.823337757802,
    1.091650423297));
#10622 = LINE('',#10623,#10624);
#10623 = CARTESIAN_POINT('',(-3.555999965983,-1.774122550234,
    1.091650423297));
#10624 = VECTOR('',#10625,1.);
#10625 = DIRECTION('',(-1.224646799147E-16,-1.,3.304472994324E-15));
#10626 = ORIENTED_EDGE('',*,*,#10605,.F.);
#10627 = ORIENTED_EDGE('',*,*,#10415,.T.);
#10628 = ORIENTED_EDGE('',*,*,#10629,.T.);
#10629 = EDGE_CURVE('',#10407,#10620,#10630,.T.);
#10630 = LINE('',#10631,#10632);
#10631 = CARTESIAN_POINT('',(-3.565999965888,-1.823337757802,
    1.091650423297));
#10632 = VECTOR('',#10633,1.);
#10633 = DIRECTION('',(1.,-1.224646799147E-16,-0.));
#10634 = PLANE('',#10635);
#10635 = AXIS2_PLACEMENT_3D('',#10636,#10637,#10638);
#10636 = CARTESIAN_POINT('',(-3.565999965888,-1.774122550234,
    1.091650423297));
#10637 = DIRECTION('',(4.046812275367E-31,3.304472994324E-15,1.));
#10638 = DIRECTION('',(1.224646799147E-16,1.,-3.304472994324E-15));
#10639 = ADVANCED_FACE('',(#10640),#10659,.T.);
#10640 = FACE_BOUND('',#10641,.T.);
#10641 = EDGE_LOOP('',(#10642,#10651,#10652,#10653));
#10642 = ORIENTED_EDGE('',*,*,#10643,.F.);
#10643 = EDGE_CURVE('',#10620,#10644,#10646,.T.);
#10644 = VERTEX_POINT('',#10645);
#10645 = CARTESIAN_POINT('',(-3.555999965983,-1.924107628228,
    1.127002192113));
#10646 = B_SPLINE_CURVE_WITH_KNOTS('',3,(#10647,#10648,#10649,#10650),
  .UNSPECIFIED.,.F.,.F.,(4,4),(2.,3.),.PIECEWISE_BEZIER_KNOTS.);
#10647 = CARTESIAN_POINT('',(-3.555999965983,-1.823337757802,
    1.091650423297));
#10648 = CARTESIAN_POINT('',(-3.555999965983,-1.866401064423,
    1.091650423297));
#10649 = CARTESIAN_POINT('',(-3.555999965983,-1.900019903397,
    1.103434346234));
#10650 = CARTESIAN_POINT('',(-3.555999965983,-1.924107628228,
    1.127002192113));
#10651 = ORIENTED_EDGE('',*,*,#10629,.F.);
#10652 = ORIENTED_EDGE('',*,*,#10406,.T.);
#10653 = ORIENTED_EDGE('',*,*,#10654,.T.);
#10654 = EDGE_CURVE('',#10398,#10644,#10655,.T.);
#10655 = LINE('',#10656,#10657);
#10656 = CARTESIAN_POINT('',(-3.565999965888,-1.924107628228,
    1.127002192113));
#10657 = VECTOR('',#10658,1.);
#10658 = DIRECTION('',(1.,-1.224646799147E-16,-0.));
#10659 = B_SPLINE_SURFACE_WITH_KNOTS('',3,1,(
    (#10660,#10661)
    ,(#10662,#10663)
    ,(#10664,#10665)
    ,(#10666,#10667
    )),.UNSPECIFIED.,.F.,.F.,.F.,(4,4),(2,2),(2.,3.),(0.,1.),
  .PIECEWISE_BEZIER_KNOTS.);
#10660 = CARTESIAN_POINT('',(-3.565999965888,-1.823337757802,
    1.091650423297));
#10661 = CARTESIAN_POINT('',(-3.555999965983,-1.823337757802,
    1.091650423297));
#10662 = CARTESIAN_POINT('',(-3.565999965888,-1.866401064423,
    1.091650423297));
#10663 = CARTESIAN_POINT('',(-3.555999965983,-1.866401064423,
    1.091650423297));
#10664 = CARTESIAN_POINT('',(-3.565999965888,-1.900019903397,
    1.103434346234));
#10665 = CARTESIAN_POINT('',(-3.555999965983,-1.900019903397,
    1.103434346234));
#10666 = CARTESIAN_POINT('',(-3.565999965888,-1.924107628228,
    1.127002192113));
#10667 = CARTESIAN_POINT('',(-3.555999965983,-1.924107628228,
    1.127002192113));
#10668 = ADVANCED_FACE('',(#10669),#10688,.T.);
#10669 = FACE_BOUND('',#10670,.T.);
#10670 = EDGE_LOOP('',(#10671,#10680,#10681,#10682));
#10671 = ORIENTED_EDGE('',*,*,#10672,.F.);
#10672 = EDGE_CURVE('',#10644,#10673,#10675,.T.);
#10673 = VERTEX_POINT('',#10674);
#10674 = CARTESIAN_POINT('',(-3.555999965983,-1.960325861965,
    1.225605900235));
#10675 = B_SPLINE_CURVE_WITH_KNOTS('',3,(#10676,#10677,#10678,#10679),
  .UNSPECIFIED.,.F.,.F.,(4,4),(3.,4.),.PIECEWISE_BEZIER_KNOTS.);
#10676 = CARTESIAN_POINT('',(-3.555999965983,-1.924107628228,
    1.127002192113));
#10677 = CARTESIAN_POINT('',(-3.555999965983,-1.948281999551,
    1.150396745007));
#10678 = CARTESIAN_POINT('',(-3.555999965983,-1.960325861965,
    1.183322412042));
#10679 = CARTESIAN_POINT('',(-3.555999965983,-1.960325861965,
    1.225605900235));
#10680 = ORIENTED_EDGE('',*,*,#10654,.F.);
#10681 = ORIENTED_EDGE('',*,*,#10397,.T.);
#10682 = ORIENTED_EDGE('',*,*,#10683,.T.);
#10683 = EDGE_CURVE('',#10389,#10673,#10684,.T.);
#10684 = LINE('',#10685,#10686);
#10685 = CARTESIAN_POINT('',(-3.565999965888,-1.960325861965,
    1.225605900235));
#10686 = VECTOR('',#10687,1.);
#10687 = DIRECTION('',(1.,-1.224646799147E-16,-0.));
#10688 = B_SPLINE_SURFACE_WITH_KNOTS('',3,1,(
    (#10689,#10690)
    ,(#10691,#10692)
    ,(#10693,#10694)
    ,(#10695,#10696
    )),.UNSPECIFIED.,.F.,.F.,.F.,(4,4),(2,2),(3.,4.),(0.,1.),
  .PIECEWISE_BEZIER_KNOTS.);
#10689 = CARTESIAN_POINT('',(-3.565999965888,-1.924107628228,
    1.127002192113));
#10690 = CARTESIAN_POINT('',(-3.555999965983,-1.924107628228,
    1.127002192113));
#10691 = CARTESIAN_POINT('',(-3.565999965888,-1.948281999551,
    1.150396745007));
#10692 = CARTESIAN_POINT('',(-3.555999965983,-1.948281999551,
    1.150396745007));
#10693 = CARTESIAN_POINT('',(-3.565999965888,-1.960325861965,
    1.183322412042));
#10694 = CARTESIAN_POINT('',(-3.555999965983,-1.960325861965,
    1.183322412042));
#10695 = CARTESIAN_POINT('',(-3.565999965888,-1.960325861965,
    1.225605900235));
#10696 = CARTESIAN_POINT('',(-3.555999965983,-1.960325861965,
    1.225605900235));
#10697 = ADVANCED_FACE('',(#10698),#10717,.T.);
#10698 = FACE_BOUND('',#10699,.T.);
#10699 = EDGE_LOOP('',(#10700,#10709,#10710,#10711));
#10700 = ORIENTED_EDGE('',*,*,#10701,.F.);
#10701 = EDGE_CURVE('',#10673,#10702,#10704,.T.);
#10702 = VERTEX_POINT('',#10703);
#10703 = CARTESIAN_POINT('',(-3.555999965983,-1.923154516813,
    1.321090334636));
#10704 = B_SPLINE_CURVE_WITH_KNOTS('',3,(#10705,#10706,#10707,#10708),
  .UNSPECIFIED.,.F.,.F.,(4,4),(4.,5.),.PIECEWISE_BEZIER_KNOTS.);
#10705 = CARTESIAN_POINT('',(-3.555999965983,-1.960325861965,
    1.225605900235));
#10706 = CARTESIAN_POINT('',(-3.555999965983,-1.960325861965,
    1.267889388427));
#10707 = CARTESIAN_POINT('',(-3.555999965983,-1.947935413581,
    1.299775297554));
#10708 = CARTESIAN_POINT('',(-3.555999965983,-1.923154516813,
    1.321090334636));
#10709 = ORIENTED_EDGE('',*,*,#10683,.F.);
#10710 = ORIENTED_EDGE('',*,*,#10388,.T.);
#10711 = ORIENTED_EDGE('',*,*,#10712,.T.);
#10712 = EDGE_CURVE('',#10380,#10702,#10713,.T.);
#10713 = LINE('',#10714,#10715);
#10714 = CARTESIAN_POINT('',(-3.565999965888,-1.923154516813,
    1.321090334636));
#10715 = VECTOR('',#10716,1.);
#10716 = DIRECTION('',(1.,-1.224646799147E-16,-0.));
#10717 = B_SPLINE_SURFACE_WITH_KNOTS('',3,1,(
    (#10718,#10719)
    ,(#10720,#10721)
    ,(#10722,#10723)
    ,(#10724,#10725
    )),.UNSPECIFIED.,.F.,.F.,.F.,(4,4),(2,2),(4.,5.),(0.,1.),
  .PIECEWISE_BEZIER_KNOTS.);
#10718 = CARTESIAN_POINT('',(-3.565999965888,-1.960325861965,
    1.225605900235));
#10719 = CARTESIAN_POINT('',(-3.555999965983,-1.960325861965,
    1.225605900235));
#10720 = CARTESIAN_POINT('',(-3.565999965888,-1.960325861965,
    1.267889388427));
#10721 = CARTESIAN_POINT('',(-3.555999965983,-1.960325861965,
    1.267889388427));
#10722 = CARTESIAN_POINT('',(-3.565999965888,-1.947935413581,
    1.299775297554));
#10723 = CARTESIAN_POINT('',(-3.555999965983,-1.947935413581,
    1.299775297554));
#10724 = CARTESIAN_POINT('',(-3.565999965888,-1.923154516813,
    1.321090334636));
#10725 = CARTESIAN_POINT('',(-3.555999965983,-1.923154516813,
    1.321090334636));
#10726 = ADVANCED_FACE('',(#10727),#10739,.T.);
#10727 = FACE_BOUND('',#10728,.T.);
#10728 = EDGE_LOOP('',(#10729,#10736,#10737,#10738));
#10729 = ORIENTED_EDGE('',*,*,#10730,.F.);
#10730 = EDGE_CURVE('',#10702,#10565,#10731,.T.);
#10731 = B_SPLINE_CURVE_WITH_KNOTS('',3,(#10732,#10733,#10734,#10735),
  .UNSPECIFIED.,.F.,.F.,(4,4),(5.,6.),.PIECEWISE_BEZIER_KNOTS.);
#10732 = CARTESIAN_POINT('',(-3.555999965983,-1.923154516813,
    1.321090334636));
#10733 = CARTESIAN_POINT('',(-3.555999965983,-1.898373620045,
    1.342405371715));
#10734 = CARTESIAN_POINT('',(-3.555999965983,-1.865707892486,
    1.352976243765));
#10735 = CARTESIAN_POINT('',(-3.555999965983,-1.825330627122,
    1.352976243765));
#10736 = ORIENTED_EDGE('',*,*,#10712,.F.);
#10737 = ORIENTED_EDGE('',*,*,#10379,.T.);
#10738 = ORIENTED_EDGE('',*,*,#10574,.T.);
#10739 = B_SPLINE_SURFACE_WITH_KNOTS('',3,1,(
    (#10740,#10741)
    ,(#10742,#10743)
    ,(#10744,#10745)
    ,(#10746,#10747
    )),.UNSPECIFIED.,.F.,.F.,.F.,(4,4),(2,2),(5.,6.),(0.,1.),
  .PIECEWISE_BEZIER_KNOTS.);
#10740 = CARTESIAN_POINT('',(-3.565999965888,-1.923154516813,
    1.321090334636));
#10741 = CARTESIAN_POINT('',(-3.555999965983,-1.923154516813,
    1.321090334636));
#10742 = CARTESIAN_POINT('',(-3.565999965888,-1.898373620045,
    1.342405371715));
#10743 = CARTESIAN_POINT('',(-3.555999965983,-1.898373620045,
    1.342405371715));
#10744 = CARTESIAN_POINT('',(-3.565999965888,-1.865707892486,
    1.352976243765));
#10745 = CARTESIAN_POINT('',(-3.555999965983,-1.865707892486,
    1.352976243765));
#10746 = CARTESIAN_POINT('',(-3.565999965888,-1.825330627122,
    1.352976243765));
#10747 = CARTESIAN_POINT('',(-3.555999965983,-1.825330627122,
    1.352976243765));
#10748 = ADVANCED_FACE('',(#10749),#10758,.T.);
#10749 = FACE_BOUND('',#10750,.T.);
#10750 = EDGE_LOOP('',(#10751,#10752,#10753,#10754,#10755,#10756,#10757)
  );
#10751 = ORIENTED_EDGE('',*,*,#10564,.T.);
#10752 = ORIENTED_EDGE('',*,*,#10595,.T.);
#10753 = ORIENTED_EDGE('',*,*,#10619,.T.);
#10754 = ORIENTED_EDGE('',*,*,#10643,.T.);
#10755 = ORIENTED_EDGE('',*,*,#10672,.T.);
#10756 = ORIENTED_EDGE('',*,*,#10701,.T.);
#10757 = ORIENTED_EDGE('',*,*,#10730,.T.);
#10758 = PLANE('',#10759);
#10759 = AXIS2_PLACEMENT_3D('',#10760,#10761,#10762);
#10760 = CARTESIAN_POINT('',(-3.555999965983,3.852651255485,
    1.834000129028));
#10761 = DIRECTION('',(-1.,1.224646799147E-16,0.));
#10762 = DIRECTION('',(4.275831445897E-31,3.491481338843E-15,1.));
#10763 = ADVANCED_FACE('',(#10764,#10830),#10882,.F.);
#10764 = FACE_BOUND('',#10765,.T.);
#10765 = EDGE_LOOP('',(#10766,#10776,#10784,#10792,#10800,#10808,#10816,
    #10824));
#10766 = ORIENTED_EDGE('',*,*,#10767,.T.);
#10767 = EDGE_CURVE('',#10768,#10770,#10772,.T.);
#10768 = VERTEX_POINT('',#10769);
#10769 = CARTESIAN_POINT('',(-3.565999965888,-2.330133090665,
    1.053006087777));
#10770 = VERTEX_POINT('',#10771);
#10771 = CARTESIAN_POINT('',(-3.565999965888,-2.201029817292,
    1.391967165254));
#10772 = LINE('',#10773,#10774);
#10773 = CARTESIAN_POINT('',(-3.565999965888,-2.201029817292,
    1.391967165254));
#10774 = VECTOR('',#10775,1.);
#10775 = DIRECTION('',(4.358955455449E-17,0.355935724364,0.934510438744)
  );
#10776 = ORIENTED_EDGE('',*,*,#10777,.T.);
#10777 = EDGE_CURVE('',#10770,#10778,#10780,.T.);
#10778 = VERTEX_POINT('',#10779);
#10779 = CARTESIAN_POINT('',(-3.565999965888,-2.154240711503,
    1.391967165254));
#10780 = LINE('',#10781,#10782);
#10781 = CARTESIAN_POINT('',(-3.565999965888,-2.154240711503,
    1.391967165254));
#10782 = VECTOR('',#10783,1.);
#10783 = DIRECTION('',(1.224646799147E-16,1.,-2.317210692181E-15));
#10784 = ORIENTED_EDGE('',*,*,#10785,.T.);
#10785 = EDGE_CURVE('',#10778,#10786,#10788,.T.);
#10786 = VERTEX_POINT('',#10787);
#10787 = CARTESIAN_POINT('',(-3.565999965888,-2.025137438128,
    1.053006087777));
#10788 = LINE('',#10789,#10790);
#10789 = CARTESIAN_POINT('',(-3.565999965888,-2.025137438128,
    1.053006087777));
#10790 = VECTOR('',#10791,1.);
#10791 = DIRECTION('',(4.358955455518E-17,0.35593572437,-0.934510438742)
  );
#10792 = ORIENTED_EDGE('',*,*,#10793,.T.);
#10793 = EDGE_CURVE('',#10786,#10794,#10796,.T.);
#10794 = VERTEX_POINT('',#10795);
#10795 = CARTESIAN_POINT('',(-3.565999965888,-2.073486180775,
    1.053006087777));
#10796 = LINE('',#10797,#10798);
#10797 = CARTESIAN_POINT('',(-3.565999965888,-2.073486180775,
    1.053006087777));
#10798 = VECTOR('',#10799,1.);
#10799 = DIRECTION('',(-1.224646799147E-16,-1.,3.363692940391E-15));
#10800 = ORIENTED_EDGE('',*,*,#10801,.T.);
#10801 = EDGE_CURVE('',#10794,#10802,#10804,.T.);
#10802 = VERTEX_POINT('',#10803);
#10803 = CARTESIAN_POINT('',(-3.565999965888,-2.106065261841,
    1.145717834427));
#10804 = LINE('',#10805,#10806);
#10805 = CARTESIAN_POINT('',(-3.565999965888,-2.106065261841,
    1.145717834427));
#10806 = VECTOR('',#10807,1.);
#10807 = DIRECTION('',(-4.060052163681E-17,-0.331528418358,0.94344523308
    ));
#10808 = ORIENTED_EDGE('',*,*,#10809,.T.);
#10809 = EDGE_CURVE('',#10802,#10810,#10812,.T.);
#10810 = VERTEX_POINT('',#10811);
#10811 = CARTESIAN_POINT('',(-3.565999965888,-2.247212397632,
    1.145717834427));
#10812 = LINE('',#10813,#10814);
#10813 = CARTESIAN_POINT('',(-3.565999965888,-2.247212397632,
    1.145717834427));
#10814 = VECTOR('',#10815,1.);
#10815 = DIRECTION('',(-1.224646799147E-16,-1.,3.45661263488E-15));
#10816 = ORIENTED_EDGE('',*,*,#10817,.T.);
#10817 = EDGE_CURVE('',#10810,#10818,#10820,.T.);
#10818 = VERTEX_POINT('',#10819);
#10819 = CARTESIAN_POINT('',(-3.565999965888,-2.281784348021,
    1.053006087777));
#10820 = LINE('',#10821,#10822);
#10821 = CARTESIAN_POINT('',(-3.565999965888,-2.281784348021,
    1.053006087777));
#10822 = VECTOR('',#10823,1.);
#10823 = DIRECTION('',(-4.278860556029E-17,-0.349395479497,
    -0.936975345944));
#10824 = ORIENTED_EDGE('',*,*,#10825,.T.);
#10825 = EDGE_CURVE('',#10818,#10768,#10826,.T.);
#10826 = LINE('',#10827,#10828);
#10827 = CARTESIAN_POINT('',(-3.565999965888,-2.330133090665,
    1.053006087777));
#10828 = VECTOR('',#10829,1.);
#10829 = DIRECTION('',(-1.224646799147E-16,-1.,3.363692940552E-15));
#10830 = FACE_BOUND('',#10831,.T.);
#10831 = EDGE_LOOP('',(#10832,#10842,#10850,#10859,#10867,#10876));
#10832 = ORIENTED_EDGE('',*,*,#10833,.F.);
#10833 = EDGE_CURVE('',#10834,#10836,#10838,.T.);
#10834 = VERTEX_POINT('',#10835);
#10835 = CARTESIAN_POINT('',(-3.565999965888,-2.119928700595,
    1.184015583979));
#10836 = VERTEX_POINT('',#10837);
#10837 = CARTESIAN_POINT('',(-3.565999965888,-2.23369554485,
    1.184015583979));
#10838 = LINE('',#10839,#10840);
#10839 = CARTESIAN_POINT('',(-3.565999965888,-2.119928700595,
    1.184015583979));
#10840 = VECTOR('',#10841,1.);
#10841 = DIRECTION('',(-1.224646799147E-16,-1.,3.335512725385E-15));
#10842 = ORIENTED_EDGE('',*,*,#10843,.F.);
#10843 = EDGE_CURVE('',#10844,#10834,#10846,.T.);
#10844 = VERTEX_POINT('',#10845);
#10845 = CARTESIAN_POINT('',(-3.565999965888,-2.170616898529,
    1.324902780293));
#10846 = LINE('',#10847,#10848);
#10847 = CARTESIAN_POINT('',(-3.565999965888,-2.170616898529,
    1.324902780293));
#10848 = VECTOR('',#10849,1.);
#10849 = DIRECTION('',(4.145858461494E-17,0.338535034296,-0.940953787683
    ));
#10850 = ORIENTED_EDGE('',*,*,#10851,.F.);
#10851 = EDGE_CURVE('',#10852,#10844,#10854,.T.);
#10852 = VERTEX_POINT('',#10853);
#10853 = CARTESIAN_POINT('',(-3.565999965888,-2.17616227403,
    1.348643919154));
#10854 = B_SPLINE_CURVE_WITH_KNOTS('',3,(#10855,#10856,#10857,#10858),
  .UNSPECIFIED.,.F.,.F.,(4,4),(3.,4.),.PIECEWISE_BEZIER_KNOTS.);
#10855 = CARTESIAN_POINT('',(-3.565999965888,-2.17616227403,
    1.348643919154));
#10856 = CARTESIAN_POINT('',(-3.565999965888,-2.174515990678,
    1.338419633074));
#10857 = CARTESIAN_POINT('',(-3.565999965888,-2.172696414344,
    1.330448155792));
#10858 = CARTESIAN_POINT('',(-3.565999965888,-2.170616898529,
    1.324902780293));
#10859 = ORIENTED_EDGE('',*,*,#10860,.F.);
#10860 = EDGE_CURVE('',#10861,#10852,#10863,.T.);
#10861 = VERTEX_POINT('',#10862);
#10862 = CARTESIAN_POINT('',(-3.565999965888,-2.177202031937,
    1.348643919154));
#10863 = LINE('',#10864,#10865);
#10864 = CARTESIAN_POINT('',(-3.565999965888,-2.177202031937,
    1.348643919154));
#10865 = VECTOR('',#10866,1.);
#10866 = DIRECTION('',(1.224646799147E-16,1.,0.));
#10867 = ORIENTED_EDGE('',*,*,#10868,.F.);
#10868 = EDGE_CURVE('',#10869,#10861,#10871,.T.);
#10869 = VERTEX_POINT('',#10870);
#10870 = CARTESIAN_POINT('',(-3.565999965888,-2.18248746796,
    1.324902780293));
#10871 = B_SPLINE_CURVE_WITH_KNOTS('',3,(#10872,#10873,#10874,#10875),
  .UNSPECIFIED.,.F.,.F.,(4,4),(1.,2.),.PIECEWISE_BEZIER_KNOTS.);
#10872 = CARTESIAN_POINT('',(-3.565999965888,-2.18248746796,
    1.324902780293));
#10873 = CARTESIAN_POINT('',(-3.565999965888,-2.18084118461,
    1.329581690871));
#10874 = CARTESIAN_POINT('',(-3.565999965888,-2.179108254764,
    1.337379875169));
#10875 = CARTESIAN_POINT('',(-3.565999965888,-2.177202031937,
    1.348643919154));
#10876 = ORIENTED_EDGE('',*,*,#10877,.F.);
#10877 = EDGE_CURVE('',#10836,#10869,#10878,.T.);
#10878 = LINE('',#10879,#10880);
#10879 = CARTESIAN_POINT('',(-3.565999965888,-2.23369554485,
    1.184015583979));
#10880 = VECTOR('',#10881,1.);
#10881 = DIRECTION('',(4.183440378313E-17,0.34160383069,0.939844041774)
  );
#10882 = PLANE('',#10883);
#10883 = AXIS2_PLACEMENT_3D('',#10884,#10885,#10886);
#10884 = CARTESIAN_POINT('',(-3.565999965888,2.335001270003,
    1.021200136804));
#10885 = DIRECTION('',(1.,-1.224646799147E-16,0.));
#10886 = DIRECTION('',(0.,0.,1.));
#10887 = ADVANCED_FACE('',(#10888),#10904,.F.);
#10888 = FACE_BOUND('',#10889,.T.);
#10889 = EDGE_LOOP('',(#10890,#10891,#10897,#10898));
#10890 = ORIENTED_EDGE('',*,*,#610,.T.);
#10891 = ORIENTED_EDGE('',*,*,#10892,.F.);
#10892 = EDGE_CURVE('',#10770,#601,#10893,.T.);
#10893 = LINE('',#10894,#10895);
#10894 = CARTESIAN_POINT('',(-3.565999965888,-2.201029817292,
    1.391967165254));
#10895 = VECTOR('',#10896,1.);
#10896 = DIRECTION('',(1.,-1.224646799147E-16,-0.));
#10897 = ORIENTED_EDGE('',*,*,#10767,.F.);
#10898 = ORIENTED_EDGE('',*,*,#10899,.T.);
#10899 = EDGE_CURVE('',#10768,#611,#10900,.T.);
#10900 = LINE('',#10901,#10902);
#10901 = CARTESIAN_POINT('',(-3.565999965888,-2.330133090665,
    1.053006087777));
#10902 = VECTOR('',#10903,1.);
#10903 = DIRECTION('',(1.,-1.224646799147E-16,-0.));
#10904 = PLANE('',#10905);
#10905 = AXIS2_PLACEMENT_3D('',#10906,#10907,#10908);
#10906 = CARTESIAN_POINT('',(-3.565999965888,-2.201029817292,
    1.391967165254));
#10907 = DIRECTION('',(1.144445217577E-16,0.934510438744,-0.355935724364
    ));
#10908 = DIRECTION('',(-4.358955455449E-17,-0.355935724364,
    -0.934510438744));
#10909 = ADVANCED_FACE('',(#10910),#10921,.F.);
#10910 = FACE_BOUND('',#10911,.T.);
#10911 = EDGE_LOOP('',(#10912,#10913,#10919,#10920));
#10912 = ORIENTED_EDGE('',*,*,#600,.T.);
#10913 = ORIENTED_EDGE('',*,*,#10914,.F.);
#10914 = EDGE_CURVE('',#10778,#603,#10915,.T.);
#10915 = LINE('',#10916,#10917);
#10916 = CARTESIAN_POINT('',(-3.565999965888,-2.154240711503,
    1.391967165254));
#10917 = VECTOR('',#10918,1.);
#10918 = DIRECTION('',(1.,-1.224646799147E-16,-0.));
#10919 = ORIENTED_EDGE('',*,*,#10777,.F.);
#10920 = ORIENTED_EDGE('',*,*,#10892,.T.);
#10921 = PLANE('',#10922);
#10922 = AXIS2_PLACEMENT_3D('',#10923,#10924,#10925);
#10923 = CARTESIAN_POINT('',(-3.565999965888,-2.154240711503,
    1.391967165254));
#10924 = DIRECTION('',(-2.837764657129E-31,-2.317210692181E-15,-1.));
#10925 = DIRECTION('',(-1.224646799147E-16,-1.,2.317210692181E-15));
#10926 = ADVANCED_FACE('',(#10927),#10938,.F.);
#10927 = FACE_BOUND('',#10928,.T.);
#10928 = EDGE_LOOP('',(#10929,#10930,#10936,#10937));
#10929 = ORIENTED_EDGE('',*,*,#658,.T.);
#10930 = ORIENTED_EDGE('',*,*,#10931,.F.);
#10931 = EDGE_CURVE('',#10786,#651,#10932,.T.);
#10932 = LINE('',#10933,#10934);
#10933 = CARTESIAN_POINT('',(-3.565999965888,-2.025137438128,
    1.053006087777));
#10934 = VECTOR('',#10935,1.);
#10935 = DIRECTION('',(1.,-1.224646799147E-16,-0.));
#10936 = ORIENTED_EDGE('',*,*,#10785,.F.);
#10937 = ORIENTED_EDGE('',*,*,#10914,.T.);
#10938 = PLANE('',#10939);
#10939 = AXIS2_PLACEMENT_3D('',#10940,#10941,#10942);
#10940 = CARTESIAN_POINT('',(-3.565999965888,-2.025137438128,
    1.053006087777));
#10941 = DIRECTION('',(-1.144445217575E-16,-0.934510438742,
    -0.35593572437));
#10942 = DIRECTION('',(-4.358955455518E-17,-0.35593572437,0.934510438742
    ));
#10943 = ADVANCED_FACE('',(#10944),#10955,.F.);
#10944 = FACE_BOUND('',#10945,.T.);
#10945 = EDGE_LOOP('',(#10946,#10947,#10953,#10954));
#10946 = ORIENTED_EDGE('',*,*,#650,.T.);
#10947 = ORIENTED_EDGE('',*,*,#10948,.F.);
#10948 = EDGE_CURVE('',#10794,#643,#10949,.T.);
#10949 = LINE('',#10950,#10951);
#10950 = CARTESIAN_POINT('',(-3.565999965888,-2.073486180775,
    1.053006087777));
#10951 = VECTOR('',#10952,1.);
#10952 = DIRECTION('',(1.,-1.224646799147E-16,-0.));
#10953 = ORIENTED_EDGE('',*,*,#10793,.F.);
#10954 = ORIENTED_EDGE('',*,*,#10931,.T.);
#10955 = PLANE('',#10956);
#10956 = AXIS2_PLACEMENT_3D('',#10957,#10958,#10959);
#10957 = CARTESIAN_POINT('',(-3.565999965888,-2.073486180775,
    1.053006087777));
#10958 = DIRECTION('',(4.119335792764E-31,3.363692940391E-15,1.));
#10959 = DIRECTION('',(1.224646799147E-16,1.,-3.363692940391E-15));
#10960 = ADVANCED_FACE('',(#10961),#10972,.F.);
#10961 = FACE_BOUND('',#10962,.T.);
#10962 = EDGE_LOOP('',(#10963,#10964,#10970,#10971));
#10963 = ORIENTED_EDGE('',*,*,#642,.T.);
#10964 = ORIENTED_EDGE('',*,*,#10965,.F.);
#10965 = EDGE_CURVE('',#10802,#635,#10966,.T.);
#10966 = LINE('',#10967,#10968);
#10967 = CARTESIAN_POINT('',(-3.565999965888,-2.106065261841,
    1.145717834427));
#10968 = VECTOR('',#10969,1.);
#10969 = DIRECTION('',(1.,-1.224646799147E-16,-0.));
#10970 = ORIENTED_EDGE('',*,*,#10801,.F.);
#10971 = ORIENTED_EDGE('',*,*,#10948,.T.);
#10972 = PLANE('',#10973);
#10973 = AXIS2_PLACEMENT_3D('',#10974,#10975,#10976);
#10974 = CARTESIAN_POINT('',(-3.565999965888,-2.106065261841,
    1.145717834427));
#10975 = DIRECTION('',(1.155387184862E-16,0.94344523308,0.331528418358)
  );
#10976 = DIRECTION('',(4.060052163681E-17,0.331528418358,-0.94344523308)
  );
#10977 = ADVANCED_FACE('',(#10978),#10989,.F.);
#10978 = FACE_BOUND('',#10979,.T.);
#10979 = EDGE_LOOP('',(#10980,#10981,#10987,#10988));
#10980 = ORIENTED_EDGE('',*,*,#634,.T.);
#10981 = ORIENTED_EDGE('',*,*,#10982,.F.);
#10982 = EDGE_CURVE('',#10810,#627,#10983,.T.);
#10983 = LINE('',#10984,#10985);
#10984 = CARTESIAN_POINT('',(-3.565999965888,-2.247212397632,
    1.145717834427));
#10985 = VECTOR('',#10986,1.);
#10986 = DIRECTION('',(1.,-1.224646799147E-16,-0.));
#10987 = ORIENTED_EDGE('',*,*,#10809,.F.);
#10988 = ORIENTED_EDGE('',*,*,#10965,.T.);
#10989 = PLANE('',#10990);
#10990 = AXIS2_PLACEMENT_3D('',#10991,#10992,#10993);
#10991 = CARTESIAN_POINT('',(-3.565999965888,-2.247212397632,
    1.145717834427));
#10992 = DIRECTION('',(4.233129599199E-31,3.45661263488E-15,1.));
#10993 = DIRECTION('',(1.224646799147E-16,1.,-3.45661263488E-15));
#10994 = ADVANCED_FACE('',(#10995),#11006,.F.);
#10995 = FACE_BOUND('',#10996,.T.);
#10996 = EDGE_LOOP('',(#10997,#10998,#11004,#11005));
#10997 = ORIENTED_EDGE('',*,*,#626,.T.);
#10998 = ORIENTED_EDGE('',*,*,#10999,.F.);
#10999 = EDGE_CURVE('',#10818,#619,#11000,.T.);
#11000 = LINE('',#11001,#11002);
#11001 = CARTESIAN_POINT('',(-3.565999965888,-2.281784348021,
    1.053006087777));
#11002 = VECTOR('',#11003,1.);
#11003 = DIRECTION('',(1.,-1.224646799147E-16,-0.));
#11004 = ORIENTED_EDGE('',*,*,#10817,.F.);
#11005 = ORIENTED_EDGE('',*,*,#10982,.T.);
#11006 = PLANE('',#11007);
#11007 = AXIS2_PLACEMENT_3D('',#11008,#11009,#11010);
#11008 = CARTESIAN_POINT('',(-3.565999965888,-2.281784348021,
    1.053006087777));
#11009 = DIRECTION('',(-1.14746385829E-16,-0.936975345944,0.349395479497
    ));
#11010 = DIRECTION('',(4.278860556029E-17,0.349395479497,0.936975345944)
  );
#11011 = ADVANCED_FACE('',(#11012),#11018,.F.);
#11012 = FACE_BOUND('',#11013,.T.);
#11013 = EDGE_LOOP('',(#11014,#11015,#11016,#11017));
#11014 = ORIENTED_EDGE('',*,*,#618,.T.);
#11015 = ORIENTED_EDGE('',*,*,#10899,.F.);
#11016 = ORIENTED_EDGE('',*,*,#10825,.F.);
#11017 = ORIENTED_EDGE('',*,*,#10999,.T.);
#11018 = PLANE('',#11019);
#11019 = AXIS2_PLACEMENT_3D('',#11020,#11021,#11022);
#11020 = CARTESIAN_POINT('',(-3.565999965888,-2.330133090665,
    1.053006087777));
#11021 = DIRECTION('',(4.119335792961E-31,3.363692940552E-15,1.));
#11022 = DIRECTION('',(1.224646799147E-16,1.,-3.363692940552E-15));
#11023 = ADVANCED_FACE('',(#11024),#11049,.T.);
#11024 = FACE_BOUND('',#11025,.T.);
#11025 = EDGE_LOOP('',(#11026,#11036,#11042,#11043));
#11026 = ORIENTED_EDGE('',*,*,#11027,.F.);
#11027 = EDGE_CURVE('',#11028,#11030,#11032,.T.);
#11028 = VERTEX_POINT('',#11029);
#11029 = CARTESIAN_POINT('',(-3.555999965983,-2.119928700595,
    1.184015583979));
#11030 = VERTEX_POINT('',#11031);
#11031 = CARTESIAN_POINT('',(-3.555999965983,-2.23369554485,
    1.184015583979));
#11032 = LINE('',#11033,#11034);
#11033 = CARTESIAN_POINT('',(-3.555999965983,-2.119928700595,
    1.184015583979));
#11034 = VECTOR('',#11035,1.);
#11035 = DIRECTION('',(-1.224646799147E-16,-1.,3.335512725385E-15));
#11036 = ORIENTED_EDGE('',*,*,#11037,.F.);
#11037 = EDGE_CURVE('',#10834,#11028,#11038,.T.);
#11038 = LINE('',#11039,#11040);
#11039 = CARTESIAN_POINT('',(-3.565999965888,-2.119928700595,
    1.184015583979));
#11040 = VECTOR('',#11041,1.);
#11041 = DIRECTION('',(1.,-1.224646799147E-16,-0.));
#11042 = ORIENTED_EDGE('',*,*,#10833,.T.);
#11043 = ORIENTED_EDGE('',*,*,#11044,.T.);
#11044 = EDGE_CURVE('',#10836,#11030,#11045,.T.);
#11045 = LINE('',#11046,#11047);
#11046 = CARTESIAN_POINT('',(-3.565999965888,-2.23369554485,
    1.184015583979));
#11047 = VECTOR('',#11048,1.);
#11048 = DIRECTION('',(1.,-1.224646799147E-16,-0.));
#11049 = PLANE('',#11050);
#11050 = AXIS2_PLACEMENT_3D('',#11051,#11052,#11053);
#11051 = CARTESIAN_POINT('',(-3.565999965888,-2.119928700595,
    1.184015583979));
#11052 = DIRECTION('',(4.084824982658E-31,3.335512725385E-15,1.));
#11053 = DIRECTION('',(1.224646799147E-16,1.,-3.335512725385E-15));
#11054 = ADVANCED_FACE('',(#11055),#11073,.T.);
#11055 = FACE_BOUND('',#11056,.T.);
#11056 = EDGE_LOOP('',(#11057,#11065,#11066,#11067));
#11057 = ORIENTED_EDGE('',*,*,#11058,.F.);
#11058 = EDGE_CURVE('',#11030,#11059,#11061,.T.);
#11059 = VERTEX_POINT('',#11060);
#11060 = CARTESIAN_POINT('',(-3.555999965983,-2.18248746796,
    1.324902780293));
#11061 = LINE('',#11062,#11063);
#11062 = CARTESIAN_POINT('',(-3.555999965983,-2.23369554485,
    1.184015583979));
#11063 = VECTOR('',#11064,1.);
#11064 = DIRECTION('',(4.183440378313E-17,0.34160383069,0.939844041774)
  );
#11065 = ORIENTED_EDGE('',*,*,#11044,.F.);
#11066 = ORIENTED_EDGE('',*,*,#10877,.T.);
#11067 = ORIENTED_EDGE('',*,*,#11068,.T.);
#11068 = EDGE_CURVE('',#10869,#11059,#11069,.T.);
#11069 = LINE('',#11070,#11071);
#11070 = CARTESIAN_POINT('',(-3.565999965888,-2.18248746796,
    1.324902780293));
#11071 = VECTOR('',#11072,1.);
#11072 = DIRECTION('',(1.,-1.224646799147E-16,-0.));
#11073 = PLANE('',#11074);
#11074 = AXIS2_PLACEMENT_3D('',#11075,#11076,#11077);
#11075 = CARTESIAN_POINT('',(-3.565999965888,-2.23369554485,
    1.184015583979));
#11076 = DIRECTION('',(1.150976997456E-16,0.939844041774,-0.34160383069)
  );
#11077 = DIRECTION('',(-4.183440378313E-17,-0.34160383069,
    -0.939844041774));
#11078 = ADVANCED_FACE('',(#11079),#11098,.T.);
#11079 = FACE_BOUND('',#11080,.T.);
#11080 = EDGE_LOOP('',(#11081,#11090,#11091,#11092));
#11081 = ORIENTED_EDGE('',*,*,#11082,.F.);
#11082 = EDGE_CURVE('',#11059,#11083,#11085,.T.);
#11083 = VERTEX_POINT('',#11084);
#11084 = CARTESIAN_POINT('',(-3.555999965983,-2.177202031937,
    1.348643919154));
#11085 = B_SPLINE_CURVE_WITH_KNOTS('',3,(#11086,#11087,#11088,#11089),
  .UNSPECIFIED.,.F.,.F.,(4,4),(1.,2.),.PIECEWISE_BEZIER_KNOTS.);
#11086 = CARTESIAN_POINT('',(-3.555999965983,-2.18248746796,
    1.324902780293));
#11087 = CARTESIAN_POINT('',(-3.555999965983,-2.18084118461,
    1.329581690871));
#11088 = CARTESIAN_POINT('',(-3.555999965983,-2.179108254764,
    1.337379875169));
#11089 = CARTESIAN_POINT('',(-3.555999965983,-2.177202031937,
    1.348643919154));
#11090 = ORIENTED_EDGE('',*,*,#11068,.F.);
#11091 = ORIENTED_EDGE('',*,*,#10868,.T.);
#11092 = ORIENTED_EDGE('',*,*,#11093,.T.);
#11093 = EDGE_CURVE('',#10861,#11083,#11094,.T.);
#11094 = LINE('',#11095,#11096);
#11095 = CARTESIAN_POINT('',(-3.565999965888,-2.177202031937,
    1.348643919154));
#11096 = VECTOR('',#11097,1.);
#11097 = DIRECTION('',(1.,-1.224646799147E-16,-0.));
#11098 = B_SPLINE_SURFACE_WITH_KNOTS('',3,1,(
    (#11099,#11100)
    ,(#11101,#11102)
    ,(#11103,#11104)
    ,(#11105,#11106
    )),.UNSPECIFIED.,.F.,.F.,.F.,(4,4),(2,2),(1.,2.),(0.,1.),
  .PIECEWISE_BEZIER_KNOTS.);
#11099 = CARTESIAN_POINT('',(-3.565999965888,-2.18248746796,
    1.324902780293));
#11100 = CARTESIAN_POINT('',(-3.555999965983,-2.18248746796,
    1.324902780293));
#11101 = CARTESIAN_POINT('',(-3.565999965888,-2.18084118461,
    1.329581690871));
#11102 = CARTESIAN_POINT('',(-3.555999965983,-2.18084118461,
    1.329581690871));
#11103 = CARTESIAN_POINT('',(-3.565999965888,-2.179108254764,
    1.337379875169));
#11104 = CARTESIAN_POINT('',(-3.555999965983,-2.179108254764,
    1.337379875169));
#11105 = CARTESIAN_POINT('',(-3.565999965888,-2.177202031937,
    1.348643919154));
#11106 = CARTESIAN_POINT('',(-3.555999965983,-2.177202031937,
    1.348643919154));
#11107 = ADVANCED_FACE('',(#11108),#11126,.T.);
#11108 = FACE_BOUND('',#11109,.T.);
#11109 = EDGE_LOOP('',(#11110,#11118,#11119,#11120));
#11110 = ORIENTED_EDGE('',*,*,#11111,.F.);
#11111 = EDGE_CURVE('',#11083,#11112,#11114,.T.);
#11112 = VERTEX_POINT('',#11113);
#11113 = CARTESIAN_POINT('',(-3.555999965983,-2.17616227403,
    1.348643919154));
#11114 = LINE('',#11115,#11116);
#11115 = CARTESIAN_POINT('',(-3.555999965983,-2.177202031937,
    1.348643919154));
#11116 = VECTOR('',#11117,1.);
#11117 = DIRECTION('',(1.224646799147E-16,1.,0.));
#11118 = ORIENTED_EDGE('',*,*,#11093,.F.);
#11119 = ORIENTED_EDGE('',*,*,#10860,.T.);
#11120 = ORIENTED_EDGE('',*,*,#11121,.T.);
#11121 = EDGE_CURVE('',#10852,#11112,#11122,.T.);
#11122 = LINE('',#11123,#11124);
#11123 = CARTESIAN_POINT('',(-3.565999965888,-2.17616227403,
    1.348643919154));
#11124 = VECTOR('',#11125,1.);
#11125 = DIRECTION('',(1.,-1.224646799147E-16,-0.));
#11126 = PLANE('',#11127);
#11127 = AXIS2_PLACEMENT_3D('',#11128,#11129,#11130);
#11128 = CARTESIAN_POINT('',(-3.565999965888,-2.177202031937,
    1.348643919154));
#11129 = DIRECTION('',(-0.,0.,-1.));
#11130 = DIRECTION('',(1.,-1.224646799147E-16,0.));
#11131 = ADVANCED_FACE('',(#11132),#11151,.T.);
#11132 = FACE_BOUND('',#11133,.T.);
#11133 = EDGE_LOOP('',(#11134,#11143,#11144,#11145));
#11134 = ORIENTED_EDGE('',*,*,#11135,.F.);
#11135 = EDGE_CURVE('',#11112,#11136,#11138,.T.);
#11136 = VERTEX_POINT('',#11137);
#11137 = CARTESIAN_POINT('',(-3.555999965983,-2.170616898529,
    1.324902780293));
#11138 = B_SPLINE_CURVE_WITH_KNOTS('',3,(#11139,#11140,#11141,#11142),
  .UNSPECIFIED.,.F.,.F.,(4,4),(3.,4.),.PIECEWISE_BEZIER_KNOTS.);
#11139 = CARTESIAN_POINT('',(-3.555999965983,-2.17616227403,
    1.348643919154));
#11140 = CARTESIAN_POINT('',(-3.555999965983,-2.174515990678,
    1.338419633074));
#11141 = CARTESIAN_POINT('',(-3.555999965983,-2.172696414344,
    1.330448155792));
#11142 = CARTESIAN_POINT('',(-3.555999965983,-2.170616898529,
    1.324902780293));
#11143 = ORIENTED_EDGE('',*,*,#11121,.F.);
#11144 = ORIENTED_EDGE('',*,*,#10851,.T.);
#11145 = ORIENTED_EDGE('',*,*,#11146,.T.);
#11146 = EDGE_CURVE('',#10844,#11136,#11147,.T.);
#11147 = LINE('',#11148,#11149);
#11148 = CARTESIAN_POINT('',(-3.565999965888,-2.170616898529,
    1.324902780293));
#11149 = VECTOR('',#11150,1.);
#11150 = DIRECTION('',(1.,-1.224646799147E-16,-0.));
#11151 = B_SPLINE_SURFACE_WITH_KNOTS('',3,1,(
    (#11152,#11153)
    ,(#11154,#11155)
    ,(#11156,#11157)
    ,(#11158,#11159
    )),.UNSPECIFIED.,.F.,.F.,.F.,(4,4),(2,2),(3.,4.),(0.,1.),
  .PIECEWISE_BEZIER_KNOTS.);
#11152 = CARTESIAN_POINT('',(-3.565999965888,-2.17616227403,
    1.348643919154));
#11153 = CARTESIAN_POINT('',(-3.555999965983,-2.17616227403,
    1.348643919154));
#11154 = CARTESIAN_POINT('',(-3.565999965888,-2.174515990678,
    1.338419633074));
#11155 = CARTESIAN_POINT('',(-3.555999965983,-2.174515990678,
    1.338419633074));
#11156 = CARTESIAN_POINT('',(-3.565999965888,-2.172696414344,
    1.330448155792));
#11157 = CARTESIAN_POINT('',(-3.555999965983,-2.172696414344,
    1.330448155792));
#11158 = CARTESIAN_POINT('',(-3.565999965888,-2.170616898529,
    1.324902780293));
#11159 = CARTESIAN_POINT('',(-3.555999965983,-2.170616898529,
    1.324902780293));
#11160 = ADVANCED_FACE('',(#11161),#11172,.T.);
#11161 = FACE_BOUND('',#11162,.T.);
#11162 = EDGE_LOOP('',(#11163,#11169,#11170,#11171));
#11163 = ORIENTED_EDGE('',*,*,#11164,.F.);
#11164 = EDGE_CURVE('',#11136,#11028,#11165,.T.);
#11165 = LINE('',#11166,#11167);
#11166 = CARTESIAN_POINT('',(-3.555999965983,-2.170616898529,
    1.324902780293));
#11167 = VECTOR('',#11168,1.);
#11168 = DIRECTION('',(4.145858461494E-17,0.338535034296,-0.940953787683
    ));
#11169 = ORIENTED_EDGE('',*,*,#11146,.F.);
#11170 = ORIENTED_EDGE('',*,*,#10843,.T.);
#11171 = ORIENTED_EDGE('',*,*,#11037,.T.);
#11172 = PLANE('',#11173);
#11173 = AXIS2_PLACEMENT_3D('',#11174,#11175,#11176);
#11174 = CARTESIAN_POINT('',(-3.565999965888,-2.170616898529,
    1.324902780293));
#11175 = DIRECTION('',(-1.152336044231E-16,-0.940953787683,
    -0.338535034296));
#11176 = DIRECTION('',(-4.145858461494E-17,-0.338535034296,
    0.940953787683));
#11177 = ADVANCED_FACE('',(#11178),#11186,.T.);
#11178 = FACE_BOUND('',#11179,.T.);
#11179 = EDGE_LOOP('',(#11180,#11181,#11182,#11183,#11184,#11185));
#11180 = ORIENTED_EDGE('',*,*,#11027,.T.);
#11181 = ORIENTED_EDGE('',*,*,#11058,.T.);
#11182 = ORIENTED_EDGE('',*,*,#11082,.T.);
#11183 = ORIENTED_EDGE('',*,*,#11111,.T.);
#11184 = ORIENTED_EDGE('',*,*,#11135,.T.);
#11185 = ORIENTED_EDGE('',*,*,#11164,.T.);
#11186 = PLANE('',#11187);
#11187 = AXIS2_PLACEMENT_3D('',#11188,#11189,#11190);
#11188 = CARTESIAN_POINT('',(-3.555999965983,3.852651255485,
    1.834000129028));
#11189 = DIRECTION('',(-1.,1.224646799147E-16,0.));
#11190 = DIRECTION('',(4.275831445897E-31,3.491481338843E-15,1.));
#11191 = ADVANCED_FACE('',(#11192,#11486),#11511,.F.);
#11192 = FACE_BOUND('',#11193,.T.);
#11193 = EDGE_LOOP('',(#11194,#11205,#11214,#11223,#11232,#11241,#11250,
    #11259,#11268,#11277,#11286,#11295,#11304,#11313,#11321,#11329,
    #11337,#11346,#11355,#11364,#11373,#11382,#11391,#11400,#11409,
    #11418,#11427,#11435,#11444,#11453,#11462,#11470,#11479));
#11194 = ORIENTED_EDGE('',*,*,#11195,.T.);
#11195 = EDGE_CURVE('',#11196,#11198,#11200,.T.);
#11196 = VERTEX_POINT('',#11197);
#11197 = CARTESIAN_POINT('',(-3.565999965888,-0.267699450051,
    1.389227518625));
#11198 = VERTEX_POINT('',#11199);
#11199 = CARTESIAN_POINT('',(-3.565999965888,-2.911162434937E-02,
    1.704934631775));
#11200 = B_SPLINE_CURVE_WITH_KNOTS('',3,(#11201,#11202,#11203,#11204),
  .UNSPECIFIED.,.F.,.F.,(4,4),(35.,36.),.PIECEWISE_BEZIER_KNOTS.);
#11201 = CARTESIAN_POINT('',(-3.565999965888,-0.267699450051,
    1.389227518625));
#11202 = CARTESIAN_POINT('',(-3.565999965888,-0.26528950823,
    1.533826142366));
#11203 = CARTESIAN_POINT('',(-3.565999965888,-0.166480330692,
    1.661555035457));
#11204 = CARTESIAN_POINT('',(-3.565999965888,-2.911162434937E-02,
    1.704934631775));
#11205 = ORIENTED_EDGE('',*,*,#11206,.T.);
#11206 = EDGE_CURVE('',#11198,#11207,#11209,.T.);
#11207 = VERTEX_POINT('',#11208);
#11208 = CARTESIAN_POINT('',(-3.565999965888,0.101027256531,
    1.895322943042));
#11209 = B_SPLINE_CURVE_WITH_KNOTS('',3,(#11210,#11211,#11212,#11213),
  .UNSPECIFIED.,.F.,.F.,(4,4),(0.,1.),.PIECEWISE_BEZIER_KNOTS.);
#11210 = CARTESIAN_POINT('',(-3.565999965888,-2.911162434937E-02,
    1.704934631775));
#11211 = CARTESIAN_POINT('',(-3.565999965888,-2.601896582621E-03,
    1.777233989609));
#11212 = CARTESIAN_POINT('',(-3.565999965888,4.318773348772E-02,
    1.842303407068));
#11213 = CARTESIAN_POINT('',(-3.565999965888,0.101027256531,
    1.895322943042));
#11214 = ORIENTED_EDGE('',*,*,#11215,.T.);
#11215 = EDGE_CURVE('',#11207,#11216,#11218,.T.);
#11216 = VERTEX_POINT('',#11217);
#11217 = CARTESIAN_POINT('',(-3.565999965888,0.428784308619,
    2.020641836855));
#11218 = B_SPLINE_CURVE_WITH_KNOTS('',3,(#11219,#11220,#11221,#11222),
  .UNSPECIFIED.,.F.,.F.,(4,4),(1.,2.),.PIECEWISE_BEZIER_KNOTS.);
#11219 = CARTESIAN_POINT('',(-3.565999965888,0.101027256531,
    1.895322943042));
#11220 = CARTESIAN_POINT('',(-3.565999965888,0.192606424738,
    1.974852244134));
#11221 = CARTESIAN_POINT('',(-3.565999965888,0.308285378891,
    2.020641836855));
#11222 = CARTESIAN_POINT('',(-3.565999965888,0.428784308619,
    2.020641836855));
#11223 = ORIENTED_EDGE('',*,*,#11224,.T.);
#11224 = EDGE_CURVE('',#11216,#11225,#11227,.T.);
#11225 = VERTEX_POINT('',#11226);
#11226 = CARTESIAN_POINT('',(-3.565999965888,0.717981739968,
    1.926652669368));
#11227 = B_SPLINE_CURVE_WITH_KNOTS('',3,(#11228,#11229,#11230,#11231),
  .UNSPECIFIED.,.F.,.F.,(4,4),(2.,3.),.PIECEWISE_BEZIER_KNOTS.);
#11228 = CARTESIAN_POINT('',(-3.565999965888,0.428784308619,
    2.020641836855));
#11229 = CARTESIAN_POINT('',(-3.565999965888,0.534823357586,
    2.020641836855));
#11230 = CARTESIAN_POINT('',(-3.565999965888,0.633632489157,
    1.986902137106));
#11231 = CARTESIAN_POINT('',(-3.565999965888,0.717981739968,
    1.926652669368));
#11232 = ORIENTED_EDGE('',*,*,#11233,.T.);
#11233 = EDGE_CURVE('',#11225,#11234,#11236,.T.);
#11234 = VERTEX_POINT('',#11235);
#11235 = CARTESIAN_POINT('',(-3.565999965888,0.824020788935,
    1.82061360891));
#11236 = B_SPLINE_CURVE_WITH_KNOTS('',3,(#11237,#11238,#11239,#11240),
  .UNSPECIFIED.,.F.,.F.,(4,4),(3.,4.),.PIECEWISE_BEZIER_KNOTS.);
#11237 = CARTESIAN_POINT('',(-3.565999965888,0.717981739968,
    1.926652669368));
#11238 = CARTESIAN_POINT('',(-3.565999965888,0.758951394462,
    1.897732919339));
#11239 = CARTESIAN_POINT('',(-3.565999965888,0.792691085592,
    1.861583240421));
#11240 = CARTESIAN_POINT('',(-3.565999965888,0.824020788935,
    1.82061360891));
#11241 = ORIENTED_EDGE('',*,*,#11242,.T.);
#11242 = EDGE_CURVE('',#11234,#11243,#11245,.T.);
#11243 = VERTEX_POINT('',#11244);
#11244 = CARTESIAN_POINT('',(-3.565999965888,0.879450278223,
    1.825433561502));
#11245 = B_SPLINE_CURVE_WITH_KNOTS('',3,(#11246,#11247,#11248,#11249),
  .UNSPECIFIED.,.F.,.F.,(4,4),(4.,5.),.PIECEWISE_BEZIER_KNOTS.);
#11246 = CARTESIAN_POINT('',(-3.565999965888,0.824020788935,
    1.82061360891));
#11247 = CARTESIAN_POINT('',(-3.565999965888,0.843300599305,
    1.823023596697));
#11248 = CARTESIAN_POINT('',(-3.565999965888,0.860170467853,
    1.825433561502));
#11249 = CARTESIAN_POINT('',(-3.565999965888,0.879450278223,
    1.825433561502));
#11250 = ORIENTED_EDGE('',*,*,#11251,.T.);
#11251 = EDGE_CURVE('',#11243,#11252,#11254,.T.);
#11252 = VERTEX_POINT('',#11253);
#11253 = CARTESIAN_POINT('',(-3.565999965888,1.156597816598,
    1.709754584366));
#11254 = B_SPLINE_CURVE_WITH_KNOTS('',3,(#11255,#11256,#11257,#11258),
  .UNSPECIFIED.,.F.,.F.,(4,4),(5.,6.),.PIECEWISE_BEZIER_KNOTS.);
#11255 = CARTESIAN_POINT('',(-3.565999965888,0.879450278223,
    1.825433561502));
#11256 = CARTESIAN_POINT('',(-3.565999965888,0.983079362387,
    1.825433561502));
#11257 = CARTESIAN_POINT('',(-3.565999965888,1.081888470974,
    1.784463929993));
#11258 = CARTESIAN_POINT('',(-3.565999965888,1.156597816598,
    1.709754584366));
#11259 = ORIENTED_EDGE('',*,*,#11260,.T.);
#11260 = EDGE_CURVE('',#11252,#11261,#11263,.T.);
#11261 = VERTEX_POINT('',#11262);
#11262 = CARTESIAN_POINT('',(-3.565999965888,1.269866874896,
    1.435017056763));
#11263 = B_SPLINE_CURVE_WITH_KNOTS('',3,(#11264,#11265,#11266,#11267),
  .UNSPECIFIED.,.F.,.F.,(4,4),(6.,7.),.PIECEWISE_BEZIER_KNOTS.);
#11264 = CARTESIAN_POINT('',(-3.565999965888,1.156597816598,
    1.709754584366));
#11265 = CARTESIAN_POINT('',(-3.565999965888,1.22889723764,
    1.637455249512));
#11266 = CARTESIAN_POINT('',(-3.565999965888,1.269866874896,
    1.538646117941));
#11267 = CARTESIAN_POINT('',(-3.565999965888,1.269866874896,
    1.435017056763));
#11268 = ORIENTED_EDGE('',*,*,#11269,.T.);
#11269 = EDGE_CURVE('',#11261,#11270,#11272,.T.);
#11270 = VERTEX_POINT('',#11271);
#11271 = CARTESIAN_POINT('',(-3.565999965888,1.168647778521,
    1.172329445114));
#11272 = B_SPLINE_CURVE_WITH_KNOTS('',3,(#11273,#11274,#11275,#11276),
  .UNSPECIFIED.,.F.,.F.,(4,4),(7.,8.),.PIECEWISE_BEZIER_KNOTS.);
#11273 = CARTESIAN_POINT('',(-3.565999965888,1.269866874896,
    1.435017056763));
#11274 = CARTESIAN_POINT('',(-3.565999965888,1.269866874896,
    1.338617912979));
#11275 = CARTESIAN_POINT('',(-3.565999965888,1.233717195979,
    1.244628711017));
#11276 = CARTESIAN_POINT('',(-3.565999965888,1.168647778521,
    1.172329445114));
#11277 = ORIENTED_EDGE('',*,*,#11278,.T.);
#11278 = EDGE_CURVE('',#11270,#11279,#11281,.T.);
#11279 = VERTEX_POINT('',#11280);
#11280 = CARTESIAN_POINT('',(-3.565999965888,0.975849490957,
    1.056650490962));
#11281 = B_SPLINE_CURVE_WITH_KNOTS('',3,(#11282,#11283,#11284,#11285),
  .UNSPECIFIED.,.F.,.F.,(4,4),(8.,9.),.PIECEWISE_BEZIER_KNOTS.);
#11282 = CARTESIAN_POINT('',(-3.565999965888,1.168647778521,
    1.172329445114));
#11283 = CARTESIAN_POINT('',(-3.565999965888,1.115628254038,
    1.11448992207));
#11284 = CARTESIAN_POINT('',(-3.565999965888,1.050558813598,
    1.075930301332));
#11285 = CARTESIAN_POINT('',(-3.565999965888,0.975849490957,
    1.056650490962));
#11286 = ORIENTED_EDGE('',*,*,#11287,.T.);
#11287 = EDGE_CURVE('',#11279,#11288,#11290,.T.);
#11288 = VERTEX_POINT('',#11289);
#11289 = CARTESIAN_POINT('',(-3.565999965888,0.746901501488,
    0.892771964917));
#11290 = B_SPLINE_CURVE_WITH_KNOTS('',3,(#11291,#11292,#11293,#11294),
  .UNSPECIFIED.,.F.,.F.,(4,4),(9.,10.),.PIECEWISE_BEZIER_KNOTS.);
#11291 = CARTESIAN_POINT('',(-3.565999965888,0.975849490957,
    1.056650490962));
#11292 = CARTESIAN_POINT('',(-3.565999965888,0.944519764631,
    0.960251347177));
#11293 = CARTESIAN_POINT('',(-3.565999965888,0.852940596423,
    0.892771964917));
#11294 = CARTESIAN_POINT('',(-3.565999965888,0.746901501488,
    0.892771964917));
#11295 = ORIENTED_EDGE('',*,*,#11296,.T.);
#11296 = EDGE_CURVE('',#11288,#11297,#11299,.T.);
#11297 = VERTEX_POINT('',#11298);
#11298 = CARTESIAN_POINT('',(-3.565999965888,0.505903642031,
    1.133769824373));
#11299 = B_SPLINE_CURVE_WITH_KNOTS('',3,(#11300,#11301,#11302,#11303),
  .UNSPECIFIED.,.F.,.F.,(4,4),(10.,11.),.PIECEWISE_BEZIER_KNOTS.);
#11300 = CARTESIAN_POINT('',(-3.565999965888,0.746901501488,
    0.892771964917));
#11301 = CARTESIAN_POINT('',(-3.565999965888,0.614352678788,
    0.892771964917));
#11302 = CARTESIAN_POINT('',(-3.565999965888,0.505903642031,
    1.001221001672));
#11303 = CARTESIAN_POINT('',(-3.565999965888,0.505903642031,
    1.133769824373));
#11304 = ORIENTED_EDGE('',*,*,#11305,.T.);
#11305 = EDGE_CURVE('',#11297,#11306,#11308,.T.);
#11306 = VERTEX_POINT('',#11307);
#11307 = CARTESIAN_POINT('',(-3.565999965888,0.505903642031,
    1.157869610321));
#11308 = B_SPLINE_CURVE_WITH_KNOTS('',3,(#11309,#11310,#11311,#11312),
  .UNSPECIFIED.,.F.,.F.,(4,4),(11.,12.),.PIECEWISE_BEZIER_KNOTS.);
#11309 = CARTESIAN_POINT('',(-3.565999965888,0.505903642031,
    1.133769824373));
#11310 = CARTESIAN_POINT('',(-3.565999965888,0.505903642031,
    1.140999741771));
#11311 = CARTESIAN_POINT('',(-3.565999965888,0.505903642031,
    1.148229659169));
#11312 = CARTESIAN_POINT('',(-3.565999965888,0.505903642031,
    1.157869610321));
#11313 = ORIENTED_EDGE('',*,*,#11314,.T.);
#11314 = EDGE_CURVE('',#11306,#11315,#11317,.T.);
#11315 = VERTEX_POINT('',#11316);
#11316 = CARTESIAN_POINT('',(-3.565999965888,0.168506638792,
    1.336208017125));
#11317 = LINE('',#11318,#11319);
#11318 = CARTESIAN_POINT('',(-3.565999965888,0.505903642031,
    1.157869610321));
#11319 = VECTOR('',#11320,1.);
#11320 = DIRECTION('',(-1.082704050963E-16,-0.884094950248,
    0.467307306755));
#11321 = ORIENTED_EDGE('',*,*,#11322,.T.);
#11322 = EDGE_CURVE('',#11315,#11323,#11325,.T.);
#11323 = VERTEX_POINT('',#11324);
#11324 = CARTESIAN_POINT('',(-3.565999965888,0.243215938451,
    1.463936910216));
#11325 = LINE('',#11326,#11327);
#11326 = CARTESIAN_POINT('',(-3.565999965888,0.168506638792,
    1.336208017125));
#11327 = VECTOR('',#11328,1.);
#11328 = DIRECTION('',(6.183034094729E-17,0.50488304865,0.863187758941)
  );
#11329 = ORIENTED_EDGE('',*,*,#11330,.T.);
#11330 = EDGE_CURVE('',#11323,#11331,#11333,.T.);
#11331 = VERTEX_POINT('',#11332);
#11332 = CARTESIAN_POINT('',(-3.565999965888,0.566153060929,
    1.295238408597));
#11333 = LINE('',#11334,#11335);
#11334 = CARTESIAN_POINT('',(-3.565999965888,0.243215938451,
    1.463936910216));
#11335 = VECTOR('',#11336,1.);
#11336 = DIRECTION('',(1.085464273258E-16,0.886348842796,-0.463018065387
    ));
#11337 = ORIENTED_EDGE('',*,*,#11338,.T.);
#11338 = EDGE_CURVE('',#11331,#11339,#11341,.T.);
#11339 = VERTEX_POINT('',#11340);
#11340 = CARTESIAN_POINT('',(-3.565999965888,0.746901455522,
    1.377177671619));
#11341 = B_SPLINE_CURVE_WITH_KNOTS('',3,(#11342,#11343,#11344,#11345),
  .UNSPECIFIED.,.F.,.F.,(4,4),(15.,16.),.PIECEWISE_BEZIER_KNOTS.);
#11342 = CARTESIAN_POINT('',(-3.565999965888,0.566153060929,
    1.295238408597));
#11343 = CARTESIAN_POINT('',(-3.565999965888,0.609532657245,
    1.345847968277));
#11344 = CARTESIAN_POINT('',(-3.565999965888,0.674602097685,
    1.377177671619));
#11345 = CARTESIAN_POINT('',(-3.565999965888,0.746901455522,
    1.377177671619));
#11346 = ORIENTED_EDGE('',*,*,#11347,.T.);
#11347 = EDGE_CURVE('',#11339,#11348,#11350,.T.);
#11348 = VERTEX_POINT('',#11349);
#11349 = CARTESIAN_POINT('',(-3.565999965888,0.973439434218,
    1.218119075185));
#11350 = B_SPLINE_CURVE_WITH_KNOTS('',3,(#11351,#11352,#11353,#11354),
  .UNSPECIFIED.,.F.,.F.,(4,4),(16.,17.),.PIECEWISE_BEZIER_KNOTS.);
#11351 = CARTESIAN_POINT('',(-3.565999965888,0.746901455522,
    1.377177671619));
#11352 = CARTESIAN_POINT('',(-3.565999965888,0.850530562668,
    1.377177671619));
#11353 = CARTESIAN_POINT('',(-3.565999965888,0.939699743087,
    1.309698289359));
#11354 = CARTESIAN_POINT('',(-3.565999965888,0.973439434218,
    1.218119075185));
#11355 = ORIENTED_EDGE('',*,*,#11356,.T.);
#11356 = EDGE_CURVE('',#11348,#11357,#11359,.T.);
#11357 = VERTEX_POINT('',#11358);
#11358 = CARTESIAN_POINT('',(-3.565999965888,1.118038149892,
    1.439837124271));
#11359 = B_SPLINE_CURVE_WITH_KNOTS('',3,(#11360,#11361,#11362,#11363),
  .UNSPECIFIED.,.F.,.F.,(4,4),(17.,18.),.PIECEWISE_BEZIER_KNOTS.);
#11360 = CARTESIAN_POINT('',(-3.565999965888,0.973439434218,
    1.218119075185));
#11361 = CARTESIAN_POINT('',(-3.565999965888,1.057788685028,
    1.25667874189));
#11362 = CARTESIAN_POINT('',(-3.565999965888,1.118038149892,1.3410279927
    ));
#11363 = CARTESIAN_POINT('',(-3.565999965888,1.118038149892,
    1.439837124271));
#11364 = ORIENTED_EDGE('',*,*,#11365,.T.);
#11365 = EDGE_CURVE('',#11357,#11366,#11368,.T.);
#11366 = VERTEX_POINT('',#11367);
#11367 = CARTESIAN_POINT('',(-3.565999965888,0.877040290436,
    1.680834983727));
#11368 = B_SPLINE_CURVE_WITH_KNOTS('',3,(#11369,#11370,#11371,#11372),
  .UNSPECIFIED.,.F.,.F.,(4,4),(18.,19.),.PIECEWISE_BEZIER_KNOTS.);
#11369 = CARTESIAN_POINT('',(-3.565999965888,1.118038149892,
    1.439837124271));
#11370 = CARTESIAN_POINT('',(-3.565999965888,1.118038149892,
    1.572385946973));
#11371 = CARTESIAN_POINT('',(-3.565999965888,1.009589113137,
    1.680834983727));
#11372 = CARTESIAN_POINT('',(-3.565999965888,0.877040290436,
    1.680834983727));
#11373 = ORIENTED_EDGE('',*,*,#11374,.T.);
#11374 = EDGE_CURVE('',#11366,#11375,#11377,.T.);
#11375 = VERTEX_POINT('',#11376);
#11376 = CARTESIAN_POINT('',(-3.565999965888,0.74931144331,
    1.644685304808));
#11377 = B_SPLINE_CURVE_WITH_KNOTS('',3,(#11378,#11379,#11380,#11381),
  .UNSPECIFIED.,.F.,.F.,(4,4),(19.,20.),.PIECEWISE_BEZIER_KNOTS.);
#11378 = CARTESIAN_POINT('',(-3.565999965888,0.877040290436,
    1.680834983727));
#11379 = CARTESIAN_POINT('',(-3.565999965888,0.831250706331,
    1.680834983727));
#11380 = CARTESIAN_POINT('',(-3.565999965888,0.785461122228,
    1.666375102968));
#11381 = CARTESIAN_POINT('',(-3.565999965888,0.74931144331,
    1.644685304808));
#11382 = ORIENTED_EDGE('',*,*,#11383,.T.);
#11383 = EDGE_CURVE('',#11375,#11384,#11386,.T.);
#11384 = VERTEX_POINT('',#11385);
#11385 = CARTESIAN_POINT('',(-3.565999965888,0.426374366797,
    1.876043121181));
#11386 = B_SPLINE_CURVE_WITH_KNOTS('',3,(#11387,#11388,#11389,#11390),
  .UNSPECIFIED.,.F.,.F.,(4,4),(20.,21.),.PIECEWISE_BEZIER_KNOTS.);
#11387 = CARTESIAN_POINT('',(-3.565999965888,0.74931144331,
    1.644685304808));
#11388 = CARTESIAN_POINT('',(-3.565999965888,0.703521905173,
    1.779643977399));
#11389 = CARTESIAN_POINT('',(-3.565999965888,0.578202999869,
    1.876043121181));
#11390 = CARTESIAN_POINT('',(-3.565999965888,0.426374366797,
    1.876043121181));
#11391 = ORIENTED_EDGE('',*,*,#11392,.T.);
#11392 = EDGE_CURVE('',#11384,#11393,#11395,.T.);
#11393 = VERTEX_POINT('',#11394);
#11394 = CARTESIAN_POINT('',(-3.565999965888,8.897736355805E-02,
    1.57479579686));
#11395 = B_SPLINE_CURVE_WITH_KNOTS('',3,(#11396,#11397,#11398,#11399),
  .UNSPECIFIED.,.F.,.F.,(4,4),(21.,22.),.PIECEWISE_BEZIER_KNOTS.);
#11396 = CARTESIAN_POINT('',(-3.565999965888,0.426374366797,
    1.876043121181));
#11397 = CARTESIAN_POINT('',(-3.565999965888,0.252855889601,
    1.876043121181));
#11398 = CARTESIAN_POINT('',(-3.565999965888,0.108257173928,
    1.743494298479));
#11399 = CARTESIAN_POINT('',(-3.565999965888,8.897736355805E-02,
    1.57479579686));
#11400 = ORIENTED_EDGE('',*,*,#11401,.T.);
#11401 = EDGE_CURVE('',#11393,#11402,#11404,.T.);
#11402 = VERTEX_POINT('',#11403);
#11403 = CARTESIAN_POINT('',(-3.565999965888,6.969755318786E-02,
    1.57479579686));
#11404 = B_SPLINE_CURVE_WITH_KNOTS('',3,(#11405,#11406,#11407,#11408),
  .UNSPECIFIED.,.F.,.F.,(4,4),(22.,23.),.PIECEWISE_BEZIER_KNOTS.);
#11405 = CARTESIAN_POINT('',(-3.565999965888,8.897736355805E-02,
    1.57479579686));
#11406 = CARTESIAN_POINT('',(-3.565999965888,8.174744616149E-02,
    1.57479579686));
#11407 = CARTESIAN_POINT('',(-3.565999965888,7.692747058559E-02,
    1.57479579686));
#11408 = CARTESIAN_POINT('',(-3.565999965888,6.969755318786E-02,
    1.57479579686));
#11409 = ORIENTED_EDGE('',*,*,#11410,.T.);
#11410 = EDGE_CURVE('',#11402,#11411,#11413,.T.);
#11411 = VERTEX_POINT('',#11412);
#11412 = CARTESIAN_POINT('',(-3.565999965888,-0.118280758801,
    1.386817484871));
#11413 = B_SPLINE_CURVE_WITH_KNOTS('',3,(#11414,#11415,#11416,#11417),
  .UNSPECIFIED.,.F.,.F.,(4,4),(23.,24.),.PIECEWISE_BEZIER_KNOTS.);
#11414 = CARTESIAN_POINT('',(-3.565999965888,6.969755318786E-02,
    1.57479579686));
#11415 = CARTESIAN_POINT('',(-3.565999965888,-3.393150799187E-02,
    1.57479579686));
#11416 = CARTESIAN_POINT('',(-3.565999965888,-0.118280758801,
    1.490446546051));
#11417 = CARTESIAN_POINT('',(-3.565999965888,-0.118280758801,
    1.386817484871));
#11418 = ORIENTED_EDGE('',*,*,#11419,.T.);
#11419 = EDGE_CURVE('',#11411,#11420,#11422,.T.);
#11420 = VERTEX_POINT('',#11421);
#11421 = CARTESIAN_POINT('',(-3.565999965888,5.523771839357E-02,
    1.198839172882));
#11422 = B_SPLINE_CURVE_WITH_KNOTS('',3,(#11423,#11424,#11425,#11426),
  .UNSPECIFIED.,.F.,.F.,(4,4),(24.,25.),.PIECEWISE_BEZIER_KNOTS.);
#11423 = CARTESIAN_POINT('',(-3.565999965888,-0.118280758801,
    1.386817484871));
#11424 = CARTESIAN_POINT('',(-3.565999965888,-0.118280758801,
    1.288008353299));
#11425 = CARTESIAN_POINT('',(-3.565999965888,-4.357145914251E-02,
    1.206069090279));
#11426 = CARTESIAN_POINT('',(-3.565999965888,5.523771839357E-02,
    1.198839172882));
#11427 = ORIENTED_EDGE('',*,*,#11428,.T.);
#11428 = EDGE_CURVE('',#11420,#11429,#11431,.T.);
#11429 = VERTEX_POINT('',#11430);
#11430 = CARTESIAN_POINT('',(-3.565999965888,0.163686755149,
    1.198839172882));
#11431 = LINE('',#11432,#11433);
#11432 = CARTESIAN_POINT('',(-3.565999965888,5.523771839357E-02,
    1.198839172882));
#11433 = VECTOR('',#11434,1.);
#11434 = DIRECTION('',(1.224646799147E-16,1.,-3.499069868135E-15));
#11435 = ORIENTED_EDGE('',*,*,#11436,.T.);
#11436 = EDGE_CURVE('',#11429,#11437,#11439,.T.);
#11437 = VERTEX_POINT('',#11438);
#11438 = CARTESIAN_POINT('',(-3.565999965888,0.178146589943,
    1.201249114702));
#11439 = B_SPLINE_CURVE_WITH_KNOTS('',3,(#11440,#11441,#11442,#11443),
  .UNSPECIFIED.,.F.,.F.,(4,4),(26.,27.),.PIECEWISE_BEZIER_KNOTS.);
#11440 = CARTESIAN_POINT('',(-3.565999965888,0.163686755149,
    1.198839172882));
#11441 = CARTESIAN_POINT('',(-3.565999965888,0.168506730725,
    1.198839172882));
#11442 = CARTESIAN_POINT('',(-3.565999965888,0.173326706301,
    1.201249114702));
#11443 = CARTESIAN_POINT('',(-3.565999965888,0.178146589943,
    1.201249114702));
#11444 = ORIENTED_EDGE('',*,*,#11445,.T.);
#11445 = EDGE_CURVE('',#11437,#11446,#11448,.T.);
#11446 = VERTEX_POINT('',#11447);
#11447 = CARTESIAN_POINT('',(-3.565999965888,0.252855889601,
    1.126539815045));
#11448 = B_SPLINE_CURVE_WITH_KNOTS('',3,(#11449,#11450,#11451,#11452),
  .UNSPECIFIED.,.F.,.F.,(4,4),(27.,28.),.PIECEWISE_BEZIER_KNOTS.);
#11449 = CARTESIAN_POINT('',(-3.565999965888,0.178146589943,
    1.201249114702));
#11450 = CARTESIAN_POINT('',(-3.565999965888,0.219116244438,
    1.201249114702));
#11451 = CARTESIAN_POINT('',(-3.565999965888,0.252855889601,
    1.167509377606));
#11452 = CARTESIAN_POINT('',(-3.565999965888,0.252855889601,
    1.126539815045));
#11453 = ORIENTED_EDGE('',*,*,#11454,.T.);
#11454 = EDGE_CURVE('',#11446,#11455,#11457,.T.);
#11455 = VERTEX_POINT('',#11456);
#11456 = CARTESIAN_POINT('',(-3.565999965888,0.182966473586,
    1.051830515384));
#11457 = B_SPLINE_CURVE_WITH_KNOTS('',3,(#11458,#11459,#11460,#11461),
  .UNSPECIFIED.,.F.,.F.,(4,4),(28.,29.),.PIECEWISE_BEZIER_KNOTS.);
#11458 = CARTESIAN_POINT('',(-3.565999965888,0.252855889601,
    1.126539815045));
#11459 = CARTESIAN_POINT('',(-3.565999965888,0.252855889601,
    1.087980194304));
#11460 = CARTESIAN_POINT('',(-3.565999965888,0.22152618626,
    1.054240457205));
#11461 = CARTESIAN_POINT('',(-3.565999965888,0.182966473586,
    1.051830515384));
#11462 = ORIENTED_EDGE('',*,*,#11463,.T.);
#11463 = EDGE_CURVE('',#11455,#11464,#11466,.T.);
#11464 = VERTEX_POINT('',#11465);
#11465 = CARTESIAN_POINT('',(-3.565999965888,4.077779166589E-02,
    1.051830515384));
#11466 = LINE('',#11467,#11468);
#11467 = CARTESIAN_POINT('',(-3.565999965888,0.182966473586,
    1.051830515384));
#11468 = VECTOR('',#11469,1.);
#11469 = DIRECTION('',(-1.224646799147E-16,-1.,3.395324350045E-15));
#11470 = ORIENTED_EDGE('',*,*,#11471,.T.);
#11471 = EDGE_CURVE('',#11464,#11472,#11474,.T.);
#11472 = VERTEX_POINT('',#11473);
#11473 = CARTESIAN_POINT('',(-3.565999965888,-0.178530223665,
    1.160279552141));
#11474 = B_SPLINE_CURVE_WITH_KNOTS('',3,(#11475,#11476,#11477,#11478),
  .UNSPECIFIED.,.F.,.F.,(4,4),(33.,34.),.PIECEWISE_BEZIER_KNOTS.);
#11475 = CARTESIAN_POINT('',(-3.565999965888,4.077779166589E-02,
    1.051830515384));
#11476 = CARTESIAN_POINT('',(-3.565999965888,-4.357145914251E-02,
    1.059060432782));
#11477 = CARTESIAN_POINT('',(-3.565999965888,-0.120690792557,
    1.097620145456));
#11478 = CARTESIAN_POINT('',(-3.565999965888,-0.178530223665,
    1.160279552141));
#11479 = ORIENTED_EDGE('',*,*,#11480,.T.);
#11480 = EDGE_CURVE('',#11472,#11196,#11481,.T.);
#11481 = B_SPLINE_CURVE_WITH_KNOTS('',3,(#11482,#11483,#11484,#11485),
  .UNSPECIFIED.,.F.,.F.,(4,4),(34.,35.),.PIECEWISE_BEZIER_KNOTS.);
#11482 = CARTESIAN_POINT('',(-3.565999965888,-0.178530223665,
    1.160279552141));
#11483 = CARTESIAN_POINT('',(-3.565999965888,-0.236369746709,
    1.222938958827));
#11484 = CARTESIAN_POINT('',(-3.565999965888,-0.267699450051,
    1.304878267815));
#11485 = CARTESIAN_POINT('',(-3.565999965888,-0.267699450051,
    1.389227518625));
#11486 = FACE_BOUND('',#11487,.T.);
#11487 = EDGE_LOOP('',(#11488,#11502));
#11488 = ORIENTED_EDGE('',*,*,#11489,.F.);
#11489 = EDGE_CURVE('',#11490,#11492,#11494,.T.);
#11490 = VERTEX_POINT('',#11491);
#11491 = CARTESIAN_POINT('',(-3.565999965888,0.749311489277,
    1.037370496725));
#11492 = VERTEX_POINT('',#11493);
#11493 = CARTESIAN_POINT('',(-3.565999965888,0.749311489277,
    1.225348900647));
#11494 = B_SPLINE_CURVE_WITH_KNOTS('',3,(#11495,#11496,#11497,#11498,
    #11499,#11500,#11501),.UNSPECIFIED.,.F.,.F.,(4,3,4),(0.,1.,2.),
  .PIECEWISE_BEZIER_KNOTS.);
#11495 = CARTESIAN_POINT('',(-3.565999965888,0.749311489277,
    1.037370496725));
#11496 = CARTESIAN_POINT('',(-3.565999965888,0.696291987777,
    1.037370496725));
#11497 = CARTESIAN_POINT('',(-3.565999965888,0.655322333282,
    1.080750184973));
#11498 = CARTESIAN_POINT('',(-3.565999965888,0.655322333282,
    1.131359698686));
#11499 = CARTESIAN_POINT('',(-3.565999965888,0.655322333282,
    1.184379246153));
#11500 = CARTESIAN_POINT('',(-3.565999965888,0.698701929597,
    1.225348900647));
#11501 = CARTESIAN_POINT('',(-3.565999965888,0.749311489277,
    1.225348900647));
#11502 = ORIENTED_EDGE('',*,*,#11503,.F.);
#11503 = EDGE_CURVE('',#11492,#11490,#11504,.T.);
#11504 = B_SPLINE_CURVE_WITH_KNOTS('',3,(#11505,#11506,#11507,#11508,
    #11509,#11510),.UNSPECIFIED.,.F.,.F.,(4,2,4),(2.,3.,4.),
  .UNSPECIFIED.);
#11505 = CARTESIAN_POINT('',(-3.565999965888,0.749311489277,
    1.225348900647));
#11506 = CARTESIAN_POINT('',(-3.565999965888,0.799921048955,
    1.225348900647));
#11507 = CARTESIAN_POINT('',(-3.565999965888,0.843300645272,
    1.184379246153));
#11508 = CARTESIAN_POINT('',(-3.565999965888,0.843300645272,
    1.078340151219));
#11509 = CARTESIAN_POINT('',(-3.565999965888,0.799921048955,
    1.037370496725));
#11510 = CARTESIAN_POINT('',(-3.565999965888,0.749311489277,
    1.037370496725));
#11511 = PLANE('',#11512);
#11512 = AXIS2_PLACEMENT_3D('',#11513,#11514,#11515);
#11513 = CARTESIAN_POINT('',(-3.565999965888,-0.199015073896,
    1.585038210484));
#11514 = DIRECTION('',(1.,-1.224646799147E-16,0.));
#11515 = DIRECTION('',(0.,0.,1.));
#11516 = ADVANCED_FACE('',(#11517),#11533,.F.);
#11517 = FACE_BOUND('',#11518,.F.);
#11518 = EDGE_LOOP('',(#11519,#11525,#11526,#11532));
#11519 = ORIENTED_EDGE('',*,*,#11520,.F.);
#11520 = EDGE_CURVE('',#11196,#1949,#11521,.T.);
#11521 = LINE('',#11522,#11523);
#11522 = CARTESIAN_POINT('',(-3.565999965888,-0.267699450051,
    1.389227518625));
#11523 = VECTOR('',#11524,1.);
#11524 = DIRECTION('',(1.,-1.224646799147E-16,-0.));
#11525 = ORIENTED_EDGE('',*,*,#11195,.T.);
#11526 = ORIENTED_EDGE('',*,*,#11527,.T.);
#11527 = EDGE_CURVE('',#11198,#1938,#11528,.T.);
#11528 = LINE('',#11529,#11530);
#11529 = CARTESIAN_POINT('',(-3.565999965888,-2.911162434937E-02,
    1.704934631775));
#11530 = VECTOR('',#11531,1.);
#11531 = DIRECTION('',(1.,-1.224646799147E-16,-0.));
#11532 = ORIENTED_EDGE('',*,*,#1948,.F.);
#11533 = B_SPLINE_SURFACE_WITH_KNOTS('',3,1,(
    (#11534,#11535)
    ,(#11536,#11537)
    ,(#11538,#11539)
    ,(#11540,#11541
    )),.UNSPECIFIED.,.F.,.F.,.F.,(4,4),(2,2),(35.,36.),(0.,1.),
  .PIECEWISE_BEZIER_KNOTS.);
#11534 = CARTESIAN_POINT('',(-3.565999965888,-0.267699450051,
    1.389227518625));
#11535 = CARTESIAN_POINT('',(-3.555999965983,-0.267699450051,
    1.389227518625));
#11536 = CARTESIAN_POINT('',(-3.565999965888,-0.26528950823,
    1.533826142366));
#11537 = CARTESIAN_POINT('',(-3.555999965983,-0.26528950823,
    1.533826142366));
#11538 = CARTESIAN_POINT('',(-3.565999965888,-0.166480330692,
    1.661555035457));
#11539 = CARTESIAN_POINT('',(-3.555999965983,-0.166480330692,
    1.661555035457));
#11540 = CARTESIAN_POINT('',(-3.565999965888,-2.911162434937E-02,
    1.704934631775));
#11541 = CARTESIAN_POINT('',(-3.555999965983,-2.911162434937E-02,
    1.704934631775));
#11542 = ADVANCED_FACE('',(#11543),#11554,.F.);
#11543 = FACE_BOUND('',#11544,.F.);
#11544 = EDGE_LOOP('',(#11545,#11546,#11547,#11553));
#11545 = ORIENTED_EDGE('',*,*,#11527,.F.);
#11546 = ORIENTED_EDGE('',*,*,#11206,.T.);
#11547 = ORIENTED_EDGE('',*,*,#11548,.T.);
#11548 = EDGE_CURVE('',#11207,#1940,#11549,.T.);
#11549 = LINE('',#11550,#11551);
#11550 = CARTESIAN_POINT('',(-3.565999965888,0.101027256531,
    1.895322943042));
#11551 = VECTOR('',#11552,1.);
#11552 = DIRECTION('',(1.,-1.224646799147E-16,-0.));
#11553 = ORIENTED_EDGE('',*,*,#1937,.F.);
#11554 = B_SPLINE_SURFACE_WITH_KNOTS('',3,1,(
    (#11555,#11556)
    ,(#11557,#11558)
    ,(#11559,#11560)
    ,(#11561,#11562
    )),.UNSPECIFIED.,.F.,.F.,.F.,(4,4),(2,2),(0.,1.),(0.,1.),
  .PIECEWISE_BEZIER_KNOTS.);
#11555 = CARTESIAN_POINT('',(-3.565999965888,-2.911162434937E-02,
    1.704934631775));
#11556 = CARTESIAN_POINT('',(-3.555999965983,-2.911162434937E-02,
    1.704934631775));
#11557 = CARTESIAN_POINT('',(-3.565999965888,-2.601896582621E-03,
    1.777233989609));
#11558 = CARTESIAN_POINT('',(-3.555999965983,-2.601896582621E-03,
    1.777233989609));
#11559 = CARTESIAN_POINT('',(-3.565999965888,4.318773348772E-02,
    1.842303407068));
#11560 = CARTESIAN_POINT('',(-3.555999965983,4.318773348772E-02,
    1.842303407068));
#11561 = CARTESIAN_POINT('',(-3.565999965888,0.101027256531,
    1.895322943042));
#11562 = CARTESIAN_POINT('',(-3.555999965983,0.101027256531,
    1.895322943042));
#11563 = ADVANCED_FACE('',(#11564),#11575,.F.);
#11564 = FACE_BOUND('',#11565,.F.);
#11565 = EDGE_LOOP('',(#11566,#11567,#11568,#11574));
#11566 = ORIENTED_EDGE('',*,*,#11548,.F.);
#11567 = ORIENTED_EDGE('',*,*,#11215,.T.);
#11568 = ORIENTED_EDGE('',*,*,#11569,.T.);
#11569 = EDGE_CURVE('',#11216,#2214,#11570,.T.);
#11570 = LINE('',#11571,#11572);
#11571 = CARTESIAN_POINT('',(-3.565999965888,0.428784308619,
    2.020641836855));
#11572 = VECTOR('',#11573,1.);
#11573 = DIRECTION('',(1.,-1.224646799147E-16,-0.));
#11574 = ORIENTED_EDGE('',*,*,#2222,.F.);
#11575 = B_SPLINE_SURFACE_WITH_KNOTS('',3,1,(
    (#11576,#11577)
    ,(#11578,#11579)
    ,(#11580,#11581)
    ,(#11582,#11583
    )),.UNSPECIFIED.,.F.,.F.,.F.,(4,4),(2,2),(1.,2.),(0.,1.),
  .PIECEWISE_BEZIER_KNOTS.);
#11576 = CARTESIAN_POINT('',(-3.565999965888,0.101027256531,
    1.895322943042));
#11577 = CARTESIAN_POINT('',(-3.555999965983,0.101027256531,
    1.895322943042));
#11578 = CARTESIAN_POINT('',(-3.565999965888,0.192606424738,
    1.974852244134));
#11579 = CARTESIAN_POINT('',(-3.555999965983,0.192606424738,
    1.974852244134));
#11580 = CARTESIAN_POINT('',(-3.565999965888,0.308285378891,
    2.020641836855));
#11581 = CARTESIAN_POINT('',(-3.555999965983,0.308285378891,
    2.020641836855));
#11582 = CARTESIAN_POINT('',(-3.565999965888,0.428784308619,
    2.020641836855));
#11583 = CARTESIAN_POINT('',(-3.555999965983,0.428784308619,
    2.020641836855));
#11584 = ADVANCED_FACE('',(#11585),#11596,.F.);
#11585 = FACE_BOUND('',#11586,.F.);
#11586 = EDGE_LOOP('',(#11587,#11588,#11589,#11595));
#11587 = ORIENTED_EDGE('',*,*,#11569,.F.);
#11588 = ORIENTED_EDGE('',*,*,#11224,.T.);
#11589 = ORIENTED_EDGE('',*,*,#11590,.T.);
#11590 = EDGE_CURVE('',#11225,#2205,#11591,.T.);
#11591 = LINE('',#11592,#11593);
#11592 = CARTESIAN_POINT('',(-3.565999965888,0.717981739968,
    1.926652669368));
#11593 = VECTOR('',#11594,1.);
#11594 = DIRECTION('',(1.,-1.224646799147E-16,-0.));
#11595 = ORIENTED_EDGE('',*,*,#2213,.F.);
#11596 = B_SPLINE_SURFACE_WITH_KNOTS('',3,1,(
    (#11597,#11598)
    ,(#11599,#11600)
    ,(#11601,#11602)
    ,(#11603,#11604
    )),.UNSPECIFIED.,.F.,.F.,.F.,(4,4),(2,2),(2.,3.),(0.,1.),
  .PIECEWISE_BEZIER_KNOTS.);
#11597 = CARTESIAN_POINT('',(-3.565999965888,0.428784308619,
    2.020641836855));
#11598 = CARTESIAN_POINT('',(-3.555999965983,0.428784308619,
    2.020641836855));
#11599 = CARTESIAN_POINT('',(-3.565999965888,0.534823357586,
    2.020641836855));
#11600 = CARTESIAN_POINT('',(-3.555999965983,0.534823357586,
    2.020641836855));
#11601 = CARTESIAN_POINT('',(-3.565999965888,0.633632489157,
    1.986902137106));
#11602 = CARTESIAN_POINT('',(-3.555999965983,0.633632489157,
    1.986902137106));
#11603 = CARTESIAN_POINT('',(-3.565999965888,0.717981739968,
    1.926652669368));
#11604 = CARTESIAN_POINT('',(-3.555999965983,0.717981739968,
    1.926652669368));
#11605 = ADVANCED_FACE('',(#11606),#11617,.F.);
#11606 = FACE_BOUND('',#11607,.F.);
#11607 = EDGE_LOOP('',(#11608,#11609,#11610,#11616));
#11608 = ORIENTED_EDGE('',*,*,#11590,.F.);
#11609 = ORIENTED_EDGE('',*,*,#11233,.T.);
#11610 = ORIENTED_EDGE('',*,*,#11611,.T.);
#11611 = EDGE_CURVE('',#11234,#2196,#11612,.T.);
#11612 = LINE('',#11613,#11614);
#11613 = CARTESIAN_POINT('',(-3.565999965888,0.824020788935,
    1.82061360891));
#11614 = VECTOR('',#11615,1.);
#11615 = DIRECTION('',(1.,-1.224646799147E-16,-0.));
#11616 = ORIENTED_EDGE('',*,*,#2204,.F.);
#11617 = B_SPLINE_SURFACE_WITH_KNOTS('',3,1,(
    (#11618,#11619)
    ,(#11620,#11621)
    ,(#11622,#11623)
    ,(#11624,#11625
    )),.UNSPECIFIED.,.F.,.F.,.F.,(4,4),(2,2),(3.,4.),(0.,1.),
  .PIECEWISE_BEZIER_KNOTS.);
#11618 = CARTESIAN_POINT('',(-3.565999965888,0.717981739968,
    1.926652669368));
#11619 = CARTESIAN_POINT('',(-3.555999965983,0.717981739968,
    1.926652669368));
#11620 = CARTESIAN_POINT('',(-3.565999965888,0.758951394462,
    1.897732919339));
#11621 = CARTESIAN_POINT('',(-3.555999965983,0.758951394462,
    1.897732919339));
#11622 = CARTESIAN_POINT('',(-3.565999965888,0.792691085592,
    1.861583240421));
#11623 = CARTESIAN_POINT('',(-3.555999965983,0.792691085592,
    1.861583240421));
#11624 = CARTESIAN_POINT('',(-3.565999965888,0.824020788935,
    1.82061360891));
#11625 = CARTESIAN_POINT('',(-3.555999965983,0.824020788935,
    1.82061360891));
#11626 = ADVANCED_FACE('',(#11627),#11638,.F.);
#11627 = FACE_BOUND('',#11628,.F.);
#11628 = EDGE_LOOP('',(#11629,#11630,#11631,#11637));
#11629 = ORIENTED_EDGE('',*,*,#11611,.F.);
#11630 = ORIENTED_EDGE('',*,*,#11242,.T.);
#11631 = ORIENTED_EDGE('',*,*,#11632,.T.);
#11632 = EDGE_CURVE('',#11243,#2187,#11633,.T.);
#11633 = LINE('',#11634,#11635);
#11634 = CARTESIAN_POINT('',(-3.565999965888,0.879450278223,
    1.825433561502));
#11635 = VECTOR('',#11636,1.);
#11636 = DIRECTION('',(1.,-1.224646799147E-16,-0.));
#11637 = ORIENTED_EDGE('',*,*,#2195,.F.);
#11638 = B_SPLINE_SURFACE_WITH_KNOTS('',3,1,(
    (#11639,#11640)
    ,(#11641,#11642)
    ,(#11643,#11644)
    ,(#11645,#11646
    )),.UNSPECIFIED.,.F.,.F.,.F.,(4,4),(2,2),(4.,5.),(0.,1.),
  .PIECEWISE_BEZIER_KNOTS.);
#11639 = CARTESIAN_POINT('',(-3.565999965888,0.824020788935,
    1.82061360891));
#11640 = CARTESIAN_POINT('',(-3.555999965983,0.824020788935,
    1.82061360891));
#11641 = CARTESIAN_POINT('',(-3.565999965888,0.843300599305,
    1.823023596697));
#11642 = CARTESIAN_POINT('',(-3.555999965983,0.843300599305,
    1.823023596697));
#11643 = CARTESIAN_POINT('',(-3.565999965888,0.860170467853,
    1.825433561502));
#11644 = CARTESIAN_POINT('',(-3.555999965983,0.860170467853,
    1.825433561502));
#11645 = CARTESIAN_POINT('',(-3.565999965888,0.879450278223,
    1.825433561502));
#11646 = CARTESIAN_POINT('',(-3.555999965983,0.879450278223,
    1.825433561502));
#11647 = ADVANCED_FACE('',(#11648),#11659,.F.);
#11648 = FACE_BOUND('',#11649,.F.);
#11649 = EDGE_LOOP('',(#11650,#11651,#11652,#11658));
#11650 = ORIENTED_EDGE('',*,*,#11632,.F.);
#11651 = ORIENTED_EDGE('',*,*,#11251,.T.);
#11652 = ORIENTED_EDGE('',*,*,#11653,.T.);
#11653 = EDGE_CURVE('',#11252,#2178,#11654,.T.);
#11654 = LINE('',#11655,#11656);
#11655 = CARTESIAN_POINT('',(-3.565999965888,1.156597816598,
    1.709754584366));
#11656 = VECTOR('',#11657,1.);
#11657 = DIRECTION('',(1.,-1.224646799147E-16,-0.));
#11658 = ORIENTED_EDGE('',*,*,#2186,.F.);
#11659 = B_SPLINE_SURFACE_WITH_KNOTS('',3,1,(
    (#11660,#11661)
    ,(#11662,#11663)
    ,(#11664,#11665)
    ,(#11666,#11667
    )),.UNSPECIFIED.,.F.,.F.,.F.,(4,4),(2,2),(5.,6.),(0.,1.),
  .PIECEWISE_BEZIER_KNOTS.);
#11660 = CARTESIAN_POINT('',(-3.565999965888,0.879450278223,
    1.825433561502));
#11661 = CARTESIAN_POINT('',(-3.555999965983,0.879450278223,
    1.825433561502));
#11662 = CARTESIAN_POINT('',(-3.565999965888,0.983079362387,
    1.825433561502));
#11663 = CARTESIAN_POINT('',(-3.555999965983,0.983079362387,
    1.825433561502));
#11664 = CARTESIAN_POINT('',(-3.565999965888,1.081888470974,
    1.784463929993));
#11665 = CARTESIAN_POINT('',(-3.555999965983,1.081888470974,
    1.784463929993));
#11666 = CARTESIAN_POINT('',(-3.565999965888,1.156597816598,
    1.709754584366));
#11667 = CARTESIAN_POINT('',(-3.555999965983,1.156597816598,
    1.709754584366));
#11668 = ADVANCED_FACE('',(#11669),#11680,.F.);
#11669 = FACE_BOUND('',#11670,.F.);
#11670 = EDGE_LOOP('',(#11671,#11672,#11673,#11679));
#11671 = ORIENTED_EDGE('',*,*,#11653,.F.);
#11672 = ORIENTED_EDGE('',*,*,#11260,.T.);
#11673 = ORIENTED_EDGE('',*,*,#11674,.T.);
#11674 = EDGE_CURVE('',#11261,#2169,#11675,.T.);
#11675 = LINE('',#11676,#11677);
#11676 = CARTESIAN_POINT('',(-3.565999965888,1.269866874896,
    1.435017056763));
#11677 = VECTOR('',#11678,1.);
#11678 = DIRECTION('',(1.,-1.224646799147E-16,-0.));
#11679 = ORIENTED_EDGE('',*,*,#2177,.F.);
#11680 = B_SPLINE_SURFACE_WITH_KNOTS('',3,1,(
    (#11681,#11682)
    ,(#11683,#11684)
    ,(#11685,#11686)
    ,(#11687,#11688
    )),.UNSPECIFIED.,.F.,.F.,.F.,(4,4),(2,2),(6.,7.),(0.,1.),
  .PIECEWISE_BEZIER_KNOTS.);
#11681 = CARTESIAN_POINT('',(-3.565999965888,1.156597816598,
    1.709754584366));
#11682 = CARTESIAN_POINT('',(-3.555999965983,1.156597816598,
    1.709754584366));
#11683 = CARTESIAN_POINT('',(-3.565999965888,1.22889723764,
    1.637455249512));
#11684 = CARTESIAN_POINT('',(-3.555999965983,1.22889723764,
    1.637455249512));
#11685 = CARTESIAN_POINT('',(-3.565999965888,1.269866874896,
    1.538646117941));
#11686 = CARTESIAN_POINT('',(-3.555999965983,1.269866874896,
    1.538646117941));
#11687 = CARTESIAN_POINT('',(-3.565999965888,1.269866874896,
    1.435017056763));
#11688 = CARTESIAN_POINT('',(-3.555999965983,1.269866874896,
    1.435017056763));
#11689 = ADVANCED_FACE('',(#11690),#11701,.F.);
#11690 = FACE_BOUND('',#11691,.F.);
#11691 = EDGE_LOOP('',(#11692,#11693,#11694,#11700));
#11692 = ORIENTED_EDGE('',*,*,#11674,.F.);
#11693 = ORIENTED_EDGE('',*,*,#11269,.T.);
#11694 = ORIENTED_EDGE('',*,*,#11695,.T.);
#11695 = EDGE_CURVE('',#11270,#2160,#11696,.T.);
#11696 = LINE('',#11697,#11698);
#11697 = CARTESIAN_POINT('',(-3.565999965888,1.168647778521,
    1.172329445114));
#11698 = VECTOR('',#11699,1.);
#11699 = DIRECTION('',(1.,-1.224646799147E-16,-0.));
#11700 = ORIENTED_EDGE('',*,*,#2168,.F.);
#11701 = B_SPLINE_SURFACE_WITH_KNOTS('',3,1,(
    (#11702,#11703)
    ,(#11704,#11705)
    ,(#11706,#11707)
    ,(#11708,#11709
    )),.UNSPECIFIED.,.F.,.F.,.F.,(4,4),(2,2),(7.,8.),(0.,1.),
  .PIECEWISE_BEZIER_KNOTS.);
#11702 = CARTESIAN_POINT('',(-3.565999965888,1.269866874896,
    1.435017056763));
#11703 = CARTESIAN_POINT('',(-3.555999965983,1.269866874896,
    1.435017056763));
#11704 = CARTESIAN_POINT('',(-3.565999965888,1.269866874896,
    1.338617912979));
#11705 = CARTESIAN_POINT('',(-3.555999965983,1.269866874896,
    1.338617912979));
#11706 = CARTESIAN_POINT('',(-3.565999965888,1.233717195979,
    1.244628711017));
#11707 = CARTESIAN_POINT('',(-3.555999965983,1.233717195979,
    1.244628711017));
#11708 = CARTESIAN_POINT('',(-3.565999965888,1.168647778521,
    1.172329445114));
#11709 = CARTESIAN_POINT('',(-3.555999965983,1.168647778521,
    1.172329445114));
#11710 = ADVANCED_FACE('',(#11711),#11722,.F.);
#11711 = FACE_BOUND('',#11712,.F.);
#11712 = EDGE_LOOP('',(#11713,#11714,#11715,#11721));
#11713 = ORIENTED_EDGE('',*,*,#11695,.F.);
#11714 = ORIENTED_EDGE('',*,*,#11278,.T.);
#11715 = ORIENTED_EDGE('',*,*,#11716,.T.);
#11716 = EDGE_CURVE('',#11279,#2151,#11717,.T.);
#11717 = LINE('',#11718,#11719);
#11718 = CARTESIAN_POINT('',(-3.565999965888,0.975849490957,
    1.056650490962));
#11719 = VECTOR('',#11720,1.);
#11720 = DIRECTION('',(1.,-1.224646799147E-16,-0.));
#11721 = ORIENTED_EDGE('',*,*,#2159,.F.);
#11722 = B_SPLINE_SURFACE_WITH_KNOTS('',3,1,(
    (#11723,#11724)
    ,(#11725,#11726)
    ,(#11727,#11728)
    ,(#11729,#11730
    )),.UNSPECIFIED.,.F.,.F.,.F.,(4,4),(2,2),(8.,9.),(0.,1.),
  .PIECEWISE_BEZIER_KNOTS.);
#11723 = CARTESIAN_POINT('',(-3.565999965888,1.168647778521,
    1.172329445114));
#11724 = CARTESIAN_POINT('',(-3.555999965983,1.168647778521,
    1.172329445114));
#11725 = CARTESIAN_POINT('',(-3.565999965888,1.115628254038,
    1.11448992207));
#11726 = CARTESIAN_POINT('',(-3.555999965983,1.115628254038,
    1.11448992207));
#11727 = CARTESIAN_POINT('',(-3.565999965888,1.050558813598,
    1.075930301332));
#11728 = CARTESIAN_POINT('',(-3.555999965983,1.050558813598,
    1.075930301332));
#11729 = CARTESIAN_POINT('',(-3.565999965888,0.975849490957,
    1.056650490962));
#11730 = CARTESIAN_POINT('',(-3.555999965983,0.975849490957,
    1.056650490962));
#11731 = ADVANCED_FACE('',(#11732),#11743,.F.);
#11732 = FACE_BOUND('',#11733,.F.);
#11733 = EDGE_LOOP('',(#11734,#11735,#11736,#11742));
#11734 = ORIENTED_EDGE('',*,*,#11716,.F.);
#11735 = ORIENTED_EDGE('',*,*,#11287,.T.);
#11736 = ORIENTED_EDGE('',*,*,#11737,.T.);
#11737 = EDGE_CURVE('',#11288,#2142,#11738,.T.);
#11738 = LINE('',#11739,#11740);
#11739 = CARTESIAN_POINT('',(-3.565999965888,0.746901501488,
    0.892771964917));
#11740 = VECTOR('',#11741,1.);
#11741 = DIRECTION('',(1.,-1.224646799147E-16,-0.));
#11742 = ORIENTED_EDGE('',*,*,#2150,.F.);
#11743 = B_SPLINE_SURFACE_WITH_KNOTS('',3,1,(
    (#11744,#11745)
    ,(#11746,#11747)
    ,(#11748,#11749)
    ,(#11750,#11751
    )),.UNSPECIFIED.,.F.,.F.,.F.,(4,4),(2,2),(9.,10.),(0.,1.),
  .PIECEWISE_BEZIER_KNOTS.);
#11744 = CARTESIAN_POINT('',(-3.565999965888,0.975849490957,
    1.056650490962));
#11745 = CARTESIAN_POINT('',(-3.555999965983,0.975849490957,
    1.056650490962));
#11746 = CARTESIAN_POINT('',(-3.565999965888,0.944519764631,
    0.960251347177));
#11747 = CARTESIAN_POINT('',(-3.555999965983,0.944519764631,
    0.960251347177));
#11748 = CARTESIAN_POINT('',(-3.565999965888,0.852940596423,
    0.892771964917));
#11749 = CARTESIAN_POINT('',(-3.555999965983,0.852940596423,
    0.892771964917));
#11750 = CARTESIAN_POINT('',(-3.565999965888,0.746901501488,
    0.892771964917));
#11751 = CARTESIAN_POINT('',(-3.555999965983,0.746901501488,
    0.892771964917));
#11752 = ADVANCED_FACE('',(#11753),#11764,.F.);
#11753 = FACE_BOUND('',#11754,.F.);
#11754 = EDGE_LOOP('',(#11755,#11756,#11757,#11763));
#11755 = ORIENTED_EDGE('',*,*,#11737,.F.);
#11756 = ORIENTED_EDGE('',*,*,#11296,.T.);
#11757 = ORIENTED_EDGE('',*,*,#11758,.T.);
#11758 = EDGE_CURVE('',#11297,#2133,#11759,.T.);
#11759 = LINE('',#11760,#11761);
#11760 = CARTESIAN_POINT('',(-3.565999965888,0.505903642031,
    1.133769824373));
#11761 = VECTOR('',#11762,1.);
#11762 = DIRECTION('',(1.,-1.224646799147E-16,-0.));
#11763 = ORIENTED_EDGE('',*,*,#2141,.F.);
#11764 = B_SPLINE_SURFACE_WITH_KNOTS('',3,1,(
    (#11765,#11766)
    ,(#11767,#11768)
    ,(#11769,#11770)
    ,(#11771,#11772
    )),.UNSPECIFIED.,.F.,.F.,.F.,(4,4),(2,2),(10.,11.),(0.,1.),
  .PIECEWISE_BEZIER_KNOTS.);
#11765 = CARTESIAN_POINT('',(-3.565999965888,0.746901501488,
    0.892771964917));
#11766 = CARTESIAN_POINT('',(-3.555999965983,0.746901501488,
    0.892771964917));
#11767 = CARTESIAN_POINT('',(-3.565999965888,0.614352678788,
    0.892771964917));
#11768 = CARTESIAN_POINT('',(-3.555999965983,0.614352678788,
    0.892771964917));
#11769 = CARTESIAN_POINT('',(-3.565999965888,0.505903642031,
    1.001221001672));
#11770 = CARTESIAN_POINT('',(-3.555999965983,0.505903642031,
    1.001221001672));
#11771 = CARTESIAN_POINT('',(-3.565999965888,0.505903642031,
    1.133769824373));
#11772 = CARTESIAN_POINT('',(-3.555999965983,0.505903642031,
    1.133769824373));
#11773 = ADVANCED_FACE('',(#11774),#11785,.F.);
#11774 = FACE_BOUND('',#11775,.T.);
#11775 = EDGE_LOOP('',(#11776,#11777,#11783,#11784));
#11776 = ORIENTED_EDGE('',*,*,#2132,.T.);
#11777 = ORIENTED_EDGE('',*,*,#11778,.F.);
#11778 = EDGE_CURVE('',#11306,#2125,#11779,.T.);
#11779 = LINE('',#11780,#11781);
#11780 = CARTESIAN_POINT('',(-3.565999965888,0.505903642031,
    1.157869610321));
#11781 = VECTOR('',#11782,1.);
#11782 = DIRECTION('',(1.,-1.224646799147E-16,-0.));
#11783 = ORIENTED_EDGE('',*,*,#11305,.F.);
#11784 = ORIENTED_EDGE('',*,*,#11758,.T.);
#11785 = PLANE('',#11786);
#11786 = AXIS2_PLACEMENT_3D('',#11787,#11788,#11789);
#11787 = CARTESIAN_POINT('',(-3.565999965888,0.505903642031,
    1.133769824373));
#11788 = DIRECTION('',(1.224646799147E-16,1.,0.));
#11789 = DIRECTION('',(0.,0.,-1.));
#11790 = ADVANCED_FACE('',(#11791),#11802,.F.);
#11791 = FACE_BOUND('',#11792,.T.);
#11792 = EDGE_LOOP('',(#11793,#11794,#11800,#11801));
#11793 = ORIENTED_EDGE('',*,*,#2124,.T.);
#11794 = ORIENTED_EDGE('',*,*,#11795,.F.);
#11795 = EDGE_CURVE('',#11315,#2117,#11796,.T.);
#11796 = LINE('',#11797,#11798);
#11797 = CARTESIAN_POINT('',(-3.565999965888,0.168506638792,
    1.336208017125));
#11798 = VECTOR('',#11799,1.);
#11799 = DIRECTION('',(1.,-1.224646799147E-16,-0.));
#11800 = ORIENTED_EDGE('',*,*,#11314,.F.);
#11801 = ORIENTED_EDGE('',*,*,#11778,.T.);
#11802 = PLANE('',#11803);
#11803 = AXIS2_PLACEMENT_3D('',#11804,#11805,#11806);
#11804 = CARTESIAN_POINT('',(-3.565999965888,0.505903642031,
    1.157869610321));
#11805 = DIRECTION('',(5.722863974351E-17,0.467307306755,0.884094950248)
  );
#11806 = DIRECTION('',(1.082704050963E-16,0.884094950248,-0.467307306755
    ));
#11807 = ADVANCED_FACE('',(#11808),#11819,.F.);
#11808 = FACE_BOUND('',#11809,.T.);
#11809 = EDGE_LOOP('',(#11810,#11811,#11817,#11818));
#11810 = ORIENTED_EDGE('',*,*,#2116,.T.);
#11811 = ORIENTED_EDGE('',*,*,#11812,.F.);
#11812 = EDGE_CURVE('',#11323,#2109,#11813,.T.);
#11813 = LINE('',#11814,#11815);
#11814 = CARTESIAN_POINT('',(-3.565999965888,0.243215938451,
    1.463936910216));
#11815 = VECTOR('',#11816,1.);
#11816 = DIRECTION('',(1.,-1.224646799147E-16,-0.));
#11817 = ORIENTED_EDGE('',*,*,#11322,.F.);
#11818 = ORIENTED_EDGE('',*,*,#11795,.T.);
#11819 = PLANE('',#11820);
#11820 = AXIS2_PLACEMENT_3D('',#11821,#11822,#11823);
#11821 = CARTESIAN_POINT('',(-3.565999965888,0.168506638792,
    1.336208017125));
#11822 = DIRECTION('',(1.057100126051E-16,0.863187758941,-0.50488304865)
  );
#11823 = DIRECTION('',(-6.183034094729E-17,-0.50488304865,
    -0.863187758941));
#11824 = ADVANCED_FACE('',(#11825),#11836,.F.);
#11825 = FACE_BOUND('',#11826,.T.);
#11826 = EDGE_LOOP('',(#11827,#11828,#11834,#11835));
#11827 = ORIENTED_EDGE('',*,*,#2108,.T.);
#11828 = ORIENTED_EDGE('',*,*,#11829,.F.);
#11829 = EDGE_CURVE('',#11331,#2100,#11830,.T.);
#11830 = LINE('',#11831,#11832);
#11831 = CARTESIAN_POINT('',(-3.565999965888,0.566153060929,
    1.295238408597));
#11832 = VECTOR('',#11833,1.);
#11833 = DIRECTION('',(1.,-1.224646799147E-16,-0.));
#11834 = ORIENTED_EDGE('',*,*,#11330,.F.);
#11835 = ORIENTED_EDGE('',*,*,#11812,.T.);
#11836 = PLANE('',#11837);
#11837 = AXIS2_PLACEMENT_3D('',#11838,#11839,#11840);
#11838 = CARTESIAN_POINT('',(-3.565999965888,0.243215938451,
    1.463936910216));
#11839 = DIRECTION('',(-5.670335917232E-17,-0.463018065387,
    -0.886348842796));
#11840 = DIRECTION('',(-1.085464273258E-16,-0.886348842796,
    0.463018065387));
#11841 = ADVANCED_FACE('',(#11842),#11853,.F.);
#11842 = FACE_BOUND('',#11843,.F.);
#11843 = EDGE_LOOP('',(#11844,#11845,#11846,#11852));
#11844 = ORIENTED_EDGE('',*,*,#11829,.F.);
#11845 = ORIENTED_EDGE('',*,*,#11338,.T.);
#11846 = ORIENTED_EDGE('',*,*,#11847,.T.);
#11847 = EDGE_CURVE('',#11339,#2091,#11848,.T.);
#11848 = LINE('',#11849,#11850);
#11849 = CARTESIAN_POINT('',(-3.565999965888,0.746901455522,
    1.377177671619));
#11850 = VECTOR('',#11851,1.);
#11851 = DIRECTION('',(1.,-1.224646799147E-16,-0.));
#11852 = ORIENTED_EDGE('',*,*,#2099,.F.);
#11853 = B_SPLINE_SURFACE_WITH_KNOTS('',3,1,(
    (#11854,#11855)
    ,(#11856,#11857)
    ,(#11858,#11859)
    ,(#11860,#11861
    )),.UNSPECIFIED.,.F.,.F.,.F.,(4,4),(2,2),(15.,16.),(0.,1.),
  .PIECEWISE_BEZIER_KNOTS.);
#11854 = CARTESIAN_POINT('',(-3.565999965888,0.566153060929,
    1.295238408597));
#11855 = CARTESIAN_POINT('',(-3.555999965983,0.566153060929,
    1.295238408597));
#11856 = CARTESIAN_POINT('',(-3.565999965888,0.609532657245,
    1.345847968277));
#11857 = CARTESIAN_POINT('',(-3.555999965983,0.609532657245,
    1.345847968277));
#11858 = CARTESIAN_POINT('',(-3.565999965888,0.674602097685,
    1.377177671619));
#11859 = CARTESIAN_POINT('',(-3.555999965983,0.674602097685,
    1.377177671619));
#11860 = CARTESIAN_POINT('',(-3.565999965888,0.746901455522,
    1.377177671619));
#11861 = CARTESIAN_POINT('',(-3.555999965983,0.746901455522,
    1.377177671619));
#11862 = ADVANCED_FACE('',(#11863),#11874,.F.);
#11863 = FACE_BOUND('',#11864,.F.);
#11864 = EDGE_LOOP('',(#11865,#11866,#11867,#11873));
#11865 = ORIENTED_EDGE('',*,*,#11847,.F.);
#11866 = ORIENTED_EDGE('',*,*,#11347,.T.);
#11867 = ORIENTED_EDGE('',*,*,#11868,.T.);
#11868 = EDGE_CURVE('',#11348,#2082,#11869,.T.);
#11869 = LINE('',#11870,#11871);
#11870 = CARTESIAN_POINT('',(-3.565999965888,0.973439434218,
    1.218119075185));
#11871 = VECTOR('',#11872,1.);
#11872 = DIRECTION('',(1.,-1.224646799147E-16,-0.));
#11873 = ORIENTED_EDGE('',*,*,#2090,.F.);
#11874 = B_SPLINE_SURFACE_WITH_KNOTS('',3,1,(
    (#11875,#11876)
    ,(#11877,#11878)
    ,(#11879,#11880)
    ,(#11881,#11882
    )),.UNSPECIFIED.,.F.,.F.,.F.,(4,4),(2,2),(16.,17.),(0.,1.),
  .PIECEWISE_BEZIER_KNOTS.);
#11875 = CARTESIAN_POINT('',(-3.565999965888,0.746901455522,
    1.377177671619));
#11876 = CARTESIAN_POINT('',(-3.555999965983,0.746901455522,
    1.377177671619));
#11877 = CARTESIAN_POINT('',(-3.565999965888,0.850530562668,
    1.377177671619));
#11878 = CARTESIAN_POINT('',(-3.555999965983,0.850530562668,
    1.377177671619));
#11879 = CARTESIAN_POINT('',(-3.565999965888,0.939699743087,
    1.309698289359));
#11880 = CARTESIAN_POINT('',(-3.555999965983,0.939699743087,
    1.309698289359));
#11881 = CARTESIAN_POINT('',(-3.565999965888,0.973439434218,
    1.218119075185));
#11882 = CARTESIAN_POINT('',(-3.555999965983,0.973439434218,
    1.218119075185));
#11883 = ADVANCED_FACE('',(#11884),#11895,.F.);
#11884 = FACE_BOUND('',#11885,.F.);
#11885 = EDGE_LOOP('',(#11886,#11887,#11888,#11894));
#11886 = ORIENTED_EDGE('',*,*,#11868,.F.);
#11887 = ORIENTED_EDGE('',*,*,#11356,.T.);
#11888 = ORIENTED_EDGE('',*,*,#11889,.T.);
#11889 = EDGE_CURVE('',#11357,#2073,#11890,.T.);
#11890 = LINE('',#11891,#11892);
#11891 = CARTESIAN_POINT('',(-3.565999965888,1.118038149892,
    1.439837124271));
#11892 = VECTOR('',#11893,1.);
#11893 = DIRECTION('',(1.,-1.224646799147E-16,-0.));
#11894 = ORIENTED_EDGE('',*,*,#2081,.F.);
#11895 = B_SPLINE_SURFACE_WITH_KNOTS('',3,1,(
    (#11896,#11897)
    ,(#11898,#11899)
    ,(#11900,#11901)
    ,(#11902,#11903
    )),.UNSPECIFIED.,.F.,.F.,.F.,(4,4),(2,2),(17.,18.),(0.,1.),
  .PIECEWISE_BEZIER_KNOTS.);
#11896 = CARTESIAN_POINT('',(-3.565999965888,0.973439434218,
    1.218119075185));
#11897 = CARTESIAN_POINT('',(-3.555999965983,0.973439434218,
    1.218119075185));
#11898 = CARTESIAN_POINT('',(-3.565999965888,1.057788685028,
    1.25667874189));
#11899 = CARTESIAN_POINT('',(-3.555999965983,1.057788685028,
    1.25667874189));
#11900 = CARTESIAN_POINT('',(-3.565999965888,1.118038149892,1.3410279927
    ));
#11901 = CARTESIAN_POINT('',(-3.555999965983,1.118038149892,1.3410279927
    ));
#11902 = CARTESIAN_POINT('',(-3.565999965888,1.118038149892,
    1.439837124271));
#11903 = CARTESIAN_POINT('',(-3.555999965983,1.118038149892,
    1.439837124271));
#11904 = ADVANCED_FACE('',(#11905),#11916,.F.);
#11905 = FACE_BOUND('',#11906,.F.);
#11906 = EDGE_LOOP('',(#11907,#11908,#11909,#11915));
#11907 = ORIENTED_EDGE('',*,*,#11889,.F.);
#11908 = ORIENTED_EDGE('',*,*,#11365,.T.);
#11909 = ORIENTED_EDGE('',*,*,#11910,.T.);
#11910 = EDGE_CURVE('',#11366,#2064,#11911,.T.);
#11911 = LINE('',#11912,#11913);
#11912 = CARTESIAN_POINT('',(-3.565999965888,0.877040290436,
    1.680834983727));
#11913 = VECTOR('',#11914,1.);
#11914 = DIRECTION('',(1.,-1.224646799147E-16,-0.));
#11915 = ORIENTED_EDGE('',*,*,#2072,.F.);
#11916 = B_SPLINE_SURFACE_WITH_KNOTS('',3,1,(
    (#11917,#11918)
    ,(#11919,#11920)
    ,(#11921,#11922)
    ,(#11923,#11924
    )),.UNSPECIFIED.,.F.,.F.,.F.,(4,4),(2,2),(18.,19.),(0.,1.),
  .PIECEWISE_BEZIER_KNOTS.);
#11917 = CARTESIAN_POINT('',(-3.565999965888,1.118038149892,
    1.439837124271));
#11918 = CARTESIAN_POINT('',(-3.555999965983,1.118038149892,
    1.439837124271));
#11919 = CARTESIAN_POINT('',(-3.565999965888,1.118038149892,
    1.572385946973));
#11920 = CARTESIAN_POINT('',(-3.555999965983,1.118038149892,
    1.572385946973));
#11921 = CARTESIAN_POINT('',(-3.565999965888,1.009589113137,
    1.680834983727));
#11922 = CARTESIAN_POINT('',(-3.555999965983,1.009589113137,
    1.680834983727));
#11923 = CARTESIAN_POINT('',(-3.565999965888,0.877040290436,
    1.680834983727));
#11924 = CARTESIAN_POINT('',(-3.555999965983,0.877040290436,
    1.680834983727));
#11925 = ADVANCED_FACE('',(#11926),#11937,.F.);
#11926 = FACE_BOUND('',#11927,.F.);
#11927 = EDGE_LOOP('',(#11928,#11929,#11930,#11936));
#11928 = ORIENTED_EDGE('',*,*,#11910,.F.);
#11929 = ORIENTED_EDGE('',*,*,#11374,.T.);
#11930 = ORIENTED_EDGE('',*,*,#11931,.T.);
#11931 = EDGE_CURVE('',#11375,#2055,#11932,.T.);
#11932 = LINE('',#11933,#11934);
#11933 = CARTESIAN_POINT('',(-3.565999965888,0.74931144331,
    1.644685304808));
#11934 = VECTOR('',#11935,1.);
#11935 = DIRECTION('',(1.,-1.224646799147E-16,-0.));
#11936 = ORIENTED_EDGE('',*,*,#2063,.F.);
#11937 = B_SPLINE_SURFACE_WITH_KNOTS('',3,1,(
    (#11938,#11939)
    ,(#11940,#11941)
    ,(#11942,#11943)
    ,(#11944,#11945
    )),.UNSPECIFIED.,.F.,.F.,.F.,(4,4),(2,2),(19.,20.),(0.,1.),
  .PIECEWISE_BEZIER_KNOTS.);
#11938 = CARTESIAN_POINT('',(-3.565999965888,0.877040290436,
    1.680834983727));
#11939 = CARTESIAN_POINT('',(-3.555999965983,0.877040290436,
    1.680834983727));
#11940 = CARTESIAN_POINT('',(-3.565999965888,0.831250706331,
    1.680834983727));
#11941 = CARTESIAN_POINT('',(-3.555999965983,0.831250706331,
    1.680834983727));
#11942 = CARTESIAN_POINT('',(-3.565999965888,0.785461122228,
    1.666375102968));
#11943 = CARTESIAN_POINT('',(-3.555999965983,0.785461122228,
    1.666375102968));
#11944 = CARTESIAN_POINT('',(-3.565999965888,0.74931144331,
    1.644685304808));
#11945 = CARTESIAN_POINT('',(-3.555999965983,0.74931144331,
    1.644685304808));
#11946 = ADVANCED_FACE('',(#11947),#11958,.F.);
#11947 = FACE_BOUND('',#11948,.F.);
#11948 = EDGE_LOOP('',(#11949,#11950,#11951,#11957));
#11949 = ORIENTED_EDGE('',*,*,#11931,.F.);
#11950 = ORIENTED_EDGE('',*,*,#11383,.T.);
#11951 = ORIENTED_EDGE('',*,*,#11952,.T.);
#11952 = EDGE_CURVE('',#11384,#2046,#11953,.T.);
#11953 = LINE('',#11954,#11955);
#11954 = CARTESIAN_POINT('',(-3.565999965888,0.426374366797,
    1.876043121181));
#11955 = VECTOR('',#11956,1.);
#11956 = DIRECTION('',(1.,-1.224646799147E-16,-0.));
#11957 = ORIENTED_EDGE('',*,*,#2054,.F.);
#11958 = B_SPLINE_SURFACE_WITH_KNOTS('',3,1,(
    (#11959,#11960)
    ,(#11961,#11962)
    ,(#11963,#11964)
    ,(#11965,#11966
    )),.UNSPECIFIED.,.F.,.F.,.F.,(4,4),(2,2),(20.,21.),(0.,1.),
  .PIECEWISE_BEZIER_KNOTS.);
#11959 = CARTESIAN_POINT('',(-3.565999965888,0.74931144331,
    1.644685304808));
#11960 = CARTESIAN_POINT('',(-3.555999965983,0.74931144331,
    1.644685304808));
#11961 = CARTESIAN_POINT('',(-3.565999965888,0.703521905173,
    1.779643977399));
#11962 = CARTESIAN_POINT('',(-3.555999965983,0.703521905173,
    1.779643977399));
#11963 = CARTESIAN_POINT('',(-3.565999965888,0.578202999869,
    1.876043121181));
#11964 = CARTESIAN_POINT('',(-3.555999965983,0.578202999869,
    1.876043121181));
#11965 = CARTESIAN_POINT('',(-3.565999965888,0.426374366797,
    1.876043121181));
#11966 = CARTESIAN_POINT('',(-3.555999965983,0.426374366797,
    1.876043121181));
#11967 = ADVANCED_FACE('',(#11968),#11979,.F.);
#11968 = FACE_BOUND('',#11969,.F.);
#11969 = EDGE_LOOP('',(#11970,#11971,#11972,#11978));
#11970 = ORIENTED_EDGE('',*,*,#11952,.F.);
#11971 = ORIENTED_EDGE('',*,*,#11392,.T.);
#11972 = ORIENTED_EDGE('',*,*,#11973,.T.);
#11973 = EDGE_CURVE('',#11393,#2037,#11974,.T.);
#11974 = LINE('',#11975,#11976);
#11975 = CARTESIAN_POINT('',(-3.565999965888,8.897736355805E-02,
    1.57479579686));
#11976 = VECTOR('',#11977,1.);
#11977 = DIRECTION('',(1.,-1.224646799147E-16,-0.));
#11978 = ORIENTED_EDGE('',*,*,#2045,.F.);
#11979 = B_SPLINE_SURFACE_WITH_KNOTS('',3,1,(
    (#11980,#11981)
    ,(#11982,#11983)
    ,(#11984,#11985)
    ,(#11986,#11987
    )),.UNSPECIFIED.,.F.,.F.,.F.,(4,4),(2,2),(21.,22.),(0.,1.),
  .PIECEWISE_BEZIER_KNOTS.);
#11980 = CARTESIAN_POINT('',(-3.565999965888,0.426374366797,
    1.876043121181));
#11981 = CARTESIAN_POINT('',(-3.555999965983,0.426374366797,
    1.876043121181));
#11982 = CARTESIAN_POINT('',(-3.565999965888,0.252855889601,
    1.876043121181));
#11983 = CARTESIAN_POINT('',(-3.555999965983,0.252855889601,
    1.876043121181));
#11984 = CARTESIAN_POINT('',(-3.565999965888,0.108257173928,
    1.743494298479));
#11985 = CARTESIAN_POINT('',(-3.555999965983,0.108257173928,
    1.743494298479));
#11986 = CARTESIAN_POINT('',(-3.565999965888,8.897736355805E-02,
    1.57479579686));
#11987 = CARTESIAN_POINT('',(-3.555999965983,8.897736355805E-02,
    1.57479579686));
#11988 = ADVANCED_FACE('',(#11989),#12000,.F.);
#11989 = FACE_BOUND('',#11990,.T.);
#11990 = EDGE_LOOP('',(#11991,#11992,#11998,#11999));
#11991 = ORIENTED_EDGE('',*,*,#2036,.T.);
#11992 = ORIENTED_EDGE('',*,*,#11993,.F.);
#11993 = EDGE_CURVE('',#11402,#2028,#11994,.T.);
#11994 = LINE('',#11995,#11996);
#11995 = CARTESIAN_POINT('',(-3.565999965888,6.969755318786E-02,
    1.57479579686));
#11996 = VECTOR('',#11997,1.);
#11997 = DIRECTION('',(1.,-1.224646799147E-16,-0.));
#11998 = ORIENTED_EDGE('',*,*,#11401,.F.);
#11999 = ORIENTED_EDGE('',*,*,#11973,.T.);
#12000 = PLANE('',#12001);
#12001 = AXIS2_PLACEMENT_3D('',#12002,#12003,#12004);
#12002 = CARTESIAN_POINT('',(-3.565999965888,8.897736355805E-02,
    1.57479579686));
#12003 = DIRECTION('',(0.,0.,1.));
#12004 = DIRECTION('',(-1.,1.224646799147E-16,0.));
#12005 = ADVANCED_FACE('',(#12006),#12017,.F.);
#12006 = FACE_BOUND('',#12007,.F.);
#12007 = EDGE_LOOP('',(#12008,#12009,#12010,#12016));
#12008 = ORIENTED_EDGE('',*,*,#11993,.F.);
#12009 = ORIENTED_EDGE('',*,*,#11410,.T.);
#12010 = ORIENTED_EDGE('',*,*,#12011,.T.);
#12011 = EDGE_CURVE('',#11411,#2019,#12012,.T.);
#12012 = LINE('',#12013,#12014);
#12013 = CARTESIAN_POINT('',(-3.565999965888,-0.118280758801,
    1.386817484871));
#12014 = VECTOR('',#12015,1.);
#12015 = DIRECTION('',(1.,-1.224646799147E-16,-0.));
#12016 = ORIENTED_EDGE('',*,*,#2027,.F.);
#12017 = B_SPLINE_SURFACE_WITH_KNOTS('',3,1,(
    (#12018,#12019)
    ,(#12020,#12021)
    ,(#12022,#12023)
    ,(#12024,#12025
    )),.UNSPECIFIED.,.F.,.F.,.F.,(4,4),(2,2),(23.,24.),(0.,1.),
  .PIECEWISE_BEZIER_KNOTS.);
#12018 = CARTESIAN_POINT('',(-3.565999965888,6.969755318786E-02,
    1.57479579686));
#12019 = CARTESIAN_POINT('',(-3.555999965983,6.969755318786E-02,
    1.57479579686));
#12020 = CARTESIAN_POINT('',(-3.565999965888,-3.393150799187E-02,
    1.57479579686));
#12021 = CARTESIAN_POINT('',(-3.555999965983,-3.393150799187E-02,
    1.57479579686));
#12022 = CARTESIAN_POINT('',(-3.565999965888,-0.118280758801,
    1.490446546051));
#12023 = CARTESIAN_POINT('',(-3.555999965983,-0.118280758801,
    1.490446546051));
#12024 = CARTESIAN_POINT('',(-3.565999965888,-0.118280758801,
    1.386817484871));
#12025 = CARTESIAN_POINT('',(-3.555999965983,-0.118280758801,
    1.386817484871));
#12026 = ADVANCED_FACE('',(#12027),#12038,.F.);
#12027 = FACE_BOUND('',#12028,.F.);
#12028 = EDGE_LOOP('',(#12029,#12030,#12031,#12037));
#12029 = ORIENTED_EDGE('',*,*,#12011,.F.);
#12030 = ORIENTED_EDGE('',*,*,#11419,.T.);
#12031 = ORIENTED_EDGE('',*,*,#12032,.T.);
#12032 = EDGE_CURVE('',#11420,#2011,#12033,.T.);
#12033 = LINE('',#12034,#12035);
#12034 = CARTESIAN_POINT('',(-3.565999965888,5.523771839357E-02,
    1.198839172882));
#12035 = VECTOR('',#12036,1.);
#12036 = DIRECTION('',(1.,-1.224646799147E-16,-0.));
#12037 = ORIENTED_EDGE('',*,*,#2018,.F.);
#12038 = B_SPLINE_SURFACE_WITH_KNOTS('',3,1,(
    (#12039,#12040)
    ,(#12041,#12042)
    ,(#12043,#12044)
    ,(#12045,#12046
    )),.UNSPECIFIED.,.F.,.F.,.F.,(4,4),(2,2),(24.,25.),(0.,1.),
  .PIECEWISE_BEZIER_KNOTS.);
#12039 = CARTESIAN_POINT('',(-3.565999965888,-0.118280758801,
    1.386817484871));
#12040 = CARTESIAN_POINT('',(-3.555999965983,-0.118280758801,
    1.386817484871));
#12041 = CARTESIAN_POINT('',(-3.565999965888,-0.118280758801,
    1.288008353299));
#12042 = CARTESIAN_POINT('',(-3.555999965983,-0.118280758801,
    1.288008353299));
#12043 = CARTESIAN_POINT('',(-3.565999965888,-4.357145914251E-02,
    1.206069090279));
#12044 = CARTESIAN_POINT('',(-3.555999965983,-4.357145914251E-02,
    1.206069090279));
#12045 = CARTESIAN_POINT('',(-3.565999965888,5.523771839357E-02,
    1.198839172882));
#12046 = CARTESIAN_POINT('',(-3.555999965983,5.523771839357E-02,
    1.198839172882));
#12047 = ADVANCED_FACE('',(#12048),#12059,.F.);
#12048 = FACE_BOUND('',#12049,.T.);
#12049 = EDGE_LOOP('',(#12050,#12051,#12057,#12058));
#12050 = ORIENTED_EDGE('',*,*,#2010,.T.);
#12051 = ORIENTED_EDGE('',*,*,#12052,.F.);
#12052 = EDGE_CURVE('',#11429,#2002,#12053,.T.);
#12053 = LINE('',#12054,#12055);
#12054 = CARTESIAN_POINT('',(-3.565999965888,0.163686755149,
    1.198839172882));
#12055 = VECTOR('',#12056,1.);
#12056 = DIRECTION('',(1.,-1.224646799147E-16,-0.));
#12057 = ORIENTED_EDGE('',*,*,#11428,.F.);
#12058 = ORIENTED_EDGE('',*,*,#12032,.T.);
#12059 = PLANE('',#12060);
#12060 = AXIS2_PLACEMENT_3D('',#12061,#12062,#12063);
#12061 = CARTESIAN_POINT('',(-3.565999965888,5.523771839357E-02,
    1.198839172882));
#12062 = DIRECTION('',(-4.285124714004E-31,-3.499069868135E-15,-1.));
#12063 = DIRECTION('',(-1.224646799147E-16,-1.,3.499069868135E-15));
#12064 = ADVANCED_FACE('',(#12065),#12076,.F.);
#12065 = FACE_BOUND('',#12066,.F.);
#12066 = EDGE_LOOP('',(#12067,#12068,#12069,#12075));
#12067 = ORIENTED_EDGE('',*,*,#12052,.F.);
#12068 = ORIENTED_EDGE('',*,*,#11436,.T.);
#12069 = ORIENTED_EDGE('',*,*,#12070,.T.);
#12070 = EDGE_CURVE('',#11437,#1993,#12071,.T.);
#12071 = LINE('',#12072,#12073);
#12072 = CARTESIAN_POINT('',(-3.565999965888,0.178146589943,
    1.201249114702));
#12073 = VECTOR('',#12074,1.);
#12074 = DIRECTION('',(1.,-1.224646799147E-16,-0.));
#12075 = ORIENTED_EDGE('',*,*,#2001,.F.);
#12076 = B_SPLINE_SURFACE_WITH_KNOTS('',3,1,(
    (#12077,#12078)
    ,(#12079,#12080)
    ,(#12081,#12082)
    ,(#12083,#12084
    )),.UNSPECIFIED.,.F.,.F.,.F.,(4,4),(2,2),(26.,27.),(0.,1.),
  .PIECEWISE_BEZIER_KNOTS.);
#12077 = CARTESIAN_POINT('',(-3.565999965888,0.163686755149,
    1.198839172882));
#12078 = CARTESIAN_POINT('',(-3.555999965983,0.163686755149,
    1.198839172882));
#12079 = CARTESIAN_POINT('',(-3.565999965888,0.168506730725,
    1.198839172882));
#12080 = CARTESIAN_POINT('',(-3.555999965983,0.168506730725,
    1.198839172882));
#12081 = CARTESIAN_POINT('',(-3.565999965888,0.173326706301,
    1.201249114702));
#12082 = CARTESIAN_POINT('',(-3.555999965983,0.173326706301,
    1.201249114702));
#12083 = CARTESIAN_POINT('',(-3.565999965888,0.178146589943,
    1.201249114702));
#12084 = CARTESIAN_POINT('',(-3.555999965983,0.178146589943,
    1.201249114702));
#12085 = ADVANCED_FACE('',(#12086),#12097,.F.);
#12086 = FACE_BOUND('',#12087,.F.);
#12087 = EDGE_LOOP('',(#12088,#12089,#12090,#12096));
#12088 = ORIENTED_EDGE('',*,*,#12070,.F.);
#12089 = ORIENTED_EDGE('',*,*,#11445,.T.);
#12090 = ORIENTED_EDGE('',*,*,#12091,.T.);
#12091 = EDGE_CURVE('',#11446,#1984,#12092,.T.);
#12092 = LINE('',#12093,#12094);
#12093 = CARTESIAN_POINT('',(-3.565999965888,0.252855889601,
    1.126539815045));
#12094 = VECTOR('',#12095,1.);
#12095 = DIRECTION('',(1.,-1.224646799147E-16,-0.));
#12096 = ORIENTED_EDGE('',*,*,#1992,.F.);
#12097 = B_SPLINE_SURFACE_WITH_KNOTS('',3,1,(
    (#12098,#12099)
    ,(#12100,#12101)
    ,(#12102,#12103)
    ,(#12104,#12105
    )),.UNSPECIFIED.,.F.,.F.,.F.,(4,4),(2,2),(27.,28.),(0.,1.),
  .PIECEWISE_BEZIER_KNOTS.);
#12098 = CARTESIAN_POINT('',(-3.565999965888,0.178146589943,
    1.201249114702));
#12099 = CARTESIAN_POINT('',(-3.555999965983,0.178146589943,
    1.201249114702));
#12100 = CARTESIAN_POINT('',(-3.565999965888,0.219116244438,
    1.201249114702));
#12101 = CARTESIAN_POINT('',(-3.555999965983,0.219116244438,
    1.201249114702));
#12102 = CARTESIAN_POINT('',(-3.565999965888,0.252855889601,
    1.167509377606));
#12103 = CARTESIAN_POINT('',(-3.555999965983,0.252855889601,
    1.167509377606));
#12104 = CARTESIAN_POINT('',(-3.565999965888,0.252855889601,
    1.126539815045));
#12105 = CARTESIAN_POINT('',(-3.555999965983,0.252855889601,
    1.126539815045));
#12106 = ADVANCED_FACE('',(#12107),#12118,.F.);
#12107 = FACE_BOUND('',#12108,.F.);
#12108 = EDGE_LOOP('',(#12109,#12110,#12111,#12117));
#12109 = ORIENTED_EDGE('',*,*,#12091,.F.);
#12110 = ORIENTED_EDGE('',*,*,#11454,.T.);
#12111 = ORIENTED_EDGE('',*,*,#12112,.T.);
#12112 = EDGE_CURVE('',#11455,#1976,#12113,.T.);
#12113 = LINE('',#12114,#12115);
#12114 = CARTESIAN_POINT('',(-3.565999965888,0.182966473586,
    1.051830515384));
#12115 = VECTOR('',#12116,1.);
#12116 = DIRECTION('',(1.,-1.224646799147E-16,-0.));
#12117 = ORIENTED_EDGE('',*,*,#1983,.F.);
#12118 = B_SPLINE_SURFACE_WITH_KNOTS('',3,1,(
    (#12119,#12120)
    ,(#12121,#12122)
    ,(#12123,#12124)
    ,(#12125,#12126
    )),.UNSPECIFIED.,.F.,.F.,.F.,(4,4),(2,2),(28.,29.),(0.,1.),
  .PIECEWISE_BEZIER_KNOTS.);
#12119 = CARTESIAN_POINT('',(-3.565999965888,0.252855889601,
    1.126539815045));
#12120 = CARTESIAN_POINT('',(-3.555999965983,0.252855889601,
    1.126539815045));
#12121 = CARTESIAN_POINT('',(-3.565999965888,0.252855889601,
    1.087980194304));
#12122 = CARTESIAN_POINT('',(-3.555999965983,0.252855889601,
    1.087980194304));
#12123 = CARTESIAN_POINT('',(-3.565999965888,0.22152618626,
    1.054240457205));
#12124 = CARTESIAN_POINT('',(-3.555999965983,0.22152618626,
    1.054240457205));
#12125 = CARTESIAN_POINT('',(-3.565999965888,0.182966473586,
    1.051830515384));
#12126 = CARTESIAN_POINT('',(-3.555999965983,0.182966473586,
    1.051830515384));
#12127 = ADVANCED_FACE('',(#12128),#12139,.F.);
#12128 = FACE_BOUND('',#12129,.T.);
#12129 = EDGE_LOOP('',(#12130,#12131,#12137,#12138));
#12130 = ORIENTED_EDGE('',*,*,#1975,.T.);
#12131 = ORIENTED_EDGE('',*,*,#12132,.F.);
#12132 = EDGE_CURVE('',#11464,#1967,#12133,.T.);
#12133 = LINE('',#12134,#12135);
#12134 = CARTESIAN_POINT('',(-3.565999965888,4.077779166589E-02,
    1.051830515384));
#12135 = VECTOR('',#12136,1.);
#12136 = DIRECTION('',(1.,-1.224646799147E-16,-0.));
#12137 = ORIENTED_EDGE('',*,*,#11463,.F.);
#12138 = ORIENTED_EDGE('',*,*,#12112,.T.);
#12139 = PLANE('',#12140);
#12140 = AXIS2_PLACEMENT_3D('',#12141,#12142,#12143);
#12141 = CARTESIAN_POINT('',(-3.565999965888,4.800770906361E-02,
    1.051830515384));
#12142 = DIRECTION('',(4.591216726349E-31,3.74901296402E-15,1.));
#12143 = DIRECTION('',(1.224646799147E-16,1.,-3.74901296402E-15));
#12144 = ADVANCED_FACE('',(#12145),#12156,.F.);
#12145 = FACE_BOUND('',#12146,.F.);
#12146 = EDGE_LOOP('',(#12147,#12148,#12149,#12155));
#12147 = ORIENTED_EDGE('',*,*,#12132,.F.);
#12148 = ORIENTED_EDGE('',*,*,#11471,.T.);
#12149 = ORIENTED_EDGE('',*,*,#12150,.T.);
#12150 = EDGE_CURVE('',#11472,#1958,#12151,.T.);
#12151 = LINE('',#12152,#12153);
#12152 = CARTESIAN_POINT('',(-3.565999965888,-0.178530223665,
    1.160279552141));
#12153 = VECTOR('',#12154,1.);
#12154 = DIRECTION('',(1.,-1.224646799147E-16,-0.));
#12155 = ORIENTED_EDGE('',*,*,#1966,.F.);
#12156 = B_SPLINE_SURFACE_WITH_KNOTS('',3,1,(
    (#12157,#12158)
    ,(#12159,#12160)
    ,(#12161,#12162)
    ,(#12163,#12164
    )),.UNSPECIFIED.,.F.,.F.,.F.,(4,4),(2,2),(33.,34.),(0.,1.),
  .PIECEWISE_BEZIER_KNOTS.);
#12157 = CARTESIAN_POINT('',(-3.565999965888,4.077779166589E-02,
    1.051830515384));
#12158 = CARTESIAN_POINT('',(-3.555999965983,4.077779166589E-02,
    1.051830515384));
#12159 = CARTESIAN_POINT('',(-3.565999965888,-4.357145914251E-02,
    1.059060432782));
#12160 = CARTESIAN_POINT('',(-3.555999965983,-4.357145914251E-02,
    1.059060432782));
#12161 = CARTESIAN_POINT('',(-3.565999965888,-0.120690792557,
    1.097620145456));
#12162 = CARTESIAN_POINT('',(-3.555999965983,-0.120690792557,
    1.097620145456));
#12163 = CARTESIAN_POINT('',(-3.565999965888,-0.178530223665,
    1.160279552141));
#12164 = CARTESIAN_POINT('',(-3.555999965983,-0.178530223665,
    1.160279552141));
#12165 = ADVANCED_FACE('',(#12166),#12172,.F.);
#12166 = FACE_BOUND('',#12167,.F.);
#12167 = EDGE_LOOP('',(#12168,#12169,#12170,#12171));
#12168 = ORIENTED_EDGE('',*,*,#12150,.F.);
#12169 = ORIENTED_EDGE('',*,*,#11480,.T.);
#12170 = ORIENTED_EDGE('',*,*,#11520,.T.);
#12171 = ORIENTED_EDGE('',*,*,#1957,.F.);
#12172 = B_SPLINE_SURFACE_WITH_KNOTS('',3,1,(
    (#12173,#12174)
    ,(#12175,#12176)
    ,(#12177,#12178)
    ,(#12179,#12180
    )),.UNSPECIFIED.,.F.,.F.,.F.,(4,4),(2,2),(34.,35.),(0.,1.),
  .PIECEWISE_BEZIER_KNOTS.);
#12173 = CARTESIAN_POINT('',(-3.565999965888,-0.178530223665,
    1.160279552141));
#12174 = CARTESIAN_POINT('',(-3.555999965983,-0.178530223665,
    1.160279552141));
#12175 = CARTESIAN_POINT('',(-3.565999965888,-0.236369746709,
    1.222938958827));
#12176 = CARTESIAN_POINT('',(-3.555999965983,-0.236369746709,
    1.222938958827));
#12177 = CARTESIAN_POINT('',(-3.565999965888,-0.267699450051,
    1.304878267815));
#12178 = CARTESIAN_POINT('',(-3.555999965983,-0.267699450051,
    1.304878267815));
#12179 = CARTESIAN_POINT('',(-3.565999965888,-0.267699450051,
    1.389227518625));
#12180 = CARTESIAN_POINT('',(-3.555999965983,-0.267699450051,
    1.389227518625));
#12181 = ADVANCED_FACE('',(#12182),#12211,.T.);
#12182 = FACE_BOUND('',#12183,.T.);
#12183 = EDGE_LOOP('',(#12184,#12198,#12204,#12205));
#12184 = ORIENTED_EDGE('',*,*,#12185,.F.);
#12185 = EDGE_CURVE('',#12186,#12188,#12190,.T.);
#12186 = VERTEX_POINT('',#12187);
#12187 = CARTESIAN_POINT('',(-3.555999965983,0.749311489277,
    1.037370496725));
#12188 = VERTEX_POINT('',#12189);
#12189 = CARTESIAN_POINT('',(-3.555999965983,0.749311489277,
    1.225348900647));
#12190 = B_SPLINE_CURVE_WITH_KNOTS('',3,(#12191,#12192,#12193,#12194,
    #12195,#12196,#12197),.UNSPECIFIED.,.F.,.F.,(4,3,4),(0.,1.,2.),
  .PIECEWISE_BEZIER_KNOTS.);
#12191 = CARTESIAN_POINT('',(-3.555999965983,0.749311489277,
    1.037370496725));
#12192 = CARTESIAN_POINT('',(-3.555999965983,0.696291987777,
    1.037370496725));
#12193 = CARTESIAN_POINT('',(-3.555999965983,0.655322333282,
    1.080750184973));
#12194 = CARTESIAN_POINT('',(-3.555999965983,0.655322333282,
    1.131359698686));
#12195 = CARTESIAN_POINT('',(-3.555999965983,0.655322333282,
    1.184379246153));
#12196 = CARTESIAN_POINT('',(-3.555999965983,0.698701929597,
    1.225348900647));
#12197 = CARTESIAN_POINT('',(-3.555999965983,0.749311489277,
    1.225348900647));
#12198 = ORIENTED_EDGE('',*,*,#12199,.F.);
#12199 = EDGE_CURVE('',#11490,#12186,#12200,.T.);
#12200 = LINE('',#12201,#12202);
#12201 = CARTESIAN_POINT('',(-3.565999965888,0.749311489277,
    1.037370496725));
#12202 = VECTOR('',#12203,1.);
#12203 = DIRECTION('',(1.,-1.224646799147E-16,-0.));
#12204 = ORIENTED_EDGE('',*,*,#11489,.T.);
#12205 = ORIENTED_EDGE('',*,*,#12206,.T.);
#12206 = EDGE_CURVE('',#11492,#12188,#12207,.T.);
#12207 = LINE('',#12208,#12209);
#12208 = CARTESIAN_POINT('',(-3.565999965888,0.749311489277,
    1.225348900647));
#12209 = VECTOR('',#12210,1.);
#12210 = DIRECTION('',(1.,-1.224646799147E-16,-0.));
#12211 = B_SPLINE_SURFACE_WITH_KNOTS('',3,1,(
    (#12212,#12213)
    ,(#12214,#12215)
    ,(#12216,#12217)
    ,(#12218,#12219)
    ,(#12220,#12221)
    ,(#12222,#12223)
    ,(#12224,#12225
  )),.UNSPECIFIED.,.F.,.F.,.F.,(4,3,4),(2,2),(0.,1.,2.),(0.,1.),
  .PIECEWISE_BEZIER_KNOTS.);
#12212 = CARTESIAN_POINT('',(-3.565999965888,0.749311489277,
    1.037370496725));
#12213 = CARTESIAN_POINT('',(-3.555999965983,0.749311489277,
    1.037370496725));
#12214 = CARTESIAN_POINT('',(-3.565999965888,0.696291987777,
    1.037370496725));
#12215 = CARTESIAN_POINT('',(-3.555999965983,0.696291987777,
    1.037370496725));
#12216 = CARTESIAN_POINT('',(-3.565999965888,0.655322333282,
    1.080750184973));
#12217 = CARTESIAN_POINT('',(-3.555999965983,0.655322333282,
    1.080750184973));
#12218 = CARTESIAN_POINT('',(-3.565999965888,0.655322333282,
    1.131359698686));
#12219 = CARTESIAN_POINT('',(-3.555999965983,0.655322333282,
    1.131359698686));
#12220 = CARTESIAN_POINT('',(-3.565999965888,0.655322333282,
    1.184379246153));
#12221 = CARTESIAN_POINT('',(-3.555999965983,0.655322333282,
    1.184379246153));
#12222 = CARTESIAN_POINT('',(-3.565999965888,0.698701929597,
    1.225348900647));
#12223 = CARTESIAN_POINT('',(-3.555999965983,0.698701929597,
    1.225348900647));
#12224 = CARTESIAN_POINT('',(-3.565999965888,0.749311489277,
    1.225348900647));
#12225 = CARTESIAN_POINT('',(-3.555999965983,0.749311489277,
    1.225348900647));
#12226 = ADVANCED_FACE('',(#12227),#12241,.T.);
#12227 = FACE_BOUND('',#12228,.T.);
#12228 = EDGE_LOOP('',(#12229,#12238,#12239,#12240));
#12229 = ORIENTED_EDGE('',*,*,#12230,.F.);
#12230 = EDGE_CURVE('',#12188,#12186,#12231,.T.);
#12231 = B_SPLINE_CURVE_WITH_KNOTS('',3,(#12232,#12233,#12234,#12235,
    #12236,#12237),.UNSPECIFIED.,.F.,.F.,(4,2,4),(2.,3.,4.),
  .UNSPECIFIED.);
#12232 = CARTESIAN_POINT('',(-3.555999965983,0.749311489277,
    1.225348900647));
#12233 = CARTESIAN_POINT('',(-3.555999965983,0.799921048955,
    1.225348900647));
#12234 = CARTESIAN_POINT('',(-3.555999965983,0.843300645272,
    1.184379246153));
#12235 = CARTESIAN_POINT('',(-3.555999965983,0.843300645272,
    1.078340151219));
#12236 = CARTESIAN_POINT('',(-3.555999965983,0.799921048955,
    1.037370496725));
#12237 = CARTESIAN_POINT('',(-3.555999965983,0.749311489277,
    1.037370496725));
#12238 = ORIENTED_EDGE('',*,*,#12206,.F.);
#12239 = ORIENTED_EDGE('',*,*,#11503,.T.);
#12240 = ORIENTED_EDGE('',*,*,#12199,.T.);
#12241 = B_SPLINE_SURFACE_WITH_KNOTS('',3,1,(
    (#12242,#12243)
    ,(#12244,#12245)
    ,(#12246,#12247)
    ,(#12248,#12249)
    ,(#12250,#12251)
    ,(#12252,#12253
  )),.UNSPECIFIED.,.F.,.F.,.F.,(4,2,4),(2,2),(2.,3.,4.),(0.,1.),
  .UNSPECIFIED.);
#12242 = CARTESIAN_POINT('',(-3.565999965888,0.749311489277,
    1.225348900647));
#12243 = CARTESIAN_POINT('',(-3.555999965983,0.749311489277,
    1.225348900647));
#12244 = CARTESIAN_POINT('',(-3.565999965888,0.799921048955,
    1.225348900647));
#12245 = CARTESIAN_POINT('',(-3.555999965983,0.799921048955,
    1.225348900647));
#12246 = CARTESIAN_POINT('',(-3.565999965888,0.843300645272,
    1.184379246153));
#12247 = CARTESIAN_POINT('',(-3.555999965983,0.843300645272,
    1.184379246153));
#12248 = CARTESIAN_POINT('',(-3.565999965888,0.843300645272,
    1.078340151219));
#12249 = CARTESIAN_POINT('',(-3.555999965983,0.843300645272,
    1.078340151219));
#12250 = CARTESIAN_POINT('',(-3.565999965888,0.799921048955,
    1.037370496725));
#12251 = CARTESIAN_POINT('',(-3.555999965983,0.799921048955,
    1.037370496725));
#12252 = CARTESIAN_POINT('',(-3.565999965888,0.749311489277,
    1.037370496725));
#12253 = CARTESIAN_POINT('',(-3.555999965983,0.749311489277,
    1.037370496725));
#12254 = ADVANCED_FACE('',(#12255),#12259,.T.);
#12255 = FACE_BOUND('',#12256,.T.);
#12256 = EDGE_LOOP('',(#12257,#12258));
#12257 = ORIENTED_EDGE('',*,*,#12185,.T.);
#12258 = ORIENTED_EDGE('',*,*,#12230,.T.);
#12259 = PLANE('',#12260);
#12260 = AXIS2_PLACEMENT_3D('',#12261,#12262,#12263);
#12261 = CARTESIAN_POINT('',(-3.555999965983,3.852651255485,
    1.834000129028));
#12262 = DIRECTION('',(-1.,1.224646799147E-16,0.));
#12263 = DIRECTION('',(4.275831445897E-31,3.491481338843E-15,1.));
#12264 = ( GEOMETRIC_REPRESENTATION_CONTEXT(3) 
GLOBAL_UNCERTAINTY_ASSIGNED_CONTEXT((#12268)) 
GLOBAL_UNIT_ASSIGNED_CONTEXT((#12265,#12266,#12267)) 
REPRESENTATION_CONTEXT('Context #1',
  '3D Context with UNIT and UNCERTAINTY') );
#12265 = ( LENGTH_UNIT() NAMED_UNIT(*) SI_UNIT(.MILLI.,.METRE.) );
#12266 = ( NAMED_UNIT(*) PLANE_ANGLE_UNIT() SI_UNIT($,.RADIAN.) );
#12267 = ( NAMED_UNIT(*) SI_UNIT($,.STERADIAN.) SOLID_ANGLE_UNIT() );
#12268 = UNCERTAINTY_MEASURE_WITH_UNIT(LENGTH_MEASURE(5.E-06),#12265,
  'distance_accuracy_value','confusion accuracy');
#12269 = CONTEXT_DEPENDENT_SHAPE_REPRESENTATION(#12270,#12272);
#12270 = ( REPRESENTATION_RELATIONSHIP('','',#593,#10) 
REPRESENTATION_RELATIONSHIP_WITH_TRANSFORMATION(#12271) 
SHAPE_REPRESENTATION_RELATIONSHIP() );
#12271 = ITEM_DEFINED_TRANSFORMATION('','',#11,#35);
#12272 = PRODUCT_DEFINITION_SHAPE('Placement','Placement of an item',
  #12273);
#12273 = NEXT_ASSEMBLY_USAGE_OCCURRENCE('6','=>[0:1:1:8]','',#5,#588,$);
#12274 = PRODUCT_RELATED_PRODUCT_CATEGORY('part',$,(#590));
#12275 = MECHANICAL_DESIGN_GEOMETRIC_PRESENTATION_REPRESENTATION('',(
    #12276,#12286,#12296,#12305,#12315,#12324,#12333,#12342,#12351,
    #12360,#12369,#12378,#12387,#12396,#12405,#12414,#12423,#12432,
    #12441,#12450,#12459,#12468,#12477,#12486,#12495,#12504,#12513,
    #12522,#12531,#12540,#12549,#12558,#12567,#12576,#12585,#12594,
    #12603,#12612,#12621,#12630,#12639,#12648,#12657,#12666,#12675,
    #12684,#12693,#12702,#12711,#12720,#12729,#12738,#12747,#12756,
    #12765,#12774,#12783,#12792,#12801,#12810,#12819,#12828,#12837,
    #12846,#12855,#12864,#12873,#12882,#12891,#12900,#12909,#12918,
    #12927,#12936,#12945,#12954,#12963,#12972,#12981,#12990,#12999,
    #13008,#13017,#13026,#13035,#13044,#13053,#13062,#13071,#13080,
    #13089,#13098,#13107,#13116,#13125,#13134,#13143,#13152,#13161,
    #13170,#13179,#13188,#13197,#13206,#13215,#13224,#13233,#13242,
    #13251,#13260,#13269,#13278,#13287,#13296,#13305,#13314,#13323,
    #13332,#13341,#13350,#13359,#13368,#13377,#13386,#13395,#13404,
    #13414,#13423,#13432,#13441,#13451,#13460,#13469,#13478,#13487,
    #13496,#13505,#13514,#13523,#13532,#13541,#13550,#13559,#13568,
    #13577,#13586,#13595,#13604,#13613,#13622,#13631,#13640,#13649,
    #13658,#13667,#13676,#13685,#13694,#13703,#13712,#13721,#13730,
    #13739,#13748,#13757,#13766,#13775,#13784,#13793,#13802,#13811,
    #13820,#13829,#13838,#13847,#13856,#13865,#13874,#13883,#13892,
    #13901,#13910,#13919,#13928,#13937,#13946,#13955,#13964,#13973,
    #13982,#13991,#14000,#14009,#14018,#14027,#14036,#14045,#14054,
    #14063,#14072,#14081,#14090,#14099,#14108,#14117,#14126,#14135,
    #14144,#14153,#14162,#14171,#14180,#14189,#14198,#14207,#14216,
    #14225,#14234,#14243,#14252,#14261,#14270,#14279,#14288,#14297,
    #14306,#14315,#14324,#14333,#14342,#14351,#14360,#14369,#14378,
    #14387,#14396,#14405,#14414,#14423,#14432,#14441,#14450,#14459,
    #14468,#14477,#14486,#14495,#14504,#14513,#14522,#14531,#14540,
    #14549,#14558,#14567,#14576,#14585,#14594,#14603,#14612,#14621,
    #14630,#14639,#14648,#14657,#14666,#14675,#14684,#14693,#14702,
    #14711,#14720,#14729,#14738,#14747,#14756,#14765,#14774,#14783,
    #14792,#14801,#14810,#14819,#14828,#14837,#14846,#14855,#14864,
    #14873,#14882,#14891,#14900,#14909,#14918,#14927,#14936,#14945,
    #14954,#14963,#14972,#14981,#14990,#14999,#15008,#15017,#15026,
    #15035,#15044,#15053,#15062,#15071,#15080,#15089,#15098,#15107,
    #15116,#15125,#15134,#15143,#15152,#15161,#15170,#15179,#15188,
    #15197,#15206,#15215,#15224,#15233,#15242,#15251,#15260,#15269,
    #15278,#15287,#15296,#15305,#15314,#15323,#15332,#15341,#15350,
    #15359,#15368,#15377,#15386,#15395,#15404,#15413,#15422,#15431,
    #15440,#15449),#12264);
#12276 = STYLED_ITEM('color',(#12277),#594);
#12277 = PRESENTATION_STYLE_ASSIGNMENT((#12278,#12284));
#12278 = SURFACE_STYLE_USAGE(.BOTH.,#12279);
#12279 = SURFACE_SIDE_STYLE('',(#12280));
#12280 = SURFACE_STYLE_FILL_AREA(#12281);
#12281 = FILL_AREA_STYLE('',(#12282));
#12282 = FILL_AREA_STYLE_COLOUR('',#12283);
#12283 = COLOUR_RGB('',0.792156867455,0.819607826924,0.933333342953);
#12284 = CURVE_STYLE('',#12285,POSITIVE_LENGTH_MEASURE(0.1),#12283);
#12285 = DRAUGHTING_PRE_DEFINED_CURVE_FONT('continuous');
#12286 = OVER_RIDING_STYLED_ITEM('overriding color',(#12287),#596,#12276
  );
#12287 = PRESENTATION_STYLE_ASSIGNMENT((#12288,#12294));
#12288 = SURFACE_STYLE_USAGE(.BOTH.,#12289);
#12289 = SURFACE_SIDE_STYLE('',(#12290));
#12290 = SURFACE_STYLE_FILL_AREA(#12291);
#12291 = FILL_AREA_STYLE('',(#12292));
#12292 = FILL_AREA_STYLE_COLOUR('',#12293);
#12293 = COLOUR_RGB('',0.752941164258,0.752941164258,0.752941164258);
#12294 = CURVE_STYLE('',#12295,POSITIVE_LENGTH_MEASURE(0.1),#12293);
#12295 = DRAUGHTING_PRE_DEFINED_CURVE_FONT('continuous');
#12296 = OVER_RIDING_STYLED_ITEM('overriding color',(#12297),#2233,
  #12276);
#12297 = PRESENTATION_STYLE_ASSIGNMENT((#12298,#12303));
#12298 = SURFACE_STYLE_USAGE(.BOTH.,#12299);
#12299 = SURFACE_SIDE_STYLE('',(#12300));
#12300 = SURFACE_STYLE_FILL_AREA(#12301);
#12301 = FILL_AREA_STYLE('',(#12302));
#12302 = FILL_AREA_STYLE_COLOUR('',#12293);
#12303 = CURVE_STYLE('',#12304,POSITIVE_LENGTH_MEASURE(0.1),#12293);
#12304 = DRAUGHTING_PRE_DEFINED_CURVE_FONT('continuous');
#12305 = OVER_RIDING_STYLED_ITEM('overriding color',(#12306),#2273,
  #12276);
#12306 = PRESENTATION_STYLE_ASSIGNMENT((#12307,#12313));
#12307 = SURFACE_STYLE_USAGE(.BOTH.,#12308);
#12308 = SURFACE_SIDE_STYLE('',(#12309));
#12309 = SURFACE_STYLE_FILL_AREA(#12310);
#12310 = FILL_AREA_STYLE('',(#12311));
#12311 = FILL_AREA_STYLE_COLOUR('',#12312);
#12312 = COLOUR_RGB('',0.250980388104,0.250980388104,0.250980388104);
#12313 = CURVE_STYLE('',#12314,POSITIVE_LENGTH_MEASURE(0.1),#12312);
#12314 = DRAUGHTING_PRE_DEFINED_CURVE_FONT('continuous');
#12315 = OVER_RIDING_STYLED_ITEM('overriding color',(#12316),#2313,
  #12276);
#12316 = PRESENTATION_STYLE_ASSIGNMENT((#12317,#12322));
#12317 = SURFACE_STYLE_USAGE(.BOTH.,#12318);
#12318 = SURFACE_SIDE_STYLE('',(#12319));
#12319 = SURFACE_STYLE_FILL_AREA(#12320);
#12320 = FILL_AREA_STYLE('',(#12321));
#12321 = FILL_AREA_STYLE_COLOUR('',#12312);
#12322 = CURVE_STYLE('',#12323,POSITIVE_LENGTH_MEASURE(0.1),#12312);
#12323 = DRAUGHTING_PRE_DEFINED_CURVE_FONT('continuous');
#12324 = OVER_RIDING_STYLED_ITEM('overriding color',(#12325),#2344,
  #12276);
#12325 = PRESENTATION_STYLE_ASSIGNMENT((#12326,#12331));
#12326 = SURFACE_STYLE_USAGE(.BOTH.,#12327);
#12327 = SURFACE_SIDE_STYLE('',(#12328));
#12328 = SURFACE_STYLE_FILL_AREA(#12329);
#12329 = FILL_AREA_STYLE('',(#12330));
#12330 = FILL_AREA_STYLE_COLOUR('',#12312);
#12331 = CURVE_STYLE('',#12332,POSITIVE_LENGTH_MEASURE(0.1),#12312);
#12332 = DRAUGHTING_PRE_DEFINED_CURVE_FONT('continuous');
#12333 = OVER_RIDING_STYLED_ITEM('overriding color',(#12334),#2375,
  #12276);
#12334 = PRESENTATION_STYLE_ASSIGNMENT((#12335,#12340));
#12335 = SURFACE_STYLE_USAGE(.BOTH.,#12336);
#12336 = SURFACE_SIDE_STYLE('',(#12337));
#12337 = SURFACE_STYLE_FILL_AREA(#12338);
#12338 = FILL_AREA_STYLE('',(#12339));
#12339 = FILL_AREA_STYLE_COLOUR('',#12312);
#12340 = CURVE_STYLE('',#12341,POSITIVE_LENGTH_MEASURE(0.1),#12312);
#12341 = DRAUGHTING_PRE_DEFINED_CURVE_FONT('continuous');
#12342 = OVER_RIDING_STYLED_ITEM('overriding color',(#12343),#2474,
  #12276);
#12343 = PRESENTATION_STYLE_ASSIGNMENT((#12344,#12349));
#12344 = SURFACE_STYLE_USAGE(.BOTH.,#12345);
#12345 = SURFACE_SIDE_STYLE('',(#12346));
#12346 = SURFACE_STYLE_FILL_AREA(#12347);
#12347 = FILL_AREA_STYLE('',(#12348));
#12348 = FILL_AREA_STYLE_COLOUR('',#12312);
#12349 = CURVE_STYLE('',#12350,POSITIVE_LENGTH_MEASURE(0.1),#12312);
#12350 = DRAUGHTING_PRE_DEFINED_CURVE_FONT('continuous');
#12351 = OVER_RIDING_STYLED_ITEM('overriding color',(#12352),#2537,
  #12276);
#12352 = PRESENTATION_STYLE_ASSIGNMENT((#12353,#12358));
#12353 = SURFACE_STYLE_USAGE(.BOTH.,#12354);
#12354 = SURFACE_SIDE_STYLE('',(#12355));
#12355 = SURFACE_STYLE_FILL_AREA(#12356);
#12356 = FILL_AREA_STYLE('',(#12357));
#12357 = FILL_AREA_STYLE_COLOUR('',#12293);
#12358 = CURVE_STYLE('',#12359,POSITIVE_LENGTH_MEASURE(0.1),#12293);
#12359 = DRAUGHTING_PRE_DEFINED_CURVE_FONT('continuous');
#12360 = OVER_RIDING_STYLED_ITEM('overriding color',(#12361),#2577,
  #12276);
#12361 = PRESENTATION_STYLE_ASSIGNMENT((#12362,#12367));
#12362 = SURFACE_STYLE_USAGE(.BOTH.,#12363);
#12363 = SURFACE_SIDE_STYLE('',(#12364));
#12364 = SURFACE_STYLE_FILL_AREA(#12365);
#12365 = FILL_AREA_STYLE('',(#12366));
#12366 = FILL_AREA_STYLE_COLOUR('',#12293);
#12367 = CURVE_STYLE('',#12368,POSITIVE_LENGTH_MEASURE(0.1),#12293);
#12368 = DRAUGHTING_PRE_DEFINED_CURVE_FONT('continuous');
#12369 = OVER_RIDING_STYLED_ITEM('overriding color',(#12370),#2608,
  #12276);
#12370 = PRESENTATION_STYLE_ASSIGNMENT((#12371,#12376));
#12371 = SURFACE_STYLE_USAGE(.BOTH.,#12372);
#12372 = SURFACE_SIDE_STYLE('',(#12373));
#12373 = SURFACE_STYLE_FILL_AREA(#12374);
#12374 = FILL_AREA_STYLE('',(#12375));
#12375 = FILL_AREA_STYLE_COLOUR('',#12293);
#12376 = CURVE_STYLE('',#12377,POSITIVE_LENGTH_MEASURE(0.1),#12293);
#12377 = DRAUGHTING_PRE_DEFINED_CURVE_FONT('continuous');
#12378 = OVER_RIDING_STYLED_ITEM('overriding color',(#12379),#2648,
  #12276);
#12379 = PRESENTATION_STYLE_ASSIGNMENT((#12380,#12385));
#12380 = SURFACE_STYLE_USAGE(.BOTH.,#12381);
#12381 = SURFACE_SIDE_STYLE('',(#12382));
#12382 = SURFACE_STYLE_FILL_AREA(#12383);
#12383 = FILL_AREA_STYLE('',(#12384));
#12384 = FILL_AREA_STYLE_COLOUR('',#12293);
#12385 = CURVE_STYLE('',#12386,POSITIVE_LENGTH_MEASURE(0.1),#12293);
#12386 = DRAUGHTING_PRE_DEFINED_CURVE_FONT('continuous');
#12387 = OVER_RIDING_STYLED_ITEM('overriding color',(#12388),#2688,
  #12276);
#12388 = PRESENTATION_STYLE_ASSIGNMENT((#12389,#12394));
#12389 = SURFACE_STYLE_USAGE(.BOTH.,#12390);
#12390 = SURFACE_SIDE_STYLE('',(#12391));
#12391 = SURFACE_STYLE_FILL_AREA(#12392);
#12392 = FILL_AREA_STYLE('',(#12393));
#12393 = FILL_AREA_STYLE_COLOUR('',#12293);
#12394 = CURVE_STYLE('',#12395,POSITIVE_LENGTH_MEASURE(0.1),#12293);
#12395 = DRAUGHTING_PRE_DEFINED_CURVE_FONT('continuous');
#12396 = OVER_RIDING_STYLED_ITEM('overriding color',(#12397),#2719,
  #12276);
#12397 = PRESENTATION_STYLE_ASSIGNMENT((#12398,#12403));
#12398 = SURFACE_STYLE_USAGE(.BOTH.,#12399);
#12399 = SURFACE_SIDE_STYLE('',(#12400));
#12400 = SURFACE_STYLE_FILL_AREA(#12401);
#12401 = FILL_AREA_STYLE('',(#12402));
#12402 = FILL_AREA_STYLE_COLOUR('',#12293);
#12403 = CURVE_STYLE('',#12404,POSITIVE_LENGTH_MEASURE(0.1),#12293);
#12404 = DRAUGHTING_PRE_DEFINED_CURVE_FONT('continuous');
#12405 = OVER_RIDING_STYLED_ITEM('overriding color',(#12406),#2750,
  #12276);
#12406 = PRESENTATION_STYLE_ASSIGNMENT((#12407,#12412));
#12407 = SURFACE_STYLE_USAGE(.BOTH.,#12408);
#12408 = SURFACE_SIDE_STYLE('',(#12409));
#12409 = SURFACE_STYLE_FILL_AREA(#12410);
#12410 = FILL_AREA_STYLE('',(#12411));
#12411 = FILL_AREA_STYLE_COLOUR('',#12293);
#12412 = CURVE_STYLE('',#12413,POSITIVE_LENGTH_MEASURE(0.1),#12293);
#12413 = DRAUGHTING_PRE_DEFINED_CURVE_FONT('continuous');
#12414 = OVER_RIDING_STYLED_ITEM('overriding color',(#12415),#2774,
  #12276);
#12415 = PRESENTATION_STYLE_ASSIGNMENT((#12416,#12421));
#12416 = SURFACE_STYLE_USAGE(.BOTH.,#12417);
#12417 = SURFACE_SIDE_STYLE('',(#12418));
#12418 = SURFACE_STYLE_FILL_AREA(#12419);
#12419 = FILL_AREA_STYLE('',(#12420));
#12420 = FILL_AREA_STYLE_COLOUR('',#12293);
#12421 = CURVE_STYLE('',#12422,POSITIVE_LENGTH_MEASURE(0.1),#12293);
#12422 = DRAUGHTING_PRE_DEFINED_CURVE_FONT('continuous');
#12423 = OVER_RIDING_STYLED_ITEM('overriding color',(#12424),#2798,
  #12276);
#12424 = PRESENTATION_STYLE_ASSIGNMENT((#12425,#12430));
#12425 = SURFACE_STYLE_USAGE(.BOTH.,#12426);
#12426 = SURFACE_SIDE_STYLE('',(#12427));
#12427 = SURFACE_STYLE_FILL_AREA(#12428);
#12428 = FILL_AREA_STYLE('',(#12429));
#12429 = FILL_AREA_STYLE_COLOUR('',#12293);
#12430 = CURVE_STYLE('',#12431,POSITIVE_LENGTH_MEASURE(0.1),#12293);
#12431 = DRAUGHTING_PRE_DEFINED_CURVE_FONT('continuous');
#12432 = OVER_RIDING_STYLED_ITEM('overriding color',(#12433),#2822,
  #12276);
#12433 = PRESENTATION_STYLE_ASSIGNMENT((#12434,#12439));
#12434 = SURFACE_STYLE_USAGE(.BOTH.,#12435);
#12435 = SURFACE_SIDE_STYLE('',(#12436));
#12436 = SURFACE_STYLE_FILL_AREA(#12437);
#12437 = FILL_AREA_STYLE('',(#12438));
#12438 = FILL_AREA_STYLE_COLOUR('',#12293);
#12439 = CURVE_STYLE('',#12440,POSITIVE_LENGTH_MEASURE(0.1),#12293);
#12440 = DRAUGHTING_PRE_DEFINED_CURVE_FONT('continuous');
#12441 = OVER_RIDING_STYLED_ITEM('overriding color',(#12442),#2846,
  #12276);
#12442 = PRESENTATION_STYLE_ASSIGNMENT((#12443,#12448));
#12443 = SURFACE_STYLE_USAGE(.BOTH.,#12444);
#12444 = SURFACE_SIDE_STYLE('',(#12445));
#12445 = SURFACE_STYLE_FILL_AREA(#12446);
#12446 = FILL_AREA_STYLE('',(#12447));
#12447 = FILL_AREA_STYLE_COLOUR('',#12293);
#12448 = CURVE_STYLE('',#12449,POSITIVE_LENGTH_MEASURE(0.1),#12293);
#12449 = DRAUGHTING_PRE_DEFINED_CURVE_FONT('continuous');
#12450 = OVER_RIDING_STYLED_ITEM('overriding color',(#12451),#2870,
  #12276);
#12451 = PRESENTATION_STYLE_ASSIGNMENT((#12452,#12457));
#12452 = SURFACE_STYLE_USAGE(.BOTH.,#12453);
#12453 = SURFACE_SIDE_STYLE('',(#12454));
#12454 = SURFACE_STYLE_FILL_AREA(#12455);
#12455 = FILL_AREA_STYLE('',(#12456));
#12456 = FILL_AREA_STYLE_COLOUR('',#12293);
#12457 = CURVE_STYLE('',#12458,POSITIVE_LENGTH_MEASURE(0.1),#12293);
#12458 = DRAUGHTING_PRE_DEFINED_CURVE_FONT('continuous');
#12459 = OVER_RIDING_STYLED_ITEM('overriding color',(#12460),#2928,
  #12276);
#12460 = PRESENTATION_STYLE_ASSIGNMENT((#12461,#12466));
#12461 = SURFACE_STYLE_USAGE(.BOTH.,#12462);
#12462 = SURFACE_SIDE_STYLE('',(#12463));
#12463 = SURFACE_STYLE_FILL_AREA(#12464);
#12464 = FILL_AREA_STYLE('',(#12465));
#12465 = FILL_AREA_STYLE_COLOUR('',#12293);
#12466 = CURVE_STYLE('',#12467,POSITIVE_LENGTH_MEASURE(0.1),#12293);
#12467 = DRAUGHTING_PRE_DEFINED_CURVE_FONT('continuous');
#12468 = OVER_RIDING_STYLED_ITEM('overriding color',(#12469),#2953,
  #12276);
#12469 = PRESENTATION_STYLE_ASSIGNMENT((#12470,#12475));
#12470 = SURFACE_STYLE_USAGE(.BOTH.,#12471);
#12471 = SURFACE_SIDE_STYLE('',(#12472));
#12472 = SURFACE_STYLE_FILL_AREA(#12473);
#12473 = FILL_AREA_STYLE('',(#12474));
#12474 = FILL_AREA_STYLE_COLOUR('',#12293);
#12475 = CURVE_STYLE('',#12476,POSITIVE_LENGTH_MEASURE(0.1),#12293);
#12476 = DRAUGHTING_PRE_DEFINED_CURVE_FONT('continuous');
#12477 = OVER_RIDING_STYLED_ITEM('overriding color',(#12478),#2987,
  #12276);
#12478 = PRESENTATION_STYLE_ASSIGNMENT((#12479,#12484));
#12479 = SURFACE_STYLE_USAGE(.BOTH.,#12480);
#12480 = SURFACE_SIDE_STYLE('',(#12481));
#12481 = SURFACE_STYLE_FILL_AREA(#12482);
#12482 = FILL_AREA_STYLE('',(#12483));
#12483 = FILL_AREA_STYLE_COLOUR('',#12293);
#12484 = CURVE_STYLE('',#12485,POSITIVE_LENGTH_MEASURE(0.1),#12293);
#12485 = DRAUGHTING_PRE_DEFINED_CURVE_FONT('continuous');
#12486 = OVER_RIDING_STYLED_ITEM('overriding color',(#12487),#3036,
  #12276);
#12487 = PRESENTATION_STYLE_ASSIGNMENT((#12488,#12493));
#12488 = SURFACE_STYLE_USAGE(.BOTH.,#12489);
#12489 = SURFACE_SIDE_STYLE('',(#12490));
#12490 = SURFACE_STYLE_FILL_AREA(#12491);
#12491 = FILL_AREA_STYLE('',(#12492));
#12492 = FILL_AREA_STYLE_COLOUR('',#12293);
#12493 = CURVE_STYLE('',#12494,POSITIVE_LENGTH_MEASURE(0.1),#12293);
#12494 = DRAUGHTING_PRE_DEFINED_CURVE_FONT('continuous');
#12495 = OVER_RIDING_STYLED_ITEM('overriding color',(#12496),#3058,
  #12276);
#12496 = PRESENTATION_STYLE_ASSIGNMENT((#12497,#12502));
#12497 = SURFACE_STYLE_USAGE(.BOTH.,#12498);
#12498 = SURFACE_SIDE_STYLE('',(#12499));
#12499 = SURFACE_STYLE_FILL_AREA(#12500);
#12500 = FILL_AREA_STYLE('',(#12501));
#12501 = FILL_AREA_STYLE_COLOUR('',#12293);
#12502 = CURVE_STYLE('',#12503,POSITIVE_LENGTH_MEASURE(0.1),#12293);
#12503 = DRAUGHTING_PRE_DEFINED_CURVE_FONT('continuous');
#12504 = OVER_RIDING_STYLED_ITEM('overriding color',(#12505),#3091,
  #12276);
#12505 = PRESENTATION_STYLE_ASSIGNMENT((#12506,#12511));
#12506 = SURFACE_STYLE_USAGE(.BOTH.,#12507);
#12507 = SURFACE_SIDE_STYLE('',(#12508));
#12508 = SURFACE_STYLE_FILL_AREA(#12509);
#12509 = FILL_AREA_STYLE('',(#12510));
#12510 = FILL_AREA_STYLE_COLOUR('',#12293);
#12511 = CURVE_STYLE('',#12512,POSITIVE_LENGTH_MEASURE(0.1),#12293);
#12512 = DRAUGHTING_PRE_DEFINED_CURVE_FONT('continuous');
#12513 = OVER_RIDING_STYLED_ITEM('overriding color',(#12514),#3115,
  #12276);
#12514 = PRESENTATION_STYLE_ASSIGNMENT((#12515,#12520));
#12515 = SURFACE_STYLE_USAGE(.BOTH.,#12516);
#12516 = SURFACE_SIDE_STYLE('',(#12517));
#12517 = SURFACE_STYLE_FILL_AREA(#12518);
#12518 = FILL_AREA_STYLE('',(#12519));
#12519 = FILL_AREA_STYLE_COLOUR('',#12293);
#12520 = CURVE_STYLE('',#12521,POSITIVE_LENGTH_MEASURE(0.1),#12293);
#12521 = DRAUGHTING_PRE_DEFINED_CURVE_FONT('continuous');
#12522 = OVER_RIDING_STYLED_ITEM('overriding color',(#12523),#3148,
  #12276);
#12523 = PRESENTATION_STYLE_ASSIGNMENT((#12524,#12529));
#12524 = SURFACE_STYLE_USAGE(.BOTH.,#12525);
#12525 = SURFACE_SIDE_STYLE('',(#12526));
#12526 = SURFACE_STYLE_FILL_AREA(#12527);
#12527 = FILL_AREA_STYLE('',(#12528));
#12528 = FILL_AREA_STYLE_COLOUR('',#12293);
#12529 = CURVE_STYLE('',#12530,POSITIVE_LENGTH_MEASURE(0.1),#12293);
#12530 = DRAUGHTING_PRE_DEFINED_CURVE_FONT('continuous');
#12531 = OVER_RIDING_STYLED_ITEM('overriding color',(#12532),#3173,
  #12276);
#12532 = PRESENTATION_STYLE_ASSIGNMENT((#12533,#12538));
#12533 = SURFACE_STYLE_USAGE(.BOTH.,#12534);
#12534 = SURFACE_SIDE_STYLE('',(#12535));
#12535 = SURFACE_STYLE_FILL_AREA(#12536);
#12536 = FILL_AREA_STYLE('',(#12537));
#12537 = FILL_AREA_STYLE_COLOUR('',#12293);
#12538 = CURVE_STYLE('',#12539,POSITIVE_LENGTH_MEASURE(0.1),#12293);
#12539 = DRAUGHTING_PRE_DEFINED_CURVE_FONT('continuous');
#12540 = OVER_RIDING_STYLED_ITEM('overriding color',(#12541),#3197,
  #12276);
#12541 = PRESENTATION_STYLE_ASSIGNMENT((#12542,#12547));
#12542 = SURFACE_STYLE_USAGE(.BOTH.,#12543);
#12543 = SURFACE_SIDE_STYLE('',(#12544));
#12544 = SURFACE_STYLE_FILL_AREA(#12545);
#12545 = FILL_AREA_STYLE('',(#12546));
#12546 = FILL_AREA_STYLE_COLOUR('',#12293);
#12547 = CURVE_STYLE('',#12548,POSITIVE_LENGTH_MEASURE(0.1),#12293);
#12548 = DRAUGHTING_PRE_DEFINED_CURVE_FONT('continuous');
#12549 = OVER_RIDING_STYLED_ITEM('overriding color',(#12550),#3221,
  #12276);
#12550 = PRESENTATION_STYLE_ASSIGNMENT((#12551,#12556));
#12551 = SURFACE_STYLE_USAGE(.BOTH.,#12552);
#12552 = SURFACE_SIDE_STYLE('',(#12553));
#12553 = SURFACE_STYLE_FILL_AREA(#12554);
#12554 = FILL_AREA_STYLE('',(#12555));
#12555 = FILL_AREA_STYLE_COLOUR('',#12293);
#12556 = CURVE_STYLE('',#12557,POSITIVE_LENGTH_MEASURE(0.1),#12293);
#12557 = DRAUGHTING_PRE_DEFINED_CURVE_FONT('continuous');
#12558 = OVER_RIDING_STYLED_ITEM('overriding color',(#12559),#3246,
  #12276);
#12559 = PRESENTATION_STYLE_ASSIGNMENT((#12560,#12565));
#12560 = SURFACE_STYLE_USAGE(.BOTH.,#12561);
#12561 = SURFACE_SIDE_STYLE('',(#12562));
#12562 = SURFACE_STYLE_FILL_AREA(#12563);
#12563 = FILL_AREA_STYLE('',(#12564));
#12564 = FILL_AREA_STYLE_COLOUR('',#12293);
#12565 = CURVE_STYLE('',#12566,POSITIVE_LENGTH_MEASURE(0.1),#12293);
#12566 = DRAUGHTING_PRE_DEFINED_CURVE_FONT('continuous');
#12567 = OVER_RIDING_STYLED_ITEM('overriding color',(#12568),#3270,
  #12276);
#12568 = PRESENTATION_STYLE_ASSIGNMENT((#12569,#12574));
#12569 = SURFACE_STYLE_USAGE(.BOTH.,#12570);
#12570 = SURFACE_SIDE_STYLE('',(#12571));
#12571 = SURFACE_STYLE_FILL_AREA(#12572);
#12572 = FILL_AREA_STYLE('',(#12573));
#12573 = FILL_AREA_STYLE_COLOUR('',#12293);
#12574 = CURVE_STYLE('',#12575,POSITIVE_LENGTH_MEASURE(0.1),#12293);
#12575 = DRAUGHTING_PRE_DEFINED_CURVE_FONT('continuous');
#12576 = OVER_RIDING_STYLED_ITEM('overriding color',(#12577),#3294,
  #12276);
#12577 = PRESENTATION_STYLE_ASSIGNMENT((#12578,#12583));
#12578 = SURFACE_STYLE_USAGE(.BOTH.,#12579);
#12579 = SURFACE_SIDE_STYLE('',(#12580));
#12580 = SURFACE_STYLE_FILL_AREA(#12581);
#12581 = FILL_AREA_STYLE('',(#12582));
#12582 = FILL_AREA_STYLE_COLOUR('',#12293);
#12583 = CURVE_STYLE('',#12584,POSITIVE_LENGTH_MEASURE(0.1),#12293);
#12584 = DRAUGHTING_PRE_DEFINED_CURVE_FONT('continuous');
#12585 = OVER_RIDING_STYLED_ITEM('overriding color',(#12586),#3318,
  #12276);
#12586 = PRESENTATION_STYLE_ASSIGNMENT((#12587,#12592));
#12587 = SURFACE_STYLE_USAGE(.BOTH.,#12588);
#12588 = SURFACE_SIDE_STYLE('',(#12589));
#12589 = SURFACE_STYLE_FILL_AREA(#12590);
#12590 = FILL_AREA_STYLE('',(#12591));
#12591 = FILL_AREA_STYLE_COLOUR('',#12293);
#12592 = CURVE_STYLE('',#12593,POSITIVE_LENGTH_MEASURE(0.1),#12293);
#12593 = DRAUGHTING_PRE_DEFINED_CURVE_FONT('continuous');
#12594 = OVER_RIDING_STYLED_ITEM('overriding color',(#12595),#3359,
  #12276);
#12595 = PRESENTATION_STYLE_ASSIGNMENT((#12596,#12601));
#12596 = SURFACE_STYLE_USAGE(.BOTH.,#12597);
#12597 = SURFACE_SIDE_STYLE('',(#12598));
#12598 = SURFACE_STYLE_FILL_AREA(#12599);
#12599 = FILL_AREA_STYLE('',(#12600));
#12600 = FILL_AREA_STYLE_COLOUR('',#12293);
#12601 = CURVE_STYLE('',#12602,POSITIVE_LENGTH_MEASURE(0.1),#12293);
#12602 = DRAUGHTING_PRE_DEFINED_CURVE_FONT('continuous');
#12603 = OVER_RIDING_STYLED_ITEM('overriding color',(#12604),#3409,
  #12276);
#12604 = PRESENTATION_STYLE_ASSIGNMENT((#12605,#12610));
#12605 = SURFACE_STYLE_USAGE(.BOTH.,#12606);
#12606 = SURFACE_SIDE_STYLE('',(#12607));
#12607 = SURFACE_STYLE_FILL_AREA(#12608);
#12608 = FILL_AREA_STYLE('',(#12609));
#12609 = FILL_AREA_STYLE_COLOUR('',#12293);
#12610 = CURVE_STYLE('',#12611,POSITIVE_LENGTH_MEASURE(0.1),#12293);
#12611 = DRAUGHTING_PRE_DEFINED_CURVE_FONT('continuous');
#12612 = OVER_RIDING_STYLED_ITEM('overriding color',(#12613),#3440,
  #12276);
#12613 = PRESENTATION_STYLE_ASSIGNMENT((#12614,#12619));
#12614 = SURFACE_STYLE_USAGE(.BOTH.,#12615);
#12615 = SURFACE_SIDE_STYLE('',(#12616));
#12616 = SURFACE_STYLE_FILL_AREA(#12617);
#12617 = FILL_AREA_STYLE('',(#12618));
#12618 = FILL_AREA_STYLE_COLOUR('',#12293);
#12619 = CURVE_STYLE('',#12620,POSITIVE_LENGTH_MEASURE(0.1),#12293);
#12620 = DRAUGHTING_PRE_DEFINED_CURVE_FONT('continuous');
#12621 = OVER_RIDING_STYLED_ITEM('overriding color',(#12622),#3480,
  #12276);
#12622 = PRESENTATION_STYLE_ASSIGNMENT((#12623,#12628));
#12623 = SURFACE_STYLE_USAGE(.BOTH.,#12624);
#12624 = SURFACE_SIDE_STYLE('',(#12625));
#12625 = SURFACE_STYLE_FILL_AREA(#12626);
#12626 = FILL_AREA_STYLE('',(#12627));
#12627 = FILL_AREA_STYLE_COLOUR('',#12293);
#12628 = CURVE_STYLE('',#12629,POSITIVE_LENGTH_MEASURE(0.1),#12293);
#12629 = DRAUGHTING_PRE_DEFINED_CURVE_FONT('continuous');
#12630 = OVER_RIDING_STYLED_ITEM('overriding color',(#12631),#3511,
  #12276);
#12631 = PRESENTATION_STYLE_ASSIGNMENT((#12632,#12637));
#12632 = SURFACE_STYLE_USAGE(.BOTH.,#12633);
#12633 = SURFACE_SIDE_STYLE('',(#12634));
#12634 = SURFACE_STYLE_FILL_AREA(#12635);
#12635 = FILL_AREA_STYLE('',(#12636));
#12636 = FILL_AREA_STYLE_COLOUR('',#12293);
#12637 = CURVE_STYLE('',#12638,POSITIVE_LENGTH_MEASURE(0.1),#12293);
#12638 = DRAUGHTING_PRE_DEFINED_CURVE_FONT('continuous');
#12639 = OVER_RIDING_STYLED_ITEM('overriding color',(#12640),#3551,
  #12276);
#12640 = PRESENTATION_STYLE_ASSIGNMENT((#12641,#12646));
#12641 = SURFACE_STYLE_USAGE(.BOTH.,#12642);
#12642 = SURFACE_SIDE_STYLE('',(#12643));
#12643 = SURFACE_STYLE_FILL_AREA(#12644);
#12644 = FILL_AREA_STYLE('',(#12645));
#12645 = FILL_AREA_STYLE_COLOUR('',#12293);
#12646 = CURVE_STYLE('',#12647,POSITIVE_LENGTH_MEASURE(0.1),#12293);
#12647 = DRAUGHTING_PRE_DEFINED_CURVE_FONT('continuous');
#12648 = OVER_RIDING_STYLED_ITEM('overriding color',(#12649),#3582,
  #12276);
#12649 = PRESENTATION_STYLE_ASSIGNMENT((#12650,#12655));
#12650 = SURFACE_STYLE_USAGE(.BOTH.,#12651);
#12651 = SURFACE_SIDE_STYLE('',(#12652));
#12652 = SURFACE_STYLE_FILL_AREA(#12653);
#12653 = FILL_AREA_STYLE('',(#12654));
#12654 = FILL_AREA_STYLE_COLOUR('',#12293);
#12655 = CURVE_STYLE('',#12656,POSITIVE_LENGTH_MEASURE(0.1),#12293);
#12656 = DRAUGHTING_PRE_DEFINED_CURVE_FONT('continuous');
#12657 = OVER_RIDING_STYLED_ITEM('overriding color',(#12658),#3606,
  #12276);
#12658 = PRESENTATION_STYLE_ASSIGNMENT((#12659,#12664));
#12659 = SURFACE_STYLE_USAGE(.BOTH.,#12660);
#12660 = SURFACE_SIDE_STYLE('',(#12661));
#12661 = SURFACE_STYLE_FILL_AREA(#12662);
#12662 = FILL_AREA_STYLE('',(#12663));
#12663 = FILL_AREA_STYLE_COLOUR('',#12293);
#12664 = CURVE_STYLE('',#12665,POSITIVE_LENGTH_MEASURE(0.1),#12293);
#12665 = DRAUGHTING_PRE_DEFINED_CURVE_FONT('continuous');
#12666 = OVER_RIDING_STYLED_ITEM('overriding color',(#12667),#3637,
  #12276);
#12667 = PRESENTATION_STYLE_ASSIGNMENT((#12668,#12673));
#12668 = SURFACE_STYLE_USAGE(.BOTH.,#12669);
#12669 = SURFACE_SIDE_STYLE('',(#12670));
#12670 = SURFACE_STYLE_FILL_AREA(#12671);
#12671 = FILL_AREA_STYLE('',(#12672));
#12672 = FILL_AREA_STYLE_COLOUR('',#12293);
#12673 = CURVE_STYLE('',#12674,POSITIVE_LENGTH_MEASURE(0.1),#12293);
#12674 = DRAUGHTING_PRE_DEFINED_CURVE_FONT('continuous');
#12675 = OVER_RIDING_STYLED_ITEM('overriding color',(#12676),#3661,
  #12276);
#12676 = PRESENTATION_STYLE_ASSIGNMENT((#12677,#12682));
#12677 = SURFACE_STYLE_USAGE(.BOTH.,#12678);
#12678 = SURFACE_SIDE_STYLE('',(#12679));
#12679 = SURFACE_STYLE_FILL_AREA(#12680);
#12680 = FILL_AREA_STYLE('',(#12681));
#12681 = FILL_AREA_STYLE_COLOUR('',#12293);
#12682 = CURVE_STYLE('',#12683,POSITIVE_LENGTH_MEASURE(0.1),#12293);
#12683 = DRAUGHTING_PRE_DEFINED_CURVE_FONT('continuous');
#12684 = OVER_RIDING_STYLED_ITEM('overriding color',(#12685),#3685,
  #12276);
#12685 = PRESENTATION_STYLE_ASSIGNMENT((#12686,#12691));
#12686 = SURFACE_STYLE_USAGE(.BOTH.,#12687);
#12687 = SURFACE_SIDE_STYLE('',(#12688));
#12688 = SURFACE_STYLE_FILL_AREA(#12689);
#12689 = FILL_AREA_STYLE('',(#12690));
#12690 = FILL_AREA_STYLE_COLOUR('',#12293);
#12691 = CURVE_STYLE('',#12692,POSITIVE_LENGTH_MEASURE(0.1),#12293);
#12692 = DRAUGHTING_PRE_DEFINED_CURVE_FONT('continuous');
#12693 = OVER_RIDING_STYLED_ITEM('overriding color',(#12694),#3709,
  #12276);
#12694 = PRESENTATION_STYLE_ASSIGNMENT((#12695,#12700));
#12695 = SURFACE_STYLE_USAGE(.BOTH.,#12696);
#12696 = SURFACE_SIDE_STYLE('',(#12697));
#12697 = SURFACE_STYLE_FILL_AREA(#12698);
#12698 = FILL_AREA_STYLE('',(#12699));
#12699 = FILL_AREA_STYLE_COLOUR('',#12293);
#12700 = CURVE_STYLE('',#12701,POSITIVE_LENGTH_MEASURE(0.1),#12293);
#12701 = DRAUGHTING_PRE_DEFINED_CURVE_FONT('continuous');
#12702 = OVER_RIDING_STYLED_ITEM('overriding color',(#12703),#3740,
  #12276);
#12703 = PRESENTATION_STYLE_ASSIGNMENT((#12704,#12709));
#12704 = SURFACE_STYLE_USAGE(.BOTH.,#12705);
#12705 = SURFACE_SIDE_STYLE('',(#12706));
#12706 = SURFACE_STYLE_FILL_AREA(#12707);
#12707 = FILL_AREA_STYLE('',(#12708));
#12708 = FILL_AREA_STYLE_COLOUR('',#12293);
#12709 = CURVE_STYLE('',#12710,POSITIVE_LENGTH_MEASURE(0.1),#12293);
#12710 = DRAUGHTING_PRE_DEFINED_CURVE_FONT('continuous');
#12711 = OVER_RIDING_STYLED_ITEM('overriding color',(#12712),#3790,
  #12276);
#12712 = PRESENTATION_STYLE_ASSIGNMENT((#12713,#12718));
#12713 = SURFACE_STYLE_USAGE(.BOTH.,#12714);
#12714 = SURFACE_SIDE_STYLE('',(#12715));
#12715 = SURFACE_STYLE_FILL_AREA(#12716);
#12716 = FILL_AREA_STYLE('',(#12717));
#12717 = FILL_AREA_STYLE_COLOUR('',#12293);
#12718 = CURVE_STYLE('',#12719,POSITIVE_LENGTH_MEASURE(0.1),#12293);
#12719 = DRAUGHTING_PRE_DEFINED_CURVE_FONT('continuous');
#12720 = OVER_RIDING_STYLED_ITEM('overriding color',(#12721),#3830,
  #12276);
#12721 = PRESENTATION_STYLE_ASSIGNMENT((#12722,#12727));
#12722 = SURFACE_STYLE_USAGE(.BOTH.,#12723);
#12723 = SURFACE_SIDE_STYLE('',(#12724));
#12724 = SURFACE_STYLE_FILL_AREA(#12725);
#12725 = FILL_AREA_STYLE('',(#12726));
#12726 = FILL_AREA_STYLE_COLOUR('',#12293);
#12727 = CURVE_STYLE('',#12728,POSITIVE_LENGTH_MEASURE(0.1),#12293);
#12728 = DRAUGHTING_PRE_DEFINED_CURVE_FONT('continuous');
#12729 = OVER_RIDING_STYLED_ITEM('overriding color',(#12730),#3861,
  #12276);
#12730 = PRESENTATION_STYLE_ASSIGNMENT((#12731,#12736));
#12731 = SURFACE_STYLE_USAGE(.BOTH.,#12732);
#12732 = SURFACE_SIDE_STYLE('',(#12733));
#12733 = SURFACE_STYLE_FILL_AREA(#12734);
#12734 = FILL_AREA_STYLE('',(#12735));
#12735 = FILL_AREA_STYLE_COLOUR('',#12293);
#12736 = CURVE_STYLE('',#12737,POSITIVE_LENGTH_MEASURE(0.1),#12293);
#12737 = DRAUGHTING_PRE_DEFINED_CURVE_FONT('continuous');
#12738 = OVER_RIDING_STYLED_ITEM('overriding color',(#12739),#3892,
  #12276);
#12739 = PRESENTATION_STYLE_ASSIGNMENT((#12740,#12745));
#12740 = SURFACE_STYLE_USAGE(.BOTH.,#12741);
#12741 = SURFACE_SIDE_STYLE('',(#12742));
#12742 = SURFACE_STYLE_FILL_AREA(#12743);
#12743 = FILL_AREA_STYLE('',(#12744));
#12744 = FILL_AREA_STYLE_COLOUR('',#12293);
#12745 = CURVE_STYLE('',#12746,POSITIVE_LENGTH_MEASURE(0.1),#12293);
#12746 = DRAUGHTING_PRE_DEFINED_CURVE_FONT('continuous');
#12747 = OVER_RIDING_STYLED_ITEM('overriding color',(#12748),#3925,
  #12276);
#12748 = PRESENTATION_STYLE_ASSIGNMENT((#12749,#12754));
#12749 = SURFACE_STYLE_USAGE(.BOTH.,#12750);
#12750 = SURFACE_SIDE_STYLE('',(#12751));
#12751 = SURFACE_STYLE_FILL_AREA(#12752);
#12752 = FILL_AREA_STYLE('',(#12753));
#12753 = FILL_AREA_STYLE_COLOUR('',#12293);
#12754 = CURVE_STYLE('',#12755,POSITIVE_LENGTH_MEASURE(0.1),#12293);
#12755 = DRAUGHTING_PRE_DEFINED_CURVE_FONT('continuous');
#12756 = OVER_RIDING_STYLED_ITEM('overriding color',(#12757),#3956,
  #12276);
#12757 = PRESENTATION_STYLE_ASSIGNMENT((#12758,#12763));
#12758 = SURFACE_STYLE_USAGE(.BOTH.,#12759);
#12759 = SURFACE_SIDE_STYLE('',(#12760));
#12760 = SURFACE_STYLE_FILL_AREA(#12761);
#12761 = FILL_AREA_STYLE('',(#12762));
#12762 = FILL_AREA_STYLE_COLOUR('',#12293);
#12763 = CURVE_STYLE('',#12764,POSITIVE_LENGTH_MEASURE(0.1),#12293);
#12764 = DRAUGHTING_PRE_DEFINED_CURVE_FONT('continuous');
#12765 = OVER_RIDING_STYLED_ITEM('overriding color',(#12766),#3987,
  #12276);
#12766 = PRESENTATION_STYLE_ASSIGNMENT((#12767,#12772));
#12767 = SURFACE_STYLE_USAGE(.BOTH.,#12768);
#12768 = SURFACE_SIDE_STYLE('',(#12769));
#12769 = SURFACE_STYLE_FILL_AREA(#12770);
#12770 = FILL_AREA_STYLE('',(#12771));
#12771 = FILL_AREA_STYLE_COLOUR('',#12293);
#12772 = CURVE_STYLE('',#12773,POSITIVE_LENGTH_MEASURE(0.1),#12293);
#12773 = DRAUGHTING_PRE_DEFINED_CURVE_FONT('continuous');
#12774 = OVER_RIDING_STYLED_ITEM('overriding color',(#12775),#4020,
  #12276);
#12775 = PRESENTATION_STYLE_ASSIGNMENT((#12776,#12781));
#12776 = SURFACE_STYLE_USAGE(.BOTH.,#12777);
#12777 = SURFACE_SIDE_STYLE('',(#12778));
#12778 = SURFACE_STYLE_FILL_AREA(#12779);
#12779 = FILL_AREA_STYLE('',(#12780));
#12780 = FILL_AREA_STYLE_COLOUR('',#12293);
#12781 = CURVE_STYLE('',#12782,POSITIVE_LENGTH_MEASURE(0.1),#12293);
#12782 = DRAUGHTING_PRE_DEFINED_CURVE_FONT('continuous');
#12783 = OVER_RIDING_STYLED_ITEM('overriding color',(#12784),#4078,
  #12276);
#12784 = PRESENTATION_STYLE_ASSIGNMENT((#12785,#12790));
#12785 = SURFACE_STYLE_USAGE(.BOTH.,#12786);
#12786 = SURFACE_SIDE_STYLE('',(#12787));
#12787 = SURFACE_STYLE_FILL_AREA(#12788);
#12788 = FILL_AREA_STYLE('',(#12789));
#12789 = FILL_AREA_STYLE_COLOUR('',#12293);
#12790 = CURVE_STYLE('',#12791,POSITIVE_LENGTH_MEASURE(0.1),#12293);
#12791 = DRAUGHTING_PRE_DEFINED_CURVE_FONT('continuous');
#12792 = OVER_RIDING_STYLED_ITEM('overriding color',(#12793),#4103,
  #12276);
#12793 = PRESENTATION_STYLE_ASSIGNMENT((#12794,#12799));
#12794 = SURFACE_STYLE_USAGE(.BOTH.,#12795);
#12795 = SURFACE_SIDE_STYLE('',(#12796));
#12796 = SURFACE_STYLE_FILL_AREA(#12797);
#12797 = FILL_AREA_STYLE('',(#12798));
#12798 = FILL_AREA_STYLE_COLOUR('',#12293);
#12799 = CURVE_STYLE('',#12800,POSITIVE_LENGTH_MEASURE(0.1),#12293);
#12800 = DRAUGHTING_PRE_DEFINED_CURVE_FONT('continuous');
#12801 = OVER_RIDING_STYLED_ITEM('overriding color',(#12802),#4137,
  #12276);
#12802 = PRESENTATION_STYLE_ASSIGNMENT((#12803,#12808));
#12803 = SURFACE_STYLE_USAGE(.BOTH.,#12804);
#12804 = SURFACE_SIDE_STYLE('',(#12805));
#12805 = SURFACE_STYLE_FILL_AREA(#12806);
#12806 = FILL_AREA_STYLE('',(#12807));
#12807 = FILL_AREA_STYLE_COLOUR('',#12293);
#12808 = CURVE_STYLE('',#12809,POSITIVE_LENGTH_MEASURE(0.1),#12293);
#12809 = DRAUGHTING_PRE_DEFINED_CURVE_FONT('continuous');
#12810 = OVER_RIDING_STYLED_ITEM('overriding color',(#12811),#4186,
  #12276);
#12811 = PRESENTATION_STYLE_ASSIGNMENT((#12812,#12817));
#12812 = SURFACE_STYLE_USAGE(.BOTH.,#12813);
#12813 = SURFACE_SIDE_STYLE('',(#12814));
#12814 = SURFACE_STYLE_FILL_AREA(#12815);
#12815 = FILL_AREA_STYLE('',(#12816));
#12816 = FILL_AREA_STYLE_COLOUR('',#12293);
#12817 = CURVE_STYLE('',#12818,POSITIVE_LENGTH_MEASURE(0.1),#12293);
#12818 = DRAUGHTING_PRE_DEFINED_CURVE_FONT('continuous');
#12819 = OVER_RIDING_STYLED_ITEM('overriding color',(#12820),#4217,
  #12276);
#12820 = PRESENTATION_STYLE_ASSIGNMENT((#12821,#12826));
#12821 = SURFACE_STYLE_USAGE(.BOTH.,#12822);
#12822 = SURFACE_SIDE_STYLE('',(#12823));
#12823 = SURFACE_STYLE_FILL_AREA(#12824);
#12824 = FILL_AREA_STYLE('',(#12825));
#12825 = FILL_AREA_STYLE_COLOUR('',#12293);
#12826 = CURVE_STYLE('',#12827,POSITIVE_LENGTH_MEASURE(0.1),#12293);
#12827 = DRAUGHTING_PRE_DEFINED_CURVE_FONT('continuous');
#12828 = OVER_RIDING_STYLED_ITEM('overriding color',(#12829),#4255,
  #12276);
#12829 = PRESENTATION_STYLE_ASSIGNMENT((#12830,#12835));
#12830 = SURFACE_STYLE_USAGE(.BOTH.,#12831);
#12831 = SURFACE_SIDE_STYLE('',(#12832));
#12832 = SURFACE_STYLE_FILL_AREA(#12833);
#12833 = FILL_AREA_STYLE('',(#12834));
#12834 = FILL_AREA_STYLE_COLOUR('',#12293);
#12835 = CURVE_STYLE('',#12836,POSITIVE_LENGTH_MEASURE(0.1),#12293);
#12836 = DRAUGHTING_PRE_DEFINED_CURVE_FONT('continuous');
#12837 = OVER_RIDING_STYLED_ITEM('overriding color',(#12838),#4279,
  #12276);
#12838 = PRESENTATION_STYLE_ASSIGNMENT((#12839,#12844));
#12839 = SURFACE_STYLE_USAGE(.BOTH.,#12840);
#12840 = SURFACE_SIDE_STYLE('',(#12841));
#12841 = SURFACE_STYLE_FILL_AREA(#12842);
#12842 = FILL_AREA_STYLE('',(#12843));
#12843 = FILL_AREA_STYLE_COLOUR('',#12293);
#12844 = CURVE_STYLE('',#12845,POSITIVE_LENGTH_MEASURE(0.1),#12293);
#12845 = DRAUGHTING_PRE_DEFINED_CURVE_FONT('continuous');
#12846 = OVER_RIDING_STYLED_ITEM('overriding color',(#12847),#4319,
  #12276);
#12847 = PRESENTATION_STYLE_ASSIGNMENT((#12848,#12853));
#12848 = SURFACE_STYLE_USAGE(.BOTH.,#12849);
#12849 = SURFACE_SIDE_STYLE('',(#12850));
#12850 = SURFACE_STYLE_FILL_AREA(#12851);
#12851 = FILL_AREA_STYLE('',(#12852));
#12852 = FILL_AREA_STYLE_COLOUR('',#12293);
#12853 = CURVE_STYLE('',#12854,POSITIVE_LENGTH_MEASURE(0.1),#12293);
#12854 = DRAUGHTING_PRE_DEFINED_CURVE_FONT('continuous');
#12855 = OVER_RIDING_STYLED_ITEM('overriding color',(#12856),#4350,
  #12276);
#12856 = PRESENTATION_STYLE_ASSIGNMENT((#12857,#12862));
#12857 = SURFACE_STYLE_USAGE(.BOTH.,#12858);
#12858 = SURFACE_SIDE_STYLE('',(#12859));
#12859 = SURFACE_STYLE_FILL_AREA(#12860);
#12860 = FILL_AREA_STYLE('',(#12861));
#12861 = FILL_AREA_STYLE_COLOUR('',#12293);
#12862 = CURVE_STYLE('',#12863,POSITIVE_LENGTH_MEASURE(0.1),#12293);
#12863 = DRAUGHTING_PRE_DEFINED_CURVE_FONT('continuous');
#12864 = OVER_RIDING_STYLED_ITEM('overriding color',(#12865),#4381,
  #12276);
#12865 = PRESENTATION_STYLE_ASSIGNMENT((#12866,#12871));
#12866 = SURFACE_STYLE_USAGE(.BOTH.,#12867);
#12867 = SURFACE_SIDE_STYLE('',(#12868));
#12868 = SURFACE_STYLE_FILL_AREA(#12869);
#12869 = FILL_AREA_STYLE('',(#12870));
#12870 = FILL_AREA_STYLE_COLOUR('',#12293);
#12871 = CURVE_STYLE('',#12872,POSITIVE_LENGTH_MEASURE(0.1),#12293);
#12872 = DRAUGHTING_PRE_DEFINED_CURVE_FONT('continuous');
#12873 = OVER_RIDING_STYLED_ITEM('overriding color',(#12874),#4412,
  #12276);
#12874 = PRESENTATION_STYLE_ASSIGNMENT((#12875,#12880));
#12875 = SURFACE_STYLE_USAGE(.BOTH.,#12876);
#12876 = SURFACE_SIDE_STYLE('',(#12877));
#12877 = SURFACE_STYLE_FILL_AREA(#12878);
#12878 = FILL_AREA_STYLE('',(#12879));
#12879 = FILL_AREA_STYLE_COLOUR('',#12293);
#12880 = CURVE_STYLE('',#12881,POSITIVE_LENGTH_MEASURE(0.1),#12293);
#12881 = DRAUGHTING_PRE_DEFINED_CURVE_FONT('continuous');
#12882 = OVER_RIDING_STYLED_ITEM('overriding color',(#12883),#4443,
  #12276);
#12883 = PRESENTATION_STYLE_ASSIGNMENT((#12884,#12889));
#12884 = SURFACE_STYLE_USAGE(.BOTH.,#12885);
#12885 = SURFACE_SIDE_STYLE('',(#12886));
#12886 = SURFACE_STYLE_FILL_AREA(#12887);
#12887 = FILL_AREA_STYLE('',(#12888));
#12888 = FILL_AREA_STYLE_COLOUR('',#12293);
#12889 = CURVE_STYLE('',#12890,POSITIVE_LENGTH_MEASURE(0.1),#12293);
#12890 = DRAUGHTING_PRE_DEFINED_CURVE_FONT('continuous');
#12891 = OVER_RIDING_STYLED_ITEM('overriding color',(#12892),#4474,
  #12276);
#12892 = PRESENTATION_STYLE_ASSIGNMENT((#12893,#12898));
#12893 = SURFACE_STYLE_USAGE(.BOTH.,#12894);
#12894 = SURFACE_SIDE_STYLE('',(#12895));
#12895 = SURFACE_STYLE_FILL_AREA(#12896);
#12896 = FILL_AREA_STYLE('',(#12897));
#12897 = FILL_AREA_STYLE_COLOUR('',#12293);
#12898 = CURVE_STYLE('',#12899,POSITIVE_LENGTH_MEASURE(0.1),#12293);
#12899 = DRAUGHTING_PRE_DEFINED_CURVE_FONT('continuous');
#12900 = OVER_RIDING_STYLED_ITEM('overriding color',(#12901),#4505,
  #12276);
#12901 = PRESENTATION_STYLE_ASSIGNMENT((#12902,#12907));
#12902 = SURFACE_STYLE_USAGE(.BOTH.,#12903);
#12903 = SURFACE_SIDE_STYLE('',(#12904));
#12904 = SURFACE_STYLE_FILL_AREA(#12905);
#12905 = FILL_AREA_STYLE('',(#12906));
#12906 = FILL_AREA_STYLE_COLOUR('',#12293);
#12907 = CURVE_STYLE('',#12908,POSITIVE_LENGTH_MEASURE(0.1),#12293);
#12908 = DRAUGHTING_PRE_DEFINED_CURVE_FONT('continuous');
#12909 = OVER_RIDING_STYLED_ITEM('overriding color',(#12910),#4568,
  #12276);
#12910 = PRESENTATION_STYLE_ASSIGNMENT((#12911,#12916));
#12911 = SURFACE_STYLE_USAGE(.BOTH.,#12912);
#12912 = SURFACE_SIDE_STYLE('',(#12913));
#12913 = SURFACE_STYLE_FILL_AREA(#12914);
#12914 = FILL_AREA_STYLE('',(#12915));
#12915 = FILL_AREA_STYLE_COLOUR('',#12293);
#12916 = CURVE_STYLE('',#12917,POSITIVE_LENGTH_MEASURE(0.1),#12293);
#12917 = DRAUGHTING_PRE_DEFINED_CURVE_FONT('continuous');
#12918 = OVER_RIDING_STYLED_ITEM('overriding color',(#12919),#4608,
  #12276);
#12919 = PRESENTATION_STYLE_ASSIGNMENT((#12920,#12925));
#12920 = SURFACE_STYLE_USAGE(.BOTH.,#12921);
#12921 = SURFACE_SIDE_STYLE('',(#12922));
#12922 = SURFACE_STYLE_FILL_AREA(#12923);
#12923 = FILL_AREA_STYLE('',(#12924));
#12924 = FILL_AREA_STYLE_COLOUR('',#12293);
#12925 = CURVE_STYLE('',#12926,POSITIVE_LENGTH_MEASURE(0.1),#12293);
#12926 = DRAUGHTING_PRE_DEFINED_CURVE_FONT('continuous');
#12927 = OVER_RIDING_STYLED_ITEM('overriding color',(#12928),#4649,
  #12276);
#12928 = PRESENTATION_STYLE_ASSIGNMENT((#12929,#12934));
#12929 = SURFACE_STYLE_USAGE(.BOTH.,#12930);
#12930 = SURFACE_SIDE_STYLE('',(#12931));
#12931 = SURFACE_STYLE_FILL_AREA(#12932);
#12932 = FILL_AREA_STYLE('',(#12933));
#12933 = FILL_AREA_STYLE_COLOUR('',#12293);
#12934 = CURVE_STYLE('',#12935,POSITIVE_LENGTH_MEASURE(0.1),#12293);
#12935 = DRAUGHTING_PRE_DEFINED_CURVE_FONT('continuous');
#12936 = OVER_RIDING_STYLED_ITEM('overriding color',(#12937),#4667,
  #12276);
#12937 = PRESENTATION_STYLE_ASSIGNMENT((#12938,#12943));
#12938 = SURFACE_STYLE_USAGE(.BOTH.,#12939);
#12939 = SURFACE_SIDE_STYLE('',(#12940));
#12940 = SURFACE_STYLE_FILL_AREA(#12941);
#12941 = FILL_AREA_STYLE('',(#12942));
#12942 = FILL_AREA_STYLE_COLOUR('',#12293);
#12943 = CURVE_STYLE('',#12944,POSITIVE_LENGTH_MEASURE(0.1),#12293);
#12944 = DRAUGHTING_PRE_DEFINED_CURVE_FONT('continuous');
#12945 = OVER_RIDING_STYLED_ITEM('overriding color',(#12946),#4723,
  #12276);
#12946 = PRESENTATION_STYLE_ASSIGNMENT((#12947,#12952));
#12947 = SURFACE_STYLE_USAGE(.BOTH.,#12948);
#12948 = SURFACE_SIDE_STYLE('',(#12949));
#12949 = SURFACE_STYLE_FILL_AREA(#12950);
#12950 = FILL_AREA_STYLE('',(#12951));
#12951 = FILL_AREA_STYLE_COLOUR('',#12293);
#12952 = CURVE_STYLE('',#12953,POSITIVE_LENGTH_MEASURE(0.1),#12293);
#12953 = DRAUGHTING_PRE_DEFINED_CURVE_FONT('continuous');
#12954 = OVER_RIDING_STYLED_ITEM('overriding color',(#12955),#4757,
  #12276);
#12955 = PRESENTATION_STYLE_ASSIGNMENT((#12956,#12961));
#12956 = SURFACE_STYLE_USAGE(.BOTH.,#12957);
#12957 = SURFACE_SIDE_STYLE('',(#12958));
#12958 = SURFACE_STYLE_FILL_AREA(#12959);
#12959 = FILL_AREA_STYLE('',(#12960));
#12960 = FILL_AREA_STYLE_COLOUR('',#12293);
#12961 = CURVE_STYLE('',#12962,POSITIVE_LENGTH_MEASURE(0.1),#12293);
#12962 = DRAUGHTING_PRE_DEFINED_CURVE_FONT('continuous');
#12963 = OVER_RIDING_STYLED_ITEM('overriding color',(#12964),#4798,
  #12276);
#12964 = PRESENTATION_STYLE_ASSIGNMENT((#12965,#12970));
#12965 = SURFACE_STYLE_USAGE(.BOTH.,#12966);
#12966 = SURFACE_SIDE_STYLE('',(#12967));
#12967 = SURFACE_STYLE_FILL_AREA(#12968);
#12968 = FILL_AREA_STYLE('',(#12969));
#12969 = FILL_AREA_STYLE_COLOUR('',#12293);
#12970 = CURVE_STYLE('',#12971,POSITIVE_LENGTH_MEASURE(0.1),#12293);
#12971 = DRAUGHTING_PRE_DEFINED_CURVE_FONT('continuous');
#12972 = OVER_RIDING_STYLED_ITEM('overriding color',(#12973),#4823,
  #12276);
#12973 = PRESENTATION_STYLE_ASSIGNMENT((#12974,#12979));
#12974 = SURFACE_STYLE_USAGE(.BOTH.,#12975);
#12975 = SURFACE_SIDE_STYLE('',(#12976));
#12976 = SURFACE_STYLE_FILL_AREA(#12977);
#12977 = FILL_AREA_STYLE('',(#12978));
#12978 = FILL_AREA_STYLE_COLOUR('',#12293);
#12979 = CURVE_STYLE('',#12980,POSITIVE_LENGTH_MEASURE(0.1),#12293);
#12980 = DRAUGHTING_PRE_DEFINED_CURVE_FONT('continuous');
#12981 = OVER_RIDING_STYLED_ITEM('overriding color',(#12982),#4869,
  #12276);
#12982 = PRESENTATION_STYLE_ASSIGNMENT((#12983,#12988));
#12983 = SURFACE_STYLE_USAGE(.BOTH.,#12984);
#12984 = SURFACE_SIDE_STYLE('',(#12985));
#12985 = SURFACE_STYLE_FILL_AREA(#12986);
#12986 = FILL_AREA_STYLE('',(#12987));
#12987 = FILL_AREA_STYLE_COLOUR('',#12293);
#12988 = CURVE_STYLE('',#12989,POSITIVE_LENGTH_MEASURE(0.1),#12293);
#12989 = DRAUGHTING_PRE_DEFINED_CURVE_FONT('continuous');
#12990 = OVER_RIDING_STYLED_ITEM('overriding color',(#12991),#4943,
  #12276);
#12991 = PRESENTATION_STYLE_ASSIGNMENT((#12992,#12997));
#12992 = SURFACE_STYLE_USAGE(.BOTH.,#12993);
#12993 = SURFACE_SIDE_STYLE('',(#12994));
#12994 = SURFACE_STYLE_FILL_AREA(#12995);
#12995 = FILL_AREA_STYLE('',(#12996));
#12996 = FILL_AREA_STYLE_COLOUR('',#12293);
#12997 = CURVE_STYLE('',#12998,POSITIVE_LENGTH_MEASURE(0.1),#12293);
#12998 = DRAUGHTING_PRE_DEFINED_CURVE_FONT('continuous');
#12999 = OVER_RIDING_STYLED_ITEM('overriding color',(#13000),#5010,
  #12276);
#13000 = PRESENTATION_STYLE_ASSIGNMENT((#13001,#13006));
#13001 = SURFACE_STYLE_USAGE(.BOTH.,#13002);
#13002 = SURFACE_SIDE_STYLE('',(#13003));
#13003 = SURFACE_STYLE_FILL_AREA(#13004);
#13004 = FILL_AREA_STYLE('',(#13005));
#13005 = FILL_AREA_STYLE_COLOUR('',#12293);
#13006 = CURVE_STYLE('',#13007,POSITIVE_LENGTH_MEASURE(0.1),#12293);
#13007 = DRAUGHTING_PRE_DEFINED_CURVE_FONT('continuous');
#13008 = OVER_RIDING_STYLED_ITEM('overriding color',(#13009),#5042,
  #12276);
#13009 = PRESENTATION_STYLE_ASSIGNMENT((#13010,#13015));
#13010 = SURFACE_STYLE_USAGE(.BOTH.,#13011);
#13011 = SURFACE_SIDE_STYLE('',(#13012));
#13012 = SURFACE_STYLE_FILL_AREA(#13013);
#13013 = FILL_AREA_STYLE('',(#13014));
#13014 = FILL_AREA_STYLE_COLOUR('',#12293);
#13015 = CURVE_STYLE('',#13016,POSITIVE_LENGTH_MEASURE(0.1),#12293);
#13016 = DRAUGHTING_PRE_DEFINED_CURVE_FONT('continuous');
#13017 = OVER_RIDING_STYLED_ITEM('overriding color',(#13018),#5060,
  #12276);
#13018 = PRESENTATION_STYLE_ASSIGNMENT((#13019,#13024));
#13019 = SURFACE_STYLE_USAGE(.BOTH.,#13020);
#13020 = SURFACE_SIDE_STYLE('',(#13021));
#13021 = SURFACE_STYLE_FILL_AREA(#13022);
#13022 = FILL_AREA_STYLE('',(#13023));
#13023 = FILL_AREA_STYLE_COLOUR('',#12293);
#13024 = CURVE_STYLE('',#13025,POSITIVE_LENGTH_MEASURE(0.1),#12293);
#13025 = DRAUGHTING_PRE_DEFINED_CURVE_FONT('continuous');
#13026 = OVER_RIDING_STYLED_ITEM('overriding color',(#13027),#5087,
  #12276);
#13027 = PRESENTATION_STYLE_ASSIGNMENT((#13028,#13033));
#13028 = SURFACE_STYLE_USAGE(.BOTH.,#13029);
#13029 = SURFACE_SIDE_STYLE('',(#13030));
#13030 = SURFACE_STYLE_FILL_AREA(#13031);
#13031 = FILL_AREA_STYLE('',(#13032));
#13032 = FILL_AREA_STYLE_COLOUR('',#12293);
#13033 = CURVE_STYLE('',#13034,POSITIVE_LENGTH_MEASURE(0.1),#12293);
#13034 = DRAUGHTING_PRE_DEFINED_CURVE_FONT('continuous');
#13035 = OVER_RIDING_STYLED_ITEM('overriding color',(#13036),#5123,
  #12276);
#13036 = PRESENTATION_STYLE_ASSIGNMENT((#13037,#13042));
#13037 = SURFACE_STYLE_USAGE(.BOTH.,#13038);
#13038 = SURFACE_SIDE_STYLE('',(#13039));
#13039 = SURFACE_STYLE_FILL_AREA(#13040);
#13040 = FILL_AREA_STYLE('',(#13041));
#13041 = FILL_AREA_STYLE_COLOUR('',#12293);
#13042 = CURVE_STYLE('',#13043,POSITIVE_LENGTH_MEASURE(0.1),#12293);
#13043 = DRAUGHTING_PRE_DEFINED_CURVE_FONT('continuous');
#13044 = OVER_RIDING_STYLED_ITEM('overriding color',(#13045),#5157,
  #12276);
#13045 = PRESENTATION_STYLE_ASSIGNMENT((#13046,#13051));
#13046 = SURFACE_STYLE_USAGE(.BOTH.,#13047);
#13047 = SURFACE_SIDE_STYLE('',(#13048));
#13048 = SURFACE_STYLE_FILL_AREA(#13049);
#13049 = FILL_AREA_STYLE('',(#13050));
#13050 = FILL_AREA_STYLE_COLOUR('',#12293);
#13051 = CURVE_STYLE('',#13052,POSITIVE_LENGTH_MEASURE(0.1),#12293);
#13052 = DRAUGHTING_PRE_DEFINED_CURVE_FONT('continuous');
#13053 = OVER_RIDING_STYLED_ITEM('overriding color',(#13054),#5170,
  #12276);
#13054 = PRESENTATION_STYLE_ASSIGNMENT((#13055,#13060));
#13055 = SURFACE_STYLE_USAGE(.BOTH.,#13056);
#13056 = SURFACE_SIDE_STYLE('',(#13057));
#13057 = SURFACE_STYLE_FILL_AREA(#13058);
#13058 = FILL_AREA_STYLE('',(#13059));
#13059 = FILL_AREA_STYLE_COLOUR('',#12293);
#13060 = CURVE_STYLE('',#13061,POSITIVE_LENGTH_MEASURE(0.1),#12293);
#13061 = DRAUGHTING_PRE_DEFINED_CURVE_FONT('continuous');
#13062 = OVER_RIDING_STYLED_ITEM('overriding color',(#13063),#5188,
  #12276);
#13063 = PRESENTATION_STYLE_ASSIGNMENT((#13064,#13069));
#13064 = SURFACE_STYLE_USAGE(.BOTH.,#13065);
#13065 = SURFACE_SIDE_STYLE('',(#13066));
#13066 = SURFACE_STYLE_FILL_AREA(#13067);
#13067 = FILL_AREA_STYLE('',(#13068));
#13068 = FILL_AREA_STYLE_COLOUR('',#12293);
#13069 = CURVE_STYLE('',#13070,POSITIVE_LENGTH_MEASURE(0.1),#12293);
#13070 = DRAUGHTING_PRE_DEFINED_CURVE_FONT('continuous');
#13071 = OVER_RIDING_STYLED_ITEM('overriding color',(#13072),#5201,
  #12276);
#13072 = PRESENTATION_STYLE_ASSIGNMENT((#13073,#13078));
#13073 = SURFACE_STYLE_USAGE(.BOTH.,#13074);
#13074 = SURFACE_SIDE_STYLE('',(#13075));
#13075 = SURFACE_STYLE_FILL_AREA(#13076);
#13076 = FILL_AREA_STYLE('',(#13077));
#13077 = FILL_AREA_STYLE_COLOUR('',#12293);
#13078 = CURVE_STYLE('',#13079,POSITIVE_LENGTH_MEASURE(0.1),#12293);
#13079 = DRAUGHTING_PRE_DEFINED_CURVE_FONT('continuous');
#13080 = OVER_RIDING_STYLED_ITEM('overriding color',(#13081),#5218,
  #12276);
#13081 = PRESENTATION_STYLE_ASSIGNMENT((#13082,#13087));
#13082 = SURFACE_STYLE_USAGE(.BOTH.,#13083);
#13083 = SURFACE_SIDE_STYLE('',(#13084));
#13084 = SURFACE_STYLE_FILL_AREA(#13085);
#13085 = FILL_AREA_STYLE('',(#13086));
#13086 = FILL_AREA_STYLE_COLOUR('',#12293);
#13087 = CURVE_STYLE('',#13088,POSITIVE_LENGTH_MEASURE(0.1),#12293);
#13088 = DRAUGHTING_PRE_DEFINED_CURVE_FONT('continuous');
#13089 = OVER_RIDING_STYLED_ITEM('overriding color',(#13090),#5253,
  #12276);
#13090 = PRESENTATION_STYLE_ASSIGNMENT((#13091,#13096));
#13091 = SURFACE_STYLE_USAGE(.BOTH.,#13092);
#13092 = SURFACE_SIDE_STYLE('',(#13093));
#13093 = SURFACE_STYLE_FILL_AREA(#13094);
#13094 = FILL_AREA_STYLE('',(#13095));
#13095 = FILL_AREA_STYLE_COLOUR('',#12293);
#13096 = CURVE_STYLE('',#13097,POSITIVE_LENGTH_MEASURE(0.1),#12293);
#13097 = DRAUGHTING_PRE_DEFINED_CURVE_FONT('continuous');
#13098 = OVER_RIDING_STYLED_ITEM('overriding color',(#13099),#5272,
  #12276);
#13099 = PRESENTATION_STYLE_ASSIGNMENT((#13100,#13105));
#13100 = SURFACE_STYLE_USAGE(.BOTH.,#13101);
#13101 = SURFACE_SIDE_STYLE('',(#13102));
#13102 = SURFACE_STYLE_FILL_AREA(#13103);
#13103 = FILL_AREA_STYLE('',(#13104));
#13104 = FILL_AREA_STYLE_COLOUR('',#12312);
#13105 = CURVE_STYLE('',#13106,POSITIVE_LENGTH_MEASURE(0.1),#12312);
#13106 = DRAUGHTING_PRE_DEFINED_CURVE_FONT('continuous');
#13107 = OVER_RIDING_STYLED_ITEM('overriding color',(#13108),#5314,
  #12276);
#13108 = PRESENTATION_STYLE_ASSIGNMENT((#13109,#13114));
#13109 = SURFACE_STYLE_USAGE(.BOTH.,#13110);
#13110 = SURFACE_SIDE_STYLE('',(#13111));
#13111 = SURFACE_STYLE_FILL_AREA(#13112);
#13112 = FILL_AREA_STYLE('',(#13113));
#13113 = FILL_AREA_STYLE_COLOUR('',#12312);
#13114 = CURVE_STYLE('',#13115,POSITIVE_LENGTH_MEASURE(0.1),#12312);
#13115 = DRAUGHTING_PRE_DEFINED_CURVE_FONT('continuous');
#13116 = OVER_RIDING_STYLED_ITEM('overriding color',(#13117),#5338,
  #12276);
#13117 = PRESENTATION_STYLE_ASSIGNMENT((#13118,#13123));
#13118 = SURFACE_STYLE_USAGE(.BOTH.,#13119);
#13119 = SURFACE_SIDE_STYLE('',(#13120));
#13120 = SURFACE_STYLE_FILL_AREA(#13121);
#13121 = FILL_AREA_STYLE('',(#13122));
#13122 = FILL_AREA_STYLE_COLOUR('',#12312);
#13123 = CURVE_STYLE('',#13124,POSITIVE_LENGTH_MEASURE(0.1),#12312);
#13124 = DRAUGHTING_PRE_DEFINED_CURVE_FONT('continuous');
#13125 = OVER_RIDING_STYLED_ITEM('overriding color',(#13126),#5372,
  #12276);
#13126 = PRESENTATION_STYLE_ASSIGNMENT((#13127,#13132));
#13127 = SURFACE_STYLE_USAGE(.BOTH.,#13128);
#13128 = SURFACE_SIDE_STYLE('',(#13129));
#13129 = SURFACE_STYLE_FILL_AREA(#13130);
#13130 = FILL_AREA_STYLE('',(#13131));
#13131 = FILL_AREA_STYLE_COLOUR('',#12312);
#13132 = CURVE_STYLE('',#13133,POSITIVE_LENGTH_MEASURE(0.1),#12312);
#13133 = DRAUGHTING_PRE_DEFINED_CURVE_FONT('continuous');
#13134 = OVER_RIDING_STYLED_ITEM('overriding color',(#13135),#5390,
  #12276);
#13135 = PRESENTATION_STYLE_ASSIGNMENT((#13136,#13141));
#13136 = SURFACE_STYLE_USAGE(.BOTH.,#13137);
#13137 = SURFACE_SIDE_STYLE('',(#13138));
#13138 = SURFACE_STYLE_FILL_AREA(#13139);
#13139 = FILL_AREA_STYLE('',(#13140));
#13140 = FILL_AREA_STYLE_COLOUR('',#12312);
#13141 = CURVE_STYLE('',#13142,POSITIVE_LENGTH_MEASURE(0.1),#12312);
#13142 = DRAUGHTING_PRE_DEFINED_CURVE_FONT('continuous');
#13143 = OVER_RIDING_STYLED_ITEM('overriding color',(#13144),#5432,
  #12276);
#13144 = PRESENTATION_STYLE_ASSIGNMENT((#13145,#13150));
#13145 = SURFACE_STYLE_USAGE(.BOTH.,#13146);
#13146 = SURFACE_SIDE_STYLE('',(#13147));
#13147 = SURFACE_STYLE_FILL_AREA(#13148);
#13148 = FILL_AREA_STYLE('',(#13149));
#13149 = FILL_AREA_STYLE_COLOUR('',#12312);
#13150 = CURVE_STYLE('',#13151,POSITIVE_LENGTH_MEASURE(0.1),#12312);
#13151 = DRAUGHTING_PRE_DEFINED_CURVE_FONT('continuous');
#13152 = OVER_RIDING_STYLED_ITEM('overriding color',(#13153),#5456,
  #12276);
#13153 = PRESENTATION_STYLE_ASSIGNMENT((#13154,#13159));
#13154 = SURFACE_STYLE_USAGE(.BOTH.,#13155);
#13155 = SURFACE_SIDE_STYLE('',(#13156));
#13156 = SURFACE_STYLE_FILL_AREA(#13157);
#13157 = FILL_AREA_STYLE('',(#13158));
#13158 = FILL_AREA_STYLE_COLOUR('',#12312);
#13159 = CURVE_STYLE('',#13160,POSITIVE_LENGTH_MEASURE(0.1),#12312);
#13160 = DRAUGHTING_PRE_DEFINED_CURVE_FONT('continuous');
#13161 = OVER_RIDING_STYLED_ITEM('overriding color',(#13162),#5490,
  #12276);
#13162 = PRESENTATION_STYLE_ASSIGNMENT((#13163,#13168));
#13163 = SURFACE_STYLE_USAGE(.BOTH.,#13164);
#13164 = SURFACE_SIDE_STYLE('',(#13165));
#13165 = SURFACE_STYLE_FILL_AREA(#13166);
#13166 = FILL_AREA_STYLE('',(#13167));
#13167 = FILL_AREA_STYLE_COLOUR('',#12312);
#13168 = CURVE_STYLE('',#13169,POSITIVE_LENGTH_MEASURE(0.1),#12312);
#13169 = DRAUGHTING_PRE_DEFINED_CURVE_FONT('continuous');
#13170 = OVER_RIDING_STYLED_ITEM('overriding color',(#13171),#5508,
  #12276);
#13171 = PRESENTATION_STYLE_ASSIGNMENT((#13172,#13177));
#13172 = SURFACE_STYLE_USAGE(.BOTH.,#13173);
#13173 = SURFACE_SIDE_STYLE('',(#13174));
#13174 = SURFACE_STYLE_FILL_AREA(#13175);
#13175 = FILL_AREA_STYLE('',(#13176));
#13176 = FILL_AREA_STYLE_COLOUR('',#12312);
#13177 = CURVE_STYLE('',#13178,POSITIVE_LENGTH_MEASURE(0.1),#12312);
#13178 = DRAUGHTING_PRE_DEFINED_CURVE_FONT('continuous');
#13179 = OVER_RIDING_STYLED_ITEM('overriding color',(#13180),#5550,
  #12276);
#13180 = PRESENTATION_STYLE_ASSIGNMENT((#13181,#13186));
#13181 = SURFACE_STYLE_USAGE(.BOTH.,#13182);
#13182 = SURFACE_SIDE_STYLE('',(#13183));
#13183 = SURFACE_STYLE_FILL_AREA(#13184);
#13184 = FILL_AREA_STYLE('',(#13185));
#13185 = FILL_AREA_STYLE_COLOUR('',#12312);
#13186 = CURVE_STYLE('',#13187,POSITIVE_LENGTH_MEASURE(0.1),#12312);
#13187 = DRAUGHTING_PRE_DEFINED_CURVE_FONT('continuous');
#13188 = OVER_RIDING_STYLED_ITEM('overriding color',(#13189),#5584,
  #12276);
#13189 = PRESENTATION_STYLE_ASSIGNMENT((#13190,#13195));
#13190 = SURFACE_STYLE_USAGE(.BOTH.,#13191);
#13191 = SURFACE_SIDE_STYLE('',(#13192));
#13192 = SURFACE_STYLE_FILL_AREA(#13193);
#13193 = FILL_AREA_STYLE('',(#13194));
#13194 = FILL_AREA_STYLE_COLOUR('',#12312);
#13195 = CURVE_STYLE('',#13196,POSITIVE_LENGTH_MEASURE(0.1),#12312);
#13196 = DRAUGHTING_PRE_DEFINED_CURVE_FONT('continuous');
#13197 = OVER_RIDING_STYLED_ITEM('overriding color',(#13198),#5626,
  #12276);
#13198 = PRESENTATION_STYLE_ASSIGNMENT((#13199,#13204));
#13199 = SURFACE_STYLE_USAGE(.BOTH.,#13200);
#13200 = SURFACE_SIDE_STYLE('',(#13201));
#13201 = SURFACE_STYLE_FILL_AREA(#13202);
#13202 = FILL_AREA_STYLE('',(#13203));
#13203 = FILL_AREA_STYLE_COLOUR('',#12312);
#13204 = CURVE_STYLE('',#13205,POSITIVE_LENGTH_MEASURE(0.1),#12312);
#13205 = DRAUGHTING_PRE_DEFINED_CURVE_FONT('continuous');
#13206 = OVER_RIDING_STYLED_ITEM('overriding color',(#13207),#5650,
  #12276);
#13207 = PRESENTATION_STYLE_ASSIGNMENT((#13208,#13213));
#13208 = SURFACE_STYLE_USAGE(.BOTH.,#13209);
#13209 = SURFACE_SIDE_STYLE('',(#13210));
#13210 = SURFACE_STYLE_FILL_AREA(#13211);
#13211 = FILL_AREA_STYLE('',(#13212));
#13212 = FILL_AREA_STYLE_COLOUR('',#12312);
#13213 = CURVE_STYLE('',#13214,POSITIVE_LENGTH_MEASURE(0.1),#12312);
#13214 = DRAUGHTING_PRE_DEFINED_CURVE_FONT('continuous');
#13215 = OVER_RIDING_STYLED_ITEM('overriding color',(#13216),#5684,
  #12276);
#13216 = PRESENTATION_STYLE_ASSIGNMENT((#13217,#13222));
#13217 = SURFACE_STYLE_USAGE(.BOTH.,#13218);
#13218 = SURFACE_SIDE_STYLE('',(#13219));
#13219 = SURFACE_STYLE_FILL_AREA(#13220);
#13220 = FILL_AREA_STYLE('',(#13221));
#13221 = FILL_AREA_STYLE_COLOUR('',#12312);
#13222 = CURVE_STYLE('',#13223,POSITIVE_LENGTH_MEASURE(0.1),#12312);
#13223 = DRAUGHTING_PRE_DEFINED_CURVE_FONT('continuous');
#13224 = OVER_RIDING_STYLED_ITEM('overriding color',(#13225),#5702,
  #12276);
#13225 = PRESENTATION_STYLE_ASSIGNMENT((#13226,#13231));
#13226 = SURFACE_STYLE_USAGE(.BOTH.,#13227);
#13227 = SURFACE_SIDE_STYLE('',(#13228));
#13228 = SURFACE_STYLE_FILL_AREA(#13229);
#13229 = FILL_AREA_STYLE('',(#13230));
#13230 = FILL_AREA_STYLE_COLOUR('',#12312);
#13231 = CURVE_STYLE('',#13232,POSITIVE_LENGTH_MEASURE(0.1),#12312);
#13232 = DRAUGHTING_PRE_DEFINED_CURVE_FONT('continuous');
#13233 = OVER_RIDING_STYLED_ITEM('overriding color',(#13234),#5712,
  #12276);
#13234 = PRESENTATION_STYLE_ASSIGNMENT((#13235,#13240));
#13235 = SURFACE_STYLE_USAGE(.BOTH.,#13236);
#13236 = SURFACE_SIDE_STYLE('',(#13237));
#13237 = SURFACE_STYLE_FILL_AREA(#13238);
#13238 = FILL_AREA_STYLE('',(#13239));
#13239 = FILL_AREA_STYLE_COLOUR('',#12312);
#13240 = CURVE_STYLE('',#13241,POSITIVE_LENGTH_MEASURE(0.1),#12312);
#13241 = DRAUGHTING_PRE_DEFINED_CURVE_FONT('continuous');
#13242 = OVER_RIDING_STYLED_ITEM('overriding color',(#13243),#5722,
  #12276);
#13243 = PRESENTATION_STYLE_ASSIGNMENT((#13244,#13249));
#13244 = SURFACE_STYLE_USAGE(.BOTH.,#13245);
#13245 = SURFACE_SIDE_STYLE('',(#13246));
#13246 = SURFACE_STYLE_FILL_AREA(#13247);
#13247 = FILL_AREA_STYLE('',(#13248));
#13248 = FILL_AREA_STYLE_COLOUR('',#12312);
#13249 = CURVE_STYLE('',#13250,POSITIVE_LENGTH_MEASURE(0.1),#12312);
#13250 = DRAUGHTING_PRE_DEFINED_CURVE_FONT('continuous');
#13251 = OVER_RIDING_STYLED_ITEM('overriding color',(#13252),#5738,
  #12276);
#13252 = PRESENTATION_STYLE_ASSIGNMENT((#13253,#13258));
#13253 = SURFACE_STYLE_USAGE(.BOTH.,#13254);
#13254 = SURFACE_SIDE_STYLE('',(#13255));
#13255 = SURFACE_STYLE_FILL_AREA(#13256);
#13256 = FILL_AREA_STYLE('',(#13257));
#13257 = FILL_AREA_STYLE_COLOUR('',#12312);
#13258 = CURVE_STYLE('',#13259,POSITIVE_LENGTH_MEASURE(0.1),#12312);
#13259 = DRAUGHTING_PRE_DEFINED_CURVE_FONT('continuous');
#13260 = OVER_RIDING_STYLED_ITEM('overriding color',(#13261),#5748,
  #12276);
#13261 = PRESENTATION_STYLE_ASSIGNMENT((#13262,#13267));
#13262 = SURFACE_STYLE_USAGE(.BOTH.,#13263);
#13263 = SURFACE_SIDE_STYLE('',(#13264));
#13264 = SURFACE_STYLE_FILL_AREA(#13265);
#13265 = FILL_AREA_STYLE('',(#13266));
#13266 = FILL_AREA_STYLE_COLOUR('',#12312);
#13267 = CURVE_STYLE('',#13268,POSITIVE_LENGTH_MEASURE(0.1),#12312);
#13268 = DRAUGHTING_PRE_DEFINED_CURVE_FONT('continuous');
#13269 = OVER_RIDING_STYLED_ITEM('overriding color',(#13270),#5766,
  #12276);
#13270 = PRESENTATION_STYLE_ASSIGNMENT((#13271,#13276));
#13271 = SURFACE_STYLE_USAGE(.BOTH.,#13272);
#13272 = SURFACE_SIDE_STYLE('',(#13273));
#13273 = SURFACE_STYLE_FILL_AREA(#13274);
#13274 = FILL_AREA_STYLE('',(#13275));
#13275 = FILL_AREA_STYLE_COLOUR('',#12312);
#13276 = CURVE_STYLE('',#13277,POSITIVE_LENGTH_MEASURE(0.1),#12312);
#13277 = DRAUGHTING_PRE_DEFINED_CURVE_FONT('continuous');
#13278 = OVER_RIDING_STYLED_ITEM('overriding color',(#13279),#5784,
  #12276);
#13279 = PRESENTATION_STYLE_ASSIGNMENT((#13280,#13285));
#13280 = SURFACE_STYLE_USAGE(.BOTH.,#13281);
#13281 = SURFACE_SIDE_STYLE('',(#13282));
#13282 = SURFACE_STYLE_FILL_AREA(#13283);
#13283 = FILL_AREA_STYLE('',(#13284));
#13284 = FILL_AREA_STYLE_COLOUR('',#12312);
#13285 = CURVE_STYLE('',#13286,POSITIVE_LENGTH_MEASURE(0.1),#12312);
#13286 = DRAUGHTING_PRE_DEFINED_CURVE_FONT('continuous');
#13287 = OVER_RIDING_STYLED_ITEM('overriding color',(#13288),#5810,
  #12276);
#13288 = PRESENTATION_STYLE_ASSIGNMENT((#13289,#13294));
#13289 = SURFACE_STYLE_USAGE(.BOTH.,#13290);
#13290 = SURFACE_SIDE_STYLE('',(#13291));
#13291 = SURFACE_STYLE_FILL_AREA(#13292);
#13292 = FILL_AREA_STYLE('',(#13293));
#13293 = FILL_AREA_STYLE_COLOUR('',#12312);
#13294 = CURVE_STYLE('',#13295,POSITIVE_LENGTH_MEASURE(0.1),#12312);
#13295 = DRAUGHTING_PRE_DEFINED_CURVE_FONT('continuous');
#13296 = OVER_RIDING_STYLED_ITEM('overriding color',(#13297),#5844,
  #12276);
#13297 = PRESENTATION_STYLE_ASSIGNMENT((#13298,#13303));
#13298 = SURFACE_STYLE_USAGE(.BOTH.,#13299);
#13299 = SURFACE_SIDE_STYLE('',(#13300));
#13300 = SURFACE_STYLE_FILL_AREA(#13301);
#13301 = FILL_AREA_STYLE('',(#13302));
#13302 = FILL_AREA_STYLE_COLOUR('',#12312);
#13303 = CURVE_STYLE('',#13304,POSITIVE_LENGTH_MEASURE(0.1),#12312);
#13304 = DRAUGHTING_PRE_DEFINED_CURVE_FONT('continuous');
#13305 = OVER_RIDING_STYLED_ITEM('overriding color',(#13306),#5862,
  #12276);
#13306 = PRESENTATION_STYLE_ASSIGNMENT((#13307,#13312));
#13307 = SURFACE_STYLE_USAGE(.BOTH.,#13308);
#13308 = SURFACE_SIDE_STYLE('',(#13309));
#13309 = SURFACE_STYLE_FILL_AREA(#13310);
#13310 = FILL_AREA_STYLE('',(#13311));
#13311 = FILL_AREA_STYLE_COLOUR('',#12312);
#13312 = CURVE_STYLE('',#13313,POSITIVE_LENGTH_MEASURE(0.1),#12312);
#13313 = DRAUGHTING_PRE_DEFINED_CURVE_FONT('continuous');
#13314 = OVER_RIDING_STYLED_ITEM('overriding color',(#13315),#5894,
  #12276);
#13315 = PRESENTATION_STYLE_ASSIGNMENT((#13316,#13321));
#13316 = SURFACE_STYLE_USAGE(.BOTH.,#13317);
#13317 = SURFACE_SIDE_STYLE('',(#13318));
#13318 = SURFACE_STYLE_FILL_AREA(#13319);
#13319 = FILL_AREA_STYLE('',(#13320));
#13320 = FILL_AREA_STYLE_COLOUR('',#12312);
#13321 = CURVE_STYLE('',#13322,POSITIVE_LENGTH_MEASURE(0.1),#12312);
#13322 = DRAUGHTING_PRE_DEFINED_CURVE_FONT('continuous');
#13323 = OVER_RIDING_STYLED_ITEM('overriding color',(#13324),#5912,
  #12276);
#13324 = PRESENTATION_STYLE_ASSIGNMENT((#13325,#13330));
#13325 = SURFACE_STYLE_USAGE(.BOTH.,#13326);
#13326 = SURFACE_SIDE_STYLE('',(#13327));
#13327 = SURFACE_STYLE_FILL_AREA(#13328);
#13328 = FILL_AREA_STYLE('',(#13329));
#13329 = FILL_AREA_STYLE_COLOUR('',#12293);
#13330 = CURVE_STYLE('',#13331,POSITIVE_LENGTH_MEASURE(0.1),#12293);
#13331 = DRAUGHTING_PRE_DEFINED_CURVE_FONT('continuous');
#13332 = OVER_RIDING_STYLED_ITEM('overriding color',(#13333),#5952,
  #12276);
#13333 = PRESENTATION_STYLE_ASSIGNMENT((#13334,#13339));
#13334 = SURFACE_STYLE_USAGE(.BOTH.,#13335);
#13335 = SURFACE_SIDE_STYLE('',(#13336));
#13336 = SURFACE_STYLE_FILL_AREA(#13337);
#13337 = FILL_AREA_STYLE('',(#13338));
#13338 = FILL_AREA_STYLE_COLOUR('',#12312);
#13339 = CURVE_STYLE('',#13340,POSITIVE_LENGTH_MEASURE(0.1),#12312);
#13340 = DRAUGHTING_PRE_DEFINED_CURVE_FONT('continuous');
#13341 = OVER_RIDING_STYLED_ITEM('overriding color',(#13342),#5981,
  #12276);
#13342 = PRESENTATION_STYLE_ASSIGNMENT((#13343,#13348));
#13343 = SURFACE_STYLE_USAGE(.BOTH.,#13344);
#13344 = SURFACE_SIDE_STYLE('',(#13345));
#13345 = SURFACE_STYLE_FILL_AREA(#13346);
#13346 = FILL_AREA_STYLE('',(#13347));
#13347 = FILL_AREA_STYLE_COLOUR('',#12312);
#13348 = CURVE_STYLE('',#13349,POSITIVE_LENGTH_MEASURE(0.1),#12312);
#13349 = DRAUGHTING_PRE_DEFINED_CURVE_FONT('continuous');
#13350 = OVER_RIDING_STYLED_ITEM('overriding color',(#13351),#6010,
  #12276);
#13351 = PRESENTATION_STYLE_ASSIGNMENT((#13352,#13357));
#13352 = SURFACE_STYLE_USAGE(.BOTH.,#13353);
#13353 = SURFACE_SIDE_STYLE('',(#13354));
#13354 = SURFACE_STYLE_FILL_AREA(#13355);
#13355 = FILL_AREA_STYLE('',(#13356));
#13356 = FILL_AREA_STYLE_COLOUR('',#12312);
#13357 = CURVE_STYLE('',#13358,POSITIVE_LENGTH_MEASURE(0.1),#12312);
#13358 = DRAUGHTING_PRE_DEFINED_CURVE_FONT('continuous');
#13359 = OVER_RIDING_STYLED_ITEM('overriding color',(#13360),#6027,
  #12276);
#13360 = PRESENTATION_STYLE_ASSIGNMENT((#13361,#13366));
#13361 = SURFACE_STYLE_USAGE(.BOTH.,#13362);
#13362 = SURFACE_SIDE_STYLE('',(#13363));
#13363 = SURFACE_STYLE_FILL_AREA(#13364);
#13364 = FILL_AREA_STYLE('',(#13365));
#13365 = FILL_AREA_STYLE_COLOUR('',#12312);
#13366 = CURVE_STYLE('',#13367,POSITIVE_LENGTH_MEASURE(0.1),#12312);
#13367 = DRAUGHTING_PRE_DEFINED_CURVE_FONT('continuous');
#13368 = OVER_RIDING_STYLED_ITEM('overriding color',(#13369),#6041,
  #12276);
#13369 = PRESENTATION_STYLE_ASSIGNMENT((#13370,#13375));
#13370 = SURFACE_STYLE_USAGE(.BOTH.,#13371);
#13371 = SURFACE_SIDE_STYLE('',(#13372));
#13372 = SURFACE_STYLE_FILL_AREA(#13373);
#13373 = FILL_AREA_STYLE('',(#13374));
#13374 = FILL_AREA_STYLE_COLOUR('',#12293);
#13375 = CURVE_STYLE('',#13376,POSITIVE_LENGTH_MEASURE(0.1),#12293);
#13376 = DRAUGHTING_PRE_DEFINED_CURVE_FONT('continuous');
#13377 = OVER_RIDING_STYLED_ITEM('overriding color',(#13378),#6060,
  #12276);
#13378 = PRESENTATION_STYLE_ASSIGNMENT((#13379,#13384));
#13379 = SURFACE_STYLE_USAGE(.BOTH.,#13380);
#13380 = SURFACE_SIDE_STYLE('',(#13381));
#13381 = SURFACE_STYLE_FILL_AREA(#13382);
#13382 = FILL_AREA_STYLE('',(#13383));
#13383 = FILL_AREA_STYLE_COLOUR('',#12293);
#13384 = CURVE_STYLE('',#13385,POSITIVE_LENGTH_MEASURE(0.1),#12293);
#13385 = DRAUGHTING_PRE_DEFINED_CURVE_FONT('continuous');
#13386 = OVER_RIDING_STYLED_ITEM('overriding color',(#13387),#6074,
  #12276);
#13387 = PRESENTATION_STYLE_ASSIGNMENT((#13388,#13393));
#13388 = SURFACE_STYLE_USAGE(.BOTH.,#13389);
#13389 = SURFACE_SIDE_STYLE('',(#13390));
#13390 = SURFACE_STYLE_FILL_AREA(#13391);
#13391 = FILL_AREA_STYLE('',(#13392));
#13392 = FILL_AREA_STYLE_COLOUR('',#12293);
#13393 = CURVE_STYLE('',#13394,POSITIVE_LENGTH_MEASURE(0.1),#12293);
#13394 = DRAUGHTING_PRE_DEFINED_CURVE_FONT('continuous');
#13395 = OVER_RIDING_STYLED_ITEM('overriding color',(#13396),#6093,
  #12276);
#13396 = PRESENTATION_STYLE_ASSIGNMENT((#13397,#13402));
#13397 = SURFACE_STYLE_USAGE(.BOTH.,#13398);
#13398 = SURFACE_SIDE_STYLE('',(#13399));
#13399 = SURFACE_STYLE_FILL_AREA(#13400);
#13400 = FILL_AREA_STYLE('',(#13401));
#13401 = FILL_AREA_STYLE_COLOUR('',#12293);
#13402 = CURVE_STYLE('',#13403,POSITIVE_LENGTH_MEASURE(0.1),#12293);
#13403 = DRAUGHTING_PRE_DEFINED_CURVE_FONT('continuous');
#13404 = OVER_RIDING_STYLED_ITEM('overriding color',(#13405),#6107,
  #12276);
#13405 = PRESENTATION_STYLE_ASSIGNMENT((#13406,#13412));
#13406 = SURFACE_STYLE_USAGE(.BOTH.,#13407);
#13407 = SURFACE_SIDE_STYLE('',(#13408));
#13408 = SURFACE_STYLE_FILL_AREA(#13409);
#13409 = FILL_AREA_STYLE('',(#13410));
#13410 = FILL_AREA_STYLE_COLOUR('',#13411);
#13411 = DRAUGHTING_PRE_DEFINED_COLOUR('white');
#13412 = CURVE_STYLE('',#13413,POSITIVE_LENGTH_MEASURE(0.1),#13411);
#13413 = DRAUGHTING_PRE_DEFINED_CURVE_FONT('continuous');
#13414 = OVER_RIDING_STYLED_ITEM('overriding color',(#13415),#6119,
  #12276);
#13415 = PRESENTATION_STYLE_ASSIGNMENT((#13416,#13421));
#13416 = SURFACE_STYLE_USAGE(.BOTH.,#13417);
#13417 = SURFACE_SIDE_STYLE('',(#13418));
#13418 = SURFACE_STYLE_FILL_AREA(#13419);
#13419 = FILL_AREA_STYLE('',(#13420));
#13420 = FILL_AREA_STYLE_COLOUR('',#13411);
#13421 = CURVE_STYLE('',#13422,POSITIVE_LENGTH_MEASURE(0.1),#13411);
#13422 = DRAUGHTING_PRE_DEFINED_CURVE_FONT('continuous');
#13423 = OVER_RIDING_STYLED_ITEM('overriding color',(#13424),#6131,
  #12276);
#13424 = PRESENTATION_STYLE_ASSIGNMENT((#13425,#13430));
#13425 = SURFACE_STYLE_USAGE(.BOTH.,#13426);
#13426 = SURFACE_SIDE_STYLE('',(#13427));
#13427 = SURFACE_STYLE_FILL_AREA(#13428);
#13428 = FILL_AREA_STYLE('',(#13429));
#13429 = FILL_AREA_STYLE_COLOUR('',#13411);
#13430 = CURVE_STYLE('',#13431,POSITIVE_LENGTH_MEASURE(0.1),#13411);
#13431 = DRAUGHTING_PRE_DEFINED_CURVE_FONT('continuous');
#13432 = OVER_RIDING_STYLED_ITEM('overriding color',(#13433),#6143,
  #12276);
#13433 = PRESENTATION_STYLE_ASSIGNMENT((#13434,#13439));
#13434 = SURFACE_STYLE_USAGE(.BOTH.,#13435);
#13435 = SURFACE_SIDE_STYLE('',(#13436));
#13436 = SURFACE_STYLE_FILL_AREA(#13437);
#13437 = FILL_AREA_STYLE('',(#13438));
#13438 = FILL_AREA_STYLE_COLOUR('',#13411);
#13439 = CURVE_STYLE('',#13440,POSITIVE_LENGTH_MEASURE(0.1),#13411);
#13440 = DRAUGHTING_PRE_DEFINED_CURVE_FONT('continuous');
#13441 = OVER_RIDING_STYLED_ITEM('overriding color',(#13442),#6155,
  #12276);
#13442 = PRESENTATION_STYLE_ASSIGNMENT((#13443,#13449));
#13443 = SURFACE_STYLE_USAGE(.BOTH.,#13444);
#13444 = SURFACE_SIDE_STYLE('',(#13445));
#13445 = SURFACE_STYLE_FILL_AREA(#13446);
#13446 = FILL_AREA_STYLE('',(#13447));
#13447 = FILL_AREA_STYLE_COLOUR('',#13448);
#13448 = DRAUGHTING_PRE_DEFINED_COLOUR('black');
#13449 = CURVE_STYLE('',#13450,POSITIVE_LENGTH_MEASURE(0.1),#13448);
#13450 = DRAUGHTING_PRE_DEFINED_CURVE_FONT('continuous');
#13451 = OVER_RIDING_STYLED_ITEM('overriding color',(#13452),#6186,
  #12276);
#13452 = PRESENTATION_STYLE_ASSIGNMENT((#13453,#13458));
#13453 = SURFACE_STYLE_USAGE(.BOTH.,#13454);
#13454 = SURFACE_SIDE_STYLE('',(#13455));
#13455 = SURFACE_STYLE_FILL_AREA(#13456);
#13456 = FILL_AREA_STYLE('',(#13457));
#13457 = FILL_AREA_STYLE_COLOUR('',#13448);
#13458 = CURVE_STYLE('',#13459,POSITIVE_LENGTH_MEASURE(0.1),#13448);
#13459 = DRAUGHTING_PRE_DEFINED_CURVE_FONT('continuous');
#13460 = OVER_RIDING_STYLED_ITEM('overriding color',(#13461),#6210,
  #12276);
#13461 = PRESENTATION_STYLE_ASSIGNMENT((#13462,#13467));
#13462 = SURFACE_STYLE_USAGE(.BOTH.,#13463);
#13463 = SURFACE_SIDE_STYLE('',(#13464));
#13464 = SURFACE_STYLE_FILL_AREA(#13465);
#13465 = FILL_AREA_STYLE('',(#13466));
#13466 = FILL_AREA_STYLE_COLOUR('',#13448);
#13467 = CURVE_STYLE('',#13468,POSITIVE_LENGTH_MEASURE(0.1),#13448);
#13468 = DRAUGHTING_PRE_DEFINED_CURVE_FONT('continuous');
#13469 = OVER_RIDING_STYLED_ITEM('overriding color',(#13470),#6234,
  #12276);
#13470 = PRESENTATION_STYLE_ASSIGNMENT((#13471,#13476));
#13471 = SURFACE_STYLE_USAGE(.BOTH.,#13472);
#13472 = SURFACE_SIDE_STYLE('',(#13473));
#13473 = SURFACE_STYLE_FILL_AREA(#13474);
#13474 = FILL_AREA_STYLE('',(#13475));
#13475 = FILL_AREA_STYLE_COLOUR('',#13448);
#13476 = CURVE_STYLE('',#13477,POSITIVE_LENGTH_MEASURE(0.1),#13448);
#13477 = DRAUGHTING_PRE_DEFINED_CURVE_FONT('continuous');
#13478 = OVER_RIDING_STYLED_ITEM('overriding color',(#13479),#6258,
  #12276);
#13479 = PRESENTATION_STYLE_ASSIGNMENT((#13480,#13485));
#13480 = SURFACE_STYLE_USAGE(.BOTH.,#13481);
#13481 = SURFACE_SIDE_STYLE('',(#13482));
#13482 = SURFACE_STYLE_FILL_AREA(#13483);
#13483 = FILL_AREA_STYLE('',(#13484));
#13484 = FILL_AREA_STYLE_COLOUR('',#13448);
#13485 = CURVE_STYLE('',#13486,POSITIVE_LENGTH_MEASURE(0.1),#13448);
#13486 = DRAUGHTING_PRE_DEFINED_CURVE_FONT('continuous');
#13487 = OVER_RIDING_STYLED_ITEM('overriding color',(#13488),#6282,
  #12276);
#13488 = PRESENTATION_STYLE_ASSIGNMENT((#13489,#13494));
#13489 = SURFACE_STYLE_USAGE(.BOTH.,#13490);
#13490 = SURFACE_SIDE_STYLE('',(#13491));
#13491 = SURFACE_STYLE_FILL_AREA(#13492);
#13492 = FILL_AREA_STYLE('',(#13493));
#13493 = FILL_AREA_STYLE_COLOUR('',#13448);
#13494 = CURVE_STYLE('',#13495,POSITIVE_LENGTH_MEASURE(0.1),#13448);
#13495 = DRAUGHTING_PRE_DEFINED_CURVE_FONT('continuous');
#13496 = OVER_RIDING_STYLED_ITEM('overriding color',(#13497),#6299,
  #12276);
#13497 = PRESENTATION_STYLE_ASSIGNMENT((#13498,#13503));
#13498 = SURFACE_STYLE_USAGE(.BOTH.,#13499);
#13499 = SURFACE_SIDE_STYLE('',(#13500));
#13500 = SURFACE_STYLE_FILL_AREA(#13501);
#13501 = FILL_AREA_STYLE('',(#13502));
#13502 = FILL_AREA_STYLE_COLOUR('',#13448);
#13503 = CURVE_STYLE('',#13504,POSITIVE_LENGTH_MEASURE(0.1),#13448);
#13504 = DRAUGHTING_PRE_DEFINED_CURVE_FONT('continuous');
#13505 = OVER_RIDING_STYLED_ITEM('overriding color',(#13506),#6313,
  #12276);
#13506 = PRESENTATION_STYLE_ASSIGNMENT((#13507,#13512));
#13507 = SURFACE_STYLE_USAGE(.BOTH.,#13508);
#13508 = SURFACE_SIDE_STYLE('',(#13509));
#13509 = SURFACE_STYLE_FILL_AREA(#13510);
#13510 = FILL_AREA_STYLE('',(#13511));
#13511 = FILL_AREA_STYLE_COLOUR('',#13448);
#13512 = CURVE_STYLE('',#13513,POSITIVE_LENGTH_MEASURE(0.1),#13448);
#13513 = DRAUGHTING_PRE_DEFINED_CURVE_FONT('continuous');
#13514 = OVER_RIDING_STYLED_ITEM('overriding color',(#13515),#6349,
  #12276);
#13515 = PRESENTATION_STYLE_ASSIGNMENT((#13516,#13521));
#13516 = SURFACE_STYLE_USAGE(.BOTH.,#13517);
#13517 = SURFACE_SIDE_STYLE('',(#13518));
#13518 = SURFACE_STYLE_FILL_AREA(#13519);
#13519 = FILL_AREA_STYLE('',(#13520));
#13520 = FILL_AREA_STYLE_COLOUR('',#13448);
#13521 = CURVE_STYLE('',#13522,POSITIVE_LENGTH_MEASURE(0.1),#13448);
#13522 = DRAUGHTING_PRE_DEFINED_CURVE_FONT('continuous');
#13523 = OVER_RIDING_STYLED_ITEM('overriding color',(#13524),#6373,
  #12276);
#13524 = PRESENTATION_STYLE_ASSIGNMENT((#13525,#13530));
#13525 = SURFACE_STYLE_USAGE(.BOTH.,#13526);
#13526 = SURFACE_SIDE_STYLE('',(#13527));
#13527 = SURFACE_STYLE_FILL_AREA(#13528);
#13528 = FILL_AREA_STYLE('',(#13529));
#13529 = FILL_AREA_STYLE_COLOUR('',#13448);
#13530 = CURVE_STYLE('',#13531,POSITIVE_LENGTH_MEASURE(0.1),#13448);
#13531 = DRAUGHTING_PRE_DEFINED_CURVE_FONT('continuous');
#13532 = OVER_RIDING_STYLED_ITEM('overriding color',(#13533),#6402,
  #12276);
#13533 = PRESENTATION_STYLE_ASSIGNMENT((#13534,#13539));
#13534 = SURFACE_STYLE_USAGE(.BOTH.,#13535);
#13535 = SURFACE_SIDE_STYLE('',(#13536));
#13536 = SURFACE_STYLE_FILL_AREA(#13537);
#13537 = FILL_AREA_STYLE('',(#13538));
#13538 = FILL_AREA_STYLE_COLOUR('',#13448);
#13539 = CURVE_STYLE('',#13540,POSITIVE_LENGTH_MEASURE(0.1),#13448);
#13540 = DRAUGHTING_PRE_DEFINED_CURVE_FONT('continuous');
#13541 = OVER_RIDING_STYLED_ITEM('overriding color',(#13542),#6431,
  #12276);
#13542 = PRESENTATION_STYLE_ASSIGNMENT((#13543,#13548));
#13543 = SURFACE_STYLE_USAGE(.BOTH.,#13544);
#13544 = SURFACE_SIDE_STYLE('',(#13545));
#13545 = SURFACE_STYLE_FILL_AREA(#13546);
#13546 = FILL_AREA_STYLE('',(#13547));
#13547 = FILL_AREA_STYLE_COLOUR('',#13448);
#13548 = CURVE_STYLE('',#13549,POSITIVE_LENGTH_MEASURE(0.1),#13448);
#13549 = DRAUGHTING_PRE_DEFINED_CURVE_FONT('continuous');
#13550 = OVER_RIDING_STYLED_ITEM('overriding color',(#13551),#6460,
  #12276);
#13551 = PRESENTATION_STYLE_ASSIGNMENT((#13552,#13557));
#13552 = SURFACE_STYLE_USAGE(.BOTH.,#13553);
#13553 = SURFACE_SIDE_STYLE('',(#13554));
#13554 = SURFACE_STYLE_FILL_AREA(#13555);
#13555 = FILL_AREA_STYLE('',(#13556));
#13556 = FILL_AREA_STYLE_COLOUR('',#13448);
#13557 = CURVE_STYLE('',#13558,POSITIVE_LENGTH_MEASURE(0.1),#13448);
#13558 = DRAUGHTING_PRE_DEFINED_CURVE_FONT('continuous');
#13559 = OVER_RIDING_STYLED_ITEM('overriding color',(#13560),#6489,
  #12276);
#13560 = PRESENTATION_STYLE_ASSIGNMENT((#13561,#13566));
#13561 = SURFACE_STYLE_USAGE(.BOTH.,#13562);
#13562 = SURFACE_SIDE_STYLE('',(#13563));
#13563 = SURFACE_STYLE_FILL_AREA(#13564);
#13564 = FILL_AREA_STYLE('',(#13565));
#13565 = FILL_AREA_STYLE_COLOUR('',#13448);
#13566 = CURVE_STYLE('',#13567,POSITIVE_LENGTH_MEASURE(0.1),#13448);
#13567 = DRAUGHTING_PRE_DEFINED_CURVE_FONT('continuous');
#13568 = OVER_RIDING_STYLED_ITEM('overriding color',(#13569),#6518,
  #12276);
#13569 = PRESENTATION_STYLE_ASSIGNMENT((#13570,#13575));
#13570 = SURFACE_STYLE_USAGE(.BOTH.,#13571);
#13571 = SURFACE_SIDE_STYLE('',(#13572));
#13572 = SURFACE_STYLE_FILL_AREA(#13573);
#13573 = FILL_AREA_STYLE('',(#13574));
#13574 = FILL_AREA_STYLE_COLOUR('',#13448);
#13575 = CURVE_STYLE('',#13576,POSITIVE_LENGTH_MEASURE(0.1),#13448);
#13576 = DRAUGHTING_PRE_DEFINED_CURVE_FONT('continuous');
#13577 = OVER_RIDING_STYLED_ITEM('overriding color',(#13578),#6547,
  #12276);
#13578 = PRESENTATION_STYLE_ASSIGNMENT((#13579,#13584));
#13579 = SURFACE_STYLE_USAGE(.BOTH.,#13580);
#13580 = SURFACE_SIDE_STYLE('',(#13581));
#13581 = SURFACE_STYLE_FILL_AREA(#13582);
#13582 = FILL_AREA_STYLE('',(#13583));
#13583 = FILL_AREA_STYLE_COLOUR('',#13448);
#13584 = CURVE_STYLE('',#13585,POSITIVE_LENGTH_MEASURE(0.1),#13448);
#13585 = DRAUGHTING_PRE_DEFINED_CURVE_FONT('continuous');
#13586 = OVER_RIDING_STYLED_ITEM('overriding color',(#13587),#6571,
  #12276);
#13587 = PRESENTATION_STYLE_ASSIGNMENT((#13588,#13593));
#13588 = SURFACE_STYLE_USAGE(.BOTH.,#13589);
#13589 = SURFACE_SIDE_STYLE('',(#13590));
#13590 = SURFACE_STYLE_FILL_AREA(#13591);
#13591 = FILL_AREA_STYLE('',(#13592));
#13592 = FILL_AREA_STYLE_COLOUR('',#13448);
#13593 = CURVE_STYLE('',#13594,POSITIVE_LENGTH_MEASURE(0.1),#13448);
#13594 = DRAUGHTING_PRE_DEFINED_CURVE_FONT('continuous');
#13595 = OVER_RIDING_STYLED_ITEM('overriding color',(#13596),#6600,
  #12276);
#13596 = PRESENTATION_STYLE_ASSIGNMENT((#13597,#13602));
#13597 = SURFACE_STYLE_USAGE(.BOTH.,#13598);
#13598 = SURFACE_SIDE_STYLE('',(#13599));
#13599 = SURFACE_STYLE_FILL_AREA(#13600);
#13600 = FILL_AREA_STYLE('',(#13601));
#13601 = FILL_AREA_STYLE_COLOUR('',#13448);
#13602 = CURVE_STYLE('',#13603,POSITIVE_LENGTH_MEASURE(0.1),#13448);
#13603 = DRAUGHTING_PRE_DEFINED_CURVE_FONT('continuous');
#13604 = OVER_RIDING_STYLED_ITEM('overriding color',(#13605),#6629,
  #12276);
#13605 = PRESENTATION_STYLE_ASSIGNMENT((#13606,#13611));
#13606 = SURFACE_STYLE_USAGE(.BOTH.,#13607);
#13607 = SURFACE_SIDE_STYLE('',(#13608));
#13608 = SURFACE_STYLE_FILL_AREA(#13609);
#13609 = FILL_AREA_STYLE('',(#13610));
#13610 = FILL_AREA_STYLE_COLOUR('',#13448);
#13611 = CURVE_STYLE('',#13612,POSITIVE_LENGTH_MEASURE(0.1),#13448);
#13612 = DRAUGHTING_PRE_DEFINED_CURVE_FONT('continuous');
#13613 = OVER_RIDING_STYLED_ITEM('overriding color',(#13614),#6658,
  #12276);
#13614 = PRESENTATION_STYLE_ASSIGNMENT((#13615,#13620));
#13615 = SURFACE_STYLE_USAGE(.BOTH.,#13616);
#13616 = SURFACE_SIDE_STYLE('',(#13617));
#13617 = SURFACE_STYLE_FILL_AREA(#13618);
#13618 = FILL_AREA_STYLE('',(#13619));
#13619 = FILL_AREA_STYLE_COLOUR('',#13448);
#13620 = CURVE_STYLE('',#13621,POSITIVE_LENGTH_MEASURE(0.1),#13448);
#13621 = DRAUGHTING_PRE_DEFINED_CURVE_FONT('continuous');
#13622 = OVER_RIDING_STYLED_ITEM('overriding color',(#13623),#6687,
  #12276);
#13623 = PRESENTATION_STYLE_ASSIGNMENT((#13624,#13629));
#13624 = SURFACE_STYLE_USAGE(.BOTH.,#13625);
#13625 = SURFACE_SIDE_STYLE('',(#13626));
#13626 = SURFACE_STYLE_FILL_AREA(#13627);
#13627 = FILL_AREA_STYLE('',(#13628));
#13628 = FILL_AREA_STYLE_COLOUR('',#13448);
#13629 = CURVE_STYLE('',#13630,POSITIVE_LENGTH_MEASURE(0.1),#13448);
#13630 = DRAUGHTING_PRE_DEFINED_CURVE_FONT('continuous');
#13631 = OVER_RIDING_STYLED_ITEM('overriding color',(#13632),#6709,
  #12276);
#13632 = PRESENTATION_STYLE_ASSIGNMENT((#13633,#13638));
#13633 = SURFACE_STYLE_USAGE(.BOTH.,#13634);
#13634 = SURFACE_SIDE_STYLE('',(#13635));
#13635 = SURFACE_STYLE_FILL_AREA(#13636);
#13636 = FILL_AREA_STYLE('',(#13637));
#13637 = FILL_AREA_STYLE_COLOUR('',#13448);
#13638 = CURVE_STYLE('',#13639,POSITIVE_LENGTH_MEASURE(0.1),#13448);
#13639 = DRAUGHTING_PRE_DEFINED_CURVE_FONT('continuous');
#13640 = OVER_RIDING_STYLED_ITEM('overriding color',(#13641),#6731,
  #12276);
#13641 = PRESENTATION_STYLE_ASSIGNMENT((#13642,#13647));
#13642 = SURFACE_STYLE_USAGE(.BOTH.,#13643);
#13643 = SURFACE_SIDE_STYLE('',(#13644));
#13644 = SURFACE_STYLE_FILL_AREA(#13645);
#13645 = FILL_AREA_STYLE('',(#13646));
#13646 = FILL_AREA_STYLE_COLOUR('',#13448);
#13647 = CURVE_STYLE('',#13648,POSITIVE_LENGTH_MEASURE(0.1),#13448);
#13648 = DRAUGHTING_PRE_DEFINED_CURVE_FONT('continuous');
#13649 = OVER_RIDING_STYLED_ITEM('overriding color',(#13650),#6762,
  #12276);
#13650 = PRESENTATION_STYLE_ASSIGNMENT((#13651,#13656));
#13651 = SURFACE_STYLE_USAGE(.BOTH.,#13652);
#13652 = SURFACE_SIDE_STYLE('',(#13653));
#13653 = SURFACE_STYLE_FILL_AREA(#13654);
#13654 = FILL_AREA_STYLE('',(#13655));
#13655 = FILL_AREA_STYLE_COLOUR('',#13448);
#13656 = CURVE_STYLE('',#13657,POSITIVE_LENGTH_MEASURE(0.1),#13448);
#13657 = DRAUGHTING_PRE_DEFINED_CURVE_FONT('continuous');
#13658 = OVER_RIDING_STYLED_ITEM('overriding color',(#13659),#6786,
  #12276);
#13659 = PRESENTATION_STYLE_ASSIGNMENT((#13660,#13665));
#13660 = SURFACE_STYLE_USAGE(.BOTH.,#13661);
#13661 = SURFACE_SIDE_STYLE('',(#13662));
#13662 = SURFACE_STYLE_FILL_AREA(#13663);
#13663 = FILL_AREA_STYLE('',(#13664));
#13664 = FILL_AREA_STYLE_COLOUR('',#13448);
#13665 = CURVE_STYLE('',#13666,POSITIVE_LENGTH_MEASURE(0.1),#13448);
#13666 = DRAUGHTING_PRE_DEFINED_CURVE_FONT('continuous');
#13667 = OVER_RIDING_STYLED_ITEM('overriding color',(#13668),#6810,
  #12276);
#13668 = PRESENTATION_STYLE_ASSIGNMENT((#13669,#13674));
#13669 = SURFACE_STYLE_USAGE(.BOTH.,#13670);
#13670 = SURFACE_SIDE_STYLE('',(#13671));
#13671 = SURFACE_STYLE_FILL_AREA(#13672);
#13672 = FILL_AREA_STYLE('',(#13673));
#13673 = FILL_AREA_STYLE_COLOUR('',#13448);
#13674 = CURVE_STYLE('',#13675,POSITIVE_LENGTH_MEASURE(0.1),#13448);
#13675 = DRAUGHTING_PRE_DEFINED_CURVE_FONT('continuous');
#13676 = OVER_RIDING_STYLED_ITEM('overriding color',(#13677),#6834,
  #12276);
#13677 = PRESENTATION_STYLE_ASSIGNMENT((#13678,#13683));
#13678 = SURFACE_STYLE_USAGE(.BOTH.,#13679);
#13679 = SURFACE_SIDE_STYLE('',(#13680));
#13680 = SURFACE_STYLE_FILL_AREA(#13681);
#13681 = FILL_AREA_STYLE('',(#13682));
#13682 = FILL_AREA_STYLE_COLOUR('',#13448);
#13683 = CURVE_STYLE('',#13684,POSITIVE_LENGTH_MEASURE(0.1),#13448);
#13684 = DRAUGHTING_PRE_DEFINED_CURVE_FONT('continuous');
#13685 = OVER_RIDING_STYLED_ITEM('overriding color',(#13686),#6858,
  #12276);
#13686 = PRESENTATION_STYLE_ASSIGNMENT((#13687,#13692));
#13687 = SURFACE_STYLE_USAGE(.BOTH.,#13688);
#13688 = SURFACE_SIDE_STYLE('',(#13689));
#13689 = SURFACE_STYLE_FILL_AREA(#13690);
#13690 = FILL_AREA_STYLE('',(#13691));
#13691 = FILL_AREA_STYLE_COLOUR('',#13448);
#13692 = CURVE_STYLE('',#13693,POSITIVE_LENGTH_MEASURE(0.1),#13448);
#13693 = DRAUGHTING_PRE_DEFINED_CURVE_FONT('continuous');
#13694 = OVER_RIDING_STYLED_ITEM('overriding color',(#13695),#6882,
  #12276);
#13695 = PRESENTATION_STYLE_ASSIGNMENT((#13696,#13701));
#13696 = SURFACE_STYLE_USAGE(.BOTH.,#13697);
#13697 = SURFACE_SIDE_STYLE('',(#13698));
#13698 = SURFACE_STYLE_FILL_AREA(#13699);
#13699 = FILL_AREA_STYLE('',(#13700));
#13700 = FILL_AREA_STYLE_COLOUR('',#13448);
#13701 = CURVE_STYLE('',#13702,POSITIVE_LENGTH_MEASURE(0.1),#13448);
#13702 = DRAUGHTING_PRE_DEFINED_CURVE_FONT('continuous');
#13703 = OVER_RIDING_STYLED_ITEM('overriding color',(#13704),#6906,
  #12276);
#13704 = PRESENTATION_STYLE_ASSIGNMENT((#13705,#13710));
#13705 = SURFACE_STYLE_USAGE(.BOTH.,#13706);
#13706 = SURFACE_SIDE_STYLE('',(#13707));
#13707 = SURFACE_STYLE_FILL_AREA(#13708);
#13708 = FILL_AREA_STYLE('',(#13709));
#13709 = FILL_AREA_STYLE_COLOUR('',#13448);
#13710 = CURVE_STYLE('',#13711,POSITIVE_LENGTH_MEASURE(0.1),#13448);
#13711 = DRAUGHTING_PRE_DEFINED_CURVE_FONT('continuous');
#13712 = OVER_RIDING_STYLED_ITEM('overriding color',(#13713),#6930,
  #12276);
#13713 = PRESENTATION_STYLE_ASSIGNMENT((#13714,#13719));
#13714 = SURFACE_STYLE_USAGE(.BOTH.,#13715);
#13715 = SURFACE_SIDE_STYLE('',(#13716));
#13716 = SURFACE_STYLE_FILL_AREA(#13717);
#13717 = FILL_AREA_STYLE('',(#13718));
#13718 = FILL_AREA_STYLE_COLOUR('',#13448);
#13719 = CURVE_STYLE('',#13720,POSITIVE_LENGTH_MEASURE(0.1),#13448);
#13720 = DRAUGHTING_PRE_DEFINED_CURVE_FONT('continuous');
#13721 = OVER_RIDING_STYLED_ITEM('overriding color',(#13722),#6954,
  #12276);
#13722 = PRESENTATION_STYLE_ASSIGNMENT((#13723,#13728));
#13723 = SURFACE_STYLE_USAGE(.BOTH.,#13724);
#13724 = SURFACE_SIDE_STYLE('',(#13725));
#13725 = SURFACE_STYLE_FILL_AREA(#13726);
#13726 = FILL_AREA_STYLE('',(#13727));
#13727 = FILL_AREA_STYLE_COLOUR('',#13448);
#13728 = CURVE_STYLE('',#13729,POSITIVE_LENGTH_MEASURE(0.1),#13448);
#13729 = DRAUGHTING_PRE_DEFINED_CURVE_FONT('continuous');
#13730 = OVER_RIDING_STYLED_ITEM('overriding color',(#13731),#6978,
  #12276);
#13731 = PRESENTATION_STYLE_ASSIGNMENT((#13732,#13737));
#13732 = SURFACE_STYLE_USAGE(.BOTH.,#13733);
#13733 = SURFACE_SIDE_STYLE('',(#13734));
#13734 = SURFACE_STYLE_FILL_AREA(#13735);
#13735 = FILL_AREA_STYLE('',(#13736));
#13736 = FILL_AREA_STYLE_COLOUR('',#13448);
#13737 = CURVE_STYLE('',#13738,POSITIVE_LENGTH_MEASURE(0.1),#13448);
#13738 = DRAUGHTING_PRE_DEFINED_CURVE_FONT('continuous');
#13739 = OVER_RIDING_STYLED_ITEM('overriding color',(#13740),#7002,
  #12276);
#13740 = PRESENTATION_STYLE_ASSIGNMENT((#13741,#13746));
#13741 = SURFACE_STYLE_USAGE(.BOTH.,#13742);
#13742 = SURFACE_SIDE_STYLE('',(#13743));
#13743 = SURFACE_STYLE_FILL_AREA(#13744);
#13744 = FILL_AREA_STYLE('',(#13745));
#13745 = FILL_AREA_STYLE_COLOUR('',#13448);
#13746 = CURVE_STYLE('',#13747,POSITIVE_LENGTH_MEASURE(0.1),#13448);
#13747 = DRAUGHTING_PRE_DEFINED_CURVE_FONT('continuous');
#13748 = OVER_RIDING_STYLED_ITEM('overriding color',(#13749),#7019,
  #12276);
#13749 = PRESENTATION_STYLE_ASSIGNMENT((#13750,#13755));
#13750 = SURFACE_STYLE_USAGE(.BOTH.,#13751);
#13751 = SURFACE_SIDE_STYLE('',(#13752));
#13752 = SURFACE_STYLE_FILL_AREA(#13753);
#13753 = FILL_AREA_STYLE('',(#13754));
#13754 = FILL_AREA_STYLE_COLOUR('',#13448);
#13755 = CURVE_STYLE('',#13756,POSITIVE_LENGTH_MEASURE(0.1),#13448);
#13756 = DRAUGHTING_PRE_DEFINED_CURVE_FONT('continuous');
#13757 = OVER_RIDING_STYLED_ITEM('overriding color',(#13758),#7039,
  #12276);
#13758 = PRESENTATION_STYLE_ASSIGNMENT((#13759,#13764));
#13759 = SURFACE_STYLE_USAGE(.BOTH.,#13760);
#13760 = SURFACE_SIDE_STYLE('',(#13761));
#13761 = SURFACE_STYLE_FILL_AREA(#13762);
#13762 = FILL_AREA_STYLE('',(#13763));
#13763 = FILL_AREA_STYLE_COLOUR('',#13448);
#13764 = CURVE_STYLE('',#13765,POSITIVE_LENGTH_MEASURE(0.1),#13448);
#13765 = DRAUGHTING_PRE_DEFINED_CURVE_FONT('continuous');
#13766 = OVER_RIDING_STYLED_ITEM('overriding color',(#13767),#7169,
  #12276);
#13767 = PRESENTATION_STYLE_ASSIGNMENT((#13768,#13773));
#13768 = SURFACE_STYLE_USAGE(.BOTH.,#13769);
#13769 = SURFACE_SIDE_STYLE('',(#13770));
#13770 = SURFACE_STYLE_FILL_AREA(#13771);
#13771 = FILL_AREA_STYLE('',(#13772));
#13772 = FILL_AREA_STYLE_COLOUR('',#13448);
#13773 = CURVE_STYLE('',#13774,POSITIVE_LENGTH_MEASURE(0.1),#13448);
#13774 = DRAUGHTING_PRE_DEFINED_CURVE_FONT('continuous');
#13775 = OVER_RIDING_STYLED_ITEM('overriding color',(#13776),#7191,
  #12276);
#13776 = PRESENTATION_STYLE_ASSIGNMENT((#13777,#13782));
#13777 = SURFACE_STYLE_USAGE(.BOTH.,#13778);
#13778 = SURFACE_SIDE_STYLE('',(#13779));
#13779 = SURFACE_STYLE_FILL_AREA(#13780);
#13780 = FILL_AREA_STYLE('',(#13781));
#13781 = FILL_AREA_STYLE_COLOUR('',#13448);
#13782 = CURVE_STYLE('',#13783,POSITIVE_LENGTH_MEASURE(0.1),#13448);
#13783 = DRAUGHTING_PRE_DEFINED_CURVE_FONT('continuous');
#13784 = OVER_RIDING_STYLED_ITEM('overriding color',(#13785),#7212,
  #12276);
#13785 = PRESENTATION_STYLE_ASSIGNMENT((#13786,#13791));
#13786 = SURFACE_STYLE_USAGE(.BOTH.,#13787);
#13787 = SURFACE_SIDE_STYLE('',(#13788));
#13788 = SURFACE_STYLE_FILL_AREA(#13789);
#13789 = FILL_AREA_STYLE('',(#13790));
#13790 = FILL_AREA_STYLE_COLOUR('',#13448);
#13791 = CURVE_STYLE('',#13792,POSITIVE_LENGTH_MEASURE(0.1),#13448);
#13792 = DRAUGHTING_PRE_DEFINED_CURVE_FONT('continuous');
#13793 = OVER_RIDING_STYLED_ITEM('overriding color',(#13794),#7233,
  #12276);
#13794 = PRESENTATION_STYLE_ASSIGNMENT((#13795,#13800));
#13795 = SURFACE_STYLE_USAGE(.BOTH.,#13796);
#13796 = SURFACE_SIDE_STYLE('',(#13797));
#13797 = SURFACE_STYLE_FILL_AREA(#13798);
#13798 = FILL_AREA_STYLE('',(#13799));
#13799 = FILL_AREA_STYLE_COLOUR('',#13448);
#13800 = CURVE_STYLE('',#13801,POSITIVE_LENGTH_MEASURE(0.1),#13448);
#13801 = DRAUGHTING_PRE_DEFINED_CURVE_FONT('continuous');
#13802 = OVER_RIDING_STYLED_ITEM('overriding color',(#13803),#7254,
  #12276);
#13803 = PRESENTATION_STYLE_ASSIGNMENT((#13804,#13809));
#13804 = SURFACE_STYLE_USAGE(.BOTH.,#13805);
#13805 = SURFACE_SIDE_STYLE('',(#13806));
#13806 = SURFACE_STYLE_FILL_AREA(#13807);
#13807 = FILL_AREA_STYLE('',(#13808));
#13808 = FILL_AREA_STYLE_COLOUR('',#13448);
#13809 = CURVE_STYLE('',#13810,POSITIVE_LENGTH_MEASURE(0.1),#13448);
#13810 = DRAUGHTING_PRE_DEFINED_CURVE_FONT('continuous');
#13811 = OVER_RIDING_STYLED_ITEM('overriding color',(#13812),#7275,
  #12276);
#13812 = PRESENTATION_STYLE_ASSIGNMENT((#13813,#13818));
#13813 = SURFACE_STYLE_USAGE(.BOTH.,#13814);
#13814 = SURFACE_SIDE_STYLE('',(#13815));
#13815 = SURFACE_STYLE_FILL_AREA(#13816);
#13816 = FILL_AREA_STYLE('',(#13817));
#13817 = FILL_AREA_STYLE_COLOUR('',#13448);
#13818 = CURVE_STYLE('',#13819,POSITIVE_LENGTH_MEASURE(0.1),#13448);
#13819 = DRAUGHTING_PRE_DEFINED_CURVE_FONT('continuous');
#13820 = OVER_RIDING_STYLED_ITEM('overriding color',(#13821),#7292,
  #12276);
#13821 = PRESENTATION_STYLE_ASSIGNMENT((#13822,#13827));
#13822 = SURFACE_STYLE_USAGE(.BOTH.,#13823);
#13823 = SURFACE_SIDE_STYLE('',(#13824));
#13824 = SURFACE_STYLE_FILL_AREA(#13825);
#13825 = FILL_AREA_STYLE('',(#13826));
#13826 = FILL_AREA_STYLE_COLOUR('',#13448);
#13827 = CURVE_STYLE('',#13828,POSITIVE_LENGTH_MEASURE(0.1),#13448);
#13828 = DRAUGHTING_PRE_DEFINED_CURVE_FONT('continuous');
#13829 = OVER_RIDING_STYLED_ITEM('overriding color',(#13830),#7304,
  #12276);
#13830 = PRESENTATION_STYLE_ASSIGNMENT((#13831,#13836));
#13831 = SURFACE_STYLE_USAGE(.BOTH.,#13832);
#13832 = SURFACE_SIDE_STYLE('',(#13833));
#13833 = SURFACE_STYLE_FILL_AREA(#13834);
#13834 = FILL_AREA_STYLE('',(#13835));
#13835 = FILL_AREA_STYLE_COLOUR('',#13448);
#13836 = CURVE_STYLE('',#13837,POSITIVE_LENGTH_MEASURE(0.1),#13448);
#13837 = DRAUGHTING_PRE_DEFINED_CURVE_FONT('continuous');
#13838 = OVER_RIDING_STYLED_ITEM('overriding color',(#13839),#7335,
  #12276);
#13839 = PRESENTATION_STYLE_ASSIGNMENT((#13840,#13845));
#13840 = SURFACE_STYLE_USAGE(.BOTH.,#13841);
#13841 = SURFACE_SIDE_STYLE('',(#13842));
#13842 = SURFACE_STYLE_FILL_AREA(#13843);
#13843 = FILL_AREA_STYLE('',(#13844));
#13844 = FILL_AREA_STYLE_COLOUR('',#13448);
#13845 = CURVE_STYLE('',#13846,POSITIVE_LENGTH_MEASURE(0.1),#13448);
#13846 = DRAUGHTING_PRE_DEFINED_CURVE_FONT('continuous');
#13847 = OVER_RIDING_STYLED_ITEM('overriding color',(#13848),#7359,
  #12276);
#13848 = PRESENTATION_STYLE_ASSIGNMENT((#13849,#13854));
#13849 = SURFACE_STYLE_USAGE(.BOTH.,#13850);
#13850 = SURFACE_SIDE_STYLE('',(#13851));
#13851 = SURFACE_STYLE_FILL_AREA(#13852);
#13852 = FILL_AREA_STYLE('',(#13853));
#13853 = FILL_AREA_STYLE_COLOUR('',#13448);
#13854 = CURVE_STYLE('',#13855,POSITIVE_LENGTH_MEASURE(0.1),#13448);
#13855 = DRAUGHTING_PRE_DEFINED_CURVE_FONT('continuous');
#13856 = OVER_RIDING_STYLED_ITEM('overriding color',(#13857),#7383,
  #12276);
#13857 = PRESENTATION_STYLE_ASSIGNMENT((#13858,#13863));
#13858 = SURFACE_STYLE_USAGE(.BOTH.,#13859);
#13859 = SURFACE_SIDE_STYLE('',(#13860));
#13860 = SURFACE_STYLE_FILL_AREA(#13861);
#13861 = FILL_AREA_STYLE('',(#13862));
#13862 = FILL_AREA_STYLE_COLOUR('',#13448);
#13863 = CURVE_STYLE('',#13864,POSITIVE_LENGTH_MEASURE(0.1),#13448);
#13864 = DRAUGHTING_PRE_DEFINED_CURVE_FONT('continuous');
#13865 = OVER_RIDING_STYLED_ITEM('overriding color',(#13866),#7412,
  #12276);
#13866 = PRESENTATION_STYLE_ASSIGNMENT((#13867,#13872));
#13867 = SURFACE_STYLE_USAGE(.BOTH.,#13868);
#13868 = SURFACE_SIDE_STYLE('',(#13869));
#13869 = SURFACE_STYLE_FILL_AREA(#13870);
#13870 = FILL_AREA_STYLE('',(#13871));
#13871 = FILL_AREA_STYLE_COLOUR('',#13448);
#13872 = CURVE_STYLE('',#13873,POSITIVE_LENGTH_MEASURE(0.1),#13448);
#13873 = DRAUGHTING_PRE_DEFINED_CURVE_FONT('continuous');
#13874 = OVER_RIDING_STYLED_ITEM('overriding color',(#13875),#7441,
  #12276);
#13875 = PRESENTATION_STYLE_ASSIGNMENT((#13876,#13881));
#13876 = SURFACE_STYLE_USAGE(.BOTH.,#13877);
#13877 = SURFACE_SIDE_STYLE('',(#13878));
#13878 = SURFACE_STYLE_FILL_AREA(#13879);
#13879 = FILL_AREA_STYLE('',(#13880));
#13880 = FILL_AREA_STYLE_COLOUR('',#13448);
#13881 = CURVE_STYLE('',#13882,POSITIVE_LENGTH_MEASURE(0.1),#13448);
#13882 = DRAUGHTING_PRE_DEFINED_CURVE_FONT('continuous');
#13883 = OVER_RIDING_STYLED_ITEM('overriding color',(#13884),#7470,
  #12276);
#13884 = PRESENTATION_STYLE_ASSIGNMENT((#13885,#13890));
#13885 = SURFACE_STYLE_USAGE(.BOTH.,#13886);
#13886 = SURFACE_SIDE_STYLE('',(#13887));
#13887 = SURFACE_STYLE_FILL_AREA(#13888);
#13888 = FILL_AREA_STYLE('',(#13889));
#13889 = FILL_AREA_STYLE_COLOUR('',#13448);
#13890 = CURVE_STYLE('',#13891,POSITIVE_LENGTH_MEASURE(0.1),#13448);
#13891 = DRAUGHTING_PRE_DEFINED_CURVE_FONT('continuous');
#13892 = OVER_RIDING_STYLED_ITEM('overriding color',(#13893),#7492,
  #12276);
#13893 = PRESENTATION_STYLE_ASSIGNMENT((#13894,#13899));
#13894 = SURFACE_STYLE_USAGE(.BOTH.,#13895);
#13895 = SURFACE_SIDE_STYLE('',(#13896));
#13896 = SURFACE_STYLE_FILL_AREA(#13897);
#13897 = FILL_AREA_STYLE('',(#13898));
#13898 = FILL_AREA_STYLE_COLOUR('',#12293);
#13899 = CURVE_STYLE('',#13900,POSITIVE_LENGTH_MEASURE(0.1),#12293);
#13900 = DRAUGHTING_PRE_DEFINED_CURVE_FONT('continuous');
#13901 = OVER_RIDING_STYLED_ITEM('overriding color',(#13902),#7507,
  #12276);
#13902 = PRESENTATION_STYLE_ASSIGNMENT((#13903,#13908));
#13903 = SURFACE_STYLE_USAGE(.BOTH.,#13904);
#13904 = SURFACE_SIDE_STYLE('',(#13905));
#13905 = SURFACE_STYLE_FILL_AREA(#13906);
#13906 = FILL_AREA_STYLE('',(#13907));
#13907 = FILL_AREA_STYLE_COLOUR('',#13448);
#13908 = CURVE_STYLE('',#13909,POSITIVE_LENGTH_MEASURE(0.1),#13448);
#13909 = DRAUGHTING_PRE_DEFINED_CURVE_FONT('continuous');
#13910 = OVER_RIDING_STYLED_ITEM('overriding color',(#13911),#7631,
  #12276);
#13911 = PRESENTATION_STYLE_ASSIGNMENT((#13912,#13917));
#13912 = SURFACE_STYLE_USAGE(.BOTH.,#13913);
#13913 = SURFACE_SIDE_STYLE('',(#13914));
#13914 = SURFACE_STYLE_FILL_AREA(#13915);
#13915 = FILL_AREA_STYLE('',(#13916));
#13916 = FILL_AREA_STYLE_COLOUR('',#13448);
#13917 = CURVE_STYLE('',#13918,POSITIVE_LENGTH_MEASURE(0.1),#13448);
#13918 = DRAUGHTING_PRE_DEFINED_CURVE_FONT('continuous');
#13919 = OVER_RIDING_STYLED_ITEM('overriding color',(#13920),#7653,
  #12276);
#13920 = PRESENTATION_STYLE_ASSIGNMENT((#13921,#13926));
#13921 = SURFACE_STYLE_USAGE(.BOTH.,#13922);
#13922 = SURFACE_SIDE_STYLE('',(#13923));
#13923 = SURFACE_STYLE_FILL_AREA(#13924);
#13924 = FILL_AREA_STYLE('',(#13925));
#13925 = FILL_AREA_STYLE_COLOUR('',#13448);
#13926 = CURVE_STYLE('',#13927,POSITIVE_LENGTH_MEASURE(0.1),#13448);
#13927 = DRAUGHTING_PRE_DEFINED_CURVE_FONT('continuous');
#13928 = OVER_RIDING_STYLED_ITEM('overriding color',(#13929),#7670,
  #12276);
#13929 = PRESENTATION_STYLE_ASSIGNMENT((#13930,#13935));
#13930 = SURFACE_STYLE_USAGE(.BOTH.,#13931);
#13931 = SURFACE_SIDE_STYLE('',(#13932));
#13932 = SURFACE_STYLE_FILL_AREA(#13933);
#13933 = FILL_AREA_STYLE('',(#13934));
#13934 = FILL_AREA_STYLE_COLOUR('',#13448);
#13935 = CURVE_STYLE('',#13936,POSITIVE_LENGTH_MEASURE(0.1),#13448);
#13936 = DRAUGHTING_PRE_DEFINED_CURVE_FONT('continuous');
#13937 = OVER_RIDING_STYLED_ITEM('overriding color',(#13938),#7687,
  #12276);
#13938 = PRESENTATION_STYLE_ASSIGNMENT((#13939,#13944));
#13939 = SURFACE_STYLE_USAGE(.BOTH.,#13940);
#13940 = SURFACE_SIDE_STYLE('',(#13941));
#13941 = SURFACE_STYLE_FILL_AREA(#13942);
#13942 = FILL_AREA_STYLE('',(#13943));
#13943 = FILL_AREA_STYLE_COLOUR('',#13448);
#13944 = CURVE_STYLE('',#13945,POSITIVE_LENGTH_MEASURE(0.1),#13448);
#13945 = DRAUGHTING_PRE_DEFINED_CURVE_FONT('continuous');
#13946 = OVER_RIDING_STYLED_ITEM('overriding color',(#13947),#7704,
  #12276);
#13947 = PRESENTATION_STYLE_ASSIGNMENT((#13948,#13953));
#13948 = SURFACE_STYLE_USAGE(.BOTH.,#13949);
#13949 = SURFACE_SIDE_STYLE('',(#13950));
#13950 = SURFACE_STYLE_FILL_AREA(#13951);
#13951 = FILL_AREA_STYLE('',(#13952));
#13952 = FILL_AREA_STYLE_COLOUR('',#13448);
#13953 = CURVE_STYLE('',#13954,POSITIVE_LENGTH_MEASURE(0.1),#13448);
#13954 = DRAUGHTING_PRE_DEFINED_CURVE_FONT('continuous');
#13955 = OVER_RIDING_STYLED_ITEM('overriding color',(#13956),#7721,
  #12276);
#13956 = PRESENTATION_STYLE_ASSIGNMENT((#13957,#13962));
#13957 = SURFACE_STYLE_USAGE(.BOTH.,#13958);
#13958 = SURFACE_SIDE_STYLE('',(#13959));
#13959 = SURFACE_STYLE_FILL_AREA(#13960);
#13960 = FILL_AREA_STYLE('',(#13961));
#13961 = FILL_AREA_STYLE_COLOUR('',#13448);
#13962 = CURVE_STYLE('',#13963,POSITIVE_LENGTH_MEASURE(0.1),#13448);
#13963 = DRAUGHTING_PRE_DEFINED_CURVE_FONT('continuous');
#13964 = OVER_RIDING_STYLED_ITEM('overriding color',(#13965),#7738,
  #12276);
#13965 = PRESENTATION_STYLE_ASSIGNMENT((#13966,#13971));
#13966 = SURFACE_STYLE_USAGE(.BOTH.,#13967);
#13967 = SURFACE_SIDE_STYLE('',(#13968));
#13968 = SURFACE_STYLE_FILL_AREA(#13969);
#13969 = FILL_AREA_STYLE('',(#13970));
#13970 = FILL_AREA_STYLE_COLOUR('',#13448);
#13971 = CURVE_STYLE('',#13972,POSITIVE_LENGTH_MEASURE(0.1),#13448);
#13972 = DRAUGHTING_PRE_DEFINED_CURVE_FONT('continuous');
#13973 = OVER_RIDING_STYLED_ITEM('overriding color',(#13974),#7755,
  #12276);
#13974 = PRESENTATION_STYLE_ASSIGNMENT((#13975,#13980));
#13975 = SURFACE_STYLE_USAGE(.BOTH.,#13976);
#13976 = SURFACE_SIDE_STYLE('',(#13977));
#13977 = SURFACE_STYLE_FILL_AREA(#13978);
#13978 = FILL_AREA_STYLE('',(#13979));
#13979 = FILL_AREA_STYLE_COLOUR('',#13448);
#13980 = CURVE_STYLE('',#13981,POSITIVE_LENGTH_MEASURE(0.1),#13448);
#13981 = DRAUGHTING_PRE_DEFINED_CURVE_FONT('continuous');
#13982 = OVER_RIDING_STYLED_ITEM('overriding color',(#13983),#7767,
  #12276);
#13983 = PRESENTATION_STYLE_ASSIGNMENT((#13984,#13989));
#13984 = SURFACE_STYLE_USAGE(.BOTH.,#13985);
#13985 = SURFACE_SIDE_STYLE('',(#13986));
#13986 = SURFACE_STYLE_FILL_AREA(#13987);
#13987 = FILL_AREA_STYLE('',(#13988));
#13988 = FILL_AREA_STYLE_COLOUR('',#13448);
#13989 = CURVE_STYLE('',#13990,POSITIVE_LENGTH_MEASURE(0.1),#13448);
#13990 = DRAUGHTING_PRE_DEFINED_CURVE_FONT('continuous');
#13991 = OVER_RIDING_STYLED_ITEM('overriding color',(#13992),#7798,
  #12276);
#13992 = PRESENTATION_STYLE_ASSIGNMENT((#13993,#13998));
#13993 = SURFACE_STYLE_USAGE(.BOTH.,#13994);
#13994 = SURFACE_SIDE_STYLE('',(#13995));
#13995 = SURFACE_STYLE_FILL_AREA(#13996);
#13996 = FILL_AREA_STYLE('',(#13997));
#13997 = FILL_AREA_STYLE_COLOUR('',#13448);
#13998 = CURVE_STYLE('',#13999,POSITIVE_LENGTH_MEASURE(0.1),#13448);
#13999 = DRAUGHTING_PRE_DEFINED_CURVE_FONT('continuous');
#14000 = OVER_RIDING_STYLED_ITEM('overriding color',(#14001),#7822,
  #12276);
#14001 = PRESENTATION_STYLE_ASSIGNMENT((#14002,#14007));
#14002 = SURFACE_STYLE_USAGE(.BOTH.,#14003);
#14003 = SURFACE_SIDE_STYLE('',(#14004));
#14004 = SURFACE_STYLE_FILL_AREA(#14005);
#14005 = FILL_AREA_STYLE('',(#14006));
#14006 = FILL_AREA_STYLE_COLOUR('',#13448);
#14007 = CURVE_STYLE('',#14008,POSITIVE_LENGTH_MEASURE(0.1),#13448);
#14008 = DRAUGHTING_PRE_DEFINED_CURVE_FONT('continuous');
#14009 = OVER_RIDING_STYLED_ITEM('overriding color',(#14010),#7851,
  #12276);
#14010 = PRESENTATION_STYLE_ASSIGNMENT((#14011,#14016));
#14011 = SURFACE_STYLE_USAGE(.BOTH.,#14012);
#14012 = SURFACE_SIDE_STYLE('',(#14013));
#14013 = SURFACE_STYLE_FILL_AREA(#14014);
#14014 = FILL_AREA_STYLE('',(#14015));
#14015 = FILL_AREA_STYLE_COLOUR('',#13448);
#14016 = CURVE_STYLE('',#14017,POSITIVE_LENGTH_MEASURE(0.1),#13448);
#14017 = DRAUGHTING_PRE_DEFINED_CURVE_FONT('continuous');
#14018 = OVER_RIDING_STYLED_ITEM('overriding color',(#14019),#7875,
  #12276);
#14019 = PRESENTATION_STYLE_ASSIGNMENT((#14020,#14025));
#14020 = SURFACE_STYLE_USAGE(.BOTH.,#14021);
#14021 = SURFACE_SIDE_STYLE('',(#14022));
#14022 = SURFACE_STYLE_FILL_AREA(#14023);
#14023 = FILL_AREA_STYLE('',(#14024));
#14024 = FILL_AREA_STYLE_COLOUR('',#13448);
#14025 = CURVE_STYLE('',#14026,POSITIVE_LENGTH_MEASURE(0.1),#13448);
#14026 = DRAUGHTING_PRE_DEFINED_CURVE_FONT('continuous');
#14027 = OVER_RIDING_STYLED_ITEM('overriding color',(#14028),#7904,
  #12276);
#14028 = PRESENTATION_STYLE_ASSIGNMENT((#14029,#14034));
#14029 = SURFACE_STYLE_USAGE(.BOTH.,#14030);
#14030 = SURFACE_SIDE_STYLE('',(#14031));
#14031 = SURFACE_STYLE_FILL_AREA(#14032);
#14032 = FILL_AREA_STYLE('',(#14033));
#14033 = FILL_AREA_STYLE_COLOUR('',#13448);
#14034 = CURVE_STYLE('',#14035,POSITIVE_LENGTH_MEASURE(0.1),#13448);
#14035 = DRAUGHTING_PRE_DEFINED_CURVE_FONT('continuous');
#14036 = OVER_RIDING_STYLED_ITEM('overriding color',(#14037),#7921,
  #12276);
#14037 = PRESENTATION_STYLE_ASSIGNMENT((#14038,#14043));
#14038 = SURFACE_STYLE_USAGE(.BOTH.,#14039);
#14039 = SURFACE_SIDE_STYLE('',(#14040));
#14040 = SURFACE_STYLE_FILL_AREA(#14041);
#14041 = FILL_AREA_STYLE('',(#14042));
#14042 = FILL_AREA_STYLE_COLOUR('',#12293);
#14043 = CURVE_STYLE('',#14044,POSITIVE_LENGTH_MEASURE(0.1),#12293);
#14044 = DRAUGHTING_PRE_DEFINED_CURVE_FONT('continuous');
#14045 = OVER_RIDING_STYLED_ITEM('overriding color',(#14046),#7935,
  #12276);
#14046 = PRESENTATION_STYLE_ASSIGNMENT((#14047,#14052));
#14047 = SURFACE_STYLE_USAGE(.BOTH.,#14048);
#14048 = SURFACE_SIDE_STYLE('',(#14049));
#14049 = SURFACE_STYLE_FILL_AREA(#14050);
#14050 = FILL_AREA_STYLE('',(#14051));
#14051 = FILL_AREA_STYLE_COLOUR('',#13448);
#14052 = CURVE_STYLE('',#14053,POSITIVE_LENGTH_MEASURE(0.1),#13448);
#14053 = DRAUGHTING_PRE_DEFINED_CURVE_FONT('continuous');
#14054 = OVER_RIDING_STYLED_ITEM('overriding color',(#14055),#7966,
  #12276);
#14055 = PRESENTATION_STYLE_ASSIGNMENT((#14056,#14061));
#14056 = SURFACE_STYLE_USAGE(.BOTH.,#14057);
#14057 = SURFACE_SIDE_STYLE('',(#14058));
#14058 = SURFACE_STYLE_FILL_AREA(#14059);
#14059 = FILL_AREA_STYLE('',(#14060));
#14060 = FILL_AREA_STYLE_COLOUR('',#13448);
#14061 = CURVE_STYLE('',#14062,POSITIVE_LENGTH_MEASURE(0.1),#13448);
#14062 = DRAUGHTING_PRE_DEFINED_CURVE_FONT('continuous');
#14063 = OVER_RIDING_STYLED_ITEM('overriding color',(#14064),#7990,
  #12276);
#14064 = PRESENTATION_STYLE_ASSIGNMENT((#14065,#14070));
#14065 = SURFACE_STYLE_USAGE(.BOTH.,#14066);
#14066 = SURFACE_SIDE_STYLE('',(#14067));
#14067 = SURFACE_STYLE_FILL_AREA(#14068);
#14068 = FILL_AREA_STYLE('',(#14069));
#14069 = FILL_AREA_STYLE_COLOUR('',#13448);
#14070 = CURVE_STYLE('',#14071,POSITIVE_LENGTH_MEASURE(0.1),#13448);
#14071 = DRAUGHTING_PRE_DEFINED_CURVE_FONT('continuous');
#14072 = OVER_RIDING_STYLED_ITEM('overriding color',(#14073),#8014,
  #12276);
#14073 = PRESENTATION_STYLE_ASSIGNMENT((#14074,#14079));
#14074 = SURFACE_STYLE_USAGE(.BOTH.,#14075);
#14075 = SURFACE_SIDE_STYLE('',(#14076));
#14076 = SURFACE_STYLE_FILL_AREA(#14077);
#14077 = FILL_AREA_STYLE('',(#14078));
#14078 = FILL_AREA_STYLE_COLOUR('',#13448);
#14079 = CURVE_STYLE('',#14080,POSITIVE_LENGTH_MEASURE(0.1),#13448);
#14080 = DRAUGHTING_PRE_DEFINED_CURVE_FONT('continuous');
#14081 = OVER_RIDING_STYLED_ITEM('overriding color',(#14082),#8038,
  #12276);
#14082 = PRESENTATION_STYLE_ASSIGNMENT((#14083,#14088));
#14083 = SURFACE_STYLE_USAGE(.BOTH.,#14084);
#14084 = SURFACE_SIDE_STYLE('',(#14085));
#14085 = SURFACE_STYLE_FILL_AREA(#14086);
#14086 = FILL_AREA_STYLE('',(#14087));
#14087 = FILL_AREA_STYLE_COLOUR('',#13448);
#14088 = CURVE_STYLE('',#14089,POSITIVE_LENGTH_MEASURE(0.1),#13448);
#14089 = DRAUGHTING_PRE_DEFINED_CURVE_FONT('continuous');
#14090 = OVER_RIDING_STYLED_ITEM('overriding color',(#14091),#8062,
  #12276);
#14091 = PRESENTATION_STYLE_ASSIGNMENT((#14092,#14097));
#14092 = SURFACE_STYLE_USAGE(.BOTH.,#14093);
#14093 = SURFACE_SIDE_STYLE('',(#14094));
#14094 = SURFACE_STYLE_FILL_AREA(#14095);
#14095 = FILL_AREA_STYLE('',(#14096));
#14096 = FILL_AREA_STYLE_COLOUR('',#13448);
#14097 = CURVE_STYLE('',#14098,POSITIVE_LENGTH_MEASURE(0.1),#13448);
#14098 = DRAUGHTING_PRE_DEFINED_CURVE_FONT('continuous');
#14099 = OVER_RIDING_STYLED_ITEM('overriding color',(#14100),#8086,
  #12276);
#14100 = PRESENTATION_STYLE_ASSIGNMENT((#14101,#14106));
#14101 = SURFACE_STYLE_USAGE(.BOTH.,#14102);
#14102 = SURFACE_SIDE_STYLE('',(#14103));
#14103 = SURFACE_STYLE_FILL_AREA(#14104);
#14104 = FILL_AREA_STYLE('',(#14105));
#14105 = FILL_AREA_STYLE_COLOUR('',#13448);
#14106 = CURVE_STYLE('',#14107,POSITIVE_LENGTH_MEASURE(0.1),#13448);
#14107 = DRAUGHTING_PRE_DEFINED_CURVE_FONT('continuous');
#14108 = OVER_RIDING_STYLED_ITEM('overriding color',(#14109),#8110,
  #12276);
#14109 = PRESENTATION_STYLE_ASSIGNMENT((#14110,#14115));
#14110 = SURFACE_STYLE_USAGE(.BOTH.,#14111);
#14111 = SURFACE_SIDE_STYLE('',(#14112));
#14112 = SURFACE_STYLE_FILL_AREA(#14113);
#14113 = FILL_AREA_STYLE('',(#14114));
#14114 = FILL_AREA_STYLE_COLOUR('',#13448);
#14115 = CURVE_STYLE('',#14116,POSITIVE_LENGTH_MEASURE(0.1),#13448);
#14116 = DRAUGHTING_PRE_DEFINED_CURVE_FONT('continuous');
#14117 = OVER_RIDING_STYLED_ITEM('overriding color',(#14118),#8134,
  #12276);
#14118 = PRESENTATION_STYLE_ASSIGNMENT((#14119,#14124));
#14119 = SURFACE_STYLE_USAGE(.BOTH.,#14120);
#14120 = SURFACE_SIDE_STYLE('',(#14121));
#14121 = SURFACE_STYLE_FILL_AREA(#14122);
#14122 = FILL_AREA_STYLE('',(#14123));
#14123 = FILL_AREA_STYLE_COLOUR('',#13448);
#14124 = CURVE_STYLE('',#14125,POSITIVE_LENGTH_MEASURE(0.1),#13448);
#14125 = DRAUGHTING_PRE_DEFINED_CURVE_FONT('continuous');
#14126 = OVER_RIDING_STYLED_ITEM('overriding color',(#14127),#8158,
  #12276);
#14127 = PRESENTATION_STYLE_ASSIGNMENT((#14128,#14133));
#14128 = SURFACE_STYLE_USAGE(.BOTH.,#14129);
#14129 = SURFACE_SIDE_STYLE('',(#14130));
#14130 = SURFACE_STYLE_FILL_AREA(#14131);
#14131 = FILL_AREA_STYLE('',(#14132));
#14132 = FILL_AREA_STYLE_COLOUR('',#13448);
#14133 = CURVE_STYLE('',#14134,POSITIVE_LENGTH_MEASURE(0.1),#13448);
#14134 = DRAUGHTING_PRE_DEFINED_CURVE_FONT('continuous');
#14135 = OVER_RIDING_STYLED_ITEM('overriding color',(#14136),#8182,
  #12276);
#14136 = PRESENTATION_STYLE_ASSIGNMENT((#14137,#14142));
#14137 = SURFACE_STYLE_USAGE(.BOTH.,#14138);
#14138 = SURFACE_SIDE_STYLE('',(#14139));
#14139 = SURFACE_STYLE_FILL_AREA(#14140);
#14140 = FILL_AREA_STYLE('',(#14141));
#14141 = FILL_AREA_STYLE_COLOUR('',#13448);
#14142 = CURVE_STYLE('',#14143,POSITIVE_LENGTH_MEASURE(0.1),#13448);
#14143 = DRAUGHTING_PRE_DEFINED_CURVE_FONT('continuous');
#14144 = OVER_RIDING_STYLED_ITEM('overriding color',(#14145),#8206,
  #12276);
#14145 = PRESENTATION_STYLE_ASSIGNMENT((#14146,#14151));
#14146 = SURFACE_STYLE_USAGE(.BOTH.,#14147);
#14147 = SURFACE_SIDE_STYLE('',(#14148));
#14148 = SURFACE_STYLE_FILL_AREA(#14149);
#14149 = FILL_AREA_STYLE('',(#14150));
#14150 = FILL_AREA_STYLE_COLOUR('',#13448);
#14151 = CURVE_STYLE('',#14152,POSITIVE_LENGTH_MEASURE(0.1),#13448);
#14152 = DRAUGHTING_PRE_DEFINED_CURVE_FONT('continuous');
#14153 = OVER_RIDING_STYLED_ITEM('overriding color',(#14154),#8223,
  #12276);
#14154 = PRESENTATION_STYLE_ASSIGNMENT((#14155,#14160));
#14155 = SURFACE_STYLE_USAGE(.BOTH.,#14156);
#14156 = SURFACE_SIDE_STYLE('',(#14157));
#14157 = SURFACE_STYLE_FILL_AREA(#14158);
#14158 = FILL_AREA_STYLE('',(#14159));
#14159 = FILL_AREA_STYLE_COLOUR('',#13448);
#14160 = CURVE_STYLE('',#14161,POSITIVE_LENGTH_MEASURE(0.1),#13448);
#14161 = DRAUGHTING_PRE_DEFINED_CURVE_FONT('continuous');
#14162 = OVER_RIDING_STYLED_ITEM('overriding color',(#14163),#8243,
  #12276);
#14163 = PRESENTATION_STYLE_ASSIGNMENT((#14164,#14169));
#14164 = SURFACE_STYLE_USAGE(.BOTH.,#14165);
#14165 = SURFACE_SIDE_STYLE('',(#14166));
#14166 = SURFACE_STYLE_FILL_AREA(#14167);
#14167 = FILL_AREA_STYLE('',(#14168));
#14168 = FILL_AREA_STYLE_COLOUR('',#13448);
#14169 = CURVE_STYLE('',#14170,POSITIVE_LENGTH_MEASURE(0.1),#13448);
#14170 = DRAUGHTING_PRE_DEFINED_CURVE_FONT('continuous');
#14171 = OVER_RIDING_STYLED_ITEM('overriding color',(#14172),#8443,
  #12276);
#14172 = PRESENTATION_STYLE_ASSIGNMENT((#14173,#14178));
#14173 = SURFACE_STYLE_USAGE(.BOTH.,#14174);
#14174 = SURFACE_SIDE_STYLE('',(#14175));
#14175 = SURFACE_STYLE_FILL_AREA(#14176);
#14176 = FILL_AREA_STYLE('',(#14177));
#14177 = FILL_AREA_STYLE_COLOUR('',#13448);
#14178 = CURVE_STYLE('',#14179,POSITIVE_LENGTH_MEASURE(0.1),#13448);
#14179 = DRAUGHTING_PRE_DEFINED_CURVE_FONT('continuous');
#14180 = OVER_RIDING_STYLED_ITEM('overriding color',(#14181),#8469,
  #12276);
#14181 = PRESENTATION_STYLE_ASSIGNMENT((#14182,#14187));
#14182 = SURFACE_STYLE_USAGE(.BOTH.,#14183);
#14183 = SURFACE_SIDE_STYLE('',(#14184));
#14184 = SURFACE_STYLE_FILL_AREA(#14185);
#14185 = FILL_AREA_STYLE('',(#14186));
#14186 = FILL_AREA_STYLE_COLOUR('',#13448);
#14187 = CURVE_STYLE('',#14188,POSITIVE_LENGTH_MEASURE(0.1),#13448);
#14188 = DRAUGHTING_PRE_DEFINED_CURVE_FONT('continuous');
#14189 = OVER_RIDING_STYLED_ITEM('overriding color',(#14190),#8486,
  #12276);
#14190 = PRESENTATION_STYLE_ASSIGNMENT((#14191,#14196));
#14191 = SURFACE_STYLE_USAGE(.BOTH.,#14192);
#14192 = SURFACE_SIDE_STYLE('',(#14193));
#14193 = SURFACE_STYLE_FILL_AREA(#14194);
#14194 = FILL_AREA_STYLE('',(#14195));
#14195 = FILL_AREA_STYLE_COLOUR('',#13448);
#14196 = CURVE_STYLE('',#14197,POSITIVE_LENGTH_MEASURE(0.1),#13448);
#14197 = DRAUGHTING_PRE_DEFINED_CURVE_FONT('continuous');
#14198 = OVER_RIDING_STYLED_ITEM('overriding color',(#14199),#8507,
  #12276);
#14199 = PRESENTATION_STYLE_ASSIGNMENT((#14200,#14205));
#14200 = SURFACE_STYLE_USAGE(.BOTH.,#14201);
#14201 = SURFACE_SIDE_STYLE('',(#14202));
#14202 = SURFACE_STYLE_FILL_AREA(#14203);
#14203 = FILL_AREA_STYLE('',(#14204));
#14204 = FILL_AREA_STYLE_COLOUR('',#13448);
#14205 = CURVE_STYLE('',#14206,POSITIVE_LENGTH_MEASURE(0.1),#13448);
#14206 = DRAUGHTING_PRE_DEFINED_CURVE_FONT('continuous');
#14207 = OVER_RIDING_STYLED_ITEM('overriding color',(#14208),#8528,
  #12276);
#14208 = PRESENTATION_STYLE_ASSIGNMENT((#14209,#14214));
#14209 = SURFACE_STYLE_USAGE(.BOTH.,#14210);
#14210 = SURFACE_SIDE_STYLE('',(#14211));
#14211 = SURFACE_STYLE_FILL_AREA(#14212);
#14212 = FILL_AREA_STYLE('',(#14213));
#14213 = FILL_AREA_STYLE_COLOUR('',#13448);
#14214 = CURVE_STYLE('',#14215,POSITIVE_LENGTH_MEASURE(0.1),#13448);
#14215 = DRAUGHTING_PRE_DEFINED_CURVE_FONT('continuous');
#14216 = OVER_RIDING_STYLED_ITEM('overriding color',(#14217),#8545,
  #12276);
#14217 = PRESENTATION_STYLE_ASSIGNMENT((#14218,#14223));
#14218 = SURFACE_STYLE_USAGE(.BOTH.,#14219);
#14219 = SURFACE_SIDE_STYLE('',(#14220));
#14220 = SURFACE_STYLE_FILL_AREA(#14221);
#14221 = FILL_AREA_STYLE('',(#14222));
#14222 = FILL_AREA_STYLE_COLOUR('',#13448);
#14223 = CURVE_STYLE('',#14224,POSITIVE_LENGTH_MEASURE(0.1),#13448);
#14224 = DRAUGHTING_PRE_DEFINED_CURVE_FONT('continuous');
#14225 = OVER_RIDING_STYLED_ITEM('overriding color',(#14226),#8566,
  #12276);
#14226 = PRESENTATION_STYLE_ASSIGNMENT((#14227,#14232));
#14227 = SURFACE_STYLE_USAGE(.BOTH.,#14228);
#14228 = SURFACE_SIDE_STYLE('',(#14229));
#14229 = SURFACE_STYLE_FILL_AREA(#14230);
#14230 = FILL_AREA_STYLE('',(#14231));
#14231 = FILL_AREA_STYLE_COLOUR('',#13448);
#14232 = CURVE_STYLE('',#14233,POSITIVE_LENGTH_MEASURE(0.1),#13448);
#14233 = DRAUGHTING_PRE_DEFINED_CURVE_FONT('continuous');
#14234 = OVER_RIDING_STYLED_ITEM('overriding color',(#14235),#8587,
  #12276);
#14235 = PRESENTATION_STYLE_ASSIGNMENT((#14236,#14241));
#14236 = SURFACE_STYLE_USAGE(.BOTH.,#14237);
#14237 = SURFACE_SIDE_STYLE('',(#14238));
#14238 = SURFACE_STYLE_FILL_AREA(#14239);
#14239 = FILL_AREA_STYLE('',(#14240));
#14240 = FILL_AREA_STYLE_COLOUR('',#13448);
#14241 = CURVE_STYLE('',#14242,POSITIVE_LENGTH_MEASURE(0.1),#13448);
#14242 = DRAUGHTING_PRE_DEFINED_CURVE_FONT('continuous');
#14243 = OVER_RIDING_STYLED_ITEM('overriding color',(#14244),#8608,
  #12276);
#14244 = PRESENTATION_STYLE_ASSIGNMENT((#14245,#14250));
#14245 = SURFACE_STYLE_USAGE(.BOTH.,#14246);
#14246 = SURFACE_SIDE_STYLE('',(#14247));
#14247 = SURFACE_STYLE_FILL_AREA(#14248);
#14248 = FILL_AREA_STYLE('',(#14249));
#14249 = FILL_AREA_STYLE_COLOUR('',#13448);
#14250 = CURVE_STYLE('',#14251,POSITIVE_LENGTH_MEASURE(0.1),#13448);
#14251 = DRAUGHTING_PRE_DEFINED_CURVE_FONT('continuous');
#14252 = OVER_RIDING_STYLED_ITEM('overriding color',(#14253),#8629,
  #12276);
#14253 = PRESENTATION_STYLE_ASSIGNMENT((#14254,#14259));
#14254 = SURFACE_STYLE_USAGE(.BOTH.,#14255);
#14255 = SURFACE_SIDE_STYLE('',(#14256));
#14256 = SURFACE_STYLE_FILL_AREA(#14257);
#14257 = FILL_AREA_STYLE('',(#14258));
#14258 = FILL_AREA_STYLE_COLOUR('',#13448);
#14259 = CURVE_STYLE('',#14260,POSITIVE_LENGTH_MEASURE(0.1),#13448);
#14260 = DRAUGHTING_PRE_DEFINED_CURVE_FONT('continuous');
#14261 = OVER_RIDING_STYLED_ITEM('overriding color',(#14262),#8646,
  #12276);
#14262 = PRESENTATION_STYLE_ASSIGNMENT((#14263,#14268));
#14263 = SURFACE_STYLE_USAGE(.BOTH.,#14264);
#14264 = SURFACE_SIDE_STYLE('',(#14265));
#14265 = SURFACE_STYLE_FILL_AREA(#14266);
#14266 = FILL_AREA_STYLE('',(#14267));
#14267 = FILL_AREA_STYLE_COLOUR('',#13448);
#14268 = CURVE_STYLE('',#14269,POSITIVE_LENGTH_MEASURE(0.1),#13448);
#14269 = DRAUGHTING_PRE_DEFINED_CURVE_FONT('continuous');
#14270 = OVER_RIDING_STYLED_ITEM('overriding color',(#14271),#8663,
  #12276);
#14271 = PRESENTATION_STYLE_ASSIGNMENT((#14272,#14277));
#14272 = SURFACE_STYLE_USAGE(.BOTH.,#14273);
#14273 = SURFACE_SIDE_STYLE('',(#14274));
#14274 = SURFACE_STYLE_FILL_AREA(#14275);
#14275 = FILL_AREA_STYLE('',(#14276));
#14276 = FILL_AREA_STYLE_COLOUR('',#13448);
#14277 = CURVE_STYLE('',#14278,POSITIVE_LENGTH_MEASURE(0.1),#13448);
#14278 = DRAUGHTING_PRE_DEFINED_CURVE_FONT('continuous');
#14279 = OVER_RIDING_STYLED_ITEM('overriding color',(#14280),#8680,
  #12276);
#14280 = PRESENTATION_STYLE_ASSIGNMENT((#14281,#14286));
#14281 = SURFACE_STYLE_USAGE(.BOTH.,#14282);
#14282 = SURFACE_SIDE_STYLE('',(#14283));
#14283 = SURFACE_STYLE_FILL_AREA(#14284);
#14284 = FILL_AREA_STYLE('',(#14285));
#14285 = FILL_AREA_STYLE_COLOUR('',#13448);
#14286 = CURVE_STYLE('',#14287,POSITIVE_LENGTH_MEASURE(0.1),#13448);
#14287 = DRAUGHTING_PRE_DEFINED_CURVE_FONT('continuous');
#14288 = OVER_RIDING_STYLED_ITEM('overriding color',(#14289),#8697,
  #12276);
#14289 = PRESENTATION_STYLE_ASSIGNMENT((#14290,#14295));
#14290 = SURFACE_STYLE_USAGE(.BOTH.,#14291);
#14291 = SURFACE_SIDE_STYLE('',(#14292));
#14292 = SURFACE_STYLE_FILL_AREA(#14293);
#14293 = FILL_AREA_STYLE('',(#14294));
#14294 = FILL_AREA_STYLE_COLOUR('',#13448);
#14295 = CURVE_STYLE('',#14296,POSITIVE_LENGTH_MEASURE(0.1),#13448);
#14296 = DRAUGHTING_PRE_DEFINED_CURVE_FONT('continuous');
#14297 = OVER_RIDING_STYLED_ITEM('overriding color',(#14298),#8713,
  #12276);
#14298 = PRESENTATION_STYLE_ASSIGNMENT((#14299,#14304));
#14299 = SURFACE_STYLE_USAGE(.BOTH.,#14300);
#14300 = SURFACE_SIDE_STYLE('',(#14301));
#14301 = SURFACE_STYLE_FILL_AREA(#14302);
#14302 = FILL_AREA_STYLE('',(#14303));
#14303 = FILL_AREA_STYLE_COLOUR('',#13448);
#14304 = CURVE_STYLE('',#14305,POSITIVE_LENGTH_MEASURE(0.1),#13448);
#14305 = DRAUGHTING_PRE_DEFINED_CURVE_FONT('continuous');
#14306 = OVER_RIDING_STYLED_ITEM('overriding color',(#14307),#8749,
  #12276);
#14307 = PRESENTATION_STYLE_ASSIGNMENT((#14308,#14313));
#14308 = SURFACE_STYLE_USAGE(.BOTH.,#14309);
#14309 = SURFACE_SIDE_STYLE('',(#14310));
#14310 = SURFACE_STYLE_FILL_AREA(#14311);
#14311 = FILL_AREA_STYLE('',(#14312));
#14312 = FILL_AREA_STYLE_COLOUR('',#13448);
#14313 = CURVE_STYLE('',#14314,POSITIVE_LENGTH_MEASURE(0.1),#13448);
#14314 = DRAUGHTING_PRE_DEFINED_CURVE_FONT('continuous');
#14315 = OVER_RIDING_STYLED_ITEM('overriding color',(#14316),#8778,
  #12276);
#14316 = PRESENTATION_STYLE_ASSIGNMENT((#14317,#14322));
#14317 = SURFACE_STYLE_USAGE(.BOTH.,#14318);
#14318 = SURFACE_SIDE_STYLE('',(#14319));
#14319 = SURFACE_STYLE_FILL_AREA(#14320);
#14320 = FILL_AREA_STYLE('',(#14321));
#14321 = FILL_AREA_STYLE_COLOUR('',#13448);
#14322 = CURVE_STYLE('',#14323,POSITIVE_LENGTH_MEASURE(0.1),#13448);
#14323 = DRAUGHTING_PRE_DEFINED_CURVE_FONT('continuous');
#14324 = OVER_RIDING_STYLED_ITEM('overriding color',(#14325),#8807,
  #12276);
#14325 = PRESENTATION_STYLE_ASSIGNMENT((#14326,#14331));
#14326 = SURFACE_STYLE_USAGE(.BOTH.,#14327);
#14327 = SURFACE_SIDE_STYLE('',(#14328));
#14328 = SURFACE_STYLE_FILL_AREA(#14329);
#14329 = FILL_AREA_STYLE('',(#14330));
#14330 = FILL_AREA_STYLE_COLOUR('',#13448);
#14331 = CURVE_STYLE('',#14332,POSITIVE_LENGTH_MEASURE(0.1),#13448);
#14332 = DRAUGHTING_PRE_DEFINED_CURVE_FONT('continuous');
#14333 = OVER_RIDING_STYLED_ITEM('overriding color',(#14334),#8836,
  #12276);
#14334 = PRESENTATION_STYLE_ASSIGNMENT((#14335,#14340));
#14335 = SURFACE_STYLE_USAGE(.BOTH.,#14336);
#14336 = SURFACE_SIDE_STYLE('',(#14337));
#14337 = SURFACE_STYLE_FILL_AREA(#14338);
#14338 = FILL_AREA_STYLE('',(#14339));
#14339 = FILL_AREA_STYLE_COLOUR('',#13448);
#14340 = CURVE_STYLE('',#14341,POSITIVE_LENGTH_MEASURE(0.1),#13448);
#14341 = DRAUGHTING_PRE_DEFINED_CURVE_FONT('continuous');
#14342 = OVER_RIDING_STYLED_ITEM('overriding color',(#14343),#8865,
  #12276);
#14343 = PRESENTATION_STYLE_ASSIGNMENT((#14344,#14349));
#14344 = SURFACE_STYLE_USAGE(.BOTH.,#14345);
#14345 = SURFACE_SIDE_STYLE('',(#14346));
#14346 = SURFACE_STYLE_FILL_AREA(#14347);
#14347 = FILL_AREA_STYLE('',(#14348));
#14348 = FILL_AREA_STYLE_COLOUR('',#13448);
#14349 = CURVE_STYLE('',#14350,POSITIVE_LENGTH_MEASURE(0.1),#13448);
#14350 = DRAUGHTING_PRE_DEFINED_CURVE_FONT('continuous');
#14351 = OVER_RIDING_STYLED_ITEM('overriding color',(#14352),#8894,
  #12276);
#14352 = PRESENTATION_STYLE_ASSIGNMENT((#14353,#14358));
#14353 = SURFACE_STYLE_USAGE(.BOTH.,#14354);
#14354 = SURFACE_SIDE_STYLE('',(#14355));
#14355 = SURFACE_STYLE_FILL_AREA(#14356);
#14356 = FILL_AREA_STYLE('',(#14357));
#14357 = FILL_AREA_STYLE_COLOUR('',#13448);
#14358 = CURVE_STYLE('',#14359,POSITIVE_LENGTH_MEASURE(0.1),#13448);
#14359 = DRAUGHTING_PRE_DEFINED_CURVE_FONT('continuous');
#14360 = OVER_RIDING_STYLED_ITEM('overriding color',(#14361),#8918,
  #12276);
#14361 = PRESENTATION_STYLE_ASSIGNMENT((#14362,#14367));
#14362 = SURFACE_STYLE_USAGE(.BOTH.,#14363);
#14363 = SURFACE_SIDE_STYLE('',(#14364));
#14364 = SURFACE_STYLE_FILL_AREA(#14365);
#14365 = FILL_AREA_STYLE('',(#14366));
#14366 = FILL_AREA_STYLE_COLOUR('',#13448);
#14367 = CURVE_STYLE('',#14368,POSITIVE_LENGTH_MEASURE(0.1),#13448);
#14368 = DRAUGHTING_PRE_DEFINED_CURVE_FONT('continuous');
#14369 = OVER_RIDING_STYLED_ITEM('overriding color',(#14370),#8935,
  #12276);
#14370 = PRESENTATION_STYLE_ASSIGNMENT((#14371,#14376));
#14371 = SURFACE_STYLE_USAGE(.BOTH.,#14372);
#14372 = SURFACE_SIDE_STYLE('',(#14373));
#14373 = SURFACE_STYLE_FILL_AREA(#14374);
#14374 = FILL_AREA_STYLE('',(#14375));
#14375 = FILL_AREA_STYLE_COLOUR('',#12293);
#14376 = CURVE_STYLE('',#14377,POSITIVE_LENGTH_MEASURE(0.1),#12293);
#14377 = DRAUGHTING_PRE_DEFINED_CURVE_FONT('continuous');
#14378 = OVER_RIDING_STYLED_ITEM('overriding color',(#14379),#8951,
  #12276);
#14379 = PRESENTATION_STYLE_ASSIGNMENT((#14380,#14385));
#14380 = SURFACE_STYLE_USAGE(.BOTH.,#14381);
#14381 = SURFACE_SIDE_STYLE('',(#14382));
#14382 = SURFACE_STYLE_FILL_AREA(#14383);
#14383 = FILL_AREA_STYLE('',(#14384));
#14384 = FILL_AREA_STYLE_COLOUR('',#13448);
#14385 = CURVE_STYLE('',#14386,POSITIVE_LENGTH_MEASURE(0.1),#13448);
#14386 = DRAUGHTING_PRE_DEFINED_CURVE_FONT('continuous');
#14387 = OVER_RIDING_STYLED_ITEM('overriding color',(#14388),#8987,
  #12276);
#14388 = PRESENTATION_STYLE_ASSIGNMENT((#14389,#14394));
#14389 = SURFACE_STYLE_USAGE(.BOTH.,#14390);
#14390 = SURFACE_SIDE_STYLE('',(#14391));
#14391 = SURFACE_STYLE_FILL_AREA(#14392);
#14392 = FILL_AREA_STYLE('',(#14393));
#14393 = FILL_AREA_STYLE_COLOUR('',#13448);
#14394 = CURVE_STYLE('',#14395,POSITIVE_LENGTH_MEASURE(0.1),#13448);
#14395 = DRAUGHTING_PRE_DEFINED_CURVE_FONT('continuous');
#14396 = OVER_RIDING_STYLED_ITEM('overriding color',(#14397),#9011,
  #12276);
#14397 = PRESENTATION_STYLE_ASSIGNMENT((#14398,#14403));
#14398 = SURFACE_STYLE_USAGE(.BOTH.,#14399);
#14399 = SURFACE_SIDE_STYLE('',(#14400));
#14400 = SURFACE_STYLE_FILL_AREA(#14401);
#14401 = FILL_AREA_STYLE('',(#14402));
#14402 = FILL_AREA_STYLE_COLOUR('',#13448);
#14403 = CURVE_STYLE('',#14404,POSITIVE_LENGTH_MEASURE(0.1),#13448);
#14404 = DRAUGHTING_PRE_DEFINED_CURVE_FONT('continuous');
#14405 = OVER_RIDING_STYLED_ITEM('overriding color',(#14406),#9040,
  #12276);
#14406 = PRESENTATION_STYLE_ASSIGNMENT((#14407,#14412));
#14407 = SURFACE_STYLE_USAGE(.BOTH.,#14408);
#14408 = SURFACE_SIDE_STYLE('',(#14409));
#14409 = SURFACE_STYLE_FILL_AREA(#14410);
#14410 = FILL_AREA_STYLE('',(#14411));
#14411 = FILL_AREA_STYLE_COLOUR('',#13448);
#14412 = CURVE_STYLE('',#14413,POSITIVE_LENGTH_MEASURE(0.1),#13448);
#14413 = DRAUGHTING_PRE_DEFINED_CURVE_FONT('continuous');
#14414 = OVER_RIDING_STYLED_ITEM('overriding color',(#14415),#9069,
  #12276);
#14415 = PRESENTATION_STYLE_ASSIGNMENT((#14416,#14421));
#14416 = SURFACE_STYLE_USAGE(.BOTH.,#14417);
#14417 = SURFACE_SIDE_STYLE('',(#14418));
#14418 = SURFACE_STYLE_FILL_AREA(#14419);
#14419 = FILL_AREA_STYLE('',(#14420));
#14420 = FILL_AREA_STYLE_COLOUR('',#13448);
#14421 = CURVE_STYLE('',#14422,POSITIVE_LENGTH_MEASURE(0.1),#13448);
#14422 = DRAUGHTING_PRE_DEFINED_CURVE_FONT('continuous');
#14423 = OVER_RIDING_STYLED_ITEM('overriding color',(#14424),#9098,
  #12276);
#14424 = PRESENTATION_STYLE_ASSIGNMENT((#14425,#14430));
#14425 = SURFACE_STYLE_USAGE(.BOTH.,#14426);
#14426 = SURFACE_SIDE_STYLE('',(#14427));
#14427 = SURFACE_STYLE_FILL_AREA(#14428);
#14428 = FILL_AREA_STYLE('',(#14429));
#14429 = FILL_AREA_STYLE_COLOUR('',#13448);
#14430 = CURVE_STYLE('',#14431,POSITIVE_LENGTH_MEASURE(0.1),#13448);
#14431 = DRAUGHTING_PRE_DEFINED_CURVE_FONT('continuous');
#14432 = OVER_RIDING_STYLED_ITEM('overriding color',(#14433),#9127,
  #12276);
#14433 = PRESENTATION_STYLE_ASSIGNMENT((#14434,#14439));
#14434 = SURFACE_STYLE_USAGE(.BOTH.,#14435);
#14435 = SURFACE_SIDE_STYLE('',(#14436));
#14436 = SURFACE_STYLE_FILL_AREA(#14437);
#14437 = FILL_AREA_STYLE('',(#14438));
#14438 = FILL_AREA_STYLE_COLOUR('',#13448);
#14439 = CURVE_STYLE('',#14440,POSITIVE_LENGTH_MEASURE(0.1),#13448);
#14440 = DRAUGHTING_PRE_DEFINED_CURVE_FONT('continuous');
#14441 = OVER_RIDING_STYLED_ITEM('overriding color',(#14442),#9156,
  #12276);
#14442 = PRESENTATION_STYLE_ASSIGNMENT((#14443,#14448));
#14443 = SURFACE_STYLE_USAGE(.BOTH.,#14444);
#14444 = SURFACE_SIDE_STYLE('',(#14445));
#14445 = SURFACE_STYLE_FILL_AREA(#14446);
#14446 = FILL_AREA_STYLE('',(#14447));
#14447 = FILL_AREA_STYLE_COLOUR('',#13448);
#14448 = CURVE_STYLE('',#14449,POSITIVE_LENGTH_MEASURE(0.1),#13448);
#14449 = DRAUGHTING_PRE_DEFINED_CURVE_FONT('continuous');
#14450 = OVER_RIDING_STYLED_ITEM('overriding color',(#14451),#9185,
  #12276);
#14451 = PRESENTATION_STYLE_ASSIGNMENT((#14452,#14457));
#14452 = SURFACE_STYLE_USAGE(.BOTH.,#14453);
#14453 = SURFACE_SIDE_STYLE('',(#14454));
#14454 = SURFACE_STYLE_FILL_AREA(#14455);
#14455 = FILL_AREA_STYLE('',(#14456));
#14456 = FILL_AREA_STYLE_COLOUR('',#13448);
#14457 = CURVE_STYLE('',#14458,POSITIVE_LENGTH_MEASURE(0.1),#13448);
#14458 = DRAUGHTING_PRE_DEFINED_CURVE_FONT('continuous');
#14459 = OVER_RIDING_STYLED_ITEM('overriding color',(#14460),#9214,
  #12276);
#14460 = PRESENTATION_STYLE_ASSIGNMENT((#14461,#14466));
#14461 = SURFACE_STYLE_USAGE(.BOTH.,#14462);
#14462 = SURFACE_SIDE_STYLE('',(#14463));
#14463 = SURFACE_STYLE_FILL_AREA(#14464);
#14464 = FILL_AREA_STYLE('',(#14465));
#14465 = FILL_AREA_STYLE_COLOUR('',#13448);
#14466 = CURVE_STYLE('',#14467,POSITIVE_LENGTH_MEASURE(0.1),#13448);
#14467 = DRAUGHTING_PRE_DEFINED_CURVE_FONT('continuous');
#14468 = OVER_RIDING_STYLED_ITEM('overriding color',(#14469),#9243,
  #12276);
#14469 = PRESENTATION_STYLE_ASSIGNMENT((#14470,#14475));
#14470 = SURFACE_STYLE_USAGE(.BOTH.,#14471);
#14471 = SURFACE_SIDE_STYLE('',(#14472));
#14472 = SURFACE_STYLE_FILL_AREA(#14473);
#14473 = FILL_AREA_STYLE('',(#14474));
#14474 = FILL_AREA_STYLE_COLOUR('',#13448);
#14475 = CURVE_STYLE('',#14476,POSITIVE_LENGTH_MEASURE(0.1),#13448);
#14476 = DRAUGHTING_PRE_DEFINED_CURVE_FONT('continuous');
#14477 = OVER_RIDING_STYLED_ITEM('overriding color',(#14478),#9272,
  #12276);
#14478 = PRESENTATION_STYLE_ASSIGNMENT((#14479,#14484));
#14479 = SURFACE_STYLE_USAGE(.BOTH.,#14480);
#14480 = SURFACE_SIDE_STYLE('',(#14481));
#14481 = SURFACE_STYLE_FILL_AREA(#14482);
#14482 = FILL_AREA_STYLE('',(#14483));
#14483 = FILL_AREA_STYLE_COLOUR('',#13448);
#14484 = CURVE_STYLE('',#14485,POSITIVE_LENGTH_MEASURE(0.1),#13448);
#14485 = DRAUGHTING_PRE_DEFINED_CURVE_FONT('continuous');
#14486 = OVER_RIDING_STYLED_ITEM('overriding color',(#14487),#9301,
  #12276);
#14487 = PRESENTATION_STYLE_ASSIGNMENT((#14488,#14493));
#14488 = SURFACE_STYLE_USAGE(.BOTH.,#14489);
#14489 = SURFACE_SIDE_STYLE('',(#14490));
#14490 = SURFACE_STYLE_FILL_AREA(#14491);
#14491 = FILL_AREA_STYLE('',(#14492));
#14492 = FILL_AREA_STYLE_COLOUR('',#13448);
#14493 = CURVE_STYLE('',#14494,POSITIVE_LENGTH_MEASURE(0.1),#13448);
#14494 = DRAUGHTING_PRE_DEFINED_CURVE_FONT('continuous');
#14495 = OVER_RIDING_STYLED_ITEM('overriding color',(#14496),#9325,
  #12276);
#14496 = PRESENTATION_STYLE_ASSIGNMENT((#14497,#14502));
#14497 = SURFACE_STYLE_USAGE(.BOTH.,#14498);
#14498 = SURFACE_SIDE_STYLE('',(#14499));
#14499 = SURFACE_STYLE_FILL_AREA(#14500);
#14500 = FILL_AREA_STYLE('',(#14501));
#14501 = FILL_AREA_STYLE_COLOUR('',#13448);
#14502 = CURVE_STYLE('',#14503,POSITIVE_LENGTH_MEASURE(0.1),#13448);
#14503 = DRAUGHTING_PRE_DEFINED_CURVE_FONT('continuous');
#14504 = OVER_RIDING_STYLED_ITEM('overriding color',(#14505),#9354,
  #12276);
#14505 = PRESENTATION_STYLE_ASSIGNMENT((#14506,#14511));
#14506 = SURFACE_STYLE_USAGE(.BOTH.,#14507);
#14507 = SURFACE_SIDE_STYLE('',(#14508));
#14508 = SURFACE_STYLE_FILL_AREA(#14509);
#14509 = FILL_AREA_STYLE('',(#14510));
#14510 = FILL_AREA_STYLE_COLOUR('',#13448);
#14511 = CURVE_STYLE('',#14512,POSITIVE_LENGTH_MEASURE(0.1),#13448);
#14512 = DRAUGHTING_PRE_DEFINED_CURVE_FONT('continuous');
#14513 = OVER_RIDING_STYLED_ITEM('overriding color',(#14514),#9383,
  #12276);
#14514 = PRESENTATION_STYLE_ASSIGNMENT((#14515,#14520));
#14515 = SURFACE_STYLE_USAGE(.BOTH.,#14516);
#14516 = SURFACE_SIDE_STYLE('',(#14517));
#14517 = SURFACE_STYLE_FILL_AREA(#14518);
#14518 = FILL_AREA_STYLE('',(#14519));
#14519 = FILL_AREA_STYLE_COLOUR('',#13448);
#14520 = CURVE_STYLE('',#14521,POSITIVE_LENGTH_MEASURE(0.1),#13448);
#14521 = DRAUGHTING_PRE_DEFINED_CURVE_FONT('continuous');
#14522 = OVER_RIDING_STYLED_ITEM('overriding color',(#14523),#9412,
  #12276);
#14523 = PRESENTATION_STYLE_ASSIGNMENT((#14524,#14529));
#14524 = SURFACE_STYLE_USAGE(.BOTH.,#14525);
#14525 = SURFACE_SIDE_STYLE('',(#14526));
#14526 = SURFACE_STYLE_FILL_AREA(#14527);
#14527 = FILL_AREA_STYLE('',(#14528));
#14528 = FILL_AREA_STYLE_COLOUR('',#13448);
#14529 = CURVE_STYLE('',#14530,POSITIVE_LENGTH_MEASURE(0.1),#13448);
#14530 = DRAUGHTING_PRE_DEFINED_CURVE_FONT('continuous');
#14531 = OVER_RIDING_STYLED_ITEM('overriding color',(#14532),#9441,
  #12276);
#14532 = PRESENTATION_STYLE_ASSIGNMENT((#14533,#14538));
#14533 = SURFACE_STYLE_USAGE(.BOTH.,#14534);
#14534 = SURFACE_SIDE_STYLE('',(#14535));
#14535 = SURFACE_STYLE_FILL_AREA(#14536);
#14536 = FILL_AREA_STYLE('',(#14537));
#14537 = FILL_AREA_STYLE_COLOUR('',#13448);
#14538 = CURVE_STYLE('',#14539,POSITIVE_LENGTH_MEASURE(0.1),#13448);
#14539 = DRAUGHTING_PRE_DEFINED_CURVE_FONT('continuous');
#14540 = OVER_RIDING_STYLED_ITEM('overriding color',(#14541),#9470,
  #12276);
#14541 = PRESENTATION_STYLE_ASSIGNMENT((#14542,#14547));
#14542 = SURFACE_STYLE_USAGE(.BOTH.,#14543);
#14543 = SURFACE_SIDE_STYLE('',(#14544));
#14544 = SURFACE_STYLE_FILL_AREA(#14545);
#14545 = FILL_AREA_STYLE('',(#14546));
#14546 = FILL_AREA_STYLE_COLOUR('',#13448);
#14547 = CURVE_STYLE('',#14548,POSITIVE_LENGTH_MEASURE(0.1),#13448);
#14548 = DRAUGHTING_PRE_DEFINED_CURVE_FONT('continuous');
#14549 = OVER_RIDING_STYLED_ITEM('overriding color',(#14550),#9499,
  #12276);
#14550 = PRESENTATION_STYLE_ASSIGNMENT((#14551,#14556));
#14551 = SURFACE_STYLE_USAGE(.BOTH.,#14552);
#14552 = SURFACE_SIDE_STYLE('',(#14553));
#14553 = SURFACE_STYLE_FILL_AREA(#14554);
#14554 = FILL_AREA_STYLE('',(#14555));
#14555 = FILL_AREA_STYLE_COLOUR('',#13448);
#14556 = CURVE_STYLE('',#14557,POSITIVE_LENGTH_MEASURE(0.1),#13448);
#14557 = DRAUGHTING_PRE_DEFINED_CURVE_FONT('continuous');
#14558 = OVER_RIDING_STYLED_ITEM('overriding color',(#14559),#9528,
  #12276);
#14559 = PRESENTATION_STYLE_ASSIGNMENT((#14560,#14565));
#14560 = SURFACE_STYLE_USAGE(.BOTH.,#14561);
#14561 = SURFACE_SIDE_STYLE('',(#14562));
#14562 = SURFACE_STYLE_FILL_AREA(#14563);
#14563 = FILL_AREA_STYLE('',(#14564));
#14564 = FILL_AREA_STYLE_COLOUR('',#13448);
#14565 = CURVE_STYLE('',#14566,POSITIVE_LENGTH_MEASURE(0.1),#13448);
#14566 = DRAUGHTING_PRE_DEFINED_CURVE_FONT('continuous');
#14567 = OVER_RIDING_STYLED_ITEM('overriding color',(#14568),#9550,
  #12276);
#14568 = PRESENTATION_STYLE_ASSIGNMENT((#14569,#14574));
#14569 = SURFACE_STYLE_USAGE(.BOTH.,#14570);
#14570 = SURFACE_SIDE_STYLE('',(#14571));
#14571 = SURFACE_STYLE_FILL_AREA(#14572);
#14572 = FILL_AREA_STYLE('',(#14573));
#14573 = FILL_AREA_STYLE_COLOUR('',#13448);
#14574 = CURVE_STYLE('',#14575,POSITIVE_LENGTH_MEASURE(0.1),#13448);
#14575 = DRAUGHTING_PRE_DEFINED_CURVE_FONT('continuous');
#14576 = OVER_RIDING_STYLED_ITEM('overriding color',(#14577),#9579,
  #12276);
#14577 = PRESENTATION_STYLE_ASSIGNMENT((#14578,#14583));
#14578 = SURFACE_STYLE_USAGE(.BOTH.,#14579);
#14579 = SURFACE_SIDE_STYLE('',(#14580));
#14580 = SURFACE_STYLE_FILL_AREA(#14581);
#14581 = FILL_AREA_STYLE('',(#14582));
#14582 = FILL_AREA_STYLE_COLOUR('',#13448);
#14583 = CURVE_STYLE('',#14584,POSITIVE_LENGTH_MEASURE(0.1),#13448);
#14584 = DRAUGHTING_PRE_DEFINED_CURVE_FONT('continuous');
#14585 = OVER_RIDING_STYLED_ITEM('overriding color',(#14586),#9610,
  #12276);
#14586 = PRESENTATION_STYLE_ASSIGNMENT((#14587,#14592));
#14587 = SURFACE_STYLE_USAGE(.BOTH.,#14588);
#14588 = SURFACE_SIDE_STYLE('',(#14589));
#14589 = SURFACE_STYLE_FILL_AREA(#14590);
#14590 = FILL_AREA_STYLE('',(#14591));
#14591 = FILL_AREA_STYLE_COLOUR('',#13448);
#14592 = CURVE_STYLE('',#14593,POSITIVE_LENGTH_MEASURE(0.1),#13448);
#14593 = DRAUGHTING_PRE_DEFINED_CURVE_FONT('continuous');
#14594 = OVER_RIDING_STYLED_ITEM('overriding color',(#14595),#9634,
  #12276);
#14595 = PRESENTATION_STYLE_ASSIGNMENT((#14596,#14601));
#14596 = SURFACE_STYLE_USAGE(.BOTH.,#14597);
#14597 = SURFACE_SIDE_STYLE('',(#14598));
#14598 = SURFACE_STYLE_FILL_AREA(#14599);
#14599 = FILL_AREA_STYLE('',(#14600));
#14600 = FILL_AREA_STYLE_COLOUR('',#13448);
#14601 = CURVE_STYLE('',#14602,POSITIVE_LENGTH_MEASURE(0.1),#13448);
#14602 = DRAUGHTING_PRE_DEFINED_CURVE_FONT('continuous');
#14603 = OVER_RIDING_STYLED_ITEM('overriding color',(#14604),#9663,
  #12276);
#14604 = PRESENTATION_STYLE_ASSIGNMENT((#14605,#14610));
#14605 = SURFACE_STYLE_USAGE(.BOTH.,#14606);
#14606 = SURFACE_SIDE_STYLE('',(#14607));
#14607 = SURFACE_STYLE_FILL_AREA(#14608);
#14608 = FILL_AREA_STYLE('',(#14609));
#14609 = FILL_AREA_STYLE_COLOUR('',#13448);
#14610 = CURVE_STYLE('',#14611,POSITIVE_LENGTH_MEASURE(0.1),#13448);
#14611 = DRAUGHTING_PRE_DEFINED_CURVE_FONT('continuous');
#14612 = OVER_RIDING_STYLED_ITEM('overriding color',(#14613),#9687,
  #12276);
#14613 = PRESENTATION_STYLE_ASSIGNMENT((#14614,#14619));
#14614 = SURFACE_STYLE_USAGE(.BOTH.,#14615);
#14615 = SURFACE_SIDE_STYLE('',(#14616));
#14616 = SURFACE_STYLE_FILL_AREA(#14617);
#14617 = FILL_AREA_STYLE('',(#14618));
#14618 = FILL_AREA_STYLE_COLOUR('',#13448);
#14619 = CURVE_STYLE('',#14620,POSITIVE_LENGTH_MEASURE(0.1),#13448);
#14620 = DRAUGHTING_PRE_DEFINED_CURVE_FONT('continuous');
#14621 = OVER_RIDING_STYLED_ITEM('overriding color',(#14622),#9711,
  #12276);
#14622 = PRESENTATION_STYLE_ASSIGNMENT((#14623,#14628));
#14623 = SURFACE_STYLE_USAGE(.BOTH.,#14624);
#14624 = SURFACE_SIDE_STYLE('',(#14625));
#14625 = SURFACE_STYLE_FILL_AREA(#14626);
#14626 = FILL_AREA_STYLE('',(#14627));
#14627 = FILL_AREA_STYLE_COLOUR('',#13448);
#14628 = CURVE_STYLE('',#14629,POSITIVE_LENGTH_MEASURE(0.1),#13448);
#14629 = DRAUGHTING_PRE_DEFINED_CURVE_FONT('continuous');
#14630 = OVER_RIDING_STYLED_ITEM('overriding color',(#14631),#9735,
  #12276);
#14631 = PRESENTATION_STYLE_ASSIGNMENT((#14632,#14637));
#14632 = SURFACE_STYLE_USAGE(.BOTH.,#14633);
#14633 = SURFACE_SIDE_STYLE('',(#14634));
#14634 = SURFACE_STYLE_FILL_AREA(#14635);
#14635 = FILL_AREA_STYLE('',(#14636));
#14636 = FILL_AREA_STYLE_COLOUR('',#13448);
#14637 = CURVE_STYLE('',#14638,POSITIVE_LENGTH_MEASURE(0.1),#13448);
#14638 = DRAUGHTING_PRE_DEFINED_CURVE_FONT('continuous');
#14639 = OVER_RIDING_STYLED_ITEM('overriding color',(#14640),#9759,
  #12276);
#14640 = PRESENTATION_STYLE_ASSIGNMENT((#14641,#14646));
#14641 = SURFACE_STYLE_USAGE(.BOTH.,#14642);
#14642 = SURFACE_SIDE_STYLE('',(#14643));
#14643 = SURFACE_STYLE_FILL_AREA(#14644);
#14644 = FILL_AREA_STYLE('',(#14645));
#14645 = FILL_AREA_STYLE_COLOUR('',#13448);
#14646 = CURVE_STYLE('',#14647,POSITIVE_LENGTH_MEASURE(0.1),#13448);
#14647 = DRAUGHTING_PRE_DEFINED_CURVE_FONT('continuous');
#14648 = OVER_RIDING_STYLED_ITEM('overriding color',(#14649),#9783,
  #12276);
#14649 = PRESENTATION_STYLE_ASSIGNMENT((#14650,#14655));
#14650 = SURFACE_STYLE_USAGE(.BOTH.,#14651);
#14651 = SURFACE_SIDE_STYLE('',(#14652));
#14652 = SURFACE_STYLE_FILL_AREA(#14653);
#14653 = FILL_AREA_STYLE('',(#14654));
#14654 = FILL_AREA_STYLE_COLOUR('',#13448);
#14655 = CURVE_STYLE('',#14656,POSITIVE_LENGTH_MEASURE(0.1),#13448);
#14656 = DRAUGHTING_PRE_DEFINED_CURVE_FONT('continuous');
#14657 = OVER_RIDING_STYLED_ITEM('overriding color',(#14658),#9807,
  #12276);
#14658 = PRESENTATION_STYLE_ASSIGNMENT((#14659,#14664));
#14659 = SURFACE_STYLE_USAGE(.BOTH.,#14660);
#14660 = SURFACE_SIDE_STYLE('',(#14661));
#14661 = SURFACE_STYLE_FILL_AREA(#14662);
#14662 = FILL_AREA_STYLE('',(#14663));
#14663 = FILL_AREA_STYLE_COLOUR('',#13448);
#14664 = CURVE_STYLE('',#14665,POSITIVE_LENGTH_MEASURE(0.1),#13448);
#14665 = DRAUGHTING_PRE_DEFINED_CURVE_FONT('continuous');
#14666 = OVER_RIDING_STYLED_ITEM('overriding color',(#14667),#9836,
  #12276);
#14667 = PRESENTATION_STYLE_ASSIGNMENT((#14668,#14673));
#14668 = SURFACE_STYLE_USAGE(.BOTH.,#14669);
#14669 = SURFACE_SIDE_STYLE('',(#14670));
#14670 = SURFACE_STYLE_FILL_AREA(#14671);
#14671 = FILL_AREA_STYLE('',(#14672));
#14672 = FILL_AREA_STYLE_COLOUR('',#13448);
#14673 = CURVE_STYLE('',#14674,POSITIVE_LENGTH_MEASURE(0.1),#13448);
#14674 = DRAUGHTING_PRE_DEFINED_CURVE_FONT('continuous');
#14675 = OVER_RIDING_STYLED_ITEM('overriding color',(#14676),#9865,
  #12276);
#14676 = PRESENTATION_STYLE_ASSIGNMENT((#14677,#14682));
#14677 = SURFACE_STYLE_USAGE(.BOTH.,#14678);
#14678 = SURFACE_SIDE_STYLE('',(#14679));
#14679 = SURFACE_STYLE_FILL_AREA(#14680);
#14680 = FILL_AREA_STYLE('',(#14681));
#14681 = FILL_AREA_STYLE_COLOUR('',#13448);
#14682 = CURVE_STYLE('',#14683,POSITIVE_LENGTH_MEASURE(0.1),#13448);
#14683 = DRAUGHTING_PRE_DEFINED_CURVE_FONT('continuous');
#14684 = OVER_RIDING_STYLED_ITEM('overriding color',(#14685),#9889,
  #12276);
#14685 = PRESENTATION_STYLE_ASSIGNMENT((#14686,#14691));
#14686 = SURFACE_STYLE_USAGE(.BOTH.,#14687);
#14687 = SURFACE_SIDE_STYLE('',(#14688));
#14688 = SURFACE_STYLE_FILL_AREA(#14689);
#14689 = FILL_AREA_STYLE('',(#14690));
#14690 = FILL_AREA_STYLE_COLOUR('',#13448);
#14691 = CURVE_STYLE('',#14692,POSITIVE_LENGTH_MEASURE(0.1),#13448);
#14692 = DRAUGHTING_PRE_DEFINED_CURVE_FONT('continuous');
#14693 = OVER_RIDING_STYLED_ITEM('overriding color',(#14694),#9918,
  #12276);
#14694 = PRESENTATION_STYLE_ASSIGNMENT((#14695,#14700));
#14695 = SURFACE_STYLE_USAGE(.BOTH.,#14696);
#14696 = SURFACE_SIDE_STYLE('',(#14697));
#14697 = SURFACE_STYLE_FILL_AREA(#14698);
#14698 = FILL_AREA_STYLE('',(#14699));
#14699 = FILL_AREA_STYLE_COLOUR('',#13448);
#14700 = CURVE_STYLE('',#14701,POSITIVE_LENGTH_MEASURE(0.1),#13448);
#14701 = DRAUGHTING_PRE_DEFINED_CURVE_FONT('continuous');
#14702 = OVER_RIDING_STYLED_ITEM('overriding color',(#14703),#9947,
  #12276);
#14703 = PRESENTATION_STYLE_ASSIGNMENT((#14704,#14709));
#14704 = SURFACE_STYLE_USAGE(.BOTH.,#14705);
#14705 = SURFACE_SIDE_STYLE('',(#14706));
#14706 = SURFACE_STYLE_FILL_AREA(#14707);
#14707 = FILL_AREA_STYLE('',(#14708));
#14708 = FILL_AREA_STYLE_COLOUR('',#13448);
#14709 = CURVE_STYLE('',#14710,POSITIVE_LENGTH_MEASURE(0.1),#13448);
#14710 = DRAUGHTING_PRE_DEFINED_CURVE_FONT('continuous');
#14711 = OVER_RIDING_STYLED_ITEM('overriding color',(#14712),#9964,
  #12276);
#14712 = PRESENTATION_STYLE_ASSIGNMENT((#14713,#14718));
#14713 = SURFACE_STYLE_USAGE(.BOTH.,#14714);
#14714 = SURFACE_SIDE_STYLE('',(#14715));
#14715 = SURFACE_STYLE_FILL_AREA(#14716);
#14716 = FILL_AREA_STYLE('',(#14717));
#14717 = FILL_AREA_STYLE_COLOUR('',#13448);
#14718 = CURVE_STYLE('',#14719,POSITIVE_LENGTH_MEASURE(0.1),#13448);
#14719 = DRAUGHTING_PRE_DEFINED_CURVE_FONT('continuous');
#14720 = OVER_RIDING_STYLED_ITEM('overriding color',(#14721),#9987,
  #12276);
#14721 = PRESENTATION_STYLE_ASSIGNMENT((#14722,#14727));
#14722 = SURFACE_STYLE_USAGE(.BOTH.,#14723);
#14723 = SURFACE_SIDE_STYLE('',(#14724));
#14724 = SURFACE_STYLE_FILL_AREA(#14725);
#14725 = FILL_AREA_STYLE('',(#14726));
#14726 = FILL_AREA_STYLE_COLOUR('',#13448);
#14727 = CURVE_STYLE('',#14728,POSITIVE_LENGTH_MEASURE(0.1),#13448);
#14728 = DRAUGHTING_PRE_DEFINED_CURVE_FONT('continuous');
#14729 = OVER_RIDING_STYLED_ITEM('overriding color',(#14730),#10018,
  #12276);
#14730 = PRESENTATION_STYLE_ASSIGNMENT((#14731,#14736));
#14731 = SURFACE_STYLE_USAGE(.BOTH.,#14732);
#14732 = SURFACE_SIDE_STYLE('',(#14733));
#14733 = SURFACE_STYLE_FILL_AREA(#14734);
#14734 = FILL_AREA_STYLE('',(#14735));
#14735 = FILL_AREA_STYLE_COLOUR('',#13448);
#14736 = CURVE_STYLE('',#14737,POSITIVE_LENGTH_MEASURE(0.1),#13448);
#14737 = DRAUGHTING_PRE_DEFINED_CURVE_FONT('continuous');
#14738 = OVER_RIDING_STYLED_ITEM('overriding color',(#14739),#10042,
  #12276);
#14739 = PRESENTATION_STYLE_ASSIGNMENT((#14740,#14745));
#14740 = SURFACE_STYLE_USAGE(.BOTH.,#14741);
#14741 = SURFACE_SIDE_STYLE('',(#14742));
#14742 = SURFACE_STYLE_FILL_AREA(#14743);
#14743 = FILL_AREA_STYLE('',(#14744));
#14744 = FILL_AREA_STYLE_COLOUR('',#13448);
#14745 = CURVE_STYLE('',#14746,POSITIVE_LENGTH_MEASURE(0.1),#13448);
#14746 = DRAUGHTING_PRE_DEFINED_CURVE_FONT('continuous');
#14747 = OVER_RIDING_STYLED_ITEM('overriding color',(#14748),#10066,
  #12276);
#14748 = PRESENTATION_STYLE_ASSIGNMENT((#14749,#14754));
#14749 = SURFACE_STYLE_USAGE(.BOTH.,#14750);
#14750 = SURFACE_SIDE_STYLE('',(#14751));
#14751 = SURFACE_STYLE_FILL_AREA(#14752);
#14752 = FILL_AREA_STYLE('',(#14753));
#14753 = FILL_AREA_STYLE_COLOUR('',#13448);
#14754 = CURVE_STYLE('',#14755,POSITIVE_LENGTH_MEASURE(0.1),#13448);
#14755 = DRAUGHTING_PRE_DEFINED_CURVE_FONT('continuous');
#14756 = OVER_RIDING_STYLED_ITEM('overriding color',(#14757),#10090,
  #12276);
#14757 = PRESENTATION_STYLE_ASSIGNMENT((#14758,#14763));
#14758 = SURFACE_STYLE_USAGE(.BOTH.,#14759);
#14759 = SURFACE_SIDE_STYLE('',(#14760));
#14760 = SURFACE_STYLE_FILL_AREA(#14761);
#14761 = FILL_AREA_STYLE('',(#14762));
#14762 = FILL_AREA_STYLE_COLOUR('',#13448);
#14763 = CURVE_STYLE('',#14764,POSITIVE_LENGTH_MEASURE(0.1),#13448);
#14764 = DRAUGHTING_PRE_DEFINED_CURVE_FONT('continuous');
#14765 = OVER_RIDING_STYLED_ITEM('overriding color',(#14766),#10114,
  #12276);
#14766 = PRESENTATION_STYLE_ASSIGNMENT((#14767,#14772));
#14767 = SURFACE_STYLE_USAGE(.BOTH.,#14768);
#14768 = SURFACE_SIDE_STYLE('',(#14769));
#14769 = SURFACE_STYLE_FILL_AREA(#14770);
#14770 = FILL_AREA_STYLE('',(#14771));
#14771 = FILL_AREA_STYLE_COLOUR('',#13448);
#14772 = CURVE_STYLE('',#14773,POSITIVE_LENGTH_MEASURE(0.1),#13448);
#14773 = DRAUGHTING_PRE_DEFINED_CURVE_FONT('continuous');
#14774 = OVER_RIDING_STYLED_ITEM('overriding color',(#14775),#10138,
  #12276);
#14775 = PRESENTATION_STYLE_ASSIGNMENT((#14776,#14781));
#14776 = SURFACE_STYLE_USAGE(.BOTH.,#14777);
#14777 = SURFACE_SIDE_STYLE('',(#14778));
#14778 = SURFACE_STYLE_FILL_AREA(#14779);
#14779 = FILL_AREA_STYLE('',(#14780));
#14780 = FILL_AREA_STYLE_COLOUR('',#13448);
#14781 = CURVE_STYLE('',#14782,POSITIVE_LENGTH_MEASURE(0.1),#13448);
#14782 = DRAUGHTING_PRE_DEFINED_CURVE_FONT('continuous');
#14783 = OVER_RIDING_STYLED_ITEM('overriding color',(#14784),#10162,
  #12276);
#14784 = PRESENTATION_STYLE_ASSIGNMENT((#14785,#14790));
#14785 = SURFACE_STYLE_USAGE(.BOTH.,#14786);
#14786 = SURFACE_SIDE_STYLE('',(#14787));
#14787 = SURFACE_STYLE_FILL_AREA(#14788);
#14788 = FILL_AREA_STYLE('',(#14789));
#14789 = FILL_AREA_STYLE_COLOUR('',#13448);
#14790 = CURVE_STYLE('',#14791,POSITIVE_LENGTH_MEASURE(0.1),#13448);
#14791 = DRAUGHTING_PRE_DEFINED_CURVE_FONT('continuous');
#14792 = OVER_RIDING_STYLED_ITEM('overriding color',(#14793),#10186,
  #12276);
#14793 = PRESENTATION_STYLE_ASSIGNMENT((#14794,#14799));
#14794 = SURFACE_STYLE_USAGE(.BOTH.,#14795);
#14795 = SURFACE_SIDE_STYLE('',(#14796));
#14796 = SURFACE_STYLE_FILL_AREA(#14797);
#14797 = FILL_AREA_STYLE('',(#14798));
#14798 = FILL_AREA_STYLE_COLOUR('',#13448);
#14799 = CURVE_STYLE('',#14800,POSITIVE_LENGTH_MEASURE(0.1),#13448);
#14800 = DRAUGHTING_PRE_DEFINED_CURVE_FONT('continuous');
#14801 = OVER_RIDING_STYLED_ITEM('overriding color',(#14802),#10210,
  #12276);
#14802 = PRESENTATION_STYLE_ASSIGNMENT((#14803,#14808));
#14803 = SURFACE_STYLE_USAGE(.BOTH.,#14804);
#14804 = SURFACE_SIDE_STYLE('',(#14805));
#14805 = SURFACE_STYLE_FILL_AREA(#14806);
#14806 = FILL_AREA_STYLE('',(#14807));
#14807 = FILL_AREA_STYLE_COLOUR('',#13448);
#14808 = CURVE_STYLE('',#14809,POSITIVE_LENGTH_MEASURE(0.1),#13448);
#14809 = DRAUGHTING_PRE_DEFINED_CURVE_FONT('continuous');
#14810 = OVER_RIDING_STYLED_ITEM('overriding color',(#14811),#10234,
  #12276);
#14811 = PRESENTATION_STYLE_ASSIGNMENT((#14812,#14817));
#14812 = SURFACE_STYLE_USAGE(.BOTH.,#14813);
#14813 = SURFACE_SIDE_STYLE('',(#14814));
#14814 = SURFACE_STYLE_FILL_AREA(#14815);
#14815 = FILL_AREA_STYLE('',(#14816));
#14816 = FILL_AREA_STYLE_COLOUR('',#13448);
#14817 = CURVE_STYLE('',#14818,POSITIVE_LENGTH_MEASURE(0.1),#13448);
#14818 = DRAUGHTING_PRE_DEFINED_CURVE_FONT('continuous');
#14819 = OVER_RIDING_STYLED_ITEM('overriding color',(#14820),#10258,
  #12276);
#14820 = PRESENTATION_STYLE_ASSIGNMENT((#14821,#14826));
#14821 = SURFACE_STYLE_USAGE(.BOTH.,#14822);
#14822 = SURFACE_SIDE_STYLE('',(#14823));
#14823 = SURFACE_STYLE_FILL_AREA(#14824);
#14824 = FILL_AREA_STYLE('',(#14825));
#14825 = FILL_AREA_STYLE_COLOUR('',#13448);
#14826 = CURVE_STYLE('',#14827,POSITIVE_LENGTH_MEASURE(0.1),#13448);
#14827 = DRAUGHTING_PRE_DEFINED_CURVE_FONT('continuous');
#14828 = OVER_RIDING_STYLED_ITEM('overriding color',(#14829),#10275,
  #12276);
#14829 = PRESENTATION_STYLE_ASSIGNMENT((#14830,#14835));
#14830 = SURFACE_STYLE_USAGE(.BOTH.,#14831);
#14831 = SURFACE_SIDE_STYLE('',(#14832));
#14832 = SURFACE_STYLE_FILL_AREA(#14833);
#14833 = FILL_AREA_STYLE('',(#14834));
#14834 = FILL_AREA_STYLE_COLOUR('',#13448);
#14835 = CURVE_STYLE('',#14836,POSITIVE_LENGTH_MEASURE(0.1),#13448);
#14836 = DRAUGHTING_PRE_DEFINED_CURVE_FONT('continuous');
#14837 = OVER_RIDING_STYLED_ITEM('overriding color',(#14838),#10295,
  #12276);
#14838 = PRESENTATION_STYLE_ASSIGNMENT((#14839,#14844));
#14839 = SURFACE_STYLE_USAGE(.BOTH.,#14840);
#14840 = SURFACE_SIDE_STYLE('',(#14841));
#14841 = SURFACE_STYLE_FILL_AREA(#14842);
#14842 = FILL_AREA_STYLE('',(#14843));
#14843 = FILL_AREA_STYLE_COLOUR('',#13448);
#14844 = CURVE_STYLE('',#14845,POSITIVE_LENGTH_MEASURE(0.1),#13448);
#14845 = DRAUGHTING_PRE_DEFINED_CURVE_FONT('continuous');
#14846 = OVER_RIDING_STYLED_ITEM('overriding color',(#14847),#10425,
  #12276);
#14847 = PRESENTATION_STYLE_ASSIGNMENT((#14848,#14853));
#14848 = SURFACE_STYLE_USAGE(.BOTH.,#14849);
#14849 = SURFACE_SIDE_STYLE('',(#14850));
#14850 = SURFACE_STYLE_FILL_AREA(#14851);
#14851 = FILL_AREA_STYLE('',(#14852));
#14852 = FILL_AREA_STYLE_COLOUR('',#13448);
#14853 = CURVE_STYLE('',#14854,POSITIVE_LENGTH_MEASURE(0.1),#13448);
#14854 = DRAUGHTING_PRE_DEFINED_CURVE_FONT('continuous');
#14855 = OVER_RIDING_STYLED_ITEM('overriding color',(#14856),#10447,
  #12276);
#14856 = PRESENTATION_STYLE_ASSIGNMENT((#14857,#14862));
#14857 = SURFACE_STYLE_USAGE(.BOTH.,#14858);
#14858 = SURFACE_SIDE_STYLE('',(#14859));
#14859 = SURFACE_STYLE_FILL_AREA(#14860);
#14860 = FILL_AREA_STYLE('',(#14861));
#14861 = FILL_AREA_STYLE_COLOUR('',#13448);
#14862 = CURVE_STYLE('',#14863,POSITIVE_LENGTH_MEASURE(0.1),#13448);
#14863 = DRAUGHTING_PRE_DEFINED_CURVE_FONT('continuous');
#14864 = OVER_RIDING_STYLED_ITEM('overriding color',(#14865),#10468,
  #12276);
#14865 = PRESENTATION_STYLE_ASSIGNMENT((#14866,#14871));
#14866 = SURFACE_STYLE_USAGE(.BOTH.,#14867);
#14867 = SURFACE_SIDE_STYLE('',(#14868));
#14868 = SURFACE_STYLE_FILL_AREA(#14869);
#14869 = FILL_AREA_STYLE('',(#14870));
#14870 = FILL_AREA_STYLE_COLOUR('',#13448);
#14871 = CURVE_STYLE('',#14872,POSITIVE_LENGTH_MEASURE(0.1),#13448);
#14872 = DRAUGHTING_PRE_DEFINED_CURVE_FONT('continuous');
#14873 = OVER_RIDING_STYLED_ITEM('overriding color',(#14874),#10489,
  #12276);
#14874 = PRESENTATION_STYLE_ASSIGNMENT((#14875,#14880));
#14875 = SURFACE_STYLE_USAGE(.BOTH.,#14876);
#14876 = SURFACE_SIDE_STYLE('',(#14877));
#14877 = SURFACE_STYLE_FILL_AREA(#14878);
#14878 = FILL_AREA_STYLE('',(#14879));
#14879 = FILL_AREA_STYLE_COLOUR('',#13448);
#14880 = CURVE_STYLE('',#14881,POSITIVE_LENGTH_MEASURE(0.1),#13448);
#14881 = DRAUGHTING_PRE_DEFINED_CURVE_FONT('continuous');
#14882 = OVER_RIDING_STYLED_ITEM('overriding color',(#14883),#10510,
  #12276);
#14883 = PRESENTATION_STYLE_ASSIGNMENT((#14884,#14889));
#14884 = SURFACE_STYLE_USAGE(.BOTH.,#14885);
#14885 = SURFACE_SIDE_STYLE('',(#14886));
#14886 = SURFACE_STYLE_FILL_AREA(#14887);
#14887 = FILL_AREA_STYLE('',(#14888));
#14888 = FILL_AREA_STYLE_COLOUR('',#13448);
#14889 = CURVE_STYLE('',#14890,POSITIVE_LENGTH_MEASURE(0.1),#13448);
#14890 = DRAUGHTING_PRE_DEFINED_CURVE_FONT('continuous');
#14891 = OVER_RIDING_STYLED_ITEM('overriding color',(#14892),#10531,
  #12276);
#14892 = PRESENTATION_STYLE_ASSIGNMENT((#14893,#14898));
#14893 = SURFACE_STYLE_USAGE(.BOTH.,#14894);
#14894 = SURFACE_SIDE_STYLE('',(#14895));
#14895 = SURFACE_STYLE_FILL_AREA(#14896);
#14896 = FILL_AREA_STYLE('',(#14897));
#14897 = FILL_AREA_STYLE_COLOUR('',#13448);
#14898 = CURVE_STYLE('',#14899,POSITIVE_LENGTH_MEASURE(0.1),#13448);
#14899 = DRAUGHTING_PRE_DEFINED_CURVE_FONT('continuous');
#14900 = OVER_RIDING_STYLED_ITEM('overriding color',(#14901),#10548,
  #12276);
#14901 = PRESENTATION_STYLE_ASSIGNMENT((#14902,#14907));
#14902 = SURFACE_STYLE_USAGE(.BOTH.,#14903);
#14903 = SURFACE_SIDE_STYLE('',(#14904));
#14904 = SURFACE_STYLE_FILL_AREA(#14905);
#14905 = FILL_AREA_STYLE('',(#14906));
#14906 = FILL_AREA_STYLE_COLOUR('',#13448);
#14907 = CURVE_STYLE('',#14908,POSITIVE_LENGTH_MEASURE(0.1),#13448);
#14908 = DRAUGHTING_PRE_DEFINED_CURVE_FONT('continuous');
#14909 = OVER_RIDING_STYLED_ITEM('overriding color',(#14910),#10560,
  #12276);
#14910 = PRESENTATION_STYLE_ASSIGNMENT((#14911,#14916));
#14911 = SURFACE_STYLE_USAGE(.BOTH.,#14912);
#14912 = SURFACE_SIDE_STYLE('',(#14913));
#14913 = SURFACE_STYLE_FILL_AREA(#14914);
#14914 = FILL_AREA_STYLE('',(#14915));
#14915 = FILL_AREA_STYLE_COLOUR('',#13448);
#14916 = CURVE_STYLE('',#14917,POSITIVE_LENGTH_MEASURE(0.1),#13448);
#14917 = DRAUGHTING_PRE_DEFINED_CURVE_FONT('continuous');
#14918 = OVER_RIDING_STYLED_ITEM('overriding color',(#14919),#10591,
  #12276);
#14919 = PRESENTATION_STYLE_ASSIGNMENT((#14920,#14925));
#14920 = SURFACE_STYLE_USAGE(.BOTH.,#14921);
#14921 = SURFACE_SIDE_STYLE('',(#14922));
#14922 = SURFACE_STYLE_FILL_AREA(#14923);
#14923 = FILL_AREA_STYLE('',(#14924));
#14924 = FILL_AREA_STYLE_COLOUR('',#13448);
#14925 = CURVE_STYLE('',#14926,POSITIVE_LENGTH_MEASURE(0.1),#13448);
#14926 = DRAUGHTING_PRE_DEFINED_CURVE_FONT('continuous');
#14927 = OVER_RIDING_STYLED_ITEM('overriding color',(#14928),#10615,
  #12276);
#14928 = PRESENTATION_STYLE_ASSIGNMENT((#14929,#14934));
#14929 = SURFACE_STYLE_USAGE(.BOTH.,#14930);
#14930 = SURFACE_SIDE_STYLE('',(#14931));
#14931 = SURFACE_STYLE_FILL_AREA(#14932);
#14932 = FILL_AREA_STYLE('',(#14933));
#14933 = FILL_AREA_STYLE_COLOUR('',#13448);
#14934 = CURVE_STYLE('',#14935,POSITIVE_LENGTH_MEASURE(0.1),#13448);
#14935 = DRAUGHTING_PRE_DEFINED_CURVE_FONT('continuous');
#14936 = OVER_RIDING_STYLED_ITEM('overriding color',(#14937),#10639,
  #12276);
#14937 = PRESENTATION_STYLE_ASSIGNMENT((#14938,#14943));
#14938 = SURFACE_STYLE_USAGE(.BOTH.,#14939);
#14939 = SURFACE_SIDE_STYLE('',(#14940));
#14940 = SURFACE_STYLE_FILL_AREA(#14941);
#14941 = FILL_AREA_STYLE('',(#14942));
#14942 = FILL_AREA_STYLE_COLOUR('',#13448);
#14943 = CURVE_STYLE('',#14944,POSITIVE_LENGTH_MEASURE(0.1),#13448);
#14944 = DRAUGHTING_PRE_DEFINED_CURVE_FONT('continuous');
#14945 = OVER_RIDING_STYLED_ITEM('overriding color',(#14946),#10668,
  #12276);
#14946 = PRESENTATION_STYLE_ASSIGNMENT((#14947,#14952));
#14947 = SURFACE_STYLE_USAGE(.BOTH.,#14948);
#14948 = SURFACE_SIDE_STYLE('',(#14949));
#14949 = SURFACE_STYLE_FILL_AREA(#14950);
#14950 = FILL_AREA_STYLE('',(#14951));
#14951 = FILL_AREA_STYLE_COLOUR('',#13448);
#14952 = CURVE_STYLE('',#14953,POSITIVE_LENGTH_MEASURE(0.1),#13448);
#14953 = DRAUGHTING_PRE_DEFINED_CURVE_FONT('continuous');
#14954 = OVER_RIDING_STYLED_ITEM('overriding color',(#14955),#10697,
  #12276);
#14955 = PRESENTATION_STYLE_ASSIGNMENT((#14956,#14961));
#14956 = SURFACE_STYLE_USAGE(.BOTH.,#14957);
#14957 = SURFACE_SIDE_STYLE('',(#14958));
#14958 = SURFACE_STYLE_FILL_AREA(#14959);
#14959 = FILL_AREA_STYLE('',(#14960));
#14960 = FILL_AREA_STYLE_COLOUR('',#13448);
#14961 = CURVE_STYLE('',#14962,POSITIVE_LENGTH_MEASURE(0.1),#13448);
#14962 = DRAUGHTING_PRE_DEFINED_CURVE_FONT('continuous');
#14963 = OVER_RIDING_STYLED_ITEM('overriding color',(#14964),#10726,
  #12276);
#14964 = PRESENTATION_STYLE_ASSIGNMENT((#14965,#14970));
#14965 = SURFACE_STYLE_USAGE(.BOTH.,#14966);
#14966 = SURFACE_SIDE_STYLE('',(#14967));
#14967 = SURFACE_STYLE_FILL_AREA(#14968);
#14968 = FILL_AREA_STYLE('',(#14969));
#14969 = FILL_AREA_STYLE_COLOUR('',#13448);
#14970 = CURVE_STYLE('',#14971,POSITIVE_LENGTH_MEASURE(0.1),#13448);
#14971 = DRAUGHTING_PRE_DEFINED_CURVE_FONT('continuous');
#14972 = OVER_RIDING_STYLED_ITEM('overriding color',(#14973),#10748,
  #12276);
#14973 = PRESENTATION_STYLE_ASSIGNMENT((#14974,#14979));
#14974 = SURFACE_STYLE_USAGE(.BOTH.,#14975);
#14975 = SURFACE_SIDE_STYLE('',(#14976));
#14976 = SURFACE_STYLE_FILL_AREA(#14977);
#14977 = FILL_AREA_STYLE('',(#14978));
#14978 = FILL_AREA_STYLE_COLOUR('',#12293);
#14979 = CURVE_STYLE('',#14980,POSITIVE_LENGTH_MEASURE(0.1),#12293);
#14980 = DRAUGHTING_PRE_DEFINED_CURVE_FONT('continuous');
#14981 = OVER_RIDING_STYLED_ITEM('overriding color',(#14982),#10763,
  #12276);
#14982 = PRESENTATION_STYLE_ASSIGNMENT((#14983,#14988));
#14983 = SURFACE_STYLE_USAGE(.BOTH.,#14984);
#14984 = SURFACE_SIDE_STYLE('',(#14985));
#14985 = SURFACE_STYLE_FILL_AREA(#14986);
#14986 = FILL_AREA_STYLE('',(#14987));
#14987 = FILL_AREA_STYLE_COLOUR('',#13448);
#14988 = CURVE_STYLE('',#14989,POSITIVE_LENGTH_MEASURE(0.1),#13448);
#14989 = DRAUGHTING_PRE_DEFINED_CURVE_FONT('continuous');
#14990 = OVER_RIDING_STYLED_ITEM('overriding color',(#14991),#10887,
  #12276);
#14991 = PRESENTATION_STYLE_ASSIGNMENT((#14992,#14997));
#14992 = SURFACE_STYLE_USAGE(.BOTH.,#14993);
#14993 = SURFACE_SIDE_STYLE('',(#14994));
#14994 = SURFACE_STYLE_FILL_AREA(#14995);
#14995 = FILL_AREA_STYLE('',(#14996));
#14996 = FILL_AREA_STYLE_COLOUR('',#13448);
#14997 = CURVE_STYLE('',#14998,POSITIVE_LENGTH_MEASURE(0.1),#13448);
#14998 = DRAUGHTING_PRE_DEFINED_CURVE_FONT('continuous');
#14999 = OVER_RIDING_STYLED_ITEM('overriding color',(#15000),#10909,
  #12276);
#15000 = PRESENTATION_STYLE_ASSIGNMENT((#15001,#15006));
#15001 = SURFACE_STYLE_USAGE(.BOTH.,#15002);
#15002 = SURFACE_SIDE_STYLE('',(#15003));
#15003 = SURFACE_STYLE_FILL_AREA(#15004);
#15004 = FILL_AREA_STYLE('',(#15005));
#15005 = FILL_AREA_STYLE_COLOUR('',#13448);
#15006 = CURVE_STYLE('',#15007,POSITIVE_LENGTH_MEASURE(0.1),#13448);
#15007 = DRAUGHTING_PRE_DEFINED_CURVE_FONT('continuous');
#15008 = OVER_RIDING_STYLED_ITEM('overriding color',(#15009),#10926,
  #12276);
#15009 = PRESENTATION_STYLE_ASSIGNMENT((#15010,#15015));
#15010 = SURFACE_STYLE_USAGE(.BOTH.,#15011);
#15011 = SURFACE_SIDE_STYLE('',(#15012));
#15012 = SURFACE_STYLE_FILL_AREA(#15013);
#15013 = FILL_AREA_STYLE('',(#15014));
#15014 = FILL_AREA_STYLE_COLOUR('',#13448);
#15015 = CURVE_STYLE('',#15016,POSITIVE_LENGTH_MEASURE(0.1),#13448);
#15016 = DRAUGHTING_PRE_DEFINED_CURVE_FONT('continuous');
#15017 = OVER_RIDING_STYLED_ITEM('overriding color',(#15018),#10943,
  #12276);
#15018 = PRESENTATION_STYLE_ASSIGNMENT((#15019,#15024));
#15019 = SURFACE_STYLE_USAGE(.BOTH.,#15020);
#15020 = SURFACE_SIDE_STYLE('',(#15021));
#15021 = SURFACE_STYLE_FILL_AREA(#15022);
#15022 = FILL_AREA_STYLE('',(#15023));
#15023 = FILL_AREA_STYLE_COLOUR('',#13448);
#15024 = CURVE_STYLE('',#15025,POSITIVE_LENGTH_MEASURE(0.1),#13448);
#15025 = DRAUGHTING_PRE_DEFINED_CURVE_FONT('continuous');
#15026 = OVER_RIDING_STYLED_ITEM('overriding color',(#15027),#10960,
  #12276);
#15027 = PRESENTATION_STYLE_ASSIGNMENT((#15028,#15033));
#15028 = SURFACE_STYLE_USAGE(.BOTH.,#15029);
#15029 = SURFACE_SIDE_STYLE('',(#15030));
#15030 = SURFACE_STYLE_FILL_AREA(#15031);
#15031 = FILL_AREA_STYLE('',(#15032));
#15032 = FILL_AREA_STYLE_COLOUR('',#13448);
#15033 = CURVE_STYLE('',#15034,POSITIVE_LENGTH_MEASURE(0.1),#13448);
#15034 = DRAUGHTING_PRE_DEFINED_CURVE_FONT('continuous');
#15035 = OVER_RIDING_STYLED_ITEM('overriding color',(#15036),#10977,
  #12276);
#15036 = PRESENTATION_STYLE_ASSIGNMENT((#15037,#15042));
#15037 = SURFACE_STYLE_USAGE(.BOTH.,#15038);
#15038 = SURFACE_SIDE_STYLE('',(#15039));
#15039 = SURFACE_STYLE_FILL_AREA(#15040);
#15040 = FILL_AREA_STYLE('',(#15041));
#15041 = FILL_AREA_STYLE_COLOUR('',#13448);
#15042 = CURVE_STYLE('',#15043,POSITIVE_LENGTH_MEASURE(0.1),#13448);
#15043 = DRAUGHTING_PRE_DEFINED_CURVE_FONT('continuous');
#15044 = OVER_RIDING_STYLED_ITEM('overriding color',(#15045),#10994,
  #12276);
#15045 = PRESENTATION_STYLE_ASSIGNMENT((#15046,#15051));
#15046 = SURFACE_STYLE_USAGE(.BOTH.,#15047);
#15047 = SURFACE_SIDE_STYLE('',(#15048));
#15048 = SURFACE_STYLE_FILL_AREA(#15049);
#15049 = FILL_AREA_STYLE('',(#15050));
#15050 = FILL_AREA_STYLE_COLOUR('',#13448);
#15051 = CURVE_STYLE('',#15052,POSITIVE_LENGTH_MEASURE(0.1),#13448);
#15052 = DRAUGHTING_PRE_DEFINED_CURVE_FONT('continuous');
#15053 = OVER_RIDING_STYLED_ITEM('overriding color',(#15054),#11011,
  #12276);
#15054 = PRESENTATION_STYLE_ASSIGNMENT((#15055,#15060));
#15055 = SURFACE_STYLE_USAGE(.BOTH.,#15056);
#15056 = SURFACE_SIDE_STYLE('',(#15057));
#15057 = SURFACE_STYLE_FILL_AREA(#15058);
#15058 = FILL_AREA_STYLE('',(#15059));
#15059 = FILL_AREA_STYLE_COLOUR('',#13448);
#15060 = CURVE_STYLE('',#15061,POSITIVE_LENGTH_MEASURE(0.1),#13448);
#15061 = DRAUGHTING_PRE_DEFINED_CURVE_FONT('continuous');
#15062 = OVER_RIDING_STYLED_ITEM('overriding color',(#15063),#11023,
  #12276);
#15063 = PRESENTATION_STYLE_ASSIGNMENT((#15064,#15069));
#15064 = SURFACE_STYLE_USAGE(.BOTH.,#15065);
#15065 = SURFACE_SIDE_STYLE('',(#15066));
#15066 = SURFACE_STYLE_FILL_AREA(#15067);
#15067 = FILL_AREA_STYLE('',(#15068));
#15068 = FILL_AREA_STYLE_COLOUR('',#13448);
#15069 = CURVE_STYLE('',#15070,POSITIVE_LENGTH_MEASURE(0.1),#13448);
#15070 = DRAUGHTING_PRE_DEFINED_CURVE_FONT('continuous');
#15071 = OVER_RIDING_STYLED_ITEM('overriding color',(#15072),#11054,
  #12276);
#15072 = PRESENTATION_STYLE_ASSIGNMENT((#15073,#15078));
#15073 = SURFACE_STYLE_USAGE(.BOTH.,#15074);
#15074 = SURFACE_SIDE_STYLE('',(#15075));
#15075 = SURFACE_STYLE_FILL_AREA(#15076);
#15076 = FILL_AREA_STYLE('',(#15077));
#15077 = FILL_AREA_STYLE_COLOUR('',#13448);
#15078 = CURVE_STYLE('',#15079,POSITIVE_LENGTH_MEASURE(0.1),#13448);
#15079 = DRAUGHTING_PRE_DEFINED_CURVE_FONT('continuous');
#15080 = OVER_RIDING_STYLED_ITEM('overriding color',(#15081),#11078,
  #12276);
#15081 = PRESENTATION_STYLE_ASSIGNMENT((#15082,#15087));
#15082 = SURFACE_STYLE_USAGE(.BOTH.,#15083);
#15083 = SURFACE_SIDE_STYLE('',(#15084));
#15084 = SURFACE_STYLE_FILL_AREA(#15085);
#15085 = FILL_AREA_STYLE('',(#15086));
#15086 = FILL_AREA_STYLE_COLOUR('',#13448);
#15087 = CURVE_STYLE('',#15088,POSITIVE_LENGTH_MEASURE(0.1),#13448);
#15088 = DRAUGHTING_PRE_DEFINED_CURVE_FONT('continuous');
#15089 = OVER_RIDING_STYLED_ITEM('overriding color',(#15090),#11107,
  #12276);
#15090 = PRESENTATION_STYLE_ASSIGNMENT((#15091,#15096));
#15091 = SURFACE_STYLE_USAGE(.BOTH.,#15092);
#15092 = SURFACE_SIDE_STYLE('',(#15093));
#15093 = SURFACE_STYLE_FILL_AREA(#15094);
#15094 = FILL_AREA_STYLE('',(#15095));
#15095 = FILL_AREA_STYLE_COLOUR('',#13448);
#15096 = CURVE_STYLE('',#15097,POSITIVE_LENGTH_MEASURE(0.1),#13448);
#15097 = DRAUGHTING_PRE_DEFINED_CURVE_FONT('continuous');
#15098 = OVER_RIDING_STYLED_ITEM('overriding color',(#15099),#11131,
  #12276);
#15099 = PRESENTATION_STYLE_ASSIGNMENT((#15100,#15105));
#15100 = SURFACE_STYLE_USAGE(.BOTH.,#15101);
#15101 = SURFACE_SIDE_STYLE('',(#15102));
#15102 = SURFACE_STYLE_FILL_AREA(#15103);
#15103 = FILL_AREA_STYLE('',(#15104));
#15104 = FILL_AREA_STYLE_COLOUR('',#13448);
#15105 = CURVE_STYLE('',#15106,POSITIVE_LENGTH_MEASURE(0.1),#13448);
#15106 = DRAUGHTING_PRE_DEFINED_CURVE_FONT('continuous');
#15107 = OVER_RIDING_STYLED_ITEM('overriding color',(#15108),#11160,
  #12276);
#15108 = PRESENTATION_STYLE_ASSIGNMENT((#15109,#15114));
#15109 = SURFACE_STYLE_USAGE(.BOTH.,#15110);
#15110 = SURFACE_SIDE_STYLE('',(#15111));
#15111 = SURFACE_STYLE_FILL_AREA(#15112);
#15112 = FILL_AREA_STYLE('',(#15113));
#15113 = FILL_AREA_STYLE_COLOUR('',#13448);
#15114 = CURVE_STYLE('',#15115,POSITIVE_LENGTH_MEASURE(0.1),#13448);
#15115 = DRAUGHTING_PRE_DEFINED_CURVE_FONT('continuous');
#15116 = OVER_RIDING_STYLED_ITEM('overriding color',(#15117),#11177,
  #12276);
#15117 = PRESENTATION_STYLE_ASSIGNMENT((#15118,#15123));
#15118 = SURFACE_STYLE_USAGE(.BOTH.,#15119);
#15119 = SURFACE_SIDE_STYLE('',(#15120));
#15120 = SURFACE_STYLE_FILL_AREA(#15121);
#15121 = FILL_AREA_STYLE('',(#15122));
#15122 = FILL_AREA_STYLE_COLOUR('',#12293);
#15123 = CURVE_STYLE('',#15124,POSITIVE_LENGTH_MEASURE(0.1),#12293);
#15124 = DRAUGHTING_PRE_DEFINED_CURVE_FONT('continuous');
#15125 = OVER_RIDING_STYLED_ITEM('overriding color',(#15126),#11191,
  #12276);
#15126 = PRESENTATION_STYLE_ASSIGNMENT((#15127,#15132));
#15127 = SURFACE_STYLE_USAGE(.BOTH.,#15128);
#15128 = SURFACE_SIDE_STYLE('',(#15129));
#15129 = SURFACE_STYLE_FILL_AREA(#15130);
#15130 = FILL_AREA_STYLE('',(#15131));
#15131 = FILL_AREA_STYLE_COLOUR('',#13448);
#15132 = CURVE_STYLE('',#15133,POSITIVE_LENGTH_MEASURE(0.1),#13448);
#15133 = DRAUGHTING_PRE_DEFINED_CURVE_FONT('continuous');
#15134 = OVER_RIDING_STYLED_ITEM('overriding color',(#15135),#11516,
  #12276);
#15135 = PRESENTATION_STYLE_ASSIGNMENT((#15136,#15141));
#15136 = SURFACE_STYLE_USAGE(.BOTH.,#15137);
#15137 = SURFACE_SIDE_STYLE('',(#15138));
#15138 = SURFACE_STYLE_FILL_AREA(#15139);
#15139 = FILL_AREA_STYLE('',(#15140));
#15140 = FILL_AREA_STYLE_COLOUR('',#13448);
#15141 = CURVE_STYLE('',#15142,POSITIVE_LENGTH_MEASURE(0.1),#13448);
#15142 = DRAUGHTING_PRE_DEFINED_CURVE_FONT('continuous');
#15143 = OVER_RIDING_STYLED_ITEM('overriding color',(#15144),#11542,
  #12276);
#15144 = PRESENTATION_STYLE_ASSIGNMENT((#15145,#15150));
#15145 = SURFACE_STYLE_USAGE(.BOTH.,#15146);
#15146 = SURFACE_SIDE_STYLE('',(#15147));
#15147 = SURFACE_STYLE_FILL_AREA(#15148);
#15148 = FILL_AREA_STYLE('',(#15149));
#15149 = FILL_AREA_STYLE_COLOUR('',#13448);
#15150 = CURVE_STYLE('',#15151,POSITIVE_LENGTH_MEASURE(0.1),#13448);
#15151 = DRAUGHTING_PRE_DEFINED_CURVE_FONT('continuous');
#15152 = OVER_RIDING_STYLED_ITEM('overriding color',(#15153),#11563,
  #12276);
#15153 = PRESENTATION_STYLE_ASSIGNMENT((#15154,#15159));
#15154 = SURFACE_STYLE_USAGE(.BOTH.,#15155);
#15155 = SURFACE_SIDE_STYLE('',(#15156));
#15156 = SURFACE_STYLE_FILL_AREA(#15157);
#15157 = FILL_AREA_STYLE('',(#15158));
#15158 = FILL_AREA_STYLE_COLOUR('',#13448);
#15159 = CURVE_STYLE('',#15160,POSITIVE_LENGTH_MEASURE(0.1),#13448);
#15160 = DRAUGHTING_PRE_DEFINED_CURVE_FONT('continuous');
#15161 = OVER_RIDING_STYLED_ITEM('overriding color',(#15162),#11584,
  #12276);
#15162 = PRESENTATION_STYLE_ASSIGNMENT((#15163,#15168));
#15163 = SURFACE_STYLE_USAGE(.BOTH.,#15164);
#15164 = SURFACE_SIDE_STYLE('',(#15165));
#15165 = SURFACE_STYLE_FILL_AREA(#15166);
#15166 = FILL_AREA_STYLE('',(#15167));
#15167 = FILL_AREA_STYLE_COLOUR('',#13448);
#15168 = CURVE_STYLE('',#15169,POSITIVE_LENGTH_MEASURE(0.1),#13448);
#15169 = DRAUGHTING_PRE_DEFINED_CURVE_FONT('continuous');
#15170 = OVER_RIDING_STYLED_ITEM('overriding color',(#15171),#11605,
  #12276);
#15171 = PRESENTATION_STYLE_ASSIGNMENT((#15172,#15177));
#15172 = SURFACE_STYLE_USAGE(.BOTH.,#15173);
#15173 = SURFACE_SIDE_STYLE('',(#15174));
#15174 = SURFACE_STYLE_FILL_AREA(#15175);
#15175 = FILL_AREA_STYLE('',(#15176));
#15176 = FILL_AREA_STYLE_COLOUR('',#13448);
#15177 = CURVE_STYLE('',#15178,POSITIVE_LENGTH_MEASURE(0.1),#13448);
#15178 = DRAUGHTING_PRE_DEFINED_CURVE_FONT('continuous');
#15179 = OVER_RIDING_STYLED_ITEM('overriding color',(#15180),#11626,
  #12276);
#15180 = PRESENTATION_STYLE_ASSIGNMENT((#15181,#15186));
#15181 = SURFACE_STYLE_USAGE(.BOTH.,#15182);
#15182 = SURFACE_SIDE_STYLE('',(#15183));
#15183 = SURFACE_STYLE_FILL_AREA(#15184);
#15184 = FILL_AREA_STYLE('',(#15185));
#15185 = FILL_AREA_STYLE_COLOUR('',#13448);
#15186 = CURVE_STYLE('',#15187,POSITIVE_LENGTH_MEASURE(0.1),#13448);
#15187 = DRAUGHTING_PRE_DEFINED_CURVE_FONT('continuous');
#15188 = OVER_RIDING_STYLED_ITEM('overriding color',(#15189),#11647,
  #12276);
#15189 = PRESENTATION_STYLE_ASSIGNMENT((#15190,#15195));
#15190 = SURFACE_STYLE_USAGE(.BOTH.,#15191);
#15191 = SURFACE_SIDE_STYLE('',(#15192));
#15192 = SURFACE_STYLE_FILL_AREA(#15193);
#15193 = FILL_AREA_STYLE('',(#15194));
#15194 = FILL_AREA_STYLE_COLOUR('',#13448);
#15195 = CURVE_STYLE('',#15196,POSITIVE_LENGTH_MEASURE(0.1),#13448);
#15196 = DRAUGHTING_PRE_DEFINED_CURVE_FONT('continuous');
#15197 = OVER_RIDING_STYLED_ITEM('overriding color',(#15198),#11668,
  #12276);
#15198 = PRESENTATION_STYLE_ASSIGNMENT((#15199,#15204));
#15199 = SURFACE_STYLE_USAGE(.BOTH.,#15200);
#15200 = SURFACE_SIDE_STYLE('',(#15201));
#15201 = SURFACE_STYLE_FILL_AREA(#15202);
#15202 = FILL_AREA_STYLE('',(#15203));
#15203 = FILL_AREA_STYLE_COLOUR('',#13448);
#15204 = CURVE_STYLE('',#15205,POSITIVE_LENGTH_MEASURE(0.1),#13448);
#15205 = DRAUGHTING_PRE_DEFINED_CURVE_FONT('continuous');
#15206 = OVER_RIDING_STYLED_ITEM('overriding color',(#15207),#11689,
  #12276);
#15207 = PRESENTATION_STYLE_ASSIGNMENT((#15208,#15213));
#15208 = SURFACE_STYLE_USAGE(.BOTH.,#15209);
#15209 = SURFACE_SIDE_STYLE('',(#15210));
#15210 = SURFACE_STYLE_FILL_AREA(#15211);
#15211 = FILL_AREA_STYLE('',(#15212));
#15212 = FILL_AREA_STYLE_COLOUR('',#13448);
#15213 = CURVE_STYLE('',#15214,POSITIVE_LENGTH_MEASURE(0.1),#13448);
#15214 = DRAUGHTING_PRE_DEFINED_CURVE_FONT('continuous');
#15215 = OVER_RIDING_STYLED_ITEM('overriding color',(#15216),#11710,
  #12276);
#15216 = PRESENTATION_STYLE_ASSIGNMENT((#15217,#15222));
#15217 = SURFACE_STYLE_USAGE(.BOTH.,#15218);
#15218 = SURFACE_SIDE_STYLE('',(#15219));
#15219 = SURFACE_STYLE_FILL_AREA(#15220);
#15220 = FILL_AREA_STYLE('',(#15221));
#15221 = FILL_AREA_STYLE_COLOUR('',#13448);
#15222 = CURVE_STYLE('',#15223,POSITIVE_LENGTH_MEASURE(0.1),#13448);
#15223 = DRAUGHTING_PRE_DEFINED_CURVE_FONT('continuous');
#15224 = OVER_RIDING_STYLED_ITEM('overriding color',(#15225),#11731,
  #12276);
#15225 = PRESENTATION_STYLE_ASSIGNMENT((#15226,#15231));
#15226 = SURFACE_STYLE_USAGE(.BOTH.,#15227);
#15227 = SURFACE_SIDE_STYLE('',(#15228));
#15228 = SURFACE_STYLE_FILL_AREA(#15229);
#15229 = FILL_AREA_STYLE('',(#15230));
#15230 = FILL_AREA_STYLE_COLOUR('',#13448);
#15231 = CURVE_STYLE('',#15232,POSITIVE_LENGTH_MEASURE(0.1),#13448);
#15232 = DRAUGHTING_PRE_DEFINED_CURVE_FONT('continuous');
#15233 = OVER_RIDING_STYLED_ITEM('overriding color',(#15234),#11752,
  #12276);
#15234 = PRESENTATION_STYLE_ASSIGNMENT((#15235,#15240));
#15235 = SURFACE_STYLE_USAGE(.BOTH.,#15236);
#15236 = SURFACE_SIDE_STYLE('',(#15237));
#15237 = SURFACE_STYLE_FILL_AREA(#15238);
#15238 = FILL_AREA_STYLE('',(#15239));
#15239 = FILL_AREA_STYLE_COLOUR('',#13448);
#15240 = CURVE_STYLE('',#15241,POSITIVE_LENGTH_MEASURE(0.1),#13448);
#15241 = DRAUGHTING_PRE_DEFINED_CURVE_FONT('continuous');
#15242 = OVER_RIDING_STYLED_ITEM('overriding color',(#15243),#11773,
  #12276);
#15243 = PRESENTATION_STYLE_ASSIGNMENT((#15244,#15249));
#15244 = SURFACE_STYLE_USAGE(.BOTH.,#15245);
#15245 = SURFACE_SIDE_STYLE('',(#15246));
#15246 = SURFACE_STYLE_FILL_AREA(#15247);
#15247 = FILL_AREA_STYLE('',(#15248));
#15248 = FILL_AREA_STYLE_COLOUR('',#13448);
#15249 = CURVE_STYLE('',#15250,POSITIVE_LENGTH_MEASURE(0.1),#13448);
#15250 = DRAUGHTING_PRE_DEFINED_CURVE_FONT('continuous');
#15251 = OVER_RIDING_STYLED_ITEM('overriding color',(#15252),#11790,
  #12276);
#15252 = PRESENTATION_STYLE_ASSIGNMENT((#15253,#15258));
#15253 = SURFACE_STYLE_USAGE(.BOTH.,#15254);
#15254 = SURFACE_SIDE_STYLE('',(#15255));
#15255 = SURFACE_STYLE_FILL_AREA(#15256);
#15256 = FILL_AREA_STYLE('',(#15257));
#15257 = FILL_AREA_STYLE_COLOUR('',#13448);
#15258 = CURVE_STYLE('',#15259,POSITIVE_LENGTH_MEASURE(0.1),#13448);
#15259 = DRAUGHTING_PRE_DEFINED_CURVE_FONT('continuous');
#15260 = OVER_RIDING_STYLED_ITEM('overriding color',(#15261),#11807,
  #12276);
#15261 = PRESENTATION_STYLE_ASSIGNMENT((#15262,#15267));
#15262 = SURFACE_STYLE_USAGE(.BOTH.,#15263);
#15263 = SURFACE_SIDE_STYLE('',(#15264));
#15264 = SURFACE_STYLE_FILL_AREA(#15265);
#15265 = FILL_AREA_STYLE('',(#15266));
#15266 = FILL_AREA_STYLE_COLOUR('',#13448);
#15267 = CURVE_STYLE('',#15268,POSITIVE_LENGTH_MEASURE(0.1),#13448);
#15268 = DRAUGHTING_PRE_DEFINED_CURVE_FONT('continuous');
#15269 = OVER_RIDING_STYLED_ITEM('overriding color',(#15270),#11824,
  #12276);
#15270 = PRESENTATION_STYLE_ASSIGNMENT((#15271,#15276));
#15271 = SURFACE_STYLE_USAGE(.BOTH.,#15272);
#15272 = SURFACE_SIDE_STYLE('',(#15273));
#15273 = SURFACE_STYLE_FILL_AREA(#15274);
#15274 = FILL_AREA_STYLE('',(#15275));
#15275 = FILL_AREA_STYLE_COLOUR('',#13448);
#15276 = CURVE_STYLE('',#15277,POSITIVE_LENGTH_MEASURE(0.1),#13448);
#15277 = DRAUGHTING_PRE_DEFINED_CURVE_FONT('continuous');
#15278 = OVER_RIDING_STYLED_ITEM('overriding color',(#15279),#11841,
  #12276);
#15279 = PRESENTATION_STYLE_ASSIGNMENT((#15280,#15285));
#15280 = SURFACE_STYLE_USAGE(.BOTH.,#15281);
#15281 = SURFACE_SIDE_STYLE('',(#15282));
#15282 = SURFACE_STYLE_FILL_AREA(#15283);
#15283 = FILL_AREA_STYLE('',(#15284));
#15284 = FILL_AREA_STYLE_COLOUR('',#13448);
#15285 = CURVE_STYLE('',#15286,POSITIVE_LENGTH_MEASURE(0.1),#13448);
#15286 = DRAUGHTING_PRE_DEFINED_CURVE_FONT('continuous');
#15287 = OVER_RIDING_STYLED_ITEM('overriding color',(#15288),#11862,
  #12276);
#15288 = PRESENTATION_STYLE_ASSIGNMENT((#15289,#15294));
#15289 = SURFACE_STYLE_USAGE(.BOTH.,#15290);
#15290 = SURFACE_SIDE_STYLE('',(#15291));
#15291 = SURFACE_STYLE_FILL_AREA(#15292);
#15292 = FILL_AREA_STYLE('',(#15293));
#15293 = FILL_AREA_STYLE_COLOUR('',#13448);
#15294 = CURVE_STYLE('',#15295,POSITIVE_LENGTH_MEASURE(0.1),#13448);
#15295 = DRAUGHTING_PRE_DEFINED_CURVE_FONT('continuous');
#15296 = OVER_RIDING_STYLED_ITEM('overriding color',(#15297),#11883,
  #12276);
#15297 = PRESENTATION_STYLE_ASSIGNMENT((#15298,#15303));
#15298 = SURFACE_STYLE_USAGE(.BOTH.,#15299);
#15299 = SURFACE_SIDE_STYLE('',(#15300));
#15300 = SURFACE_STYLE_FILL_AREA(#15301);
#15301 = FILL_AREA_STYLE('',(#15302));
#15302 = FILL_AREA_STYLE_COLOUR('',#13448);
#15303 = CURVE_STYLE('',#15304,POSITIVE_LENGTH_MEASURE(0.1),#13448);
#15304 = DRAUGHTING_PRE_DEFINED_CURVE_FONT('continuous');
#15305 = OVER_RIDING_STYLED_ITEM('overriding color',(#15306),#11904,
  #12276);
#15306 = PRESENTATION_STYLE_ASSIGNMENT((#15307,#15312));
#15307 = SURFACE_STYLE_USAGE(.BOTH.,#15308);
#15308 = SURFACE_SIDE_STYLE('',(#15309));
#15309 = SURFACE_STYLE_FILL_AREA(#15310);
#15310 = FILL_AREA_STYLE('',(#15311));
#15311 = FILL_AREA_STYLE_COLOUR('',#13448);
#15312 = CURVE_STYLE('',#15313,POSITIVE_LENGTH_MEASURE(0.1),#13448);
#15313 = DRAUGHTING_PRE_DEFINED_CURVE_FONT('continuous');
#15314 = OVER_RIDING_STYLED_ITEM('overriding color',(#15315),#11925,
  #12276);
#15315 = PRESENTATION_STYLE_ASSIGNMENT((#15316,#15321));
#15316 = SURFACE_STYLE_USAGE(.BOTH.,#15317);
#15317 = SURFACE_SIDE_STYLE('',(#15318));
#15318 = SURFACE_STYLE_FILL_AREA(#15319);
#15319 = FILL_AREA_STYLE('',(#15320));
#15320 = FILL_AREA_STYLE_COLOUR('',#13448);
#15321 = CURVE_STYLE('',#15322,POSITIVE_LENGTH_MEASURE(0.1),#13448);
#15322 = DRAUGHTING_PRE_DEFINED_CURVE_FONT('continuous');
#15323 = OVER_RIDING_STYLED_ITEM('overriding color',(#15324),#11946,
  #12276);
#15324 = PRESENTATION_STYLE_ASSIGNMENT((#15325,#15330));
#15325 = SURFACE_STYLE_USAGE(.BOTH.,#15326);
#15326 = SURFACE_SIDE_STYLE('',(#15327));
#15327 = SURFACE_STYLE_FILL_AREA(#15328);
#15328 = FILL_AREA_STYLE('',(#15329));
#15329 = FILL_AREA_STYLE_COLOUR('',#13448);
#15330 = CURVE_STYLE('',#15331,POSITIVE_LENGTH_MEASURE(0.1),#13448);
#15331 = DRAUGHTING_PRE_DEFINED_CURVE_FONT('continuous');
#15332 = OVER_RIDING_STYLED_ITEM('overriding color',(#15333),#11967,
  #12276);
#15333 = PRESENTATION_STYLE_ASSIGNMENT((#15334,#15339));
#15334 = SURFACE_STYLE_USAGE(.BOTH.,#15335);
#15335 = SURFACE_SIDE_STYLE('',(#15336));
#15336 = SURFACE_STYLE_FILL_AREA(#15337);
#15337 = FILL_AREA_STYLE('',(#15338));
#15338 = FILL_AREA_STYLE_COLOUR('',#13448);
#15339 = CURVE_STYLE('',#15340,POSITIVE_LENGTH_MEASURE(0.1),#13448);
#15340 = DRAUGHTING_PRE_DEFINED_CURVE_FONT('continuous');
#15341 = OVER_RIDING_STYLED_ITEM('overriding color',(#15342),#11988,
  #12276);
#15342 = PRESENTATION_STYLE_ASSIGNMENT((#15343,#15348));
#15343 = SURFACE_STYLE_USAGE(.BOTH.,#15344);
#15344 = SURFACE_SIDE_STYLE('',(#15345));
#15345 = SURFACE_STYLE_FILL_AREA(#15346);
#15346 = FILL_AREA_STYLE('',(#15347));
#15347 = FILL_AREA_STYLE_COLOUR('',#13448);
#15348 = CURVE_STYLE('',#15349,POSITIVE_LENGTH_MEASURE(0.1),#13448);
#15349 = DRAUGHTING_PRE_DEFINED_CURVE_FONT('continuous');
#15350 = OVER_RIDING_STYLED_ITEM('overriding color',(#15351),#12005,
  #12276);
#15351 = PRESENTATION_STYLE_ASSIGNMENT((#15352,#15357));
#15352 = SURFACE_STYLE_USAGE(.BOTH.,#15353);
#15353 = SURFACE_SIDE_STYLE('',(#15354));
#15354 = SURFACE_STYLE_FILL_AREA(#15355);
#15355 = FILL_AREA_STYLE('',(#15356));
#15356 = FILL_AREA_STYLE_COLOUR('',#13448);
#15357 = CURVE_STYLE('',#15358,POSITIVE_LENGTH_MEASURE(0.1),#13448);
#15358 = DRAUGHTING_PRE_DEFINED_CURVE_FONT('continuous');
#15359 = OVER_RIDING_STYLED_ITEM('overriding color',(#15360),#12026,
  #12276);
#15360 = PRESENTATION_STYLE_ASSIGNMENT((#15361,#15366));
#15361 = SURFACE_STYLE_USAGE(.BOTH.,#15362);
#15362 = SURFACE_SIDE_STYLE('',(#15363));
#15363 = SURFACE_STYLE_FILL_AREA(#15364);
#15364 = FILL_AREA_STYLE('',(#15365));
#15365 = FILL_AREA_STYLE_COLOUR('',#13448);
#15366 = CURVE_STYLE('',#15367,POSITIVE_LENGTH_MEASURE(0.1),#13448);
#15367 = DRAUGHTING_PRE_DEFINED_CURVE_FONT('continuous');
#15368 = OVER_RIDING_STYLED_ITEM('overriding color',(#15369),#12047,
  #12276);
#15369 = PRESENTATION_STYLE_ASSIGNMENT((#15370,#15375));
#15370 = SURFACE_STYLE_USAGE(.BOTH.,#15371);
#15371 = SURFACE_SIDE_STYLE('',(#15372));
#15372 = SURFACE_STYLE_FILL_AREA(#15373);
#15373 = FILL_AREA_STYLE('',(#15374));
#15374 = FILL_AREA_STYLE_COLOUR('',#13448);
#15375 = CURVE_STYLE('',#15376,POSITIVE_LENGTH_MEASURE(0.1),#13448);
#15376 = DRAUGHTING_PRE_DEFINED_CURVE_FONT('continuous');
#15377 = OVER_RIDING_STYLED_ITEM('overriding color',(#15378),#12064,
  #12276);
#15378 = PRESENTATION_STYLE_ASSIGNMENT((#15379,#15384));
#15379 = SURFACE_STYLE_USAGE(.BOTH.,#15380);
#15380 = SURFACE_SIDE_STYLE('',(#15381));
#15381 = SURFACE_STYLE_FILL_AREA(#15382);
#15382 = FILL_AREA_STYLE('',(#15383));
#15383 = FILL_AREA_STYLE_COLOUR('',#13448);
#15384 = CURVE_STYLE('',#15385,POSITIVE_LENGTH_MEASURE(0.1),#13448);
#15385 = DRAUGHTING_PRE_DEFINED_CURVE_FONT('continuous');
#15386 = OVER_RIDING_STYLED_ITEM('overriding color',(#15387),#12085,
  #12276);
#15387 = PRESENTATION_STYLE_ASSIGNMENT((#15388,#15393));
#15388 = SURFACE_STYLE_USAGE(.BOTH.,#15389);
#15389 = SURFACE_SIDE_STYLE('',(#15390));
#15390 = SURFACE_STYLE_FILL_AREA(#15391);
#15391 = FILL_AREA_STYLE('',(#15392));
#15392 = FILL_AREA_STYLE_COLOUR('',#13448);
#15393 = CURVE_STYLE('',#15394,POSITIVE_LENGTH_MEASURE(0.1),#13448);
#15394 = DRAUGHTING_PRE_DEFINED_CURVE_FONT('continuous');
#15395 = OVER_RIDING_STYLED_ITEM('overriding color',(#15396),#12106,
  #12276);
#15396 = PRESENTATION_STYLE_ASSIGNMENT((#15397,#15402));
#15397 = SURFACE_STYLE_USAGE(.BOTH.,#15398);
#15398 = SURFACE_SIDE_STYLE('',(#15399));
#15399 = SURFACE_STYLE_FILL_AREA(#15400);
#15400 = FILL_AREA_STYLE('',(#15401));
#15401 = FILL_AREA_STYLE_COLOUR('',#13448);
#15402 = CURVE_STYLE('',#15403,POSITIVE_LENGTH_MEASURE(0.1),#13448);
#15403 = DRAUGHTING_PRE_DEFINED_CURVE_FONT('continuous');
#15404 = OVER_RIDING_STYLED_ITEM('overriding color',(#15405),#12127,
  #12276);
#15405 = PRESENTATION_STYLE_ASSIGNMENT((#15406,#15411));
#15406 = SURFACE_STYLE_USAGE(.BOTH.,#15407);
#15407 = SURFACE_SIDE_STYLE('',(#15408));
#15408 = SURFACE_STYLE_FILL_AREA(#15409);
#15409 = FILL_AREA_STYLE('',(#15410));
#15410 = FILL_AREA_STYLE_COLOUR('',#13448);
#15411 = CURVE_STYLE('',#15412,POSITIVE_LENGTH_MEASURE(0.1),#13448);
#15412 = DRAUGHTING_PRE_DEFINED_CURVE_FONT('continuous');
#15413 = OVER_RIDING_STYLED_ITEM('overriding color',(#15414),#12144,
  #12276);
#15414 = PRESENTATION_STYLE_ASSIGNMENT((#15415,#15420));
#15415 = SURFACE_STYLE_USAGE(.BOTH.,#15416);
#15416 = SURFACE_SIDE_STYLE('',(#15417));
#15417 = SURFACE_STYLE_FILL_AREA(#15418);
#15418 = FILL_AREA_STYLE('',(#15419));
#15419 = FILL_AREA_STYLE_COLOUR('',#13448);
#15420 = CURVE_STYLE('',#15421,POSITIVE_LENGTH_MEASURE(0.1),#13448);
#15421 = DRAUGHTING_PRE_DEFINED_CURVE_FONT('continuous');
#15422 = OVER_RIDING_STYLED_ITEM('overriding color',(#15423),#12165,
  #12276);
#15423 = PRESENTATION_STYLE_ASSIGNMENT((#15424,#15429));
#15424 = SURFACE_STYLE_USAGE(.BOTH.,#15425);
#15425 = SURFACE_SIDE_STYLE('',(#15426));
#15426 = SURFACE_STYLE_FILL_AREA(#15427);
#15427 = FILL_AREA_STYLE('',(#15428));
#15428 = FILL_AREA_STYLE_COLOUR('',#13448);
#15429 = CURVE_STYLE('',#15430,POSITIVE_LENGTH_MEASURE(0.1),#13448);
#15430 = DRAUGHTING_PRE_DEFINED_CURVE_FONT('continuous');
#15431 = OVER_RIDING_STYLED_ITEM('overriding color',(#15432),#12181,
  #12276);
#15432 = PRESENTATION_STYLE_ASSIGNMENT((#15433,#15438));
#15433 = SURFACE_STYLE_USAGE(.BOTH.,#15434);
#15434 = SURFACE_SIDE_STYLE('',(#15435));
#15435 = SURFACE_STYLE_FILL_AREA(#15436);
#15436 = FILL_AREA_STYLE('',(#15437));
#15437 = FILL_AREA_STYLE_COLOUR('',#13448);
#15438 = CURVE_STYLE('',#15439,POSITIVE_LENGTH_MEASURE(0.1),#13448);
#15439 = DRAUGHTING_PRE_DEFINED_CURVE_FONT('continuous');
#15440 = OVER_RIDING_STYLED_ITEM('overriding color',(#15441),#12226,
  #12276);
#15441 = PRESENTATION_STYLE_ASSIGNMENT((#15442,#15447));
#15442 = SURFACE_STYLE_USAGE(.BOTH.,#15443);
#15443 = SURFACE_SIDE_STYLE('',(#15444));
#15444 = SURFACE_STYLE_FILL_AREA(#15445);
#15445 = FILL_AREA_STYLE('',(#15446));
#15446 = FILL_AREA_STYLE_COLOUR('',#13448);
#15447 = CURVE_STYLE('',#15448,POSITIVE_LENGTH_MEASURE(0.1),#13448);
#15448 = DRAUGHTING_PRE_DEFINED_CURVE_FONT('continuous');
#15449 = OVER_RIDING_STYLED_ITEM('overriding color',(#15450),#12254,
  #12276);
#15450 = PRESENTATION_STYLE_ASSIGNMENT((#15451,#15456));
#15451 = SURFACE_STYLE_USAGE(.BOTH.,#15452);
#15452 = SURFACE_SIDE_STYLE('',(#15453));
#15453 = SURFACE_STYLE_FILL_AREA(#15454);
#15454 = FILL_AREA_STYLE('',(#15455));
#15455 = FILL_AREA_STYLE_COLOUR('',#12293);
#15456 = CURVE_STYLE('',#15457,POSITIVE_LENGTH_MEASURE(0.1),#12293);
#15457 = DRAUGHTING_PRE_DEFINED_CURVE_FONT('continuous');
#15458 = MECHANICAL_DESIGN_GEOMETRIC_PRESENTATION_REPRESENTATION('',(
    #15459,#15469,#15477,#15484,#15491,#15498,#15505,#15512,#15519,
    #15526,#15533,#15540,#15547),#537);
#15459 = STYLED_ITEM('color',(#15460),#91);
#15460 = PRESENTATION_STYLE_ASSIGNMENT((#15461,#15467));
#15461 = SURFACE_STYLE_USAGE(.BOTH.,#15462);
#15462 = SURFACE_SIDE_STYLE('',(#15463));
#15463 = SURFACE_STYLE_FILL_AREA(#15464);
#15464 = FILL_AREA_STYLE('',(#15465));
#15465 = FILL_AREA_STYLE_COLOUR('',#15466);
#15466 = COLOUR_RGB('',0.,0.377508427907,0.578582128266);
#15467 = CURVE_STYLE('',#15468,POSITIVE_LENGTH_MEASURE(0.1),#15466);
#15468 = DRAUGHTING_PRE_DEFINED_CURVE_FONT('continuous');
#15469 = OVER_RIDING_STYLED_ITEM('overriding color',(#15470),#93,#15459
  );
#15470 = PRESENTATION_STYLE_ASSIGNMENT((#15471));
#15471 = SURFACE_STYLE_USAGE(.BOTH.,#15472);
#15472 = SURFACE_SIDE_STYLE('',(#15473));
#15473 = SURFACE_STYLE_FILL_AREA(#15474);
#15474 = FILL_AREA_STYLE('',(#15475));
#15475 = FILL_AREA_STYLE_COLOUR('',#15476);
#15476 = COLOUR_RGB('',0.937179583391,0.9357410338,0.649182888601);
#15477 = OVER_RIDING_STYLED_ITEM('overriding color',(#15478),#133,#15459
  );
#15478 = PRESENTATION_STYLE_ASSIGNMENT((#15479));
#15479 = SURFACE_STYLE_USAGE(.BOTH.,#15480);
#15480 = SURFACE_SIDE_STYLE('',(#15481));
#15481 = SURFACE_STYLE_FILL_AREA(#15482);
#15482 = FILL_AREA_STYLE('',(#15483));
#15483 = FILL_AREA_STYLE_COLOUR('',#15476);
#15484 = OVER_RIDING_STYLED_ITEM('overriding color',(#15485),#164,#15459
  );
#15485 = PRESENTATION_STYLE_ASSIGNMENT((#15486));
#15486 = SURFACE_STYLE_USAGE(.BOTH.,#15487);
#15487 = SURFACE_SIDE_STYLE('',(#15488));
#15488 = SURFACE_STYLE_FILL_AREA(#15489);
#15489 = FILL_AREA_STYLE('',(#15490));
#15490 = FILL_AREA_STYLE_COLOUR('',#15476);
#15491 = OVER_RIDING_STYLED_ITEM('overriding color',(#15492),#195,#15459
  );
#15492 = PRESENTATION_STYLE_ASSIGNMENT((#15493));
#15493 = SURFACE_STYLE_USAGE(.BOTH.,#15494);
#15494 = SURFACE_SIDE_STYLE('',(#15495));
#15495 = SURFACE_STYLE_FILL_AREA(#15496);
#15496 = FILL_AREA_STYLE('',(#15497));
#15497 = FILL_AREA_STYLE_COLOUR('',#15476);
#15498 = OVER_RIDING_STYLED_ITEM('overriding color',(#15499),#217,#15459
  );
#15499 = PRESENTATION_STYLE_ASSIGNMENT((#15500));
#15500 = SURFACE_STYLE_USAGE(.BOTH.,#15501);
#15501 = SURFACE_SIDE_STYLE('',(#15502));
#15502 = SURFACE_STYLE_FILL_AREA(#15503);
#15503 = FILL_AREA_STYLE('',(#15504));
#15504 = FILL_AREA_STYLE_COLOUR('',#15476);
#15505 = OVER_RIDING_STYLED_ITEM('overriding color',(#15506),#259,#15459
  );
#15506 = PRESENTATION_STYLE_ASSIGNMENT((#15507));
#15507 = SURFACE_STYLE_USAGE(.BOTH.,#15508);
#15508 = SURFACE_SIDE_STYLE('',(#15509));
#15509 = SURFACE_STYLE_FILL_AREA(#15510);
#15510 = FILL_AREA_STYLE('',(#15511));
#15511 = FILL_AREA_STYLE_COLOUR('',#15476);
#15512 = OVER_RIDING_STYLED_ITEM('overriding color',(#15513),#283,#15459
  );
#15513 = PRESENTATION_STYLE_ASSIGNMENT((#15514));
#15514 = SURFACE_STYLE_USAGE(.BOTH.,#15515);
#15515 = SURFACE_SIDE_STYLE('',(#15516));
#15516 = SURFACE_STYLE_FILL_AREA(#15517);
#15517 = FILL_AREA_STYLE('',(#15518));
#15518 = FILL_AREA_STYLE_COLOUR('',#15476);
#15519 = OVER_RIDING_STYLED_ITEM('overriding color',(#15520),#325,#15459
  );
#15520 = PRESENTATION_STYLE_ASSIGNMENT((#15521));
#15521 = SURFACE_STYLE_USAGE(.BOTH.,#15522);
#15522 = SURFACE_SIDE_STYLE('',(#15523));
#15523 = SURFACE_STYLE_FILL_AREA(#15524);
#15524 = FILL_AREA_STYLE('',(#15525));
#15525 = FILL_AREA_STYLE_COLOUR('',#15476);
#15526 = OVER_RIDING_STYLED_ITEM('overriding color',(#15527),#349,#15459
  );
#15527 = PRESENTATION_STYLE_ASSIGNMENT((#15528));
#15528 = SURFACE_STYLE_USAGE(.BOTH.,#15529);
#15529 = SURFACE_SIDE_STYLE('',(#15530));
#15530 = SURFACE_STYLE_FILL_AREA(#15531);
#15531 = FILL_AREA_STYLE('',(#15532));
#15532 = FILL_AREA_STYLE_COLOUR('',#15476);
#15533 = OVER_RIDING_STYLED_ITEM('overriding color',(#15534),#391,#15459
  );
#15534 = PRESENTATION_STYLE_ASSIGNMENT((#15535));
#15535 = SURFACE_STYLE_USAGE(.BOTH.,#15536);
#15536 = SURFACE_SIDE_STYLE('',(#15537));
#15537 = SURFACE_STYLE_FILL_AREA(#15538);
#15538 = FILL_AREA_STYLE('',(#15539));
#15539 = FILL_AREA_STYLE_COLOUR('',#15476);
#15540 = OVER_RIDING_STYLED_ITEM('overriding color',(#15541),#415,#15459
  );
#15541 = PRESENTATION_STYLE_ASSIGNMENT((#15542));
#15542 = SURFACE_STYLE_USAGE(.BOTH.,#15543);
#15543 = SURFACE_SIDE_STYLE('',(#15544));
#15544 = SURFACE_STYLE_FILL_AREA(#15545);
#15545 = FILL_AREA_STYLE('',(#15546));
#15546 = FILL_AREA_STYLE_COLOUR('',#15476);
#15547 = OVER_RIDING_STYLED_ITEM('overriding color',(#15548),#457,#15459
  );
#15548 = PRESENTATION_STYLE_ASSIGNMENT((#15549));
#15549 = SURFACE_STYLE_USAGE(.BOTH.,#15550);
#15550 = SURFACE_SIDE_STYLE('',(#15551));
#15551 = SURFACE_STYLE_FILL_AREA(#15552);
#15552 = FILL_AREA_STYLE('',(#15553));
#15553 = FILL_AREA_STYLE_COLOUR('',#15476);
ENDSEC;
END-ISO-10303-21;
