ISO-10303-21;
HEADER;
/* Generated by software containing ST-Developer
 * from STEP Tools, Inc. (www.steptools.com) 
 */

FILE_DESCRIPTION(
/* description */ ('Designed by EasyEDA Pro'),
/* implementation_level */ '2;1');

FILE_NAME(
/* name */ 'TK-6580A8-1.step',
/* time_stamp */ '2025-08-05T12:30:42+05:00',
/* author */ (''),
/* organization */ (''),
/* preprocessor_version */ 'ST-DEVELOPER v20.1',
/* originating_system */ 'Autodesk Translation Framework v14.10.0.0',
/* authorisation */ '');

FILE_SCHEMA (('AUTOMOTIVE_DESIGN { 1 0 10303 214 3 1 1 }'));
ENDSEC;

DATA;
#10=MECHANICAL_DESIGN_GEOMETRIC_PRESENTATION_REPRESENTATION('',(#248,#249,
#250,#251,#252,#253,#254,#255,#256,#257,#258,#259,#260,#261,#262,#263,#264,
#265,#266,#267,#268,#269,#270,#271,#272,#273,#274,#275,#276,#277,#278,#279,
#280,#281,#282,#283,#284,#285,#286,#287,#288,#289,#290,#291,#292,#293,#294,
#295,#296,#297,#298,#299,#300,#301,#302,#303,#304,#305,#306,#307,#308,#309,
#310,#311,#312,#313,#314,#315,#316,#317,#318,#319,#320,#321,#322,#323,#324,
#325,#326,#327,#328,#329,#330,#331,#332,#333,#334,#335,#336,#337,#338,#339,
#340,#341,#342,#343,#344,#345,#346,#347,#348,#349,#350,#351,#352,#353,#354,
#355,#356,#357,#358,#359,#360,#361,#362,#363,#364,#365,#366,#367,#368,#369,
#370,#371,#372,#373,#374,#375,#376,#377,#378,#379,#380,#381,#382,#383,#384,
#385,#386,#387,#388,#389,#390,#391,#392,#393,#394,#395,#396,#397,#398,#399,
#400,#401,#402,#403,#404,#405,#406,#407,#408,#409,#410,#411,#412,#413,#414,
#415,#416,#417,#418,#419,#420,#421,#422,#423,#424,#425,#426,#427,#428,#429,
#430,#431,#432,#433,#434,#435,#436,#437,#438,#439,#440,#441,#442,#443,#444,
#445,#446,#447,#448,#449,#450,#451,#452,#453,#454,#455,#456,#457,#458,#459,
#460,#461,#462,#463,#464,#465,#466,#467,#468,#469,#470,#471,#472,#473,#474,
#475,#476,#477,#478,#479,#480,#481,#482,#483,#484,#485,#486,#487,#488,#489,
#490,#491,#492,#493,#494,#495,#496,#497,#498,#499,#500,#501,#502,#503,#504,
#505,#506,#507,#508,#509,#510,#511,#512,#513,#514,#515,#516,#517,#518,#519,
#520,#521,#522,#523,#524,#525,#526,#527,#528,#529,#530,#531,#532,#533,#534,
#535,#536,#537,#538,#539,#540,#541,#542,#543,#544,#545,#546,#547,#548,#549,
#550,#551,#552,#553,#554,#555,#556,#557,#558,#559,#560,#561,#562,#563,#564,
#565,#566,#567,#568,#569,#570,#571,#572,#573,#574,#575,#576,#577,#578,#579,
#580,#581,#582,#583,#584,#585,#586,#587,#588,#589,#590,#591,#592,#593,#594,
#595,#596,#597,#598,#599,#600,#601,#602,#603,#604),#14613);
#11=ITEM_DEFINED_TRANSFORMATION($,$,#8308,#8786);
#12=ITEM_DEFINED_TRANSFORMATION($,$,#8307,#8787);
#13=(
REPRESENTATION_RELATIONSHIP($,$,#14628,#14627)
REPRESENTATION_RELATIONSHIP_WITH_TRANSFORMATION(#11)
SHAPE_REPRESENTATION_RELATIONSHIP()
);
#14=(
REPRESENTATION_RELATIONSHIP($,$,#14627,#14626)
REPRESENTATION_RELATIONSHIP_WITH_TRANSFORMATION(#12)
SHAPE_REPRESENTATION_RELATIONSHIP()
);
#15=CONTEXT_DEPENDENT_SHAPE_REPRESENTATION(#13,#14624);
#16=CONTEXT_DEPENDENT_SHAPE_REPRESENTATION(#14,#14625);
#17=NEXT_ASSEMBLY_USAGE_OCCURRENCE('COMPOUND:1','COMPOUND:1',
'COMPOUND:1',#14631,#14632,'COMPOUND:1');
#18=NEXT_ASSEMBLY_USAGE_OCCURRENCE('2w3i-SW2-SW-TH_TK-6580A8-1:1',
'2w3i-SW2-SW-TH_TK-6580A8-1:1','2w3i-SW2-SW-TH_TK-6580A8-1:1',#14630,#14631,
'2w3i-SW2-SW-TH_TK-6580A8-1:1');
#19=SHAPE_REPRESENTATION_RELATIONSHIP('SRR','None',#14628,#20);
#20=ADVANCED_BREP_SHAPE_REPRESENTATION('',(#605,#606,#607,#608,#609,#610,
#611,#612,#613,#614,#615,#616,#617,#618,#619,#620,#621,#622),#14612);
#21=ELLIPSE('',#8576,2.13259906397988,0.431658897214507);
#22=ELLIPSE('',#8577,2.13259906397988,0.431658897214507);
#23=ELLIPSE('',#8578,6.71272790679019,0.653454920639769);
#24=ELLIPSE('',#8579,6.71272790679019,0.653454920639769);
#25=ELLIPSE('',#8581,1.54675064292864,0.283807484348784);
#26=ELLIPSE('',#8582,1.54675064292864,0.283807484348784);
#27=ELLIPSE('',#8583,10.6901741584094,0.977373641537123);
#28=ELLIPSE('',#8584,10.6901741584094,0.977373641537123);
#29=ELLIPSE('',#8602,20.9086023682645,1.44805153107835);
#30=ELLIPSE('',#8603,26.820485114144,1.55964647959546);
#31=ELLIPSE('',#8604,16.4293999220464,1.08640928200616);
#32=ELLIPSE('',#8605,5.36362557182626,0.556302652095081);
#33=ELLIPSE('',#8606,8.3768536791011,0.737406623004243);
#34=ELLIPSE('',#8607,10.1679743999741,0.824528020032253);
#35=ELLIPSE('',#8609,26.820485114144,1.55964647959546);
#36=ELLIPSE('',#8610,20.9086023682645,1.44805153107835);
#37=ELLIPSE('',#8611,10.1679743999741,0.824528020032253);
#38=ELLIPSE('',#8612,8.3768536791011,0.737406623004243);
#39=ELLIPSE('',#8613,5.36362557182626,0.556302652095081);
#40=ELLIPSE('',#8614,16.4293999220464,1.08640928200616);
#41=ELLIPSE('',#8650,13.0627639682687,0.539566898538883);
#42=ELLIPSE('',#8651,5.99271928512714,0.489382434429439);
#43=ELLIPSE('',#8652,4.19594295330325,0.433557863774328);
#44=ELLIPSE('',#8653,0.633135354522238,0.113883663034839);
#45=ELLIPSE('',#8654,1.07383906257938,0.191268429059801);
#46=ELLIPSE('',#8655,0.946175892944335,0.149303946792091);
#47=ELLIPSE('',#8657,4.19594295330325,0.433557863774328);
#48=ELLIPSE('',#8658,5.99271928512714,0.489382434429439);
#49=ELLIPSE('',#8659,13.0627639682687,0.539566898538883);
#50=ELLIPSE('',#8660,0.633135354522238,0.113883663034839);
#51=ELLIPSE('',#8661,0.946175892944335,0.149303946792091);
#52=ELLIPSE('',#8662,1.07383906257938,0.191268429059801);
#53=ELLIPSE('',#8672,5.06254233417658,0.602133106743964);
#54=ELLIPSE('',#8673,5.06254233417658,0.602133106743964);
#55=ELLIPSE('',#8674,1.89407265622512,0.314173304288335);
#56=ELLIPSE('',#8675,1.89407265622512,0.314173304288335);
#57=ELLIPSE('',#8676,1.78182337872265,0.246004260879106);
#58=ELLIPSE('',#8677,1.78182337872265,0.246004260879106);
#59=ELLIPSE('',#8678,2.47304298645098,0.284400413712892);
#60=ELLIPSE('',#8679,2.47304298645098,0.284400413712892);
#61=ELLIPSE('',#8680,0.415130291639581,0.0717613799007042);
#62=ELLIPSE('',#8681,0.415130291639581,0.0717613799007042);
#63=ELLIPSE('',#8682,1.48264126192737,0.057427367816633);
#64=ELLIPSE('',#8683,1.48264126192737,0.057427367816633);
#65=ELLIPSE('',#8684,0.16187605265213,0.0499101634340389);
#66=ELLIPSE('',#8685,0.16187605265213,0.0499101634340389);
#67=ELLIPSE('',#8687,0.747448395062275,0.158598580392642);
#68=ELLIPSE('',#8688,0.747448395062275,0.158598580392642);
#69=ELLIPSE('',#8689,0.79769628581447,0.0896551161029762);
#70=ELLIPSE('',#8690,0.79769628581447,0.0896551161029762);
#71=ELLIPSE('',#8691,0.314705091287797,0.0291855600921639);
#72=ELLIPSE('',#8692,0.314705091287797,0.0291855600921639);
#73=ELLIPSE('',#8693,10.3780677036441,0.395524920975533);
#74=ELLIPSE('',#8694,10.3780677036441,0.395524920975533);
#75=ELLIPSE('',#8706,0.0802017534864931,0.0334142201483403);
#76=ELLIPSE('',#8707,0.0802017534864931,0.0334142201483403);
#77=ELLIPSE('',#8726,20.9086022963733,1.4480515284774);
#78=ELLIPSE('',#8727,26.8204827991468,1.55964641227201);
#79=ELLIPSE('',#8728,16.4293970033326,1.08640918535012);
#80=ELLIPSE('',#8729,5.36362605946647,0.556302677428091);
#81=ELLIPSE('',#8730,8.37685403873348,0.737406638793742);
#82=ELLIPSE('',#8731,10.1679750295486,0.824528045518605);
#83=ELLIPSE('',#8733,26.8204827991468,1.55964641227201);
#84=ELLIPSE('',#8734,20.9086022963733,1.4480515284774);
#85=ELLIPSE('',#8735,10.1679750295486,0.824528045518605);
#86=ELLIPSE('',#8736,8.37685403873348,0.737406638793742);
#87=ELLIPSE('',#8737,5.36362605946647,0.556302677428091);
#88=ELLIPSE('',#8738,16.4293970033326,1.08640918535012);
#89=ELLIPSE('',#8760,0.293514682521381,0.245961801928328);
#90=ELLIPSE('',#8761,0.319286719004218,0.298468942775293);
#91=ELLIPSE('',#8762,0.503770828287052,0.382858638033044);
#92=ELLIPSE('',#8763,0.270477715420812,0.250601994099026);
#93=ELLIPSE('',#8764,0.231787003074456,0.228570280859249);
#94=ELLIPSE('',#8765,0.228316959418,0.219614635956939);
#95=ELLIPSE('',#8766,1.09413019350055,0.501270728047449);
#96=ELLIPSE('',#8767,0.248296511152941,0.222341026461335);
#97=ELLIPSE('',#8768,0.20279512466558,0.200555439761756);
#98=ELLIPSE('',#8770,0.20279512466558,0.200555439761756);
#99=ELLIPSE('',#8771,0.248296511152941,0.222341026461335);
#100=ELLIPSE('',#8772,1.09413019350055,0.501270728047449);
#101=ELLIPSE('',#8773,0.228316959418,0.219614635956939);
#102=ELLIPSE('',#8774,0.231787003074456,0.228570280859249);
#103=ELLIPSE('',#8775,0.270477715420812,0.250601994099026);
#104=ELLIPSE('',#8776,0.503770828287052,0.382858638033044);
#105=ELLIPSE('',#8777,0.319286719004218,0.298468942775293);
#106=ELLIPSE('',#8778,0.293514682521381,0.245961801928328);
#107=SPHERICAL_SURFACE('',#8550,0.09999988655966);
#108=SPHERICAL_SURFACE('',#8552,0.09999988655966);
#109=SPHERICAL_SURFACE('',#8562,0.09999988655966);
#110=SPHERICAL_SURFACE('',#8564,0.09999988655966);
#111=B_SPLINE_SURFACE_WITH_KNOTS('',3,1,((#11798,#11799),(#11800,#11801),
(#11802,#11803),(#11804,#11805),(#11806,#11807)),.UNSPECIFIED.,.F.,.F.,
 .F.,(4,1,4),(2,2),(0.,0.445878683459,1.),(0.,0.00119999863871556),
 .UNSPECIFIED.);
#112=B_SPLINE_SURFACE_WITH_KNOTS('',3,1,((#11815,#11816),(#11817,#11818),
(#11819,#11820),(#11821,#11822),(#11823,#11824)),.UNSPECIFIED.,.F.,.F.,
 .F.,(4,1,4),(2,2),(0.,0.439928498486,1.),(0.,0.00119999863871556),
 .UNSPECIFIED.);
#113=B_SPLINE_SURFACE_WITH_KNOTS('',3,1,((#11840,#11841),(#11842,#11843),
(#11844,#11845),(#11846,#11847),(#11848,#11849)),.UNSPECIFIED.,.F.,.F.,
 .F.,(4,1,4),(2,2),(0.,0.555030671482,1.),(0.,0.00119999863871556),
 .UNSPECIFIED.);
#114=B_SPLINE_SURFACE_WITH_KNOTS('',3,1,((#11857,#11858),(#11859,#11860),
(#11861,#11862),(#11863,#11864),(#11865,#11866)),.UNSPECIFIED.,.F.,.F.,
 .F.,(4,1,4),(2,2),(0.,0.558844273787,1.),(0.,0.00119999863871556),
 .UNSPECIFIED.);
#115=B_SPLINE_SURFACE_WITH_KNOTS('',3,1,((#11895,#11896),(#11897,#11898),
(#11899,#11900),(#11901,#11902),(#11903,#11904)),.UNSPECIFIED.,.F.,.F.,
 .F.,(4,1,4),(2,2),(0.,0.445607266854,1.),(0.,0.00119999863871556),
 .UNSPECIFIED.);
#116=B_SPLINE_SURFACE_WITH_KNOTS('',3,1,((#11926,#11927),(#11928,#11929),
(#11930,#11931),(#11932,#11933),(#11934,#11935)),.UNSPECIFIED.,.F.,.F.,
 .F.,(4,1,4),(2,2),(0.,0.444566447868,1.),(0.,0.00119999863871556),
 .UNSPECIFIED.);
#117=B_SPLINE_SURFACE_WITH_KNOTS('',3,1,((#11990,#11991),(#11992,#11993),
(#11994,#11995),(#11996,#11997),(#11998,#11999)),.UNSPECIFIED.,.F.,.F.,
 .F.,(4,1,4),(2,2),(0.,0.559563343976,1.),(0.,0.00119999863871556),
 .UNSPECIFIED.);
#118=B_SPLINE_SURFACE_WITH_KNOTS('',3,1,((#12013,#12014),(#12015,#12016),
(#12017,#12018),(#12019,#12020),(#12021,#12022)),.UNSPECIFIED.,.F.,.F.,
 .F.,(4,1,4),(2,2),(0.,0.56022612384,1.),(0.,0.00119999863871556),
 .UNSPECIFIED.);
#119=B_SPLINE_SURFACE_WITH_KNOTS('',3,1,((#12030,#12031),(#12032,#12033),
(#12034,#12035),(#12036,#12037),(#12038,#12039)),.UNSPECIFIED.,.F.,.F.,
 .F.,(4,1,4),(2,2),(0.,0.557416694326,1.),(0.,0.00119999863871556),
 .UNSPECIFIED.);
#120=B_SPLINE_SURFACE_WITH_KNOTS('',3,1,((#12047,#12048),(#12049,#12050),
(#12051,#12052),(#12053,#12054),(#12055,#12056)),.UNSPECIFIED.,.F.,.F.,
 .F.,(4,1,4),(2,2),(0.,0.554682747965,1.),(0.,0.00119999863871544),
 .UNSPECIFIED.);
#121=B_SPLINE_SURFACE_WITH_KNOTS('',3,1,((#12064,#12065),(#12066,#12067),
(#12068,#12069),(#12070,#12071),(#12072,#12073)),.UNSPECIFIED.,.F.,.F.,
 .F.,(4,1,4),(2,2),(0.,0.559109857134,1.),(0.,0.00119999863871544),
 .UNSPECIFIED.);
#122=B_SPLINE_SURFACE_WITH_KNOTS('',3,1,((#12085,#12086),(#12087,#12088),
(#12089,#12090),(#12091,#12092),(#12093,#12094)),.UNSPECIFIED.,.F.,.F.,
 .F.,(4,1,4),(2,2),(0.,0.559989771373,1.),(0.,0.00119999863871544),
 .UNSPECIFIED.);
#123=B_SPLINE_SURFACE_WITH_KNOTS('',3,1,((#12102,#12103),(#12104,#12105),
(#12106,#12107),(#12108,#12109),(#12110,#12111)),.UNSPECIFIED.,.F.,.F.,
 .F.,(4,1,4),(2,2),(0.,0.559051801802,1.),(0.,0.00119999863871556),
 .UNSPECIFIED.);
#124=B_SPLINE_SURFACE_WITH_KNOTS('',3,1,((#12119,#12120),(#12121,#12122),
(#12123,#12124),(#12125,#12126),(#12127,#12128)),.UNSPECIFIED.,.F.,.F.,
 .F.,(4,1,4),(2,2),(0.,0.55381108961,1.),(0.,0.00119999863871556),
 .UNSPECIFIED.);
#125=B_SPLINE_SURFACE_WITH_KNOTS('',3,1,((#12350,#12351),(#12352,#12353),
(#12354,#12355),(#12356,#12357)),.UNSPECIFIED.,.F.,.F.,.F.,(4,4),(2,2),
(0.,1.),(0.,0.000119999863920039),.UNSPECIFIED.);
#126=B_SPLINE_SURFACE_WITH_KNOTS('',3,1,((#12378,#12379),(#12380,#12381),
(#12382,#12383),(#12384,#12385)),.UNSPECIFIED.,.F.,.F.,.F.,(4,4),(2,2),
(12.,13.),(0.,0.000119999863920039),.UNSPECIFIED.);
#127=B_SPLINE_SURFACE_WITH_KNOTS('',3,1,((#12391,#12392),(#12393,#12394),
(#12395,#12396),(#12397,#12398)),.UNSPECIFIED.,.F.,.F.,.F.,(4,4),(2,2),
(11.,12.),(0.,0.000119999863920039),.UNSPECIFIED.);
#128=B_SPLINE_SURFACE_WITH_KNOTS('',3,1,((#12404,#12405),(#12406,#12407),
(#12408,#12409),(#12410,#12411)),.UNSPECIFIED.,.F.,.F.,.F.,(4,4),(2,2),
(10.,11.),(0.,0.000119999863920039),.UNSPECIFIED.);
#129=B_SPLINE_SURFACE_WITH_KNOTS('',3,1,((#12423,#12424),(#12425,#12426),
(#12427,#12428),(#12429,#12430)),.UNSPECIFIED.,.F.,.F.,.F.,(4,4),(2,2),
(9.,10.),(0.,0.000119999863920039),.UNSPECIFIED.);
#130=B_SPLINE_SURFACE_WITH_KNOTS('',3,1,((#12442,#12443),(#12444,#12445),
(#12446,#12447),(#12448,#12449)),.UNSPECIFIED.,.F.,.F.,.F.,(4,4),(2,2),
(8.,9.),(0.,0.000119999863920039),.UNSPECIFIED.);
#131=B_SPLINE_SURFACE_WITH_KNOTS('',3,1,((#12461,#12462),(#12463,#12464),
(#12465,#12466),(#12467,#12468)),.UNSPECIFIED.,.F.,.F.,.F.,(4,4),(2,2),
(7.,8.),(0.,0.000119999863920039),.UNSPECIFIED.);
#132=B_SPLINE_SURFACE_WITH_KNOTS('',3,1,((#12486,#12487),(#12488,#12489),
(#12490,#12491),(#12492,#12493)),.UNSPECIFIED.,.F.,.F.,.F.,(4,4),(2,2),
(5.,6.),(0.,0.000119999863920039),.UNSPECIFIED.);
#133=B_SPLINE_SURFACE_WITH_KNOTS('',3,1,((#12499,#12500),(#12501,#12502),
(#12503,#12504),(#12505,#12506)),.UNSPECIFIED.,.F.,.F.,.F.,(4,4),(2,2),
(4.,5.),(0.,0.000119999863920039),.UNSPECIFIED.);
#134=B_SPLINE_SURFACE_WITH_KNOTS('',3,1,((#12518,#12519),(#12520,#12521),
(#12522,#12523),(#12524,#12525)),.UNSPECIFIED.,.F.,.F.,.F.,(4,4),(2,2),
(3.,4.),(0.,0.000119999863920039),.UNSPECIFIED.);
#135=B_SPLINE_SURFACE_WITH_KNOTS('',3,1,((#12537,#12538),(#12539,#12540),
(#12541,#12542),(#12543,#12544)),.UNSPECIFIED.,.F.,.F.,.F.,(4,4),(2,2),
(2.,3.),(0.,0.000119999863920039),.UNSPECIFIED.);
#136=B_SPLINE_SURFACE_WITH_KNOTS('',3,1,((#12550,#12551),(#12552,#12553),
(#12554,#12555),(#12556,#12557)),.UNSPECIFIED.,.F.,.F.,.F.,(4,4),(2,2),
(1.,2.),(0.,0.000119999863920039),.UNSPECIFIED.);
#137=B_SPLINE_SURFACE_WITH_KNOTS('',3,1,((#12715,#12716),(#12717,#12718),
(#12719,#12720),(#12721,#12722)),.UNSPECIFIED.,.F.,.F.,.F.,(4,4),(2,2),
(5.,6.),(0.,0.000119999863920039),.UNSPECIFIED.);
#138=B_SPLINE_SURFACE_WITH_KNOTS('',3,1,((#12724,#12725),(#12726,#12727),
(#12728,#12729),(#12730,#12731)),.UNSPECIFIED.,.F.,.F.,.F.,(4,4),(2,2),
(4.,5.),(0.,0.000119999863920039),.UNSPECIFIED.);
#139=B_SPLINE_SURFACE_WITH_KNOTS('',3,1,((#12733,#12734),(#12735,#12736),
(#12737,#12738),(#12739,#12740)),.UNSPECIFIED.,.F.,.F.,.F.,(4,4),(2,2),
(3.,4.),(0.,0.000119999863920039),.UNSPECIFIED.);
#140=B_SPLINE_SURFACE_WITH_KNOTS('',3,1,((#12742,#12743),(#12744,#12745),
(#12746,#12747),(#12748,#12749)),.UNSPECIFIED.,.F.,.F.,.F.,(4,4),(2,2),
(2.,3.),(0.,0.000119999863920039),.UNSPECIFIED.);
#141=B_SPLINE_SURFACE_WITH_KNOTS('',3,1,((#12761,#12762),(#12763,#12764),
(#12765,#12766),(#12767,#12768)),.UNSPECIFIED.,.F.,.F.,.F.,(4,4),(2,2),
(2.,3.),(0.,0.000119999863920039),.UNSPECIFIED.);
#142=B_SPLINE_SURFACE_WITH_KNOTS('',3,1,((#12770,#12771),(#12772,#12773),
(#12774,#12775),(#12776,#12777)),.UNSPECIFIED.,.F.,.F.,.F.,(4,4),(2,2),
(3.,4.),(0.,0.000119999863920039),.UNSPECIFIED.);
#143=B_SPLINE_SURFACE_WITH_KNOTS('',3,1,((#12779,#12780),(#12781,#12782),
(#12783,#12784),(#12785,#12786)),.UNSPECIFIED.,.F.,.F.,.F.,(4,4),(2,2),
(4.,5.),(0.,0.000119999863920039),.UNSPECIFIED.);
#144=B_SPLINE_SURFACE_WITH_KNOTS('',3,1,((#12788,#12789),(#12790,#12791),
(#12792,#12793),(#12794,#12795)),.UNSPECIFIED.,.F.,.F.,.F.,(4,4),(2,2),
(5.,6.),(0.,0.000119999863920039),.UNSPECIFIED.);
#145=B_SPLINE_SURFACE_WITH_KNOTS('',3,1,((#12887,#12888),(#12889,#12890),
(#12891,#12892),(#12893,#12894)),.UNSPECIFIED.,.F.,.F.,.F.,(4,4),(2,2),
(1.,2.),(0.,0.000119999863920039),.UNSPECIFIED.);
#146=B_SPLINE_SURFACE_WITH_KNOTS('',3,1,((#12898,#12899),(#12900,#12901),
(#12902,#12903),(#12904,#12905)),.UNSPECIFIED.,.F.,.F.,.F.,(4,4),(2,2),
(3.,4.),(0.,0.000119999863920039),.UNSPECIFIED.);
#147=B_SPLINE_SURFACE_WITH_KNOTS('',3,1,((#13120,#13121),(#13122,#13123),
(#13124,#13125),(#13126,#13127)),.UNSPECIFIED.,.F.,.F.,.F.,(4,4),(2,2),
(0.,1.),(0.,0.000119999863920039),.UNSPECIFIED.);
#148=B_SPLINE_SURFACE_WITH_KNOTS('',3,1,((#13132,#13133),(#13134,#13135),
(#13136,#13137),(#13138,#13139)),.UNSPECIFIED.,.F.,.F.,.F.,(4,4),(2,2),
(12.,13.),(0.,0.000119999863920039),.UNSPECIFIED.);
#149=B_SPLINE_SURFACE_WITH_KNOTS('',3,1,((#13141,#13142),(#13143,#13144),
(#13145,#13146),(#13147,#13148)),.UNSPECIFIED.,.F.,.F.,.F.,(4,4),(2,2),
(11.,12.),(0.,0.000119999863920039),.UNSPECIFIED.);
#150=B_SPLINE_SURFACE_WITH_KNOTS('',3,1,((#13152,#13153),(#13154,#13155),
(#13156,#13157),(#13158,#13159)),.UNSPECIFIED.,.F.,.F.,.F.,(4,4),(2,2),
(9.,10.),(0.,0.000119999863920039),.UNSPECIFIED.);
#151=B_SPLINE_SURFACE_WITH_KNOTS('',3,1,((#13161,#13162),(#13163,#13164),
(#13165,#13166),(#13167,#13168)),.UNSPECIFIED.,.F.,.F.,.F.,(4,4),(2,2),
(8.,9.),(0.,0.000119999863920039),.UNSPECIFIED.);
#152=B_SPLINE_SURFACE_WITH_KNOTS('',3,1,((#13170,#13171),(#13172,#13173),
(#13174,#13175),(#13176,#13177)),.UNSPECIFIED.,.F.,.F.,.F.,(4,4),(2,2),
(7.,8.),(0.,0.000119999863920039),.UNSPECIFIED.);
#153=B_SPLINE_SURFACE_WITH_KNOTS('',3,1,((#13179,#13180),(#13181,#13182),
(#13183,#13184),(#13185,#13186)),.UNSPECIFIED.,.F.,.F.,.F.,(4,4),(2,2),
(6.,7.),(0.,0.000119999863920039),.UNSPECIFIED.);
#154=B_SPLINE_SURFACE_WITH_KNOTS('',3,1,((#13196,#13197),(#13198,#13199),
(#13200,#13201),(#13202,#13203)),.UNSPECIFIED.,.F.,.F.,.F.,(4,4),(2,2),
(1.,2.),(0.,0.000119999863920039),.UNSPECIFIED.);
#155=B_SPLINE_SURFACE_WITH_KNOTS('',3,1,((#13204,#13205),(#13206,#13207),
(#13208,#13209),(#13210,#13211)),.UNSPECIFIED.,.F.,.F.,.F.,(4,4),(2,2),
(0.,1.),(0.,0.000119999863920039),.UNSPECIFIED.);
#156=B_SPLINE_SURFACE_WITH_KNOTS('',3,1,((#13214,#13215),(#13216,#13217),
(#13218,#13219),(#13220,#13221)),.UNSPECIFIED.,.F.,.F.,.F.,(4,4),(2,2),
(1.,2.),(0.,0.000119999863920039),.UNSPECIFIED.);
#157=B_SPLINE_SURFACE_WITH_KNOTS('',3,1,((#13223,#13224),(#13225,#13226),
(#13227,#13228),(#13229,#13230)),.UNSPECIFIED.,.F.,.F.,.F.,(4,4),(2,2),
(2.,3.),(0.,0.000119999863920039),.UNSPECIFIED.);
#158=B_SPLINE_SURFACE_WITH_KNOTS('',3,1,((#13232,#13233),(#13234,#13235),
(#13236,#13237),(#13238,#13239)),.UNSPECIFIED.,.F.,.F.,.F.,(4,4),(2,2),
(3.,4.),(0.,0.000119999863920039),.UNSPECIFIED.);
#159=B_SPLINE_SURFACE_WITH_KNOTS('',3,1,((#13241,#13242),(#13243,#13244),
(#13245,#13246),(#13247,#13248)),.UNSPECIFIED.,.F.,.F.,.F.,(4,4),(2,2),
(4.,5.),(0.,0.000119999863920039),.UNSPECIFIED.);
#160=B_SPLINE_SURFACE_WITH_KNOTS('',3,1,((#13250,#13251),(#13252,#13253),
(#13254,#13255),(#13256,#13257)),.UNSPECIFIED.,.F.,.F.,.F.,(4,4),(2,2),
(5.,6.),(0.,0.000119999863920039),.UNSPECIFIED.);
#161=B_SPLINE_SURFACE_WITH_KNOTS('',3,1,((#13262,#13263),(#13264,#13265),
(#13266,#13267),(#13268,#13269)),.UNSPECIFIED.,.F.,.F.,.F.,(4,4),(2,2),
(0.,1.),(0.,0.000119999863920039),.UNSPECIFIED.);
#162=B_SPLINE_SURFACE_WITH_KNOTS('',3,1,((#13290,#13291),(#13292,#13293),
(#13294,#13295),(#13296,#13297)),.UNSPECIFIED.,.F.,.F.,.F.,(4,4),(2,2),
(19.,20.),(0.,0.000119999863920039),.UNSPECIFIED.);
#163=B_SPLINE_SURFACE_WITH_KNOTS('',3,1,((#13303,#13304),(#13305,#13306),
(#13307,#13308),(#13309,#13310)),.UNSPECIFIED.,.F.,.F.,.F.,(4,4),(2,2),
(18.,19.),(0.,0.000119999863920039),.UNSPECIFIED.);
#164=B_SPLINE_SURFACE_WITH_KNOTS('',3,1,((#13316,#13317),(#13318,#13319),
(#13320,#13321),(#13322,#13323)),.UNSPECIFIED.,.F.,.F.,.F.,(4,4),(2,2),
(17.,18.),(0.,0.000119999863920039),.UNSPECIFIED.);
#165=B_SPLINE_SURFACE_WITH_KNOTS('',3,1,((#13329,#13330),(#13331,#13332),
(#13333,#13334),(#13335,#13336)),.UNSPECIFIED.,.F.,.F.,.F.,(4,4),(2,2),
(16.,17.),(0.,0.000119999863920039),.UNSPECIFIED.);
#166=B_SPLINE_SURFACE_WITH_KNOTS('',3,1,((#13342,#13343),(#13344,#13345),
(#13346,#13347),(#13348,#13349)),.UNSPECIFIED.,.F.,.F.,.F.,(4,4),(2,2),
(15.,16.),(0.,0.000119999863920039),.UNSPECIFIED.);
#167=B_SPLINE_SURFACE_WITH_KNOTS('',3,1,((#13355,#13356),(#13357,#13358),
(#13359,#13360),(#13361,#13362)),.UNSPECIFIED.,.F.,.F.,.F.,(4,4),(2,2),
(14.,15.),(0.,0.000119999863920039),.UNSPECIFIED.);
#168=B_SPLINE_SURFACE_WITH_KNOTS('',3,1,((#13368,#13369),(#13370,#13371),
(#13372,#13373),(#13374,#13375)),.UNSPECIFIED.,.F.,.F.,.F.,(4,4),(2,2),
(13.,14.),(0.,0.000119999863920039),.UNSPECIFIED.);
#169=B_SPLINE_SURFACE_WITH_KNOTS('',3,1,((#13387,#13388),(#13389,#13390),
(#13391,#13392),(#13393,#13394)),.UNSPECIFIED.,.F.,.F.,.F.,(4,4),(2,2),
(12.,13.),(0.,0.000119999863920039),.UNSPECIFIED.);
#170=B_SPLINE_SURFACE_WITH_KNOTS('',3,1,((#13400,#13401),(#13402,#13403),
(#13404,#13405),(#13406,#13407)),.UNSPECIFIED.,.F.,.F.,.F.,(4,4),(2,2),
(11.,12.),(0.,0.000119999863920039),.UNSPECIFIED.);
#171=B_SPLINE_SURFACE_WITH_KNOTS('',3,1,((#13419,#13420),(#13421,#13422),
(#13423,#13424),(#13425,#13426)),.UNSPECIFIED.,.F.,.F.,.F.,(4,4),(2,2),
(10.,11.),(0.,0.000119999863920039),.UNSPECIFIED.);
#172=B_SPLINE_SURFACE_WITH_KNOTS('',3,1,((#13444,#13445),(#13446,#13447),
(#13448,#13449),(#13450,#13451)),.UNSPECIFIED.,.F.,.F.,.F.,(4,4),(2,2),
(8.,9.),(0.,0.000119999863920039),.UNSPECIFIED.);
#173=B_SPLINE_SURFACE_WITH_KNOTS('',3,1,((#13463,#13464),(#13465,#13466),
(#13467,#13468),(#13469,#13470)),.UNSPECIFIED.,.F.,.F.,.F.,(4,4),(2,2),
(7.,8.),(0.,0.000119999863920039),.UNSPECIFIED.);
#174=B_SPLINE_SURFACE_WITH_KNOTS('',3,1,((#13482,#13483),(#13484,#13485),
(#13486,#13487),(#13488,#13489)),.UNSPECIFIED.,.F.,.F.,.F.,(4,4),(2,2),
(6.,7.),(0.,0.000119999863920039),.UNSPECIFIED.);
#175=B_SPLINE_SURFACE_WITH_KNOTS('',3,1,((#13501,#13502),(#13503,#13504),
(#13505,#13506),(#13507,#13508)),.UNSPECIFIED.,.F.,.F.,.F.,(4,4),(2,2),
(5.,6.),(0.,0.000119999863920039),.UNSPECIFIED.);
#176=B_SPLINE_SURFACE_WITH_KNOTS('',3,1,((#13514,#13515),(#13516,#13517),
(#13518,#13519),(#13520,#13521)),.UNSPECIFIED.,.F.,.F.,.F.,(4,4),(2,2),
(4.,5.),(0.,0.000119999863920039),.UNSPECIFIED.);
#177=B_SPLINE_SURFACE_WITH_KNOTS('',3,1,((#13527,#13528),(#13529,#13530),
(#13531,#13532),(#13533,#13534)),.UNSPECIFIED.,.F.,.F.,.F.,(4,4),(2,2),
(3.,4.),(0.,0.000119999863920039),.UNSPECIFIED.);
#178=B_SPLINE_SURFACE_WITH_KNOTS('',3,1,((#13540,#13541),(#13542,#13543),
(#13544,#13545),(#13546,#13547)),.UNSPECIFIED.,.F.,.F.,.F.,(4,4),(2,2),
(2.,3.),(0.,0.000119999863920039),.UNSPECIFIED.);
#179=B_SPLINE_SURFACE_WITH_KNOTS('',3,1,((#13559,#13560),(#13561,#13562),
(#13563,#13564),(#13565,#13566)),.UNSPECIFIED.,.F.,.F.,.F.,(4,4),(2,2),
(1.,2.),(0.,0.000119999863920039),.UNSPECIFIED.);
#180=B_SPLINE_SURFACE_WITH_KNOTS('',3,1,((#13586,#13587),(#13588,#13589),
(#13590,#13591),(#13592,#13593)),.UNSPECIFIED.,.F.,.F.,.F.,(4,4),(2,2),
(12.,13.),(0.,0.000119999863920039),.UNSPECIFIED.);
#181=B_SPLINE_SURFACE_WITH_KNOTS('',3,1,((#13641,#13642),(#13643,#13644),
(#13645,#13646),(#13647,#13648)),.UNSPECIFIED.,.F.,.F.,.F.,(4,4),(2,2),
(5.,6.),(0.,0.000119999863920039),.UNSPECIFIED.);
#182=B_SPLINE_SURFACE_WITH_KNOTS('',3,1,((#13660,#13661),(#13662,#13663),
(#13664,#13665),(#13666,#13667)),.UNSPECIFIED.,.F.,.F.,.F.,(4,4),(2,2),
(4.,5.),(0.,0.000119999863920039),.UNSPECIFIED.);
#183=B_SPLINE_SURFACE_WITH_KNOTS('',3,1,((#13685,#13686),(#13687,#13688),
(#13689,#13690),(#13691,#13692)),.UNSPECIFIED.,.F.,.F.,.F.,(4,4),(2,2),
(2.,3.),(0.,0.000119999863920039),.UNSPECIFIED.);
#184=B_SPLINE_SURFACE_WITH_KNOTS('',3,1,((#13698,#13699),(#13700,#13701),
(#13702,#13703),(#13704,#13705)),.UNSPECIFIED.,.F.,.F.,.F.,(4,4),(2,2),
(1.,2.),(0.,0.000119999863920039),.UNSPECIFIED.);
#185=B_SPLINE_SURFACE_WITH_KNOTS('',3,1,((#13869,#13870),(#13871,#13872),
(#13873,#13874),(#13875,#13876)),.UNSPECIFIED.,.F.,.F.,.F.,(4,4),(2,2),
(5.,6.),(0.,0.000119999863920039),.UNSPECIFIED.);
#186=B_SPLINE_SURFACE_WITH_KNOTS('',3,1,((#13878,#13879),(#13880,#13881),
(#13882,#13883),(#13884,#13885)),.UNSPECIFIED.,.F.,.F.,.F.,(4,4),(2,2),
(4.,5.),(0.,0.000119999863920039),.UNSPECIFIED.);
#187=B_SPLINE_SURFACE_WITH_KNOTS('',3,1,((#13887,#13888),(#13889,#13890),
(#13891,#13892),(#13893,#13894)),.UNSPECIFIED.,.F.,.F.,.F.,(4,4),(2,2),
(3.,4.),(0.,0.000119999863920039),.UNSPECIFIED.);
#188=B_SPLINE_SURFACE_WITH_KNOTS('',3,1,((#13896,#13897),(#13898,#13899),
(#13900,#13901),(#13902,#13903)),.UNSPECIFIED.,.F.,.F.,.F.,(4,4),(2,2),
(2.,3.),(0.,0.000119999863920039),.UNSPECIFIED.);
#189=B_SPLINE_SURFACE_WITH_KNOTS('',3,1,((#13915,#13916),(#13917,#13918),
(#13919,#13920),(#13921,#13922)),.UNSPECIFIED.,.F.,.F.,.F.,(4,4),(2,2),
(2.,3.),(0.,0.000119999863920039),.UNSPECIFIED.);
#190=B_SPLINE_SURFACE_WITH_KNOTS('',3,1,((#13924,#13925),(#13926,#13927),
(#13928,#13929),(#13930,#13931)),.UNSPECIFIED.,.F.,.F.,.F.,(4,4),(2,2),
(3.,4.),(0.,0.000119999863920039),.UNSPECIFIED.);
#191=B_SPLINE_SURFACE_WITH_KNOTS('',3,1,((#13933,#13934),(#13935,#13936),
(#13937,#13938),(#13939,#13940)),.UNSPECIFIED.,.F.,.F.,.F.,(4,4),(2,2),
(4.,5.),(0.,0.000119999863920039),.UNSPECIFIED.);
#192=B_SPLINE_SURFACE_WITH_KNOTS('',3,1,((#13942,#13943),(#13944,#13945),
(#13946,#13947),(#13948,#13949)),.UNSPECIFIED.,.F.,.F.,.F.,(4,4),(2,2),
(5.,6.),(0.,0.000119999863920039),.UNSPECIFIED.);
#193=B_SPLINE_SURFACE_WITH_KNOTS('',3,1,((#14041,#14042),(#14043,#14044),
(#14045,#14046),(#14047,#14048)),.UNSPECIFIED.,.F.,.F.,.F.,(4,4),(2,2),
(1.,2.),(0.,0.000119999863920039),.UNSPECIFIED.);
#194=B_SPLINE_SURFACE_WITH_KNOTS('',3,1,((#14052,#14053),(#14054,#14055),
(#14056,#14057),(#14058,#14059)),.UNSPECIFIED.,.F.,.F.,.F.,(4,4),(2,2),
(3.,4.),(0.,0.000119999863920039),.UNSPECIFIED.);
#195=B_SPLINE_SURFACE_WITH_KNOTS('',3,1,((#14328,#14329),(#14330,#14331),
(#14332,#14333),(#14334,#14335)),.UNSPECIFIED.,.F.,.F.,.F.,(4,4),(2,2),
(35.,36.),(0.,0.000119999863920039),.UNSPECIFIED.);
#196=B_SPLINE_SURFACE_WITH_KNOTS('',3,1,((#14338,#14339),(#14340,#14341),
(#14342,#14343),(#14344,#14345)),.UNSPECIFIED.,.F.,.F.,.F.,(4,4),(2,2),
(0.,1.),(0.,0.000119999863920039),.UNSPECIFIED.);
#197=B_SPLINE_SURFACE_WITH_KNOTS('',3,1,((#14347,#14348),(#14349,#14350),
(#14351,#14352),(#14353,#14354)),.UNSPECIFIED.,.F.,.F.,.F.,(4,4),(2,2),
(1.,2.),(0.,0.000119999863920039),.UNSPECIFIED.);
#198=B_SPLINE_SURFACE_WITH_KNOTS('',3,1,((#14356,#14357),(#14358,#14359),
(#14360,#14361),(#14362,#14363)),.UNSPECIFIED.,.F.,.F.,.F.,(4,4),(2,2),
(2.,3.),(0.,0.000119999863920039),.UNSPECIFIED.);
#199=B_SPLINE_SURFACE_WITH_KNOTS('',3,1,((#14365,#14366),(#14367,#14368),
(#14369,#14370),(#14371,#14372)),.UNSPECIFIED.,.F.,.F.,.F.,(4,4),(2,2),
(3.,4.),(0.,0.000119999863920039),.UNSPECIFIED.);
#200=B_SPLINE_SURFACE_WITH_KNOTS('',3,1,((#14374,#14375),(#14376,#14377),
(#14378,#14379),(#14380,#14381)),.UNSPECIFIED.,.F.,.F.,.F.,(4,4),(2,2),
(4.,5.),(0.,0.000119999863920039),.UNSPECIFIED.);
#201=B_SPLINE_SURFACE_WITH_KNOTS('',3,1,((#14383,#14384),(#14385,#14386),
(#14387,#14388),(#14389,#14390)),.UNSPECIFIED.,.F.,.F.,.F.,(4,4),(2,2),
(5.,6.),(0.,0.000119999863920039),.UNSPECIFIED.);
#202=B_SPLINE_SURFACE_WITH_KNOTS('',3,1,((#14392,#14393),(#14394,#14395),
(#14396,#14397),(#14398,#14399)),.UNSPECIFIED.,.F.,.F.,.F.,(4,4),(2,2),
(6.,7.),(0.,0.000119999863920039),.UNSPECIFIED.);
#203=B_SPLINE_SURFACE_WITH_KNOTS('',3,1,((#14401,#14402),(#14403,#14404),
(#14405,#14406),(#14407,#14408)),.UNSPECIFIED.,.F.,.F.,.F.,(4,4),(2,2),
(7.,8.),(0.,0.000119999863920039),.UNSPECIFIED.);
#204=B_SPLINE_SURFACE_WITH_KNOTS('',3,1,((#14410,#14411),(#14412,#14413),
(#14414,#14415),(#14416,#14417)),.UNSPECIFIED.,.F.,.F.,.F.,(4,4),(2,2),
(8.,9.),(0.,0.000119999863920039),.UNSPECIFIED.);
#205=B_SPLINE_SURFACE_WITH_KNOTS('',3,1,((#14419,#14420),(#14421,#14422),
(#14423,#14424),(#14425,#14426)),.UNSPECIFIED.,.F.,.F.,.F.,(4,4),(2,2),
(9.,10.),(0.,0.000119999863920039),.UNSPECIFIED.);
#206=B_SPLINE_SURFACE_WITH_KNOTS('',3,1,((#14428,#14429),(#14430,#14431),
(#14432,#14433),(#14434,#14435)),.UNSPECIFIED.,.F.,.F.,.F.,(4,4),(2,2),
(10.,11.),(0.,0.000119999863920039),.UNSPECIFIED.);
#207=B_SPLINE_SURFACE_WITH_KNOTS('',3,1,((#14445,#14446),(#14447,#14448),
(#14449,#14450),(#14451,#14452)),.UNSPECIFIED.,.F.,.F.,.F.,(4,4),(2,2),
(15.,16.),(0.,0.000119999863920039),.UNSPECIFIED.);
#208=B_SPLINE_SURFACE_WITH_KNOTS('',3,1,((#14454,#14455),(#14456,#14457),
(#14458,#14459),(#14460,#14461)),.UNSPECIFIED.,.F.,.F.,.F.,(4,4),(2,2),
(16.,17.),(0.,0.000119999863920039),.UNSPECIFIED.);
#209=B_SPLINE_SURFACE_WITH_KNOTS('',3,1,((#14463,#14464),(#14465,#14466),
(#14467,#14468),(#14469,#14470)),.UNSPECIFIED.,.F.,.F.,.F.,(4,4),(2,2),
(17.,18.),(0.,0.000119999863920039),.UNSPECIFIED.);
#210=B_SPLINE_SURFACE_WITH_KNOTS('',3,1,((#14472,#14473),(#14474,#14475),
(#14476,#14477),(#14478,#14479)),.UNSPECIFIED.,.F.,.F.,.F.,(4,4),(2,2),
(18.,19.),(0.,0.000119999863920039),.UNSPECIFIED.);
#211=B_SPLINE_SURFACE_WITH_KNOTS('',3,1,((#14481,#14482),(#14483,#14484),
(#14485,#14486),(#14487,#14488)),.UNSPECIFIED.,.F.,.F.,.F.,(4,4),(2,2),
(19.,20.),(0.,0.000119999863920039),.UNSPECIFIED.);
#212=B_SPLINE_SURFACE_WITH_KNOTS('',3,1,((#14490,#14491),(#14492,#14493),
(#14494,#14495),(#14496,#14497)),.UNSPECIFIED.,.F.,.F.,.F.,(4,4),(2,2),
(20.,21.),(0.,0.000119999863920039),.UNSPECIFIED.);
#213=B_SPLINE_SURFACE_WITH_KNOTS('',3,1,((#14499,#14500),(#14501,#14502),
(#14503,#14504),(#14505,#14506)),.UNSPECIFIED.,.F.,.F.,.F.,(4,4),(2,2),
(21.,22.),(0.,0.000119999863920039),.UNSPECIFIED.);
#214=B_SPLINE_SURFACE_WITH_KNOTS('',3,1,((#14510,#14511),(#14512,#14513),
(#14514,#14515),(#14516,#14517)),.UNSPECIFIED.,.F.,.F.,.F.,(4,4),(2,2),
(23.,24.),(0.,0.000119999863920039),.UNSPECIFIED.);
#215=B_SPLINE_SURFACE_WITH_KNOTS('',3,1,((#14519,#14520),(#14521,#14522),
(#14523,#14524),(#14525,#14526)),.UNSPECIFIED.,.F.,.F.,.F.,(4,4),(2,2),
(24.,25.),(0.,0.000119999863920039),.UNSPECIFIED.);
#216=B_SPLINE_SURFACE_WITH_KNOTS('',3,1,((#14530,#14531),(#14532,#14533),
(#14534,#14535),(#14536,#14537)),.UNSPECIFIED.,.F.,.F.,.F.,(4,4),(2,2),
(26.,27.),(0.,0.000119999863920039),.UNSPECIFIED.);
#217=B_SPLINE_SURFACE_WITH_KNOTS('',3,1,((#14539,#14540),(#14541,#14542),
(#14543,#14544),(#14545,#14546)),.UNSPECIFIED.,.F.,.F.,.F.,(4,4),(2,2),
(27.,28.),(0.,0.000119999863920039),.UNSPECIFIED.);
#218=B_SPLINE_SURFACE_WITH_KNOTS('',3,1,((#14548,#14549),(#14550,#14551),
(#14552,#14553),(#14554,#14555)),.UNSPECIFIED.,.F.,.F.,.F.,(4,4),(2,2),
(28.,29.),(0.,0.000119999863920039),.UNSPECIFIED.);
#219=B_SPLINE_SURFACE_WITH_KNOTS('',3,1,((#14559,#14560),(#14561,#14562),
(#14563,#14564),(#14565,#14566)),.UNSPECIFIED.,.F.,.F.,.F.,(4,4),(2,2),
(33.,34.),(0.,0.000119999863920039),.UNSPECIFIED.);
#220=B_SPLINE_SURFACE_WITH_KNOTS('',3,1,((#14568,#14569),(#14570,#14571),
(#14572,#14573),(#14574,#14575)),.UNSPECIFIED.,.F.,.F.,.F.,(4,4),(2,2),
(34.,35.),(0.,0.000119999863920039),.UNSPECIFIED.);
#221=B_SPLINE_SURFACE_WITH_KNOTS('',3,1,((#14576,#14577),(#14578,#14579),
(#14580,#14581),(#14582,#14583),(#14584,#14585),(#14586,#14587),(#14588,
#14589)),.UNSPECIFIED.,.F.,.F.,.F.,(4,3,4),(2,2),(0.,1.,2.),(0.,0.000119999863920039),
 .UNSPECIFIED.);
#222=B_SPLINE_SURFACE_WITH_KNOTS('',3,1,((#14592,#14593),(#14594,#14595),
(#14596,#14597),(#14598,#14599),(#14600,#14601),(#14602,#14603)),
 .UNSPECIFIED.,.F.,.F.,.F.,(4,2,4),(2,2),(2.,3.,4.),(0.,0.000119999863920039),
 .UNSPECIFIED.);
#223=FACE_BOUND('',#1532,.T.);
#224=FACE_BOUND('',#1533,.T.);
#225=FACE_BOUND('',#1534,.T.);
#226=FACE_BOUND('',#1535,.T.);
#227=FACE_BOUND('',#1536,.T.);
#228=FACE_BOUND('',#1539,.T.);
#229=FACE_BOUND('',#1540,.T.);
#230=FACE_BOUND('',#1542,.T.);
#231=FACE_BOUND('',#1543,.T.);
#232=FACE_BOUND('',#1548,.T.);
#233=FACE_BOUND('',#1549,.T.);
#234=FACE_BOUND('',#1657,.T.);
#235=FACE_BOUND('',#1669,.T.);
#236=FACE_BOUND('',#1781,.T.);
#237=FACE_BOUND('',#1783,.T.);
#238=FACE_BOUND('',#1799,.T.);
#239=FACE_BOUND('',#1801,.T.);
#240=FACE_BOUND('',#1831,.T.);
#241=FACE_BOUND('',#1833,.T.);
#242=FACE_BOUND('',#1911,.T.);
#243=FACE_BOUND('',#1913,.T.);
#244=FACE_BOUND('',#1929,.T.);
#245=FACE_BOUND('',#1931,.T.);
#246=FACE_BOUND('',#1947,.T.);
#247=FACE_BOUND('',#1949,.T.);
#248=STYLED_ITEM('',(#14646),#605);
#249=STYLED_ITEM('',(#14647),#7847);
#250=STYLED_ITEM('',(#14647),#7848);
#251=STYLED_ITEM('',(#14647),#7849);
#252=STYLED_ITEM('',(#14647),#7850);
#253=STYLED_ITEM('',(#14647),#7851);
#254=STYLED_ITEM('',(#14647),#7852);
#255=STYLED_ITEM('',(#14647),#7853);
#256=STYLED_ITEM('',(#14647),#7854);
#257=STYLED_ITEM('',(#14647),#7855);
#258=STYLED_ITEM('',(#14647),#7856);
#259=STYLED_ITEM('',(#14647),#7857);
#260=STYLED_ITEM('',(#14647),#7858);
#261=STYLED_ITEM('',(#14647),#7859);
#262=STYLED_ITEM('',(#14647),#7860);
#263=STYLED_ITEM('',(#14647),#7861);
#264=STYLED_ITEM('',(#14647),#7862);
#265=STYLED_ITEM('',(#14647),#7863);
#266=STYLED_ITEM('',(#14647),#7864);
#267=STYLED_ITEM('',(#14648),#7865);
#268=STYLED_ITEM('',(#14648),#7866);
#269=STYLED_ITEM('',(#14648),#7867);
#270=STYLED_ITEM('',(#14648),#7868);
#271=STYLED_ITEM('',(#14648),#7869);
#272=STYLED_ITEM('',(#14648),#7870);
#273=STYLED_ITEM('',(#14648),#7871);
#274=STYLED_ITEM('',(#14648),#7872);
#275=STYLED_ITEM('',(#14648),#7873);
#276=STYLED_ITEM('',(#14648),#7874);
#277=STYLED_ITEM('',(#14648),#7875);
#278=STYLED_ITEM('',(#14648),#7876);
#279=STYLED_ITEM('',(#14648),#7877);
#280=STYLED_ITEM('',(#14648),#7878);
#281=STYLED_ITEM('',(#14648),#7879);
#282=STYLED_ITEM('',(#14648),#7880);
#283=STYLED_ITEM('',(#14648),#7881);
#284=STYLED_ITEM('',(#14648),#7882);
#285=STYLED_ITEM('',(#14648),#7883);
#286=STYLED_ITEM('',(#14648),#7884);
#287=STYLED_ITEM('',(#14648),#7885);
#288=STYLED_ITEM('',(#14648),#7886);
#289=STYLED_ITEM('',(#14648),#7887);
#290=STYLED_ITEM('',(#14648),#7888);
#291=STYLED_ITEM('',(#14648),#7889);
#292=STYLED_ITEM('',(#14648),#7890);
#293=STYLED_ITEM('',(#14648),#7891);
#294=STYLED_ITEM('',(#14648),#7892);
#295=STYLED_ITEM('',(#14648),#7893);
#296=STYLED_ITEM('',(#14648),#7894);
#297=STYLED_ITEM('',(#14648),#7895);
#298=STYLED_ITEM('',(#14648),#7896);
#299=STYLED_ITEM('',(#14648),#7897);
#300=STYLED_ITEM('',(#14648),#7898);
#301=STYLED_ITEM('',(#14648),#7899);
#302=STYLED_ITEM('',(#14648),#7900);
#303=STYLED_ITEM('',(#14648),#7901);
#304=STYLED_ITEM('',(#14648),#7902);
#305=STYLED_ITEM('',(#14648),#7903);
#306=STYLED_ITEM('',(#14648),#7904);
#307=STYLED_ITEM('',(#14648),#7905);
#308=STYLED_ITEM('',(#14648),#7906);
#309=STYLED_ITEM('',(#14648),#7907);
#310=STYLED_ITEM('',(#14648),#7908);
#311=STYLED_ITEM('',(#14648),#7909);
#312=STYLED_ITEM('',(#14648),#7910);
#313=STYLED_ITEM('',(#14648),#7911);
#314=STYLED_ITEM('',(#14648),#7912);
#315=STYLED_ITEM('',(#14648),#7913);
#316=STYLED_ITEM('',(#14648),#7914);
#317=STYLED_ITEM('',(#14648),#7915);
#318=STYLED_ITEM('',(#14648),#7916);
#319=STYLED_ITEM('',(#14648),#7917);
#320=STYLED_ITEM('',(#14648),#7918);
#321=STYLED_ITEM('',(#14648),#7919);
#322=STYLED_ITEM('',(#14648),#7920);
#323=STYLED_ITEM('',(#14648),#7921);
#324=STYLED_ITEM('',(#14648),#7922);
#325=STYLED_ITEM('',(#14648),#7923);
#326=STYLED_ITEM('',(#14648),#7924);
#327=STYLED_ITEM('',(#14648),#7925);
#328=STYLED_ITEM('',(#14648),#7926);
#329=STYLED_ITEM('',(#14648),#7927);
#330=STYLED_ITEM('',(#14648),#7928);
#331=STYLED_ITEM('',(#14648),#7929);
#332=STYLED_ITEM('',(#14648),#7930);
#333=STYLED_ITEM('',(#14648),#7931);
#334=STYLED_ITEM('',(#14648),#7932);
#335=STYLED_ITEM('',(#14648),#7933);
#336=STYLED_ITEM('',(#14648),#7934);
#337=STYLED_ITEM('',(#14648),#7935);
#338=STYLED_ITEM('',(#14648),#7936);
#339=STYLED_ITEM('',(#14648),#7937);
#340=STYLED_ITEM('',(#14648),#7938);
#341=STYLED_ITEM('',(#14648),#7939);
#342=STYLED_ITEM('',(#14648),#7940);
#343=STYLED_ITEM('',(#14648),#7941);
#344=STYLED_ITEM('',(#14648),#7942);
#345=STYLED_ITEM('',(#14648),#7943);
#346=STYLED_ITEM('',(#14648),#7944);
#347=STYLED_ITEM('',(#14648),#7945);
#348=STYLED_ITEM('',(#14648),#7946);
#349=STYLED_ITEM('',(#14648),#7947);
#350=STYLED_ITEM('',(#14648),#7948);
#351=STYLED_ITEM('',(#14648),#7949);
#352=STYLED_ITEM('',(#14648),#7950);
#353=STYLED_ITEM('',(#14648),#7951);
#354=STYLED_ITEM('',(#14648),#7952);
#355=STYLED_ITEM('',(#14647),#8009);
#356=STYLED_ITEM('',(#14647),#8010);
#357=STYLED_ITEM('',(#14646),#606);
#358=STYLED_ITEM('',(#14646),#607);
#359=STYLED_ITEM('',(#14646),#608);
#360=STYLED_ITEM('',(#14646),#609);
#361=STYLED_ITEM('',(#14649),#8045);
#362=STYLED_ITEM('',(#14649),#8046);
#363=STYLED_ITEM('',(#14649),#8047);
#364=STYLED_ITEM('',(#14649),#8048);
#365=STYLED_ITEM('',(#14649),#8049);
#366=STYLED_ITEM('',(#14649),#8050);
#367=STYLED_ITEM('',(#14649),#8051);
#368=STYLED_ITEM('',(#14649),#8052);
#369=STYLED_ITEM('',(#14646),#610);
#370=STYLED_ITEM('',(#14649),#8053);
#371=STYLED_ITEM('',(#14649),#8054);
#372=STYLED_ITEM('',(#14649),#8055);
#373=STYLED_ITEM('',(#14649),#8056);
#374=STYLED_ITEM('',(#14649),#8057);
#375=STYLED_ITEM('',(#14649),#8058);
#376=STYLED_ITEM('',(#14649),#8059);
#377=STYLED_ITEM('',(#14649),#8060);
#378=STYLED_ITEM('',(#14649),#8061);
#379=STYLED_ITEM('',(#14649),#8062);
#380=STYLED_ITEM('',(#14649),#8063);
#381=STYLED_ITEM('',(#14649),#8064);
#382=STYLED_ITEM('',(#14649),#8065);
#383=STYLED_ITEM('',(#14649),#8066);
#384=STYLED_ITEM('',(#14649),#8067);
#385=STYLED_ITEM('',(#14649),#8068);
#386=STYLED_ITEM('',(#14646),#611);
#387=STYLED_ITEM('',(#14649),#8069);
#388=STYLED_ITEM('',(#14649),#8070);
#389=STYLED_ITEM('',(#14649),#8071);
#390=STYLED_ITEM('',(#14649),#8072);
#391=STYLED_ITEM('',(#14649),#8073);
#392=STYLED_ITEM('',(#14649),#8074);
#393=STYLED_ITEM('',(#14649),#8075);
#394=STYLED_ITEM('',(#14649),#8076);
#395=STYLED_ITEM('',(#14649),#8077);
#396=STYLED_ITEM('',(#14649),#8078);
#397=STYLED_ITEM('',(#14649),#8079);
#398=STYLED_ITEM('',(#14649),#8080);
#399=STYLED_ITEM('',(#14649),#8081);
#400=STYLED_ITEM('',(#14649),#8082);
#401=STYLED_ITEM('',(#14646),#612);
#402=STYLED_ITEM('',(#14649),#8083);
#403=STYLED_ITEM('',(#14649),#8084);
#404=STYLED_ITEM('',(#14649),#8085);
#405=STYLED_ITEM('',(#14649),#8086);
#406=STYLED_ITEM('',(#14649),#8087);
#407=STYLED_ITEM('',(#14649),#8088);
#408=STYLED_ITEM('',(#14649),#8089);
#409=STYLED_ITEM('',(#14649),#8090);
#410=STYLED_ITEM('',(#14649),#8091);
#411=STYLED_ITEM('',(#14649),#8092);
#412=STYLED_ITEM('',(#14649),#8093);
#413=STYLED_ITEM('',(#14649),#8094);
#414=STYLED_ITEM('',(#14649),#8095);
#415=STYLED_ITEM('',(#14649),#8096);
#416=STYLED_ITEM('',(#14649),#8097);
#417=STYLED_ITEM('',(#14649),#8098);
#418=STYLED_ITEM('',(#14646),#613);
#419=STYLED_ITEM('',(#14649),#8099);
#420=STYLED_ITEM('',(#14649),#8100);
#421=STYLED_ITEM('',(#14649),#8101);
#422=STYLED_ITEM('',(#14649),#8102);
#423=STYLED_ITEM('',(#14649),#8103);
#424=STYLED_ITEM('',(#14649),#8104);
#425=STYLED_ITEM('',(#14649),#8105);
#426=STYLED_ITEM('',(#14649),#8106);
#427=STYLED_ITEM('',(#14649),#8107);
#428=STYLED_ITEM('',(#14649),#8108);
#429=STYLED_ITEM('',(#14649),#8109);
#430=STYLED_ITEM('',(#14649),#8110);
#431=STYLED_ITEM('',(#14649),#8111);
#432=STYLED_ITEM('',(#14649),#8112);
#433=STYLED_ITEM('',(#14649),#8113);
#434=STYLED_ITEM('',(#14649),#8114);
#435=STYLED_ITEM('',(#14646),#614);
#436=STYLED_ITEM('',(#14649),#8115);
#437=STYLED_ITEM('',(#14649),#8116);
#438=STYLED_ITEM('',(#14649),#8117);
#439=STYLED_ITEM('',(#14649),#8118);
#440=STYLED_ITEM('',(#14649),#8119);
#441=STYLED_ITEM('',(#14649),#8120);
#442=STYLED_ITEM('',(#14649),#8121);
#443=STYLED_ITEM('',(#14649),#8122);
#444=STYLED_ITEM('',(#14649),#8123);
#445=STYLED_ITEM('',(#14649),#8124);
#446=STYLED_ITEM('',(#14649),#8125);
#447=STYLED_ITEM('',(#14649),#8126);
#448=STYLED_ITEM('',(#14649),#8127);
#449=STYLED_ITEM('',(#14649),#8128);
#450=STYLED_ITEM('',(#14646),#615);
#451=STYLED_ITEM('',(#14649),#8129);
#452=STYLED_ITEM('',(#14649),#8130);
#453=STYLED_ITEM('',(#14649),#8131);
#454=STYLED_ITEM('',(#14649),#8132);
#455=STYLED_ITEM('',(#14649),#8133);
#456=STYLED_ITEM('',(#14649),#8134);
#457=STYLED_ITEM('',(#14649),#8135);
#458=STYLED_ITEM('',(#14649),#8136);
#459=STYLED_ITEM('',(#14649),#8137);
#460=STYLED_ITEM('',(#14649),#8138);
#461=STYLED_ITEM('',(#14649),#8139);
#462=STYLED_ITEM('',(#14649),#8140);
#463=STYLED_ITEM('',(#14649),#8141);
#464=STYLED_ITEM('',(#14649),#8142);
#465=STYLED_ITEM('',(#14649),#8143);
#466=STYLED_ITEM('',(#14649),#8144);
#467=STYLED_ITEM('',(#14649),#8145);
#468=STYLED_ITEM('',(#14649),#8146);
#469=STYLED_ITEM('',(#14649),#8147);
#470=STYLED_ITEM('',(#14649),#8148);
#471=STYLED_ITEM('',(#14649),#8149);
#472=STYLED_ITEM('',(#14649),#8150);
#473=STYLED_ITEM('',(#14649),#8151);
#474=STYLED_ITEM('',(#14649),#8152);
#475=STYLED_ITEM('',(#14646),#616);
#476=STYLED_ITEM('',(#14649),#8153);
#477=STYLED_ITEM('',(#14649),#8154);
#478=STYLED_ITEM('',(#14649),#8155);
#479=STYLED_ITEM('',(#14649),#8156);
#480=STYLED_ITEM('',(#14649),#8157);
#481=STYLED_ITEM('',(#14649),#8158);
#482=STYLED_ITEM('',(#14649),#8159);
#483=STYLED_ITEM('',(#14649),#8160);
#484=STYLED_ITEM('',(#14649),#8161);
#485=STYLED_ITEM('',(#14649),#8162);
#486=STYLED_ITEM('',(#14649),#8163);
#487=STYLED_ITEM('',(#14649),#8164);
#488=STYLED_ITEM('',(#14649),#8165);
#489=STYLED_ITEM('',(#14649),#8166);
#490=STYLED_ITEM('',(#14649),#8167);
#491=STYLED_ITEM('',(#14649),#8168);
#492=STYLED_ITEM('',(#14649),#8169);
#493=STYLED_ITEM('',(#14649),#8170);
#494=STYLED_ITEM('',(#14649),#8171);
#495=STYLED_ITEM('',(#14649),#8172);
#496=STYLED_ITEM('',(#14649),#8173);
#497=STYLED_ITEM('',(#14649),#8174);
#498=STYLED_ITEM('',(#14649),#8175);
#499=STYLED_ITEM('',(#14646),#617);
#500=STYLED_ITEM('',(#14649),#8176);
#501=STYLED_ITEM('',(#14649),#8177);
#502=STYLED_ITEM('',(#14649),#8178);
#503=STYLED_ITEM('',(#14649),#8179);
#504=STYLED_ITEM('',(#14649),#8180);
#505=STYLED_ITEM('',(#14649),#8181);
#506=STYLED_ITEM('',(#14649),#8182);
#507=STYLED_ITEM('',(#14649),#8183);
#508=STYLED_ITEM('',(#14649),#8184);
#509=STYLED_ITEM('',(#14649),#8185);
#510=STYLED_ITEM('',(#14649),#8186);
#511=STYLED_ITEM('',(#14649),#8187);
#512=STYLED_ITEM('',(#14649),#8188);
#513=STYLED_ITEM('',(#14649),#8189);
#514=STYLED_ITEM('',(#14649),#8190);
#515=STYLED_ITEM('',(#14649),#8191);
#516=STYLED_ITEM('',(#14649),#8192);
#517=STYLED_ITEM('',(#14646),#618);
#518=STYLED_ITEM('',(#14649),#8193);
#519=STYLED_ITEM('',(#14649),#8194);
#520=STYLED_ITEM('',(#14649),#8195);
#521=STYLED_ITEM('',(#14649),#8196);
#522=STYLED_ITEM('',(#14649),#8197);
#523=STYLED_ITEM('',(#14649),#8198);
#524=STYLED_ITEM('',(#14649),#8199);
#525=STYLED_ITEM('',(#14649),#8200);
#526=STYLED_ITEM('',(#14649),#8201);
#527=STYLED_ITEM('',(#14649),#8202);
#528=STYLED_ITEM('',(#14649),#8203);
#529=STYLED_ITEM('',(#14649),#8204);
#530=STYLED_ITEM('',(#14649),#8205);
#531=STYLED_ITEM('',(#14649),#8206);
#532=STYLED_ITEM('',(#14646),#619);
#533=STYLED_ITEM('',(#14649),#8207);
#534=STYLED_ITEM('',(#14649),#8208);
#535=STYLED_ITEM('',(#14649),#8209);
#536=STYLED_ITEM('',(#14649),#8210);
#537=STYLED_ITEM('',(#14649),#8211);
#538=STYLED_ITEM('',(#14649),#8212);
#539=STYLED_ITEM('',(#14649),#8213);
#540=STYLED_ITEM('',(#14649),#8214);
#541=STYLED_ITEM('',(#14649),#8215);
#542=STYLED_ITEM('',(#14649),#8216);
#543=STYLED_ITEM('',(#14649),#8217);
#544=STYLED_ITEM('',(#14649),#8218);
#545=STYLED_ITEM('',(#14649),#8219);
#546=STYLED_ITEM('',(#14649),#8220);
#547=STYLED_ITEM('',(#14649),#8221);
#548=STYLED_ITEM('',(#14649),#8222);
#549=STYLED_ITEM('',(#14646),#620);
#550=STYLED_ITEM('',(#14649),#8223);
#551=STYLED_ITEM('',(#14649),#8224);
#552=STYLED_ITEM('',(#14649),#8225);
#553=STYLED_ITEM('',(#14649),#8226);
#554=STYLED_ITEM('',(#14649),#8227);
#555=STYLED_ITEM('',(#14649),#8228);
#556=STYLED_ITEM('',(#14649),#8229);
#557=STYLED_ITEM('',(#14649),#8230);
#558=STYLED_ITEM('',(#14649),#8231);
#559=STYLED_ITEM('',(#14649),#8232);
#560=STYLED_ITEM('',(#14649),#8233);
#561=STYLED_ITEM('',(#14649),#8234);
#562=STYLED_ITEM('',(#14649),#8235);
#563=STYLED_ITEM('',(#14649),#8236);
#564=STYLED_ITEM('',(#14649),#8237);
#565=STYLED_ITEM('',(#14649),#8238);
#566=STYLED_ITEM('',(#14646),#621);
#567=STYLED_ITEM('',(#14649),#8239);
#568=STYLED_ITEM('',(#14649),#8240);
#569=STYLED_ITEM('',(#14649),#8241);
#570=STYLED_ITEM('',(#14649),#8242);
#571=STYLED_ITEM('',(#14649),#8243);
#572=STYLED_ITEM('',(#14649),#8244);
#573=STYLED_ITEM('',(#14649),#8245);
#574=STYLED_ITEM('',(#14649),#8246);
#575=STYLED_ITEM('',(#14649),#8247);
#576=STYLED_ITEM('',(#14649),#8248);
#577=STYLED_ITEM('',(#14649),#8249);
#578=STYLED_ITEM('',(#14649),#8250);
#579=STYLED_ITEM('',(#14649),#8251);
#580=STYLED_ITEM('',(#14649),#8252);
#581=STYLED_ITEM('',(#14649),#8253);
#582=STYLED_ITEM('',(#14649),#8254);
#583=STYLED_ITEM('',(#14649),#8255);
#584=STYLED_ITEM('',(#14649),#8256);
#585=STYLED_ITEM('',(#14649),#8257);
#586=STYLED_ITEM('',(#14649),#8258);
#587=STYLED_ITEM('',(#14649),#8259);
#588=STYLED_ITEM('',(#14649),#8260);
#589=STYLED_ITEM('',(#14649),#8261);
#590=STYLED_ITEM('',(#14649),#8262);
#591=STYLED_ITEM('',(#14649),#8263);
#592=STYLED_ITEM('',(#14649),#8264);
#593=STYLED_ITEM('',(#14649),#8265);
#594=STYLED_ITEM('',(#14649),#8266);
#595=STYLED_ITEM('',(#14649),#8267);
#596=STYLED_ITEM('',(#14649),#8268);
#597=STYLED_ITEM('',(#14649),#8269);
#598=STYLED_ITEM('',(#14649),#8270);
#599=STYLED_ITEM('',(#14649),#8271);
#600=STYLED_ITEM('',(#14649),#8272);
#601=STYLED_ITEM('',(#14649),#8273);
#602=STYLED_ITEM('',(#14649),#8274);
#603=STYLED_ITEM('',(#14649),#8275);
#604=STYLED_ITEM('',(#14646),#622);
#605=MANIFOLD_SOLID_BREP('Body1',#8276);
#606=MANIFOLD_SOLID_BREP('Body2',#8277);
#607=MANIFOLD_SOLID_BREP('Body3',#8278);
#608=MANIFOLD_SOLID_BREP('Body4',#8279);
#609=MANIFOLD_SOLID_BREP('Body5',#8280);
#610=MANIFOLD_SOLID_BREP('Body6',#8281);
#611=MANIFOLD_SOLID_BREP('Body7',#8282);
#612=MANIFOLD_SOLID_BREP('Body8',#8283);
#613=MANIFOLD_SOLID_BREP('Body9',#8284);
#614=MANIFOLD_SOLID_BREP('Body10',#8285);
#615=MANIFOLD_SOLID_BREP('Body11',#8286);
#616=MANIFOLD_SOLID_BREP('Body12',#8287);
#617=MANIFOLD_SOLID_BREP('Body13',#8288);
#618=MANIFOLD_SOLID_BREP('Body14',#8289);
#619=MANIFOLD_SOLID_BREP('Body15',#8290);
#620=MANIFOLD_SOLID_BREP('Body16',#8291);
#621=MANIFOLD_SOLID_BREP('Body17',#8292);
#622=MANIFOLD_SOLID_BREP('Body18',#8293);
#623=(
BOUNDED_SURFACE()
B_SPLINE_SURFACE(3,2,((#10736,#10737,#10738),(#10739,#10740,#10741),(#10742,
#10743,#10744),(#10745,#10746,#10747),(#10748,#10749,#10750),(#10751,#10752,
#10753),(#10754,#10755,#10756),(#10757,#10758,#10759)),.UNSPECIFIED.,.F.,
 .F.,.F.)
B_SPLINE_SURFACE_WITH_KNOTS((4,2,2,4),(3,3),(6.28318530718,6.675884388878,
7.068583470577,7.853981633974),(0.,1.),.UNSPECIFIED.)
GEOMETRIC_REPRESENTATION_ITEM()
RATIONAL_B_SPLINE_SURFACE(((1.,0.707106781187,1.),(1.,0.706675700136,1.),
(1.,0.726551814728,1.),(1.,0.78767842497,1.),(1.,0.828237978609,1.),(1.,
0.941600254135,1.),(1.,1.002675573898,1.),(1.,1.,1.)))
REPRESENTATION_ITEM('')
SURFACE()
);
#624=(
BOUNDED_SURFACE()
B_SPLINE_SURFACE(3,2,((#10806,#10807,#10808),(#10809,#10810,#10811),(#10812,
#10813,#10814),(#10815,#10816,#10817),(#10818,#10819,#10820),(#10821,#10822,
#10823),(#10824,#10825,#10826),(#10827,#10828,#10829)),.UNSPECIFIED.,.F.,
 .F.,.F.)
B_SPLINE_SURFACE_WITH_KNOTS((4,2,2,4),(3,3),(6.28318530718,6.675884388878,
7.068583470577,7.853981633974),(0.,1.),.UNSPECIFIED.)
GEOMETRIC_REPRESENTATION_ITEM()
RATIONAL_B_SPLINE_SURFACE(((1.,0.707106781187,1.),(1.,0.706675700136,1.),
(1.,0.726551814728,1.),(1.,0.78767842497,1.),(1.,0.828237978609,1.),(1.,
0.941600254135,1.),(1.,1.002675573898,1.),(1.,1.,1.)))
REPRESENTATION_ITEM('')
SURFACE()
);
#625=(
BOUNDED_SURFACE()
B_SPLINE_SURFACE(3,2,((#10970,#10971,#10972),(#10973,#10974,#10975),(#10976,
#10977,#10978),(#10979,#10980,#10981),(#10982,#10983,#10984),(#10985,#10986,
#10987),(#10988,#10989,#10990),(#10991,#10992,#10993)),.UNSPECIFIED.,.F.,
 .F.,.F.)
B_SPLINE_SURFACE_WITH_KNOTS((4,2,2,4),(3,3),(6.28318530718,6.675884388878,
7.068583470577,7.853981633974),(0.,1.),.UNSPECIFIED.)
GEOMETRIC_REPRESENTATION_ITEM()
RATIONAL_B_SPLINE_SURFACE(((1.,0.707106781187,1.),(1.,0.706675700136,1.),
(1.,0.726551814728,1.),(1.,0.787678424969,1.),(1.,0.828237978609,1.),(1.,
0.941600254135,1.),(1.,1.002675573898,1.),(1.,1.,1.)))
REPRESENTATION_ITEM('')
SURFACE()
);
#626=(
BOUNDED_SURFACE()
B_SPLINE_SURFACE(3,2,((#11040,#11041,#11042),(#11043,#11044,#11045),(#11046,
#11047,#11048),(#11049,#11050,#11051),(#11052,#11053,#11054),(#11055,#11056,
#11057),(#11058,#11059,#11060),(#11061,#11062,#11063)),.UNSPECIFIED.,.F.,
 .F.,.F.)
B_SPLINE_SURFACE_WITH_KNOTS((4,2,2,4),(3,3),(6.28318530718,6.675884388878,
7.068583470577,7.853981633974),(0.,1.),.UNSPECIFIED.)
GEOMETRIC_REPRESENTATION_ITEM()
RATIONAL_B_SPLINE_SURFACE(((1.,0.707106781187,1.),(1.,0.706675700136,1.),
(1.,0.726551814728,1.),(1.,0.787678424969,1.),(1.,0.828237978609,1.),(1.,
0.941600254135,1.),(1.,1.002675573898,1.),(1.,1.,1.)))
REPRESENTATION_ITEM('')
SURFACE()
);
#627=B_SPLINE_CURVE_WITH_KNOTS('',3,(#10644,#10645,#10646,#10647,#10648,
#10649,#10650,#10651,#10652,#10653,#10654,#10655,#10656,#10657,#10658,#10659,
#10660,#10661,#10662,#10663,#10664,#10665,#10666,#10667,#10668,#10669,#10670,
#10671,#10672,#10673,#10674,#10675,#10676,#10677,#10678,#10679,#10680,#10681,
#10682,#10683,#10684,#10685,#10686,#10687,#10688,#10689),.UNSPECIFIED.,
 .F.,.F.,(4,3,3,3,3,3,3,3,3,3,3,3,3,3,3,4),(0.,0.116280061984329,0.233000901502457,
0.350936731000487,0.407020139962483,0.522859920216656,0.640798563065803,
0.76119333791001,0.784957147953824,0.909260292178628,1.03590429636544,1.16179688764568,
1.28333461779018,1.40225509100007,1.51848888643665,1.570796326795),
 .UNSPECIFIED.);
#628=B_SPLINE_CURVE_WITH_KNOTS('',3,(#10690,#10691,#10692,#10693,#10694,
#10695,#10696,#10697,#10698,#10699,#10700,#10701,#10702,#10703,#10704,#10705,
#10706,#10707,#10708,#10709,#10710,#10711,#10712,#10713,#10714,#10715,#10716,
#10717,#10718,#10719,#10720,#10721,#10722,#10723,#10724,#10725,#10726,#10727,
#10728,#10729,#10730,#10731,#10732,#10733,#10734,#10735),.UNSPECIFIED.,
 .F.,.F.,(4,3,3,3,3,3,3,3,3,3,3,3,3,3,3,4),(4.712388980385,4.8288695324046,
4.94742010037385,5.06882038403541,5.19467317760358,5.3214130102706,5.44537319136236,
5.49822815922642,5.61829436042155,5.7365140400581,5.85172817318638,5.87616516721762,
5.99397362670001,6.11091721448451,6.22712497890979,6.28318530718),
 .UNSPECIFIED.);
#629=B_SPLINE_CURVE_WITH_KNOTS('',3,(#10760,#10761,#10762,#10763,#10764,
#10765,#10766,#10767,#10768,#10769,#10770,#10771,#10772,#10773,#10774,#10775,
#10776,#10777,#10778,#10779,#10780,#10781,#10782,#10783,#10784,#10785,#10786,
#10787,#10788,#10789,#10790,#10791,#10792,#10793,#10794,#10795,#10796,#10797,
#10798,#10799,#10800,#10801,#10802,#10803,#10804,#10805),.UNSPECIFIED.,
 .F.,.F.,(4,3,3,3,3,3,3,3,3,3,3,3,3,3,3,4),(4.712388980385,4.82886953240502,
4.94742010037464,5.06882038403653,5.19467317760475,5.32141301027186,5.44537319136371,
5.49822815922618,5.61829436042124,5.7365140400578,5.85172817318631,5.87616516721752,
5.99397362670139,6.11091721448756,6.22712497891461,6.28318530718),
 .UNSPECIFIED.);
#630=B_SPLINE_CURVE_WITH_KNOTS('',3,(#10830,#10831,#10832,#10833,#10834,
#10835,#10836,#10837,#10838,#10839,#10840,#10841,#10842,#10843,#10844,#10845,
#10846,#10847,#10848,#10849,#10850,#10851,#10852,#10853,#10854,#10855,#10856,
#10857,#10858,#10859,#10860,#10861,#10862,#10863,#10864,#10865,#10866,#10867,
#10868,#10869,#10870,#10871,#10872,#10873,#10874,#10875),.UNSPECIFIED.,
 .F.,.F.,(4,3,3,3,3,3,3,3,3,3,3,3,3,3,3,4),(1.83619890746E-17,0.116280061985663,
0.233000901505154,0.350936731004532,0.40702013996238,0.522859920216811,
0.640798563066036,0.76119333791017,0.784957147953579,0.909260292178924,
1.03590429636586,1.16179688764611,1.28333461779067,1.40225509100055,1.51848888643725,
1.570796326795),.UNSPECIFIED.);
#631=B_SPLINE_CURVE_WITH_KNOTS('',3,(#10877,#10878,#10879,#10880,#10881,
#10882,#10883,#10884,#10885,#10886,#10887,#10888,#10889,#10890,#10891,#10892,
#10893,#10894,#10895,#10896,#10897,#10898,#10899,#10900,#10901,#10902,#10903,
#10904,#10905,#10906,#10907,#10908,#10909,#10910,#10911,#10912,#10913,#10914,
#10915,#10916,#10917,#10918,#10919,#10920,#10921,#10922),.UNSPECIFIED.,
 .F.,.F.,(4,3,3,3,3,3,3,3,3,3,3,3,3,3,3,4),(4.712388980385,4.82886953240556,
4.94742010037484,5.06882038403568,5.19467317760191,5.32141301026597,5.445373191354,
5.49822815922642,5.61829436041899,5.73651404005368,5.85172817318173,5.87616516721762,
5.99397362670152,6.11091721448858,6.22712497891708,6.28318530718),
 .UNSPECIFIED.);
#632=B_SPLINE_CURVE_WITH_KNOTS('',3,(#10924,#10925,#10926,#10927,#10928,
#10929,#10930,#10931,#10932,#10933,#10934,#10935,#10936,#10937,#10938,#10939,
#10940,#10941,#10942,#10943,#10944,#10945,#10946,#10947,#10948,#10949,#10950,
#10951,#10952,#10953,#10954,#10955,#10956,#10957,#10958,#10959,#10960,#10961,
#10962,#10963,#10964,#10965,#10966,#10967,#10968,#10969),.UNSPECIFIED.,
 .F.,.F.,(4,3,3,3,3,3,3,3,3,3,3,3,3,3,3,4),(0.,0.116280061989346,0.233000901512262,
0.35093673101421,0.407020139962483,0.522859920216563,0.640798563065808,
0.761193337910067,0.784957147953824,0.909260292178764,1.03590429636574,
1.16179688764599,1.28333461779032,1.40225509099986,1.51848888643616,1.570796326795),
 .UNSPECIFIED.);
#633=B_SPLINE_CURVE_WITH_KNOTS('',3,(#10994,#10995,#10996,#10997,#10998,
#10999,#11000,#11001,#11002,#11003,#11004,#11005,#11006,#11007,#11008,#11009,
#11010,#11011,#11012,#11013,#11014,#11015,#11016,#11017,#11018,#11019,#11020,
#11021,#11022,#11023,#11024,#11025,#11026,#11027,#11028,#11029,#11030,#11031,
#11032,#11033,#11034,#11035,#11036,#11037,#11038,#11039),.UNSPECIFIED.,
 .F.,.F.,(4,3,3,3,3,3,3,3,3,3,3,3,3,3,3,4),(4.712388980385,4.82886953240414,
4.94742010037288,5.06882038403381,5.19467317760125,5.32141301026763,5.44537319135896,
5.49822815922643,5.61829436042126,5.7365140400577,5.85172817318612,5.87616516721762,
5.9939736267014,6.1109172144876,6.22712497891463,6.28318530718),
 .UNSPECIFIED.);
#634=B_SPLINE_CURVE_WITH_KNOTS('',3,(#11064,#11065,#11066,#11067,#11068,
#11069,#11070,#11071,#11072,#11073,#11074,#11075,#11076,#11077,#11078,#11079,
#11080,#11081,#11082,#11083,#11084,#11085,#11086,#11087,#11088,#11089,#11090,
#11091,#11092,#11093,#11094,#11095,#11096,#11097,#11098,#11099,#11100,#11101,
#11102,#11103,#11104,#11105,#11106,#11107,#11108,#11109),.UNSPECIFIED.,
 .F.,.F.,(4,3,3,3,3,3,3,3,3,3,3,3,3,3,3,4),(1.225259027752E-16,0.116280061987177,
0.233000901506401,0.350936731002102,0.407020139962477,0.522859920211622,
0.640798563055666,0.761193337895594,0.784957147953816,0.909260292169914,
1.03590429635092,1.16179688762733,1.28333461776952,1.40225509097869,1.51848888641828,
1.570796326795),.UNSPECIFIED.);
#635=B_SPLINE_CURVE_WITH_KNOTS('',3,(#11144,#11145,#11146,#11147,#11148),
 .UNSPECIFIED.,.F.,.F.,(4,1,4),(0.,0.441155726213,1.),.UNSPECIFIED.);
#636=B_SPLINE_CURVE_WITH_KNOTS('',3,(#11149,#11150,#11151,#11152,#11153),
 .UNSPECIFIED.,.F.,.F.,(4,1,4),(-1.,-0.555030671482,0.),.UNSPECIFIED.);
#637=B_SPLINE_CURVE_WITH_KNOTS('',3,(#11180,#11181,#11182,#11183,#11184),
 .UNSPECIFIED.,.F.,.F.,(4,1,4),(-1.,-0.559563343976,0.),.UNSPECIFIED.);
#638=B_SPLINE_CURVE_WITH_KNOTS('',3,(#11186,#11187,#11188,#11189,#11190),
 .UNSPECIFIED.,.F.,.F.,(4,1,4),(-1.,-0.55381108961,0.),.UNSPECIFIED.);
#639=B_SPLINE_CURVE_WITH_KNOTS('',3,(#11192,#11193,#11194,#11195,#11196),
 .UNSPECIFIED.,.F.,.F.,(4,1,4),(0.,0.440948198198,1.),.UNSPECIFIED.);
#640=B_SPLINE_CURVE_WITH_KNOTS('',3,(#11198,#11199,#11200,#11201,#11202),
 .UNSPECIFIED.,.F.,.F.,(4,1,4),(-1.,-0.559989771373,0.),.UNSPECIFIED.);
#641=B_SPLINE_CURVE_WITH_KNOTS('',3,(#11206,#11207,#11208,#11209,#11210),
 .UNSPECIFIED.,.F.,.F.,(4,1,4),(-1.,-0.559109857134,0.),.UNSPECIFIED.);
#642=B_SPLINE_CURVE_WITH_KNOTS('',3,(#11212,#11213,#11214,#11215,#11216),
 .UNSPECIFIED.,.F.,.F.,(4,1,4),(-1.,-0.554682747965,0.),.UNSPECIFIED.);
#643=B_SPLINE_CURVE_WITH_KNOTS('',3,(#11218,#11219,#11220,#11221,#11222),
 .UNSPECIFIED.,.F.,.F.,(4,1,4),(-1.,-0.557416694326,0.),.UNSPECIFIED.);
#644=B_SPLINE_CURVE_WITH_KNOTS('',3,(#11224,#11225,#11226,#11227,#11228),
 .UNSPECIFIED.,.F.,.F.,(4,1,4),(-1.,-0.56022612384,0.),.UNSPECIFIED.);
#645=B_SPLINE_CURVE_WITH_KNOTS('',3,(#11770,#11771,#11772,#11773,#11774),
 .UNSPECIFIED.,.F.,.F.,(4,1,4),(0.,0.439928498486,1.),.UNSPECIFIED.);
#646=B_SPLINE_CURVE_WITH_KNOTS('',3,(#11776,#11777,#11778,#11779,#11780),
 .UNSPECIFIED.,.F.,.F.,(4,1,4),(0.,0.445878683459,1.),.UNSPECIFIED.);
#647=B_SPLINE_CURVE_WITH_KNOTS('',3,(#11810,#11811,#11812,#11813,#11814),
 .UNSPECIFIED.,.F.,.F.,(4,1,4),(0.,0.445878683459,1.),.UNSPECIFIED.);
#648=B_SPLINE_CURVE_WITH_KNOTS('',3,(#11825,#11826,#11827,#11828,#11829),
 .UNSPECIFIED.,.F.,.F.,(4,1,4),(0.,0.439928498486,1.),.UNSPECIFIED.);
#649=B_SPLINE_CURVE_WITH_KNOTS('',3,(#11851,#11852,#11853,#11854,#11855),
 .UNSPECIFIED.,.F.,.F.,(4,1,4),(0.,0.444969328518,1.),.UNSPECIFIED.);
#650=B_SPLINE_CURVE_WITH_KNOTS('',3,(#11868,#11869,#11870,#11871,#11872),
 .UNSPECIFIED.,.F.,.F.,(4,1,4),(0.,0.441155726213,1.),.UNSPECIFIED.);
#651=B_SPLINE_CURVE_WITH_KNOTS('',3,(#11879,#11880,#11881,#11882,#11883),
 .UNSPECIFIED.,.F.,.F.,(4,1,4),(0.,0.445607266854,1.),.UNSPECIFIED.);
#652=B_SPLINE_CURVE_WITH_KNOTS('',3,(#11885,#11886,#11887,#11888,#11889),
 .UNSPECIFIED.,.F.,.F.,(4,1,4),(0.,0.444566447868,1.),.UNSPECIFIED.);
#653=B_SPLINE_CURVE_WITH_KNOTS('',3,(#11909,#11910,#11911,#11912,#11913),
 .UNSPECIFIED.,.F.,.F.,(4,1,4),(0.,0.445607266854,1.),.UNSPECIFIED.);
#654=B_SPLINE_CURVE_WITH_KNOTS('',3,(#11936,#11937,#11938,#11939,#11940),
 .UNSPECIFIED.,.F.,.F.,(4,1,4),(0.,0.444566447868,1.),.UNSPECIFIED.);
#655=B_SPLINE_CURVE_WITH_KNOTS('',3,(#12002,#12003,#12004,#12005,#12006),
 .UNSPECIFIED.,.F.,.F.,(4,1,4),(0.,0.440436656024,1.),.UNSPECIFIED.);
#656=B_SPLINE_CURVE_WITH_KNOTS('',3,(#12024,#12025,#12026,#12027,#12028),
 .UNSPECIFIED.,.F.,.F.,(4,1,4),(0.,0.43977387616,1.),.UNSPECIFIED.);
#657=B_SPLINE_CURVE_WITH_KNOTS('',3,(#12041,#12042,#12043,#12044,#12045),
 .UNSPECIFIED.,.F.,.F.,(4,1,4),(0.,0.442583305674,1.),.UNSPECIFIED.);
#658=B_SPLINE_CURVE_WITH_KNOTS('',3,(#12058,#12059,#12060,#12061,#12062),
 .UNSPECIFIED.,.F.,.F.,(4,1,4),(0.,0.445317252035,1.),.UNSPECIFIED.);
#659=B_SPLINE_CURVE_WITH_KNOTS('',3,(#12075,#12076,#12077,#12078,#12079),
 .UNSPECIFIED.,.F.,.F.,(4,1,4),(0.,0.440890142866,1.),.UNSPECIFIED.);
#660=B_SPLINE_CURVE_WITH_KNOTS('',3,(#12096,#12097,#12098,#12099,#12100),
 .UNSPECIFIED.,.F.,.F.,(4,1,4),(0.,0.440010228627,1.),.UNSPECIFIED.);
#661=B_SPLINE_CURVE_WITH_KNOTS('',3,(#12113,#12114,#12115,#12116,#12117),
 .UNSPECIFIED.,.F.,.F.,(4,1,4),(0.,0.440948198198,1.),.UNSPECIFIED.);
#662=B_SPLINE_CURVE_WITH_KNOTS('',3,(#12129,#12130,#12131,#12132,#12133),
 .UNSPECIFIED.,.F.,.F.,(4,1,4),(0.,0.44618891039,1.),.UNSPECIFIED.);
#663=B_SPLINE_CURVE_WITH_KNOTS('',3,(#12362,#12363,#12364,#12365),
 .UNSPECIFIED.,.F.,.F.,(4,4),(0.,1.),.UNSPECIFIED.);
#664=B_SPLINE_CURVE_WITH_KNOTS('',3,(#12368,#12369,#12370,#12371),
 .UNSPECIFIED.,.F.,.F.,(4,4),(0.,1.),.UNSPECIFIED.);
#665=B_SPLINE_CURVE_WITH_KNOTS('',3,(#12413,#12414,#12415,#12416),
 .UNSPECIFIED.,.F.,.F.,(4,4),(10.,11.),.UNSPECIFIED.);
#666=B_SPLINE_CURVE_WITH_KNOTS('',3,(#12419,#12420,#12421,#12422),
 .UNSPECIFIED.,.F.,.F.,(4,4),(10.,11.),.UNSPECIFIED.);
#667=B_SPLINE_CURVE_WITH_KNOTS('',3,(#12432,#12433,#12434,#12435),
 .UNSPECIFIED.,.F.,.F.,(4,4),(9.,10.),.UNSPECIFIED.);
#668=B_SPLINE_CURVE_WITH_KNOTS('',3,(#12438,#12439,#12440,#12441),
 .UNSPECIFIED.,.F.,.F.,(4,4),(9.,10.),.UNSPECIFIED.);
#669=B_SPLINE_CURVE_WITH_KNOTS('',3,(#12451,#12452,#12453,#12454),
 .UNSPECIFIED.,.F.,.F.,(4,4),(8.,9.),.UNSPECIFIED.);
#670=B_SPLINE_CURVE_WITH_KNOTS('',3,(#12457,#12458,#12459,#12460),
 .UNSPECIFIED.,.F.,.F.,(4,4),(8.,9.),.UNSPECIFIED.);
#671=B_SPLINE_CURVE_WITH_KNOTS('',3,(#12470,#12471,#12472,#12473),
 .UNSPECIFIED.,.F.,.F.,(4,4),(7.,8.),.UNSPECIFIED.);
#672=B_SPLINE_CURVE_WITH_KNOTS('',3,(#12476,#12477,#12478,#12479),
 .UNSPECIFIED.,.F.,.F.,(4,4),(7.,8.),.UNSPECIFIED.);
#673=B_SPLINE_CURVE_WITH_KNOTS('',3,(#12508,#12509,#12510,#12511),
 .UNSPECIFIED.,.F.,.F.,(4,4),(4.,5.),.UNSPECIFIED.);
#674=B_SPLINE_CURVE_WITH_KNOTS('',3,(#12514,#12515,#12516,#12517),
 .UNSPECIFIED.,.F.,.F.,(4,4),(4.,5.),.UNSPECIFIED.);
#675=B_SPLINE_CURVE_WITH_KNOTS('',3,(#12527,#12528,#12529,#12530),
 .UNSPECIFIED.,.F.,.F.,(4,4),(3.,4.),.UNSPECIFIED.);
#676=B_SPLINE_CURVE_WITH_KNOTS('',3,(#12533,#12534,#12535,#12536),
 .UNSPECIFIED.,.F.,.F.,(4,4),(3.,4.),.UNSPECIFIED.);
#677=B_SPLINE_CURVE_WITH_KNOTS('',3,(#12558,#12559,#12560,#12561),
 .UNSPECIFIED.,.F.,.F.,(4,4),(1.,2.),.UNSPECIFIED.);
#678=B_SPLINE_CURVE_WITH_KNOTS('',3,(#12562,#12563,#12564,#12565),
 .UNSPECIFIED.,.F.,.F.,(4,4),(1.,2.),.UNSPECIFIED.);
#679=B_SPLINE_CURVE_WITH_KNOTS('',3,(#12651,#12652,#12653,#12654),
 .UNSPECIFIED.,.F.,.F.,(4,4),(3.,4.),.UNSPECIFIED.);
#680=B_SPLINE_CURVE_WITH_KNOTS('',3,(#12656,#12657,#12658,#12659),
 .UNSPECIFIED.,.F.,.F.,(4,4),(2.,3.),.UNSPECIFIED.);
#681=B_SPLINE_CURVE_WITH_KNOTS('',3,(#12686,#12687,#12688,#12689),
 .UNSPECIFIED.,.F.,.F.,(4,4),(2.,3.),.UNSPECIFIED.);
#682=B_SPLINE_CURVE_WITH_KNOTS('',3,(#12691,#12692,#12693,#12694),
 .UNSPECIFIED.,.F.,.F.,(4,4),(3.,4.),.UNSPECIFIED.);
#683=B_SPLINE_CURVE_WITH_KNOTS('',3,(#12819,#12820,#12821,#12822),
 .UNSPECIFIED.,.F.,.F.,(4,4),(3.,4.),.UNSPECIFIED.);
#684=B_SPLINE_CURVE_WITH_KNOTS('',3,(#12826,#12827,#12828,#12829),
 .UNSPECIFIED.,.F.,.F.,(4,4),(1.,2.),.UNSPECIFIED.);
#685=B_SPLINE_CURVE_WITH_KNOTS('',3,(#12856,#12857,#12858,#12859),
 .UNSPECIFIED.,.F.,.F.,(4,4),(1.,2.),.UNSPECIFIED.);
#686=B_SPLINE_CURVE_WITH_KNOTS('',3,(#12862,#12863,#12864,#12865),
 .UNSPECIFIED.,.F.,.F.,(4,4),(3.,4.),.UNSPECIFIED.);
#687=B_SPLINE_CURVE_WITH_KNOTS('',3,(#12985,#12986,#12987,#12988),
 .UNSPECIFIED.,.F.,.F.,(4,4),(0.,1.),.UNSPECIFIED.);
#688=B_SPLINE_CURVE_WITH_KNOTS('',3,(#12992,#12993,#12994,#12995),
 .UNSPECIFIED.,.F.,.F.,(4,4),(12.,13.),.UNSPECIFIED.);
#689=B_SPLINE_CURVE_WITH_KNOTS('',3,(#13001,#13002,#13003,#13004),
 .UNSPECIFIED.,.F.,.F.,(4,4),(9.,10.),.UNSPECIFIED.);
#690=B_SPLINE_CURVE_WITH_KNOTS('',3,(#13006,#13007,#13008,#13009),
 .UNSPECIFIED.,.F.,.F.,(4,4),(8.,9.),.UNSPECIFIED.);
#691=B_SPLINE_CURVE_WITH_KNOTS('',3,(#13022,#13023,#13024,#13025),
 .UNSPECIFIED.,.F.,.F.,(4,4),(1.,2.),.UNSPECIFIED.);
#692=B_SPLINE_CURVE_WITH_KNOTS('',3,(#13030,#13031,#13032,#13033),
 .UNSPECIFIED.,.F.,.F.,(4,4),(0.,1.),.UNSPECIFIED.);
#693=B_SPLINE_CURVE_WITH_KNOTS('',3,(#13039,#13040,#13041,#13042),
 .UNSPECIFIED.,.F.,.F.,(4,4),(5.,6.),.UNSPECIFIED.);
#694=B_SPLINE_CURVE_WITH_KNOTS('',3,(#13047,#13048,#13049,#13050),
 .UNSPECIFIED.,.F.,.F.,(4,4),(2.,3.),.UNSPECIFIED.);
#695=B_SPLINE_CURVE_WITH_KNOTS('',3,(#13054,#13055,#13056,#13057),
 .UNSPECIFIED.,.F.,.F.,(4,4),(0.,1.),.UNSPECIFIED.);
#696=B_SPLINE_CURVE_WITH_KNOTS('',3,(#13059,#13060,#13061,#13062),
 .UNSPECIFIED.,.F.,.F.,(4,4),(1.,2.),.UNSPECIFIED.);
#697=B_SPLINE_CURVE_WITH_KNOTS('',3,(#13076,#13077,#13078,#13079),
 .UNSPECIFIED.,.F.,.F.,(4,4),(8.,9.),.UNSPECIFIED.);
#698=B_SPLINE_CURVE_WITH_KNOTS('',3,(#13081,#13082,#13083,#13084),
 .UNSPECIFIED.,.F.,.F.,(4,4),(9.,10.),.UNSPECIFIED.);
#699=B_SPLINE_CURVE_WITH_KNOTS('',3,(#13090,#13091,#13092,#13093),
 .UNSPECIFIED.,.F.,.F.,(4,4),(12.,13.),.UNSPECIFIED.);
#700=B_SPLINE_CURVE_WITH_KNOTS('',3,(#13097,#13098,#13099,#13100),
 .UNSPECIFIED.,.F.,.F.,(4,4),(0.,1.),.UNSPECIFIED.);
#701=B_SPLINE_CURVE_WITH_KNOTS('',3,(#13104,#13105,#13106,#13107),
 .UNSPECIFIED.,.F.,.F.,(4,4),(2.,3.),.UNSPECIFIED.);
#702=B_SPLINE_CURVE_WITH_KNOTS('',3,(#13113,#13114,#13115,#13116),
 .UNSPECIFIED.,.F.,.F.,(4,4),(5.,6.),.UNSPECIFIED.);
#703=B_SPLINE_CURVE_WITH_KNOTS('',3,(#13274,#13275,#13276,#13277),
 .UNSPECIFIED.,.F.,.F.,(4,4),(0.,1.),.UNSPECIFIED.);
#704=B_SPLINE_CURVE_WITH_KNOTS('',3,(#13280,#13281,#13282,#13283),
 .UNSPECIFIED.,.F.,.F.,(4,4),(0.,1.),.UNSPECIFIED.);
#705=B_SPLINE_CURVE_WITH_KNOTS('',3,(#13377,#13378,#13379,#13380),
 .UNSPECIFIED.,.F.,.F.,(4,4),(13.,14.),.UNSPECIFIED.);
#706=B_SPLINE_CURVE_WITH_KNOTS('',3,(#13383,#13384,#13385,#13386),
 .UNSPECIFIED.,.F.,.F.,(4,4),(13.,14.),.UNSPECIFIED.);
#707=B_SPLINE_CURVE_WITH_KNOTS('',3,(#13409,#13410,#13411,#13412),
 .UNSPECIFIED.,.F.,.F.,(4,4),(11.,12.),.UNSPECIFIED.);
#708=B_SPLINE_CURVE_WITH_KNOTS('',3,(#13415,#13416,#13417,#13418),
 .UNSPECIFIED.,.F.,.F.,(4,4),(11.,12.),.UNSPECIFIED.);
#709=B_SPLINE_CURVE_WITH_KNOTS('',3,(#13428,#13429,#13430,#13431),
 .UNSPECIFIED.,.F.,.F.,(4,4),(10.,11.),.UNSPECIFIED.);
#710=B_SPLINE_CURVE_WITH_KNOTS('',3,(#13434,#13435,#13436,#13437),
 .UNSPECIFIED.,.F.,.F.,(4,4),(10.,11.),.UNSPECIFIED.);
#711=B_SPLINE_CURVE_WITH_KNOTS('',3,(#13453,#13454,#13455,#13456),
 .UNSPECIFIED.,.F.,.F.,(4,4),(8.,9.),.UNSPECIFIED.);
#712=B_SPLINE_CURVE_WITH_KNOTS('',3,(#13459,#13460,#13461,#13462),
 .UNSPECIFIED.,.F.,.F.,(4,4),(8.,9.),.UNSPECIFIED.);
#713=B_SPLINE_CURVE_WITH_KNOTS('',3,(#13472,#13473,#13474,#13475),
 .UNSPECIFIED.,.F.,.F.,(4,4),(7.,8.),.UNSPECIFIED.);
#714=B_SPLINE_CURVE_WITH_KNOTS('',3,(#13478,#13479,#13480,#13481),
 .UNSPECIFIED.,.F.,.F.,(4,4),(7.,8.),.UNSPECIFIED.);
#715=B_SPLINE_CURVE_WITH_KNOTS('',3,(#13491,#13492,#13493,#13494),
 .UNSPECIFIED.,.F.,.F.,(4,4),(6.,7.),.UNSPECIFIED.);
#716=B_SPLINE_CURVE_WITH_KNOTS('',3,(#13497,#13498,#13499,#13500),
 .UNSPECIFIED.,.F.,.F.,(4,4),(6.,7.),.UNSPECIFIED.);
#717=B_SPLINE_CURVE_WITH_KNOTS('',3,(#13549,#13550,#13551,#13552),
 .UNSPECIFIED.,.F.,.F.,(4,4),(2.,3.),.UNSPECIFIED.);
#718=B_SPLINE_CURVE_WITH_KNOTS('',3,(#13555,#13556,#13557,#13558),
 .UNSPECIFIED.,.F.,.F.,(4,4),(2.,3.),.UNSPECIFIED.);
#719=B_SPLINE_CURVE_WITH_KNOTS('',3,(#13595,#13596,#13597,#13598),
 .UNSPECIFIED.,.F.,.F.,(4,4),(12.,13.),.UNSPECIFIED.);
#720=B_SPLINE_CURVE_WITH_KNOTS('',3,(#13601,#13602,#13603,#13604),
 .UNSPECIFIED.,.F.,.F.,(4,4),(12.,13.),.UNSPECIFIED.);
#721=B_SPLINE_CURVE_WITH_KNOTS('',3,(#13650,#13651,#13652,#13653),
 .UNSPECIFIED.,.F.,.F.,(4,4),(5.,6.),.UNSPECIFIED.);
#722=B_SPLINE_CURVE_WITH_KNOTS('',3,(#13656,#13657,#13658,#13659),
 .UNSPECIFIED.,.F.,.F.,(4,4),(5.,6.),.UNSPECIFIED.);
#723=B_SPLINE_CURVE_WITH_KNOTS('',3,(#13669,#13670,#13671,#13672),
 .UNSPECIFIED.,.F.,.F.,(4,4),(4.,5.),.UNSPECIFIED.);
#724=B_SPLINE_CURVE_WITH_KNOTS('',3,(#13675,#13676,#13677,#13678),
 .UNSPECIFIED.,.F.,.F.,(4,4),(4.,5.),.UNSPECIFIED.);
#725=B_SPLINE_CURVE_WITH_KNOTS('',3,(#13707,#13708,#13709,#13710),
 .UNSPECIFIED.,.F.,.F.,(4,4),(1.,2.),.UNSPECIFIED.);
#726=B_SPLINE_CURVE_WITH_KNOTS('',3,(#13713,#13714,#13715,#13716),
 .UNSPECIFIED.,.F.,.F.,(4,4),(1.,2.),.UNSPECIFIED.);
#727=B_SPLINE_CURVE_WITH_KNOTS('',3,(#13805,#13806,#13807,#13808),
 .UNSPECIFIED.,.F.,.F.,(4,4),(3.,4.),.UNSPECIFIED.);
#728=B_SPLINE_CURVE_WITH_KNOTS('',3,(#13810,#13811,#13812,#13813),
 .UNSPECIFIED.,.F.,.F.,(4,4),(2.,3.),.UNSPECIFIED.);
#729=B_SPLINE_CURVE_WITH_KNOTS('',3,(#13840,#13841,#13842,#13843),
 .UNSPECIFIED.,.F.,.F.,(4,4),(2.,3.),.UNSPECIFIED.);
#730=B_SPLINE_CURVE_WITH_KNOTS('',3,(#13845,#13846,#13847,#13848),
 .UNSPECIFIED.,.F.,.F.,(4,4),(3.,4.),.UNSPECIFIED.);
#731=B_SPLINE_CURVE_WITH_KNOTS('',3,(#13973,#13974,#13975,#13976),
 .UNSPECIFIED.,.F.,.F.,(4,4),(3.,4.),.UNSPECIFIED.);
#732=B_SPLINE_CURVE_WITH_KNOTS('',3,(#13980,#13981,#13982,#13983),
 .UNSPECIFIED.,.F.,.F.,(4,4),(1.,2.),.UNSPECIFIED.);
#733=B_SPLINE_CURVE_WITH_KNOTS('',3,(#14010,#14011,#14012,#14013),
 .UNSPECIFIED.,.F.,.F.,(4,4),(1.,2.),.UNSPECIFIED.);
#734=B_SPLINE_CURVE_WITH_KNOTS('',3,(#14016,#14017,#14018,#14019),
 .UNSPECIFIED.,.F.,.F.,(4,4),(3.,4.),.UNSPECIFIED.);
#735=B_SPLINE_CURVE_WITH_KNOTS('',3,(#14065,#14066,#14067,#14068),
 .UNSPECIFIED.,.F.,.F.,(4,4),(35.,36.),.UNSPECIFIED.);
#736=B_SPLINE_CURVE_WITH_KNOTS('',3,(#14076,#14077,#14078,#14079),
 .UNSPECIFIED.,.F.,.F.,(4,4),(3.,4.),.UNSPECIFIED.);
#737=B_SPLINE_CURVE_WITH_KNOTS('',3,(#14081,#14082,#14083,#14084),
 .UNSPECIFIED.,.F.,.F.,(4,4),(4.,5.),.UNSPECIFIED.);
#738=B_SPLINE_CURVE_WITH_KNOTS('',3,(#14094,#14095,#14096,#14097),
 .UNSPECIFIED.,.F.,.F.,(4,4),(-0.0181243036073897,0.),.UNSPECIFIED.);
#739=B_SPLINE_CURVE_WITH_KNOTS('',3,(#14099,#14100,#14101,#14102),
 .UNSPECIFIED.,.F.,.F.,(4,4),(10.,11.),.UNSPECIFIED.);
#740=B_SPLINE_CURVE_WITH_KNOTS('',3,(#14112,#14113,#14114,#14115),
 .UNSPECIFIED.,.F.,.F.,(4,4),(-0.0123073717643975,0.),.UNSPECIFIED.);
#741=B_SPLINE_CURVE_WITH_KNOTS('',3,(#14117,#14118,#14119,#14120),
 .UNSPECIFIED.,.F.,.F.,(4,4),(16.,17.),.UNSPECIFIED.);
#742=B_SPLINE_CURVE_WITH_KNOTS('',3,(#14122,#14123,#14124,#14125),
 .UNSPECIFIED.,.F.,.F.,(4,4),(-0.0168284948287985,0.),.UNSPECIFIED.);
#743=B_SPLINE_CURVE_WITH_KNOTS('',3,(#14127,#14128,#14129,#14130),
 .UNSPECIFIED.,.F.,.F.,(4,4),(18.,19.),.UNSPECIFIED.);
#744=B_SPLINE_CURVE_WITH_KNOTS('',3,(#14132,#14133,#14134,#14135),
 .UNSPECIFIED.,.F.,.F.,(4,4),(-0.00800297538767322,0.),.UNSPECIFIED.);
#745=B_SPLINE_CURVE_WITH_KNOTS('',3,(#14137,#14138,#14139,#14140),
 .UNSPECIFIED.,.F.,.F.,(4,4),(20.,21.),.UNSPECIFIED.);
#746=B_SPLINE_CURVE_WITH_KNOTS('',3,(#14142,#14143,#14144,#14145),
 .UNSPECIFIED.,.F.,.F.,(4,4),(21.,22.),.UNSPECIFIED.);
#747=B_SPLINE_CURVE_WITH_KNOTS('',3,(#14149,#14150,#14151,#14152),
 .UNSPECIFIED.,.F.,.F.,(4,4),(23.,24.),.UNSPECIFIED.);
#748=B_SPLINE_CURVE_WITH_KNOTS('',3,(#14154,#14155,#14156,#14157),
 .UNSPECIFIED.,.F.,.F.,(4,4),(-0.0169917278217714,0.),.UNSPECIFIED.);
#749=B_SPLINE_CURVE_WITH_KNOTS('',3,(#14161,#14162,#14163,#14164),
 .UNSPECIFIED.,.F.,.F.,(4,4),(26.,27.),.UNSPECIFIED.);
#750=B_SPLINE_CURVE_WITH_KNOTS('',3,(#14166,#14167,#14168,#14169),
 .UNSPECIFIED.,.F.,.F.,(4,4),(-0.00707259690645261,0.),.UNSPECIFIED.);
#751=B_SPLINE_CURVE_WITH_KNOTS('',3,(#14171,#14172,#14173,#14174),
 .UNSPECIFIED.,.F.,.F.,(4,4),(-0.00676680436275138,0.),.UNSPECIFIED.);
#752=B_SPLINE_CURVE_WITH_KNOTS('',3,(#14182,#14183,#14184,#14185,#14186,
#14187,#14188),.UNSPECIFIED.,.F.,.F.,(4,3,4),(0.,1.,2.),.UNSPECIFIED.);
#753=B_SPLINE_CURVE_WITH_KNOTS('',3,(#14189,#14190,#14191,#14192,#14193,
#14194),.UNSPECIFIED.,.F.,.F.,(4,2,4),(2.,3.,4.),.UNSPECIFIED.);
#754=B_SPLINE_CURVE_WITH_KNOTS('',3,(#14198,#14199,#14200,#14201),
 .UNSPECIFIED.,.F.,.F.,(4,4),(35.,36.),.UNSPECIFIED.);
#755=B_SPLINE_CURVE_WITH_KNOTS('',3,(#14209,#14210,#14211,#14212),
 .UNSPECIFIED.,.F.,.F.,(4,4),(-0.00676680436275138,0.),.UNSPECIFIED.);
#756=B_SPLINE_CURVE_WITH_KNOTS('',3,(#14214,#14215,#14216,#14217),
 .UNSPECIFIED.,.F.,.F.,(4,4),(-0.00707259690645261,0.),.UNSPECIFIED.);
#757=B_SPLINE_CURVE_WITH_KNOTS('',3,(#14219,#14220,#14221,#14222),
 .UNSPECIFIED.,.F.,.F.,(4,4),(26.,27.),.UNSPECIFIED.);
#758=B_SPLINE_CURVE_WITH_KNOTS('',3,(#14226,#14227,#14228,#14229),
 .UNSPECIFIED.,.F.,.F.,(4,4),(-0.0169917278217714,0.),.UNSPECIFIED.);
#759=B_SPLINE_CURVE_WITH_KNOTS('',3,(#14231,#14232,#14233,#14234),
 .UNSPECIFIED.,.F.,.F.,(4,4),(23.,24.),.UNSPECIFIED.);
#760=B_SPLINE_CURVE_WITH_KNOTS('',3,(#14238,#14239,#14240,#14241),
 .UNSPECIFIED.,.F.,.F.,(4,4),(21.,22.),.UNSPECIFIED.);
#761=B_SPLINE_CURVE_WITH_KNOTS('',3,(#14243,#14244,#14245,#14246),
 .UNSPECIFIED.,.F.,.F.,(4,4),(20.,21.),.UNSPECIFIED.);
#762=B_SPLINE_CURVE_WITH_KNOTS('',3,(#14248,#14249,#14250,#14251),
 .UNSPECIFIED.,.F.,.F.,(4,4),(-0.00800297538767322,0.),.UNSPECIFIED.);
#763=B_SPLINE_CURVE_WITH_KNOTS('',3,(#14253,#14254,#14255,#14256),
 .UNSPECIFIED.,.F.,.F.,(4,4),(18.,19.),.UNSPECIFIED.);
#764=B_SPLINE_CURVE_WITH_KNOTS('',3,(#14258,#14259,#14260,#14261),
 .UNSPECIFIED.,.F.,.F.,(4,4),(-0.0168284948287985,0.),.UNSPECIFIED.);
#765=B_SPLINE_CURVE_WITH_KNOTS('',3,(#14263,#14264,#14265,#14266),
 .UNSPECIFIED.,.F.,.F.,(4,4),(16.,17.),.UNSPECIFIED.);
#766=B_SPLINE_CURVE_WITH_KNOTS('',3,(#14268,#14269,#14270,#14271),
 .UNSPECIFIED.,.F.,.F.,(4,4),(-0.0123073717643975,0.),.UNSPECIFIED.);
#767=B_SPLINE_CURVE_WITH_KNOTS('',3,(#14281,#14282,#14283,#14284),
 .UNSPECIFIED.,.F.,.F.,(4,4),(10.,11.),.UNSPECIFIED.);
#768=B_SPLINE_CURVE_WITH_KNOTS('',3,(#14286,#14287,#14288,#14289),
 .UNSPECIFIED.,.F.,.F.,(4,4),(-0.0181243036073897,0.),.UNSPECIFIED.);
#769=B_SPLINE_CURVE_WITH_KNOTS('',3,(#14299,#14300,#14301,#14302),
 .UNSPECIFIED.,.F.,.F.,(4,4),(4.,5.),.UNSPECIFIED.);
#770=B_SPLINE_CURVE_WITH_KNOTS('',3,(#14304,#14305,#14306,#14307),
 .UNSPECIFIED.,.F.,.F.,(4,4),(3.,4.),.UNSPECIFIED.);
#771=B_SPLINE_CURVE_WITH_KNOTS('',3,(#14315,#14316,#14317,#14318,#14319,
#14320),.UNSPECIFIED.,.F.,.F.,(4,2,4),(2.,3.,4.),.UNSPECIFIED.);
#772=B_SPLINE_CURVE_WITH_KNOTS('',3,(#14321,#14322,#14323,#14324,#14325,
#14326,#14327),.UNSPECIFIED.,.F.,.F.,(4,3,4),(0.,1.,2.),.UNSPECIFIED.);
#773=PLANE('',#8312);
#774=PLANE('',#8316);
#775=PLANE('',#8320);
#776=PLANE('',#8324);
#777=PLANE('',#8325);
#778=PLANE('',#8326);
#779=PLANE('',#8331);
#780=PLANE('',#8332);
#781=PLANE('',#8337);
#782=PLANE('',#8338);
#783=PLANE('',#8339);
#784=PLANE('',#8340);
#785=PLANE('',#8341);
#786=PLANE('',#8342);
#787=PLANE('',#8351);
#788=PLANE('',#8352);
#789=PLANE('',#8353);
#790=PLANE('',#8354);
#791=PLANE('',#8355);
#792=PLANE('',#8356);
#793=PLANE('',#8357);
#794=PLANE('',#8361);
#795=PLANE('',#8362);
#796=PLANE('',#8363);
#797=PLANE('',#8364);
#798=PLANE('',#8365);
#799=PLANE('',#8369);
#800=PLANE('',#8370);
#801=PLANE('',#8371);
#802=PLANE('',#8372);
#803=PLANE('',#8373);
#804=PLANE('',#8374);
#805=PLANE('',#8378);
#806=PLANE('',#8379);
#807=PLANE('',#8380);
#808=PLANE('',#8381);
#809=PLANE('',#8382);
#810=PLANE('',#8386);
#811=PLANE('',#8387);
#812=PLANE('',#8388);
#813=PLANE('',#8389);
#814=PLANE('',#8390);
#815=PLANE('',#8391);
#816=PLANE('',#8392);
#817=PLANE('',#8393);
#818=PLANE('',#8394);
#819=PLANE('',#8395);
#820=PLANE('',#8399);
#821=PLANE('',#8400);
#822=PLANE('',#8401);
#823=PLANE('',#8402);
#824=PLANE('',#8403);
#825=PLANE('',#8407);
#826=PLANE('',#8408);
#827=PLANE('',#8409);
#828=PLANE('',#8410);
#829=PLANE('',#8411);
#830=PLANE('',#8412);
#831=PLANE('',#8416);
#832=PLANE('',#8417);
#833=PLANE('',#8418);
#834=PLANE('',#8419);
#835=PLANE('',#8420);
#836=PLANE('',#8424);
#837=PLANE('',#8425);
#838=PLANE('',#8426);
#839=PLANE('',#8427);
#840=PLANE('',#8428);
#841=PLANE('',#8429);
#842=PLANE('',#8430);
#843=PLANE('',#8431);
#844=PLANE('',#8432);
#845=PLANE('',#8433);
#846=PLANE('',#8437);
#847=PLANE('',#8438);
#848=PLANE('',#8439);
#849=PLANE('',#8440);
#850=PLANE('',#8441);
#851=PLANE('',#8442);
#852=PLANE('',#8443);
#853=PLANE('',#8444);
#854=PLANE('',#8445);
#855=PLANE('',#8446);
#856=PLANE('',#8447);
#857=PLANE('',#8451);
#858=PLANE('',#8452);
#859=PLANE('',#8453);
#860=PLANE('',#8454);
#861=PLANE('',#8455);
#862=PLANE('',#8456);
#863=PLANE('',#8457);
#864=PLANE('',#8458);
#865=PLANE('',#8459);
#866=PLANE('',#8460);
#867=PLANE('',#8461);
#868=PLANE('',#8462);
#869=PLANE('',#8463);
#870=PLANE('',#8464);
#871=PLANE('',#8465);
#872=PLANE('',#8466);
#873=PLANE('',#8467);
#874=PLANE('',#8468);
#875=PLANE('',#8469);
#876=PLANE('',#8470);
#877=PLANE('',#8471);
#878=PLANE('',#8472);
#879=PLANE('',#8473);
#880=PLANE('',#8474);
#881=PLANE('',#8475);
#882=PLANE('',#8476);
#883=PLANE('',#8477);
#884=PLANE('',#8478);
#885=PLANE('',#8479);
#886=PLANE('',#8480);
#887=PLANE('',#8481);
#888=PLANE('',#8482);
#889=PLANE('',#8483);
#890=PLANE('',#8484);
#891=PLANE('',#8485);
#892=PLANE('',#8486);
#893=PLANE('',#8487);
#894=PLANE('',#8488);
#895=PLANE('',#8489);
#896=PLANE('',#8490);
#897=PLANE('',#8491);
#898=PLANE('',#8492);
#899=PLANE('',#8493);
#900=PLANE('',#8494);
#901=PLANE('',#8495);
#902=PLANE('',#8496);
#903=PLANE('',#8497);
#904=PLANE('',#8498);
#905=PLANE('',#8499);
#906=PLANE('',#8500);
#907=PLANE('',#8501);
#908=PLANE('',#8502);
#909=PLANE('',#8503);
#910=PLANE('',#8504);
#911=PLANE('',#8505);
#912=PLANE('',#8506);
#913=PLANE('',#8507);
#914=PLANE('',#8508);
#915=PLANE('',#8512);
#916=PLANE('',#8516);
#917=PLANE('',#8517);
#918=PLANE('',#8518);
#919=PLANE('',#8519);
#920=PLANE('',#8520);
#921=PLANE('',#8524);
#922=PLANE('',#8525);
#923=PLANE('',#8526);
#924=PLANE('',#8530);
#925=PLANE('',#8531);
#926=PLANE('',#8532);
#927=PLANE('',#8533);
#928=PLANE('',#8534);
#929=PLANE('',#8535);
#930=PLANE('',#8536);
#931=PLANE('',#8537);
#932=PLANE('',#8538);
#933=PLANE('',#8567);
#934=PLANE('',#8568);
#935=PLANE('',#8569);
#936=PLANE('',#8570);
#937=PLANE('',#8571);
#938=PLANE('',#8572);
#939=PLANE('',#8573);
#940=PLANE('',#8574);
#941=PLANE('',#8575);
#942=PLANE('',#8580);
#943=PLANE('',#8585);
#944=PLANE('',#8586);
#945=PLANE('',#8587);
#946=PLANE('',#8588);
#947=PLANE('',#8589);
#948=PLANE('',#8590);
#949=PLANE('',#8591);
#950=PLANE('',#8592);
#951=PLANE('',#8593);
#952=PLANE('',#8594);
#953=PLANE('',#8595);
#954=PLANE('',#8596);
#955=PLANE('',#8597);
#956=PLANE('',#8598);
#957=PLANE('',#8599);
#958=PLANE('',#8600);
#959=PLANE('',#8601);
#960=PLANE('',#8608);
#961=PLANE('',#8615);
#962=PLANE('',#8616);
#963=PLANE('',#8617);
#964=PLANE('',#8618);
#965=PLANE('',#8619);
#966=PLANE('',#8620);
#967=PLANE('',#8621);
#968=PLANE('',#8622);
#969=PLANE('',#8623);
#970=PLANE('',#8624);
#971=PLANE('',#8625);
#972=PLANE('',#8626);
#973=PLANE('',#8627);
#974=PLANE('',#8628);
#975=PLANE('',#8629);
#976=PLANE('',#8630);
#977=PLANE('',#8631);
#978=PLANE('',#8632);
#979=PLANE('',#8633);
#980=PLANE('',#8634);
#981=PLANE('',#8635);
#982=PLANE('',#8636);
#983=PLANE('',#8637);
#984=PLANE('',#8638);
#985=PLANE('',#8639);
#986=PLANE('',#8640);
#987=PLANE('',#8641);
#988=PLANE('',#8642);
#989=PLANE('',#8643);
#990=PLANE('',#8644);
#991=PLANE('',#8645);
#992=PLANE('',#8646);
#993=PLANE('',#8647);
#994=PLANE('',#8648);
#995=PLANE('',#8649);
#996=PLANE('',#8656);
#997=PLANE('',#8663);
#998=PLANE('',#8664);
#999=PLANE('',#8665);
#1000=PLANE('',#8666);
#1001=PLANE('',#8667);
#1002=PLANE('',#8668);
#1003=PLANE('',#8669);
#1004=PLANE('',#8670);
#1005=PLANE('',#8671);
#1006=PLANE('',#8686);
#1007=PLANE('',#8695);
#1008=PLANE('',#8696);
#1009=PLANE('',#8697);
#1010=PLANE('',#8698);
#1011=PLANE('',#8699);
#1012=PLANE('',#8700);
#1013=PLANE('',#8701);
#1014=PLANE('',#8702);
#1015=PLANE('',#8703);
#1016=PLANE('',#8704);
#1017=PLANE('',#8705);
#1018=PLANE('',#8708);
#1019=PLANE('',#8709);
#1020=PLANE('',#8710);
#1021=PLANE('',#8711);
#1022=PLANE('',#8712);
#1023=PLANE('',#8713);
#1024=PLANE('',#8714);
#1025=PLANE('',#8715);
#1026=PLANE('',#8716);
#1027=PLANE('',#8717);
#1028=PLANE('',#8718);
#1029=PLANE('',#8719);
#1030=PLANE('',#8720);
#1031=PLANE('',#8721);
#1032=PLANE('',#8722);
#1033=PLANE('',#8723);
#1034=PLANE('',#8724);
#1035=PLANE('',#8725);
#1036=PLANE('',#8732);
#1037=PLANE('',#8739);
#1038=PLANE('',#8740);
#1039=PLANE('',#8741);
#1040=PLANE('',#8742);
#1041=PLANE('',#8743);
#1042=PLANE('',#8744);
#1043=PLANE('',#8745);
#1044=PLANE('',#8746);
#1045=PLANE('',#8747);
#1046=PLANE('',#8748);
#1047=PLANE('',#8749);
#1048=PLANE('',#8750);
#1049=PLANE('',#8751);
#1050=PLANE('',#8752);
#1051=PLANE('',#8753);
#1052=PLANE('',#8754);
#1053=PLANE('',#8755);
#1054=PLANE('',#8756);
#1055=PLANE('',#8757);
#1056=PLANE('',#8758);
#1057=PLANE('',#8759);
#1058=PLANE('',#8769);
#1059=PLANE('',#8779);
#1060=PLANE('',#8780);
#1061=PLANE('',#8781);
#1062=PLANE('',#8782);
#1063=PLANE('',#8783);
#1064=PLANE('',#8784);
#1065=PLANE('',#8785);
#1066=FACE_OUTER_BOUND('',#1513,.T.);
#1067=FACE_OUTER_BOUND('',#1514,.T.);
#1068=FACE_OUTER_BOUND('',#1515,.T.);
#1069=FACE_OUTER_BOUND('',#1516,.T.);
#1070=FACE_OUTER_BOUND('',#1517,.T.);
#1071=FACE_OUTER_BOUND('',#1518,.T.);
#1072=FACE_OUTER_BOUND('',#1519,.T.);
#1073=FACE_OUTER_BOUND('',#1520,.T.);
#1074=FACE_OUTER_BOUND('',#1521,.T.);
#1075=FACE_OUTER_BOUND('',#1522,.T.);
#1076=FACE_OUTER_BOUND('',#1523,.T.);
#1077=FACE_OUTER_BOUND('',#1524,.T.);
#1078=FACE_OUTER_BOUND('',#1525,.T.);
#1079=FACE_OUTER_BOUND('',#1526,.T.);
#1080=FACE_OUTER_BOUND('',#1527,.T.);
#1081=FACE_OUTER_BOUND('',#1528,.T.);
#1082=FACE_OUTER_BOUND('',#1529,.T.);
#1083=FACE_OUTER_BOUND('',#1530,.T.);
#1084=FACE_OUTER_BOUND('',#1531,.T.);
#1085=FACE_OUTER_BOUND('',#1537,.T.);
#1086=FACE_OUTER_BOUND('',#1538,.T.);
#1087=FACE_OUTER_BOUND('',#1541,.T.);
#1088=FACE_OUTER_BOUND('',#1544,.T.);
#1089=FACE_OUTER_BOUND('',#1545,.T.);
#1090=FACE_OUTER_BOUND('',#1546,.T.);
#1091=FACE_OUTER_BOUND('',#1547,.T.);
#1092=FACE_OUTER_BOUND('',#1550,.T.);
#1093=FACE_OUTER_BOUND('',#1551,.T.);
#1094=FACE_OUTER_BOUND('',#1552,.T.);
#1095=FACE_OUTER_BOUND('',#1553,.T.);
#1096=FACE_OUTER_BOUND('',#1554,.T.);
#1097=FACE_OUTER_BOUND('',#1555,.T.);
#1098=FACE_OUTER_BOUND('',#1556,.T.);
#1099=FACE_OUTER_BOUND('',#1557,.T.);
#1100=FACE_OUTER_BOUND('',#1558,.T.);
#1101=FACE_OUTER_BOUND('',#1559,.T.);
#1102=FACE_OUTER_BOUND('',#1560,.T.);
#1103=FACE_OUTER_BOUND('',#1561,.T.);
#1104=FACE_OUTER_BOUND('',#1562,.T.);
#1105=FACE_OUTER_BOUND('',#1563,.T.);
#1106=FACE_OUTER_BOUND('',#1564,.T.);
#1107=FACE_OUTER_BOUND('',#1565,.T.);
#1108=FACE_OUTER_BOUND('',#1566,.T.);
#1109=FACE_OUTER_BOUND('',#1567,.T.);
#1110=FACE_OUTER_BOUND('',#1568,.T.);
#1111=FACE_OUTER_BOUND('',#1569,.T.);
#1112=FACE_OUTER_BOUND('',#1570,.T.);
#1113=FACE_OUTER_BOUND('',#1571,.T.);
#1114=FACE_OUTER_BOUND('',#1572,.T.);
#1115=FACE_OUTER_BOUND('',#1573,.T.);
#1116=FACE_OUTER_BOUND('',#1574,.T.);
#1117=FACE_OUTER_BOUND('',#1575,.T.);
#1118=FACE_OUTER_BOUND('',#1576,.T.);
#1119=FACE_OUTER_BOUND('',#1577,.T.);
#1120=FACE_OUTER_BOUND('',#1578,.T.);
#1121=FACE_OUTER_BOUND('',#1579,.T.);
#1122=FACE_OUTER_BOUND('',#1580,.T.);
#1123=FACE_OUTER_BOUND('',#1581,.T.);
#1124=FACE_OUTER_BOUND('',#1582,.T.);
#1125=FACE_OUTER_BOUND('',#1583,.T.);
#1126=FACE_OUTER_BOUND('',#1584,.T.);
#1127=FACE_OUTER_BOUND('',#1585,.T.);
#1128=FACE_OUTER_BOUND('',#1586,.T.);
#1129=FACE_OUTER_BOUND('',#1587,.T.);
#1130=FACE_OUTER_BOUND('',#1588,.T.);
#1131=FACE_OUTER_BOUND('',#1589,.T.);
#1132=FACE_OUTER_BOUND('',#1590,.T.);
#1133=FACE_OUTER_BOUND('',#1591,.T.);
#1134=FACE_OUTER_BOUND('',#1592,.T.);
#1135=FACE_OUTER_BOUND('',#1593,.T.);
#1136=FACE_OUTER_BOUND('',#1594,.T.);
#1137=FACE_OUTER_BOUND('',#1595,.T.);
#1138=FACE_OUTER_BOUND('',#1596,.T.);
#1139=FACE_OUTER_BOUND('',#1597,.T.);
#1140=FACE_OUTER_BOUND('',#1598,.T.);
#1141=FACE_OUTER_BOUND('',#1599,.T.);
#1142=FACE_OUTER_BOUND('',#1600,.T.);
#1143=FACE_OUTER_BOUND('',#1601,.T.);
#1144=FACE_OUTER_BOUND('',#1602,.T.);
#1145=FACE_OUTER_BOUND('',#1603,.T.);
#1146=FACE_OUTER_BOUND('',#1604,.T.);
#1147=FACE_OUTER_BOUND('',#1605,.T.);
#1148=FACE_OUTER_BOUND('',#1606,.T.);
#1149=FACE_OUTER_BOUND('',#1607,.T.);
#1150=FACE_OUTER_BOUND('',#1608,.T.);
#1151=FACE_OUTER_BOUND('',#1609,.T.);
#1152=FACE_OUTER_BOUND('',#1610,.T.);
#1153=FACE_OUTER_BOUND('',#1611,.T.);
#1154=FACE_OUTER_BOUND('',#1612,.T.);
#1155=FACE_OUTER_BOUND('',#1613,.T.);
#1156=FACE_OUTER_BOUND('',#1614,.T.);
#1157=FACE_OUTER_BOUND('',#1615,.T.);
#1158=FACE_OUTER_BOUND('',#1616,.T.);
#1159=FACE_OUTER_BOUND('',#1617,.T.);
#1160=FACE_OUTER_BOUND('',#1618,.T.);
#1161=FACE_OUTER_BOUND('',#1619,.T.);
#1162=FACE_OUTER_BOUND('',#1620,.T.);
#1163=FACE_OUTER_BOUND('',#1621,.T.);
#1164=FACE_OUTER_BOUND('',#1622,.T.);
#1165=FACE_OUTER_BOUND('',#1623,.T.);
#1166=FACE_OUTER_BOUND('',#1624,.T.);
#1167=FACE_OUTER_BOUND('',#1625,.T.);
#1168=FACE_OUTER_BOUND('',#1626,.T.);
#1169=FACE_OUTER_BOUND('',#1627,.T.);
#1170=FACE_OUTER_BOUND('',#1628,.T.);
#1171=FACE_OUTER_BOUND('',#1629,.T.);
#1172=FACE_OUTER_BOUND('',#1630,.T.);
#1173=FACE_OUTER_BOUND('',#1631,.T.);
#1174=FACE_OUTER_BOUND('',#1632,.T.);
#1175=FACE_OUTER_BOUND('',#1633,.T.);
#1176=FACE_OUTER_BOUND('',#1634,.T.);
#1177=FACE_OUTER_BOUND('',#1635,.T.);
#1178=FACE_OUTER_BOUND('',#1636,.T.);
#1179=FACE_OUTER_BOUND('',#1637,.T.);
#1180=FACE_OUTER_BOUND('',#1638,.T.);
#1181=FACE_OUTER_BOUND('',#1639,.T.);
#1182=FACE_OUTER_BOUND('',#1640,.T.);
#1183=FACE_OUTER_BOUND('',#1641,.T.);
#1184=FACE_OUTER_BOUND('',#1642,.T.);
#1185=FACE_OUTER_BOUND('',#1643,.T.);
#1186=FACE_OUTER_BOUND('',#1644,.T.);
#1187=FACE_OUTER_BOUND('',#1645,.T.);
#1188=FACE_OUTER_BOUND('',#1646,.T.);
#1189=FACE_OUTER_BOUND('',#1647,.T.);
#1190=FACE_OUTER_BOUND('',#1648,.T.);
#1191=FACE_OUTER_BOUND('',#1649,.T.);
#1192=FACE_OUTER_BOUND('',#1650,.T.);
#1193=FACE_OUTER_BOUND('',#1651,.T.);
#1194=FACE_OUTER_BOUND('',#1652,.T.);
#1195=FACE_OUTER_BOUND('',#1653,.T.);
#1196=FACE_OUTER_BOUND('',#1654,.T.);
#1197=FACE_OUTER_BOUND('',#1655,.T.);
#1198=FACE_OUTER_BOUND('',#1656,.T.);
#1199=FACE_OUTER_BOUND('',#1658,.T.);
#1200=FACE_OUTER_BOUND('',#1659,.T.);
#1201=FACE_OUTER_BOUND('',#1660,.T.);
#1202=FACE_OUTER_BOUND('',#1661,.T.);
#1203=FACE_OUTER_BOUND('',#1662,.T.);
#1204=FACE_OUTER_BOUND('',#1663,.T.);
#1205=FACE_OUTER_BOUND('',#1664,.T.);
#1206=FACE_OUTER_BOUND('',#1665,.T.);
#1207=FACE_OUTER_BOUND('',#1666,.T.);
#1208=FACE_OUTER_BOUND('',#1667,.T.);
#1209=FACE_OUTER_BOUND('',#1668,.T.);
#1210=FACE_OUTER_BOUND('',#1670,.T.);
#1211=FACE_OUTER_BOUND('',#1671,.T.);
#1212=FACE_OUTER_BOUND('',#1672,.T.);
#1213=FACE_OUTER_BOUND('',#1673,.T.);
#1214=FACE_OUTER_BOUND('',#1674,.T.);
#1215=FACE_OUTER_BOUND('',#1675,.T.);
#1216=FACE_OUTER_BOUND('',#1676,.T.);
#1217=FACE_OUTER_BOUND('',#1677,.T.);
#1218=FACE_OUTER_BOUND('',#1678,.T.);
#1219=FACE_OUTER_BOUND('',#1679,.T.);
#1220=FACE_OUTER_BOUND('',#1680,.T.);
#1221=FACE_OUTER_BOUND('',#1681,.T.);
#1222=FACE_OUTER_BOUND('',#1682,.T.);
#1223=FACE_OUTER_BOUND('',#1683,.T.);
#1224=FACE_OUTER_BOUND('',#1684,.T.);
#1225=FACE_OUTER_BOUND('',#1685,.T.);
#1226=FACE_OUTER_BOUND('',#1686,.T.);
#1227=FACE_OUTER_BOUND('',#1687,.T.);
#1228=FACE_OUTER_BOUND('',#1688,.T.);
#1229=FACE_OUTER_BOUND('',#1689,.T.);
#1230=FACE_OUTER_BOUND('',#1690,.T.);
#1231=FACE_OUTER_BOUND('',#1691,.T.);
#1232=FACE_OUTER_BOUND('',#1692,.T.);
#1233=FACE_OUTER_BOUND('',#1693,.T.);
#1234=FACE_OUTER_BOUND('',#1694,.T.);
#1235=FACE_OUTER_BOUND('',#1695,.T.);
#1236=FACE_OUTER_BOUND('',#1696,.T.);
#1237=FACE_OUTER_BOUND('',#1697,.T.);
#1238=FACE_OUTER_BOUND('',#1698,.T.);
#1239=FACE_OUTER_BOUND('',#1699,.T.);
#1240=FACE_OUTER_BOUND('',#1700,.T.);
#1241=FACE_OUTER_BOUND('',#1701,.T.);
#1242=FACE_OUTER_BOUND('',#1702,.T.);
#1243=FACE_OUTER_BOUND('',#1703,.T.);
#1244=FACE_OUTER_BOUND('',#1704,.T.);
#1245=FACE_OUTER_BOUND('',#1705,.T.);
#1246=FACE_OUTER_BOUND('',#1706,.T.);
#1247=FACE_OUTER_BOUND('',#1707,.T.);
#1248=FACE_OUTER_BOUND('',#1708,.T.);
#1249=FACE_OUTER_BOUND('',#1709,.T.);
#1250=FACE_OUTER_BOUND('',#1710,.T.);
#1251=FACE_OUTER_BOUND('',#1711,.T.);
#1252=FACE_OUTER_BOUND('',#1712,.T.);
#1253=FACE_OUTER_BOUND('',#1713,.T.);
#1254=FACE_OUTER_BOUND('',#1714,.T.);
#1255=FACE_OUTER_BOUND('',#1715,.T.);
#1256=FACE_OUTER_BOUND('',#1716,.T.);
#1257=FACE_OUTER_BOUND('',#1717,.T.);
#1258=FACE_OUTER_BOUND('',#1718,.T.);
#1259=FACE_OUTER_BOUND('',#1719,.T.);
#1260=FACE_OUTER_BOUND('',#1720,.T.);
#1261=FACE_OUTER_BOUND('',#1721,.T.);
#1262=FACE_OUTER_BOUND('',#1722,.T.);
#1263=FACE_OUTER_BOUND('',#1723,.T.);
#1264=FACE_OUTER_BOUND('',#1724,.T.);
#1265=FACE_OUTER_BOUND('',#1725,.T.);
#1266=FACE_OUTER_BOUND('',#1726,.T.);
#1267=FACE_OUTER_BOUND('',#1727,.T.);
#1268=FACE_OUTER_BOUND('',#1728,.T.);
#1269=FACE_OUTER_BOUND('',#1729,.T.);
#1270=FACE_OUTER_BOUND('',#1730,.T.);
#1271=FACE_OUTER_BOUND('',#1731,.T.);
#1272=FACE_OUTER_BOUND('',#1732,.T.);
#1273=FACE_OUTER_BOUND('',#1733,.T.);
#1274=FACE_OUTER_BOUND('',#1734,.T.);
#1275=FACE_OUTER_BOUND('',#1735,.T.);
#1276=FACE_OUTER_BOUND('',#1736,.T.);
#1277=FACE_OUTER_BOUND('',#1737,.T.);
#1278=FACE_OUTER_BOUND('',#1738,.T.);
#1279=FACE_OUTER_BOUND('',#1739,.T.);
#1280=FACE_OUTER_BOUND('',#1740,.T.);
#1281=FACE_OUTER_BOUND('',#1741,.T.);
#1282=FACE_OUTER_BOUND('',#1742,.T.);
#1283=FACE_OUTER_BOUND('',#1743,.T.);
#1284=FACE_OUTER_BOUND('',#1744,.T.);
#1285=FACE_OUTER_BOUND('',#1745,.T.);
#1286=FACE_OUTER_BOUND('',#1746,.T.);
#1287=FACE_OUTER_BOUND('',#1747,.T.);
#1288=FACE_OUTER_BOUND('',#1748,.T.);
#1289=FACE_OUTER_BOUND('',#1749,.T.);
#1290=FACE_OUTER_BOUND('',#1750,.T.);
#1291=FACE_OUTER_BOUND('',#1751,.T.);
#1292=FACE_OUTER_BOUND('',#1752,.T.);
#1293=FACE_OUTER_BOUND('',#1753,.T.);
#1294=FACE_OUTER_BOUND('',#1754,.T.);
#1295=FACE_OUTER_BOUND('',#1755,.T.);
#1296=FACE_OUTER_BOUND('',#1756,.T.);
#1297=FACE_OUTER_BOUND('',#1757,.T.);
#1298=FACE_OUTER_BOUND('',#1758,.T.);
#1299=FACE_OUTER_BOUND('',#1759,.T.);
#1300=FACE_OUTER_BOUND('',#1760,.T.);
#1301=FACE_OUTER_BOUND('',#1761,.T.);
#1302=FACE_OUTER_BOUND('',#1762,.T.);
#1303=FACE_OUTER_BOUND('',#1763,.T.);
#1304=FACE_OUTER_BOUND('',#1764,.T.);
#1305=FACE_OUTER_BOUND('',#1765,.T.);
#1306=FACE_OUTER_BOUND('',#1766,.T.);
#1307=FACE_OUTER_BOUND('',#1767,.T.);
#1308=FACE_OUTER_BOUND('',#1768,.T.);
#1309=FACE_OUTER_BOUND('',#1769,.T.);
#1310=FACE_OUTER_BOUND('',#1770,.T.);
#1311=FACE_OUTER_BOUND('',#1771,.T.);
#1312=FACE_OUTER_BOUND('',#1772,.T.);
#1313=FACE_OUTER_BOUND('',#1773,.T.);
#1314=FACE_OUTER_BOUND('',#1774,.T.);
#1315=FACE_OUTER_BOUND('',#1775,.T.);
#1316=FACE_OUTER_BOUND('',#1776,.T.);
#1317=FACE_OUTER_BOUND('',#1777,.T.);
#1318=FACE_OUTER_BOUND('',#1778,.T.);
#1319=FACE_OUTER_BOUND('',#1779,.T.);
#1320=FACE_OUTER_BOUND('',#1780,.T.);
#1321=FACE_OUTER_BOUND('',#1782,.T.);
#1322=FACE_OUTER_BOUND('',#1784,.T.);
#1323=FACE_OUTER_BOUND('',#1785,.T.);
#1324=FACE_OUTER_BOUND('',#1786,.T.);
#1325=FACE_OUTER_BOUND('',#1787,.T.);
#1326=FACE_OUTER_BOUND('',#1788,.T.);
#1327=FACE_OUTER_BOUND('',#1789,.T.);
#1328=FACE_OUTER_BOUND('',#1790,.T.);
#1329=FACE_OUTER_BOUND('',#1791,.T.);
#1330=FACE_OUTER_BOUND('',#1792,.T.);
#1331=FACE_OUTER_BOUND('',#1793,.T.);
#1332=FACE_OUTER_BOUND('',#1794,.T.);
#1333=FACE_OUTER_BOUND('',#1795,.T.);
#1334=FACE_OUTER_BOUND('',#1796,.T.);
#1335=FACE_OUTER_BOUND('',#1797,.T.);
#1336=FACE_OUTER_BOUND('',#1798,.T.);
#1337=FACE_OUTER_BOUND('',#1800,.T.);
#1338=FACE_OUTER_BOUND('',#1802,.T.);
#1339=FACE_OUTER_BOUND('',#1803,.T.);
#1340=FACE_OUTER_BOUND('',#1804,.T.);
#1341=FACE_OUTER_BOUND('',#1805,.T.);
#1342=FACE_OUTER_BOUND('',#1806,.T.);
#1343=FACE_OUTER_BOUND('',#1807,.T.);
#1344=FACE_OUTER_BOUND('',#1808,.T.);
#1345=FACE_OUTER_BOUND('',#1809,.T.);
#1346=FACE_OUTER_BOUND('',#1810,.T.);
#1347=FACE_OUTER_BOUND('',#1811,.T.);
#1348=FACE_OUTER_BOUND('',#1812,.T.);
#1349=FACE_OUTER_BOUND('',#1813,.T.);
#1350=FACE_OUTER_BOUND('',#1814,.T.);
#1351=FACE_OUTER_BOUND('',#1815,.T.);
#1352=FACE_OUTER_BOUND('',#1816,.T.);
#1353=FACE_OUTER_BOUND('',#1817,.T.);
#1354=FACE_OUTER_BOUND('',#1818,.T.);
#1355=FACE_OUTER_BOUND('',#1819,.T.);
#1356=FACE_OUTER_BOUND('',#1820,.T.);
#1357=FACE_OUTER_BOUND('',#1821,.T.);
#1358=FACE_OUTER_BOUND('',#1822,.T.);
#1359=FACE_OUTER_BOUND('',#1823,.T.);
#1360=FACE_OUTER_BOUND('',#1824,.T.);
#1361=FACE_OUTER_BOUND('',#1825,.T.);
#1362=FACE_OUTER_BOUND('',#1826,.T.);
#1363=FACE_OUTER_BOUND('',#1827,.T.);
#1364=FACE_OUTER_BOUND('',#1828,.T.);
#1365=FACE_OUTER_BOUND('',#1829,.T.);
#1366=FACE_OUTER_BOUND('',#1830,.T.);
#1367=FACE_OUTER_BOUND('',#1832,.T.);
#1368=FACE_OUTER_BOUND('',#1834,.T.);
#1369=FACE_OUTER_BOUND('',#1835,.T.);
#1370=FACE_OUTER_BOUND('',#1836,.T.);
#1371=FACE_OUTER_BOUND('',#1837,.T.);
#1372=FACE_OUTER_BOUND('',#1838,.T.);
#1373=FACE_OUTER_BOUND('',#1839,.T.);
#1374=FACE_OUTER_BOUND('',#1840,.T.);
#1375=FACE_OUTER_BOUND('',#1841,.T.);
#1376=FACE_OUTER_BOUND('',#1842,.T.);
#1377=FACE_OUTER_BOUND('',#1843,.T.);
#1378=FACE_OUTER_BOUND('',#1844,.T.);
#1379=FACE_OUTER_BOUND('',#1845,.T.);
#1380=FACE_OUTER_BOUND('',#1846,.T.);
#1381=FACE_OUTER_BOUND('',#1847,.T.);
#1382=FACE_OUTER_BOUND('',#1848,.T.);
#1383=FACE_OUTER_BOUND('',#1849,.T.);
#1384=FACE_OUTER_BOUND('',#1850,.T.);
#1385=FACE_OUTER_BOUND('',#1851,.T.);
#1386=FACE_OUTER_BOUND('',#1852,.T.);
#1387=FACE_OUTER_BOUND('',#1853,.T.);
#1388=FACE_OUTER_BOUND('',#1854,.T.);
#1389=FACE_OUTER_BOUND('',#1855,.T.);
#1390=FACE_OUTER_BOUND('',#1856,.T.);
#1391=FACE_OUTER_BOUND('',#1857,.T.);
#1392=FACE_OUTER_BOUND('',#1858,.T.);
#1393=FACE_OUTER_BOUND('',#1859,.T.);
#1394=FACE_OUTER_BOUND('',#1860,.T.);
#1395=FACE_OUTER_BOUND('',#1861,.T.);
#1396=FACE_OUTER_BOUND('',#1862,.T.);
#1397=FACE_OUTER_BOUND('',#1863,.T.);
#1398=FACE_OUTER_BOUND('',#1864,.T.);
#1399=FACE_OUTER_BOUND('',#1865,.T.);
#1400=FACE_OUTER_BOUND('',#1866,.T.);
#1401=FACE_OUTER_BOUND('',#1867,.T.);
#1402=FACE_OUTER_BOUND('',#1868,.T.);
#1403=FACE_OUTER_BOUND('',#1869,.T.);
#1404=FACE_OUTER_BOUND('',#1870,.T.);
#1405=FACE_OUTER_BOUND('',#1871,.T.);
#1406=FACE_OUTER_BOUND('',#1872,.T.);
#1407=FACE_OUTER_BOUND('',#1873,.T.);
#1408=FACE_OUTER_BOUND('',#1874,.T.);
#1409=FACE_OUTER_BOUND('',#1875,.T.);
#1410=FACE_OUTER_BOUND('',#1876,.T.);
#1411=FACE_OUTER_BOUND('',#1877,.T.);
#1412=FACE_OUTER_BOUND('',#1878,.T.);
#1413=FACE_OUTER_BOUND('',#1879,.T.);
#1414=FACE_OUTER_BOUND('',#1880,.T.);
#1415=FACE_OUTER_BOUND('',#1881,.T.);
#1416=FACE_OUTER_BOUND('',#1882,.T.);
#1417=FACE_OUTER_BOUND('',#1883,.T.);
#1418=FACE_OUTER_BOUND('',#1884,.T.);
#1419=FACE_OUTER_BOUND('',#1885,.T.);
#1420=FACE_OUTER_BOUND('',#1886,.T.);
#1421=FACE_OUTER_BOUND('',#1887,.T.);
#1422=FACE_OUTER_BOUND('',#1888,.T.);
#1423=FACE_OUTER_BOUND('',#1889,.T.);
#1424=FACE_OUTER_BOUND('',#1890,.T.);
#1425=FACE_OUTER_BOUND('',#1891,.T.);
#1426=FACE_OUTER_BOUND('',#1892,.T.);
#1427=FACE_OUTER_BOUND('',#1893,.T.);
#1428=FACE_OUTER_BOUND('',#1894,.T.);
#1429=FACE_OUTER_BOUND('',#1895,.T.);
#1430=FACE_OUTER_BOUND('',#1896,.T.);
#1431=FACE_OUTER_BOUND('',#1897,.T.);
#1432=FACE_OUTER_BOUND('',#1898,.T.);
#1433=FACE_OUTER_BOUND('',#1899,.T.);
#1434=FACE_OUTER_BOUND('',#1900,.T.);
#1435=FACE_OUTER_BOUND('',#1901,.T.);
#1436=FACE_OUTER_BOUND('',#1902,.T.);
#1437=FACE_OUTER_BOUND('',#1903,.T.);
#1438=FACE_OUTER_BOUND('',#1904,.T.);
#1439=FACE_OUTER_BOUND('',#1905,.T.);
#1440=FACE_OUTER_BOUND('',#1906,.T.);
#1441=FACE_OUTER_BOUND('',#1907,.T.);
#1442=FACE_OUTER_BOUND('',#1908,.T.);
#1443=FACE_OUTER_BOUND('',#1909,.T.);
#1444=FACE_OUTER_BOUND('',#1910,.T.);
#1445=FACE_OUTER_BOUND('',#1912,.T.);
#1446=FACE_OUTER_BOUND('',#1914,.T.);
#1447=FACE_OUTER_BOUND('',#1915,.T.);
#1448=FACE_OUTER_BOUND('',#1916,.T.);
#1449=FACE_OUTER_BOUND('',#1917,.T.);
#1450=FACE_OUTER_BOUND('',#1918,.T.);
#1451=FACE_OUTER_BOUND('',#1919,.T.);
#1452=FACE_OUTER_BOUND('',#1920,.T.);
#1453=FACE_OUTER_BOUND('',#1921,.T.);
#1454=FACE_OUTER_BOUND('',#1922,.T.);
#1455=FACE_OUTER_BOUND('',#1923,.T.);
#1456=FACE_OUTER_BOUND('',#1924,.T.);
#1457=FACE_OUTER_BOUND('',#1925,.T.);
#1458=FACE_OUTER_BOUND('',#1926,.T.);
#1459=FACE_OUTER_BOUND('',#1927,.T.);
#1460=FACE_OUTER_BOUND('',#1928,.T.);
#1461=FACE_OUTER_BOUND('',#1930,.T.);
#1462=FACE_OUTER_BOUND('',#1932,.T.);
#1463=FACE_OUTER_BOUND('',#1933,.T.);
#1464=FACE_OUTER_BOUND('',#1934,.T.);
#1465=FACE_OUTER_BOUND('',#1935,.T.);
#1466=FACE_OUTER_BOUND('',#1936,.T.);
#1467=FACE_OUTER_BOUND('',#1937,.T.);
#1468=FACE_OUTER_BOUND('',#1938,.T.);
#1469=FACE_OUTER_BOUND('',#1939,.T.);
#1470=FACE_OUTER_BOUND('',#1940,.T.);
#1471=FACE_OUTER_BOUND('',#1941,.T.);
#1472=FACE_OUTER_BOUND('',#1942,.T.);
#1473=FACE_OUTER_BOUND('',#1943,.T.);
#1474=FACE_OUTER_BOUND('',#1944,.T.);
#1475=FACE_OUTER_BOUND('',#1945,.T.);
#1476=FACE_OUTER_BOUND('',#1946,.T.);
#1477=FACE_OUTER_BOUND('',#1948,.T.);
#1478=FACE_OUTER_BOUND('',#1950,.T.);
#1479=FACE_OUTER_BOUND('',#1951,.T.);
#1480=FACE_OUTER_BOUND('',#1952,.T.);
#1481=FACE_OUTER_BOUND('',#1953,.T.);
#1482=FACE_OUTER_BOUND('',#1954,.T.);
#1483=FACE_OUTER_BOUND('',#1955,.T.);
#1484=FACE_OUTER_BOUND('',#1956,.T.);
#1485=FACE_OUTER_BOUND('',#1957,.T.);
#1486=FACE_OUTER_BOUND('',#1958,.T.);
#1487=FACE_OUTER_BOUND('',#1959,.T.);
#1488=FACE_OUTER_BOUND('',#1960,.T.);
#1489=FACE_OUTER_BOUND('',#1961,.T.);
#1490=FACE_OUTER_BOUND('',#1962,.T.);
#1491=FACE_OUTER_BOUND('',#1963,.T.);
#1492=FACE_OUTER_BOUND('',#1964,.T.);
#1493=FACE_OUTER_BOUND('',#1965,.T.);
#1494=FACE_OUTER_BOUND('',#1966,.T.);
#1495=FACE_OUTER_BOUND('',#1967,.T.);
#1496=FACE_OUTER_BOUND('',#1968,.T.);
#1497=FACE_OUTER_BOUND('',#1969,.T.);
#1498=FACE_OUTER_BOUND('',#1970,.T.);
#1499=FACE_OUTER_BOUND('',#1971,.T.);
#1500=FACE_OUTER_BOUND('',#1972,.T.);
#1501=FACE_OUTER_BOUND('',#1973,.T.);
#1502=FACE_OUTER_BOUND('',#1974,.T.);
#1503=FACE_OUTER_BOUND('',#1975,.T.);
#1504=FACE_OUTER_BOUND('',#1976,.T.);
#1505=FACE_OUTER_BOUND('',#1977,.T.);
#1506=FACE_OUTER_BOUND('',#1978,.T.);
#1507=FACE_OUTER_BOUND('',#1979,.T.);
#1508=FACE_OUTER_BOUND('',#1980,.T.);
#1509=FACE_OUTER_BOUND('',#1981,.T.);
#1510=FACE_OUTER_BOUND('',#1982,.T.);
#1511=FACE_OUTER_BOUND('',#1983,.T.);
#1512=FACE_OUTER_BOUND('',#1984,.T.);
#1513=EDGE_LOOP('',(#5551,#5552,#5553,#5554));
#1514=EDGE_LOOP('',(#5555,#5556,#5557,#5558));
#1515=EDGE_LOOP('',(#5559,#5560,#5561,#5562));
#1516=EDGE_LOOP('',(#5563,#5564,#5565,#5566));
#1517=EDGE_LOOP('',(#5567,#5568,#5569,#5570));
#1518=EDGE_LOOP('',(#5571,#5572,#5573,#5574));
#1519=EDGE_LOOP('',(#5575,#5576,#5577,#5578));
#1520=EDGE_LOOP('',(#5579,#5580,#5581,#5582));
#1521=EDGE_LOOP('',(#5583,#5584,#5585,#5586));
#1522=EDGE_LOOP('',(#5587,#5588,#5589,#5590,#5591,#5592,#5593,#5594));
#1523=EDGE_LOOP('',(#5595,#5596,#5597,#5598));
#1524=EDGE_LOOP('',(#5599,#5600,#5601));
#1525=EDGE_LOOP('',(#5602,#5603,#5604));
#1526=EDGE_LOOP('',(#5605,#5606,#5607,#5608));
#1527=EDGE_LOOP('',(#5609,#5610,#5611,#5612));
#1528=EDGE_LOOP('',(#5613,#5614,#5615));
#1529=EDGE_LOOP('',(#5616,#5617,#5618));
#1530=EDGE_LOOP('',(#5619,#5620,#5621,#5622));
#1531=EDGE_LOOP('',(#5623,#5624,#5625,#5626));
#1532=EDGE_LOOP('',(#5627,#5628,#5629,#5630,#5631,#5632,#5633,#5634));
#1533=EDGE_LOOP('',(#5635,#5636,#5637,#5638,#5639));
#1534=EDGE_LOOP('',(#5640,#5641,#5642,#5643,#5644,#5645,#5646,#5647,#5648,
#5649,#5650,#5651));
#1535=EDGE_LOOP('',(#5652,#5653,#5654,#5655,#5656,#5657,#5658,#5659,#5660,
#5661));
#1536=EDGE_LOOP('',(#5662,#5663,#5664,#5665,#5666,#5667));
#1537=EDGE_LOOP('',(#5668,#5669,#5670,#5671,#5672,#5673,#5674,#5675,#5676,
#5677,#5678,#5679,#5680,#5681,#5682,#5683));
#1538=EDGE_LOOP('',(#5684,#5685,#5686,#5687));
#1539=EDGE_LOOP('',(#5688,#5689,#5690,#5691));
#1540=EDGE_LOOP('',(#5692,#5693,#5694,#5695));
#1541=EDGE_LOOP('',(#5696,#5697,#5698,#5699));
#1542=EDGE_LOOP('',(#5700,#5701,#5702,#5703));
#1543=EDGE_LOOP('',(#5704,#5705,#5706,#5707));
#1544=EDGE_LOOP('',(#5708,#5709,#5710,#5711));
#1545=EDGE_LOOP('',(#5712,#5713,#5714,#5715));
#1546=EDGE_LOOP('',(#5716,#5717,#5718,#5719));
#1547=EDGE_LOOP('',(#5720,#5721,#5722,#5723,#5724,#5725,#5726,#5727,#5728,
#5729,#5730,#5731,#5732,#5733,#5734,#5735));
#1548=EDGE_LOOP('',(#5736,#5737,#5738,#5739));
#1549=EDGE_LOOP('',(#5740,#5741,#5742,#5743));
#1550=EDGE_LOOP('',(#5744,#5745,#5746,#5747));
#1551=EDGE_LOOP('',(#5748,#5749,#5750,#5751));
#1552=EDGE_LOOP('',(#5752,#5753,#5754,#5755));
#1553=EDGE_LOOP('',(#5756,#5757,#5758,#5759));
#1554=EDGE_LOOP('',(#5760,#5761,#5762,#5763));
#1555=EDGE_LOOP('',(#5764,#5765,#5766,#5767));
#1556=EDGE_LOOP('',(#5768,#5769,#5770,#5771));
#1557=EDGE_LOOP('',(#5772,#5773,#5774,#5775));
#1558=EDGE_LOOP('',(#5776,#5777,#5778,#5779));
#1559=EDGE_LOOP('',(#5780,#5781,#5782,#5783));
#1560=EDGE_LOOP('',(#5784,#5785,#5786,#5787));
#1561=EDGE_LOOP('',(#5788,#5789,#5790,#5791));
#1562=EDGE_LOOP('',(#5792,#5793,#5794,#5795,#5796,#5797));
#1563=EDGE_LOOP('',(#5798,#5799,#5800,#5801));
#1564=EDGE_LOOP('',(#5802,#5803,#5804,#5805,#5806,#5807));
#1565=EDGE_LOOP('',(#5808,#5809,#5810,#5811));
#1566=EDGE_LOOP('',(#5812,#5813,#5814,#5815));
#1567=EDGE_LOOP('',(#5816,#5817,#5818,#5819));
#1568=EDGE_LOOP('',(#5820,#5821,#5822,#5823));
#1569=EDGE_LOOP('',(#5824,#5825,#5826,#5827));
#1570=EDGE_LOOP('',(#5828,#5829,#5830,#5831));
#1571=EDGE_LOOP('',(#5832,#5833,#5834,#5835));
#1572=EDGE_LOOP('',(#5836,#5837,#5838,#5839));
#1573=EDGE_LOOP('',(#5840,#5841,#5842,#5843));
#1574=EDGE_LOOP('',(#5844,#5845,#5846,#5847));
#1575=EDGE_LOOP('',(#5848,#5849,#5850,#5851,#5852,#5853));
#1576=EDGE_LOOP('',(#5854,#5855,#5856,#5857));
#1577=EDGE_LOOP('',(#5858,#5859,#5860,#5861,#5862,#5863));
#1578=EDGE_LOOP('',(#5864,#5865,#5866,#5867));
#1579=EDGE_LOOP('',(#5868,#5869,#5870,#5871));
#1580=EDGE_LOOP('',(#5872,#5873,#5874,#5875));
#1581=EDGE_LOOP('',(#5876,#5877,#5878,#5879));
#1582=EDGE_LOOP('',(#5880,#5881,#5882,#5883));
#1583=EDGE_LOOP('',(#5884,#5885,#5886,#5887));
#1584=EDGE_LOOP('',(#5888,#5889,#5890,#5891));
#1585=EDGE_LOOP('',(#5892,#5893,#5894,#5895));
#1586=EDGE_LOOP('',(#5896,#5897,#5898,#5899));
#1587=EDGE_LOOP('',(#5900,#5901,#5902,#5903));
#1588=EDGE_LOOP('',(#5904,#5905,#5906,#5907));
#1589=EDGE_LOOP('',(#5908,#5909,#5910,#5911));
#1590=EDGE_LOOP('',(#5912,#5913,#5914,#5915));
#1591=EDGE_LOOP('',(#5916,#5917,#5918,#5919));
#1592=EDGE_LOOP('',(#5920,#5921,#5922,#5923,#5924,#5925));
#1593=EDGE_LOOP('',(#5926,#5927,#5928,#5929));
#1594=EDGE_LOOP('',(#5930,#5931,#5932,#5933,#5934,#5935));
#1595=EDGE_LOOP('',(#5936,#5937,#5938,#5939));
#1596=EDGE_LOOP('',(#5940,#5941,#5942,#5943));
#1597=EDGE_LOOP('',(#5944,#5945,#5946,#5947));
#1598=EDGE_LOOP('',(#5948,#5949,#5950,#5951));
#1599=EDGE_LOOP('',(#5952,#5953,#5954,#5955));
#1600=EDGE_LOOP('',(#5956,#5957,#5958,#5959));
#1601=EDGE_LOOP('',(#5960,#5961,#5962,#5963));
#1602=EDGE_LOOP('',(#5964,#5965,#5966,#5967));
#1603=EDGE_LOOP('',(#5968,#5969,#5970,#5971));
#1604=EDGE_LOOP('',(#5972,#5973,#5974,#5975));
#1605=EDGE_LOOP('',(#5976,#5977,#5978,#5979,#5980,#5981));
#1606=EDGE_LOOP('',(#5982,#5983,#5984,#5985));
#1607=EDGE_LOOP('',(#5986,#5987,#5988,#5989,#5990,#5991));
#1608=EDGE_LOOP('',(#5992,#5993,#5994,#5995));
#1609=EDGE_LOOP('',(#5996,#5997,#5998,#5999));
#1610=EDGE_LOOP('',(#6000,#6001,#6002,#6003));
#1611=EDGE_LOOP('',(#6004,#6005,#6006,#6007));
#1612=EDGE_LOOP('',(#6008,#6009,#6010,#6011));
#1613=EDGE_LOOP('',(#6012,#6013,#6014,#6015));
#1614=EDGE_LOOP('',(#6016,#6017,#6018,#6019));
#1615=EDGE_LOOP('',(#6020,#6021,#6022,#6023));
#1616=EDGE_LOOP('',(#6024,#6025,#6026,#6027));
#1617=EDGE_LOOP('',(#6028,#6029,#6030,#6031));
#1618=EDGE_LOOP('',(#6032,#6033,#6034,#6035));
#1619=EDGE_LOOP('',(#6036,#6037,#6038,#6039));
#1620=EDGE_LOOP('',(#6040,#6041,#6042,#6043));
#1621=EDGE_LOOP('',(#6044,#6045,#6046,#6047));
#1622=EDGE_LOOP('',(#6048,#6049,#6050,#6051,#6052,#6053));
#1623=EDGE_LOOP('',(#6054,#6055,#6056,#6057));
#1624=EDGE_LOOP('',(#6058,#6059,#6060,#6061,#6062,#6063));
#1625=EDGE_LOOP('',(#6064,#6065,#6066,#6067));
#1626=EDGE_LOOP('',(#6068,#6069,#6070));
#1627=EDGE_LOOP('',(#6071,#6072,#6073));
#1628=EDGE_LOOP('',(#6074,#6075,#6076,#6077));
#1629=EDGE_LOOP('',(#6078,#6079,#6080,#6081));
#1630=EDGE_LOOP('',(#6082,#6083,#6084,#6085));
#1631=EDGE_LOOP('',(#6086,#6087,#6088,#6089));
#1632=EDGE_LOOP('',(#6090,#6091,#6092,#6093));
#1633=EDGE_LOOP('',(#6094,#6095,#6096,#6097));
#1634=EDGE_LOOP('',(#6098,#6099,#6100,#6101,#6102,#6103));
#1635=EDGE_LOOP('',(#6104,#6105,#6106,#6107));
#1636=EDGE_LOOP('',(#6108,#6109,#6110,#6111,#6112,#6113));
#1637=EDGE_LOOP('',(#6114,#6115,#6116,#6117));
#1638=EDGE_LOOP('',(#6118,#6119,#6120));
#1639=EDGE_LOOP('',(#6121,#6122,#6123));
#1640=EDGE_LOOP('',(#6124,#6125,#6126,#6127));
#1641=EDGE_LOOP('',(#6128,#6129,#6130,#6131));
#1642=EDGE_LOOP('',(#6132,#6133,#6134,#6135));
#1643=EDGE_LOOP('',(#6136,#6137,#6138,#6139));
#1644=EDGE_LOOP('',(#6140,#6141,#6142,#6143));
#1645=EDGE_LOOP('',(#6144,#6145,#6146,#6147));
#1646=EDGE_LOOP('',(#6148,#6149,#6150,#6151));
#1647=EDGE_LOOP('',(#6152,#6153,#6154,#6155));
#1648=EDGE_LOOP('',(#6156,#6157,#6158,#6159));
#1649=EDGE_LOOP('',(#6160,#6161,#6162,#6163));
#1650=EDGE_LOOP('',(#6164,#6165,#6166,#6167));
#1651=EDGE_LOOP('',(#6168,#6169,#6170,#6171));
#1652=EDGE_LOOP('',(#6172,#6173,#6174,#6175));
#1653=EDGE_LOOP('',(#6176,#6177,#6178,#6179));
#1654=EDGE_LOOP('',(#6180,#6181,#6182,#6183));
#1655=EDGE_LOOP('',(#6184,#6185,#6186,#6187));
#1656=EDGE_LOOP('',(#6188,#6189,#6190,#6191,#6192,#6193,#6194,#6195));
#1657=EDGE_LOOP('',(#6196,#6197,#6198,#6199,#6200));
#1658=EDGE_LOOP('',(#6201,#6202,#6203,#6204));
#1659=EDGE_LOOP('',(#6205,#6206,#6207,#6208));
#1660=EDGE_LOOP('',(#6209,#6210,#6211,#6212));
#1661=EDGE_LOOP('',(#6213,#6214,#6215,#6216));
#1662=EDGE_LOOP('',(#6217,#6218,#6219,#6220));
#1663=EDGE_LOOP('',(#6221,#6222,#6223,#6224));
#1664=EDGE_LOOP('',(#6225,#6226,#6227,#6228));
#1665=EDGE_LOOP('',(#6229,#6230,#6231,#6232));
#1666=EDGE_LOOP('',(#6233,#6234,#6235,#6236));
#1667=EDGE_LOOP('',(#6237,#6238,#6239,#6240));
#1668=EDGE_LOOP('',(#6241,#6242,#6243,#6244,#6245));
#1669=EDGE_LOOP('',(#6246,#6247,#6248,#6249,#6250));
#1670=EDGE_LOOP('',(#6251,#6252,#6253,#6254));
#1671=EDGE_LOOP('',(#6255,#6256,#6257,#6258));
#1672=EDGE_LOOP('',(#6259,#6260,#6261,#6262));
#1673=EDGE_LOOP('',(#6263,#6264,#6265,#6266));
#1674=EDGE_LOOP('',(#6267,#6268,#6269,#6270));
#1675=EDGE_LOOP('',(#6271,#6272,#6273,#6274));
#1676=EDGE_LOOP('',(#6275,#6276,#6277,#6278));
#1677=EDGE_LOOP('',(#6279,#6280,#6281,#6282));
#1678=EDGE_LOOP('',(#6283,#6284,#6285,#6286));
#1679=EDGE_LOOP('',(#6287,#6288,#6289,#6290));
#1680=EDGE_LOOP('',(#6291,#6292,#6293,#6294));
#1681=EDGE_LOOP('',(#6295,#6296,#6297,#6298));
#1682=EDGE_LOOP('',(#6299,#6300,#6301,#6302));
#1683=EDGE_LOOP('',(#6303,#6304,#6305,#6306));
#1684=EDGE_LOOP('',(#6307,#6308,#6309,#6310));
#1685=EDGE_LOOP('',(#6311,#6312,#6313,#6314));
#1686=EDGE_LOOP('',(#6315,#6316,#6317,#6318));
#1687=EDGE_LOOP('',(#6319,#6320,#6321,#6322,#6323,#6324,#6325,#6326,#6327,
#6328,#6329,#6330));
#1688=EDGE_LOOP('',(#6331,#6332,#6333,#6334));
#1689=EDGE_LOOP('',(#6335,#6336,#6337,#6338));
#1690=EDGE_LOOP('',(#6339,#6340,#6341,#6342));
#1691=EDGE_LOOP('',(#6343,#6344,#6345,#6346));
#1692=EDGE_LOOP('',(#6347,#6348,#6349,#6350));
#1693=EDGE_LOOP('',(#6351,#6352,#6353,#6354));
#1694=EDGE_LOOP('',(#6355,#6356,#6357,#6358));
#1695=EDGE_LOOP('',(#6359,#6360,#6361,#6362));
#1696=EDGE_LOOP('',(#6363,#6364,#6365,#6366));
#1697=EDGE_LOOP('',(#6367,#6368,#6369,#6370));
#1698=EDGE_LOOP('',(#6371,#6372,#6373,#6374,#6375,#6376,#6377,#6378,#6379,
#6380));
#1699=EDGE_LOOP('',(#6381,#6382,#6383,#6384));
#1700=EDGE_LOOP('',(#6385,#6386,#6387,#6388));
#1701=EDGE_LOOP('',(#6389,#6390,#6391,#6392));
#1702=EDGE_LOOP('',(#6393,#6394,#6395,#6396));
#1703=EDGE_LOOP('',(#6397,#6398,#6399,#6400));
#1704=EDGE_LOOP('',(#6401,#6402,#6403,#6404));
#1705=EDGE_LOOP('',(#6405,#6406,#6407,#6408,#6409,#6410));
#1706=EDGE_LOOP('',(#6411,#6412,#6413,#6414,#6415));
#1707=EDGE_LOOP('',(#6416,#6417,#6418,#6419,#6420));
#1708=EDGE_LOOP('',(#6421,#6422,#6423,#6424));
#1709=EDGE_LOOP('',(#6425,#6426,#6427,#6428));
#1710=EDGE_LOOP('',(#6429,#6430,#6431,#6432));
#1711=EDGE_LOOP('',(#6433,#6434,#6435,#6436));
#1712=EDGE_LOOP('',(#6437,#6438,#6439,#6440));
#1713=EDGE_LOOP('',(#6441,#6442,#6443,#6444));
#1714=EDGE_LOOP('',(#6445,#6446,#6447,#6448,#6449,#6450));
#1715=EDGE_LOOP('',(#6451,#6452,#6453,#6454,#6455,#6456));
#1716=EDGE_LOOP('',(#6457,#6458,#6459,#6460));
#1717=EDGE_LOOP('',(#6461,#6462,#6463,#6464));
#1718=EDGE_LOOP('',(#6465,#6466,#6467,#6468));
#1719=EDGE_LOOP('',(#6469,#6470,#6471,#6472));
#1720=EDGE_LOOP('',(#6473,#6474,#6475,#6476));
#1721=EDGE_LOOP('',(#6477,#6478,#6479,#6480));
#1722=EDGE_LOOP('',(#6481,#6482,#6483,#6484,#6485,#6486));
#1723=EDGE_LOOP('',(#6487,#6488,#6489,#6490,#6491,#6492));
#1724=EDGE_LOOP('',(#6493,#6494,#6495,#6496));
#1725=EDGE_LOOP('',(#6497,#6498,#6499,#6500));
#1726=EDGE_LOOP('',(#6501,#6502,#6503,#6504));
#1727=EDGE_LOOP('',(#6505,#6506,#6507,#6508));
#1728=EDGE_LOOP('',(#6509,#6510,#6511,#6512));
#1729=EDGE_LOOP('',(#6513,#6514,#6515,#6516,#6517,#6518,#6519,#6520));
#1730=EDGE_LOOP('',(#6521,#6522,#6523,#6524));
#1731=EDGE_LOOP('',(#6525,#6526,#6527,#6528));
#1732=EDGE_LOOP('',(#6529,#6530,#6531,#6532));
#1733=EDGE_LOOP('',(#6533,#6534,#6535));
#1734=EDGE_LOOP('',(#6536,#6537,#6538));
#1735=EDGE_LOOP('',(#6539,#6540,#6541,#6542));
#1736=EDGE_LOOP('',(#6543,#6544,#6545,#6546));
#1737=EDGE_LOOP('',(#6547,#6548,#6549,#6550));
#1738=EDGE_LOOP('',(#6551,#6552,#6553,#6554));
#1739=EDGE_LOOP('',(#6555,#6556,#6557));
#1740=EDGE_LOOP('',(#6558,#6559,#6560));
#1741=EDGE_LOOP('',(#6561,#6562,#6563,#6564));
#1742=EDGE_LOOP('',(#6565,#6566,#6567,#6568));
#1743=EDGE_LOOP('',(#6569,#6570,#6571,#6572));
#1744=EDGE_LOOP('',(#6573,#6574,#6575,#6576));
#1745=EDGE_LOOP('',(#6577,#6578,#6579,#6580));
#1746=EDGE_LOOP('',(#6581,#6582,#6583,#6584));
#1747=EDGE_LOOP('',(#6585,#6586,#6587,#6588));
#1748=EDGE_LOOP('',(#6589,#6590,#6591,#6592,#6593,#6594));
#1749=EDGE_LOOP('',(#6595,#6596,#6597,#6598,#6599,#6600));
#1750=EDGE_LOOP('',(#6601,#6602,#6603,#6604));
#1751=EDGE_LOOP('',(#6605,#6606,#6607,#6608));
#1752=EDGE_LOOP('',(#6609,#6610,#6611,#6612));
#1753=EDGE_LOOP('',(#6613,#6614,#6615,#6616));
#1754=EDGE_LOOP('',(#6617,#6618,#6619,#6620));
#1755=EDGE_LOOP('',(#6621,#6622,#6623,#6624));
#1756=EDGE_LOOP('',(#6625,#6626,#6627,#6628));
#1757=EDGE_LOOP('',(#6629,#6630,#6631,#6632));
#1758=EDGE_LOOP('',(#6633,#6634,#6635,#6636));
#1759=EDGE_LOOP('',(#6637,#6638,#6639,#6640));
#1760=EDGE_LOOP('',(#6641,#6642,#6643,#6644));
#1761=EDGE_LOOP('',(#6645,#6646,#6647,#6648));
#1762=EDGE_LOOP('',(#6649,#6650,#6651,#6652));
#1763=EDGE_LOOP('',(#6653,#6654,#6655,#6656));
#1764=EDGE_LOOP('',(#6657,#6658,#6659,#6660,#6661,#6662,#6663,#6664,#6665,
#6666,#6667,#6668,#6669,#6670));
#1765=EDGE_LOOP('',(#6671,#6672,#6673,#6674,#6675,#6676,#6677,#6678,#6679,
#6680,#6681,#6682,#6683,#6684));
#1766=EDGE_LOOP('',(#6685,#6686,#6687,#6688));
#1767=EDGE_LOOP('',(#6689,#6690,#6691,#6692));
#1768=EDGE_LOOP('',(#6693,#6694,#6695,#6696));
#1769=EDGE_LOOP('',(#6697,#6698,#6699,#6700));
#1770=EDGE_LOOP('',(#6701,#6702,#6703,#6704));
#1771=EDGE_LOOP('',(#6705,#6706,#6707,#6708));
#1772=EDGE_LOOP('',(#6709,#6710,#6711,#6712));
#1773=EDGE_LOOP('',(#6713,#6714,#6715,#6716));
#1774=EDGE_LOOP('',(#6717,#6718,#6719,#6720));
#1775=EDGE_LOOP('',(#6721,#6722,#6723,#6724));
#1776=EDGE_LOOP('',(#6725,#6726,#6727,#6728));
#1777=EDGE_LOOP('',(#6729,#6730,#6731,#6732));
#1778=EDGE_LOOP('',(#6733,#6734,#6735,#6736,#6737,#6738,#6739,#6740,#6741,
#6742,#6743,#6744));
#1779=EDGE_LOOP('',(#6745,#6746,#6747,#6748,#6749,#6750,#6751,#6752,#6753,
#6754,#6755,#6756));
#1780=EDGE_LOOP('',(#6757,#6758,#6759,#6760,#6761,#6762,#6763));
#1781=EDGE_LOOP('',(#6764,#6765,#6766,#6767,#6768,#6769,#6770));
#1782=EDGE_LOOP('',(#6771,#6772,#6773,#6774,#6775,#6776,#6777));
#1783=EDGE_LOOP('',(#6778,#6779,#6780,#6781,#6782,#6783,#6784));
#1784=EDGE_LOOP('',(#6785,#6786,#6787,#6788));
#1785=EDGE_LOOP('',(#6789,#6790,#6791,#6792));
#1786=EDGE_LOOP('',(#6793,#6794,#6795,#6796));
#1787=EDGE_LOOP('',(#6797,#6798,#6799,#6800));
#1788=EDGE_LOOP('',(#6801,#6802,#6803,#6804));
#1789=EDGE_LOOP('',(#6805,#6806,#6807,#6808));
#1790=EDGE_LOOP('',(#6809,#6810,#6811,#6812));
#1791=EDGE_LOOP('',(#6813,#6814,#6815,#6816));
#1792=EDGE_LOOP('',(#6817,#6818,#6819,#6820));
#1793=EDGE_LOOP('',(#6821,#6822,#6823,#6824));
#1794=EDGE_LOOP('',(#6825,#6826,#6827,#6828));
#1795=EDGE_LOOP('',(#6829,#6830,#6831,#6832));
#1796=EDGE_LOOP('',(#6833,#6834,#6835,#6836));
#1797=EDGE_LOOP('',(#6837,#6838,#6839,#6840));
#1798=EDGE_LOOP('',(#6841,#6842,#6843,#6844,#6845,#6846,#6847,#6848));
#1799=EDGE_LOOP('',(#6849,#6850,#6851,#6852,#6853,#6854));
#1800=EDGE_LOOP('',(#6855,#6856,#6857,#6858,#6859,#6860,#6861,#6862));
#1801=EDGE_LOOP('',(#6863,#6864,#6865,#6866,#6867,#6868));
#1802=EDGE_LOOP('',(#6869,#6870,#6871,#6872));
#1803=EDGE_LOOP('',(#6873,#6874,#6875,#6876));
#1804=EDGE_LOOP('',(#6877,#6878,#6879,#6880));
#1805=EDGE_LOOP('',(#6881,#6882,#6883,#6884));
#1806=EDGE_LOOP('',(#6885,#6886,#6887,#6888));
#1807=EDGE_LOOP('',(#6889,#6890,#6891,#6892));
#1808=EDGE_LOOP('',(#6893,#6894,#6895,#6896));
#1809=EDGE_LOOP('',(#6897,#6898,#6899,#6900));
#1810=EDGE_LOOP('',(#6901,#6902,#6903,#6904));
#1811=EDGE_LOOP('',(#6905,#6906,#6907,#6908));
#1812=EDGE_LOOP('',(#6909,#6910,#6911,#6912));
#1813=EDGE_LOOP('',(#6913,#6914,#6915,#6916));
#1814=EDGE_LOOP('',(#6917,#6918,#6919,#6920));
#1815=EDGE_LOOP('',(#6921,#6922,#6923,#6924));
#1816=EDGE_LOOP('',(#6925,#6926,#6927,#6928));
#1817=EDGE_LOOP('',(#6929,#6930,#6931,#6932));
#1818=EDGE_LOOP('',(#6933,#6934,#6935,#6936));
#1819=EDGE_LOOP('',(#6937,#6938,#6939,#6940));
#1820=EDGE_LOOP('',(#6941,#6942,#6943,#6944));
#1821=EDGE_LOOP('',(#6945,#6946,#6947,#6948));
#1822=EDGE_LOOP('',(#6949,#6950,#6951,#6952));
#1823=EDGE_LOOP('',(#6953,#6954,#6955,#6956));
#1824=EDGE_LOOP('',(#6957,#6958,#6959,#6960));
#1825=EDGE_LOOP('',(#6961,#6962,#6963,#6964));
#1826=EDGE_LOOP('',(#6965,#6966,#6967,#6968));
#1827=EDGE_LOOP('',(#6969,#6970,#6971,#6972));
#1828=EDGE_LOOP('',(#6973,#6974,#6975,#6976,#6977,#6978,#6979,#6980,#6981,
#6982,#6983,#6984));
#1829=EDGE_LOOP('',(#6985,#6986,#6987,#6988,#6989,#6990,#6991,#6992,#6993,
#6994,#6995,#6996));
#1830=EDGE_LOOP('',(#6997,#6998,#6999,#7000,#7001,#7002,#7003,#7004,#7005,
#7006,#7007,#7008,#7009,#7010));
#1831=EDGE_LOOP('',(#7011,#7012,#7013,#7014,#7015,#7016,#7017,#7018));
#1832=EDGE_LOOP('',(#7019,#7020,#7021,#7022,#7023,#7024,#7025,#7026,#7027,
#7028,#7029,#7030,#7031,#7032));
#1833=EDGE_LOOP('',(#7033,#7034,#7035,#7036,#7037,#7038,#7039,#7040));
#1834=EDGE_LOOP('',(#7041,#7042,#7043,#7044));
#1835=EDGE_LOOP('',(#7045,#7046,#7047,#7048));
#1836=EDGE_LOOP('',(#7049,#7050,#7051,#7052));
#1837=EDGE_LOOP('',(#7053,#7054,#7055,#7056));
#1838=EDGE_LOOP('',(#7057,#7058,#7059,#7060));
#1839=EDGE_LOOP('',(#7061,#7062,#7063,#7064));
#1840=EDGE_LOOP('',(#7065,#7066,#7067,#7068));
#1841=EDGE_LOOP('',(#7069,#7070,#7071,#7072));
#1842=EDGE_LOOP('',(#7073,#7074,#7075,#7076));
#1843=EDGE_LOOP('',(#7077,#7078,#7079,#7080));
#1844=EDGE_LOOP('',(#7081,#7082,#7083,#7084));
#1845=EDGE_LOOP('',(#7085,#7086,#7087,#7088));
#1846=EDGE_LOOP('',(#7089,#7090,#7091,#7092));
#1847=EDGE_LOOP('',(#7093,#7094,#7095,#7096));
#1848=EDGE_LOOP('',(#7097,#7098,#7099,#7100));
#1849=EDGE_LOOP('',(#7101,#7102,#7103,#7104));
#1850=EDGE_LOOP('',(#7105,#7106,#7107,#7108));
#1851=EDGE_LOOP('',(#7109,#7110,#7111,#7112));
#1852=EDGE_LOOP('',(#7113,#7114,#7115,#7116));
#1853=EDGE_LOOP('',(#7117,#7118,#7119,#7120));
#1854=EDGE_LOOP('',(#7121,#7122,#7123,#7124));
#1855=EDGE_LOOP('',(#7125,#7126,#7127,#7128));
#1856=EDGE_LOOP('',(#7129,#7130,#7131,#7132));
#1857=EDGE_LOOP('',(#7133,#7134,#7135,#7136));
#1858=EDGE_LOOP('',(#7137,#7138,#7139,#7140));
#1859=EDGE_LOOP('',(#7141,#7142,#7143,#7144));
#1860=EDGE_LOOP('',(#7145,#7146,#7147,#7148));
#1861=EDGE_LOOP('',(#7149,#7150,#7151,#7152));
#1862=EDGE_LOOP('',(#7153,#7154,#7155,#7156));
#1863=EDGE_LOOP('',(#7157,#7158,#7159,#7160));
#1864=EDGE_LOOP('',(#7161,#7162,#7163,#7164));
#1865=EDGE_LOOP('',(#7165,#7166,#7167,#7168));
#1866=EDGE_LOOP('',(#7169,#7170,#7171,#7172));
#1867=EDGE_LOOP('',(#7173,#7174,#7175,#7176));
#1868=EDGE_LOOP('',(#7177,#7178,#7179,#7180));
#1869=EDGE_LOOP('',(#7181,#7182,#7183,#7184));
#1870=EDGE_LOOP('',(#7185,#7186,#7187,#7188));
#1871=EDGE_LOOP('',(#7189,#7190,#7191,#7192));
#1872=EDGE_LOOP('',(#7193,#7194,#7195,#7196));
#1873=EDGE_LOOP('',(#7197,#7198,#7199,#7200));
#1874=EDGE_LOOP('',(#7201,#7202,#7203,#7204));
#1875=EDGE_LOOP('',(#7205,#7206,#7207,#7208));
#1876=EDGE_LOOP('',(#7209,#7210,#7211,#7212));
#1877=EDGE_LOOP('',(#7213,#7214,#7215,#7216,#7217,#7218,#7219,#7220,#7221,
#7222,#7223,#7224,#7225,#7226,#7227,#7228,#7229,#7230,#7231,#7232,#7233));
#1878=EDGE_LOOP('',(#7234,#7235,#7236,#7237,#7238,#7239,#7240,#7241,#7242,
#7243,#7244,#7245,#7246,#7247,#7248,#7249,#7250,#7251,#7252,#7253,#7254));
#1879=EDGE_LOOP('',(#7255,#7256,#7257,#7258));
#1880=EDGE_LOOP('',(#7259,#7260,#7261,#7262));
#1881=EDGE_LOOP('',(#7263,#7264,#7265,#7266));
#1882=EDGE_LOOP('',(#7267,#7268,#7269,#7270));
#1883=EDGE_LOOP('',(#7271,#7272,#7273,#7274));
#1884=EDGE_LOOP('',(#7275,#7276,#7277,#7278));
#1885=EDGE_LOOP('',(#7279,#7280,#7281,#7282));
#1886=EDGE_LOOP('',(#7283,#7284,#7285,#7286));
#1887=EDGE_LOOP('',(#7287,#7288,#7289,#7290));
#1888=EDGE_LOOP('',(#7291,#7292,#7293,#7294));
#1889=EDGE_LOOP('',(#7295,#7296,#7297,#7298));
#1890=EDGE_LOOP('',(#7299,#7300,#7301,#7302));
#1891=EDGE_LOOP('',(#7303,#7304,#7305,#7306));
#1892=EDGE_LOOP('',(#7307,#7308,#7309,#7310));
#1893=EDGE_LOOP('',(#7311,#7312,#7313,#7314));
#1894=EDGE_LOOP('',(#7315,#7316,#7317,#7318,#7319,#7320,#7321,#7322,#7323,
#7324,#7325,#7326,#7327,#7328,#7329));
#1895=EDGE_LOOP('',(#7330,#7331,#7332,#7333,#7334,#7335,#7336,#7337,#7338,
#7339,#7340,#7341,#7342,#7343,#7344));
#1896=EDGE_LOOP('',(#7345,#7346,#7347,#7348));
#1897=EDGE_LOOP('',(#7349,#7350,#7351,#7352));
#1898=EDGE_LOOP('',(#7353,#7354,#7355,#7356));
#1899=EDGE_LOOP('',(#7357,#7358,#7359,#7360));
#1900=EDGE_LOOP('',(#7361,#7362,#7363,#7364));
#1901=EDGE_LOOP('',(#7365,#7366,#7367,#7368));
#1902=EDGE_LOOP('',(#7369,#7370,#7371,#7372));
#1903=EDGE_LOOP('',(#7373,#7374,#7375,#7376));
#1904=EDGE_LOOP('',(#7377,#7378,#7379,#7380));
#1905=EDGE_LOOP('',(#7381,#7382,#7383,#7384));
#1906=EDGE_LOOP('',(#7385,#7386,#7387,#7388));
#1907=EDGE_LOOP('',(#7389,#7390,#7391,#7392));
#1908=EDGE_LOOP('',(#7393,#7394,#7395,#7396,#7397,#7398,#7399,#7400,#7401,
#7402,#7403,#7404));
#1909=EDGE_LOOP('',(#7405,#7406,#7407,#7408,#7409,#7410,#7411,#7412,#7413,
#7414,#7415,#7416));
#1910=EDGE_LOOP('',(#7417,#7418,#7419,#7420,#7421,#7422,#7423));
#1911=EDGE_LOOP('',(#7424,#7425,#7426,#7427,#7428,#7429,#7430));
#1912=EDGE_LOOP('',(#7431,#7432,#7433,#7434,#7435,#7436,#7437));
#1913=EDGE_LOOP('',(#7438,#7439,#7440,#7441,#7442,#7443,#7444));
#1914=EDGE_LOOP('',(#7445,#7446,#7447,#7448));
#1915=EDGE_LOOP('',(#7449,#7450,#7451,#7452));
#1916=EDGE_LOOP('',(#7453,#7454,#7455,#7456));
#1917=EDGE_LOOP('',(#7457,#7458,#7459,#7460));
#1918=EDGE_LOOP('',(#7461,#7462,#7463,#7464));
#1919=EDGE_LOOP('',(#7465,#7466,#7467,#7468));
#1920=EDGE_LOOP('',(#7469,#7470,#7471,#7472));
#1921=EDGE_LOOP('',(#7473,#7474,#7475,#7476));
#1922=EDGE_LOOP('',(#7477,#7478,#7479,#7480));
#1923=EDGE_LOOP('',(#7481,#7482,#7483,#7484));
#1924=EDGE_LOOP('',(#7485,#7486,#7487,#7488));
#1925=EDGE_LOOP('',(#7489,#7490,#7491,#7492));
#1926=EDGE_LOOP('',(#7493,#7494,#7495,#7496));
#1927=EDGE_LOOP('',(#7497,#7498,#7499,#7500));
#1928=EDGE_LOOP('',(#7501,#7502,#7503,#7504,#7505,#7506,#7507,#7508));
#1929=EDGE_LOOP('',(#7509,#7510,#7511,#7512,#7513,#7514));
#1930=EDGE_LOOP('',(#7515,#7516,#7517,#7518,#7519,#7520,#7521,#7522));
#1931=EDGE_LOOP('',(#7523,#7524,#7525,#7526,#7527,#7528));
#1932=EDGE_LOOP('',(#7529,#7530,#7531,#7532));
#1933=EDGE_LOOP('',(#7533,#7534,#7535,#7536));
#1934=EDGE_LOOP('',(#7537,#7538,#7539,#7540));
#1935=EDGE_LOOP('',(#7541,#7542,#7543,#7544));
#1936=EDGE_LOOP('',(#7545,#7546,#7547,#7548));
#1937=EDGE_LOOP('',(#7549,#7550,#7551,#7552));
#1938=EDGE_LOOP('',(#7553,#7554,#7555,#7556));
#1939=EDGE_LOOP('',(#7557,#7558,#7559,#7560));
#1940=EDGE_LOOP('',(#7561,#7562,#7563,#7564));
#1941=EDGE_LOOP('',(#7565,#7566,#7567,#7568));
#1942=EDGE_LOOP('',(#7569,#7570,#7571,#7572));
#1943=EDGE_LOOP('',(#7573,#7574,#7575,#7576));
#1944=EDGE_LOOP('',(#7577,#7578,#7579,#7580));
#1945=EDGE_LOOP('',(#7581,#7582,#7583,#7584));
#1946=EDGE_LOOP('',(#7585,#7586,#7587,#7588,#7589,#7590,#7591,#7592,#7593,
#7594,#7595,#7596,#7597,#7598,#7599,#7600,#7601,#7602,#7603,#7604,#7605,
#7606,#7607,#7608,#7609,#7610,#7611,#7612,#7613,#7614,#7615,#7616,#7617));
#1947=EDGE_LOOP('',(#7618,#7619));
#1948=EDGE_LOOP('',(#7620,#7621,#7622,#7623,#7624,#7625,#7626,#7627,#7628,
#7629,#7630,#7631,#7632,#7633,#7634,#7635,#7636,#7637,#7638,#7639,#7640,
#7641,#7642,#7643,#7644,#7645,#7646,#7647,#7648,#7649,#7650,#7651,#7652));
#1949=EDGE_LOOP('',(#7653,#7654));
#1950=EDGE_LOOP('',(#7655,#7656,#7657,#7658));
#1951=EDGE_LOOP('',(#7659,#7660,#7661,#7662));
#1952=EDGE_LOOP('',(#7663,#7664,#7665,#7666));
#1953=EDGE_LOOP('',(#7667,#7668,#7669,#7670));
#1954=EDGE_LOOP('',(#7671,#7672,#7673,#7674));
#1955=EDGE_LOOP('',(#7675,#7676,#7677,#7678));
#1956=EDGE_LOOP('',(#7679,#7680,#7681,#7682));
#1957=EDGE_LOOP('',(#7683,#7684,#7685,#7686));
#1958=EDGE_LOOP('',(#7687,#7688,#7689,#7690));
#1959=EDGE_LOOP('',(#7691,#7692,#7693,#7694));
#1960=EDGE_LOOP('',(#7695,#7696,#7697,#7698));
#1961=EDGE_LOOP('',(#7699,#7700,#7701,#7702));
#1962=EDGE_LOOP('',(#7703,#7704,#7705,#7706));
#1963=EDGE_LOOP('',(#7707,#7708,#7709,#7710));
#1964=EDGE_LOOP('',(#7711,#7712,#7713,#7714));
#1965=EDGE_LOOP('',(#7715,#7716,#7717,#7718));
#1966=EDGE_LOOP('',(#7719,#7720,#7721,#7722));
#1967=EDGE_LOOP('',(#7723,#7724,#7725,#7726));
#1968=EDGE_LOOP('',(#7727,#7728,#7729,#7730));
#1969=EDGE_LOOP('',(#7731,#7732,#7733,#7734));
#1970=EDGE_LOOP('',(#7735,#7736,#7737,#7738));
#1971=EDGE_LOOP('',(#7739,#7740,#7741,#7742));
#1972=EDGE_LOOP('',(#7743,#7744,#7745,#7746));
#1973=EDGE_LOOP('',(#7747,#7748,#7749,#7750));
#1974=EDGE_LOOP('',(#7751,#7752,#7753,#7754));
#1975=EDGE_LOOP('',(#7755,#7756,#7757,#7758));
#1976=EDGE_LOOP('',(#7759,#7760,#7761,#7762));
#1977=EDGE_LOOP('',(#7763,#7764,#7765,#7766));
#1978=EDGE_LOOP('',(#7767,#7768,#7769,#7770));
#1979=EDGE_LOOP('',(#7771,#7772,#7773,#7774));
#1980=EDGE_LOOP('',(#7775,#7776,#7777,#7778));
#1981=EDGE_LOOP('',(#7779,#7780,#7781,#7782));
#1982=EDGE_LOOP('',(#7783,#7784,#7785,#7786));
#1983=EDGE_LOOP('',(#7787,#7788,#7789,#7790));
#1984=EDGE_LOOP('',(#7791,#7792,#7793,#7794));
#1985=CIRCLE('',#8310,0.09999988655966);
#1986=CIRCLE('',#8311,0.09999988655966);
#1987=CIRCLE('',#8314,0.09999988655966);
#1988=CIRCLE('',#8315,0.09999988655966);
#1989=CIRCLE('',#8318,0.09999988655966);
#1990=CIRCLE('',#8319,0.09999988655966);
#1991=CIRCLE('',#8322,0.09999988655966);
#1992=CIRCLE('',#8323,0.09999988655966);
#1993=CIRCLE('',#8333,0.09999988655966);
#1994=CIRCLE('',#8334,0.09999988655966);
#1995=CIRCLE('',#8335,0.09999988655966);
#1996=CIRCLE('',#8336,0.09999988655966);
#1997=CIRCLE('',#8343,0.09999988655966);
#1998=CIRCLE('',#8344,0.09999988655966);
#1999=CIRCLE('',#8345,0.09999988655966);
#2000=CIRCLE('',#8346,0.09999988655966);
#2001=CIRCLE('',#8359,0.349999602959);
#2002=CIRCLE('',#8360,0.349999602959);
#2003=CIRCLE('',#8366,0.04999994327981);
#2004=CIRCLE('',#8368,0.04999994327981);
#2005=CIRCLE('',#8376,0.349999602959);
#2006=CIRCLE('',#8377,0.349999602959);
#2007=CIRCLE('',#8383,0.04999994327981);
#2008=CIRCLE('',#8385,0.04999994327981);
#2009=CIRCLE('',#8397,0.349999602959);
#2010=CIRCLE('',#8398,0.349999602959);
#2011=CIRCLE('',#8404,0.04999994327981);
#2012=CIRCLE('',#8406,0.04999994327981);
#2013=CIRCLE('',#8414,0.349999602959);
#2014=CIRCLE('',#8415,0.349999602959);
#2015=CIRCLE('',#8421,0.04999994327981);
#2016=CIRCLE('',#8423,0.04999994327981);
#2017=CIRCLE('',#8435,0.299999659679);
#2018=CIRCLE('',#8436,0.299999659679);
#2019=CIRCLE('',#8449,0.299999659679);
#2020=CIRCLE('',#8450,0.299999659679);
#2021=CIRCLE('',#8510,0.249999716399);
#2022=CIRCLE('',#8511,0.249999716399);
#2023=CIRCLE('',#8514,0.249999716399);
#2024=CIRCLE('',#8515,0.249999716399);
#2025=CIRCLE('',#8522,0.249999716399);
#2026=CIRCLE('',#8523,0.249999716399);
#2027=CIRCLE('',#8528,0.249999716399);
#2028=CIRCLE('',#8529,0.249999716399);
#2029=CIRCLE('',#8539,0.09999988655966);
#2030=CIRCLE('',#8540,0.09999988655966);
#2031=CIRCLE('',#8541,0.09999988655966);
#2032=CIRCLE('',#8542,0.09999988655966);
#2033=CIRCLE('',#8544,0.09999988655966);
#2034=CIRCLE('',#8546,0.09999988655966);
#2035=CIRCLE('',#8547,0.09999988655966);
#2036=CIRCLE('',#8549,0.09999988655966);
#2037=CIRCLE('',#8551,0.09999988655966);
#2038=CIRCLE('',#8553,0.09999988655966);
#2039=CIRCLE('',#8555,0.09999988655966);
#2040=CIRCLE('',#8557,0.09999988655966);
#2041=CIRCLE('',#8559,0.09999988655966);
#2042=CIRCLE('',#8561,0.09999988655966);
#2043=CIRCLE('',#8563,0.09999988655966);
#2044=CIRCLE('',#8565,0.09999988655966);
#2045=LINE('',#10588,#2875);
#2046=LINE('',#10592,#2876);
#2047=LINE('',#10597,#2877);
#2048=LINE('',#10598,#2878);
#2049=LINE('',#10599,#2879);
#2050=LINE('',#10603,#2880);
#2051=LINE('',#10609,#2881);
#2052=LINE('',#10610,#2882);
#2053=LINE('',#10611,#2883);
#2054=LINE('',#10615,#2884);
#2055=LINE('',#10621,#2885);
#2056=LINE('',#10622,#2886);
#2057=LINE('',#10623,#2887);
#2058=LINE('',#10627,#2888);
#2059=LINE('',#10631,#2889);
#2060=LINE('',#10632,#2890);
#2061=LINE('',#10636,#2891);
#2062=LINE('',#10638,#2892);
#2063=LINE('',#10640,#2893);
#2064=LINE('',#10641,#2894);
#2065=LINE('',#11114,#2895);
#2066=LINE('',#11116,#2896);
#2067=LINE('',#11118,#2897);
#2068=LINE('',#11119,#2898);
#2069=LINE('',#11122,#2899);
#2070=LINE('',#11124,#2900);
#2071=LINE('',#11126,#2901);
#2072=LINE('',#11128,#2902);
#2073=LINE('',#11130,#2903);
#2074=LINE('',#11132,#2904);
#2075=LINE('',#11134,#2905);
#2076=LINE('',#11135,#2906);
#2077=LINE('',#11138,#2907);
#2078=LINE('',#11140,#2908);
#2079=LINE('',#11142,#2909);
#2080=LINE('',#11156,#2910);
#2081=LINE('',#11158,#2911);
#2082=LINE('',#11160,#2912);
#2083=LINE('',#11162,#2913);
#2084=LINE('',#11164,#2914);
#2085=LINE('',#11166,#2915);
#2086=LINE('',#11168,#2916);
#2087=LINE('',#11170,#2917);
#2088=LINE('',#11172,#2918);
#2089=LINE('',#11174,#2919);
#2090=LINE('',#11176,#2920);
#2091=LINE('',#11177,#2921);
#2092=LINE('',#11204,#2922);
#2093=LINE('',#11229,#2923);
#2094=LINE('',#11232,#2924);
#2095=LINE('',#11234,#2925);
#2096=LINE('',#11236,#2926);
#2097=LINE('',#11238,#2927);
#2098=LINE('',#11240,#2928);
#2099=LINE('',#11241,#2929);
#2100=LINE('',#11245,#2930);
#2101=LINE('',#11247,#2931);
#2102=LINE('',#11252,#2932);
#2103=LINE('',#11254,#2933);
#2104=LINE('',#11256,#2934);
#2105=LINE('',#11258,#2935);
#2106=LINE('',#11260,#2936);
#2107=LINE('',#11264,#2937);
#2108=LINE('',#11268,#2938);
#2109=LINE('',#11270,#2939);
#2110=LINE('',#11271,#2940);
#2111=LINE('',#11274,#2941);
#2112=LINE('',#11276,#2942);
#2113=LINE('',#11277,#2943);
#2114=LINE('',#11280,#2944);
#2115=LINE('',#11282,#2945);
#2116=LINE('',#11284,#2946);
#2117=LINE('',#11285,#2947);
#2118=LINE('',#11288,#2948);
#2119=LINE('',#11290,#2949);
#2120=LINE('',#11292,#2950);
#2121=LINE('',#11293,#2951);
#2122=LINE('',#11297,#2952);
#2123=LINE('',#11298,#2953);
#2124=LINE('',#11299,#2954);
#2125=LINE('',#11302,#2955);
#2126=LINE('',#11304,#2956);
#2127=LINE('',#11306,#2957);
#2128=LINE('',#11307,#2958);
#2129=LINE('',#11310,#2959);
#2130=LINE('',#11312,#2960);
#2131=LINE('',#11314,#2961);
#2132=LINE('',#11315,#2962);
#2133=LINE('',#11318,#2963);
#2134=LINE('',#11320,#2964);
#2135=LINE('',#11321,#2965);
#2136=LINE('',#11325,#2966);
#2137=LINE('',#11326,#2967);
#2138=LINE('',#11327,#2968);
#2139=LINE('',#11331,#2969);
#2140=LINE('',#11332,#2970);
#2141=LINE('',#11333,#2971);
#2142=LINE('',#11336,#2972);
#2143=LINE('',#11338,#2973);
#2144=LINE('',#11339,#2974);
#2145=LINE('',#11343,#2975);
#2146=LINE('',#11345,#2976);
#2147=LINE('',#11346,#2977);
#2148=LINE('',#11351,#2978);
#2149=LINE('',#11353,#2979);
#2150=LINE('',#11355,#2980);
#2151=LINE('',#11356,#2981);
#2152=LINE('',#11359,#2982);
#2153=LINE('',#11361,#2983);
#2154=LINE('',#11363,#2984);
#2155=LINE('',#11364,#2985);
#2156=LINE('',#11370,#2986);
#2157=LINE('',#11372,#2987);
#2158=LINE('',#11375,#2988);
#2159=LINE('',#11377,#2989);
#2160=LINE('',#11382,#2990);
#2161=LINE('',#11383,#2991);
#2162=LINE('',#11384,#2992);
#2163=LINE('',#11388,#2993);
#2164=LINE('',#11394,#2994);
#2165=LINE('',#11396,#2995);
#2166=LINE('',#11397,#2996);
#2167=LINE('',#11399,#2997);
#2168=LINE('',#11400,#2998);
#2169=LINE('',#11403,#2999);
#2170=LINE('',#11405,#3000);
#2171=LINE('',#11406,#3001);
#2172=LINE('',#11409,#3002);
#2173=LINE('',#11411,#3003);
#2174=LINE('',#11413,#3004);
#2175=LINE('',#11415,#3005);
#2176=LINE('',#11416,#3006);
#2177=LINE('',#11418,#3007);
#2178=LINE('',#11419,#3008);
#2179=LINE('',#11423,#3009);
#2180=LINE('',#11426,#3010);
#2181=LINE('',#11429,#3011);
#2182=LINE('',#11431,#3012);
#2183=LINE('',#11433,#3013);
#2184=LINE('',#11436,#3014);
#2185=LINE('',#11437,#3015);
#2186=LINE('',#11441,#3016);
#2187=LINE('',#11442,#3017);
#2188=LINE('',#11443,#3018);
#2189=LINE('',#11447,#3019);
#2190=LINE('',#11453,#3020);
#2191=LINE('',#11455,#3021);
#2192=LINE('',#11456,#3022);
#2193=LINE('',#11458,#3023);
#2194=LINE('',#11459,#3024);
#2195=LINE('',#11462,#3025);
#2196=LINE('',#11464,#3026);
#2197=LINE('',#11465,#3027);
#2198=LINE('',#11468,#3028);
#2199=LINE('',#11470,#3029);
#2200=LINE('',#11472,#3030);
#2201=LINE('',#11474,#3031);
#2202=LINE('',#11475,#3032);
#2203=LINE('',#11477,#3033);
#2204=LINE('',#11478,#3034);
#2205=LINE('',#11482,#3035);
#2206=LINE('',#11485,#3036);
#2207=LINE('',#11488,#3037);
#2208=LINE('',#11490,#3038);
#2209=LINE('',#11492,#3039);
#2210=LINE('',#11495,#3040);
#2211=LINE('',#11496,#3041);
#2212=LINE('',#11504,#3042);
#2213=LINE('',#11505,#3043);
#2214=LINE('',#11506,#3044);
#2215=LINE('',#11510,#3045);
#2216=LINE('',#11515,#3046);
#2217=LINE('',#11517,#3047);
#2218=LINE('',#11519,#3048);
#2219=LINE('',#11521,#3049);
#2220=LINE('',#11522,#3050);
#2221=LINE('',#11525,#3051);
#2222=LINE('',#11527,#3052);
#2223=LINE('',#11528,#3053);
#2224=LINE('',#11532,#3054);
#2225=LINE('',#11534,#3055);
#2226=LINE('',#11536,#3056);
#2227=LINE('',#11537,#3057);
#2228=LINE('',#11538,#3058);
#2229=LINE('',#11540,#3059);
#2230=LINE('',#11541,#3060);
#2231=LINE('',#11545,#3061);
#2232=LINE('',#11548,#3062);
#2233=LINE('',#11551,#3063);
#2234=LINE('',#11553,#3064);
#2235=LINE('',#11555,#3065);
#2236=LINE('',#11558,#3066);
#2237=LINE('',#11559,#3067);
#2238=LINE('',#11563,#3068);
#2239=LINE('',#11564,#3069);
#2240=LINE('',#11565,#3070);
#2241=LINE('',#11569,#3071);
#2242=LINE('',#11574,#3072);
#2243=LINE('',#11576,#3073);
#2244=LINE('',#11578,#3074);
#2245=LINE('',#11580,#3075);
#2246=LINE('',#11581,#3076);
#2247=LINE('',#11584,#3077);
#2248=LINE('',#11586,#3078);
#2249=LINE('',#11587,#3079);
#2250=LINE('',#11591,#3080);
#2251=LINE('',#11593,#3081);
#2252=LINE('',#11595,#3082);
#2253=LINE('',#11596,#3083);
#2254=LINE('',#11597,#3084);
#2255=LINE('',#11599,#3085);
#2256=LINE('',#11600,#3086);
#2257=LINE('',#11604,#3087);
#2258=LINE('',#11607,#3088);
#2259=LINE('',#11610,#3089);
#2260=LINE('',#11612,#3090);
#2261=LINE('',#11614,#3091);
#2262=LINE('',#11617,#3092);
#2263=LINE('',#11618,#3093);
#2264=LINE('',#11626,#3094);
#2265=LINE('',#11627,#3095);
#2266=LINE('',#11628,#3096);
#2267=LINE('',#11632,#3097);
#2268=LINE('',#11638,#3098);
#2269=LINE('',#11640,#3099);
#2270=LINE('',#11641,#3100);
#2271=LINE('',#11643,#3101);
#2272=LINE('',#11644,#3102);
#2273=LINE('',#11647,#3103);
#2274=LINE('',#11649,#3104);
#2275=LINE('',#11650,#3105);
#2276=LINE('',#11653,#3106);
#2277=LINE('',#11655,#3107);
#2278=LINE('',#11657,#3108);
#2279=LINE('',#11659,#3109);
#2280=LINE('',#11660,#3110);
#2281=LINE('',#11662,#3111);
#2282=LINE('',#11663,#3112);
#2283=LINE('',#11665,#3113);
#2284=LINE('',#11667,#3114);
#2285=LINE('',#11669,#3115);
#2286=LINE('',#11671,#3116);
#2287=LINE('',#11674,#3117);
#2288=LINE('',#11675,#3118);
#2289=LINE('',#11679,#3119);
#2290=LINE('',#11680,#3120);
#2291=LINE('',#11681,#3121);
#2292=LINE('',#11685,#3122);
#2293=LINE('',#11691,#3123);
#2294=LINE('',#11693,#3124);
#2295=LINE('',#11694,#3125);
#2296=LINE('',#11696,#3126);
#2297=LINE('',#11697,#3127);
#2298=LINE('',#11700,#3128);
#2299=LINE('',#11702,#3129);
#2300=LINE('',#11703,#3130);
#2301=LINE('',#11706,#3131);
#2302=LINE('',#11708,#3132);
#2303=LINE('',#11710,#3133);
#2304=LINE('',#11712,#3134);
#2305=LINE('',#11713,#3135);
#2306=LINE('',#11715,#3136);
#2307=LINE('',#11716,#3137);
#2308=LINE('',#11718,#3138);
#2309=LINE('',#11720,#3139);
#2310=LINE('',#11722,#3140);
#2311=LINE('',#11724,#3141);
#2312=LINE('',#11727,#3142);
#2313=LINE('',#11728,#3143);
#2314=LINE('',#11735,#3144);
#2315=LINE('',#11737,#3145);
#2316=LINE('',#11738,#3146);
#2317=LINE('',#11741,#3147);
#2318=LINE('',#11742,#3148);
#2319=LINE('',#11745,#3149);
#2320=LINE('',#11746,#3150);
#2321=LINE('',#11749,#3151);
#2322=LINE('',#11750,#3152);
#2323=LINE('',#11753,#3153);
#2324=LINE('',#11754,#3154);
#2325=LINE('',#11757,#3155);
#2326=LINE('',#11758,#3156);
#2327=LINE('',#11761,#3157);
#2328=LINE('',#11762,#3158);
#2329=LINE('',#11764,#3159);
#2330=LINE('',#11768,#3160);
#2331=LINE('',#11782,#3161);
#2332=LINE('',#11783,#3162);
#2333=LINE('',#11786,#3163);
#2334=LINE('',#11788,#3164);
#2335=LINE('',#11789,#3165);
#2336=LINE('',#11792,#3166);
#2337=LINE('',#11793,#3167);
#2338=LINE('',#11796,#3168);
#2339=LINE('',#11797,#3169);
#2340=LINE('',#11809,#3170);
#2341=LINE('',#11832,#3171);
#2342=LINE('',#11834,#3172);
#2343=LINE('',#11835,#3173);
#2344=LINE('',#11838,#3174);
#2345=LINE('',#11839,#3175);
#2346=LINE('',#11856,#3176);
#2347=LINE('',#11873,#3177);
#2348=LINE('',#11875,#3178);
#2349=LINE('',#11891,#3179);
#2350=LINE('',#11893,#3180);
#2351=LINE('',#11894,#3181);
#2352=LINE('',#11906,#3182);
#2353=LINE('',#11908,#3183);
#2354=LINE('',#11916,#3184);
#2355=LINE('',#11917,#3185);
#2356=LINE('',#11920,#3186);
#2357=LINE('',#11921,#3187);
#2358=LINE('',#11924,#3188);
#2359=LINE('',#11925,#3189);
#2360=LINE('',#11943,#3190);
#2361=LINE('',#11945,#3191);
#2362=LINE('',#11946,#3192);
#2363=LINE('',#11949,#3193);
#2364=LINE('',#11950,#3194);
#2365=LINE('',#11953,#3195);
#2366=LINE('',#11954,#3196);
#2367=LINE('',#11957,#3197);
#2368=LINE('',#11958,#3198);
#2369=LINE('',#11961,#3199);
#2370=LINE('',#11962,#3200);
#2371=LINE('',#11965,#3201);
#2372=LINE('',#11966,#3202);
#2373=LINE('',#11969,#3203);
#2374=LINE('',#11970,#3204);
#2375=LINE('',#11973,#3205);
#2376=LINE('',#11974,#3206);
#2377=LINE('',#11977,#3207);
#2378=LINE('',#11978,#3208);
#2379=LINE('',#11981,#3209);
#2380=LINE('',#11982,#3210);
#2381=LINE('',#11985,#3211);
#2382=LINE('',#11986,#3212);
#2383=LINE('',#11988,#3213);
#2384=LINE('',#12007,#3214);
#2385=LINE('',#12008,#3215);
#2386=LINE('',#12011,#3216);
#2387=LINE('',#12012,#3217);
#2388=LINE('',#12029,#3218);
#2389=LINE('',#12046,#3219);
#2390=LINE('',#12063,#3220);
#2391=LINE('',#12080,#3221);
#2392=LINE('',#12083,#3222);
#2393=LINE('',#12084,#3223);
#2394=LINE('',#12101,#3224);
#2395=LINE('',#12118,#3225);
#2396=LINE('',#12137,#3226);
#2397=LINE('',#12139,#3227);
#2398=LINE('',#12140,#3228);
#2399=LINE('',#12143,#3229);
#2400=LINE('',#12144,#3230);
#2401=LINE('',#12147,#3231);
#2402=LINE('',#12148,#3232);
#2403=LINE('',#12151,#3233);
#2404=LINE('',#12152,#3234);
#2405=LINE('',#12155,#3235);
#2406=LINE('',#12156,#3236);
#2407=LINE('',#12158,#3237);
#2408=LINE('',#12167,#3238);
#2409=LINE('',#12170,#3239);
#2410=LINE('',#12173,#3240);
#2411=LINE('',#12175,#3241);
#2412=LINE('',#12176,#3242);
#2413=LINE('',#12181,#3243);
#2414=LINE('',#12185,#3244);
#2415=LINE('',#12187,#3245);
#2416=LINE('',#12188,#3246);
#2417=LINE('',#12191,#3247);
#2418=LINE('',#12193,#3248);
#2419=LINE('',#12194,#3249);
#2420=LINE('',#12196,#3250);
#2421=LINE('',#12197,#3251);
#2422=LINE('',#12205,#3252);
#2423=LINE('',#12208,#3253);
#2424=LINE('',#12211,#3254);
#2425=LINE('',#12213,#3255);
#2426=LINE('',#12214,#3256);
#2427=LINE('',#12217,#3257);
#2428=LINE('',#12219,#3258);
#2429=LINE('',#12220,#3259);
#2430=LINE('',#12223,#3260);
#2431=LINE('',#12225,#3261);
#2432=LINE('',#12226,#3262);
#2433=LINE('',#12231,#3263);
#2434=LINE('',#12234,#3264);
#2435=LINE('',#12235,#3265);
#2436=LINE('',#12241,#3266);
#2437=LINE('',#12243,#3267);
#2438=LINE('',#12245,#3268);
#2439=LINE('',#12246,#3269);
#2440=LINE('',#12250,#3270);
#2441=LINE('',#12252,#3271);
#2442=LINE('',#12254,#3272);
#2443=LINE('',#12255,#3273);
#2444=LINE('',#12259,#3274);
#2445=LINE('',#12261,#3275);
#2446=LINE('',#12263,#3276);
#2447=LINE('',#12264,#3277);
#2448=LINE('',#12268,#3278);
#2449=LINE('',#12270,#3279);
#2450=LINE('',#12272,#3280);
#2451=LINE('',#12273,#3281);
#2452=LINE('',#12277,#3282);
#2453=LINE('',#12279,#3283);
#2454=LINE('',#12281,#3284);
#2455=LINE('',#12282,#3285);
#2456=LINE('',#12315,#3286);
#2457=LINE('',#12317,#3287);
#2458=LINE('',#12319,#3288);
#2459=LINE('',#12320,#3289);
#2460=LINE('',#12323,#3290);
#2461=LINE('',#12325,#3291);
#2462=LINE('',#12326,#3292);
#2463=LINE('',#12329,#3293);
#2464=LINE('',#12331,#3294);
#2465=LINE('',#12332,#3295);
#2466=LINE('',#12335,#3296);
#2467=LINE('',#12337,#3297);
#2468=LINE('',#12338,#3298);
#2469=LINE('',#12341,#3299);
#2470=LINE('',#12343,#3300);
#2471=LINE('',#12344,#3301);
#2472=LINE('',#12346,#3302);
#2473=LINE('',#12347,#3303);
#2474=LINE('',#12360,#3304);
#2475=LINE('',#12367,#3305);
#2476=LINE('',#12374,#3306);
#2477=LINE('',#12376,#3307);
#2478=LINE('',#12377,#3308);
#2479=LINE('',#12389,#3309);
#2480=LINE('',#12402,#3310);
#2481=LINE('',#12418,#3311);
#2482=LINE('',#12437,#3312);
#2483=LINE('',#12456,#3313);
#2484=LINE('',#12475,#3314);
#2485=LINE('',#12482,#3315);
#2486=LINE('',#12484,#3316);
#2487=LINE('',#12485,#3317);
#2488=LINE('',#12497,#3318);
#2489=LINE('',#12513,#3319);
#2490=LINE('',#12532,#3320);
#2491=LINE('',#12548,#3321);
#2492=LINE('',#12571,#3322);
#2493=LINE('',#12573,#3323);
#2494=LINE('',#12575,#3324);
#2495=LINE('',#12576,#3325);
#2496=LINE('',#12579,#3326);
#2497=LINE('',#12581,#3327);
#2498=LINE('',#12582,#3328);
#2499=LINE('',#12585,#3329);
#2500=LINE('',#12587,#3330);
#2501=LINE('',#12588,#3331);
#2502=LINE('',#12591,#3332);
#2503=LINE('',#12593,#3333);
#2504=LINE('',#12594,#3334);
#2505=LINE('',#12597,#3335);
#2506=LINE('',#12599,#3336);
#2507=LINE('',#12600,#3337);
#2508=LINE('',#12603,#3338);
#2509=LINE('',#12605,#3339);
#2510=LINE('',#12606,#3340);
#2511=LINE('',#12609,#3341);
#2512=LINE('',#12611,#3342);
#2513=LINE('',#12612,#3343);
#2514=LINE('',#12615,#3344);
#2515=LINE('',#12617,#3345);
#2516=LINE('',#12618,#3346);
#2517=LINE('',#12621,#3347);
#2518=LINE('',#12623,#3348);
#2519=LINE('',#12624,#3349);
#2520=LINE('',#12627,#3350);
#2521=LINE('',#12629,#3351);
#2522=LINE('',#12630,#3352);
#2523=LINE('',#12633,#3353);
#2524=LINE('',#12635,#3354);
#2525=LINE('',#12636,#3355);
#2526=LINE('',#12638,#3356);
#2527=LINE('',#12639,#3357);
#2528=LINE('',#12645,#3358);
#2529=LINE('',#12661,#3359);
#2530=LINE('',#12662,#3360);
#2531=LINE('',#12665,#3361);
#2532=LINE('',#12667,#3362);
#2533=LINE('',#12676,#3363);
#2534=LINE('',#12680,#3364);
#2535=LINE('',#12682,#3365);
#2536=LINE('',#12684,#3366);
#2537=LINE('',#12700,#3367);
#2538=LINE('',#12702,#3368);
#2539=LINE('',#12704,#3369);
#2540=LINE('',#12713,#3370);
#2541=LINE('',#12714,#3371);
#2542=LINE('',#12723,#3372);
#2543=LINE('',#12732,#3373);
#2544=LINE('',#12741,#3374);
#2545=LINE('',#12750,#3375);
#2546=LINE('',#12752,#3376);
#2547=LINE('',#12755,#3377);
#2548=LINE('',#12756,#3378);
#2549=LINE('',#12758,#3379);
#2550=LINE('',#12760,#3380);
#2551=LINE('',#12769,#3381);
#2552=LINE('',#12778,#3382);
#2553=LINE('',#12787,#3383);
#2554=LINE('',#12799,#3384);
#2555=LINE('',#12801,#3385);
#2556=LINE('',#12803,#3386);
#2557=LINE('',#12805,#3387);
#2558=LINE('',#12807,#3388);
#2559=LINE('',#12809,#3389);
#2560=LINE('',#12811,#3390);
#2561=LINE('',#12812,#3391);
#2562=LINE('',#12815,#3392);
#2563=LINE('',#12817,#3393);
#2564=LINE('',#12824,#3394);
#2565=LINE('',#12830,#3395);
#2566=LINE('',#12834,#3396);
#2567=LINE('',#12836,#3397);
#2568=LINE('',#12838,#3398);
#2569=LINE('',#12840,#3399);
#2570=LINE('',#12842,#3400);
#2571=LINE('',#12844,#3401);
#2572=LINE('',#12846,#3402);
#2573=LINE('',#12847,#3403);
#2574=LINE('',#12850,#3404);
#2575=LINE('',#12852,#3405);
#2576=LINE('',#12854,#3406);
#2577=LINE('',#12861,#3407);
#2578=LINE('',#12867,#3408);
#2579=LINE('',#12868,#3409);
#2580=LINE('',#12870,#3410);
#2581=LINE('',#12872,#3411);
#2582=LINE('',#12874,#3412);
#2583=LINE('',#12876,#3413);
#2584=LINE('',#12878,#3414);
#2585=LINE('',#12880,#3415);
#2586=LINE('',#12883,#3416);
#2587=LINE('',#12884,#3417);
#2588=LINE('',#12886,#3418);
#2589=LINE('',#12895,#3419);
#2590=LINE('',#12897,#3420);
#2591=LINE('',#12906,#3421);
#2592=LINE('',#12911,#3422);
#2593=LINE('',#12913,#3423);
#2594=LINE('',#12915,#3424);
#2595=LINE('',#12916,#3425);
#2596=LINE('',#12919,#3426);
#2597=LINE('',#12921,#3427);
#2598=LINE('',#12922,#3428);
#2599=LINE('',#12925,#3429);
#2600=LINE('',#12927,#3430);
#2601=LINE('',#12928,#3431);
#2602=LINE('',#12931,#3432);
#2603=LINE('',#12933,#3433);
#2604=LINE('',#12934,#3434);
#2605=LINE('',#12937,#3435);
#2606=LINE('',#12939,#3436);
#2607=LINE('',#12940,#3437);
#2608=LINE('',#12943,#3438);
#2609=LINE('',#12945,#3439);
#2610=LINE('',#12946,#3440);
#2611=LINE('',#12949,#3441);
#2612=LINE('',#12951,#3442);
#2613=LINE('',#12952,#3443);
#2614=LINE('',#12955,#3444);
#2615=LINE('',#12957,#3445);
#2616=LINE('',#12958,#3446);
#2617=LINE('',#12961,#3447);
#2618=LINE('',#12963,#3448);
#2619=LINE('',#12964,#3449);
#2620=LINE('',#12967,#3450);
#2621=LINE('',#12969,#3451);
#2622=LINE('',#12970,#3452);
#2623=LINE('',#12973,#3453);
#2624=LINE('',#12975,#3454);
#2625=LINE('',#12976,#3455);
#2626=LINE('',#12978,#3456);
#2627=LINE('',#12979,#3457);
#2628=LINE('',#12990,#3458);
#2629=LINE('',#12999,#3459);
#2630=LINE('',#13015,#3460);
#2631=LINE('',#13017,#3461);
#2632=LINE('',#13019,#3462);
#2633=LINE('',#13021,#3463);
#2634=LINE('',#13035,#3464);
#2635=LINE('',#13037,#3465);
#2636=LINE('',#13064,#3466);
#2637=LINE('',#13066,#3467);
#2638=LINE('',#13068,#3468);
#2639=LINE('',#13070,#3469);
#2640=LINE('',#13086,#3470);
#2641=LINE('',#13094,#3471);
#2642=LINE('',#13118,#3472);
#2643=LINE('',#13119,#3473);
#2644=LINE('',#13128,#3474);
#2645=LINE('',#13129,#3475);
#2646=LINE('',#13131,#3476);
#2647=LINE('',#13140,#3477);
#2648=LINE('',#13149,#3478);
#2649=LINE('',#13151,#3479);
#2650=LINE('',#13160,#3480);
#2651=LINE('',#13169,#3481);
#2652=LINE('',#13178,#3482);
#2653=LINE('',#13187,#3483);
#2654=LINE('',#13189,#3484);
#2655=LINE('',#13191,#3485);
#2656=LINE('',#13193,#3486);
#2657=LINE('',#13195,#3487);
#2658=LINE('',#13212,#3488);
#2659=LINE('',#13213,#3489);
#2660=LINE('',#13222,#3490);
#2661=LINE('',#13231,#3491);
#2662=LINE('',#13240,#3492);
#2663=LINE('',#13249,#3493);
#2664=LINE('',#13258,#3494);
#2665=LINE('',#13260,#3495);
#2666=LINE('',#13272,#3496);
#2667=LINE('',#13279,#3497);
#2668=LINE('',#13286,#3498);
#2669=LINE('',#13288,#3499);
#2670=LINE('',#13289,#3500);
#2671=LINE('',#13301,#3501);
#2672=LINE('',#13314,#3502);
#2673=LINE('',#13327,#3503);
#2674=LINE('',#13340,#3504);
#2675=LINE('',#13353,#3505);
#2676=LINE('',#13366,#3506);
#2677=LINE('',#13382,#3507);
#2678=LINE('',#13398,#3508);
#2679=LINE('',#13414,#3509);
#2680=LINE('',#13433,#3510);
#2681=LINE('',#13440,#3511);
#2682=LINE('',#13442,#3512);
#2683=LINE('',#13443,#3513);
#2684=LINE('',#13458,#3514);
#2685=LINE('',#13477,#3515);
#2686=LINE('',#13496,#3516);
#2687=LINE('',#13512,#3517);
#2688=LINE('',#13525,#3518);
#2689=LINE('',#13538,#3519);
#2690=LINE('',#13554,#3520);
#2691=LINE('',#13574,#3521);
#2692=LINE('',#13576,#3522);
#2693=LINE('',#13578,#3523);
#2694=LINE('',#13579,#3524);
#2695=LINE('',#13582,#3525);
#2696=LINE('',#13584,#3526);
#2697=LINE('',#13585,#3527);
#2698=LINE('',#13600,#3528);
#2699=LINE('',#13607,#3529);
#2700=LINE('',#13609,#3530);
#2701=LINE('',#13610,#3531);
#2702=LINE('',#13613,#3532);
#2703=LINE('',#13615,#3533);
#2704=LINE('',#13616,#3534);
#2705=LINE('',#13619,#3535);
#2706=LINE('',#13621,#3536);
#2707=LINE('',#13622,#3537);
#2708=LINE('',#13625,#3538);
#2709=LINE('',#13627,#3539);
#2710=LINE('',#13628,#3540);
#2711=LINE('',#13631,#3541);
#2712=LINE('',#13633,#3542);
#2713=LINE('',#13634,#3543);
#2714=LINE('',#13637,#3544);
#2715=LINE('',#13639,#3545);
#2716=LINE('',#13640,#3546);
#2717=LINE('',#13655,#3547);
#2718=LINE('',#13674,#3548);
#2719=LINE('',#13681,#3549);
#2720=LINE('',#13683,#3550);
#2721=LINE('',#13684,#3551);
#2722=LINE('',#13696,#3552);
#2723=LINE('',#13712,#3553);
#2724=LINE('',#13718,#3554);
#2725=LINE('',#13719,#3555);
#2726=LINE('',#13725,#3556);
#2727=LINE('',#13727,#3557);
#2728=LINE('',#13729,#3558);
#2729=LINE('',#13730,#3559);
#2730=LINE('',#13733,#3560);
#2731=LINE('',#13735,#3561);
#2732=LINE('',#13736,#3562);
#2733=LINE('',#13739,#3563);
#2734=LINE('',#13741,#3564);
#2735=LINE('',#13742,#3565);
#2736=LINE('',#13745,#3566);
#2737=LINE('',#13747,#3567);
#2738=LINE('',#13748,#3568);
#2739=LINE('',#13751,#3569);
#2740=LINE('',#13753,#3570);
#2741=LINE('',#13754,#3571);
#2742=LINE('',#13757,#3572);
#2743=LINE('',#13759,#3573);
#2744=LINE('',#13760,#3574);
#2745=LINE('',#13763,#3575);
#2746=LINE('',#13765,#3576);
#2747=LINE('',#13766,#3577);
#2748=LINE('',#13769,#3578);
#2749=LINE('',#13771,#3579);
#2750=LINE('',#13772,#3580);
#2751=LINE('',#13775,#3581);
#2752=LINE('',#13777,#3582);
#2753=LINE('',#13778,#3583);
#2754=LINE('',#13781,#3584);
#2755=LINE('',#13783,#3585);
#2756=LINE('',#13784,#3586);
#2757=LINE('',#13787,#3587);
#2758=LINE('',#13789,#3588);
#2759=LINE('',#13790,#3589);
#2760=LINE('',#13792,#3590);
#2761=LINE('',#13793,#3591);
#2762=LINE('',#13799,#3592);
#2763=LINE('',#13815,#3593);
#2764=LINE('',#13816,#3594);
#2765=LINE('',#13819,#3595);
#2766=LINE('',#13821,#3596);
#2767=LINE('',#13830,#3597);
#2768=LINE('',#13834,#3598);
#2769=LINE('',#13836,#3599);
#2770=LINE('',#13838,#3600);
#2771=LINE('',#13854,#3601);
#2772=LINE('',#13856,#3602);
#2773=LINE('',#13858,#3603);
#2774=LINE('',#13867,#3604);
#2775=LINE('',#13868,#3605);
#2776=LINE('',#13877,#3606);
#2777=LINE('',#13886,#3607);
#2778=LINE('',#13895,#3608);
#2779=LINE('',#13904,#3609);
#2780=LINE('',#13906,#3610);
#2781=LINE('',#13909,#3611);
#2782=LINE('',#13910,#3612);
#2783=LINE('',#13912,#3613);
#2784=LINE('',#13914,#3614);
#2785=LINE('',#13923,#3615);
#2786=LINE('',#13932,#3616);
#2787=LINE('',#13941,#3617);
#2788=LINE('',#13953,#3618);
#2789=LINE('',#13955,#3619);
#2790=LINE('',#13957,#3620);
#2791=LINE('',#13959,#3621);
#2792=LINE('',#13961,#3622);
#2793=LINE('',#13963,#3623);
#2794=LINE('',#13965,#3624);
#2795=LINE('',#13966,#3625);
#2796=LINE('',#13969,#3626);
#2797=LINE('',#13971,#3627);
#2798=LINE('',#13978,#3628);
#2799=LINE('',#13984,#3629);
#2800=LINE('',#13988,#3630);
#2801=LINE('',#13990,#3631);
#2802=LINE('',#13992,#3632);
#2803=LINE('',#13994,#3633);
#2804=LINE('',#13996,#3634);
#2805=LINE('',#13998,#3635);
#2806=LINE('',#14000,#3636);
#2807=LINE('',#14001,#3637);
#2808=LINE('',#14004,#3638);
#2809=LINE('',#14006,#3639);
#2810=LINE('',#14008,#3640);
#2811=LINE('',#14015,#3641);
#2812=LINE('',#14021,#3642);
#2813=LINE('',#14022,#3643);
#2814=LINE('',#14024,#3644);
#2815=LINE('',#14026,#3645);
#2816=LINE('',#14028,#3646);
#2817=LINE('',#14030,#3647);
#2818=LINE('',#14032,#3648);
#2819=LINE('',#14034,#3649);
#2820=LINE('',#14037,#3650);
#2821=LINE('',#14038,#3651);
#2822=LINE('',#14040,#3652);
#2823=LINE('',#14049,#3653);
#2824=LINE('',#14051,#3654);
#2825=LINE('',#14060,#3655);
#2826=LINE('',#14104,#3656);
#2827=LINE('',#14106,#3657);
#2828=LINE('',#14108,#3658);
#2829=LINE('',#14110,#3659);
#2830=LINE('',#14147,#3660);
#2831=LINE('',#14159,#3661);
#2832=LINE('',#14176,#3662);
#2833=LINE('',#14207,#3663);
#2834=LINE('',#14224,#3664);
#2835=LINE('',#14236,#3665);
#2836=LINE('',#14273,#3666);
#2837=LINE('',#14275,#3667);
#2838=LINE('',#14277,#3668);
#2839=LINE('',#14279,#3669);
#2840=LINE('',#14336,#3670);
#2841=LINE('',#14337,#3671);
#2842=LINE('',#14346,#3672);
#2843=LINE('',#14355,#3673);
#2844=LINE('',#14364,#3674);
#2845=LINE('',#14373,#3675);
#2846=LINE('',#14382,#3676);
#2847=LINE('',#14391,#3677);
#2848=LINE('',#14400,#3678);
#2849=LINE('',#14409,#3679);
#2850=LINE('',#14418,#3680);
#2851=LINE('',#14427,#3681);
#2852=LINE('',#14436,#3682);
#2853=LINE('',#14438,#3683);
#2854=LINE('',#14440,#3684);
#2855=LINE('',#14442,#3685);
#2856=LINE('',#14444,#3686);
#2857=LINE('',#14453,#3687);
#2858=LINE('',#14462,#3688);
#2859=LINE('',#14471,#3689);
#2860=LINE('',#14480,#3690);
#2861=LINE('',#14489,#3691);
#2862=LINE('',#14498,#3692);
#2863=LINE('',#14507,#3693);
#2864=LINE('',#14509,#3694);
#2865=LINE('',#14518,#3695);
#2866=LINE('',#14527,#3696);
#2867=LINE('',#14529,#3697);
#2868=LINE('',#14538,#3698);
#2869=LINE('',#14547,#3699);
#2870=LINE('',#14556,#3700);
#2871=LINE('',#14558,#3701);
#2872=LINE('',#14567,#3702);
#2873=LINE('',#14590,#3703);
#2874=LINE('',#14591,#3704);
#2875=VECTOR('',#8796,1.);
#2876=VECTOR('',#8799,1.);
#2877=VECTOR('',#8804,1.);
#2878=VECTOR('',#8805,1.);
#2879=VECTOR('',#8806,1.);
#2880=VECTOR('',#8809,1.);
#2881=VECTOR('',#8816,1.);
#2882=VECTOR('',#8817,1.);
#2883=VECTOR('',#8818,1.);
#2884=VECTOR('',#8821,1.);
#2885=VECTOR('',#8828,1.);
#2886=VECTOR('',#8829,1.);
#2887=VECTOR('',#8830,1.);
#2888=VECTOR('',#8833,1.);
#2889=VECTOR('',#8840,1.);
#2890=VECTOR('',#8841,1.);
#2891=VECTOR('',#8844,1.);
#2892=VECTOR('',#8845,1.);
#2893=VECTOR('',#8846,1.);
#2894=VECTOR('',#8847,1.);
#2895=VECTOR('',#8860,1.);
#2896=VECTOR('',#8861,1.);
#2897=VECTOR('',#8862,1.);
#2898=VECTOR('',#8863,1.);
#2899=VECTOR('',#8864,10.);
#2900=VECTOR('',#8865,10.);
#2901=VECTOR('',#8866,10.);
#2902=VECTOR('',#8867,10.);
#2903=VECTOR('',#8868,10.);
#2904=VECTOR('',#8869,10.);
#2905=VECTOR('',#8870,10.);
#2906=VECTOR('',#8871,10.);
#2907=VECTOR('',#8872,10.);
#2908=VECTOR('',#8873,10.);
#2909=VECTOR('',#8874,10.);
#2910=VECTOR('',#8875,10.);
#2911=VECTOR('',#8876,10.);
#2912=VECTOR('',#8877,10.);
#2913=VECTOR('',#8878,10.);
#2914=VECTOR('',#8879,10.);
#2915=VECTOR('',#8880,10.);
#2916=VECTOR('',#8881,10.);
#2917=VECTOR('',#8882,10.);
#2918=VECTOR('',#8883,10.);
#2919=VECTOR('',#8884,10.);
#2920=VECTOR('',#8885,10.);
#2921=VECTOR('',#8886,10.);
#2922=VECTOR('',#8887,10.);
#2923=VECTOR('',#8888,10.);
#2924=VECTOR('',#8889,10.);
#2925=VECTOR('',#8890,10.);
#2926=VECTOR('',#8891,10.);
#2927=VECTOR('',#8892,10.);
#2928=VECTOR('',#8893,10.);
#2929=VECTOR('',#8894,10.);
#2930=VECTOR('',#8897,1.);
#2931=VECTOR('',#8898,1.);
#2932=VECTOR('',#8903,1.);
#2933=VECTOR('',#8904,1.);
#2934=VECTOR('',#8905,1.);
#2935=VECTOR('',#8906,1.);
#2936=VECTOR('',#8907,1.);
#2937=VECTOR('',#8910,1.);
#2938=VECTOR('',#8913,1.);
#2939=VECTOR('',#8914,1.);
#2940=VECTOR('',#8915,1.);
#2941=VECTOR('',#8918,1.00000000000035);
#2942=VECTOR('',#8919,1.);
#2943=VECTOR('',#8920,1.);
#2944=VECTOR('',#8921,1.);
#2945=VECTOR('',#8922,1.);
#2946=VECTOR('',#8923,1.);
#2947=VECTOR('',#8924,1.);
#2948=VECTOR('',#8925,1.);
#2949=VECTOR('',#8926,1.);
#2950=VECTOR('',#8927,1.);
#2951=VECTOR('',#8928,1.);
#2952=VECTOR('',#8931,1.);
#2953=VECTOR('',#8932,1.00000000000035);
#2954=VECTOR('',#8933,1.);
#2955=VECTOR('',#8934,1.);
#2956=VECTOR('',#8935,1.);
#2957=VECTOR('',#8936,1.);
#2958=VECTOR('',#8937,1.);
#2959=VECTOR('',#8938,1.);
#2960=VECTOR('',#8939,1.);
#2961=VECTOR('',#8940,1.);
#2962=VECTOR('',#8941,1.);
#2963=VECTOR('',#8944,1.00000000000035);
#2964=VECTOR('',#8945,1.);
#2965=VECTOR('',#8946,1.);
#2966=VECTOR('',#8949,1.);
#2967=VECTOR('',#8950,1.);
#2968=VECTOR('',#8951,1.);
#2969=VECTOR('',#8954,1.);
#2970=VECTOR('',#8955,1.00000000000035);
#2971=VECTOR('',#8956,1.);
#2972=VECTOR('',#8959,1.);
#2973=VECTOR('',#8960,1.);
#2974=VECTOR('',#8961,1.);
#2975=VECTOR('',#8966,1.);
#2976=VECTOR('',#8967,1.);
#2977=VECTOR('',#8968,1.);
#2978=VECTOR('',#8973,1.);
#2979=VECTOR('',#8974,1.);
#2980=VECTOR('',#8975,1.);
#2981=VECTOR('',#8976,1.);
#2982=VECTOR('',#8977,1.);
#2983=VECTOR('',#8978,1.);
#2984=VECTOR('',#8979,1.);
#2985=VECTOR('',#8980,1.);
#2986=VECTOR('',#8991,1.00000000000035);
#2987=VECTOR('',#8994,1.00000000000035);
#2988=VECTOR('',#8999,1.00000000000035);
#2989=VECTOR('',#9002,1.00000000000035);
#2990=VECTOR('',#9007,1.);
#2991=VECTOR('',#9008,1.);
#2992=VECTOR('',#9009,1.);
#2993=VECTOR('',#9012,1.);
#2994=VECTOR('',#9019,1.);
#2995=VECTOR('',#9020,0.999999999999925);
#2996=VECTOR('',#9021,1.00000000000043);
#2997=VECTOR('',#9022,1.00000000000043);
#2998=VECTOR('',#9023,0.999999999999925);
#2999=VECTOR('',#9026,1.00000000000043);
#3000=VECTOR('',#9027,1.00000000000043);
#3001=VECTOR('',#9028,1.00000000000043);
#3002=VECTOR('',#9031,0.999999999999925);
#3003=VECTOR('',#9032,1.);
#3004=VECTOR('',#9033,0.999999999999925);
#3005=VECTOR('',#9034,1.00000000000043);
#3006=VECTOR('',#9035,1.);
#3007=VECTOR('',#9038,1.00000000000043);
#3008=VECTOR('',#9039,1.00000000000043);
#3009=VECTOR('',#9044,1.);
#3010=VECTOR('',#9047,1.);
#3011=VECTOR('',#9052,1.);
#3012=VECTOR('',#9055,1.);
#3013=VECTOR('',#9058,1.);
#3014=VECTOR('',#9063,1.00000000000043);
#3015=VECTOR('',#9064,1.00000000000043);
#3016=VECTOR('',#9067,1.);
#3017=VECTOR('',#9068,1.);
#3018=VECTOR('',#9069,1.);
#3019=VECTOR('',#9072,1.);
#3020=VECTOR('',#9079,1.);
#3021=VECTOR('',#9080,0.999999999999925);
#3022=VECTOR('',#9081,1.00000000000043);
#3023=VECTOR('',#9082,1.00000000000043);
#3024=VECTOR('',#9083,0.999999999999925);
#3025=VECTOR('',#9086,1.00000000000043);
#3026=VECTOR('',#9087,1.00000000000043);
#3027=VECTOR('',#9088,1.00000000000043);
#3028=VECTOR('',#9091,0.999999999999925);
#3029=VECTOR('',#9092,1.);
#3030=VECTOR('',#9093,0.999999999999925);
#3031=VECTOR('',#9094,1.00000000000043);
#3032=VECTOR('',#9095,1.);
#3033=VECTOR('',#9098,1.00000000000043);
#3034=VECTOR('',#9099,1.00000000000043);
#3035=VECTOR('',#9104,1.);
#3036=VECTOR('',#9107,1.);
#3037=VECTOR('',#9112,1.);
#3038=VECTOR('',#9115,1.);
#3039=VECTOR('',#9118,1.);
#3040=VECTOR('',#9123,1.00000000000043);
#3041=VECTOR('',#9124,1.00000000000043);
#3042=VECTOR('',#9135,1.);
#3043=VECTOR('',#9136,1.);
#3044=VECTOR('',#9137,1.);
#3045=VECTOR('',#9140,1.);
#3046=VECTOR('',#9147,1.00000000000043);
#3047=VECTOR('',#9148,0.999999999999925);
#3048=VECTOR('',#9149,1.);
#3049=VECTOR('',#9150,0.999999999999925);
#3050=VECTOR('',#9151,1.00000000000043);
#3051=VECTOR('',#9154,1.00000000000043);
#3052=VECTOR('',#9155,1.00000000000043);
#3053=VECTOR('',#9156,1.00000000000043);
#3054=VECTOR('',#9159,1.);
#3055=VECTOR('',#9160,0.999999999999925);
#3056=VECTOR('',#9161,1.00000000000043);
#3057=VECTOR('',#9162,1.);
#3058=VECTOR('',#9163,0.999999999999925);
#3059=VECTOR('',#9166,1.00000000000043);
#3060=VECTOR('',#9167,1.00000000000043);
#3061=VECTOR('',#9172,1.);
#3062=VECTOR('',#9175,1.);
#3063=VECTOR('',#9180,1.);
#3064=VECTOR('',#9183,1.);
#3065=VECTOR('',#9186,1.);
#3066=VECTOR('',#9191,1.00000000000043);
#3067=VECTOR('',#9192,1.00000000000043);
#3068=VECTOR('',#9195,1.);
#3069=VECTOR('',#9196,1.);
#3070=VECTOR('',#9197,1.);
#3071=VECTOR('',#9200,1.);
#3072=VECTOR('',#9207,1.00000000000043);
#3073=VECTOR('',#9208,0.999999999999925);
#3074=VECTOR('',#9209,1.);
#3075=VECTOR('',#9210,0.999999999999925);
#3076=VECTOR('',#9211,1.00000000000043);
#3077=VECTOR('',#9214,1.00000000000043);
#3078=VECTOR('',#9215,1.00000000000043);
#3079=VECTOR('',#9216,1.00000000000043);
#3080=VECTOR('',#9219,1.);
#3081=VECTOR('',#9220,0.999999999999925);
#3082=VECTOR('',#9221,1.00000000000043);
#3083=VECTOR('',#9222,1.);
#3084=VECTOR('',#9223,0.999999999999925);
#3085=VECTOR('',#9226,1.00000000000043);
#3086=VECTOR('',#9227,1.00000000000043);
#3087=VECTOR('',#9232,1.);
#3088=VECTOR('',#9235,1.);
#3089=VECTOR('',#9240,1.);
#3090=VECTOR('',#9243,1.);
#3091=VECTOR('',#9246,1.);
#3092=VECTOR('',#9251,1.00000000000043);
#3093=VECTOR('',#9252,1.00000000000043);
#3094=VECTOR('',#9263,1.);
#3095=VECTOR('',#9264,1.);
#3096=VECTOR('',#9265,1.);
#3097=VECTOR('',#9268,1.);
#3098=VECTOR('',#9275,1.);
#3099=VECTOR('',#9276,1.00000000000012);
#3100=VECTOR('',#9277,0.999999999999745);
#3101=VECTOR('',#9278,0.999999999999745);
#3102=VECTOR('',#9279,1.00000000000012);
#3103=VECTOR('',#9282,0.999999999999745);
#3104=VECTOR('',#9283,0.999999999999745);
#3105=VECTOR('',#9284,0.999999999999745);
#3106=VECTOR('',#9287,1.00000000000012);
#3107=VECTOR('',#9288,1.);
#3108=VECTOR('',#9289,1.00000000000012);
#3109=VECTOR('',#9290,0.999999999999745);
#3110=VECTOR('',#9291,1.);
#3111=VECTOR('',#9294,0.999999999999745);
#3112=VECTOR('',#9295,0.999999999999745);
#3113=VECTOR('',#9298,1.);
#3114=VECTOR('',#9301,1.);
#3115=VECTOR('',#9304,1.);
#3116=VECTOR('',#9307,1.);
#3117=VECTOR('',#9312,0.999999999999745);
#3118=VECTOR('',#9313,0.999999999999745);
#3119=VECTOR('',#9316,1.);
#3120=VECTOR('',#9317,1.);
#3121=VECTOR('',#9318,1.);
#3122=VECTOR('',#9321,1.);
#3123=VECTOR('',#9328,1.);
#3124=VECTOR('',#9329,1.00000000000012);
#3125=VECTOR('',#9330,0.999999999999745);
#3126=VECTOR('',#9331,0.999999999999745);
#3127=VECTOR('',#9332,1.00000000000012);
#3128=VECTOR('',#9335,0.999999999999745);
#3129=VECTOR('',#9336,0.999999999999745);
#3130=VECTOR('',#9337,0.999999999999745);
#3131=VECTOR('',#9340,1.00000000000012);
#3132=VECTOR('',#9341,1.);
#3133=VECTOR('',#9342,1.00000000000012);
#3134=VECTOR('',#9343,0.999999999999745);
#3135=VECTOR('',#9344,1.);
#3136=VECTOR('',#9347,0.999999999999745);
#3137=VECTOR('',#9348,0.999999999999745);
#3138=VECTOR('',#9351,1.);
#3139=VECTOR('',#9354,1.);
#3140=VECTOR('',#9357,1.);
#3141=VECTOR('',#9360,1.);
#3142=VECTOR('',#9365,0.999999999999745);
#3143=VECTOR('',#9366,0.999999999999745);
#3144=VECTOR('',#9377,1.);
#3145=VECTOR('',#9378,1.);
#3146=VECTOR('',#9379,10.);
#3147=VECTOR('',#9382,1.);
#3148=VECTOR('',#9383,1.);
#3149=VECTOR('',#9386,1.);
#3150=VECTOR('',#9387,10.);
#3151=VECTOR('',#9390,1.);
#3152=VECTOR('',#9391,1.);
#3153=VECTOR('',#9394,1.);
#3154=VECTOR('',#9395,10.);
#3155=VECTOR('',#9398,1.);
#3156=VECTOR('',#9399,1.);
#3157=VECTOR('',#9402,1.);
#3158=VECTOR('',#9403,10.);
#3159=VECTOR('',#9406,1.);
#3160=VECTOR('',#9409,10.);
#3161=VECTOR('',#9410,10.);
#3162=VECTOR('',#9411,1.);
#3163=VECTOR('',#9414,1.);
#3164=VECTOR('',#9415,1.);
#3165=VECTOR('',#9416,10.);
#3166=VECTOR('',#9419,1.);
#3167=VECTOR('',#9420,10.);
#3168=VECTOR('',#9423,1.);
#3169=VECTOR('',#9424,10.);
#3170=VECTOR('',#9425,1.);
#3171=VECTOR('',#9428,1.);
#3172=VECTOR('',#9429,1.);
#3173=VECTOR('',#9430,1.);
#3174=VECTOR('',#9433,1.);
#3175=VECTOR('',#9434,1.);
#3176=VECTOR('',#9435,1.);
#3177=VECTOR('',#9436,1.);
#3178=VECTOR('',#9439,1.);
#3179=VECTOR('',#9442,1.);
#3180=VECTOR('',#9443,1.);
#3181=VECTOR('',#9444,1.);
#3182=VECTOR('',#9445,1.);
#3183=VECTOR('',#9446,1.);
#3184=VECTOR('',#9449,1.);
#3185=VECTOR('',#9450,10.);
#3186=VECTOR('',#9453,1.);
#3187=VECTOR('',#9454,10.);
#3188=VECTOR('',#9457,1.);
#3189=VECTOR('',#9458,10.);
#3190=VECTOR('',#9461,1.);
#3191=VECTOR('',#9462,1.);
#3192=VECTOR('',#9463,1.);
#3193=VECTOR('',#9466,1.);
#3194=VECTOR('',#9467,1.);
#3195=VECTOR('',#9470,1.);
#3196=VECTOR('',#9471,1.);
#3197=VECTOR('',#9474,1.);
#3198=VECTOR('',#9475,1.);
#3199=VECTOR('',#9478,1.);
#3200=VECTOR('',#9479,1.);
#3201=VECTOR('',#9482,1.);
#3202=VECTOR('',#9483,1.);
#3203=VECTOR('',#9486,1.);
#3204=VECTOR('',#9487,1.);
#3205=VECTOR('',#9490,1.);
#3206=VECTOR('',#9491,1.);
#3207=VECTOR('',#9494,1.);
#3208=VECTOR('',#9495,1.);
#3209=VECTOR('',#9498,1.);
#3210=VECTOR('',#9499,1.);
#3211=VECTOR('',#9502,1.);
#3212=VECTOR('',#9503,1.);
#3213=VECTOR('',#9506,1.);
#3214=VECTOR('',#9509,1.);
#3215=VECTOR('',#9510,1.);
#3216=VECTOR('',#9513,1.);
#3217=VECTOR('',#9514,1.);
#3218=VECTOR('',#9515,1.);
#3219=VECTOR('',#9516,1.);
#3220=VECTOR('',#9517,1.);
#3221=VECTOR('',#9518,1.);
#3222=VECTOR('',#9521,1.);
#3223=VECTOR('',#9522,1.);
#3224=VECTOR('',#9523,1.);
#3225=VECTOR('',#9524,1.);
#3226=VECTOR('',#9529,1.);
#3227=VECTOR('',#9530,1.);
#3228=VECTOR('',#9531,1.);
#3229=VECTOR('',#9534,1.);
#3230=VECTOR('',#9535,1.);
#3231=VECTOR('',#9538,1.);
#3232=VECTOR('',#9539,1.);
#3233=VECTOR('',#9542,1.);
#3234=VECTOR('',#9543,1.);
#3235=VECTOR('',#9546,1.);
#3236=VECTOR('',#9547,1.);
#3237=VECTOR('',#9550,1.);
#3238=VECTOR('',#9561,1.);
#3239=VECTOR('',#9564,1.);
#3240=VECTOR('',#9567,1.);
#3241=VECTOR('',#9568,1.);
#3242=VECTOR('',#9569,1.);
#3243=VECTOR('',#9574,1.);
#3244=VECTOR('',#9579,1.00000000000035);
#3245=VECTOR('',#9580,1.);
#3246=VECTOR('',#9581,1.00000000000035);
#3247=VECTOR('',#9584,1.);
#3248=VECTOR('',#9585,1.);
#3249=VECTOR('',#9586,1.);
#3250=VECTOR('',#9589,1.00000000000035);
#3251=VECTOR('',#9590,1.00000000000035);
#3252=VECTOR('',#9599,1.);
#3253=VECTOR('',#9602,1.);
#3254=VECTOR('',#9605,1.00000000000035);
#3255=VECTOR('',#9606,1.);
#3256=VECTOR('',#9607,1.00000000000035);
#3257=VECTOR('',#9610,1.);
#3258=VECTOR('',#9611,1.);
#3259=VECTOR('',#9612,1.);
#3260=VECTOR('',#9615,1.00000000000035);
#3261=VECTOR('',#9616,1.);
#3262=VECTOR('',#9617,1.00000000000035);
#3263=VECTOR('',#9622,1.);
#3264=VECTOR('',#9627,1.);
#3265=VECTOR('',#9628,1.);
#3266=VECTOR('',#9635,1.);
#3267=VECTOR('',#9636,1.);
#3268=VECTOR('',#9637,1.);
#3269=VECTOR('',#9638,1.);
#3270=VECTOR('',#9641,1.);
#3271=VECTOR('',#9642,1.);
#3272=VECTOR('',#9643,1.);
#3273=VECTOR('',#9644,1.);
#3274=VECTOR('',#9647,1.);
#3275=VECTOR('',#9648,1.);
#3276=VECTOR('',#9649,1.);
#3277=VECTOR('',#9650,1.);
#3278=VECTOR('',#9653,1.);
#3279=VECTOR('',#9654,1.);
#3280=VECTOR('',#9655,1.);
#3281=VECTOR('',#9656,1.);
#3282=VECTOR('',#9659,1.);
#3283=VECTOR('',#9660,1.);
#3284=VECTOR('',#9661,1.);
#3285=VECTOR('',#9662,1.);
#3286=VECTOR('',#9723,1.00000000000027);
#3287=VECTOR('',#9724,1.);
#3288=VECTOR('',#9725,1.00000000000027);
#3289=VECTOR('',#9726,1.);
#3290=VECTOR('',#9729,1.00000000000027);
#3291=VECTOR('',#9730,1.);
#3292=VECTOR('',#9731,1.00000000000027);
#3293=VECTOR('',#9734,1.00000000000027);
#3294=VECTOR('',#9735,1.);
#3295=VECTOR('',#9736,1.00000000000027);
#3296=VECTOR('',#9739,1.00000000000027);
#3297=VECTOR('',#9740,1.);
#3298=VECTOR('',#9741,1.00000000000027);
#3299=VECTOR('',#9744,1.00000000000027);
#3300=VECTOR('',#9745,1.);
#3301=VECTOR('',#9746,1.00000000000027);
#3302=VECTOR('',#9749,1.00000000000027);
#3303=VECTOR('',#9750,1.00000000000027);
#3304=VECTOR('',#9755,1.);
#3305=VECTOR('',#9756,1.);
#3306=VECTOR('',#9759,1.00000000000027);
#3307=VECTOR('',#9760,1.);
#3308=VECTOR('',#9761,1.00000000000027);
#3309=VECTOR('',#9764,1.);
#3310=VECTOR('',#9769,1.);
#3311=VECTOR('',#9772,1.);
#3312=VECTOR('',#9773,1.);
#3313=VECTOR('',#9774,1.);
#3314=VECTOR('',#9775,1.);
#3315=VECTOR('',#9778,1.00000000000027);
#3316=VECTOR('',#9779,1.);
#3317=VECTOR('',#9780,1.00000000000027);
#3318=VECTOR('',#9783,1.);
#3319=VECTOR('',#9786,1.);
#3320=VECTOR('',#9787,1.);
#3321=VECTOR('',#9790,1.);
#3322=VECTOR('',#9799,1.00000000000027);
#3323=VECTOR('',#9800,1.);
#3324=VECTOR('',#9801,1.00000000000027);
#3325=VECTOR('',#9802,1.);
#3326=VECTOR('',#9805,1.00000000000027);
#3327=VECTOR('',#9806,1.);
#3328=VECTOR('',#9807,1.00000000000027);
#3329=VECTOR('',#9810,1.00000000000027);
#3330=VECTOR('',#9811,1.);
#3331=VECTOR('',#9812,1.00000000000027);
#3332=VECTOR('',#9815,1.00000000000027);
#3333=VECTOR('',#9816,1.);
#3334=VECTOR('',#9817,1.00000000000027);
#3335=VECTOR('',#9820,1.00000000000027);
#3336=VECTOR('',#9821,1.);
#3337=VECTOR('',#9822,1.00000000000027);
#3338=VECTOR('',#9825,1.00000000000027);
#3339=VECTOR('',#9826,1.);
#3340=VECTOR('',#9827,1.00000000000027);
#3341=VECTOR('',#9830,1.00000000000027);
#3342=VECTOR('',#9831,1.);
#3343=VECTOR('',#9832,1.00000000000027);
#3344=VECTOR('',#9835,1.00000000000027);
#3345=VECTOR('',#9836,1.);
#3346=VECTOR('',#9837,1.00000000000027);
#3347=VECTOR('',#9840,1.00000000000027);
#3348=VECTOR('',#9841,1.);
#3349=VECTOR('',#9842,1.00000000000027);
#3350=VECTOR('',#9845,1.00000000000027);
#3351=VECTOR('',#9846,1.);
#3352=VECTOR('',#9847,1.00000000000027);
#3353=VECTOR('',#9850,1.00000000000027);
#3354=VECTOR('',#9851,1.);
#3355=VECTOR('',#9852,1.00000000000027);
#3356=VECTOR('',#9855,1.00000000000027);
#3357=VECTOR('',#9856,1.00000000000027);
#3358=VECTOR('',#9863,1.00000000000027);
#3359=VECTOR('',#9868,1.00000000000027);
#3360=VECTOR('',#9869,1.00000000000027);
#3361=VECTOR('',#9870,1.00000000000027);
#3362=VECTOR('',#9871,1.00000000000027);
#3363=VECTOR('',#9880,1.00000000000027);
#3364=VECTOR('',#9883,1.00000000000027);
#3365=VECTOR('',#9884,1.00000000000027);
#3366=VECTOR('',#9885,1.00000000000027);
#3367=VECTOR('',#9890,1.00000000000027);
#3368=VECTOR('',#9891,1.00000000000027);
#3369=VECTOR('',#9892,1.00000000000027);
#3370=VECTOR('',#9903,1.);
#3371=VECTOR('',#9904,1.);
#3372=VECTOR('',#9905,1.);
#3373=VECTOR('',#9906,1.);
#3374=VECTOR('',#9907,1.);
#3375=VECTOR('',#9908,1.);
#3376=VECTOR('',#9911,1.);
#3377=VECTOR('',#9916,1.);
#3378=VECTOR('',#9917,1.);
#3379=VECTOR('',#9920,1.);
#3380=VECTOR('',#9923,1.);
#3381=VECTOR('',#9924,1.);
#3382=VECTOR('',#9925,1.);
#3383=VECTOR('',#9926,1.);
#3384=VECTOR('',#9929,1.00000000000008);
#3385=VECTOR('',#9930,1.00000000000027);
#3386=VECTOR('',#9931,1.00000000000036);
#3387=VECTOR('',#9932,1.00000000000027);
#3388=VECTOR('',#9933,1.00000000000008);
#3389=VECTOR('',#9934,1.00000000000027);
#3390=VECTOR('',#9935,1.00000000000051);
#3391=VECTOR('',#9936,1.00000000000027);
#3392=VECTOR('',#9937,1.00000000000027);
#3393=VECTOR('',#9938,1.00000000000025);
#3394=VECTOR('',#9939,1.00000000000026);
#3395=VECTOR('',#9940,1.00000000000027);
#3396=VECTOR('',#9943,1.00000000000008);
#3397=VECTOR('',#9944,1.00000000000027);
#3398=VECTOR('',#9945,1.00000000000051);
#3399=VECTOR('',#9946,1.00000000000027);
#3400=VECTOR('',#9947,1.00000000000008);
#3401=VECTOR('',#9948,1.00000000000027);
#3402=VECTOR('',#9949,1.00000000000036);
#3403=VECTOR('',#9950,1.00000000000027);
#3404=VECTOR('',#9951,1.00000000000025);
#3405=VECTOR('',#9952,1.00000000000027);
#3406=VECTOR('',#9953,1.00000000000027);
#3407=VECTOR('',#9954,1.00000000000026);
#3408=VECTOR('',#9957,1.);
#3409=VECTOR('',#9958,1.);
#3410=VECTOR('',#9961,1.);
#3411=VECTOR('',#9964,1.);
#3412=VECTOR('',#9967,1.);
#3413=VECTOR('',#9970,1.);
#3414=VECTOR('',#9973,1.);
#3415=VECTOR('',#9976,1.);
#3416=VECTOR('',#9981,1.);
#3417=VECTOR('',#9982,1.);
#3418=VECTOR('',#9985,1.);
#3419=VECTOR('',#9986,1.);
#3420=VECTOR('',#9989,1.);
#3421=VECTOR('',#9990,1.);
#3422=VECTOR('',#9995,1.00000000000027);
#3423=VECTOR('',#9996,1.);
#3424=VECTOR('',#9997,1.00000000000027);
#3425=VECTOR('',#9998,1.);
#3426=VECTOR('',#10001,1.00000000000027);
#3427=VECTOR('',#10002,1.);
#3428=VECTOR('',#10003,1.00000000000027);
#3429=VECTOR('',#10006,1.00000000000027);
#3430=VECTOR('',#10007,1.);
#3431=VECTOR('',#10008,1.00000000000027);
#3432=VECTOR('',#10011,1.00000000000027);
#3433=VECTOR('',#10012,1.);
#3434=VECTOR('',#10013,1.00000000000027);
#3435=VECTOR('',#10016,1.00000000000027);
#3436=VECTOR('',#10017,1.);
#3437=VECTOR('',#10018,1.00000000000027);
#3438=VECTOR('',#10021,1.00000000000027);
#3439=VECTOR('',#10022,1.);
#3440=VECTOR('',#10023,1.00000000000027);
#3441=VECTOR('',#10026,1.00000000000027);
#3442=VECTOR('',#10027,1.);
#3443=VECTOR('',#10028,1.00000000000027);
#3444=VECTOR('',#10031,1.00000000000027);
#3445=VECTOR('',#10032,1.);
#3446=VECTOR('',#10033,1.00000000000027);
#3447=VECTOR('',#10036,1.00000000000027);
#3448=VECTOR('',#10037,1.);
#3449=VECTOR('',#10038,1.00000000000027);
#3450=VECTOR('',#10041,1.00000000000027);
#3451=VECTOR('',#10042,1.);
#3452=VECTOR('',#10043,1.00000000000027);
#3453=VECTOR('',#10046,1.00000000000027);
#3454=VECTOR('',#10047,1.);
#3455=VECTOR('',#10048,1.00000000000027);
#3456=VECTOR('',#10051,1.00000000000027);
#3457=VECTOR('',#10052,1.00000000000027);
#3458=VECTOR('',#10059,1.00000000000027);
#3459=VECTOR('',#10062,0.999999999999885);
#3460=VECTOR('',#10067,1.00000000000026);
#3461=VECTOR('',#10068,1.00000000000027);
#3462=VECTOR('',#10069,1.00000000000027);
#3463=VECTOR('',#10070,1.00000000000027);
#3464=VECTOR('',#10073,0.999999999999793);
#3465=VECTOR('',#10074,1.00000000000027);
#3466=VECTOR('',#10081,1.00000000000027);
#3467=VECTOR('',#10082,1.00000000000027);
#3468=VECTOR('',#10083,1.00000000000027);
#3469=VECTOR('',#10084,1.00000000000026);
#3470=VECTOR('',#10089,0.999999999999885);
#3471=VECTOR('',#10092,1.00000000000027);
#3472=VECTOR('',#10099,1.00000000000027);
#3473=VECTOR('',#10100,0.999999999999793);
#3474=VECTOR('',#10101,1.);
#3475=VECTOR('',#10102,1.);
#3476=VECTOR('',#10105,1.);
#3477=VECTOR('',#10106,1.);
#3478=VECTOR('',#10107,1.);
#3479=VECTOR('',#10110,1.);
#3480=VECTOR('',#10111,1.);
#3481=VECTOR('',#10112,1.);
#3482=VECTOR('',#10113,1.);
#3483=VECTOR('',#10114,1.);
#3484=VECTOR('',#10117,1.);
#3485=VECTOR('',#10120,1.);
#3486=VECTOR('',#10123,1.);
#3487=VECTOR('',#10126,1.);
#3488=VECTOR('',#10127,1.);
#3489=VECTOR('',#10128,1.);
#3490=VECTOR('',#10129,1.);
#3491=VECTOR('',#10130,1.);
#3492=VECTOR('',#10131,1.);
#3493=VECTOR('',#10132,1.);
#3494=VECTOR('',#10133,1.);
#3495=VECTOR('',#10136,1.);
#3496=VECTOR('',#10139,1.);
#3497=VECTOR('',#10140,1.);
#3498=VECTOR('',#10143,1.00000000000027);
#3499=VECTOR('',#10144,1.);
#3500=VECTOR('',#10145,1.00000000000027);
#3501=VECTOR('',#10148,1.);
#3502=VECTOR('',#10153,1.);
#3503=VECTOR('',#10158,1.);
#3504=VECTOR('',#10163,1.);
#3505=VECTOR('',#10168,1.);
#3506=VECTOR('',#10173,1.);
#3507=VECTOR('',#10176,1.);
#3508=VECTOR('',#10179,1.);
#3509=VECTOR('',#10182,1.);
#3510=VECTOR('',#10183,1.);
#3511=VECTOR('',#10186,1.00000000000027);
#3512=VECTOR('',#10187,1.);
#3513=VECTOR('',#10188,1.00000000000027);
#3514=VECTOR('',#10189,1.);
#3515=VECTOR('',#10190,1.);
#3516=VECTOR('',#10191,1.);
#3517=VECTOR('',#10194,1.);
#3518=VECTOR('',#10199,1.);
#3519=VECTOR('',#10204,1.);
#3520=VECTOR('',#10207,1.);
#3521=VECTOR('',#10218,1.00000000000027);
#3522=VECTOR('',#10219,1.);
#3523=VECTOR('',#10220,1.00000000000027);
#3524=VECTOR('',#10221,1.);
#3525=VECTOR('',#10224,1.00000000000006);
#3526=VECTOR('',#10225,1.);
#3527=VECTOR('',#10226,1.00000000000006);
#3528=VECTOR('',#10227,1.);
#3529=VECTOR('',#10230,1.00000000000026);
#3530=VECTOR('',#10231,1.);
#3531=VECTOR('',#10232,1.00000000000026);
#3532=VECTOR('',#10235,0.999999999999835);
#3533=VECTOR('',#10236,1.);
#3534=VECTOR('',#10237,0.999999999999835);
#3535=VECTOR('',#10240,1.00000000000027);
#3536=VECTOR('',#10241,1.);
#3537=VECTOR('',#10242,1.00000000000027);
#3538=VECTOR('',#10245,1.00000000000027);
#3539=VECTOR('',#10246,1.);
#3540=VECTOR('',#10247,1.00000000000027);
#3541=VECTOR('',#10250,0.999999999999925);
#3542=VECTOR('',#10251,1.);
#3543=VECTOR('',#10252,0.999999999999925);
#3544=VECTOR('',#10255,0.999999999999847);
#3545=VECTOR('',#10256,1.);
#3546=VECTOR('',#10257,0.999999999999847);
#3547=VECTOR('',#10258,1.);
#3548=VECTOR('',#10259,1.);
#3549=VECTOR('',#10262,1.00000000000027);
#3550=VECTOR('',#10263,1.);
#3551=VECTOR('',#10264,1.00000000000027);
#3552=VECTOR('',#10267,1.);
#3553=VECTOR('',#10270,1.);
#3554=VECTOR('',#10273,0.999999999999865);
#3555=VECTOR('',#10274,0.999999999999865);
#3556=VECTOR('',#10281,1.00000000000027);
#3557=VECTOR('',#10282,1.);
#3558=VECTOR('',#10283,1.00000000000027);
#3559=VECTOR('',#10284,1.);
#3560=VECTOR('',#10287,1.00000000000027);
#3561=VECTOR('',#10288,1.);
#3562=VECTOR('',#10289,1.00000000000027);
#3563=VECTOR('',#10292,1.00000000000027);
#3564=VECTOR('',#10293,1.);
#3565=VECTOR('',#10294,1.00000000000027);
#3566=VECTOR('',#10297,1.00000000000027);
#3567=VECTOR('',#10298,1.);
#3568=VECTOR('',#10299,1.00000000000027);
#3569=VECTOR('',#10302,1.00000000000027);
#3570=VECTOR('',#10303,1.);
#3571=VECTOR('',#10304,1.00000000000027);
#3572=VECTOR('',#10307,1.00000000000027);
#3573=VECTOR('',#10308,1.);
#3574=VECTOR('',#10309,1.00000000000027);
#3575=VECTOR('',#10312,1.00000000000027);
#3576=VECTOR('',#10313,1.);
#3577=VECTOR('',#10314,1.00000000000027);
#3578=VECTOR('',#10317,1.00000000000027);
#3579=VECTOR('',#10318,1.);
#3580=VECTOR('',#10319,1.00000000000027);
#3581=VECTOR('',#10322,1.00000000000027);
#3582=VECTOR('',#10323,1.);
#3583=VECTOR('',#10324,1.00000000000027);
#3584=VECTOR('',#10327,1.00000000000027);
#3585=VECTOR('',#10328,1.);
#3586=VECTOR('',#10329,1.00000000000027);
#3587=VECTOR('',#10332,1.00000000000027);
#3588=VECTOR('',#10333,1.);
#3589=VECTOR('',#10334,1.00000000000027);
#3590=VECTOR('',#10337,1.00000000000027);
#3591=VECTOR('',#10338,1.00000000000027);
#3592=VECTOR('',#10345,1.00000000000027);
#3593=VECTOR('',#10350,1.00000000000027);
#3594=VECTOR('',#10351,1.00000000000027);
#3595=VECTOR('',#10352,1.00000000000027);
#3596=VECTOR('',#10353,1.00000000000027);
#3597=VECTOR('',#10362,1.00000000000027);
#3598=VECTOR('',#10365,1.00000000000027);
#3599=VECTOR('',#10366,1.00000000000027);
#3600=VECTOR('',#10367,1.00000000000027);
#3601=VECTOR('',#10372,1.00000000000027);
#3602=VECTOR('',#10373,1.00000000000027);
#3603=VECTOR('',#10374,1.00000000000027);
#3604=VECTOR('',#10385,1.);
#3605=VECTOR('',#10386,1.);
#3606=VECTOR('',#10387,1.);
#3607=VECTOR('',#10388,1.);
#3608=VECTOR('',#10389,1.);
#3609=VECTOR('',#10390,1.);
#3610=VECTOR('',#10393,1.);
#3611=VECTOR('',#10398,1.);
#3612=VECTOR('',#10399,1.);
#3613=VECTOR('',#10402,1.);
#3614=VECTOR('',#10405,1.);
#3615=VECTOR('',#10406,1.);
#3616=VECTOR('',#10407,1.);
#3617=VECTOR('',#10408,1.);
#3618=VECTOR('',#10411,0.999999999999858);
#3619=VECTOR('',#10412,1.00000000000027);
#3620=VECTOR('',#10413,0.999999999999735);
#3621=VECTOR('',#10414,1.00000000000027);
#3622=VECTOR('',#10415,0.999999999999619);
#3623=VECTOR('',#10416,1.00000000000027);
#3624=VECTOR('',#10417,0.999999999999775);
#3625=VECTOR('',#10418,1.00000000000027);
#3626=VECTOR('',#10419,1.00000000000027);
#3627=VECTOR('',#10420,1.00000000000026);
#3628=VECTOR('',#10421,1.00000000000026);
#3629=VECTOR('',#10422,1.00000000000045);
#3630=VECTOR('',#10425,0.999999999999858);
#3631=VECTOR('',#10426,1.00000000000027);
#3632=VECTOR('',#10427,0.999999999999775);
#3633=VECTOR('',#10428,1.00000000000027);
#3634=VECTOR('',#10429,0.999999999999619);
#3635=VECTOR('',#10430,1.00000000000027);
#3636=VECTOR('',#10431,0.999999999999735);
#3637=VECTOR('',#10432,1.00000000000027);
#3638=VECTOR('',#10433,1.00000000000026);
#3639=VECTOR('',#10434,1.00000000000027);
#3640=VECTOR('',#10435,1.00000000000045);
#3641=VECTOR('',#10436,1.00000000000026);
#3642=VECTOR('',#10439,1.);
#3643=VECTOR('',#10440,1.);
#3644=VECTOR('',#10443,1.);
#3645=VECTOR('',#10446,1.);
#3646=VECTOR('',#10449,1.);
#3647=VECTOR('',#10452,1.);
#3648=VECTOR('',#10455,1.);
#3649=VECTOR('',#10458,1.);
#3650=VECTOR('',#10463,1.);
#3651=VECTOR('',#10464,1.);
#3652=VECTOR('',#10467,1.);
#3653=VECTOR('',#10468,1.);
#3654=VECTOR('',#10471,1.);
#3655=VECTOR('',#10472,1.);
#3656=VECTOR('',#10491,10.);
#3657=VECTOR('',#10492,1.0000000000005);
#3658=VECTOR('',#10493,0.99999999999993);
#3659=VECTOR('',#10494,0.999999999999801);
#3660=VECTOR('',#10495,10.);
#3661=VECTOR('',#10496,1.00000000000027);
#3662=VECTOR('',#10497,1.00000000000027);
#3663=VECTOR('',#10508,1.00000000000027);
#3664=VECTOR('',#10509,1.00000000000027);
#3665=VECTOR('',#10510,10.);
#3666=VECTOR('',#10511,0.999999999999801);
#3667=VECTOR('',#10512,0.99999999999993);
#3668=VECTOR('',#10513,1.0000000000005);
#3669=VECTOR('',#10514,10.);
#3670=VECTOR('',#10529,1.);
#3671=VECTOR('',#10530,1.);
#3672=VECTOR('',#10531,1.);
#3673=VECTOR('',#10532,1.);
#3674=VECTOR('',#10533,1.);
#3675=VECTOR('',#10534,1.);
#3676=VECTOR('',#10535,1.);
#3677=VECTOR('',#10536,1.);
#3678=VECTOR('',#10537,1.);
#3679=VECTOR('',#10538,1.);
#3680=VECTOR('',#10539,1.);
#3681=VECTOR('',#10540,1.);
#3682=VECTOR('',#10541,1.);
#3683=VECTOR('',#10544,1.);
#3684=VECTOR('',#10547,1.);
#3685=VECTOR('',#10550,1.);
#3686=VECTOR('',#10553,1.);
#3687=VECTOR('',#10554,1.);
#3688=VECTOR('',#10555,1.);
#3689=VECTOR('',#10556,1.);
#3690=VECTOR('',#10557,1.);
#3691=VECTOR('',#10558,1.);
#3692=VECTOR('',#10559,1.);
#3693=VECTOR('',#10560,1.);
#3694=VECTOR('',#10563,1.);
#3695=VECTOR('',#10564,1.);
#3696=VECTOR('',#10565,1.);
#3697=VECTOR('',#10568,1.);
#3698=VECTOR('',#10569,1.);
#3699=VECTOR('',#10570,1.);
#3700=VECTOR('',#10571,1.);
#3701=VECTOR('',#10574,1.);
#3702=VECTOR('',#10575,1.);
#3703=VECTOR('',#10576,1.);
#3704=VECTOR('',#10577,1.);
#3705=VERTEX_POINT('',#10586);
#3706=VERTEX_POINT('',#10587);
#3707=VERTEX_POINT('',#10589);
#3708=VERTEX_POINT('',#10591);
#3709=VERTEX_POINT('',#10595);
#3710=VERTEX_POINT('',#10596);
#3711=VERTEX_POINT('',#10601);
#3712=VERTEX_POINT('',#10602);
#3713=VERTEX_POINT('',#10607);
#3714=VERTEX_POINT('',#10608);
#3715=VERTEX_POINT('',#10613);
#3716=VERTEX_POINT('',#10614);
#3717=VERTEX_POINT('',#10619);
#3718=VERTEX_POINT('',#10620);
#3719=VERTEX_POINT('',#10625);
#3720=VERTEX_POINT('',#10626);
#3721=VERTEX_POINT('',#10634);
#3722=VERTEX_POINT('',#10635);
#3723=VERTEX_POINT('',#10637);
#3724=VERTEX_POINT('',#10639);
#3725=VERTEX_POINT('',#11112);
#3726=VERTEX_POINT('',#11113);
#3727=VERTEX_POINT('',#11115);
#3728=VERTEX_POINT('',#11117);
#3729=VERTEX_POINT('',#11120);
#3730=VERTEX_POINT('',#11121);
#3731=VERTEX_POINT('',#11123);
#3732=VERTEX_POINT('',#11125);
#3733=VERTEX_POINT('',#11127);
#3734=VERTEX_POINT('',#11129);
#3735=VERTEX_POINT('',#11131);
#3736=VERTEX_POINT('',#11133);
#3737=VERTEX_POINT('',#11136);
#3738=VERTEX_POINT('',#11137);
#3739=VERTEX_POINT('',#11139);
#3740=VERTEX_POINT('',#11141);
#3741=VERTEX_POINT('',#11143);
#3742=VERTEX_POINT('',#11154);
#3743=VERTEX_POINT('',#11155);
#3744=VERTEX_POINT('',#11157);
#3745=VERTEX_POINT('',#11159);
#3746=VERTEX_POINT('',#11161);
#3747=VERTEX_POINT('',#11163);
#3748=VERTEX_POINT('',#11165);
#3749=VERTEX_POINT('',#11167);
#3750=VERTEX_POINT('',#11169);
#3751=VERTEX_POINT('',#11171);
#3752=VERTEX_POINT('',#11173);
#3753=VERTEX_POINT('',#11175);
#3754=VERTEX_POINT('',#11178);
#3755=VERTEX_POINT('',#11179);
#3756=VERTEX_POINT('',#11185);
#3757=VERTEX_POINT('',#11191);
#3758=VERTEX_POINT('',#11197);
#3759=VERTEX_POINT('',#11203);
#3760=VERTEX_POINT('',#11205);
#3761=VERTEX_POINT('',#11211);
#3762=VERTEX_POINT('',#11217);
#3763=VERTEX_POINT('',#11223);
#3764=VERTEX_POINT('',#11230);
#3765=VERTEX_POINT('',#11231);
#3766=VERTEX_POINT('',#11233);
#3767=VERTEX_POINT('',#11235);
#3768=VERTEX_POINT('',#11237);
#3769=VERTEX_POINT('',#11239);
#3770=VERTEX_POINT('',#11243);
#3771=VERTEX_POINT('',#11244);
#3772=VERTEX_POINT('',#11246);
#3773=VERTEX_POINT('',#11249);
#3774=VERTEX_POINT('',#11251);
#3775=VERTEX_POINT('',#11253);
#3776=VERTEX_POINT('',#11255);
#3777=VERTEX_POINT('',#11257);
#3778=VERTEX_POINT('',#11259);
#3779=VERTEX_POINT('',#11261);
#3780=VERTEX_POINT('',#11263);
#3781=VERTEX_POINT('',#11265);
#3782=VERTEX_POINT('',#11267);
#3783=VERTEX_POINT('',#11269);
#3784=VERTEX_POINT('',#11273);
#3785=VERTEX_POINT('',#11275);
#3786=VERTEX_POINT('',#11278);
#3787=VERTEX_POINT('',#11279);
#3788=VERTEX_POINT('',#11281);
#3789=VERTEX_POINT('',#11283);
#3790=VERTEX_POINT('',#11286);
#3791=VERTEX_POINT('',#11287);
#3792=VERTEX_POINT('',#11289);
#3793=VERTEX_POINT('',#11291);
#3794=VERTEX_POINT('',#11295);
#3795=VERTEX_POINT('',#11296);
#3796=VERTEX_POINT('',#11300);
#3797=VERTEX_POINT('',#11301);
#3798=VERTEX_POINT('',#11303);
#3799=VERTEX_POINT('',#11305);
#3800=VERTEX_POINT('',#11308);
#3801=VERTEX_POINT('',#11309);
#3802=VERTEX_POINT('',#11311);
#3803=VERTEX_POINT('',#11313);
#3804=VERTEX_POINT('',#11317);
#3805=VERTEX_POINT('',#11319);
#3806=VERTEX_POINT('',#11323);
#3807=VERTEX_POINT('',#11324);
#3808=VERTEX_POINT('',#11329);
#3809=VERTEX_POINT('',#11330);
#3810=VERTEX_POINT('',#11335);
#3811=VERTEX_POINT('',#11337);
#3812=VERTEX_POINT('',#11342);
#3813=VERTEX_POINT('',#11344);
#3814=VERTEX_POINT('',#11349);
#3815=VERTEX_POINT('',#11350);
#3816=VERTEX_POINT('',#11352);
#3817=VERTEX_POINT('',#11354);
#3818=VERTEX_POINT('',#11357);
#3819=VERTEX_POINT('',#11358);
#3820=VERTEX_POINT('',#11360);
#3821=VERTEX_POINT('',#11362);
#3822=VERTEX_POINT('',#11380);
#3823=VERTEX_POINT('',#11381);
#3824=VERTEX_POINT('',#11386);
#3825=VERTEX_POINT('',#11387);
#3826=VERTEX_POINT('',#11392);
#3827=VERTEX_POINT('',#11393);
#3828=VERTEX_POINT('',#11395);
#3829=VERTEX_POINT('',#11398);
#3830=VERTEX_POINT('',#11402);
#3831=VERTEX_POINT('',#11404);
#3832=VERTEX_POINT('',#11408);
#3833=VERTEX_POINT('',#11410);
#3834=VERTEX_POINT('',#11412);
#3835=VERTEX_POINT('',#11414);
#3836=VERTEX_POINT('',#11421);
#3837=VERTEX_POINT('',#11425);
#3838=VERTEX_POINT('',#11439);
#3839=VERTEX_POINT('',#11440);
#3840=VERTEX_POINT('',#11445);
#3841=VERTEX_POINT('',#11446);
#3842=VERTEX_POINT('',#11451);
#3843=VERTEX_POINT('',#11452);
#3844=VERTEX_POINT('',#11454);
#3845=VERTEX_POINT('',#11457);
#3846=VERTEX_POINT('',#11461);
#3847=VERTEX_POINT('',#11463);
#3848=VERTEX_POINT('',#11467);
#3849=VERTEX_POINT('',#11469);
#3850=VERTEX_POINT('',#11471);
#3851=VERTEX_POINT('',#11473);
#3852=VERTEX_POINT('',#11480);
#3853=VERTEX_POINT('',#11484);
#3854=VERTEX_POINT('',#11502);
#3855=VERTEX_POINT('',#11503);
#3856=VERTEX_POINT('',#11508);
#3857=VERTEX_POINT('',#11509);
#3858=VERTEX_POINT('',#11514);
#3859=VERTEX_POINT('',#11516);
#3860=VERTEX_POINT('',#11518);
#3861=VERTEX_POINT('',#11520);
#3862=VERTEX_POINT('',#11524);
#3863=VERTEX_POINT('',#11526);
#3864=VERTEX_POINT('',#11530);
#3865=VERTEX_POINT('',#11531);
#3866=VERTEX_POINT('',#11533);
#3867=VERTEX_POINT('',#11535);
#3868=VERTEX_POINT('',#11543);
#3869=VERTEX_POINT('',#11547);
#3870=VERTEX_POINT('',#11561);
#3871=VERTEX_POINT('',#11562);
#3872=VERTEX_POINT('',#11567);
#3873=VERTEX_POINT('',#11568);
#3874=VERTEX_POINT('',#11573);
#3875=VERTEX_POINT('',#11575);
#3876=VERTEX_POINT('',#11577);
#3877=VERTEX_POINT('',#11579);
#3878=VERTEX_POINT('',#11583);
#3879=VERTEX_POINT('',#11585);
#3880=VERTEX_POINT('',#11589);
#3881=VERTEX_POINT('',#11590);
#3882=VERTEX_POINT('',#11592);
#3883=VERTEX_POINT('',#11594);
#3884=VERTEX_POINT('',#11602);
#3885=VERTEX_POINT('',#11606);
#3886=VERTEX_POINT('',#11624);
#3887=VERTEX_POINT('',#11625);
#3888=VERTEX_POINT('',#11630);
#3889=VERTEX_POINT('',#11631);
#3890=VERTEX_POINT('',#11636);
#3891=VERTEX_POINT('',#11637);
#3892=VERTEX_POINT('',#11639);
#3893=VERTEX_POINT('',#11642);
#3894=VERTEX_POINT('',#11646);
#3895=VERTEX_POINT('',#11648);
#3896=VERTEX_POINT('',#11652);
#3897=VERTEX_POINT('',#11654);
#3898=VERTEX_POINT('',#11656);
#3899=VERTEX_POINT('',#11658);
#3900=VERTEX_POINT('',#11677);
#3901=VERTEX_POINT('',#11678);
#3902=VERTEX_POINT('',#11683);
#3903=VERTEX_POINT('',#11684);
#3904=VERTEX_POINT('',#11689);
#3905=VERTEX_POINT('',#11690);
#3906=VERTEX_POINT('',#11692);
#3907=VERTEX_POINT('',#11695);
#3908=VERTEX_POINT('',#11699);
#3909=VERTEX_POINT('',#11701);
#3910=VERTEX_POINT('',#11705);
#3911=VERTEX_POINT('',#11707);
#3912=VERTEX_POINT('',#11709);
#3913=VERTEX_POINT('',#11711);
#3914=VERTEX_POINT('',#11734);
#3915=VERTEX_POINT('',#11736);
#3916=VERTEX_POINT('',#11740);
#3917=VERTEX_POINT('',#11744);
#3918=VERTEX_POINT('',#11748);
#3919=VERTEX_POINT('',#11752);
#3920=VERTEX_POINT('',#11756);
#3921=VERTEX_POINT('',#11760);
#3922=VERTEX_POINT('',#11766);
#3923=VERTEX_POINT('',#11767);
#3924=VERTEX_POINT('',#11769);
#3925=VERTEX_POINT('',#11775);
#3926=VERTEX_POINT('',#11781);
#3927=VERTEX_POINT('',#11785);
#3928=VERTEX_POINT('',#11787);
#3929=VERTEX_POINT('',#11791);
#3930=VERTEX_POINT('',#11795);
#3931=VERTEX_POINT('',#11808);
#3932=VERTEX_POINT('',#11831);
#3933=VERTEX_POINT('',#11833);
#3934=VERTEX_POINT('',#11837);
#3935=VERTEX_POINT('',#11850);
#3936=VERTEX_POINT('',#11867);
#3937=VERTEX_POINT('',#11877);
#3938=VERTEX_POINT('',#11878);
#3939=VERTEX_POINT('',#11884);
#3940=VERTEX_POINT('',#11890);
#3941=VERTEX_POINT('',#11892);
#3942=VERTEX_POINT('',#11905);
#3943=VERTEX_POINT('',#11907);
#3944=VERTEX_POINT('',#11915);
#3945=VERTEX_POINT('',#11919);
#3946=VERTEX_POINT('',#11923);
#3947=VERTEX_POINT('',#11942);
#3948=VERTEX_POINT('',#11944);
#3949=VERTEX_POINT('',#11948);
#3950=VERTEX_POINT('',#11952);
#3951=VERTEX_POINT('',#11956);
#3952=VERTEX_POINT('',#11960);
#3953=VERTEX_POINT('',#11964);
#3954=VERTEX_POINT('',#11968);
#3955=VERTEX_POINT('',#11972);
#3956=VERTEX_POINT('',#11976);
#3957=VERTEX_POINT('',#11980);
#3958=VERTEX_POINT('',#11984);
#3959=VERTEX_POINT('',#12000);
#3960=VERTEX_POINT('',#12001);
#3961=VERTEX_POINT('',#12010);
#3962=VERTEX_POINT('',#12023);
#3963=VERTEX_POINT('',#12040);
#3964=VERTEX_POINT('',#12057);
#3965=VERTEX_POINT('',#12074);
#3966=VERTEX_POINT('',#12082);
#3967=VERTEX_POINT('',#12095);
#3968=VERTEX_POINT('',#12112);
#3969=VERTEX_POINT('',#12136);
#3970=VERTEX_POINT('',#12138);
#3971=VERTEX_POINT('',#12142);
#3972=VERTEX_POINT('',#12146);
#3973=VERTEX_POINT('',#12150);
#3974=VERTEX_POINT('',#12154);
#3975=VERTEX_POINT('',#12163);
#3976=VERTEX_POINT('',#12164);
#3977=VERTEX_POINT('',#12166);
#3978=VERTEX_POINT('',#12168);
#3979=VERTEX_POINT('',#12172);
#3980=VERTEX_POINT('',#12174);
#3981=VERTEX_POINT('',#12178);
#3982=VERTEX_POINT('',#12180);
#3983=VERTEX_POINT('',#12184);
#3984=VERTEX_POINT('',#12186);
#3985=VERTEX_POINT('',#12190);
#3986=VERTEX_POINT('',#12192);
#3987=VERTEX_POINT('',#12201);
#3988=VERTEX_POINT('',#12202);
#3989=VERTEX_POINT('',#12204);
#3990=VERTEX_POINT('',#12206);
#3991=VERTEX_POINT('',#12210);
#3992=VERTEX_POINT('',#12212);
#3993=VERTEX_POINT('',#12216);
#3994=VERTEX_POINT('',#12218);
#3995=VERTEX_POINT('',#12222);
#3996=VERTEX_POINT('',#12224);
#3997=VERTEX_POINT('',#12228);
#3998=VERTEX_POINT('',#12230);
#3999=VERTEX_POINT('',#12239);
#4000=VERTEX_POINT('',#12240);
#4001=VERTEX_POINT('',#12242);
#4002=VERTEX_POINT('',#12244);
#4003=VERTEX_POINT('',#12248);
#4004=VERTEX_POINT('',#12249);
#4005=VERTEX_POINT('',#12251);
#4006=VERTEX_POINT('',#12253);
#4007=VERTEX_POINT('',#12257);
#4008=VERTEX_POINT('',#12258);
#4009=VERTEX_POINT('',#12260);
#4010=VERTEX_POINT('',#12262);
#4011=VERTEX_POINT('',#12266);
#4012=VERTEX_POINT('',#12267);
#4013=VERTEX_POINT('',#12269);
#4014=VERTEX_POINT('',#12271);
#4015=VERTEX_POINT('',#12275);
#4016=VERTEX_POINT('',#12276);
#4017=VERTEX_POINT('',#12278);
#4018=VERTEX_POINT('',#12280);
#4019=VERTEX_POINT('',#12313);
#4020=VERTEX_POINT('',#12314);
#4021=VERTEX_POINT('',#12316);
#4022=VERTEX_POINT('',#12318);
#4023=VERTEX_POINT('',#12322);
#4024=VERTEX_POINT('',#12324);
#4025=VERTEX_POINT('',#12328);
#4026=VERTEX_POINT('',#12330);
#4027=VERTEX_POINT('',#12334);
#4028=VERTEX_POINT('',#12336);
#4029=VERTEX_POINT('',#12340);
#4030=VERTEX_POINT('',#12342);
#4031=VERTEX_POINT('',#12358);
#4032=VERTEX_POINT('',#12359);
#4033=VERTEX_POINT('',#12361);
#4034=VERTEX_POINT('',#12366);
#4035=VERTEX_POINT('',#12373);
#4036=VERTEX_POINT('',#12375);
#4037=VERTEX_POINT('',#12386);
#4038=VERTEX_POINT('',#12388);
#4039=VERTEX_POINT('',#12399);
#4040=VERTEX_POINT('',#12401);
#4041=VERTEX_POINT('',#12412);
#4042=VERTEX_POINT('',#12417);
#4043=VERTEX_POINT('',#12431);
#4044=VERTEX_POINT('',#12436);
#4045=VERTEX_POINT('',#12450);
#4046=VERTEX_POINT('',#12455);
#4047=VERTEX_POINT('',#12469);
#4048=VERTEX_POINT('',#12474);
#4049=VERTEX_POINT('',#12481);
#4050=VERTEX_POINT('',#12483);
#4051=VERTEX_POINT('',#12494);
#4052=VERTEX_POINT('',#12496);
#4053=VERTEX_POINT('',#12507);
#4054=VERTEX_POINT('',#12512);
#4055=VERTEX_POINT('',#12526);
#4056=VERTEX_POINT('',#12531);
#4057=VERTEX_POINT('',#12545);
#4058=VERTEX_POINT('',#12547);
#4059=VERTEX_POINT('',#12569);
#4060=VERTEX_POINT('',#12570);
#4061=VERTEX_POINT('',#12572);
#4062=VERTEX_POINT('',#12574);
#4063=VERTEX_POINT('',#12578);
#4064=VERTEX_POINT('',#12580);
#4065=VERTEX_POINT('',#12584);
#4066=VERTEX_POINT('',#12586);
#4067=VERTEX_POINT('',#12590);
#4068=VERTEX_POINT('',#12592);
#4069=VERTEX_POINT('',#12596);
#4070=VERTEX_POINT('',#12598);
#4071=VERTEX_POINT('',#12602);
#4072=VERTEX_POINT('',#12604);
#4073=VERTEX_POINT('',#12608);
#4074=VERTEX_POINT('',#12610);
#4075=VERTEX_POINT('',#12614);
#4076=VERTEX_POINT('',#12616);
#4077=VERTEX_POINT('',#12620);
#4078=VERTEX_POINT('',#12622);
#4079=VERTEX_POINT('',#12626);
#4080=VERTEX_POINT('',#12628);
#4081=VERTEX_POINT('',#12632);
#4082=VERTEX_POINT('',#12634);
#4083=VERTEX_POINT('',#12643);
#4084=VERTEX_POINT('',#12644);
#4085=VERTEX_POINT('',#12646);
#4086=VERTEX_POINT('',#12648);
#4087=VERTEX_POINT('',#12650);
#4088=VERTEX_POINT('',#12655);
#4089=VERTEX_POINT('',#12660);
#4090=VERTEX_POINT('',#12663);
#4091=VERTEX_POINT('',#12664);
#4092=VERTEX_POINT('',#12666);
#4093=VERTEX_POINT('',#12668);
#4094=VERTEX_POINT('',#12670);
#4095=VERTEX_POINT('',#12672);
#4096=VERTEX_POINT('',#12674);
#4097=VERTEX_POINT('',#12678);
#4098=VERTEX_POINT('',#12679);
#4099=VERTEX_POINT('',#12681);
#4100=VERTEX_POINT('',#12683);
#4101=VERTEX_POINT('',#12685);
#4102=VERTEX_POINT('',#12690);
#4103=VERTEX_POINT('',#12695);
#4104=VERTEX_POINT('',#12698);
#4105=VERTEX_POINT('',#12699);
#4106=VERTEX_POINT('',#12701);
#4107=VERTEX_POINT('',#12703);
#4108=VERTEX_POINT('',#12705);
#4109=VERTEX_POINT('',#12707);
#4110=VERTEX_POINT('',#12709);
#4111=VERTEX_POINT('',#12797);
#4112=VERTEX_POINT('',#12798);
#4113=VERTEX_POINT('',#12800);
#4114=VERTEX_POINT('',#12802);
#4115=VERTEX_POINT('',#12804);
#4116=VERTEX_POINT('',#12806);
#4117=VERTEX_POINT('',#12808);
#4118=VERTEX_POINT('',#12810);
#4119=VERTEX_POINT('',#12813);
#4120=VERTEX_POINT('',#12814);
#4121=VERTEX_POINT('',#12816);
#4122=VERTEX_POINT('',#12818);
#4123=VERTEX_POINT('',#12823);
#4124=VERTEX_POINT('',#12825);
#4125=VERTEX_POINT('',#12832);
#4126=VERTEX_POINT('',#12833);
#4127=VERTEX_POINT('',#12835);
#4128=VERTEX_POINT('',#12837);
#4129=VERTEX_POINT('',#12839);
#4130=VERTEX_POINT('',#12841);
#4131=VERTEX_POINT('',#12843);
#4132=VERTEX_POINT('',#12845);
#4133=VERTEX_POINT('',#12848);
#4134=VERTEX_POINT('',#12849);
#4135=VERTEX_POINT('',#12851);
#4136=VERTEX_POINT('',#12853);
#4137=VERTEX_POINT('',#12855);
#4138=VERTEX_POINT('',#12860);
#4139=VERTEX_POINT('',#12909);
#4140=VERTEX_POINT('',#12910);
#4141=VERTEX_POINT('',#12912);
#4142=VERTEX_POINT('',#12914);
#4143=VERTEX_POINT('',#12918);
#4144=VERTEX_POINT('',#12920);
#4145=VERTEX_POINT('',#12924);
#4146=VERTEX_POINT('',#12926);
#4147=VERTEX_POINT('',#12930);
#4148=VERTEX_POINT('',#12932);
#4149=VERTEX_POINT('',#12936);
#4150=VERTEX_POINT('',#12938);
#4151=VERTEX_POINT('',#12942);
#4152=VERTEX_POINT('',#12944);
#4153=VERTEX_POINT('',#12948);
#4154=VERTEX_POINT('',#12950);
#4155=VERTEX_POINT('',#12954);
#4156=VERTEX_POINT('',#12956);
#4157=VERTEX_POINT('',#12960);
#4158=VERTEX_POINT('',#12962);
#4159=VERTEX_POINT('',#12966);
#4160=VERTEX_POINT('',#12968);
#4161=VERTEX_POINT('',#12972);
#4162=VERTEX_POINT('',#12974);
#4163=VERTEX_POINT('',#12983);
#4164=VERTEX_POINT('',#12984);
#4165=VERTEX_POINT('',#12989);
#4166=VERTEX_POINT('',#12991);
#4167=VERTEX_POINT('',#12996);
#4168=VERTEX_POINT('',#12998);
#4169=VERTEX_POINT('',#13000);
#4170=VERTEX_POINT('',#13005);
#4171=VERTEX_POINT('',#13010);
#4172=VERTEX_POINT('',#13012);
#4173=VERTEX_POINT('',#13014);
#4174=VERTEX_POINT('',#13016);
#4175=VERTEX_POINT('',#13018);
#4176=VERTEX_POINT('',#13020);
#4177=VERTEX_POINT('',#13026);
#4178=VERTEX_POINT('',#13027);
#4179=VERTEX_POINT('',#13029);
#4180=VERTEX_POINT('',#13034);
#4181=VERTEX_POINT('',#13036);
#4182=VERTEX_POINT('',#13038);
#4183=VERTEX_POINT('',#13043);
#4184=VERTEX_POINT('',#13045);
#4185=VERTEX_POINT('',#13052);
#4186=VERTEX_POINT('',#13053);
#4187=VERTEX_POINT('',#13058);
#4188=VERTEX_POINT('',#13063);
#4189=VERTEX_POINT('',#13065);
#4190=VERTEX_POINT('',#13067);
#4191=VERTEX_POINT('',#13069);
#4192=VERTEX_POINT('',#13071);
#4193=VERTEX_POINT('',#13073);
#4194=VERTEX_POINT('',#13075);
#4195=VERTEX_POINT('',#13080);
#4196=VERTEX_POINT('',#13085);
#4197=VERTEX_POINT('',#13087);
#4198=VERTEX_POINT('',#13089);
#4199=VERTEX_POINT('',#13095);
#4200=VERTEX_POINT('',#13096);
#4201=VERTEX_POINT('',#13101);
#4202=VERTEX_POINT('',#13103);
#4203=VERTEX_POINT('',#13108);
#4204=VERTEX_POINT('',#13110);
#4205=VERTEX_POINT('',#13112);
#4206=VERTEX_POINT('',#13117);
#4207=VERTEX_POINT('',#13270);
#4208=VERTEX_POINT('',#13271);
#4209=VERTEX_POINT('',#13273);
#4210=VERTEX_POINT('',#13278);
#4211=VERTEX_POINT('',#13285);
#4212=VERTEX_POINT('',#13287);
#4213=VERTEX_POINT('',#13298);
#4214=VERTEX_POINT('',#13300);
#4215=VERTEX_POINT('',#13311);
#4216=VERTEX_POINT('',#13313);
#4217=VERTEX_POINT('',#13324);
#4218=VERTEX_POINT('',#13326);
#4219=VERTEX_POINT('',#13337);
#4220=VERTEX_POINT('',#13339);
#4221=VERTEX_POINT('',#13350);
#4222=VERTEX_POINT('',#13352);
#4223=VERTEX_POINT('',#13363);
#4224=VERTEX_POINT('',#13365);
#4225=VERTEX_POINT('',#13376);
#4226=VERTEX_POINT('',#13381);
#4227=VERTEX_POINT('',#13395);
#4228=VERTEX_POINT('',#13397);
#4229=VERTEX_POINT('',#13408);
#4230=VERTEX_POINT('',#13413);
#4231=VERTEX_POINT('',#13427);
#4232=VERTEX_POINT('',#13432);
#4233=VERTEX_POINT('',#13439);
#4234=VERTEX_POINT('',#13441);
#4235=VERTEX_POINT('',#13452);
#4236=VERTEX_POINT('',#13457);
#4237=VERTEX_POINT('',#13471);
#4238=VERTEX_POINT('',#13476);
#4239=VERTEX_POINT('',#13490);
#4240=VERTEX_POINT('',#13495);
#4241=VERTEX_POINT('',#13509);
#4242=VERTEX_POINT('',#13511);
#4243=VERTEX_POINT('',#13522);
#4244=VERTEX_POINT('',#13524);
#4245=VERTEX_POINT('',#13535);
#4246=VERTEX_POINT('',#13537);
#4247=VERTEX_POINT('',#13548);
#4248=VERTEX_POINT('',#13553);
#4249=VERTEX_POINT('',#13572);
#4250=VERTEX_POINT('',#13573);
#4251=VERTEX_POINT('',#13575);
#4252=VERTEX_POINT('',#13577);
#4253=VERTEX_POINT('',#13581);
#4254=VERTEX_POINT('',#13583);
#4255=VERTEX_POINT('',#13594);
#4256=VERTEX_POINT('',#13599);
#4257=VERTEX_POINT('',#13606);
#4258=VERTEX_POINT('',#13608);
#4259=VERTEX_POINT('',#13612);
#4260=VERTEX_POINT('',#13614);
#4261=VERTEX_POINT('',#13618);
#4262=VERTEX_POINT('',#13620);
#4263=VERTEX_POINT('',#13624);
#4264=VERTEX_POINT('',#13626);
#4265=VERTEX_POINT('',#13630);
#4266=VERTEX_POINT('',#13632);
#4267=VERTEX_POINT('',#13636);
#4268=VERTEX_POINT('',#13638);
#4269=VERTEX_POINT('',#13649);
#4270=VERTEX_POINT('',#13654);
#4271=VERTEX_POINT('',#13668);
#4272=VERTEX_POINT('',#13673);
#4273=VERTEX_POINT('',#13680);
#4274=VERTEX_POINT('',#13682);
#4275=VERTEX_POINT('',#13693);
#4276=VERTEX_POINT('',#13695);
#4277=VERTEX_POINT('',#13706);
#4278=VERTEX_POINT('',#13711);
#4279=VERTEX_POINT('',#13723);
#4280=VERTEX_POINT('',#13724);
#4281=VERTEX_POINT('',#13726);
#4282=VERTEX_POINT('',#13728);
#4283=VERTEX_POINT('',#13732);
#4284=VERTEX_POINT('',#13734);
#4285=VERTEX_POINT('',#13738);
#4286=VERTEX_POINT('',#13740);
#4287=VERTEX_POINT('',#13744);
#4288=VERTEX_POINT('',#13746);
#4289=VERTEX_POINT('',#13750);
#4290=VERTEX_POINT('',#13752);
#4291=VERTEX_POINT('',#13756);
#4292=VERTEX_POINT('',#13758);
#4293=VERTEX_POINT('',#13762);
#4294=VERTEX_POINT('',#13764);
#4295=VERTEX_POINT('',#13768);
#4296=VERTEX_POINT('',#13770);
#4297=VERTEX_POINT('',#13774);
#4298=VERTEX_POINT('',#13776);
#4299=VERTEX_POINT('',#13780);
#4300=VERTEX_POINT('',#13782);
#4301=VERTEX_POINT('',#13786);
#4302=VERTEX_POINT('',#13788);
#4303=VERTEX_POINT('',#13797);
#4304=VERTEX_POINT('',#13798);
#4305=VERTEX_POINT('',#13800);
#4306=VERTEX_POINT('',#13802);
#4307=VERTEX_POINT('',#13804);
#4308=VERTEX_POINT('',#13809);
#4309=VERTEX_POINT('',#13814);
#4310=VERTEX_POINT('',#13817);
#4311=VERTEX_POINT('',#13818);
#4312=VERTEX_POINT('',#13820);
#4313=VERTEX_POINT('',#13822);
#4314=VERTEX_POINT('',#13824);
#4315=VERTEX_POINT('',#13826);
#4316=VERTEX_POINT('',#13828);
#4317=VERTEX_POINT('',#13832);
#4318=VERTEX_POINT('',#13833);
#4319=VERTEX_POINT('',#13835);
#4320=VERTEX_POINT('',#13837);
#4321=VERTEX_POINT('',#13839);
#4322=VERTEX_POINT('',#13844);
#4323=VERTEX_POINT('',#13849);
#4324=VERTEX_POINT('',#13852);
#4325=VERTEX_POINT('',#13853);
#4326=VERTEX_POINT('',#13855);
#4327=VERTEX_POINT('',#13857);
#4328=VERTEX_POINT('',#13859);
#4329=VERTEX_POINT('',#13861);
#4330=VERTEX_POINT('',#13863);
#4331=VERTEX_POINT('',#13951);
#4332=VERTEX_POINT('',#13952);
#4333=VERTEX_POINT('',#13954);
#4334=VERTEX_POINT('',#13956);
#4335=VERTEX_POINT('',#13958);
#4336=VERTEX_POINT('',#13960);
#4337=VERTEX_POINT('',#13962);
#4338=VERTEX_POINT('',#13964);
#4339=VERTEX_POINT('',#13967);
#4340=VERTEX_POINT('',#13968);
#4341=VERTEX_POINT('',#13970);
#4342=VERTEX_POINT('',#13972);
#4343=VERTEX_POINT('',#13977);
#4344=VERTEX_POINT('',#13979);
#4345=VERTEX_POINT('',#13986);
#4346=VERTEX_POINT('',#13987);
#4347=VERTEX_POINT('',#13989);
#4348=VERTEX_POINT('',#13991);
#4349=VERTEX_POINT('',#13993);
#4350=VERTEX_POINT('',#13995);
#4351=VERTEX_POINT('',#13997);
#4352=VERTEX_POINT('',#13999);
#4353=VERTEX_POINT('',#14002);
#4354=VERTEX_POINT('',#14003);
#4355=VERTEX_POINT('',#14005);
#4356=VERTEX_POINT('',#14007);
#4357=VERTEX_POINT('',#14009);
#4358=VERTEX_POINT('',#14014);
#4359=VERTEX_POINT('',#14063);
#4360=VERTEX_POINT('',#14064);
#4361=VERTEX_POINT('',#14069);
#4362=VERTEX_POINT('',#14071);
#4363=VERTEX_POINT('',#14073);
#4364=VERTEX_POINT('',#14075);
#4365=VERTEX_POINT('',#14080);
#4366=VERTEX_POINT('',#14085);
#4367=VERTEX_POINT('',#14087);
#4368=VERTEX_POINT('',#14089);
#4369=VERTEX_POINT('',#14091);
#4370=VERTEX_POINT('',#14093);
#4371=VERTEX_POINT('',#14098);
#4372=VERTEX_POINT('',#14103);
#4373=VERTEX_POINT('',#14105);
#4374=VERTEX_POINT('',#14107);
#4375=VERTEX_POINT('',#14109);
#4376=VERTEX_POINT('',#14111);
#4377=VERTEX_POINT('',#14116);
#4378=VERTEX_POINT('',#14121);
#4379=VERTEX_POINT('',#14126);
#4380=VERTEX_POINT('',#14131);
#4381=VERTEX_POINT('',#14136);
#4382=VERTEX_POINT('',#14141);
#4383=VERTEX_POINT('',#14146);
#4384=VERTEX_POINT('',#14148);
#4385=VERTEX_POINT('',#14153);
#4386=VERTEX_POINT('',#14158);
#4387=VERTEX_POINT('',#14160);
#4388=VERTEX_POINT('',#14165);
#4389=VERTEX_POINT('',#14170);
#4390=VERTEX_POINT('',#14175);
#4391=VERTEX_POINT('',#14177);
#4392=VERTEX_POINT('',#14180);
#4393=VERTEX_POINT('',#14181);
#4394=VERTEX_POINT('',#14196);
#4395=VERTEX_POINT('',#14197);
#4396=VERTEX_POINT('',#14202);
#4397=VERTEX_POINT('',#14204);
#4398=VERTEX_POINT('',#14206);
#4399=VERTEX_POINT('',#14208);
#4400=VERTEX_POINT('',#14213);
#4401=VERTEX_POINT('',#14218);
#4402=VERTEX_POINT('',#14223);
#4403=VERTEX_POINT('',#14225);
#4404=VERTEX_POINT('',#14230);
#4405=VERTEX_POINT('',#14235);
#4406=VERTEX_POINT('',#14237);
#4407=VERTEX_POINT('',#14242);
#4408=VERTEX_POINT('',#14247);
#4409=VERTEX_POINT('',#14252);
#4410=VERTEX_POINT('',#14257);
#4411=VERTEX_POINT('',#14262);
#4412=VERTEX_POINT('',#14267);
#4413=VERTEX_POINT('',#14272);
#4414=VERTEX_POINT('',#14274);
#4415=VERTEX_POINT('',#14276);
#4416=VERTEX_POINT('',#14278);
#4417=VERTEX_POINT('',#14280);
#4418=VERTEX_POINT('',#14285);
#4419=VERTEX_POINT('',#14290);
#4420=VERTEX_POINT('',#14292);
#4421=VERTEX_POINT('',#14294);
#4422=VERTEX_POINT('',#14296);
#4423=VERTEX_POINT('',#14298);
#4424=VERTEX_POINT('',#14303);
#4425=VERTEX_POINT('',#14308);
#4426=VERTEX_POINT('',#14310);
#4427=VERTEX_POINT('',#14313);
#4428=VERTEX_POINT('',#14314);
#4429=EDGE_CURVE('',#3705,#3706,#2045,.T.);
#4430=EDGE_CURVE('',#3705,#3707,#1985,.T.);
#4431=EDGE_CURVE('',#3707,#3708,#2046,.T.);
#4432=EDGE_CURVE('',#3708,#3706,#1986,.T.);
#4433=EDGE_CURVE('',#3709,#3710,#2047,.T.);
#4434=EDGE_CURVE('',#3709,#3705,#2048,.T.);
#4435=EDGE_CURVE('',#3706,#3710,#2049,.T.);
#4436=EDGE_CURVE('',#3711,#3712,#2050,.T.);
#4437=EDGE_CURVE('',#3711,#3709,#1987,.T.);
#4438=EDGE_CURVE('',#3710,#3712,#1988,.T.);
#4439=EDGE_CURVE('',#3713,#3714,#2051,.T.);
#4440=EDGE_CURVE('',#3713,#3711,#2052,.T.);
#4441=EDGE_CURVE('',#3712,#3714,#2053,.T.);
#4442=EDGE_CURVE('',#3715,#3716,#2054,.T.);
#4443=EDGE_CURVE('',#3715,#3713,#1989,.T.);
#4444=EDGE_CURVE('',#3714,#3716,#1990,.T.);
#4445=EDGE_CURVE('',#3717,#3718,#2055,.T.);
#4446=EDGE_CURVE('',#3717,#3715,#2056,.T.);
#4447=EDGE_CURVE('',#3716,#3718,#2057,.T.);
#4448=EDGE_CURVE('',#3719,#3720,#2058,.T.);
#4449=EDGE_CURVE('',#3719,#3717,#1991,.T.);
#4450=EDGE_CURVE('',#3718,#3720,#1992,.T.);
#4451=EDGE_CURVE('',#3707,#3719,#2059,.T.);
#4452=EDGE_CURVE('',#3720,#3708,#2060,.T.);
#4453=EDGE_CURVE('',#3721,#3722,#2061,.T.);
#4454=EDGE_CURVE('',#3722,#3723,#2062,.T.);
#4455=EDGE_CURVE('',#3723,#3724,#2063,.T.);
#4456=EDGE_CURVE('',#3724,#3721,#2064,.T.);
#4457=EDGE_CURVE('',#3711,#3724,#627,.T.);
#4458=EDGE_CURVE('',#3721,#3713,#628,.T.);
#4459=EDGE_CURVE('',#3721,#3715,#629,.T.);
#4460=EDGE_CURVE('',#3709,#3724,#630,.T.);
#4461=EDGE_CURVE('',#3722,#3717,#631,.T.);
#4462=EDGE_CURVE('',#3705,#3723,#632,.T.);
#4463=EDGE_CURVE('',#3722,#3719,#633,.T.);
#4464=EDGE_CURVE('',#3707,#3723,#634,.T.);
#4465=EDGE_CURVE('',#3725,#3726,#2065,.T.);
#4466=EDGE_CURVE('',#3725,#3727,#2066,.T.);
#4467=EDGE_CURVE('',#3727,#3728,#2067,.T.);
#4468=EDGE_CURVE('',#3728,#3726,#2068,.T.);
#4469=EDGE_CURVE('',#3729,#3730,#2069,.T.);
#4470=EDGE_CURVE('',#3731,#3729,#2070,.T.);
#4471=EDGE_CURVE('',#3732,#3731,#2071,.T.);
#4472=EDGE_CURVE('',#3733,#3732,#2072,.T.);
#4473=EDGE_CURVE('',#3734,#3733,#2073,.T.);
#4474=EDGE_CURVE('',#3735,#3734,#2074,.T.);
#4475=EDGE_CURVE('',#3736,#3735,#2075,.T.);
#4476=EDGE_CURVE('',#3730,#3736,#2076,.T.);
#4477=EDGE_CURVE('',#3737,#3738,#2077,.T.);
#4478=EDGE_CURVE('',#3739,#3737,#2078,.T.);
#4479=EDGE_CURVE('',#3740,#3739,#2079,.T.);
#4480=EDGE_CURVE('',#3741,#3740,#635,.T.);
#4481=EDGE_CURVE('',#3738,#3741,#636,.T.);
#4482=EDGE_CURVE('',#3742,#3743,#2080,.T.);
#4483=EDGE_CURVE('',#3744,#3742,#2081,.T.);
#4484=EDGE_CURVE('',#3745,#3744,#2082,.T.);
#4485=EDGE_CURVE('',#3746,#3745,#2083,.T.);
#4486=EDGE_CURVE('',#3747,#3746,#2084,.T.);
#4487=EDGE_CURVE('',#3748,#3747,#2085,.T.);
#4488=EDGE_CURVE('',#3749,#3748,#2086,.T.);
#4489=EDGE_CURVE('',#3750,#3749,#2087,.T.);
#4490=EDGE_CURVE('',#3751,#3750,#2088,.T.);
#4491=EDGE_CURVE('',#3752,#3751,#2089,.T.);
#4492=EDGE_CURVE('',#3753,#3752,#2090,.T.);
#4493=EDGE_CURVE('',#3743,#3753,#2091,.T.);
#4494=EDGE_CURVE('',#3754,#3755,#637,.T.);
#4495=EDGE_CURVE('',#3756,#3754,#638,.T.);
#4496=EDGE_CURVE('',#3757,#3756,#639,.T.);
#4497=EDGE_CURVE('',#3758,#3757,#640,.T.);
#4498=EDGE_CURVE('',#3759,#3758,#2092,.T.);
#4499=EDGE_CURVE('',#3760,#3759,#641,.T.);
#4500=EDGE_CURVE('',#3761,#3760,#642,.T.);
#4501=EDGE_CURVE('',#3762,#3761,#643,.T.);
#4502=EDGE_CURVE('',#3763,#3762,#644,.T.);
#4503=EDGE_CURVE('',#3755,#3763,#2093,.T.);
#4504=EDGE_CURVE('',#3764,#3765,#2094,.T.);
#4505=EDGE_CURVE('',#3766,#3764,#2095,.T.);
#4506=EDGE_CURVE('',#3767,#3766,#2096,.T.);
#4507=EDGE_CURVE('',#3768,#3767,#2097,.T.);
#4508=EDGE_CURVE('',#3769,#3768,#2098,.T.);
#4509=EDGE_CURVE('',#3765,#3769,#2099,.T.);
#4510=EDGE_CURVE('',#3770,#3771,#2100,.T.);
#4511=EDGE_CURVE('',#3771,#3772,#2101,.T.);
#4512=EDGE_CURVE('',#3772,#3725,#1993,.T.);
#4513=EDGE_CURVE('',#3726,#3773,#1994,.T.);
#4514=EDGE_CURVE('',#3773,#3774,#2102,.T.);
#4515=EDGE_CURVE('',#3775,#3774,#2103,.T.);
#4516=EDGE_CURVE('',#3776,#3775,#2104,.T.);
#4517=EDGE_CURVE('',#3776,#3777,#2105,.T.);
#4518=EDGE_CURVE('',#3777,#3778,#2106,.T.);
#4519=EDGE_CURVE('',#3778,#3779,#1995,.T.);
#4520=EDGE_CURVE('',#3779,#3780,#2107,.T.);
#4521=EDGE_CURVE('',#3780,#3781,#1996,.T.);
#4522=EDGE_CURVE('',#3781,#3782,#2108,.T.);
#4523=EDGE_CURVE('',#3783,#3782,#2109,.T.);
#4524=EDGE_CURVE('',#3770,#3783,#2110,.T.);
#4525=EDGE_CURVE('',#3784,#3771,#2111,.T.);
#4526=EDGE_CURVE('',#3784,#3785,#2112,.T.);
#4527=EDGE_CURVE('',#3785,#3772,#2113,.T.);
#4528=EDGE_CURVE('',#3786,#3787,#2114,.T.);
#4529=EDGE_CURVE('',#3788,#3786,#2115,.T.);
#4530=EDGE_CURVE('',#3789,#3788,#2116,.T.);
#4531=EDGE_CURVE('',#3787,#3789,#2117,.T.);
#4532=EDGE_CURVE('',#3790,#3791,#2118,.T.);
#4533=EDGE_CURVE('',#3792,#3790,#2119,.T.);
#4534=EDGE_CURVE('',#3793,#3792,#2120,.T.);
#4535=EDGE_CURVE('',#3791,#3793,#2121,.T.);
#4536=EDGE_CURVE('',#3794,#3795,#2122,.T.);
#4537=EDGE_CURVE('',#3774,#3795,#2123,.T.);
#4538=EDGE_CURVE('',#3773,#3794,#2124,.T.);
#4539=EDGE_CURVE('',#3796,#3797,#2125,.T.);
#4540=EDGE_CURVE('',#3798,#3796,#2126,.T.);
#4541=EDGE_CURVE('',#3799,#3798,#2127,.T.);
#4542=EDGE_CURVE('',#3797,#3799,#2128,.T.);
#4543=EDGE_CURVE('',#3800,#3801,#2129,.T.);
#4544=EDGE_CURVE('',#3802,#3800,#2130,.T.);
#4545=EDGE_CURVE('',#3803,#3802,#2131,.T.);
#4546=EDGE_CURVE('',#3801,#3803,#2132,.T.);
#4547=EDGE_CURVE('',#3804,#3777,#2133,.T.);
#4548=EDGE_CURVE('',#3804,#3805,#2134,.T.);
#4549=EDGE_CURVE('',#3805,#3778,#2135,.T.);
#4550=EDGE_CURVE('',#3806,#3807,#2136,.T.);
#4551=EDGE_CURVE('',#3807,#3780,#2137,.T.);
#4552=EDGE_CURVE('',#3779,#3806,#2138,.T.);
#4553=EDGE_CURVE('',#3808,#3809,#2139,.T.);
#4554=EDGE_CURVE('',#3782,#3809,#2140,.T.);
#4555=EDGE_CURVE('',#3781,#3808,#2141,.T.);
#4556=EDGE_CURVE('',#3810,#3784,#2142,.T.);
#4557=EDGE_CURVE('',#3811,#3810,#2143,.T.);
#4558=EDGE_CURVE('',#3811,#3809,#2144,.T.);
#4559=EDGE_CURVE('',#3808,#3807,#1997,.T.);
#4560=EDGE_CURVE('',#3806,#3805,#1998,.T.);
#4561=EDGE_CURVE('',#3812,#3804,#2145,.T.);
#4562=EDGE_CURVE('',#3813,#3812,#2146,.T.);
#4563=EDGE_CURVE('',#3813,#3795,#2147,.T.);
#4564=EDGE_CURVE('',#3794,#3728,#1999,.T.);
#4565=EDGE_CURVE('',#3727,#3785,#2000,.T.);
#4566=EDGE_CURVE('',#3814,#3815,#2148,.T.);
#4567=EDGE_CURVE('',#3816,#3814,#2149,.T.);
#4568=EDGE_CURVE('',#3817,#3816,#2150,.T.);
#4569=EDGE_CURVE('',#3815,#3817,#2151,.T.);
#4570=EDGE_CURVE('',#3818,#3819,#2152,.T.);
#4571=EDGE_CURVE('',#3820,#3818,#2153,.T.);
#4572=EDGE_CURVE('',#3821,#3820,#2154,.T.);
#4573=EDGE_CURVE('',#3819,#3821,#2155,.T.);
#4574=EDGE_CURVE('',#3775,#3813,#2156,.T.);
#4575=EDGE_CURVE('',#3812,#3776,#2157,.T.);
#4576=EDGE_CURVE('',#3810,#3770,#2158,.T.);
#4577=EDGE_CURVE('',#3783,#3811,#2159,.T.);
#4578=EDGE_CURVE('',#3822,#3823,#2160,.T.);
#4579=EDGE_CURVE('',#3793,#3822,#2161,.T.);
#4580=EDGE_CURVE('',#3792,#3823,#2162,.T.);
#4581=EDGE_CURVE('',#3824,#3825,#2163,.T.);
#4582=EDGE_CURVE('',#3822,#3824,#2001,.T.);
#4583=EDGE_CURVE('',#3823,#3825,#2002,.T.);
#4584=EDGE_CURVE('',#3826,#3827,#2164,.T.);
#4585=EDGE_CURVE('',#3826,#3828,#2165,.T.);
#4586=EDGE_CURVE('',#3824,#3828,#2166,.T.);
#4587=EDGE_CURVE('',#3825,#3829,#2167,.T.);
#4588=EDGE_CURVE('',#3829,#3827,#2168,.T.);
#4589=EDGE_CURVE('',#3828,#3830,#2169,.T.);
#4590=EDGE_CURVE('',#3831,#3830,#2170,.T.);
#4591=EDGE_CURVE('',#3831,#3824,#2171,.T.);
#4592=EDGE_CURVE('',#3830,#3832,#2172,.T.);
#4593=EDGE_CURVE('',#3833,#3832,#2173,.T.);
#4594=EDGE_CURVE('',#3833,#3834,#2174,.T.);
#4595=EDGE_CURVE('',#3835,#3834,#2175,.T.);
#4596=EDGE_CURVE('',#3835,#3831,#2176,.T.);
#4597=EDGE_CURVE('',#3834,#3829,#2177,.T.);
#4598=EDGE_CURVE('',#3825,#3835,#2178,.T.);
#4599=EDGE_CURVE('',#3836,#3831,#2003,.T.);
#4600=EDGE_CURVE('',#3836,#3822,#2179,.T.);
#4601=EDGE_CURVE('',#3837,#3836,#2180,.T.);
#4602=EDGE_CURVE('',#3837,#3835,#2004,.T.);
#4603=EDGE_CURVE('',#3823,#3837,#2181,.T.);
#4604=EDGE_CURVE('',#3791,#3836,#2182,.T.);
#4605=EDGE_CURVE('',#3790,#3837,#2183,.T.);
#4606=EDGE_CURVE('',#3832,#3826,#2184,.T.);
#4607=EDGE_CURVE('',#3827,#3833,#2185,.T.);
#4608=EDGE_CURVE('',#3838,#3839,#2186,.T.);
#4609=EDGE_CURVE('',#3789,#3838,#2187,.T.);
#4610=EDGE_CURVE('',#3788,#3839,#2188,.T.);
#4611=EDGE_CURVE('',#3840,#3841,#2189,.T.);
#4612=EDGE_CURVE('',#3838,#3840,#2005,.T.);
#4613=EDGE_CURVE('',#3839,#3841,#2006,.T.);
#4614=EDGE_CURVE('',#3842,#3843,#2190,.T.);
#4615=EDGE_CURVE('',#3842,#3844,#2191,.T.);
#4616=EDGE_CURVE('',#3840,#3844,#2192,.T.);
#4617=EDGE_CURVE('',#3841,#3845,#2193,.T.);
#4618=EDGE_CURVE('',#3845,#3843,#2194,.T.);
#4619=EDGE_CURVE('',#3844,#3846,#2195,.T.);
#4620=EDGE_CURVE('',#3847,#3846,#2196,.T.);
#4621=EDGE_CURVE('',#3847,#3840,#2197,.T.);
#4622=EDGE_CURVE('',#3846,#3848,#2198,.T.);
#4623=EDGE_CURVE('',#3849,#3848,#2199,.T.);
#4624=EDGE_CURVE('',#3849,#3850,#2200,.T.);
#4625=EDGE_CURVE('',#3851,#3850,#2201,.T.);
#4626=EDGE_CURVE('',#3851,#3847,#2202,.T.);
#4627=EDGE_CURVE('',#3850,#3845,#2203,.T.);
#4628=EDGE_CURVE('',#3841,#3851,#2204,.T.);
#4629=EDGE_CURVE('',#3852,#3847,#2007,.T.);
#4630=EDGE_CURVE('',#3852,#3838,#2205,.T.);
#4631=EDGE_CURVE('',#3853,#3852,#2206,.T.);
#4632=EDGE_CURVE('',#3853,#3851,#2008,.T.);
#4633=EDGE_CURVE('',#3839,#3853,#2207,.T.);
#4634=EDGE_CURVE('',#3787,#3852,#2208,.T.);
#4635=EDGE_CURVE('',#3786,#3853,#2209,.T.);
#4636=EDGE_CURVE('',#3848,#3842,#2210,.T.);
#4637=EDGE_CURVE('',#3843,#3849,#2211,.T.);
#4638=EDGE_CURVE('',#3854,#3855,#2212,.T.);
#4639=EDGE_CURVE('',#3803,#3854,#2213,.T.);
#4640=EDGE_CURVE('',#3802,#3855,#2214,.T.);
#4641=EDGE_CURVE('',#3856,#3857,#2215,.T.);
#4642=EDGE_CURVE('',#3854,#3856,#2009,.T.);
#4643=EDGE_CURVE('',#3855,#3857,#2010,.T.);
#4644=EDGE_CURVE('',#3857,#3858,#2216,.T.);
#4645=EDGE_CURVE('',#3858,#3859,#2217,.T.);
#4646=EDGE_CURVE('',#3860,#3859,#2218,.T.);
#4647=EDGE_CURVE('',#3860,#3861,#2219,.T.);
#4648=EDGE_CURVE('',#3856,#3861,#2220,.T.);
#4649=EDGE_CURVE('',#3861,#3862,#2221,.T.);
#4650=EDGE_CURVE('',#3863,#3862,#2222,.T.);
#4651=EDGE_CURVE('',#3863,#3856,#2223,.T.);
#4652=EDGE_CURVE('',#3864,#3865,#2224,.T.);
#4653=EDGE_CURVE('',#3864,#3866,#2225,.T.);
#4654=EDGE_CURVE('',#3867,#3866,#2226,.T.);
#4655=EDGE_CURVE('',#3867,#3863,#2227,.T.);
#4656=EDGE_CURVE('',#3862,#3865,#2228,.T.);
#4657=EDGE_CURVE('',#3866,#3858,#2229,.T.);
#4658=EDGE_CURVE('',#3857,#3867,#2230,.T.);
#4659=EDGE_CURVE('',#3868,#3863,#2011,.T.);
#4660=EDGE_CURVE('',#3868,#3854,#2231,.T.);
#4661=EDGE_CURVE('',#3869,#3868,#2232,.T.);
#4662=EDGE_CURVE('',#3869,#3867,#2012,.T.);
#4663=EDGE_CURVE('',#3855,#3869,#2233,.T.);
#4664=EDGE_CURVE('',#3801,#3868,#2234,.T.);
#4665=EDGE_CURVE('',#3800,#3869,#2235,.T.);
#4666=EDGE_CURVE('',#3859,#3864,#2236,.T.);
#4667=EDGE_CURVE('',#3865,#3860,#2237,.T.);
#4668=EDGE_CURVE('',#3870,#3871,#2238,.T.);
#4669=EDGE_CURVE('',#3799,#3870,#2239,.T.);
#4670=EDGE_CURVE('',#3798,#3871,#2240,.T.);
#4671=EDGE_CURVE('',#3872,#3873,#2241,.T.);
#4672=EDGE_CURVE('',#3870,#3872,#2013,.T.);
#4673=EDGE_CURVE('',#3871,#3873,#2014,.T.);
#4674=EDGE_CURVE('',#3873,#3874,#2242,.T.);
#4675=EDGE_CURVE('',#3874,#3875,#2243,.T.);
#4676=EDGE_CURVE('',#3876,#3875,#2244,.T.);
#4677=EDGE_CURVE('',#3876,#3877,#2245,.T.);
#4678=EDGE_CURVE('',#3872,#3877,#2246,.T.);
#4679=EDGE_CURVE('',#3877,#3878,#2247,.T.);
#4680=EDGE_CURVE('',#3879,#3878,#2248,.T.);
#4681=EDGE_CURVE('',#3879,#3872,#2249,.T.);
#4682=EDGE_CURVE('',#3880,#3881,#2250,.T.);
#4683=EDGE_CURVE('',#3880,#3882,#2251,.T.);
#4684=EDGE_CURVE('',#3883,#3882,#2252,.T.);
#4685=EDGE_CURVE('',#3883,#3879,#2253,.T.);
#4686=EDGE_CURVE('',#3878,#3881,#2254,.T.);
#4687=EDGE_CURVE('',#3882,#3874,#2255,.T.);
#4688=EDGE_CURVE('',#3873,#3883,#2256,.T.);
#4689=EDGE_CURVE('',#3884,#3879,#2015,.T.);
#4690=EDGE_CURVE('',#3884,#3870,#2257,.T.);
#4691=EDGE_CURVE('',#3885,#3884,#2258,.T.);
#4692=EDGE_CURVE('',#3885,#3883,#2016,.T.);
#4693=EDGE_CURVE('',#3871,#3885,#2259,.T.);
#4694=EDGE_CURVE('',#3797,#3884,#2260,.T.);
#4695=EDGE_CURVE('',#3796,#3885,#2261,.T.);
#4696=EDGE_CURVE('',#3875,#3880,#2262,.T.);
#4697=EDGE_CURVE('',#3881,#3876,#2263,.T.);
#4698=EDGE_CURVE('',#3886,#3887,#2264,.T.);
#4699=EDGE_CURVE('',#3821,#3886,#2265,.T.);
#4700=EDGE_CURVE('',#3820,#3887,#2266,.T.);
#4701=EDGE_CURVE('',#3888,#3889,#2267,.T.);
#4702=EDGE_CURVE('',#3886,#3888,#2017,.T.);
#4703=EDGE_CURVE('',#3887,#3889,#2018,.T.);
#4704=EDGE_CURVE('',#3890,#3891,#2268,.T.);
#4705=EDGE_CURVE('',#3890,#3892,#2269,.T.);
#4706=EDGE_CURVE('',#3888,#3892,#2270,.T.);
#4707=EDGE_CURVE('',#3889,#3893,#2271,.T.);
#4708=EDGE_CURVE('',#3893,#3891,#2272,.T.);
#4709=EDGE_CURVE('',#3892,#3894,#2273,.T.);
#4710=EDGE_CURVE('',#3895,#3894,#2274,.T.);
#4711=EDGE_CURVE('',#3895,#3888,#2275,.T.);
#4712=EDGE_CURVE('',#3894,#3896,#2276,.T.);
#4713=EDGE_CURVE('',#3897,#3896,#2277,.T.);
#4714=EDGE_CURVE('',#3897,#3898,#2278,.T.);
#4715=EDGE_CURVE('',#3899,#3898,#2279,.T.);
#4716=EDGE_CURVE('',#3899,#3895,#2280,.T.);
#4717=EDGE_CURVE('',#3898,#3893,#2281,.T.);
#4718=EDGE_CURVE('',#3889,#3899,#2282,.T.);
#4719=EDGE_CURVE('',#3895,#3886,#2283,.T.);
#4720=EDGE_CURVE('',#3887,#3899,#2284,.T.);
#4721=EDGE_CURVE('',#3819,#3895,#2285,.T.);
#4722=EDGE_CURVE('',#3818,#3899,#2286,.T.);
#4723=EDGE_CURVE('',#3896,#3890,#2287,.T.);
#4724=EDGE_CURVE('',#3891,#3897,#2288,.T.);
#4725=EDGE_CURVE('',#3900,#3901,#2289,.T.);
#4726=EDGE_CURVE('',#3817,#3900,#2290,.T.);
#4727=EDGE_CURVE('',#3816,#3901,#2291,.T.);
#4728=EDGE_CURVE('',#3902,#3903,#2292,.T.);
#4729=EDGE_CURVE('',#3900,#3902,#2019,.T.);
#4730=EDGE_CURVE('',#3901,#3903,#2020,.T.);
#4731=EDGE_CURVE('',#3904,#3905,#2293,.T.);
#4732=EDGE_CURVE('',#3904,#3906,#2294,.T.);
#4733=EDGE_CURVE('',#3902,#3906,#2295,.T.);
#4734=EDGE_CURVE('',#3903,#3907,#2296,.T.);
#4735=EDGE_CURVE('',#3907,#3905,#2297,.T.);
#4736=EDGE_CURVE('',#3906,#3908,#2298,.T.);
#4737=EDGE_CURVE('',#3909,#3908,#2299,.T.);
#4738=EDGE_CURVE('',#3909,#3902,#2300,.T.);
#4739=EDGE_CURVE('',#3908,#3910,#2301,.T.);
#4740=EDGE_CURVE('',#3911,#3910,#2302,.T.);
#4741=EDGE_CURVE('',#3911,#3912,#2303,.T.);
#4742=EDGE_CURVE('',#3913,#3912,#2304,.T.);
#4743=EDGE_CURVE('',#3913,#3909,#2305,.T.);
#4744=EDGE_CURVE('',#3912,#3907,#2306,.T.);
#4745=EDGE_CURVE('',#3903,#3913,#2307,.T.);
#4746=EDGE_CURVE('',#3909,#3900,#2308,.T.);
#4747=EDGE_CURVE('',#3901,#3913,#2309,.T.);
#4748=EDGE_CURVE('',#3815,#3909,#2310,.T.);
#4749=EDGE_CURVE('',#3814,#3913,#2311,.T.);
#4750=EDGE_CURVE('',#3910,#3904,#2312,.T.);
#4751=EDGE_CURVE('',#3905,#3911,#2313,.T.);
#4752=EDGE_CURVE('',#3914,#3731,#2314,.T.);
#4753=EDGE_CURVE('',#3915,#3729,#2315,.T.);
#4754=EDGE_CURVE('',#3914,#3915,#2316,.T.);
#4755=EDGE_CURVE('',#3916,#3730,#2317,.T.);
#4756=EDGE_CURVE('',#3915,#3916,#2318,.T.);
#4757=EDGE_CURVE('',#3917,#3736,#2319,.T.);
#4758=EDGE_CURVE('',#3916,#3917,#2320,.T.);
#4759=EDGE_CURVE('',#3918,#3735,#2321,.T.);
#4760=EDGE_CURVE('',#3917,#3918,#2322,.T.);
#4761=EDGE_CURVE('',#3919,#3734,#2323,.T.);
#4762=EDGE_CURVE('',#3918,#3919,#2324,.T.);
#4763=EDGE_CURVE('',#3920,#3733,#2325,.T.);
#4764=EDGE_CURVE('',#3919,#3920,#2326,.T.);
#4765=EDGE_CURVE('',#3921,#3732,#2327,.T.);
#4766=EDGE_CURVE('',#3920,#3921,#2328,.T.);
#4767=EDGE_CURVE('',#3921,#3914,#2329,.T.);
#4768=EDGE_CURVE('',#3922,#3923,#2330,.T.);
#4769=EDGE_CURVE('',#3923,#3924,#645,.T.);
#4770=EDGE_CURVE('',#3924,#3925,#646,.T.);
#4771=EDGE_CURVE('',#3925,#3926,#2331,.T.);
#4772=EDGE_CURVE('',#3926,#3922,#2332,.T.);
#4773=EDGE_CURVE('',#3923,#3927,#2333,.T.);
#4774=EDGE_CURVE('',#3922,#3928,#2334,.T.);
#4775=EDGE_CURVE('',#3928,#3927,#2335,.T.);
#4776=EDGE_CURVE('',#3926,#3929,#2336,.T.);
#4777=EDGE_CURVE('',#3929,#3928,#2337,.T.);
#4778=EDGE_CURVE('',#3925,#3930,#2338,.T.);
#4779=EDGE_CURVE('',#3930,#3929,#2339,.T.);
#4780=EDGE_CURVE('',#3924,#3931,#2340,.T.);
#4781=EDGE_CURVE('',#3931,#3930,#647,.T.);
#4782=EDGE_CURVE('',#3927,#3931,#648,.T.);
#4783=EDGE_CURVE('',#3932,#3739,#2341,.T.);
#4784=EDGE_CURVE('',#3933,#3737,#2342,.T.);
#4785=EDGE_CURVE('',#3932,#3933,#2343,.T.);
#4786=EDGE_CURVE('',#3934,#3738,#2344,.T.);
#4787=EDGE_CURVE('',#3933,#3934,#2345,.T.);
#4788=EDGE_CURVE('',#3934,#3935,#649,.T.);
#4789=EDGE_CURVE('',#3935,#3741,#2346,.T.);
#4790=EDGE_CURVE('',#3935,#3936,#650,.T.);
#4791=EDGE_CURVE('',#3936,#3740,#2347,.T.);
#4792=EDGE_CURVE('',#3936,#3932,#2348,.T.);
#4793=EDGE_CURVE('',#3937,#3938,#651,.T.);
#4794=EDGE_CURVE('',#3938,#3939,#652,.T.);
#4795=EDGE_CURVE('',#3939,#3940,#2349,.T.);
#4796=EDGE_CURVE('',#3940,#3941,#2350,.T.);
#4797=EDGE_CURVE('',#3941,#3937,#2351,.T.);
#4798=EDGE_CURVE('',#3938,#3942,#2352,.T.);
#4799=EDGE_CURVE('',#3937,#3943,#2353,.T.);
#4800=EDGE_CURVE('',#3943,#3942,#653,.T.);
#4801=EDGE_CURVE('',#3941,#3944,#2354,.T.);
#4802=EDGE_CURVE('',#3944,#3943,#2355,.T.);
#4803=EDGE_CURVE('',#3940,#3945,#2356,.T.);
#4804=EDGE_CURVE('',#3945,#3944,#2357,.T.);
#4805=EDGE_CURVE('',#3939,#3946,#2358,.T.);
#4806=EDGE_CURVE('',#3946,#3945,#2359,.T.);
#4807=EDGE_CURVE('',#3942,#3946,#654,.T.);
#4808=EDGE_CURVE('',#3947,#3744,#2360,.T.);
#4809=EDGE_CURVE('',#3948,#3742,#2361,.T.);
#4810=EDGE_CURVE('',#3947,#3948,#2362,.T.);
#4811=EDGE_CURVE('',#3949,#3743,#2363,.T.);
#4812=EDGE_CURVE('',#3948,#3949,#2364,.T.);
#4813=EDGE_CURVE('',#3950,#3753,#2365,.T.);
#4814=EDGE_CURVE('',#3949,#3950,#2366,.T.);
#4815=EDGE_CURVE('',#3951,#3752,#2367,.T.);
#4816=EDGE_CURVE('',#3950,#3951,#2368,.T.);
#4817=EDGE_CURVE('',#3952,#3751,#2369,.T.);
#4818=EDGE_CURVE('',#3951,#3952,#2370,.T.);
#4819=EDGE_CURVE('',#3953,#3750,#2371,.T.);
#4820=EDGE_CURVE('',#3952,#3953,#2372,.T.);
#4821=EDGE_CURVE('',#3954,#3749,#2373,.T.);
#4822=EDGE_CURVE('',#3953,#3954,#2374,.T.);
#4823=EDGE_CURVE('',#3955,#3748,#2375,.T.);
#4824=EDGE_CURVE('',#3954,#3955,#2376,.T.);
#4825=EDGE_CURVE('',#3956,#3747,#2377,.T.);
#4826=EDGE_CURVE('',#3955,#3956,#2378,.T.);
#4827=EDGE_CURVE('',#3957,#3746,#2379,.T.);
#4828=EDGE_CURVE('',#3956,#3957,#2380,.T.);
#4829=EDGE_CURVE('',#3958,#3745,#2381,.T.);
#4830=EDGE_CURVE('',#3957,#3958,#2382,.T.);
#4831=EDGE_CURVE('',#3958,#3947,#2383,.T.);
#4832=EDGE_CURVE('',#3959,#3960,#655,.T.);
#4833=EDGE_CURVE('',#3959,#3754,#2384,.T.);
#4834=EDGE_CURVE('',#3960,#3755,#2385,.T.);
#4835=EDGE_CURVE('',#3961,#3763,#2386,.T.);
#4836=EDGE_CURVE('',#3960,#3961,#2387,.T.);
#4837=EDGE_CURVE('',#3961,#3962,#656,.T.);
#4838=EDGE_CURVE('',#3962,#3762,#2388,.T.);
#4839=EDGE_CURVE('',#3962,#3963,#657,.T.);
#4840=EDGE_CURVE('',#3963,#3761,#2389,.T.);
#4841=EDGE_CURVE('',#3963,#3964,#658,.T.);
#4842=EDGE_CURVE('',#3964,#3760,#2390,.T.);
#4843=EDGE_CURVE('',#3964,#3965,#659,.T.);
#4844=EDGE_CURVE('',#3965,#3759,#2391,.T.);
#4845=EDGE_CURVE('',#3966,#3758,#2392,.T.);
#4846=EDGE_CURVE('',#3965,#3966,#2393,.T.);
#4847=EDGE_CURVE('',#3966,#3967,#660,.T.);
#4848=EDGE_CURVE('',#3967,#3757,#2394,.T.);
#4849=EDGE_CURVE('',#3967,#3968,#661,.T.);
#4850=EDGE_CURVE('',#3968,#3756,#2395,.T.);
#4851=EDGE_CURVE('',#3968,#3959,#662,.T.);
#4852=EDGE_CURVE('',#3969,#3766,#2396,.T.);
#4853=EDGE_CURVE('',#3970,#3764,#2397,.T.);
#4854=EDGE_CURVE('',#3969,#3970,#2398,.T.);
#4855=EDGE_CURVE('',#3971,#3765,#2399,.T.);
#4856=EDGE_CURVE('',#3970,#3971,#2400,.T.);
#4857=EDGE_CURVE('',#3972,#3769,#2401,.T.);
#4858=EDGE_CURVE('',#3971,#3972,#2402,.T.);
#4859=EDGE_CURVE('',#3973,#3768,#2403,.T.);
#4860=EDGE_CURVE('',#3972,#3973,#2404,.T.);
#4861=EDGE_CURVE('',#3974,#3767,#2405,.T.);
#4862=EDGE_CURVE('',#3973,#3974,#2406,.T.);
#4863=EDGE_CURVE('',#3974,#3969,#2407,.T.);
#4864=EDGE_CURVE('',#3975,#3976,#2021,.T.);
#4865=EDGE_CURVE('',#3977,#3976,#2408,.T.);
#4866=EDGE_CURVE('',#3978,#3977,#2022,.T.);
#4867=EDGE_CURVE('',#3978,#3975,#2409,.T.);
#4868=EDGE_CURVE('',#3976,#3979,#2410,.T.);
#4869=EDGE_CURVE('',#3980,#3979,#2411,.T.);
#4870=EDGE_CURVE('',#3977,#3980,#2412,.T.);
#4871=EDGE_CURVE('',#3979,#3981,#2023,.T.);
#4872=EDGE_CURVE('',#3982,#3981,#2413,.T.);
#4873=EDGE_CURVE('',#3980,#3982,#2024,.T.);
#4874=EDGE_CURVE('',#3981,#3983,#2414,.T.);
#4875=EDGE_CURVE('',#3984,#3983,#2415,.T.);
#4876=EDGE_CURVE('',#3982,#3984,#2416,.T.);
#4877=EDGE_CURVE('',#3983,#3985,#2417,.T.);
#4878=EDGE_CURVE('',#3986,#3985,#2418,.T.);
#4879=EDGE_CURVE('',#3984,#3986,#2419,.T.);
#4880=EDGE_CURVE('',#3985,#3975,#2420,.T.);
#4881=EDGE_CURVE('',#3986,#3978,#2421,.T.);
#4882=EDGE_CURVE('',#3987,#3988,#2025,.T.);
#4883=EDGE_CURVE('',#3989,#3988,#2422,.T.);
#4884=EDGE_CURVE('',#3990,#3989,#2026,.T.);
#4885=EDGE_CURVE('',#3990,#3987,#2423,.T.);
#4886=EDGE_CURVE('',#3988,#3991,#2424,.T.);
#4887=EDGE_CURVE('',#3992,#3991,#2425,.T.);
#4888=EDGE_CURVE('',#3989,#3992,#2426,.T.);
#4889=EDGE_CURVE('',#3991,#3993,#2427,.T.);
#4890=EDGE_CURVE('',#3994,#3993,#2428,.T.);
#4891=EDGE_CURVE('',#3992,#3994,#2429,.T.);
#4892=EDGE_CURVE('',#3993,#3995,#2430,.T.);
#4893=EDGE_CURVE('',#3996,#3995,#2431,.T.);
#4894=EDGE_CURVE('',#3994,#3996,#2432,.T.);
#4895=EDGE_CURVE('',#3995,#3997,#2027,.T.);
#4896=EDGE_CURVE('',#3998,#3997,#2433,.T.);
#4897=EDGE_CURVE('',#3996,#3998,#2028,.T.);
#4898=EDGE_CURVE('',#3997,#3987,#2434,.T.);
#4899=EDGE_CURVE('',#3998,#3990,#2435,.T.);
#4900=EDGE_CURVE('',#3999,#4000,#2436,.T.);
#4901=EDGE_CURVE('',#4000,#4001,#2437,.T.);
#4902=EDGE_CURVE('',#4001,#4002,#2438,.T.);
#4903=EDGE_CURVE('',#4002,#3999,#2439,.T.);
#4904=EDGE_CURVE('',#4003,#4004,#2440,.T.);
#4905=EDGE_CURVE('',#4004,#4005,#2441,.T.);
#4906=EDGE_CURVE('',#4005,#4006,#2442,.T.);
#4907=EDGE_CURVE('',#4006,#4003,#2443,.T.);
#4908=EDGE_CURVE('',#4007,#4008,#2444,.T.);
#4909=EDGE_CURVE('',#4008,#4009,#2445,.T.);
#4910=EDGE_CURVE('',#4009,#4010,#2446,.T.);
#4911=EDGE_CURVE('',#4010,#4007,#2447,.T.);
#4912=EDGE_CURVE('',#4011,#4012,#2448,.T.);
#4913=EDGE_CURVE('',#4012,#4013,#2449,.T.);
#4914=EDGE_CURVE('',#4013,#4014,#2450,.T.);
#4915=EDGE_CURVE('',#4014,#4011,#2451,.T.);
#4916=EDGE_CURVE('',#4015,#4016,#2452,.T.);
#4917=EDGE_CURVE('',#4016,#4017,#2453,.T.);
#4918=EDGE_CURVE('',#4017,#4018,#2454,.T.);
#4919=EDGE_CURVE('',#4018,#4015,#2455,.T.);
#4920=EDGE_CURVE('',#4009,#4004,#2029,.T.);
#4921=EDGE_CURVE('',#4003,#4002,#2030,.T.);
#4922=EDGE_CURVE('',#4001,#4012,#2031,.T.);
#4923=EDGE_CURVE('',#4011,#4010,#2032,.T.);
#4924=EDGE_CURVE('',#4013,#4000,#2033,.T.);
#4925=EDGE_CURVE('',#4014,#4018,#2034,.T.);
#4926=EDGE_CURVE('',#4015,#4013,#2035,.T.);
#4927=EDGE_CURVE('',#4007,#4014,#2036,.T.);
#4928=EDGE_CURVE('',#4015,#4000,#2037,.T.);
#4929=EDGE_CURVE('',#4007,#4018,#2038,.T.);
#4930=EDGE_CURVE('',#3999,#4006,#2039,.T.);
#4931=EDGE_CURVE('',#4016,#3999,#2040,.T.);
#4932=EDGE_CURVE('',#4008,#4017,#2041,.T.);
#4933=EDGE_CURVE('',#4005,#4008,#2042,.T.);
#4934=EDGE_CURVE('',#4016,#4006,#2043,.T.);
#4935=EDGE_CURVE('',#4005,#4017,#2044,.T.);
#4936=EDGE_CURVE('',#4019,#4020,#2456,.T.);
#4937=EDGE_CURVE('',#4021,#4020,#2457,.T.);
#4938=EDGE_CURVE('',#4022,#4021,#2458,.T.);
#4939=EDGE_CURVE('',#4022,#4019,#2459,.T.);
#4940=EDGE_CURVE('',#4020,#4023,#2460,.T.);
#4941=EDGE_CURVE('',#4024,#4023,#2461,.T.);
#4942=EDGE_CURVE('',#4021,#4024,#2462,.T.);
#4943=EDGE_CURVE('',#4023,#4025,#2463,.T.);
#4944=EDGE_CURVE('',#4026,#4025,#2464,.T.);
#4945=EDGE_CURVE('',#4024,#4026,#2465,.T.);
#4946=EDGE_CURVE('',#4025,#4027,#2466,.T.);
#4947=EDGE_CURVE('',#4028,#4027,#2467,.T.);
#4948=EDGE_CURVE('',#4026,#4028,#2468,.T.);
#4949=EDGE_CURVE('',#4027,#4029,#2469,.T.);
#4950=EDGE_CURVE('',#4030,#4029,#2470,.T.);
#4951=EDGE_CURVE('',#4028,#4030,#2471,.T.);
#4952=EDGE_CURVE('',#4029,#4019,#2472,.T.);
#4953=EDGE_CURVE('',#4030,#4022,#2473,.T.);
#4954=EDGE_CURVE('',#4031,#4032,#2474,.T.);
#4955=EDGE_CURVE('',#4032,#4033,#663,.T.);
#4956=EDGE_CURVE('',#4034,#4033,#2475,.T.);
#4957=EDGE_CURVE('',#4031,#4034,#664,.T.);
#4958=EDGE_CURVE('',#4033,#4035,#2476,.T.);
#4959=EDGE_CURVE('',#4036,#4035,#2477,.T.);
#4960=EDGE_CURVE('',#4034,#4036,#2478,.T.);
#4961=EDGE_CURVE('',#4035,#4037,#21,.T.);
#4962=EDGE_CURVE('',#4038,#4037,#2479,.T.);
#4963=EDGE_CURVE('',#4036,#4038,#22,.T.);
#4964=EDGE_CURVE('',#4037,#4039,#23,.T.);
#4965=EDGE_CURVE('',#4040,#4039,#2480,.T.);
#4966=EDGE_CURVE('',#4038,#4040,#24,.T.);
#4967=EDGE_CURVE('',#4039,#4041,#665,.T.);
#4968=EDGE_CURVE('',#4042,#4041,#2481,.T.);
#4969=EDGE_CURVE('',#4040,#4042,#666,.T.);
#4970=EDGE_CURVE('',#4041,#4043,#667,.T.);
#4971=EDGE_CURVE('',#4044,#4043,#2482,.T.);
#4972=EDGE_CURVE('',#4042,#4044,#668,.T.);
#4973=EDGE_CURVE('',#4043,#4045,#669,.T.);
#4974=EDGE_CURVE('',#4046,#4045,#2483,.T.);
#4975=EDGE_CURVE('',#4044,#4046,#670,.T.);
#4976=EDGE_CURVE('',#4045,#4047,#671,.T.);
#4977=EDGE_CURVE('',#4048,#4047,#2484,.T.);
#4978=EDGE_CURVE('',#4046,#4048,#672,.T.);
#4979=EDGE_CURVE('',#4047,#4049,#2485,.T.);
#4980=EDGE_CURVE('',#4050,#4049,#2486,.T.);
#4981=EDGE_CURVE('',#4048,#4050,#2487,.T.);
#4982=EDGE_CURVE('',#4049,#4051,#25,.T.);
#4983=EDGE_CURVE('',#4052,#4051,#2488,.T.);
#4984=EDGE_CURVE('',#4050,#4052,#26,.T.);
#4985=EDGE_CURVE('',#4051,#4053,#673,.T.);
#4986=EDGE_CURVE('',#4054,#4053,#2489,.T.);
#4987=EDGE_CURVE('',#4052,#4054,#674,.T.);
#4988=EDGE_CURVE('',#4053,#4055,#675,.T.);
#4989=EDGE_CURVE('',#4056,#4055,#2490,.T.);
#4990=EDGE_CURVE('',#4054,#4056,#676,.T.);
#4991=EDGE_CURVE('',#4055,#4057,#27,.T.);
#4992=EDGE_CURVE('',#4058,#4057,#2491,.T.);
#4993=EDGE_CURVE('',#4056,#4058,#28,.T.);
#4994=EDGE_CURVE('',#4057,#4032,#677,.T.);
#4995=EDGE_CURVE('',#4058,#4031,#678,.T.);
#4996=EDGE_CURVE('',#4059,#4060,#2492,.T.);
#4997=EDGE_CURVE('',#4061,#4060,#2493,.T.);
#4998=EDGE_CURVE('',#4062,#4061,#2494,.T.);
#4999=EDGE_CURVE('',#4062,#4059,#2495,.T.);
#5000=EDGE_CURVE('',#4060,#4063,#2496,.T.);
#5001=EDGE_CURVE('',#4064,#4063,#2497,.T.);
#5002=EDGE_CURVE('',#4061,#4064,#2498,.T.);
#5003=EDGE_CURVE('',#4063,#4065,#2499,.T.);
#5004=EDGE_CURVE('',#4066,#4065,#2500,.T.);
#5005=EDGE_CURVE('',#4064,#4066,#2501,.T.);
#5006=EDGE_CURVE('',#4065,#4067,#2502,.T.);
#5007=EDGE_CURVE('',#4068,#4067,#2503,.T.);
#5008=EDGE_CURVE('',#4066,#4068,#2504,.T.);
#5009=EDGE_CURVE('',#4067,#4069,#2505,.T.);
#5010=EDGE_CURVE('',#4070,#4069,#2506,.T.);
#5011=EDGE_CURVE('',#4068,#4070,#2507,.T.);
#5012=EDGE_CURVE('',#4069,#4071,#2508,.T.);
#5013=EDGE_CURVE('',#4072,#4071,#2509,.T.);
#5014=EDGE_CURVE('',#4070,#4072,#2510,.T.);
#5015=EDGE_CURVE('',#4071,#4073,#2511,.T.);
#5016=EDGE_CURVE('',#4074,#4073,#2512,.T.);
#5017=EDGE_CURVE('',#4072,#4074,#2513,.T.);
#5018=EDGE_CURVE('',#4073,#4075,#2514,.T.);
#5019=EDGE_CURVE('',#4076,#4075,#2515,.T.);
#5020=EDGE_CURVE('',#4074,#4076,#2516,.T.);
#5021=EDGE_CURVE('',#4075,#4077,#2517,.T.);
#5022=EDGE_CURVE('',#4078,#4077,#2518,.T.);
#5023=EDGE_CURVE('',#4076,#4078,#2519,.T.);
#5024=EDGE_CURVE('',#4077,#4079,#2520,.T.);
#5025=EDGE_CURVE('',#4080,#4079,#2521,.T.);
#5026=EDGE_CURVE('',#4078,#4080,#2522,.T.);
#5027=EDGE_CURVE('',#4079,#4081,#2523,.T.);
#5028=EDGE_CURVE('',#4082,#4081,#2524,.T.);
#5029=EDGE_CURVE('',#4080,#4082,#2525,.T.);
#5030=EDGE_CURVE('',#4081,#4059,#2526,.T.);
#5031=EDGE_CURVE('',#4082,#4062,#2527,.T.);
#5032=EDGE_CURVE('',#4083,#4084,#2528,.T.);
#5033=EDGE_CURVE('',#4084,#4085,#29,.T.);
#5034=EDGE_CURVE('',#4085,#4086,#30,.T.);
#5035=EDGE_CURVE('',#4086,#4087,#679,.T.);
#5036=EDGE_CURVE('',#4087,#4088,#680,.T.);
#5037=EDGE_CURVE('',#4088,#4089,#2529,.T.);
#5038=EDGE_CURVE('',#4089,#4083,#2530,.T.);
#5039=EDGE_CURVE('',#4090,#4091,#2531,.T.);
#5040=EDGE_CURVE('',#4092,#4090,#2532,.T.);
#5041=EDGE_CURVE('',#4093,#4092,#31,.T.);
#5042=EDGE_CURVE('',#4094,#4093,#32,.T.);
#5043=EDGE_CURVE('',#4095,#4094,#33,.T.);
#5044=EDGE_CURVE('',#4096,#4095,#34,.T.);
#5045=EDGE_CURVE('',#4091,#4096,#2533,.T.);
#5046=EDGE_CURVE('',#4097,#4098,#2534,.T.);
#5047=EDGE_CURVE('',#4099,#4097,#2535,.T.);
#5048=EDGE_CURVE('',#4100,#4099,#2536,.T.);
#5049=EDGE_CURVE('',#4101,#4100,#681,.T.);
#5050=EDGE_CURVE('',#4102,#4101,#682,.T.);
#5051=EDGE_CURVE('',#4103,#4102,#35,.T.);
#5052=EDGE_CURVE('',#4098,#4103,#36,.T.);
#5053=EDGE_CURVE('',#4104,#4105,#2537,.T.);
#5054=EDGE_CURVE('',#4105,#4106,#2538,.T.);
#5055=EDGE_CURVE('',#4106,#4107,#2539,.T.);
#5056=EDGE_CURVE('',#4107,#4108,#37,.T.);
#5057=EDGE_CURVE('',#4108,#4109,#38,.T.);
#5058=EDGE_CURVE('',#4109,#4110,#39,.T.);
#5059=EDGE_CURVE('',#4110,#4104,#40,.T.);
#5060=EDGE_CURVE('',#4084,#4098,#2540,.T.);
#5061=EDGE_CURVE('',#4083,#4097,#2541,.T.);
#5062=EDGE_CURVE('',#4085,#4103,#2542,.T.);
#5063=EDGE_CURVE('',#4086,#4102,#2543,.T.);
#5064=EDGE_CURVE('',#4087,#4101,#2544,.T.);
#5065=EDGE_CURVE('',#4088,#4100,#2545,.T.);
#5066=EDGE_CURVE('',#4089,#4099,#2546,.T.);
#5067=EDGE_CURVE('',#4092,#4104,#2547,.T.);
#5068=EDGE_CURVE('',#4090,#4105,#2548,.T.);
#5069=EDGE_CURVE('',#4091,#4106,#2549,.T.);
#5070=EDGE_CURVE('',#4096,#4107,#2550,.T.);
#5071=EDGE_CURVE('',#4095,#4108,#2551,.T.);
#5072=EDGE_CURVE('',#4094,#4109,#2552,.T.);
#5073=EDGE_CURVE('',#4093,#4110,#2553,.T.);
#5074=EDGE_CURVE('',#4111,#4112,#2554,.T.);
#5075=EDGE_CURVE('',#4112,#4113,#2555,.T.);
#5076=EDGE_CURVE('',#4113,#4114,#2556,.T.);
#5077=EDGE_CURVE('',#4114,#4115,#2557,.T.);
#5078=EDGE_CURVE('',#4115,#4116,#2558,.T.);
#5079=EDGE_CURVE('',#4116,#4117,#2559,.T.);
#5080=EDGE_CURVE('',#4117,#4118,#2560,.T.);
#5081=EDGE_CURVE('',#4118,#4111,#2561,.T.);
#5082=EDGE_CURVE('',#4119,#4120,#2562,.T.);
#5083=EDGE_CURVE('',#4121,#4119,#2563,.T.);
#5084=EDGE_CURVE('',#4122,#4121,#683,.T.);
#5085=EDGE_CURVE('',#4123,#4122,#2564,.T.);
#5086=EDGE_CURVE('',#4124,#4123,#684,.T.);
#5087=EDGE_CURVE('',#4120,#4124,#2565,.T.);
#5088=EDGE_CURVE('',#4125,#4126,#2566,.T.);
#5089=EDGE_CURVE('',#4127,#4125,#2567,.T.);
#5090=EDGE_CURVE('',#4128,#4127,#2568,.T.);
#5091=EDGE_CURVE('',#4129,#4128,#2569,.T.);
#5092=EDGE_CURVE('',#4130,#4129,#2570,.T.);
#5093=EDGE_CURVE('',#4131,#4130,#2571,.T.);
#5094=EDGE_CURVE('',#4132,#4131,#2572,.T.);
#5095=EDGE_CURVE('',#4126,#4132,#2573,.T.);
#5096=EDGE_CURVE('',#4133,#4134,#2574,.T.);
#5097=EDGE_CURVE('',#4134,#4135,#2575,.T.);
#5098=EDGE_CURVE('',#4135,#4136,#2576,.T.);
#5099=EDGE_CURVE('',#4136,#4137,#685,.T.);
#5100=EDGE_CURVE('',#4137,#4138,#2577,.T.);
#5101=EDGE_CURVE('',#4138,#4133,#686,.T.);
#5102=EDGE_CURVE('',#4112,#4126,#2578,.T.);
#5103=EDGE_CURVE('',#4111,#4125,#2579,.T.);
#5104=EDGE_CURVE('',#4113,#4132,#2580,.T.);
#5105=EDGE_CURVE('',#4114,#4131,#2581,.T.);
#5106=EDGE_CURVE('',#4115,#4130,#2582,.T.);
#5107=EDGE_CURVE('',#4116,#4129,#2583,.T.);
#5108=EDGE_CURVE('',#4117,#4128,#2584,.T.);
#5109=EDGE_CURVE('',#4118,#4127,#2585,.T.);
#5110=EDGE_CURVE('',#4119,#4134,#2586,.T.);
#5111=EDGE_CURVE('',#4120,#4135,#2587,.T.);
#5112=EDGE_CURVE('',#4124,#4136,#2588,.T.);
#5113=EDGE_CURVE('',#4123,#4137,#2589,.T.);
#5114=EDGE_CURVE('',#4122,#4138,#2590,.T.);
#5115=EDGE_CURVE('',#4121,#4133,#2591,.T.);
#5116=EDGE_CURVE('',#4139,#4140,#2592,.T.);
#5117=EDGE_CURVE('',#4141,#4140,#2593,.T.);
#5118=EDGE_CURVE('',#4142,#4141,#2594,.T.);
#5119=EDGE_CURVE('',#4142,#4139,#2595,.T.);
#5120=EDGE_CURVE('',#4140,#4143,#2596,.T.);
#5121=EDGE_CURVE('',#4144,#4143,#2597,.T.);
#5122=EDGE_CURVE('',#4141,#4144,#2598,.T.);
#5123=EDGE_CURVE('',#4143,#4145,#2599,.T.);
#5124=EDGE_CURVE('',#4146,#4145,#2600,.T.);
#5125=EDGE_CURVE('',#4144,#4146,#2601,.T.);
#5126=EDGE_CURVE('',#4145,#4147,#2602,.T.);
#5127=EDGE_CURVE('',#4148,#4147,#2603,.T.);
#5128=EDGE_CURVE('',#4146,#4148,#2604,.T.);
#5129=EDGE_CURVE('',#4147,#4149,#2605,.T.);
#5130=EDGE_CURVE('',#4150,#4149,#2606,.T.);
#5131=EDGE_CURVE('',#4148,#4150,#2607,.T.);
#5132=EDGE_CURVE('',#4149,#4151,#2608,.T.);
#5133=EDGE_CURVE('',#4152,#4151,#2609,.T.);
#5134=EDGE_CURVE('',#4150,#4152,#2610,.T.);
#5135=EDGE_CURVE('',#4151,#4153,#2611,.T.);
#5136=EDGE_CURVE('',#4154,#4153,#2612,.T.);
#5137=EDGE_CURVE('',#4152,#4154,#2613,.T.);
#5138=EDGE_CURVE('',#4153,#4155,#2614,.T.);
#5139=EDGE_CURVE('',#4156,#4155,#2615,.T.);
#5140=EDGE_CURVE('',#4154,#4156,#2616,.T.);
#5141=EDGE_CURVE('',#4155,#4157,#2617,.T.);
#5142=EDGE_CURVE('',#4158,#4157,#2618,.T.);
#5143=EDGE_CURVE('',#4156,#4158,#2619,.T.);
#5144=EDGE_CURVE('',#4157,#4159,#2620,.T.);
#5145=EDGE_CURVE('',#4160,#4159,#2621,.T.);
#5146=EDGE_CURVE('',#4158,#4160,#2622,.T.);
#5147=EDGE_CURVE('',#4159,#4161,#2623,.T.);
#5148=EDGE_CURVE('',#4162,#4161,#2624,.T.);
#5149=EDGE_CURVE('',#4160,#4162,#2625,.T.);
#5150=EDGE_CURVE('',#4161,#4139,#2626,.T.);
#5151=EDGE_CURVE('',#4162,#4142,#2627,.T.);
#5152=EDGE_CURVE('',#4163,#4164,#687,.T.);
#5153=EDGE_CURVE('',#4164,#4165,#2628,.T.);
#5154=EDGE_CURVE('',#4165,#4166,#688,.T.);
#5155=EDGE_CURVE('',#4166,#4167,#41,.T.);
#5156=EDGE_CURVE('',#4167,#4168,#2629,.T.);
#5157=EDGE_CURVE('',#4168,#4169,#689,.T.);
#5158=EDGE_CURVE('',#4169,#4170,#690,.T.);
#5159=EDGE_CURVE('',#4170,#4171,#42,.T.);
#5160=EDGE_CURVE('',#4171,#4172,#43,.T.);
#5161=EDGE_CURVE('',#4172,#4173,#2630,.T.);
#5162=EDGE_CURVE('',#4173,#4174,#2631,.T.);
#5163=EDGE_CURVE('',#4174,#4175,#2632,.T.);
#5164=EDGE_CURVE('',#4175,#4176,#2633,.T.);
#5165=EDGE_CURVE('',#4176,#4163,#691,.T.);
#5166=EDGE_CURVE('',#4177,#4178,#44,.T.);
#5167=EDGE_CURVE('',#4179,#4177,#692,.T.);
#5168=EDGE_CURVE('',#4180,#4179,#2634,.T.);
#5169=EDGE_CURVE('',#4181,#4180,#2635,.T.);
#5170=EDGE_CURVE('',#4182,#4181,#693,.T.);
#5171=EDGE_CURVE('',#4183,#4182,#45,.T.);
#5172=EDGE_CURVE('',#4184,#4183,#46,.T.);
#5173=EDGE_CURVE('',#4178,#4184,#694,.T.);
#5174=EDGE_CURVE('',#4185,#4186,#695,.T.);
#5175=EDGE_CURVE('',#4187,#4185,#696,.T.);
#5176=EDGE_CURVE('',#4188,#4187,#2636,.T.);
#5177=EDGE_CURVE('',#4189,#4188,#2637,.T.);
#5178=EDGE_CURVE('',#4190,#4189,#2638,.T.);
#5179=EDGE_CURVE('',#4191,#4190,#2639,.T.);
#5180=EDGE_CURVE('',#4192,#4191,#47,.T.);
#5181=EDGE_CURVE('',#4193,#4192,#48,.T.);
#5182=EDGE_CURVE('',#4194,#4193,#697,.T.);
#5183=EDGE_CURVE('',#4195,#4194,#698,.T.);
#5184=EDGE_CURVE('',#4196,#4195,#2640,.T.);
#5185=EDGE_CURVE('',#4197,#4196,#49,.T.);
#5186=EDGE_CURVE('',#4198,#4197,#699,.T.);
#5187=EDGE_CURVE('',#4186,#4198,#2641,.T.);
#5188=EDGE_CURVE('',#4199,#4200,#700,.T.);
#5189=EDGE_CURVE('',#4200,#4201,#50,.T.);
#5190=EDGE_CURVE('',#4201,#4202,#701,.T.);
#5191=EDGE_CURVE('',#4202,#4203,#51,.T.);
#5192=EDGE_CURVE('',#4203,#4204,#52,.T.);
#5193=EDGE_CURVE('',#4204,#4205,#702,.T.);
#5194=EDGE_CURVE('',#4205,#4206,#2642,.T.);
#5195=EDGE_CURVE('',#4206,#4199,#2643,.T.);
#5196=EDGE_CURVE('',#4163,#4185,#2644,.T.);
#5197=EDGE_CURVE('',#4164,#4186,#2645,.T.);
#5198=EDGE_CURVE('',#4165,#4198,#2646,.T.);
#5199=EDGE_CURVE('',#4166,#4197,#2647,.T.);
#5200=EDGE_CURVE('',#4167,#4196,#2648,.T.);
#5201=EDGE_CURVE('',#4168,#4195,#2649,.T.);
#5202=EDGE_CURVE('',#4169,#4194,#2650,.T.);
#5203=EDGE_CURVE('',#4170,#4193,#2651,.T.);
#5204=EDGE_CURVE('',#4171,#4192,#2652,.T.);
#5205=EDGE_CURVE('',#4172,#4191,#2653,.T.);
#5206=EDGE_CURVE('',#4173,#4190,#2654,.T.);
#5207=EDGE_CURVE('',#4174,#4189,#2655,.T.);
#5208=EDGE_CURVE('',#4175,#4188,#2656,.T.);
#5209=EDGE_CURVE('',#4176,#4187,#2657,.T.);
#5210=EDGE_CURVE('',#4179,#4199,#2658,.T.);
#5211=EDGE_CURVE('',#4177,#4200,#2659,.T.);
#5212=EDGE_CURVE('',#4178,#4201,#2660,.T.);
#5213=EDGE_CURVE('',#4184,#4202,#2661,.T.);
#5214=EDGE_CURVE('',#4183,#4203,#2662,.T.);
#5215=EDGE_CURVE('',#4182,#4204,#2663,.T.);
#5216=EDGE_CURVE('',#4181,#4205,#2664,.T.);
#5217=EDGE_CURVE('',#4180,#4206,#2665,.T.);
#5218=EDGE_CURVE('',#4207,#4208,#2666,.T.);
#5219=EDGE_CURVE('',#4208,#4209,#703,.T.);
#5220=EDGE_CURVE('',#4210,#4209,#2667,.T.);
#5221=EDGE_CURVE('',#4207,#4210,#704,.T.);
#5222=EDGE_CURVE('',#4209,#4211,#2668,.T.);
#5223=EDGE_CURVE('',#4212,#4211,#2669,.T.);
#5224=EDGE_CURVE('',#4210,#4212,#2670,.T.);
#5225=EDGE_CURVE('',#4211,#4213,#53,.T.);
#5226=EDGE_CURVE('',#4214,#4213,#2671,.T.);
#5227=EDGE_CURVE('',#4212,#4214,#54,.T.);
#5228=EDGE_CURVE('',#4213,#4215,#55,.T.);
#5229=EDGE_CURVE('',#4216,#4215,#2672,.T.);
#5230=EDGE_CURVE('',#4214,#4216,#56,.T.);
#5231=EDGE_CURVE('',#4215,#4217,#57,.T.);
#5232=EDGE_CURVE('',#4218,#4217,#2673,.T.);
#5233=EDGE_CURVE('',#4216,#4218,#58,.T.);
#5234=EDGE_CURVE('',#4217,#4219,#59,.T.);
#5235=EDGE_CURVE('',#4220,#4219,#2674,.T.);
#5236=EDGE_CURVE('',#4218,#4220,#60,.T.);
#5237=EDGE_CURVE('',#4219,#4221,#61,.T.);
#5238=EDGE_CURVE('',#4222,#4221,#2675,.T.);
#5239=EDGE_CURVE('',#4220,#4222,#62,.T.);
#5240=EDGE_CURVE('',#4221,#4223,#63,.T.);
#5241=EDGE_CURVE('',#4224,#4223,#2676,.T.);
#5242=EDGE_CURVE('',#4222,#4224,#64,.T.);
#5243=EDGE_CURVE('',#4223,#4225,#705,.T.);
#5244=EDGE_CURVE('',#4226,#4225,#2677,.T.);
#5245=EDGE_CURVE('',#4224,#4226,#706,.T.);
#5246=EDGE_CURVE('',#4225,#4227,#65,.T.);
#5247=EDGE_CURVE('',#4228,#4227,#2678,.T.);
#5248=EDGE_CURVE('',#4226,#4228,#66,.T.);
#5249=EDGE_CURVE('',#4227,#4229,#707,.T.);
#5250=EDGE_CURVE('',#4230,#4229,#2679,.T.);
#5251=EDGE_CURVE('',#4228,#4230,#708,.T.);
#5252=EDGE_CURVE('',#4229,#4231,#709,.T.);
#5253=EDGE_CURVE('',#4232,#4231,#2680,.T.);
#5254=EDGE_CURVE('',#4230,#4232,#710,.T.);
#5255=EDGE_CURVE('',#4231,#4233,#2681,.T.);
#5256=EDGE_CURVE('',#4234,#4233,#2682,.T.);
#5257=EDGE_CURVE('',#4232,#4234,#2683,.T.);
#5258=EDGE_CURVE('',#4233,#4235,#711,.T.);
#5259=EDGE_CURVE('',#4236,#4235,#2684,.T.);
#5260=EDGE_CURVE('',#4234,#4236,#712,.T.);
#5261=EDGE_CURVE('',#4235,#4237,#713,.T.);
#5262=EDGE_CURVE('',#4238,#4237,#2685,.T.);
#5263=EDGE_CURVE('',#4236,#4238,#714,.T.);
#5264=EDGE_CURVE('',#4237,#4239,#715,.T.);
#5265=EDGE_CURVE('',#4240,#4239,#2686,.T.);
#5266=EDGE_CURVE('',#4238,#4240,#716,.T.);
#5267=EDGE_CURVE('',#4239,#4241,#67,.T.);
#5268=EDGE_CURVE('',#4242,#4241,#2687,.T.);
#5269=EDGE_CURVE('',#4240,#4242,#68,.T.);
#5270=EDGE_CURVE('',#4241,#4243,#69,.T.);
#5271=EDGE_CURVE('',#4244,#4243,#2688,.T.);
#5272=EDGE_CURVE('',#4242,#4244,#70,.T.);
#5273=EDGE_CURVE('',#4243,#4245,#71,.T.);
#5274=EDGE_CURVE('',#4246,#4245,#2689,.T.);
#5275=EDGE_CURVE('',#4244,#4246,#72,.T.);
#5276=EDGE_CURVE('',#4245,#4247,#717,.T.);
#5277=EDGE_CURVE('',#4248,#4247,#2690,.T.);
#5278=EDGE_CURVE('',#4246,#4248,#718,.T.);
#5279=EDGE_CURVE('',#4247,#4208,#73,.T.);
#5280=EDGE_CURVE('',#4248,#4207,#74,.T.);
#5281=EDGE_CURVE('',#4249,#4250,#2691,.T.);
#5282=EDGE_CURVE('',#4251,#4250,#2692,.T.);
#5283=EDGE_CURVE('',#4252,#4251,#2693,.T.);
#5284=EDGE_CURVE('',#4252,#4249,#2694,.T.);
#5285=EDGE_CURVE('',#4250,#4253,#2695,.T.);
#5286=EDGE_CURVE('',#4254,#4253,#2696,.T.);
#5287=EDGE_CURVE('',#4251,#4254,#2697,.T.);
#5288=EDGE_CURVE('',#4253,#4255,#719,.T.);
#5289=EDGE_CURVE('',#4256,#4255,#2698,.T.);
#5290=EDGE_CURVE('',#4254,#4256,#720,.T.);
#5291=EDGE_CURVE('',#4255,#4257,#2699,.T.);
#5292=EDGE_CURVE('',#4258,#4257,#2700,.T.);
#5293=EDGE_CURVE('',#4256,#4258,#2701,.T.);
#5294=EDGE_CURVE('',#4257,#4259,#2702,.T.);
#5295=EDGE_CURVE('',#4260,#4259,#2703,.T.);
#5296=EDGE_CURVE('',#4258,#4260,#2704,.T.);
#5297=EDGE_CURVE('',#4259,#4261,#2705,.T.);
#5298=EDGE_CURVE('',#4262,#4261,#2706,.T.);
#5299=EDGE_CURVE('',#4260,#4262,#2707,.T.);
#5300=EDGE_CURVE('',#4261,#4263,#2708,.T.);
#5301=EDGE_CURVE('',#4264,#4263,#2709,.T.);
#5302=EDGE_CURVE('',#4262,#4264,#2710,.T.);
#5303=EDGE_CURVE('',#4263,#4265,#2711,.T.);
#5304=EDGE_CURVE('',#4266,#4265,#2712,.T.);
#5305=EDGE_CURVE('',#4264,#4266,#2713,.T.);
#5306=EDGE_CURVE('',#4265,#4267,#2714,.T.);
#5307=EDGE_CURVE('',#4268,#4267,#2715,.T.);
#5308=EDGE_CURVE('',#4266,#4268,#2716,.T.);
#5309=EDGE_CURVE('',#4267,#4269,#721,.T.);
#5310=EDGE_CURVE('',#4270,#4269,#2717,.T.);
#5311=EDGE_CURVE('',#4268,#4270,#722,.T.);
#5312=EDGE_CURVE('',#4269,#4271,#723,.T.);
#5313=EDGE_CURVE('',#4272,#4271,#2718,.T.);
#5314=EDGE_CURVE('',#4270,#4272,#724,.T.);
#5315=EDGE_CURVE('',#4271,#4273,#2719,.T.);
#5316=EDGE_CURVE('',#4274,#4273,#2720,.T.);
#5317=EDGE_CURVE('',#4272,#4274,#2721,.T.);
#5318=EDGE_CURVE('',#4273,#4275,#75,.T.);
#5319=EDGE_CURVE('',#4276,#4275,#2722,.T.);
#5320=EDGE_CURVE('',#4274,#4276,#76,.T.);
#5321=EDGE_CURVE('',#4275,#4277,#725,.T.);
#5322=EDGE_CURVE('',#4278,#4277,#2723,.T.);
#5323=EDGE_CURVE('',#4276,#4278,#726,.T.);
#5324=EDGE_CURVE('',#4277,#4249,#2724,.T.);
#5325=EDGE_CURVE('',#4278,#4252,#2725,.T.);
#5326=EDGE_CURVE('',#4279,#4280,#2726,.T.);
#5327=EDGE_CURVE('',#4281,#4280,#2727,.T.);
#5328=EDGE_CURVE('',#4282,#4281,#2728,.T.);
#5329=EDGE_CURVE('',#4282,#4279,#2729,.T.);
#5330=EDGE_CURVE('',#4280,#4283,#2730,.T.);
#5331=EDGE_CURVE('',#4284,#4283,#2731,.T.);
#5332=EDGE_CURVE('',#4281,#4284,#2732,.T.);
#5333=EDGE_CURVE('',#4283,#4285,#2733,.T.);
#5334=EDGE_CURVE('',#4286,#4285,#2734,.T.);
#5335=EDGE_CURVE('',#4284,#4286,#2735,.T.);
#5336=EDGE_CURVE('',#4285,#4287,#2736,.T.);
#5337=EDGE_CURVE('',#4288,#4287,#2737,.T.);
#5338=EDGE_CURVE('',#4286,#4288,#2738,.T.);
#5339=EDGE_CURVE('',#4287,#4289,#2739,.T.);
#5340=EDGE_CURVE('',#4290,#4289,#2740,.T.);
#5341=EDGE_CURVE('',#4288,#4290,#2741,.T.);
#5342=EDGE_CURVE('',#4289,#4291,#2742,.T.);
#5343=EDGE_CURVE('',#4292,#4291,#2743,.T.);
#5344=EDGE_CURVE('',#4290,#4292,#2744,.T.);
#5345=EDGE_CURVE('',#4291,#4293,#2745,.T.);
#5346=EDGE_CURVE('',#4294,#4293,#2746,.T.);
#5347=EDGE_CURVE('',#4292,#4294,#2747,.T.);
#5348=EDGE_CURVE('',#4293,#4295,#2748,.T.);
#5349=EDGE_CURVE('',#4296,#4295,#2749,.T.);
#5350=EDGE_CURVE('',#4294,#4296,#2750,.T.);
#5351=EDGE_CURVE('',#4295,#4297,#2751,.T.);
#5352=EDGE_CURVE('',#4298,#4297,#2752,.T.);
#5353=EDGE_CURVE('',#4296,#4298,#2753,.T.);
#5354=EDGE_CURVE('',#4297,#4299,#2754,.T.);
#5355=EDGE_CURVE('',#4300,#4299,#2755,.T.);
#5356=EDGE_CURVE('',#4298,#4300,#2756,.T.);
#5357=EDGE_CURVE('',#4299,#4301,#2757,.T.);
#5358=EDGE_CURVE('',#4302,#4301,#2758,.T.);
#5359=EDGE_CURVE('',#4300,#4302,#2759,.T.);
#5360=EDGE_CURVE('',#4301,#4279,#2760,.T.);
#5361=EDGE_CURVE('',#4302,#4282,#2761,.T.);
#5362=EDGE_CURVE('',#4303,#4304,#2762,.T.);
#5363=EDGE_CURVE('',#4304,#4305,#77,.T.);
#5364=EDGE_CURVE('',#4305,#4306,#78,.T.);
#5365=EDGE_CURVE('',#4306,#4307,#727,.T.);
#5366=EDGE_CURVE('',#4307,#4308,#728,.T.);
#5367=EDGE_CURVE('',#4308,#4309,#2763,.T.);
#5368=EDGE_CURVE('',#4309,#4303,#2764,.T.);
#5369=EDGE_CURVE('',#4310,#4311,#2765,.T.);
#5370=EDGE_CURVE('',#4312,#4310,#2766,.T.);
#5371=EDGE_CURVE('',#4313,#4312,#79,.T.);
#5372=EDGE_CURVE('',#4314,#4313,#80,.T.);
#5373=EDGE_CURVE('',#4315,#4314,#81,.T.);
#5374=EDGE_CURVE('',#4316,#4315,#82,.T.);
#5375=EDGE_CURVE('',#4311,#4316,#2767,.T.);
#5376=EDGE_CURVE('',#4317,#4318,#2768,.T.);
#5377=EDGE_CURVE('',#4319,#4317,#2769,.T.);
#5378=EDGE_CURVE('',#4320,#4319,#2770,.T.);
#5379=EDGE_CURVE('',#4321,#4320,#729,.T.);
#5380=EDGE_CURVE('',#4322,#4321,#730,.T.);
#5381=EDGE_CURVE('',#4323,#4322,#83,.T.);
#5382=EDGE_CURVE('',#4318,#4323,#84,.T.);
#5383=EDGE_CURVE('',#4324,#4325,#2771,.T.);
#5384=EDGE_CURVE('',#4325,#4326,#2772,.T.);
#5385=EDGE_CURVE('',#4326,#4327,#2773,.T.);
#5386=EDGE_CURVE('',#4327,#4328,#85,.T.);
#5387=EDGE_CURVE('',#4328,#4329,#86,.T.);
#5388=EDGE_CURVE('',#4329,#4330,#87,.T.);
#5389=EDGE_CURVE('',#4330,#4324,#88,.T.);
#5390=EDGE_CURVE('',#4304,#4318,#2774,.T.);
#5391=EDGE_CURVE('',#4303,#4317,#2775,.T.);
#5392=EDGE_CURVE('',#4305,#4323,#2776,.T.);
#5393=EDGE_CURVE('',#4306,#4322,#2777,.T.);
#5394=EDGE_CURVE('',#4307,#4321,#2778,.T.);
#5395=EDGE_CURVE('',#4308,#4320,#2779,.T.);
#5396=EDGE_CURVE('',#4309,#4319,#2780,.T.);
#5397=EDGE_CURVE('',#4312,#4324,#2781,.T.);
#5398=EDGE_CURVE('',#4310,#4325,#2782,.T.);
#5399=EDGE_CURVE('',#4311,#4326,#2783,.T.);
#5400=EDGE_CURVE('',#4316,#4327,#2784,.T.);
#5401=EDGE_CURVE('',#4315,#4328,#2785,.T.);
#5402=EDGE_CURVE('',#4314,#4329,#2786,.T.);
#5403=EDGE_CURVE('',#4313,#4330,#2787,.T.);
#5404=EDGE_CURVE('',#4331,#4332,#2788,.T.);
#5405=EDGE_CURVE('',#4332,#4333,#2789,.T.);
#5406=EDGE_CURVE('',#4333,#4334,#2790,.T.);
#5407=EDGE_CURVE('',#4334,#4335,#2791,.T.);
#5408=EDGE_CURVE('',#4335,#4336,#2792,.T.);
#5409=EDGE_CURVE('',#4336,#4337,#2793,.T.);
#5410=EDGE_CURVE('',#4337,#4338,#2794,.T.);
#5411=EDGE_CURVE('',#4338,#4331,#2795,.T.);
#5412=EDGE_CURVE('',#4339,#4340,#2796,.T.);
#5413=EDGE_CURVE('',#4341,#4339,#2797,.T.);
#5414=EDGE_CURVE('',#4342,#4341,#731,.T.);
#5415=EDGE_CURVE('',#4343,#4342,#2798,.T.);
#5416=EDGE_CURVE('',#4344,#4343,#732,.T.);
#5417=EDGE_CURVE('',#4340,#4344,#2799,.T.);
#5418=EDGE_CURVE('',#4345,#4346,#2800,.T.);
#5419=EDGE_CURVE('',#4347,#4345,#2801,.T.);
#5420=EDGE_CURVE('',#4348,#4347,#2802,.T.);
#5421=EDGE_CURVE('',#4349,#4348,#2803,.T.);
#5422=EDGE_CURVE('',#4350,#4349,#2804,.T.);
#5423=EDGE_CURVE('',#4351,#4350,#2805,.T.);
#5424=EDGE_CURVE('',#4352,#4351,#2806,.T.);
#5425=EDGE_CURVE('',#4346,#4352,#2807,.T.);
#5426=EDGE_CURVE('',#4353,#4354,#2808,.T.);
#5427=EDGE_CURVE('',#4354,#4355,#2809,.T.);
#5428=EDGE_CURVE('',#4355,#4356,#2810,.T.);
#5429=EDGE_CURVE('',#4356,#4357,#733,.T.);
#5430=EDGE_CURVE('',#4357,#4358,#2811,.T.);
#5431=EDGE_CURVE('',#4358,#4353,#734,.T.);
#5432=EDGE_CURVE('',#4332,#4346,#2812,.T.);
#5433=EDGE_CURVE('',#4331,#4345,#2813,.T.);
#5434=EDGE_CURVE('',#4333,#4352,#2814,.T.);
#5435=EDGE_CURVE('',#4334,#4351,#2815,.T.);
#5436=EDGE_CURVE('',#4335,#4350,#2816,.T.);
#5437=EDGE_CURVE('',#4336,#4349,#2817,.T.);
#5438=EDGE_CURVE('',#4337,#4348,#2818,.T.);
#5439=EDGE_CURVE('',#4338,#4347,#2819,.T.);
#5440=EDGE_CURVE('',#4339,#4354,#2820,.T.);
#5441=EDGE_CURVE('',#4340,#4355,#2821,.T.);
#5442=EDGE_CURVE('',#4344,#4356,#2822,.T.);
#5443=EDGE_CURVE('',#4343,#4357,#2823,.T.);
#5444=EDGE_CURVE('',#4342,#4358,#2824,.T.);
#5445=EDGE_CURVE('',#4341,#4353,#2825,.T.);
#5446=EDGE_CURVE('',#4359,#4360,#735,.T.);
#5447=EDGE_CURVE('',#4360,#4361,#89,.T.);
#5448=EDGE_CURVE('',#4361,#4362,#90,.T.);
#5449=EDGE_CURVE('',#4362,#4363,#91,.T.);
#5450=EDGE_CURVE('',#4363,#4364,#736,.T.);
#5451=EDGE_CURVE('',#4364,#4365,#737,.T.);
#5452=EDGE_CURVE('',#4365,#4366,#92,.T.);
#5453=EDGE_CURVE('',#4366,#4367,#93,.T.);
#5454=EDGE_CURVE('',#4367,#4368,#94,.T.);
#5455=EDGE_CURVE('',#4368,#4369,#95,.T.);
#5456=EDGE_CURVE('',#4369,#4370,#738,.T.);
#5457=EDGE_CURVE('',#4370,#4371,#739,.T.);
#5458=EDGE_CURVE('',#4371,#4372,#2826,.T.);
#5459=EDGE_CURVE('',#4372,#4373,#2827,.T.);
#5460=EDGE_CURVE('',#4373,#4374,#2828,.T.);
#5461=EDGE_CURVE('',#4374,#4375,#2829,.T.);
#5462=EDGE_CURVE('',#4375,#4376,#740,.T.);
#5463=EDGE_CURVE('',#4376,#4377,#741,.T.);
#5464=EDGE_CURVE('',#4377,#4378,#742,.T.);
#5465=EDGE_CURVE('',#4378,#4379,#743,.T.);
#5466=EDGE_CURVE('',#4379,#4380,#744,.T.);
#5467=EDGE_CURVE('',#4380,#4381,#745,.T.);
#5468=EDGE_CURVE('',#4381,#4382,#746,.T.);
#5469=EDGE_CURVE('',#4382,#4383,#2830,.T.);
#5470=EDGE_CURVE('',#4383,#4384,#747,.T.);
#5471=EDGE_CURVE('',#4384,#4385,#748,.T.);
#5472=EDGE_CURVE('',#4385,#4386,#2831,.T.);
#5473=EDGE_CURVE('',#4386,#4387,#749,.T.);
#5474=EDGE_CURVE('',#4387,#4388,#750,.T.);
#5475=EDGE_CURVE('',#4388,#4389,#751,.T.);
#5476=EDGE_CURVE('',#4389,#4390,#2832,.T.);
#5477=EDGE_CURVE('',#4390,#4391,#96,.T.);
#5478=EDGE_CURVE('',#4391,#4359,#97,.T.);
#5479=EDGE_CURVE('',#4392,#4393,#752,.T.);
#5480=EDGE_CURVE('',#4393,#4392,#753,.T.);
#5481=EDGE_CURVE('',#4394,#4395,#754,.T.);
#5482=EDGE_CURVE('',#4396,#4394,#98,.T.);
#5483=EDGE_CURVE('',#4397,#4396,#99,.T.);
#5484=EDGE_CURVE('',#4398,#4397,#2833,.T.);
#5485=EDGE_CURVE('',#4399,#4398,#755,.T.);
#5486=EDGE_CURVE('',#4400,#4399,#756,.T.);
#5487=EDGE_CURVE('',#4401,#4400,#757,.T.);
#5488=EDGE_CURVE('',#4402,#4401,#2834,.T.);
#5489=EDGE_CURVE('',#4403,#4402,#758,.T.);
#5490=EDGE_CURVE('',#4404,#4403,#759,.T.);
#5491=EDGE_CURVE('',#4405,#4404,#2835,.T.);
#5492=EDGE_CURVE('',#4406,#4405,#760,.T.);
#5493=EDGE_CURVE('',#4407,#4406,#761,.T.);
#5494=EDGE_CURVE('',#4408,#4407,#762,.T.);
#5495=EDGE_CURVE('',#4409,#4408,#763,.T.);
#5496=EDGE_CURVE('',#4410,#4409,#764,.T.);
#5497=EDGE_CURVE('',#4411,#4410,#765,.T.);
#5498=EDGE_CURVE('',#4412,#4411,#766,.T.);
#5499=EDGE_CURVE('',#4413,#4412,#2836,.T.);
#5500=EDGE_CURVE('',#4414,#4413,#2837,.T.);
#5501=EDGE_CURVE('',#4415,#4414,#2838,.T.);
#5502=EDGE_CURVE('',#4416,#4415,#2839,.T.);
#5503=EDGE_CURVE('',#4417,#4416,#767,.T.);
#5504=EDGE_CURVE('',#4418,#4417,#768,.T.);
#5505=EDGE_CURVE('',#4419,#4418,#100,.T.);
#5506=EDGE_CURVE('',#4420,#4419,#101,.T.);
#5507=EDGE_CURVE('',#4421,#4420,#102,.T.);
#5508=EDGE_CURVE('',#4422,#4421,#103,.T.);
#5509=EDGE_CURVE('',#4423,#4422,#769,.T.);
#5510=EDGE_CURVE('',#4424,#4423,#770,.T.);
#5511=EDGE_CURVE('',#4425,#4424,#104,.T.);
#5512=EDGE_CURVE('',#4426,#4425,#105,.T.);
#5513=EDGE_CURVE('',#4395,#4426,#106,.T.);
#5514=EDGE_CURVE('',#4427,#4428,#771,.T.);
#5515=EDGE_CURVE('',#4428,#4427,#772,.T.);
#5516=EDGE_CURVE('',#4359,#4394,#2840,.T.);
#5517=EDGE_CURVE('',#4360,#4395,#2841,.T.);
#5518=EDGE_CURVE('',#4361,#4426,#2842,.T.);
#5519=EDGE_CURVE('',#4362,#4425,#2843,.T.);
#5520=EDGE_CURVE('',#4363,#4424,#2844,.T.);
#5521=EDGE_CURVE('',#4364,#4423,#2845,.T.);
#5522=EDGE_CURVE('',#4365,#4422,#2846,.T.);
#5523=EDGE_CURVE('',#4366,#4421,#2847,.T.);
#5524=EDGE_CURVE('',#4367,#4420,#2848,.T.);
#5525=EDGE_CURVE('',#4368,#4419,#2849,.T.);
#5526=EDGE_CURVE('',#4369,#4418,#2850,.T.);
#5527=EDGE_CURVE('',#4370,#4417,#2851,.T.);
#5528=EDGE_CURVE('',#4371,#4416,#2852,.T.);
#5529=EDGE_CURVE('',#4372,#4415,#2853,.T.);
#5530=EDGE_CURVE('',#4373,#4414,#2854,.T.);
#5531=EDGE_CURVE('',#4374,#4413,#2855,.T.);
#5532=EDGE_CURVE('',#4375,#4412,#2856,.T.);
#5533=EDGE_CURVE('',#4376,#4411,#2857,.T.);
#5534=EDGE_CURVE('',#4377,#4410,#2858,.T.);
#5535=EDGE_CURVE('',#4378,#4409,#2859,.T.);
#5536=EDGE_CURVE('',#4379,#4408,#2860,.T.);
#5537=EDGE_CURVE('',#4380,#4407,#2861,.T.);
#5538=EDGE_CURVE('',#4381,#4406,#2862,.T.);
#5539=EDGE_CURVE('',#4382,#4405,#2863,.T.);
#5540=EDGE_CURVE('',#4383,#4404,#2864,.T.);
#5541=EDGE_CURVE('',#4384,#4403,#2865,.T.);
#5542=EDGE_CURVE('',#4385,#4402,#2866,.T.);
#5543=EDGE_CURVE('',#4386,#4401,#2867,.T.);
#5544=EDGE_CURVE('',#4387,#4400,#2868,.T.);
#5545=EDGE_CURVE('',#4388,#4399,#2869,.T.);
#5546=EDGE_CURVE('',#4389,#4398,#2870,.T.);
#5547=EDGE_CURVE('',#4390,#4397,#2871,.T.);
#5548=EDGE_CURVE('',#4391,#4396,#2872,.T.);
#5549=EDGE_CURVE('',#4392,#4428,#2873,.T.);
#5550=EDGE_CURVE('',#4393,#4427,#2874,.T.);
#5551=ORIENTED_EDGE('',*,*,#4429,.F.);
#5552=ORIENTED_EDGE('',*,*,#4430,.T.);
#5553=ORIENTED_EDGE('',*,*,#4431,.T.);
#5554=ORIENTED_EDGE('',*,*,#4432,.T.);
#5555=ORIENTED_EDGE('',*,*,#4433,.F.);
#5556=ORIENTED_EDGE('',*,*,#4434,.T.);
#5557=ORIENTED_EDGE('',*,*,#4429,.T.);
#5558=ORIENTED_EDGE('',*,*,#4435,.T.);
#5559=ORIENTED_EDGE('',*,*,#4436,.F.);
#5560=ORIENTED_EDGE('',*,*,#4437,.T.);
#5561=ORIENTED_EDGE('',*,*,#4433,.T.);
#5562=ORIENTED_EDGE('',*,*,#4438,.T.);
#5563=ORIENTED_EDGE('',*,*,#4439,.F.);
#5564=ORIENTED_EDGE('',*,*,#4440,.T.);
#5565=ORIENTED_EDGE('',*,*,#4436,.T.);
#5566=ORIENTED_EDGE('',*,*,#4441,.T.);
#5567=ORIENTED_EDGE('',*,*,#4442,.F.);
#5568=ORIENTED_EDGE('',*,*,#4443,.T.);
#5569=ORIENTED_EDGE('',*,*,#4439,.T.);
#5570=ORIENTED_EDGE('',*,*,#4444,.T.);
#5571=ORIENTED_EDGE('',*,*,#4445,.F.);
#5572=ORIENTED_EDGE('',*,*,#4446,.T.);
#5573=ORIENTED_EDGE('',*,*,#4442,.T.);
#5574=ORIENTED_EDGE('',*,*,#4447,.T.);
#5575=ORIENTED_EDGE('',*,*,#4448,.F.);
#5576=ORIENTED_EDGE('',*,*,#4449,.T.);
#5577=ORIENTED_EDGE('',*,*,#4445,.T.);
#5578=ORIENTED_EDGE('',*,*,#4450,.T.);
#5579=ORIENTED_EDGE('',*,*,#4431,.F.);
#5580=ORIENTED_EDGE('',*,*,#4451,.T.);
#5581=ORIENTED_EDGE('',*,*,#4448,.T.);
#5582=ORIENTED_EDGE('',*,*,#4452,.T.);
#5583=ORIENTED_EDGE('',*,*,#4453,.T.);
#5584=ORIENTED_EDGE('',*,*,#4454,.T.);
#5585=ORIENTED_EDGE('',*,*,#4455,.T.);
#5586=ORIENTED_EDGE('',*,*,#4456,.T.);
#5587=ORIENTED_EDGE('',*,*,#4432,.F.);
#5588=ORIENTED_EDGE('',*,*,#4452,.F.);
#5589=ORIENTED_EDGE('',*,*,#4450,.F.);
#5590=ORIENTED_EDGE('',*,*,#4447,.F.);
#5591=ORIENTED_EDGE('',*,*,#4444,.F.);
#5592=ORIENTED_EDGE('',*,*,#4441,.F.);
#5593=ORIENTED_EDGE('',*,*,#4438,.F.);
#5594=ORIENTED_EDGE('',*,*,#4435,.F.);
#5595=ORIENTED_EDGE('',*,*,#4457,.F.);
#5596=ORIENTED_EDGE('',*,*,#4440,.F.);
#5597=ORIENTED_EDGE('',*,*,#4458,.F.);
#5598=ORIENTED_EDGE('',*,*,#4456,.F.);
#5599=ORIENTED_EDGE('',*,*,#4458,.T.);
#5600=ORIENTED_EDGE('',*,*,#4443,.F.);
#5601=ORIENTED_EDGE('',*,*,#4459,.F.);
#5602=ORIENTED_EDGE('',*,*,#4437,.F.);
#5603=ORIENTED_EDGE('',*,*,#4457,.T.);
#5604=ORIENTED_EDGE('',*,*,#4460,.F.);
#5605=ORIENTED_EDGE('',*,*,#4459,.T.);
#5606=ORIENTED_EDGE('',*,*,#4446,.F.);
#5607=ORIENTED_EDGE('',*,*,#4461,.F.);
#5608=ORIENTED_EDGE('',*,*,#4453,.F.);
#5609=ORIENTED_EDGE('',*,*,#4460,.T.);
#5610=ORIENTED_EDGE('',*,*,#4455,.F.);
#5611=ORIENTED_EDGE('',*,*,#4462,.F.);
#5612=ORIENTED_EDGE('',*,*,#4434,.F.);
#5613=ORIENTED_EDGE('',*,*,#4461,.T.);
#5614=ORIENTED_EDGE('',*,*,#4449,.F.);
#5615=ORIENTED_EDGE('',*,*,#4463,.F.);
#5616=ORIENTED_EDGE('',*,*,#4430,.F.);
#5617=ORIENTED_EDGE('',*,*,#4462,.T.);
#5618=ORIENTED_EDGE('',*,*,#4464,.F.);
#5619=ORIENTED_EDGE('',*,*,#4463,.T.);
#5620=ORIENTED_EDGE('',*,*,#4451,.F.);
#5621=ORIENTED_EDGE('',*,*,#4464,.T.);
#5622=ORIENTED_EDGE('',*,*,#4454,.F.);
#5623=ORIENTED_EDGE('',*,*,#4465,.F.);
#5624=ORIENTED_EDGE('',*,*,#4466,.T.);
#5625=ORIENTED_EDGE('',*,*,#4467,.T.);
#5626=ORIENTED_EDGE('',*,*,#4468,.T.);
#5627=ORIENTED_EDGE('',*,*,#4469,.F.);
#5628=ORIENTED_EDGE('',*,*,#4470,.F.);
#5629=ORIENTED_EDGE('',*,*,#4471,.F.);
#5630=ORIENTED_EDGE('',*,*,#4472,.F.);
#5631=ORIENTED_EDGE('',*,*,#4473,.F.);
#5632=ORIENTED_EDGE('',*,*,#4474,.F.);
#5633=ORIENTED_EDGE('',*,*,#4475,.F.);
#5634=ORIENTED_EDGE('',*,*,#4476,.F.);
#5635=ORIENTED_EDGE('',*,*,#4477,.F.);
#5636=ORIENTED_EDGE('',*,*,#4478,.F.);
#5637=ORIENTED_EDGE('',*,*,#4479,.F.);
#5638=ORIENTED_EDGE('',*,*,#4480,.F.);
#5639=ORIENTED_EDGE('',*,*,#4481,.F.);
#5640=ORIENTED_EDGE('',*,*,#4482,.F.);
#5641=ORIENTED_EDGE('',*,*,#4483,.F.);
#5642=ORIENTED_EDGE('',*,*,#4484,.F.);
#5643=ORIENTED_EDGE('',*,*,#4485,.F.);
#5644=ORIENTED_EDGE('',*,*,#4486,.F.);
#5645=ORIENTED_EDGE('',*,*,#4487,.F.);
#5646=ORIENTED_EDGE('',*,*,#4488,.F.);
#5647=ORIENTED_EDGE('',*,*,#4489,.F.);
#5648=ORIENTED_EDGE('',*,*,#4490,.F.);
#5649=ORIENTED_EDGE('',*,*,#4491,.F.);
#5650=ORIENTED_EDGE('',*,*,#4492,.F.);
#5651=ORIENTED_EDGE('',*,*,#4493,.F.);
#5652=ORIENTED_EDGE('',*,*,#4494,.F.);
#5653=ORIENTED_EDGE('',*,*,#4495,.F.);
#5654=ORIENTED_EDGE('',*,*,#4496,.F.);
#5655=ORIENTED_EDGE('',*,*,#4497,.F.);
#5656=ORIENTED_EDGE('',*,*,#4498,.F.);
#5657=ORIENTED_EDGE('',*,*,#4499,.F.);
#5658=ORIENTED_EDGE('',*,*,#4500,.F.);
#5659=ORIENTED_EDGE('',*,*,#4501,.F.);
#5660=ORIENTED_EDGE('',*,*,#4502,.F.);
#5661=ORIENTED_EDGE('',*,*,#4503,.F.);
#5662=ORIENTED_EDGE('',*,*,#4504,.F.);
#5663=ORIENTED_EDGE('',*,*,#4505,.F.);
#5664=ORIENTED_EDGE('',*,*,#4506,.F.);
#5665=ORIENTED_EDGE('',*,*,#4507,.F.);
#5666=ORIENTED_EDGE('',*,*,#4508,.F.);
#5667=ORIENTED_EDGE('',*,*,#4509,.F.);
#5668=ORIENTED_EDGE('',*,*,#4510,.T.);
#5669=ORIENTED_EDGE('',*,*,#4511,.T.);
#5670=ORIENTED_EDGE('',*,*,#4512,.T.);
#5671=ORIENTED_EDGE('',*,*,#4465,.T.);
#5672=ORIENTED_EDGE('',*,*,#4513,.T.);
#5673=ORIENTED_EDGE('',*,*,#4514,.T.);
#5674=ORIENTED_EDGE('',*,*,#4515,.F.);
#5675=ORIENTED_EDGE('',*,*,#4516,.F.);
#5676=ORIENTED_EDGE('',*,*,#4517,.T.);
#5677=ORIENTED_EDGE('',*,*,#4518,.T.);
#5678=ORIENTED_EDGE('',*,*,#4519,.T.);
#5679=ORIENTED_EDGE('',*,*,#4520,.T.);
#5680=ORIENTED_EDGE('',*,*,#4521,.T.);
#5681=ORIENTED_EDGE('',*,*,#4522,.T.);
#5682=ORIENTED_EDGE('',*,*,#4523,.F.);
#5683=ORIENTED_EDGE('',*,*,#4524,.F.);
#5684=ORIENTED_EDGE('',*,*,#4511,.F.);
#5685=ORIENTED_EDGE('',*,*,#4525,.F.);
#5686=ORIENTED_EDGE('',*,*,#4526,.T.);
#5687=ORIENTED_EDGE('',*,*,#4527,.T.);
#5688=ORIENTED_EDGE('',*,*,#4528,.F.);
#5689=ORIENTED_EDGE('',*,*,#4529,.F.);
#5690=ORIENTED_EDGE('',*,*,#4530,.F.);
#5691=ORIENTED_EDGE('',*,*,#4531,.F.);
#5692=ORIENTED_EDGE('',*,*,#4532,.F.);
#5693=ORIENTED_EDGE('',*,*,#4533,.F.);
#5694=ORIENTED_EDGE('',*,*,#4534,.F.);
#5695=ORIENTED_EDGE('',*,*,#4535,.F.);
#5696=ORIENTED_EDGE('',*,*,#4536,.T.);
#5697=ORIENTED_EDGE('',*,*,#4537,.F.);
#5698=ORIENTED_EDGE('',*,*,#4514,.F.);
#5699=ORIENTED_EDGE('',*,*,#4538,.T.);
#5700=ORIENTED_EDGE('',*,*,#4539,.F.);
#5701=ORIENTED_EDGE('',*,*,#4540,.F.);
#5702=ORIENTED_EDGE('',*,*,#4541,.F.);
#5703=ORIENTED_EDGE('',*,*,#4542,.F.);
#5704=ORIENTED_EDGE('',*,*,#4543,.F.);
#5705=ORIENTED_EDGE('',*,*,#4544,.F.);
#5706=ORIENTED_EDGE('',*,*,#4545,.F.);
#5707=ORIENTED_EDGE('',*,*,#4546,.F.);
#5708=ORIENTED_EDGE('',*,*,#4518,.F.);
#5709=ORIENTED_EDGE('',*,*,#4547,.F.);
#5710=ORIENTED_EDGE('',*,*,#4548,.T.);
#5711=ORIENTED_EDGE('',*,*,#4549,.T.);
#5712=ORIENTED_EDGE('',*,*,#4550,.T.);
#5713=ORIENTED_EDGE('',*,*,#4551,.T.);
#5714=ORIENTED_EDGE('',*,*,#4520,.F.);
#5715=ORIENTED_EDGE('',*,*,#4552,.T.);
#5716=ORIENTED_EDGE('',*,*,#4553,.T.);
#5717=ORIENTED_EDGE('',*,*,#4554,.F.);
#5718=ORIENTED_EDGE('',*,*,#4522,.F.);
#5719=ORIENTED_EDGE('',*,*,#4555,.T.);
#5720=ORIENTED_EDGE('',*,*,#4526,.F.);
#5721=ORIENTED_EDGE('',*,*,#4556,.F.);
#5722=ORIENTED_EDGE('',*,*,#4557,.F.);
#5723=ORIENTED_EDGE('',*,*,#4558,.T.);
#5724=ORIENTED_EDGE('',*,*,#4553,.F.);
#5725=ORIENTED_EDGE('',*,*,#4559,.T.);
#5726=ORIENTED_EDGE('',*,*,#4550,.F.);
#5727=ORIENTED_EDGE('',*,*,#4560,.T.);
#5728=ORIENTED_EDGE('',*,*,#4548,.F.);
#5729=ORIENTED_EDGE('',*,*,#4561,.F.);
#5730=ORIENTED_EDGE('',*,*,#4562,.F.);
#5731=ORIENTED_EDGE('',*,*,#4563,.T.);
#5732=ORIENTED_EDGE('',*,*,#4536,.F.);
#5733=ORIENTED_EDGE('',*,*,#4564,.T.);
#5734=ORIENTED_EDGE('',*,*,#4467,.F.);
#5735=ORIENTED_EDGE('',*,*,#4565,.T.);
#5736=ORIENTED_EDGE('',*,*,#4566,.F.);
#5737=ORIENTED_EDGE('',*,*,#4567,.F.);
#5738=ORIENTED_EDGE('',*,*,#4568,.F.);
#5739=ORIENTED_EDGE('',*,*,#4569,.F.);
#5740=ORIENTED_EDGE('',*,*,#4570,.F.);
#5741=ORIENTED_EDGE('',*,*,#4571,.F.);
#5742=ORIENTED_EDGE('',*,*,#4572,.F.);
#5743=ORIENTED_EDGE('',*,*,#4573,.F.);
#5744=ORIENTED_EDGE('',*,*,#4512,.F.);
#5745=ORIENTED_EDGE('',*,*,#4527,.F.);
#5746=ORIENTED_EDGE('',*,*,#4565,.F.);
#5747=ORIENTED_EDGE('',*,*,#4466,.F.);
#5748=ORIENTED_EDGE('',*,*,#4513,.F.);
#5749=ORIENTED_EDGE('',*,*,#4468,.F.);
#5750=ORIENTED_EDGE('',*,*,#4564,.F.);
#5751=ORIENTED_EDGE('',*,*,#4538,.F.);
#5752=ORIENTED_EDGE('',*,*,#4521,.F.);
#5753=ORIENTED_EDGE('',*,*,#4551,.F.);
#5754=ORIENTED_EDGE('',*,*,#4559,.F.);
#5755=ORIENTED_EDGE('',*,*,#4555,.F.);
#5756=ORIENTED_EDGE('',*,*,#4519,.F.);
#5757=ORIENTED_EDGE('',*,*,#4549,.F.);
#5758=ORIENTED_EDGE('',*,*,#4560,.F.);
#5759=ORIENTED_EDGE('',*,*,#4552,.F.);
#5760=ORIENTED_EDGE('',*,*,#4537,.T.);
#5761=ORIENTED_EDGE('',*,*,#4563,.F.);
#5762=ORIENTED_EDGE('',*,*,#4574,.F.);
#5763=ORIENTED_EDGE('',*,*,#4515,.T.);
#5764=ORIENTED_EDGE('',*,*,#4547,.T.);
#5765=ORIENTED_EDGE('',*,*,#4517,.F.);
#5766=ORIENTED_EDGE('',*,*,#4575,.F.);
#5767=ORIENTED_EDGE('',*,*,#4561,.T.);
#5768=ORIENTED_EDGE('',*,*,#4574,.T.);
#5769=ORIENTED_EDGE('',*,*,#4562,.T.);
#5770=ORIENTED_EDGE('',*,*,#4575,.T.);
#5771=ORIENTED_EDGE('',*,*,#4516,.T.);
#5772=ORIENTED_EDGE('',*,*,#4525,.T.);
#5773=ORIENTED_EDGE('',*,*,#4510,.F.);
#5774=ORIENTED_EDGE('',*,*,#4576,.F.);
#5775=ORIENTED_EDGE('',*,*,#4556,.T.);
#5776=ORIENTED_EDGE('',*,*,#4554,.T.);
#5777=ORIENTED_EDGE('',*,*,#4558,.F.);
#5778=ORIENTED_EDGE('',*,*,#4577,.F.);
#5779=ORIENTED_EDGE('',*,*,#4523,.T.);
#5780=ORIENTED_EDGE('',*,*,#4524,.T.);
#5781=ORIENTED_EDGE('',*,*,#4577,.T.);
#5782=ORIENTED_EDGE('',*,*,#4557,.T.);
#5783=ORIENTED_EDGE('',*,*,#4576,.T.);
#5784=ORIENTED_EDGE('',*,*,#4578,.F.);
#5785=ORIENTED_EDGE('',*,*,#4579,.F.);
#5786=ORIENTED_EDGE('',*,*,#4534,.T.);
#5787=ORIENTED_EDGE('',*,*,#4580,.T.);
#5788=ORIENTED_EDGE('',*,*,#4581,.F.);
#5789=ORIENTED_EDGE('',*,*,#4582,.F.);
#5790=ORIENTED_EDGE('',*,*,#4578,.T.);
#5791=ORIENTED_EDGE('',*,*,#4583,.T.);
#5792=ORIENTED_EDGE('',*,*,#4584,.F.);
#5793=ORIENTED_EDGE('',*,*,#4585,.T.);
#5794=ORIENTED_EDGE('',*,*,#4586,.F.);
#5795=ORIENTED_EDGE('',*,*,#4581,.T.);
#5796=ORIENTED_EDGE('',*,*,#4587,.T.);
#5797=ORIENTED_EDGE('',*,*,#4588,.T.);
#5798=ORIENTED_EDGE('',*,*,#4586,.T.);
#5799=ORIENTED_EDGE('',*,*,#4589,.T.);
#5800=ORIENTED_EDGE('',*,*,#4590,.F.);
#5801=ORIENTED_EDGE('',*,*,#4591,.T.);
#5802=ORIENTED_EDGE('',*,*,#4590,.T.);
#5803=ORIENTED_EDGE('',*,*,#4592,.T.);
#5804=ORIENTED_EDGE('',*,*,#4593,.F.);
#5805=ORIENTED_EDGE('',*,*,#4594,.T.);
#5806=ORIENTED_EDGE('',*,*,#4595,.F.);
#5807=ORIENTED_EDGE('',*,*,#4596,.T.);
#5808=ORIENTED_EDGE('',*,*,#4595,.T.);
#5809=ORIENTED_EDGE('',*,*,#4597,.T.);
#5810=ORIENTED_EDGE('',*,*,#4587,.F.);
#5811=ORIENTED_EDGE('',*,*,#4598,.T.);
#5812=ORIENTED_EDGE('',*,*,#4582,.T.);
#5813=ORIENTED_EDGE('',*,*,#4591,.F.);
#5814=ORIENTED_EDGE('',*,*,#4599,.F.);
#5815=ORIENTED_EDGE('',*,*,#4600,.T.);
#5816=ORIENTED_EDGE('',*,*,#4601,.T.);
#5817=ORIENTED_EDGE('',*,*,#4599,.T.);
#5818=ORIENTED_EDGE('',*,*,#4596,.F.);
#5819=ORIENTED_EDGE('',*,*,#4602,.F.);
#5820=ORIENTED_EDGE('',*,*,#4602,.T.);
#5821=ORIENTED_EDGE('',*,*,#4598,.F.);
#5822=ORIENTED_EDGE('',*,*,#4583,.F.);
#5823=ORIENTED_EDGE('',*,*,#4603,.T.);
#5824=ORIENTED_EDGE('',*,*,#4579,.T.);
#5825=ORIENTED_EDGE('',*,*,#4600,.F.);
#5826=ORIENTED_EDGE('',*,*,#4604,.F.);
#5827=ORIENTED_EDGE('',*,*,#4535,.T.);
#5828=ORIENTED_EDGE('',*,*,#4604,.T.);
#5829=ORIENTED_EDGE('',*,*,#4601,.F.);
#5830=ORIENTED_EDGE('',*,*,#4605,.F.);
#5831=ORIENTED_EDGE('',*,*,#4532,.T.);
#5832=ORIENTED_EDGE('',*,*,#4605,.T.);
#5833=ORIENTED_EDGE('',*,*,#4603,.F.);
#5834=ORIENTED_EDGE('',*,*,#4580,.F.);
#5835=ORIENTED_EDGE('',*,*,#4533,.T.);
#5836=ORIENTED_EDGE('',*,*,#4593,.T.);
#5837=ORIENTED_EDGE('',*,*,#4606,.T.);
#5838=ORIENTED_EDGE('',*,*,#4584,.T.);
#5839=ORIENTED_EDGE('',*,*,#4607,.T.);
#5840=ORIENTED_EDGE('',*,*,#4608,.F.);
#5841=ORIENTED_EDGE('',*,*,#4609,.F.);
#5842=ORIENTED_EDGE('',*,*,#4530,.T.);
#5843=ORIENTED_EDGE('',*,*,#4610,.T.);
#5844=ORIENTED_EDGE('',*,*,#4611,.F.);
#5845=ORIENTED_EDGE('',*,*,#4612,.F.);
#5846=ORIENTED_EDGE('',*,*,#4608,.T.);
#5847=ORIENTED_EDGE('',*,*,#4613,.T.);
#5848=ORIENTED_EDGE('',*,*,#4614,.F.);
#5849=ORIENTED_EDGE('',*,*,#4615,.T.);
#5850=ORIENTED_EDGE('',*,*,#4616,.F.);
#5851=ORIENTED_EDGE('',*,*,#4611,.T.);
#5852=ORIENTED_EDGE('',*,*,#4617,.T.);
#5853=ORIENTED_EDGE('',*,*,#4618,.T.);
#5854=ORIENTED_EDGE('',*,*,#4616,.T.);
#5855=ORIENTED_EDGE('',*,*,#4619,.T.);
#5856=ORIENTED_EDGE('',*,*,#4620,.F.);
#5857=ORIENTED_EDGE('',*,*,#4621,.T.);
#5858=ORIENTED_EDGE('',*,*,#4620,.T.);
#5859=ORIENTED_EDGE('',*,*,#4622,.T.);
#5860=ORIENTED_EDGE('',*,*,#4623,.F.);
#5861=ORIENTED_EDGE('',*,*,#4624,.T.);
#5862=ORIENTED_EDGE('',*,*,#4625,.F.);
#5863=ORIENTED_EDGE('',*,*,#4626,.T.);
#5864=ORIENTED_EDGE('',*,*,#4625,.T.);
#5865=ORIENTED_EDGE('',*,*,#4627,.T.);
#5866=ORIENTED_EDGE('',*,*,#4617,.F.);
#5867=ORIENTED_EDGE('',*,*,#4628,.T.);
#5868=ORIENTED_EDGE('',*,*,#4612,.T.);
#5869=ORIENTED_EDGE('',*,*,#4621,.F.);
#5870=ORIENTED_EDGE('',*,*,#4629,.F.);
#5871=ORIENTED_EDGE('',*,*,#4630,.T.);
#5872=ORIENTED_EDGE('',*,*,#4631,.T.);
#5873=ORIENTED_EDGE('',*,*,#4629,.T.);
#5874=ORIENTED_EDGE('',*,*,#4626,.F.);
#5875=ORIENTED_EDGE('',*,*,#4632,.F.);
#5876=ORIENTED_EDGE('',*,*,#4632,.T.);
#5877=ORIENTED_EDGE('',*,*,#4628,.F.);
#5878=ORIENTED_EDGE('',*,*,#4613,.F.);
#5879=ORIENTED_EDGE('',*,*,#4633,.T.);
#5880=ORIENTED_EDGE('',*,*,#4609,.T.);
#5881=ORIENTED_EDGE('',*,*,#4630,.F.);
#5882=ORIENTED_EDGE('',*,*,#4634,.F.);
#5883=ORIENTED_EDGE('',*,*,#4531,.T.);
#5884=ORIENTED_EDGE('',*,*,#4634,.T.);
#5885=ORIENTED_EDGE('',*,*,#4631,.F.);
#5886=ORIENTED_EDGE('',*,*,#4635,.F.);
#5887=ORIENTED_EDGE('',*,*,#4528,.T.);
#5888=ORIENTED_EDGE('',*,*,#4635,.T.);
#5889=ORIENTED_EDGE('',*,*,#4633,.F.);
#5890=ORIENTED_EDGE('',*,*,#4610,.F.);
#5891=ORIENTED_EDGE('',*,*,#4529,.T.);
#5892=ORIENTED_EDGE('',*,*,#4623,.T.);
#5893=ORIENTED_EDGE('',*,*,#4636,.T.);
#5894=ORIENTED_EDGE('',*,*,#4614,.T.);
#5895=ORIENTED_EDGE('',*,*,#4637,.T.);
#5896=ORIENTED_EDGE('',*,*,#4622,.F.);
#5897=ORIENTED_EDGE('',*,*,#4619,.F.);
#5898=ORIENTED_EDGE('',*,*,#4615,.F.);
#5899=ORIENTED_EDGE('',*,*,#4636,.F.);
#5900=ORIENTED_EDGE('',*,*,#4618,.F.);
#5901=ORIENTED_EDGE('',*,*,#4627,.F.);
#5902=ORIENTED_EDGE('',*,*,#4624,.F.);
#5903=ORIENTED_EDGE('',*,*,#4637,.F.);
#5904=ORIENTED_EDGE('',*,*,#4592,.F.);
#5905=ORIENTED_EDGE('',*,*,#4589,.F.);
#5906=ORIENTED_EDGE('',*,*,#4585,.F.);
#5907=ORIENTED_EDGE('',*,*,#4606,.F.);
#5908=ORIENTED_EDGE('',*,*,#4588,.F.);
#5909=ORIENTED_EDGE('',*,*,#4597,.F.);
#5910=ORIENTED_EDGE('',*,*,#4594,.F.);
#5911=ORIENTED_EDGE('',*,*,#4607,.F.);
#5912=ORIENTED_EDGE('',*,*,#4638,.F.);
#5913=ORIENTED_EDGE('',*,*,#4639,.F.);
#5914=ORIENTED_EDGE('',*,*,#4545,.T.);
#5915=ORIENTED_EDGE('',*,*,#4640,.T.);
#5916=ORIENTED_EDGE('',*,*,#4641,.F.);
#5917=ORIENTED_EDGE('',*,*,#4642,.F.);
#5918=ORIENTED_EDGE('',*,*,#4638,.T.);
#5919=ORIENTED_EDGE('',*,*,#4643,.T.);
#5920=ORIENTED_EDGE('',*,*,#4644,.T.);
#5921=ORIENTED_EDGE('',*,*,#4645,.T.);
#5922=ORIENTED_EDGE('',*,*,#4646,.F.);
#5923=ORIENTED_EDGE('',*,*,#4647,.T.);
#5924=ORIENTED_EDGE('',*,*,#4648,.F.);
#5925=ORIENTED_EDGE('',*,*,#4641,.T.);
#5926=ORIENTED_EDGE('',*,*,#4648,.T.);
#5927=ORIENTED_EDGE('',*,*,#4649,.T.);
#5928=ORIENTED_EDGE('',*,*,#4650,.F.);
#5929=ORIENTED_EDGE('',*,*,#4651,.T.);
#5930=ORIENTED_EDGE('',*,*,#4652,.F.);
#5931=ORIENTED_EDGE('',*,*,#4653,.T.);
#5932=ORIENTED_EDGE('',*,*,#4654,.F.);
#5933=ORIENTED_EDGE('',*,*,#4655,.T.);
#5934=ORIENTED_EDGE('',*,*,#4650,.T.);
#5935=ORIENTED_EDGE('',*,*,#4656,.T.);
#5936=ORIENTED_EDGE('',*,*,#4654,.T.);
#5937=ORIENTED_EDGE('',*,*,#4657,.T.);
#5938=ORIENTED_EDGE('',*,*,#4644,.F.);
#5939=ORIENTED_EDGE('',*,*,#4658,.T.);
#5940=ORIENTED_EDGE('',*,*,#4642,.T.);
#5941=ORIENTED_EDGE('',*,*,#4651,.F.);
#5942=ORIENTED_EDGE('',*,*,#4659,.F.);
#5943=ORIENTED_EDGE('',*,*,#4660,.T.);
#5944=ORIENTED_EDGE('',*,*,#4661,.T.);
#5945=ORIENTED_EDGE('',*,*,#4659,.T.);
#5946=ORIENTED_EDGE('',*,*,#4655,.F.);
#5947=ORIENTED_EDGE('',*,*,#4662,.F.);
#5948=ORIENTED_EDGE('',*,*,#4662,.T.);
#5949=ORIENTED_EDGE('',*,*,#4658,.F.);
#5950=ORIENTED_EDGE('',*,*,#4643,.F.);
#5951=ORIENTED_EDGE('',*,*,#4663,.T.);
#5952=ORIENTED_EDGE('',*,*,#4639,.T.);
#5953=ORIENTED_EDGE('',*,*,#4660,.F.);
#5954=ORIENTED_EDGE('',*,*,#4664,.F.);
#5955=ORIENTED_EDGE('',*,*,#4546,.T.);
#5956=ORIENTED_EDGE('',*,*,#4664,.T.);
#5957=ORIENTED_EDGE('',*,*,#4661,.F.);
#5958=ORIENTED_EDGE('',*,*,#4665,.F.);
#5959=ORIENTED_EDGE('',*,*,#4543,.T.);
#5960=ORIENTED_EDGE('',*,*,#4665,.T.);
#5961=ORIENTED_EDGE('',*,*,#4663,.F.);
#5962=ORIENTED_EDGE('',*,*,#4640,.F.);
#5963=ORIENTED_EDGE('',*,*,#4544,.T.);
#5964=ORIENTED_EDGE('',*,*,#4646,.T.);
#5965=ORIENTED_EDGE('',*,*,#4666,.T.);
#5966=ORIENTED_EDGE('',*,*,#4652,.T.);
#5967=ORIENTED_EDGE('',*,*,#4667,.T.);
#5968=ORIENTED_EDGE('',*,*,#4668,.F.);
#5969=ORIENTED_EDGE('',*,*,#4669,.F.);
#5970=ORIENTED_EDGE('',*,*,#4541,.T.);
#5971=ORIENTED_EDGE('',*,*,#4670,.T.);
#5972=ORIENTED_EDGE('',*,*,#4671,.F.);
#5973=ORIENTED_EDGE('',*,*,#4672,.F.);
#5974=ORIENTED_EDGE('',*,*,#4668,.T.);
#5975=ORIENTED_EDGE('',*,*,#4673,.T.);
#5976=ORIENTED_EDGE('',*,*,#4674,.T.);
#5977=ORIENTED_EDGE('',*,*,#4675,.T.);
#5978=ORIENTED_EDGE('',*,*,#4676,.F.);
#5979=ORIENTED_EDGE('',*,*,#4677,.T.);
#5980=ORIENTED_EDGE('',*,*,#4678,.F.);
#5981=ORIENTED_EDGE('',*,*,#4671,.T.);
#5982=ORIENTED_EDGE('',*,*,#4678,.T.);
#5983=ORIENTED_EDGE('',*,*,#4679,.T.);
#5984=ORIENTED_EDGE('',*,*,#4680,.F.);
#5985=ORIENTED_EDGE('',*,*,#4681,.T.);
#5986=ORIENTED_EDGE('',*,*,#4682,.F.);
#5987=ORIENTED_EDGE('',*,*,#4683,.T.);
#5988=ORIENTED_EDGE('',*,*,#4684,.F.);
#5989=ORIENTED_EDGE('',*,*,#4685,.T.);
#5990=ORIENTED_EDGE('',*,*,#4680,.T.);
#5991=ORIENTED_EDGE('',*,*,#4686,.T.);
#5992=ORIENTED_EDGE('',*,*,#4684,.T.);
#5993=ORIENTED_EDGE('',*,*,#4687,.T.);
#5994=ORIENTED_EDGE('',*,*,#4674,.F.);
#5995=ORIENTED_EDGE('',*,*,#4688,.T.);
#5996=ORIENTED_EDGE('',*,*,#4672,.T.);
#5997=ORIENTED_EDGE('',*,*,#4681,.F.);
#5998=ORIENTED_EDGE('',*,*,#4689,.F.);
#5999=ORIENTED_EDGE('',*,*,#4690,.T.);
#6000=ORIENTED_EDGE('',*,*,#4691,.T.);
#6001=ORIENTED_EDGE('',*,*,#4689,.T.);
#6002=ORIENTED_EDGE('',*,*,#4685,.F.);
#6003=ORIENTED_EDGE('',*,*,#4692,.F.);
#6004=ORIENTED_EDGE('',*,*,#4692,.T.);
#6005=ORIENTED_EDGE('',*,*,#4688,.F.);
#6006=ORIENTED_EDGE('',*,*,#4673,.F.);
#6007=ORIENTED_EDGE('',*,*,#4693,.T.);
#6008=ORIENTED_EDGE('',*,*,#4669,.T.);
#6009=ORIENTED_EDGE('',*,*,#4690,.F.);
#6010=ORIENTED_EDGE('',*,*,#4694,.F.);
#6011=ORIENTED_EDGE('',*,*,#4542,.T.);
#6012=ORIENTED_EDGE('',*,*,#4694,.T.);
#6013=ORIENTED_EDGE('',*,*,#4691,.F.);
#6014=ORIENTED_EDGE('',*,*,#4695,.F.);
#6015=ORIENTED_EDGE('',*,*,#4539,.T.);
#6016=ORIENTED_EDGE('',*,*,#4695,.T.);
#6017=ORIENTED_EDGE('',*,*,#4693,.F.);
#6018=ORIENTED_EDGE('',*,*,#4670,.F.);
#6019=ORIENTED_EDGE('',*,*,#4540,.T.);
#6020=ORIENTED_EDGE('',*,*,#4676,.T.);
#6021=ORIENTED_EDGE('',*,*,#4696,.T.);
#6022=ORIENTED_EDGE('',*,*,#4682,.T.);
#6023=ORIENTED_EDGE('',*,*,#4697,.T.);
#6024=ORIENTED_EDGE('',*,*,#4675,.F.);
#6025=ORIENTED_EDGE('',*,*,#4687,.F.);
#6026=ORIENTED_EDGE('',*,*,#4683,.F.);
#6027=ORIENTED_EDGE('',*,*,#4696,.F.);
#6028=ORIENTED_EDGE('',*,*,#4686,.F.);
#6029=ORIENTED_EDGE('',*,*,#4679,.F.);
#6030=ORIENTED_EDGE('',*,*,#4677,.F.);
#6031=ORIENTED_EDGE('',*,*,#4697,.F.);
#6032=ORIENTED_EDGE('',*,*,#4645,.F.);
#6033=ORIENTED_EDGE('',*,*,#4657,.F.);
#6034=ORIENTED_EDGE('',*,*,#4653,.F.);
#6035=ORIENTED_EDGE('',*,*,#4666,.F.);
#6036=ORIENTED_EDGE('',*,*,#4656,.F.);
#6037=ORIENTED_EDGE('',*,*,#4649,.F.);
#6038=ORIENTED_EDGE('',*,*,#4647,.F.);
#6039=ORIENTED_EDGE('',*,*,#4667,.F.);
#6040=ORIENTED_EDGE('',*,*,#4698,.F.);
#6041=ORIENTED_EDGE('',*,*,#4699,.F.);
#6042=ORIENTED_EDGE('',*,*,#4572,.T.);
#6043=ORIENTED_EDGE('',*,*,#4700,.T.);
#6044=ORIENTED_EDGE('',*,*,#4701,.F.);
#6045=ORIENTED_EDGE('',*,*,#4702,.F.);
#6046=ORIENTED_EDGE('',*,*,#4698,.T.);
#6047=ORIENTED_EDGE('',*,*,#4703,.T.);
#6048=ORIENTED_EDGE('',*,*,#4704,.F.);
#6049=ORIENTED_EDGE('',*,*,#4705,.T.);
#6050=ORIENTED_EDGE('',*,*,#4706,.F.);
#6051=ORIENTED_EDGE('',*,*,#4701,.T.);
#6052=ORIENTED_EDGE('',*,*,#4707,.T.);
#6053=ORIENTED_EDGE('',*,*,#4708,.T.);
#6054=ORIENTED_EDGE('',*,*,#4706,.T.);
#6055=ORIENTED_EDGE('',*,*,#4709,.T.);
#6056=ORIENTED_EDGE('',*,*,#4710,.F.);
#6057=ORIENTED_EDGE('',*,*,#4711,.T.);
#6058=ORIENTED_EDGE('',*,*,#4710,.T.);
#6059=ORIENTED_EDGE('',*,*,#4712,.T.);
#6060=ORIENTED_EDGE('',*,*,#4713,.F.);
#6061=ORIENTED_EDGE('',*,*,#4714,.T.);
#6062=ORIENTED_EDGE('',*,*,#4715,.F.);
#6063=ORIENTED_EDGE('',*,*,#4716,.T.);
#6064=ORIENTED_EDGE('',*,*,#4715,.T.);
#6065=ORIENTED_EDGE('',*,*,#4717,.T.);
#6066=ORIENTED_EDGE('',*,*,#4707,.F.);
#6067=ORIENTED_EDGE('',*,*,#4718,.T.);
#6068=ORIENTED_EDGE('',*,*,#4702,.T.);
#6069=ORIENTED_EDGE('',*,*,#4711,.F.);
#6070=ORIENTED_EDGE('',*,*,#4719,.T.);
#6071=ORIENTED_EDGE('',*,*,#4720,.T.);
#6072=ORIENTED_EDGE('',*,*,#4718,.F.);
#6073=ORIENTED_EDGE('',*,*,#4703,.F.);
#6074=ORIENTED_EDGE('',*,*,#4699,.T.);
#6075=ORIENTED_EDGE('',*,*,#4719,.F.);
#6076=ORIENTED_EDGE('',*,*,#4721,.F.);
#6077=ORIENTED_EDGE('',*,*,#4573,.T.);
#6078=ORIENTED_EDGE('',*,*,#4721,.T.);
#6079=ORIENTED_EDGE('',*,*,#4716,.F.);
#6080=ORIENTED_EDGE('',*,*,#4722,.F.);
#6081=ORIENTED_EDGE('',*,*,#4570,.T.);
#6082=ORIENTED_EDGE('',*,*,#4722,.T.);
#6083=ORIENTED_EDGE('',*,*,#4720,.F.);
#6084=ORIENTED_EDGE('',*,*,#4700,.F.);
#6085=ORIENTED_EDGE('',*,*,#4571,.T.);
#6086=ORIENTED_EDGE('',*,*,#4713,.T.);
#6087=ORIENTED_EDGE('',*,*,#4723,.T.);
#6088=ORIENTED_EDGE('',*,*,#4704,.T.);
#6089=ORIENTED_EDGE('',*,*,#4724,.T.);
#6090=ORIENTED_EDGE('',*,*,#4725,.F.);
#6091=ORIENTED_EDGE('',*,*,#4726,.F.);
#6092=ORIENTED_EDGE('',*,*,#4568,.T.);
#6093=ORIENTED_EDGE('',*,*,#4727,.T.);
#6094=ORIENTED_EDGE('',*,*,#4728,.F.);
#6095=ORIENTED_EDGE('',*,*,#4729,.F.);
#6096=ORIENTED_EDGE('',*,*,#4725,.T.);
#6097=ORIENTED_EDGE('',*,*,#4730,.T.);
#6098=ORIENTED_EDGE('',*,*,#4731,.F.);
#6099=ORIENTED_EDGE('',*,*,#4732,.T.);
#6100=ORIENTED_EDGE('',*,*,#4733,.F.);
#6101=ORIENTED_EDGE('',*,*,#4728,.T.);
#6102=ORIENTED_EDGE('',*,*,#4734,.T.);
#6103=ORIENTED_EDGE('',*,*,#4735,.T.);
#6104=ORIENTED_EDGE('',*,*,#4733,.T.);
#6105=ORIENTED_EDGE('',*,*,#4736,.T.);
#6106=ORIENTED_EDGE('',*,*,#4737,.F.);
#6107=ORIENTED_EDGE('',*,*,#4738,.T.);
#6108=ORIENTED_EDGE('',*,*,#4737,.T.);
#6109=ORIENTED_EDGE('',*,*,#4739,.T.);
#6110=ORIENTED_EDGE('',*,*,#4740,.F.);
#6111=ORIENTED_EDGE('',*,*,#4741,.T.);
#6112=ORIENTED_EDGE('',*,*,#4742,.F.);
#6113=ORIENTED_EDGE('',*,*,#4743,.T.);
#6114=ORIENTED_EDGE('',*,*,#4742,.T.);
#6115=ORIENTED_EDGE('',*,*,#4744,.T.);
#6116=ORIENTED_EDGE('',*,*,#4734,.F.);
#6117=ORIENTED_EDGE('',*,*,#4745,.T.);
#6118=ORIENTED_EDGE('',*,*,#4729,.T.);
#6119=ORIENTED_EDGE('',*,*,#4738,.F.);
#6120=ORIENTED_EDGE('',*,*,#4746,.T.);
#6121=ORIENTED_EDGE('',*,*,#4747,.T.);
#6122=ORIENTED_EDGE('',*,*,#4745,.F.);
#6123=ORIENTED_EDGE('',*,*,#4730,.F.);
#6124=ORIENTED_EDGE('',*,*,#4726,.T.);
#6125=ORIENTED_EDGE('',*,*,#4746,.F.);
#6126=ORIENTED_EDGE('',*,*,#4748,.F.);
#6127=ORIENTED_EDGE('',*,*,#4569,.T.);
#6128=ORIENTED_EDGE('',*,*,#4748,.T.);
#6129=ORIENTED_EDGE('',*,*,#4743,.F.);
#6130=ORIENTED_EDGE('',*,*,#4749,.F.);
#6131=ORIENTED_EDGE('',*,*,#4566,.T.);
#6132=ORIENTED_EDGE('',*,*,#4749,.T.);
#6133=ORIENTED_EDGE('',*,*,#4747,.F.);
#6134=ORIENTED_EDGE('',*,*,#4727,.F.);
#6135=ORIENTED_EDGE('',*,*,#4567,.T.);
#6136=ORIENTED_EDGE('',*,*,#4740,.T.);
#6137=ORIENTED_EDGE('',*,*,#4750,.T.);
#6138=ORIENTED_EDGE('',*,*,#4731,.T.);
#6139=ORIENTED_EDGE('',*,*,#4751,.T.);
#6140=ORIENTED_EDGE('',*,*,#4739,.F.);
#6141=ORIENTED_EDGE('',*,*,#4736,.F.);
#6142=ORIENTED_EDGE('',*,*,#4732,.F.);
#6143=ORIENTED_EDGE('',*,*,#4750,.F.);
#6144=ORIENTED_EDGE('',*,*,#4735,.F.);
#6145=ORIENTED_EDGE('',*,*,#4744,.F.);
#6146=ORIENTED_EDGE('',*,*,#4741,.F.);
#6147=ORIENTED_EDGE('',*,*,#4751,.F.);
#6148=ORIENTED_EDGE('',*,*,#4712,.F.);
#6149=ORIENTED_EDGE('',*,*,#4709,.F.);
#6150=ORIENTED_EDGE('',*,*,#4705,.F.);
#6151=ORIENTED_EDGE('',*,*,#4723,.F.);
#6152=ORIENTED_EDGE('',*,*,#4708,.F.);
#6153=ORIENTED_EDGE('',*,*,#4717,.F.);
#6154=ORIENTED_EDGE('',*,*,#4714,.F.);
#6155=ORIENTED_EDGE('',*,*,#4724,.F.);
#6156=ORIENTED_EDGE('',*,*,#4752,.T.);
#6157=ORIENTED_EDGE('',*,*,#4470,.T.);
#6158=ORIENTED_EDGE('',*,*,#4753,.F.);
#6159=ORIENTED_EDGE('',*,*,#4754,.F.);
#6160=ORIENTED_EDGE('',*,*,#4753,.T.);
#6161=ORIENTED_EDGE('',*,*,#4469,.T.);
#6162=ORIENTED_EDGE('',*,*,#4755,.F.);
#6163=ORIENTED_EDGE('',*,*,#4756,.F.);
#6164=ORIENTED_EDGE('',*,*,#4755,.T.);
#6165=ORIENTED_EDGE('',*,*,#4476,.T.);
#6166=ORIENTED_EDGE('',*,*,#4757,.F.);
#6167=ORIENTED_EDGE('',*,*,#4758,.F.);
#6168=ORIENTED_EDGE('',*,*,#4757,.T.);
#6169=ORIENTED_EDGE('',*,*,#4475,.T.);
#6170=ORIENTED_EDGE('',*,*,#4759,.F.);
#6171=ORIENTED_EDGE('',*,*,#4760,.F.);
#6172=ORIENTED_EDGE('',*,*,#4759,.T.);
#6173=ORIENTED_EDGE('',*,*,#4474,.T.);
#6174=ORIENTED_EDGE('',*,*,#4761,.F.);
#6175=ORIENTED_EDGE('',*,*,#4762,.F.);
#6176=ORIENTED_EDGE('',*,*,#4761,.T.);
#6177=ORIENTED_EDGE('',*,*,#4473,.T.);
#6178=ORIENTED_EDGE('',*,*,#4763,.F.);
#6179=ORIENTED_EDGE('',*,*,#4764,.F.);
#6180=ORIENTED_EDGE('',*,*,#4763,.T.);
#6181=ORIENTED_EDGE('',*,*,#4472,.T.);
#6182=ORIENTED_EDGE('',*,*,#4765,.F.);
#6183=ORIENTED_EDGE('',*,*,#4766,.F.);
#6184=ORIENTED_EDGE('',*,*,#4767,.F.);
#6185=ORIENTED_EDGE('',*,*,#4765,.T.);
#6186=ORIENTED_EDGE('',*,*,#4471,.T.);
#6187=ORIENTED_EDGE('',*,*,#4752,.F.);
#6188=ORIENTED_EDGE('',*,*,#4766,.T.);
#6189=ORIENTED_EDGE('',*,*,#4767,.T.);
#6190=ORIENTED_EDGE('',*,*,#4754,.T.);
#6191=ORIENTED_EDGE('',*,*,#4756,.T.);
#6192=ORIENTED_EDGE('',*,*,#4758,.T.);
#6193=ORIENTED_EDGE('',*,*,#4760,.T.);
#6194=ORIENTED_EDGE('',*,*,#4762,.T.);
#6195=ORIENTED_EDGE('',*,*,#4764,.T.);
#6196=ORIENTED_EDGE('',*,*,#4768,.T.);
#6197=ORIENTED_EDGE('',*,*,#4769,.T.);
#6198=ORIENTED_EDGE('',*,*,#4770,.T.);
#6199=ORIENTED_EDGE('',*,*,#4771,.T.);
#6200=ORIENTED_EDGE('',*,*,#4772,.T.);
#6201=ORIENTED_EDGE('',*,*,#4773,.F.);
#6202=ORIENTED_EDGE('',*,*,#4768,.F.);
#6203=ORIENTED_EDGE('',*,*,#4774,.T.);
#6204=ORIENTED_EDGE('',*,*,#4775,.T.);
#6205=ORIENTED_EDGE('',*,*,#4774,.F.);
#6206=ORIENTED_EDGE('',*,*,#4772,.F.);
#6207=ORIENTED_EDGE('',*,*,#4776,.T.);
#6208=ORIENTED_EDGE('',*,*,#4777,.T.);
#6209=ORIENTED_EDGE('',*,*,#4776,.F.);
#6210=ORIENTED_EDGE('',*,*,#4771,.F.);
#6211=ORIENTED_EDGE('',*,*,#4778,.T.);
#6212=ORIENTED_EDGE('',*,*,#4779,.T.);
#6213=ORIENTED_EDGE('',*,*,#4778,.F.);
#6214=ORIENTED_EDGE('',*,*,#4770,.F.);
#6215=ORIENTED_EDGE('',*,*,#4780,.T.);
#6216=ORIENTED_EDGE('',*,*,#4781,.T.);
#6217=ORIENTED_EDGE('',*,*,#4769,.F.);
#6218=ORIENTED_EDGE('',*,*,#4773,.T.);
#6219=ORIENTED_EDGE('',*,*,#4782,.T.);
#6220=ORIENTED_EDGE('',*,*,#4780,.F.);
#6221=ORIENTED_EDGE('',*,*,#4783,.T.);
#6222=ORIENTED_EDGE('',*,*,#4478,.T.);
#6223=ORIENTED_EDGE('',*,*,#4784,.F.);
#6224=ORIENTED_EDGE('',*,*,#4785,.F.);
#6225=ORIENTED_EDGE('',*,*,#4784,.T.);
#6226=ORIENTED_EDGE('',*,*,#4477,.T.);
#6227=ORIENTED_EDGE('',*,*,#4786,.F.);
#6228=ORIENTED_EDGE('',*,*,#4787,.F.);
#6229=ORIENTED_EDGE('',*,*,#4788,.F.);
#6230=ORIENTED_EDGE('',*,*,#4786,.T.);
#6231=ORIENTED_EDGE('',*,*,#4481,.T.);
#6232=ORIENTED_EDGE('',*,*,#4789,.F.);
#6233=ORIENTED_EDGE('',*,*,#4790,.F.);
#6234=ORIENTED_EDGE('',*,*,#4789,.T.);
#6235=ORIENTED_EDGE('',*,*,#4480,.T.);
#6236=ORIENTED_EDGE('',*,*,#4791,.F.);
#6237=ORIENTED_EDGE('',*,*,#4792,.F.);
#6238=ORIENTED_EDGE('',*,*,#4791,.T.);
#6239=ORIENTED_EDGE('',*,*,#4479,.T.);
#6240=ORIENTED_EDGE('',*,*,#4783,.F.);
#6241=ORIENTED_EDGE('',*,*,#4790,.T.);
#6242=ORIENTED_EDGE('',*,*,#4792,.T.);
#6243=ORIENTED_EDGE('',*,*,#4785,.T.);
#6244=ORIENTED_EDGE('',*,*,#4787,.T.);
#6245=ORIENTED_EDGE('',*,*,#4788,.T.);
#6246=ORIENTED_EDGE('',*,*,#4793,.T.);
#6247=ORIENTED_EDGE('',*,*,#4794,.T.);
#6248=ORIENTED_EDGE('',*,*,#4795,.T.);
#6249=ORIENTED_EDGE('',*,*,#4796,.T.);
#6250=ORIENTED_EDGE('',*,*,#4797,.T.);
#6251=ORIENTED_EDGE('',*,*,#4798,.F.);
#6252=ORIENTED_EDGE('',*,*,#4793,.F.);
#6253=ORIENTED_EDGE('',*,*,#4799,.T.);
#6254=ORIENTED_EDGE('',*,*,#4800,.T.);
#6255=ORIENTED_EDGE('',*,*,#4799,.F.);
#6256=ORIENTED_EDGE('',*,*,#4797,.F.);
#6257=ORIENTED_EDGE('',*,*,#4801,.T.);
#6258=ORIENTED_EDGE('',*,*,#4802,.T.);
#6259=ORIENTED_EDGE('',*,*,#4801,.F.);
#6260=ORIENTED_EDGE('',*,*,#4796,.F.);
#6261=ORIENTED_EDGE('',*,*,#4803,.T.);
#6262=ORIENTED_EDGE('',*,*,#4804,.T.);
#6263=ORIENTED_EDGE('',*,*,#4803,.F.);
#6264=ORIENTED_EDGE('',*,*,#4795,.F.);
#6265=ORIENTED_EDGE('',*,*,#4805,.T.);
#6266=ORIENTED_EDGE('',*,*,#4806,.T.);
#6267=ORIENTED_EDGE('',*,*,#4794,.F.);
#6268=ORIENTED_EDGE('',*,*,#4798,.T.);
#6269=ORIENTED_EDGE('',*,*,#4807,.T.);
#6270=ORIENTED_EDGE('',*,*,#4805,.F.);
#6271=ORIENTED_EDGE('',*,*,#4808,.T.);
#6272=ORIENTED_EDGE('',*,*,#4483,.T.);
#6273=ORIENTED_EDGE('',*,*,#4809,.F.);
#6274=ORIENTED_EDGE('',*,*,#4810,.F.);
#6275=ORIENTED_EDGE('',*,*,#4809,.T.);
#6276=ORIENTED_EDGE('',*,*,#4482,.T.);
#6277=ORIENTED_EDGE('',*,*,#4811,.F.);
#6278=ORIENTED_EDGE('',*,*,#4812,.F.);
#6279=ORIENTED_EDGE('',*,*,#4811,.T.);
#6280=ORIENTED_EDGE('',*,*,#4493,.T.);
#6281=ORIENTED_EDGE('',*,*,#4813,.F.);
#6282=ORIENTED_EDGE('',*,*,#4814,.F.);
#6283=ORIENTED_EDGE('',*,*,#4813,.T.);
#6284=ORIENTED_EDGE('',*,*,#4492,.T.);
#6285=ORIENTED_EDGE('',*,*,#4815,.F.);
#6286=ORIENTED_EDGE('',*,*,#4816,.F.);
#6287=ORIENTED_EDGE('',*,*,#4815,.T.);
#6288=ORIENTED_EDGE('',*,*,#4491,.T.);
#6289=ORIENTED_EDGE('',*,*,#4817,.F.);
#6290=ORIENTED_EDGE('',*,*,#4818,.F.);
#6291=ORIENTED_EDGE('',*,*,#4817,.T.);
#6292=ORIENTED_EDGE('',*,*,#4490,.T.);
#6293=ORIENTED_EDGE('',*,*,#4819,.F.);
#6294=ORIENTED_EDGE('',*,*,#4820,.F.);
#6295=ORIENTED_EDGE('',*,*,#4819,.T.);
#6296=ORIENTED_EDGE('',*,*,#4489,.T.);
#6297=ORIENTED_EDGE('',*,*,#4821,.F.);
#6298=ORIENTED_EDGE('',*,*,#4822,.F.);
#6299=ORIENTED_EDGE('',*,*,#4821,.T.);
#6300=ORIENTED_EDGE('',*,*,#4488,.T.);
#6301=ORIENTED_EDGE('',*,*,#4823,.F.);
#6302=ORIENTED_EDGE('',*,*,#4824,.F.);
#6303=ORIENTED_EDGE('',*,*,#4823,.T.);
#6304=ORIENTED_EDGE('',*,*,#4487,.T.);
#6305=ORIENTED_EDGE('',*,*,#4825,.F.);
#6306=ORIENTED_EDGE('',*,*,#4826,.F.);
#6307=ORIENTED_EDGE('',*,*,#4825,.T.);
#6308=ORIENTED_EDGE('',*,*,#4486,.T.);
#6309=ORIENTED_EDGE('',*,*,#4827,.F.);
#6310=ORIENTED_EDGE('',*,*,#4828,.F.);
#6311=ORIENTED_EDGE('',*,*,#4827,.T.);
#6312=ORIENTED_EDGE('',*,*,#4485,.T.);
#6313=ORIENTED_EDGE('',*,*,#4829,.F.);
#6314=ORIENTED_EDGE('',*,*,#4830,.F.);
#6315=ORIENTED_EDGE('',*,*,#4831,.F.);
#6316=ORIENTED_EDGE('',*,*,#4829,.T.);
#6317=ORIENTED_EDGE('',*,*,#4484,.T.);
#6318=ORIENTED_EDGE('',*,*,#4808,.F.);
#6319=ORIENTED_EDGE('',*,*,#4830,.T.);
#6320=ORIENTED_EDGE('',*,*,#4831,.T.);
#6321=ORIENTED_EDGE('',*,*,#4810,.T.);
#6322=ORIENTED_EDGE('',*,*,#4812,.T.);
#6323=ORIENTED_EDGE('',*,*,#4814,.T.);
#6324=ORIENTED_EDGE('',*,*,#4816,.T.);
#6325=ORIENTED_EDGE('',*,*,#4818,.T.);
#6326=ORIENTED_EDGE('',*,*,#4820,.T.);
#6327=ORIENTED_EDGE('',*,*,#4822,.T.);
#6328=ORIENTED_EDGE('',*,*,#4824,.T.);
#6329=ORIENTED_EDGE('',*,*,#4826,.T.);
#6330=ORIENTED_EDGE('',*,*,#4828,.T.);
#6331=ORIENTED_EDGE('',*,*,#4832,.F.);
#6332=ORIENTED_EDGE('',*,*,#4833,.T.);
#6333=ORIENTED_EDGE('',*,*,#4494,.T.);
#6334=ORIENTED_EDGE('',*,*,#4834,.F.);
#6335=ORIENTED_EDGE('',*,*,#4834,.T.);
#6336=ORIENTED_EDGE('',*,*,#4503,.T.);
#6337=ORIENTED_EDGE('',*,*,#4835,.F.);
#6338=ORIENTED_EDGE('',*,*,#4836,.F.);
#6339=ORIENTED_EDGE('',*,*,#4837,.F.);
#6340=ORIENTED_EDGE('',*,*,#4835,.T.);
#6341=ORIENTED_EDGE('',*,*,#4502,.T.);
#6342=ORIENTED_EDGE('',*,*,#4838,.F.);
#6343=ORIENTED_EDGE('',*,*,#4839,.F.);
#6344=ORIENTED_EDGE('',*,*,#4838,.T.);
#6345=ORIENTED_EDGE('',*,*,#4501,.T.);
#6346=ORIENTED_EDGE('',*,*,#4840,.F.);
#6347=ORIENTED_EDGE('',*,*,#4841,.F.);
#6348=ORIENTED_EDGE('',*,*,#4840,.T.);
#6349=ORIENTED_EDGE('',*,*,#4500,.T.);
#6350=ORIENTED_EDGE('',*,*,#4842,.F.);
#6351=ORIENTED_EDGE('',*,*,#4843,.F.);
#6352=ORIENTED_EDGE('',*,*,#4842,.T.);
#6353=ORIENTED_EDGE('',*,*,#4499,.T.);
#6354=ORIENTED_EDGE('',*,*,#4844,.F.);
#6355=ORIENTED_EDGE('',*,*,#4844,.T.);
#6356=ORIENTED_EDGE('',*,*,#4498,.T.);
#6357=ORIENTED_EDGE('',*,*,#4845,.F.);
#6358=ORIENTED_EDGE('',*,*,#4846,.F.);
#6359=ORIENTED_EDGE('',*,*,#4847,.F.);
#6360=ORIENTED_EDGE('',*,*,#4845,.T.);
#6361=ORIENTED_EDGE('',*,*,#4497,.T.);
#6362=ORIENTED_EDGE('',*,*,#4848,.F.);
#6363=ORIENTED_EDGE('',*,*,#4849,.F.);
#6364=ORIENTED_EDGE('',*,*,#4848,.T.);
#6365=ORIENTED_EDGE('',*,*,#4496,.T.);
#6366=ORIENTED_EDGE('',*,*,#4850,.F.);
#6367=ORIENTED_EDGE('',*,*,#4833,.F.);
#6368=ORIENTED_EDGE('',*,*,#4851,.F.);
#6369=ORIENTED_EDGE('',*,*,#4850,.T.);
#6370=ORIENTED_EDGE('',*,*,#4495,.T.);
#6371=ORIENTED_EDGE('',*,*,#4849,.T.);
#6372=ORIENTED_EDGE('',*,*,#4851,.T.);
#6373=ORIENTED_EDGE('',*,*,#4832,.T.);
#6374=ORIENTED_EDGE('',*,*,#4836,.T.);
#6375=ORIENTED_EDGE('',*,*,#4837,.T.);
#6376=ORIENTED_EDGE('',*,*,#4839,.T.);
#6377=ORIENTED_EDGE('',*,*,#4841,.T.);
#6378=ORIENTED_EDGE('',*,*,#4843,.T.);
#6379=ORIENTED_EDGE('',*,*,#4846,.T.);
#6380=ORIENTED_EDGE('',*,*,#4847,.T.);
#6381=ORIENTED_EDGE('',*,*,#4852,.T.);
#6382=ORIENTED_EDGE('',*,*,#4505,.T.);
#6383=ORIENTED_EDGE('',*,*,#4853,.F.);
#6384=ORIENTED_EDGE('',*,*,#4854,.F.);
#6385=ORIENTED_EDGE('',*,*,#4853,.T.);
#6386=ORIENTED_EDGE('',*,*,#4504,.T.);
#6387=ORIENTED_EDGE('',*,*,#4855,.F.);
#6388=ORIENTED_EDGE('',*,*,#4856,.F.);
#6389=ORIENTED_EDGE('',*,*,#4855,.T.);
#6390=ORIENTED_EDGE('',*,*,#4509,.T.);
#6391=ORIENTED_EDGE('',*,*,#4857,.F.);
#6392=ORIENTED_EDGE('',*,*,#4858,.F.);
#6393=ORIENTED_EDGE('',*,*,#4857,.T.);
#6394=ORIENTED_EDGE('',*,*,#4508,.T.);
#6395=ORIENTED_EDGE('',*,*,#4859,.F.);
#6396=ORIENTED_EDGE('',*,*,#4860,.F.);
#6397=ORIENTED_EDGE('',*,*,#4859,.T.);
#6398=ORIENTED_EDGE('',*,*,#4507,.T.);
#6399=ORIENTED_EDGE('',*,*,#4861,.F.);
#6400=ORIENTED_EDGE('',*,*,#4862,.F.);
#6401=ORIENTED_EDGE('',*,*,#4863,.F.);
#6402=ORIENTED_EDGE('',*,*,#4861,.T.);
#6403=ORIENTED_EDGE('',*,*,#4506,.T.);
#6404=ORIENTED_EDGE('',*,*,#4852,.F.);
#6405=ORIENTED_EDGE('',*,*,#4862,.T.);
#6406=ORIENTED_EDGE('',*,*,#4863,.T.);
#6407=ORIENTED_EDGE('',*,*,#4854,.T.);
#6408=ORIENTED_EDGE('',*,*,#4856,.T.);
#6409=ORIENTED_EDGE('',*,*,#4858,.T.);
#6410=ORIENTED_EDGE('',*,*,#4860,.T.);
#6411=ORIENTED_EDGE('',*,*,#4775,.F.);
#6412=ORIENTED_EDGE('',*,*,#4777,.F.);
#6413=ORIENTED_EDGE('',*,*,#4779,.F.);
#6414=ORIENTED_EDGE('',*,*,#4781,.F.);
#6415=ORIENTED_EDGE('',*,*,#4782,.F.);
#6416=ORIENTED_EDGE('',*,*,#4800,.F.);
#6417=ORIENTED_EDGE('',*,*,#4802,.F.);
#6418=ORIENTED_EDGE('',*,*,#4804,.F.);
#6419=ORIENTED_EDGE('',*,*,#4806,.F.);
#6420=ORIENTED_EDGE('',*,*,#4807,.F.);
#6421=ORIENTED_EDGE('',*,*,#4864,.T.);
#6422=ORIENTED_EDGE('',*,*,#4865,.F.);
#6423=ORIENTED_EDGE('',*,*,#4866,.F.);
#6424=ORIENTED_EDGE('',*,*,#4867,.T.);
#6425=ORIENTED_EDGE('',*,*,#4868,.T.);
#6426=ORIENTED_EDGE('',*,*,#4869,.F.);
#6427=ORIENTED_EDGE('',*,*,#4870,.F.);
#6428=ORIENTED_EDGE('',*,*,#4865,.T.);
#6429=ORIENTED_EDGE('',*,*,#4871,.T.);
#6430=ORIENTED_EDGE('',*,*,#4872,.F.);
#6431=ORIENTED_EDGE('',*,*,#4873,.F.);
#6432=ORIENTED_EDGE('',*,*,#4869,.T.);
#6433=ORIENTED_EDGE('',*,*,#4874,.T.);
#6434=ORIENTED_EDGE('',*,*,#4875,.F.);
#6435=ORIENTED_EDGE('',*,*,#4876,.F.);
#6436=ORIENTED_EDGE('',*,*,#4872,.T.);
#6437=ORIENTED_EDGE('',*,*,#4877,.T.);
#6438=ORIENTED_EDGE('',*,*,#4878,.F.);
#6439=ORIENTED_EDGE('',*,*,#4879,.F.);
#6440=ORIENTED_EDGE('',*,*,#4875,.T.);
#6441=ORIENTED_EDGE('',*,*,#4880,.T.);
#6442=ORIENTED_EDGE('',*,*,#4867,.F.);
#6443=ORIENTED_EDGE('',*,*,#4881,.F.);
#6444=ORIENTED_EDGE('',*,*,#4878,.T.);
#6445=ORIENTED_EDGE('',*,*,#4866,.T.);
#6446=ORIENTED_EDGE('',*,*,#4870,.T.);
#6447=ORIENTED_EDGE('',*,*,#4873,.T.);
#6448=ORIENTED_EDGE('',*,*,#4876,.T.);
#6449=ORIENTED_EDGE('',*,*,#4879,.T.);
#6450=ORIENTED_EDGE('',*,*,#4881,.T.);
#6451=ORIENTED_EDGE('',*,*,#4864,.F.);
#6452=ORIENTED_EDGE('',*,*,#4880,.F.);
#6453=ORIENTED_EDGE('',*,*,#4877,.F.);
#6454=ORIENTED_EDGE('',*,*,#4874,.F.);
#6455=ORIENTED_EDGE('',*,*,#4871,.F.);
#6456=ORIENTED_EDGE('',*,*,#4868,.F.);
#6457=ORIENTED_EDGE('',*,*,#4882,.T.);
#6458=ORIENTED_EDGE('',*,*,#4883,.F.);
#6459=ORIENTED_EDGE('',*,*,#4884,.F.);
#6460=ORIENTED_EDGE('',*,*,#4885,.T.);
#6461=ORIENTED_EDGE('',*,*,#4886,.T.);
#6462=ORIENTED_EDGE('',*,*,#4887,.F.);
#6463=ORIENTED_EDGE('',*,*,#4888,.F.);
#6464=ORIENTED_EDGE('',*,*,#4883,.T.);
#6465=ORIENTED_EDGE('',*,*,#4889,.T.);
#6466=ORIENTED_EDGE('',*,*,#4890,.F.);
#6467=ORIENTED_EDGE('',*,*,#4891,.F.);
#6468=ORIENTED_EDGE('',*,*,#4887,.T.);
#6469=ORIENTED_EDGE('',*,*,#4892,.T.);
#6470=ORIENTED_EDGE('',*,*,#4893,.F.);
#6471=ORIENTED_EDGE('',*,*,#4894,.F.);
#6472=ORIENTED_EDGE('',*,*,#4890,.T.);
#6473=ORIENTED_EDGE('',*,*,#4895,.T.);
#6474=ORIENTED_EDGE('',*,*,#4896,.F.);
#6475=ORIENTED_EDGE('',*,*,#4897,.F.);
#6476=ORIENTED_EDGE('',*,*,#4893,.T.);
#6477=ORIENTED_EDGE('',*,*,#4898,.T.);
#6478=ORIENTED_EDGE('',*,*,#4885,.F.);
#6479=ORIENTED_EDGE('',*,*,#4899,.F.);
#6480=ORIENTED_EDGE('',*,*,#4896,.T.);
#6481=ORIENTED_EDGE('',*,*,#4884,.T.);
#6482=ORIENTED_EDGE('',*,*,#4888,.T.);
#6483=ORIENTED_EDGE('',*,*,#4891,.T.);
#6484=ORIENTED_EDGE('',*,*,#4894,.T.);
#6485=ORIENTED_EDGE('',*,*,#4897,.T.);
#6486=ORIENTED_EDGE('',*,*,#4899,.T.);
#6487=ORIENTED_EDGE('',*,*,#4882,.F.);
#6488=ORIENTED_EDGE('',*,*,#4898,.F.);
#6489=ORIENTED_EDGE('',*,*,#4895,.F.);
#6490=ORIENTED_EDGE('',*,*,#4892,.F.);
#6491=ORIENTED_EDGE('',*,*,#4889,.F.);
#6492=ORIENTED_EDGE('',*,*,#4886,.F.);
#6493=ORIENTED_EDGE('',*,*,#4900,.T.);
#6494=ORIENTED_EDGE('',*,*,#4901,.T.);
#6495=ORIENTED_EDGE('',*,*,#4902,.T.);
#6496=ORIENTED_EDGE('',*,*,#4903,.T.);
#6497=ORIENTED_EDGE('',*,*,#4904,.T.);
#6498=ORIENTED_EDGE('',*,*,#4905,.T.);
#6499=ORIENTED_EDGE('',*,*,#4906,.T.);
#6500=ORIENTED_EDGE('',*,*,#4907,.T.);
#6501=ORIENTED_EDGE('',*,*,#4908,.T.);
#6502=ORIENTED_EDGE('',*,*,#4909,.T.);
#6503=ORIENTED_EDGE('',*,*,#4910,.T.);
#6504=ORIENTED_EDGE('',*,*,#4911,.T.);
#6505=ORIENTED_EDGE('',*,*,#4912,.T.);
#6506=ORIENTED_EDGE('',*,*,#4913,.T.);
#6507=ORIENTED_EDGE('',*,*,#4914,.T.);
#6508=ORIENTED_EDGE('',*,*,#4915,.T.);
#6509=ORIENTED_EDGE('',*,*,#4916,.T.);
#6510=ORIENTED_EDGE('',*,*,#4917,.T.);
#6511=ORIENTED_EDGE('',*,*,#4918,.T.);
#6512=ORIENTED_EDGE('',*,*,#4919,.T.);
#6513=ORIENTED_EDGE('',*,*,#4910,.F.);
#6514=ORIENTED_EDGE('',*,*,#4920,.T.);
#6515=ORIENTED_EDGE('',*,*,#4904,.F.);
#6516=ORIENTED_EDGE('',*,*,#4921,.T.);
#6517=ORIENTED_EDGE('',*,*,#4902,.F.);
#6518=ORIENTED_EDGE('',*,*,#4922,.T.);
#6519=ORIENTED_EDGE('',*,*,#4912,.F.);
#6520=ORIENTED_EDGE('',*,*,#4923,.T.);
#6521=ORIENTED_EDGE('',*,*,#4922,.F.);
#6522=ORIENTED_EDGE('',*,*,#4901,.F.);
#6523=ORIENTED_EDGE('',*,*,#4924,.F.);
#6524=ORIENTED_EDGE('',*,*,#4913,.F.);
#6525=ORIENTED_EDGE('',*,*,#4925,.F.);
#6526=ORIENTED_EDGE('',*,*,#4914,.F.);
#6527=ORIENTED_EDGE('',*,*,#4926,.F.);
#6528=ORIENTED_EDGE('',*,*,#4919,.F.);
#6529=ORIENTED_EDGE('',*,*,#4923,.F.);
#6530=ORIENTED_EDGE('',*,*,#4915,.F.);
#6531=ORIENTED_EDGE('',*,*,#4927,.F.);
#6532=ORIENTED_EDGE('',*,*,#4911,.F.);
#6533=ORIENTED_EDGE('',*,*,#4926,.T.);
#6534=ORIENTED_EDGE('',*,*,#4924,.T.);
#6535=ORIENTED_EDGE('',*,*,#4928,.F.);
#6536=ORIENTED_EDGE('',*,*,#4927,.T.);
#6537=ORIENTED_EDGE('',*,*,#4925,.T.);
#6538=ORIENTED_EDGE('',*,*,#4929,.F.);
#6539=ORIENTED_EDGE('',*,*,#4921,.F.);
#6540=ORIENTED_EDGE('',*,*,#4907,.F.);
#6541=ORIENTED_EDGE('',*,*,#4930,.F.);
#6542=ORIENTED_EDGE('',*,*,#4903,.F.);
#6543=ORIENTED_EDGE('',*,*,#4928,.T.);
#6544=ORIENTED_EDGE('',*,*,#4900,.F.);
#6545=ORIENTED_EDGE('',*,*,#4931,.F.);
#6546=ORIENTED_EDGE('',*,*,#4916,.F.);
#6547=ORIENTED_EDGE('',*,*,#4929,.T.);
#6548=ORIENTED_EDGE('',*,*,#4918,.F.);
#6549=ORIENTED_EDGE('',*,*,#4932,.F.);
#6550=ORIENTED_EDGE('',*,*,#4908,.F.);
#6551=ORIENTED_EDGE('',*,*,#4920,.F.);
#6552=ORIENTED_EDGE('',*,*,#4909,.F.);
#6553=ORIENTED_EDGE('',*,*,#4933,.F.);
#6554=ORIENTED_EDGE('',*,*,#4905,.F.);
#6555=ORIENTED_EDGE('',*,*,#4931,.T.);
#6556=ORIENTED_EDGE('',*,*,#4930,.T.);
#6557=ORIENTED_EDGE('',*,*,#4934,.F.);
#6558=ORIENTED_EDGE('',*,*,#4933,.T.);
#6559=ORIENTED_EDGE('',*,*,#4932,.T.);
#6560=ORIENTED_EDGE('',*,*,#4935,.F.);
#6561=ORIENTED_EDGE('',*,*,#4934,.T.);
#6562=ORIENTED_EDGE('',*,*,#4906,.F.);
#6563=ORIENTED_EDGE('',*,*,#4935,.T.);
#6564=ORIENTED_EDGE('',*,*,#4917,.F.);
#6565=ORIENTED_EDGE('',*,*,#4936,.T.);
#6566=ORIENTED_EDGE('',*,*,#4937,.F.);
#6567=ORIENTED_EDGE('',*,*,#4938,.F.);
#6568=ORIENTED_EDGE('',*,*,#4939,.T.);
#6569=ORIENTED_EDGE('',*,*,#4940,.T.);
#6570=ORIENTED_EDGE('',*,*,#4941,.F.);
#6571=ORIENTED_EDGE('',*,*,#4942,.F.);
#6572=ORIENTED_EDGE('',*,*,#4937,.T.);
#6573=ORIENTED_EDGE('',*,*,#4943,.T.);
#6574=ORIENTED_EDGE('',*,*,#4944,.F.);
#6575=ORIENTED_EDGE('',*,*,#4945,.F.);
#6576=ORIENTED_EDGE('',*,*,#4941,.T.);
#6577=ORIENTED_EDGE('',*,*,#4946,.T.);
#6578=ORIENTED_EDGE('',*,*,#4947,.F.);
#6579=ORIENTED_EDGE('',*,*,#4948,.F.);
#6580=ORIENTED_EDGE('',*,*,#4944,.T.);
#6581=ORIENTED_EDGE('',*,*,#4949,.T.);
#6582=ORIENTED_EDGE('',*,*,#4950,.F.);
#6583=ORIENTED_EDGE('',*,*,#4951,.F.);
#6584=ORIENTED_EDGE('',*,*,#4947,.T.);
#6585=ORIENTED_EDGE('',*,*,#4952,.T.);
#6586=ORIENTED_EDGE('',*,*,#4939,.F.);
#6587=ORIENTED_EDGE('',*,*,#4953,.F.);
#6588=ORIENTED_EDGE('',*,*,#4950,.T.);
#6589=ORIENTED_EDGE('',*,*,#4938,.T.);
#6590=ORIENTED_EDGE('',*,*,#4942,.T.);
#6591=ORIENTED_EDGE('',*,*,#4945,.T.);
#6592=ORIENTED_EDGE('',*,*,#4948,.T.);
#6593=ORIENTED_EDGE('',*,*,#4951,.T.);
#6594=ORIENTED_EDGE('',*,*,#4953,.T.);
#6595=ORIENTED_EDGE('',*,*,#4936,.F.);
#6596=ORIENTED_EDGE('',*,*,#4952,.F.);
#6597=ORIENTED_EDGE('',*,*,#4949,.F.);
#6598=ORIENTED_EDGE('',*,*,#4946,.F.);
#6599=ORIENTED_EDGE('',*,*,#4943,.F.);
#6600=ORIENTED_EDGE('',*,*,#4940,.F.);
#6601=ORIENTED_EDGE('',*,*,#4954,.T.);
#6602=ORIENTED_EDGE('',*,*,#4955,.T.);
#6603=ORIENTED_EDGE('',*,*,#4956,.F.);
#6604=ORIENTED_EDGE('',*,*,#4957,.F.);
#6605=ORIENTED_EDGE('',*,*,#4958,.T.);
#6606=ORIENTED_EDGE('',*,*,#4959,.F.);
#6607=ORIENTED_EDGE('',*,*,#4960,.F.);
#6608=ORIENTED_EDGE('',*,*,#4956,.T.);
#6609=ORIENTED_EDGE('',*,*,#4959,.T.);
#6610=ORIENTED_EDGE('',*,*,#4961,.T.);
#6611=ORIENTED_EDGE('',*,*,#4962,.F.);
#6612=ORIENTED_EDGE('',*,*,#4963,.F.);
#6613=ORIENTED_EDGE('',*,*,#4962,.T.);
#6614=ORIENTED_EDGE('',*,*,#4964,.T.);
#6615=ORIENTED_EDGE('',*,*,#4965,.F.);
#6616=ORIENTED_EDGE('',*,*,#4966,.F.);
#6617=ORIENTED_EDGE('',*,*,#4965,.T.);
#6618=ORIENTED_EDGE('',*,*,#4967,.T.);
#6619=ORIENTED_EDGE('',*,*,#4968,.F.);
#6620=ORIENTED_EDGE('',*,*,#4969,.F.);
#6621=ORIENTED_EDGE('',*,*,#4968,.T.);
#6622=ORIENTED_EDGE('',*,*,#4970,.T.);
#6623=ORIENTED_EDGE('',*,*,#4971,.F.);
#6624=ORIENTED_EDGE('',*,*,#4972,.F.);
#6625=ORIENTED_EDGE('',*,*,#4971,.T.);
#6626=ORIENTED_EDGE('',*,*,#4973,.T.);
#6627=ORIENTED_EDGE('',*,*,#4974,.F.);
#6628=ORIENTED_EDGE('',*,*,#4975,.F.);
#6629=ORIENTED_EDGE('',*,*,#4974,.T.);
#6630=ORIENTED_EDGE('',*,*,#4976,.T.);
#6631=ORIENTED_EDGE('',*,*,#4977,.F.);
#6632=ORIENTED_EDGE('',*,*,#4978,.F.);
#6633=ORIENTED_EDGE('',*,*,#4979,.T.);
#6634=ORIENTED_EDGE('',*,*,#4980,.F.);
#6635=ORIENTED_EDGE('',*,*,#4981,.F.);
#6636=ORIENTED_EDGE('',*,*,#4977,.T.);
#6637=ORIENTED_EDGE('',*,*,#4980,.T.);
#6638=ORIENTED_EDGE('',*,*,#4982,.T.);
#6639=ORIENTED_EDGE('',*,*,#4983,.F.);
#6640=ORIENTED_EDGE('',*,*,#4984,.F.);
#6641=ORIENTED_EDGE('',*,*,#4983,.T.);
#6642=ORIENTED_EDGE('',*,*,#4985,.T.);
#6643=ORIENTED_EDGE('',*,*,#4986,.F.);
#6644=ORIENTED_EDGE('',*,*,#4987,.F.);
#6645=ORIENTED_EDGE('',*,*,#4986,.T.);
#6646=ORIENTED_EDGE('',*,*,#4988,.T.);
#6647=ORIENTED_EDGE('',*,*,#4989,.F.);
#6648=ORIENTED_EDGE('',*,*,#4990,.F.);
#6649=ORIENTED_EDGE('',*,*,#4989,.T.);
#6650=ORIENTED_EDGE('',*,*,#4991,.T.);
#6651=ORIENTED_EDGE('',*,*,#4992,.F.);
#6652=ORIENTED_EDGE('',*,*,#4993,.F.);
#6653=ORIENTED_EDGE('',*,*,#4992,.T.);
#6654=ORIENTED_EDGE('',*,*,#4994,.T.);
#6655=ORIENTED_EDGE('',*,*,#4954,.F.);
#6656=ORIENTED_EDGE('',*,*,#4995,.F.);
#6657=ORIENTED_EDGE('',*,*,#4957,.T.);
#6658=ORIENTED_EDGE('',*,*,#4960,.T.);
#6659=ORIENTED_EDGE('',*,*,#4963,.T.);
#6660=ORIENTED_EDGE('',*,*,#4966,.T.);
#6661=ORIENTED_EDGE('',*,*,#4969,.T.);
#6662=ORIENTED_EDGE('',*,*,#4972,.T.);
#6663=ORIENTED_EDGE('',*,*,#4975,.T.);
#6664=ORIENTED_EDGE('',*,*,#4978,.T.);
#6665=ORIENTED_EDGE('',*,*,#4981,.T.);
#6666=ORIENTED_EDGE('',*,*,#4984,.T.);
#6667=ORIENTED_EDGE('',*,*,#4987,.T.);
#6668=ORIENTED_EDGE('',*,*,#4990,.T.);
#6669=ORIENTED_EDGE('',*,*,#4993,.T.);
#6670=ORIENTED_EDGE('',*,*,#4995,.T.);
#6671=ORIENTED_EDGE('',*,*,#4955,.F.);
#6672=ORIENTED_EDGE('',*,*,#4994,.F.);
#6673=ORIENTED_EDGE('',*,*,#4991,.F.);
#6674=ORIENTED_EDGE('',*,*,#4988,.F.);
#6675=ORIENTED_EDGE('',*,*,#4985,.F.);
#6676=ORIENTED_EDGE('',*,*,#4982,.F.);
#6677=ORIENTED_EDGE('',*,*,#4979,.F.);
#6678=ORIENTED_EDGE('',*,*,#4976,.F.);
#6679=ORIENTED_EDGE('',*,*,#4973,.F.);
#6680=ORIENTED_EDGE('',*,*,#4970,.F.);
#6681=ORIENTED_EDGE('',*,*,#4967,.F.);
#6682=ORIENTED_EDGE('',*,*,#4964,.F.);
#6683=ORIENTED_EDGE('',*,*,#4961,.F.);
#6684=ORIENTED_EDGE('',*,*,#4958,.F.);
#6685=ORIENTED_EDGE('',*,*,#4996,.T.);
#6686=ORIENTED_EDGE('',*,*,#4997,.F.);
#6687=ORIENTED_EDGE('',*,*,#4998,.F.);
#6688=ORIENTED_EDGE('',*,*,#4999,.T.);
#6689=ORIENTED_EDGE('',*,*,#5000,.T.);
#6690=ORIENTED_EDGE('',*,*,#5001,.F.);
#6691=ORIENTED_EDGE('',*,*,#5002,.F.);
#6692=ORIENTED_EDGE('',*,*,#4997,.T.);
#6693=ORIENTED_EDGE('',*,*,#5003,.T.);
#6694=ORIENTED_EDGE('',*,*,#5004,.F.);
#6695=ORIENTED_EDGE('',*,*,#5005,.F.);
#6696=ORIENTED_EDGE('',*,*,#5001,.T.);
#6697=ORIENTED_EDGE('',*,*,#5006,.T.);
#6698=ORIENTED_EDGE('',*,*,#5007,.F.);
#6699=ORIENTED_EDGE('',*,*,#5008,.F.);
#6700=ORIENTED_EDGE('',*,*,#5004,.T.);
#6701=ORIENTED_EDGE('',*,*,#5009,.T.);
#6702=ORIENTED_EDGE('',*,*,#5010,.F.);
#6703=ORIENTED_EDGE('',*,*,#5011,.F.);
#6704=ORIENTED_EDGE('',*,*,#5007,.T.);
#6705=ORIENTED_EDGE('',*,*,#5012,.T.);
#6706=ORIENTED_EDGE('',*,*,#5013,.F.);
#6707=ORIENTED_EDGE('',*,*,#5014,.F.);
#6708=ORIENTED_EDGE('',*,*,#5010,.T.);
#6709=ORIENTED_EDGE('',*,*,#5015,.T.);
#6710=ORIENTED_EDGE('',*,*,#5016,.F.);
#6711=ORIENTED_EDGE('',*,*,#5017,.F.);
#6712=ORIENTED_EDGE('',*,*,#5013,.T.);
#6713=ORIENTED_EDGE('',*,*,#5018,.T.);
#6714=ORIENTED_EDGE('',*,*,#5019,.F.);
#6715=ORIENTED_EDGE('',*,*,#5020,.F.);
#6716=ORIENTED_EDGE('',*,*,#5016,.T.);
#6717=ORIENTED_EDGE('',*,*,#5021,.T.);
#6718=ORIENTED_EDGE('',*,*,#5022,.F.);
#6719=ORIENTED_EDGE('',*,*,#5023,.F.);
#6720=ORIENTED_EDGE('',*,*,#5019,.T.);
#6721=ORIENTED_EDGE('',*,*,#5024,.T.);
#6722=ORIENTED_EDGE('',*,*,#5025,.F.);
#6723=ORIENTED_EDGE('',*,*,#5026,.F.);
#6724=ORIENTED_EDGE('',*,*,#5022,.T.);
#6725=ORIENTED_EDGE('',*,*,#5027,.T.);
#6726=ORIENTED_EDGE('',*,*,#5028,.F.);
#6727=ORIENTED_EDGE('',*,*,#5029,.F.);
#6728=ORIENTED_EDGE('',*,*,#5025,.T.);
#6729=ORIENTED_EDGE('',*,*,#5030,.T.);
#6730=ORIENTED_EDGE('',*,*,#4999,.F.);
#6731=ORIENTED_EDGE('',*,*,#5031,.F.);
#6732=ORIENTED_EDGE('',*,*,#5028,.T.);
#6733=ORIENTED_EDGE('',*,*,#4998,.T.);
#6734=ORIENTED_EDGE('',*,*,#5002,.T.);
#6735=ORIENTED_EDGE('',*,*,#5005,.T.);
#6736=ORIENTED_EDGE('',*,*,#5008,.T.);
#6737=ORIENTED_EDGE('',*,*,#5011,.T.);
#6738=ORIENTED_EDGE('',*,*,#5014,.T.);
#6739=ORIENTED_EDGE('',*,*,#5017,.T.);
#6740=ORIENTED_EDGE('',*,*,#5020,.T.);
#6741=ORIENTED_EDGE('',*,*,#5023,.T.);
#6742=ORIENTED_EDGE('',*,*,#5026,.T.);
#6743=ORIENTED_EDGE('',*,*,#5029,.T.);
#6744=ORIENTED_EDGE('',*,*,#5031,.T.);
#6745=ORIENTED_EDGE('',*,*,#4996,.F.);
#6746=ORIENTED_EDGE('',*,*,#5030,.F.);
#6747=ORIENTED_EDGE('',*,*,#5027,.F.);
#6748=ORIENTED_EDGE('',*,*,#5024,.F.);
#6749=ORIENTED_EDGE('',*,*,#5021,.F.);
#6750=ORIENTED_EDGE('',*,*,#5018,.F.);
#6751=ORIENTED_EDGE('',*,*,#5015,.F.);
#6752=ORIENTED_EDGE('',*,*,#5012,.F.);
#6753=ORIENTED_EDGE('',*,*,#5009,.F.);
#6754=ORIENTED_EDGE('',*,*,#5006,.F.);
#6755=ORIENTED_EDGE('',*,*,#5003,.F.);
#6756=ORIENTED_EDGE('',*,*,#5000,.F.);
#6757=ORIENTED_EDGE('',*,*,#5032,.T.);
#6758=ORIENTED_EDGE('',*,*,#5033,.T.);
#6759=ORIENTED_EDGE('',*,*,#5034,.T.);
#6760=ORIENTED_EDGE('',*,*,#5035,.T.);
#6761=ORIENTED_EDGE('',*,*,#5036,.T.);
#6762=ORIENTED_EDGE('',*,*,#5037,.T.);
#6763=ORIENTED_EDGE('',*,*,#5038,.T.);
#6764=ORIENTED_EDGE('',*,*,#5039,.F.);
#6765=ORIENTED_EDGE('',*,*,#5040,.F.);
#6766=ORIENTED_EDGE('',*,*,#5041,.F.);
#6767=ORIENTED_EDGE('',*,*,#5042,.F.);
#6768=ORIENTED_EDGE('',*,*,#5043,.F.);
#6769=ORIENTED_EDGE('',*,*,#5044,.F.);
#6770=ORIENTED_EDGE('',*,*,#5045,.F.);
#6771=ORIENTED_EDGE('',*,*,#5046,.F.);
#6772=ORIENTED_EDGE('',*,*,#5047,.F.);
#6773=ORIENTED_EDGE('',*,*,#5048,.F.);
#6774=ORIENTED_EDGE('',*,*,#5049,.F.);
#6775=ORIENTED_EDGE('',*,*,#5050,.F.);
#6776=ORIENTED_EDGE('',*,*,#5051,.F.);
#6777=ORIENTED_EDGE('',*,*,#5052,.F.);
#6778=ORIENTED_EDGE('',*,*,#5053,.T.);
#6779=ORIENTED_EDGE('',*,*,#5054,.T.);
#6780=ORIENTED_EDGE('',*,*,#5055,.T.);
#6781=ORIENTED_EDGE('',*,*,#5056,.T.);
#6782=ORIENTED_EDGE('',*,*,#5057,.T.);
#6783=ORIENTED_EDGE('',*,*,#5058,.T.);
#6784=ORIENTED_EDGE('',*,*,#5059,.T.);
#6785=ORIENTED_EDGE('',*,*,#5046,.T.);
#6786=ORIENTED_EDGE('',*,*,#5060,.F.);
#6787=ORIENTED_EDGE('',*,*,#5032,.F.);
#6788=ORIENTED_EDGE('',*,*,#5061,.T.);
#6789=ORIENTED_EDGE('',*,*,#5060,.T.);
#6790=ORIENTED_EDGE('',*,*,#5052,.T.);
#6791=ORIENTED_EDGE('',*,*,#5062,.F.);
#6792=ORIENTED_EDGE('',*,*,#5033,.F.);
#6793=ORIENTED_EDGE('',*,*,#5062,.T.);
#6794=ORIENTED_EDGE('',*,*,#5051,.T.);
#6795=ORIENTED_EDGE('',*,*,#5063,.F.);
#6796=ORIENTED_EDGE('',*,*,#5034,.F.);
#6797=ORIENTED_EDGE('',*,*,#5063,.T.);
#6798=ORIENTED_EDGE('',*,*,#5050,.T.);
#6799=ORIENTED_EDGE('',*,*,#5064,.F.);
#6800=ORIENTED_EDGE('',*,*,#5035,.F.);
#6801=ORIENTED_EDGE('',*,*,#5064,.T.);
#6802=ORIENTED_EDGE('',*,*,#5049,.T.);
#6803=ORIENTED_EDGE('',*,*,#5065,.F.);
#6804=ORIENTED_EDGE('',*,*,#5036,.F.);
#6805=ORIENTED_EDGE('',*,*,#5048,.T.);
#6806=ORIENTED_EDGE('',*,*,#5066,.F.);
#6807=ORIENTED_EDGE('',*,*,#5037,.F.);
#6808=ORIENTED_EDGE('',*,*,#5065,.T.);
#6809=ORIENTED_EDGE('',*,*,#5047,.T.);
#6810=ORIENTED_EDGE('',*,*,#5061,.F.);
#6811=ORIENTED_EDGE('',*,*,#5038,.F.);
#6812=ORIENTED_EDGE('',*,*,#5066,.T.);
#6813=ORIENTED_EDGE('',*,*,#5053,.F.);
#6814=ORIENTED_EDGE('',*,*,#5067,.F.);
#6815=ORIENTED_EDGE('',*,*,#5040,.T.);
#6816=ORIENTED_EDGE('',*,*,#5068,.T.);
#6817=ORIENTED_EDGE('',*,*,#5054,.F.);
#6818=ORIENTED_EDGE('',*,*,#5068,.F.);
#6819=ORIENTED_EDGE('',*,*,#5039,.T.);
#6820=ORIENTED_EDGE('',*,*,#5069,.T.);
#6821=ORIENTED_EDGE('',*,*,#5055,.F.);
#6822=ORIENTED_EDGE('',*,*,#5069,.F.);
#6823=ORIENTED_EDGE('',*,*,#5045,.T.);
#6824=ORIENTED_EDGE('',*,*,#5070,.T.);
#6825=ORIENTED_EDGE('',*,*,#5056,.F.);
#6826=ORIENTED_EDGE('',*,*,#5070,.F.);
#6827=ORIENTED_EDGE('',*,*,#5044,.T.);
#6828=ORIENTED_EDGE('',*,*,#5071,.T.);
#6829=ORIENTED_EDGE('',*,*,#5057,.F.);
#6830=ORIENTED_EDGE('',*,*,#5071,.F.);
#6831=ORIENTED_EDGE('',*,*,#5043,.T.);
#6832=ORIENTED_EDGE('',*,*,#5072,.T.);
#6833=ORIENTED_EDGE('',*,*,#5058,.F.);
#6834=ORIENTED_EDGE('',*,*,#5072,.F.);
#6835=ORIENTED_EDGE('',*,*,#5042,.T.);
#6836=ORIENTED_EDGE('',*,*,#5073,.T.);
#6837=ORIENTED_EDGE('',*,*,#5059,.F.);
#6838=ORIENTED_EDGE('',*,*,#5073,.F.);
#6839=ORIENTED_EDGE('',*,*,#5041,.T.);
#6840=ORIENTED_EDGE('',*,*,#5067,.T.);
#6841=ORIENTED_EDGE('',*,*,#5074,.T.);
#6842=ORIENTED_EDGE('',*,*,#5075,.T.);
#6843=ORIENTED_EDGE('',*,*,#5076,.T.);
#6844=ORIENTED_EDGE('',*,*,#5077,.T.);
#6845=ORIENTED_EDGE('',*,*,#5078,.T.);
#6846=ORIENTED_EDGE('',*,*,#5079,.T.);
#6847=ORIENTED_EDGE('',*,*,#5080,.T.);
#6848=ORIENTED_EDGE('',*,*,#5081,.T.);
#6849=ORIENTED_EDGE('',*,*,#5082,.F.);
#6850=ORIENTED_EDGE('',*,*,#5083,.F.);
#6851=ORIENTED_EDGE('',*,*,#5084,.F.);
#6852=ORIENTED_EDGE('',*,*,#5085,.F.);
#6853=ORIENTED_EDGE('',*,*,#5086,.F.);
#6854=ORIENTED_EDGE('',*,*,#5087,.F.);
#6855=ORIENTED_EDGE('',*,*,#5088,.F.);
#6856=ORIENTED_EDGE('',*,*,#5089,.F.);
#6857=ORIENTED_EDGE('',*,*,#5090,.F.);
#6858=ORIENTED_EDGE('',*,*,#5091,.F.);
#6859=ORIENTED_EDGE('',*,*,#5092,.F.);
#6860=ORIENTED_EDGE('',*,*,#5093,.F.);
#6861=ORIENTED_EDGE('',*,*,#5094,.F.);
#6862=ORIENTED_EDGE('',*,*,#5095,.F.);
#6863=ORIENTED_EDGE('',*,*,#5096,.T.);
#6864=ORIENTED_EDGE('',*,*,#5097,.T.);
#6865=ORIENTED_EDGE('',*,*,#5098,.T.);
#6866=ORIENTED_EDGE('',*,*,#5099,.T.);
#6867=ORIENTED_EDGE('',*,*,#5100,.T.);
#6868=ORIENTED_EDGE('',*,*,#5101,.T.);
#6869=ORIENTED_EDGE('',*,*,#5088,.T.);
#6870=ORIENTED_EDGE('',*,*,#5102,.F.);
#6871=ORIENTED_EDGE('',*,*,#5074,.F.);
#6872=ORIENTED_EDGE('',*,*,#5103,.T.);
#6873=ORIENTED_EDGE('',*,*,#5095,.T.);
#6874=ORIENTED_EDGE('',*,*,#5104,.F.);
#6875=ORIENTED_EDGE('',*,*,#5075,.F.);
#6876=ORIENTED_EDGE('',*,*,#5102,.T.);
#6877=ORIENTED_EDGE('',*,*,#5094,.T.);
#6878=ORIENTED_EDGE('',*,*,#5105,.F.);
#6879=ORIENTED_EDGE('',*,*,#5076,.F.);
#6880=ORIENTED_EDGE('',*,*,#5104,.T.);
#6881=ORIENTED_EDGE('',*,*,#5093,.T.);
#6882=ORIENTED_EDGE('',*,*,#5106,.F.);
#6883=ORIENTED_EDGE('',*,*,#5077,.F.);
#6884=ORIENTED_EDGE('',*,*,#5105,.T.);
#6885=ORIENTED_EDGE('',*,*,#5092,.T.);
#6886=ORIENTED_EDGE('',*,*,#5107,.F.);
#6887=ORIENTED_EDGE('',*,*,#5078,.F.);
#6888=ORIENTED_EDGE('',*,*,#5106,.T.);
#6889=ORIENTED_EDGE('',*,*,#5091,.T.);
#6890=ORIENTED_EDGE('',*,*,#5108,.F.);
#6891=ORIENTED_EDGE('',*,*,#5079,.F.);
#6892=ORIENTED_EDGE('',*,*,#5107,.T.);
#6893=ORIENTED_EDGE('',*,*,#5090,.T.);
#6894=ORIENTED_EDGE('',*,*,#5109,.F.);
#6895=ORIENTED_EDGE('',*,*,#5080,.F.);
#6896=ORIENTED_EDGE('',*,*,#5108,.T.);
#6897=ORIENTED_EDGE('',*,*,#5089,.T.);
#6898=ORIENTED_EDGE('',*,*,#5103,.F.);
#6899=ORIENTED_EDGE('',*,*,#5081,.F.);
#6900=ORIENTED_EDGE('',*,*,#5109,.T.);
#6901=ORIENTED_EDGE('',*,*,#5097,.F.);
#6902=ORIENTED_EDGE('',*,*,#5110,.F.);
#6903=ORIENTED_EDGE('',*,*,#5082,.T.);
#6904=ORIENTED_EDGE('',*,*,#5111,.T.);
#6905=ORIENTED_EDGE('',*,*,#5098,.F.);
#6906=ORIENTED_EDGE('',*,*,#5111,.F.);
#6907=ORIENTED_EDGE('',*,*,#5087,.T.);
#6908=ORIENTED_EDGE('',*,*,#5112,.T.);
#6909=ORIENTED_EDGE('',*,*,#5099,.F.);
#6910=ORIENTED_EDGE('',*,*,#5112,.F.);
#6911=ORIENTED_EDGE('',*,*,#5086,.T.);
#6912=ORIENTED_EDGE('',*,*,#5113,.T.);
#6913=ORIENTED_EDGE('',*,*,#5100,.F.);
#6914=ORIENTED_EDGE('',*,*,#5113,.F.);
#6915=ORIENTED_EDGE('',*,*,#5085,.T.);
#6916=ORIENTED_EDGE('',*,*,#5114,.T.);
#6917=ORIENTED_EDGE('',*,*,#5101,.F.);
#6918=ORIENTED_EDGE('',*,*,#5114,.F.);
#6919=ORIENTED_EDGE('',*,*,#5084,.T.);
#6920=ORIENTED_EDGE('',*,*,#5115,.T.);
#6921=ORIENTED_EDGE('',*,*,#5096,.F.);
#6922=ORIENTED_EDGE('',*,*,#5115,.F.);
#6923=ORIENTED_EDGE('',*,*,#5083,.T.);
#6924=ORIENTED_EDGE('',*,*,#5110,.T.);
#6925=ORIENTED_EDGE('',*,*,#5116,.T.);
#6926=ORIENTED_EDGE('',*,*,#5117,.F.);
#6927=ORIENTED_EDGE('',*,*,#5118,.F.);
#6928=ORIENTED_EDGE('',*,*,#5119,.T.);
#6929=ORIENTED_EDGE('',*,*,#5120,.T.);
#6930=ORIENTED_EDGE('',*,*,#5121,.F.);
#6931=ORIENTED_EDGE('',*,*,#5122,.F.);
#6932=ORIENTED_EDGE('',*,*,#5117,.T.);
#6933=ORIENTED_EDGE('',*,*,#5123,.T.);
#6934=ORIENTED_EDGE('',*,*,#5124,.F.);
#6935=ORIENTED_EDGE('',*,*,#5125,.F.);
#6936=ORIENTED_EDGE('',*,*,#5121,.T.);
#6937=ORIENTED_EDGE('',*,*,#5126,.T.);
#6938=ORIENTED_EDGE('',*,*,#5127,.F.);
#6939=ORIENTED_EDGE('',*,*,#5128,.F.);
#6940=ORIENTED_EDGE('',*,*,#5124,.T.);
#6941=ORIENTED_EDGE('',*,*,#5129,.T.);
#6942=ORIENTED_EDGE('',*,*,#5130,.F.);
#6943=ORIENTED_EDGE('',*,*,#5131,.F.);
#6944=ORIENTED_EDGE('',*,*,#5127,.T.);
#6945=ORIENTED_EDGE('',*,*,#5132,.T.);
#6946=ORIENTED_EDGE('',*,*,#5133,.F.);
#6947=ORIENTED_EDGE('',*,*,#5134,.F.);
#6948=ORIENTED_EDGE('',*,*,#5130,.T.);
#6949=ORIENTED_EDGE('',*,*,#5135,.T.);
#6950=ORIENTED_EDGE('',*,*,#5136,.F.);
#6951=ORIENTED_EDGE('',*,*,#5137,.F.);
#6952=ORIENTED_EDGE('',*,*,#5133,.T.);
#6953=ORIENTED_EDGE('',*,*,#5138,.T.);
#6954=ORIENTED_EDGE('',*,*,#5139,.F.);
#6955=ORIENTED_EDGE('',*,*,#5140,.F.);
#6956=ORIENTED_EDGE('',*,*,#5136,.T.);
#6957=ORIENTED_EDGE('',*,*,#5141,.T.);
#6958=ORIENTED_EDGE('',*,*,#5142,.F.);
#6959=ORIENTED_EDGE('',*,*,#5143,.F.);
#6960=ORIENTED_EDGE('',*,*,#5139,.T.);
#6961=ORIENTED_EDGE('',*,*,#5144,.T.);
#6962=ORIENTED_EDGE('',*,*,#5145,.F.);
#6963=ORIENTED_EDGE('',*,*,#5146,.F.);
#6964=ORIENTED_EDGE('',*,*,#5142,.T.);
#6965=ORIENTED_EDGE('',*,*,#5147,.T.);
#6966=ORIENTED_EDGE('',*,*,#5148,.F.);
#6967=ORIENTED_EDGE('',*,*,#5149,.F.);
#6968=ORIENTED_EDGE('',*,*,#5145,.T.);
#6969=ORIENTED_EDGE('',*,*,#5150,.T.);
#6970=ORIENTED_EDGE('',*,*,#5119,.F.);
#6971=ORIENTED_EDGE('',*,*,#5151,.F.);
#6972=ORIENTED_EDGE('',*,*,#5148,.T.);
#6973=ORIENTED_EDGE('',*,*,#5118,.T.);
#6974=ORIENTED_EDGE('',*,*,#5122,.T.);
#6975=ORIENTED_EDGE('',*,*,#5125,.T.);
#6976=ORIENTED_EDGE('',*,*,#5128,.T.);
#6977=ORIENTED_EDGE('',*,*,#5131,.T.);
#6978=ORIENTED_EDGE('',*,*,#5134,.T.);
#6979=ORIENTED_EDGE('',*,*,#5137,.T.);
#6980=ORIENTED_EDGE('',*,*,#5140,.T.);
#6981=ORIENTED_EDGE('',*,*,#5143,.T.);
#6982=ORIENTED_EDGE('',*,*,#5146,.T.);
#6983=ORIENTED_EDGE('',*,*,#5149,.T.);
#6984=ORIENTED_EDGE('',*,*,#5151,.T.);
#6985=ORIENTED_EDGE('',*,*,#5116,.F.);
#6986=ORIENTED_EDGE('',*,*,#5150,.F.);
#6987=ORIENTED_EDGE('',*,*,#5147,.F.);
#6988=ORIENTED_EDGE('',*,*,#5144,.F.);
#6989=ORIENTED_EDGE('',*,*,#5141,.F.);
#6990=ORIENTED_EDGE('',*,*,#5138,.F.);
#6991=ORIENTED_EDGE('',*,*,#5135,.F.);
#6992=ORIENTED_EDGE('',*,*,#5132,.F.);
#6993=ORIENTED_EDGE('',*,*,#5129,.F.);
#6994=ORIENTED_EDGE('',*,*,#5126,.F.);
#6995=ORIENTED_EDGE('',*,*,#5123,.F.);
#6996=ORIENTED_EDGE('',*,*,#5120,.F.);
#6997=ORIENTED_EDGE('',*,*,#5152,.T.);
#6998=ORIENTED_EDGE('',*,*,#5153,.T.);
#6999=ORIENTED_EDGE('',*,*,#5154,.T.);
#7000=ORIENTED_EDGE('',*,*,#5155,.T.);
#7001=ORIENTED_EDGE('',*,*,#5156,.T.);
#7002=ORIENTED_EDGE('',*,*,#5157,.T.);
#7003=ORIENTED_EDGE('',*,*,#5158,.T.);
#7004=ORIENTED_EDGE('',*,*,#5159,.T.);
#7005=ORIENTED_EDGE('',*,*,#5160,.T.);
#7006=ORIENTED_EDGE('',*,*,#5161,.T.);
#7007=ORIENTED_EDGE('',*,*,#5162,.T.);
#7008=ORIENTED_EDGE('',*,*,#5163,.T.);
#7009=ORIENTED_EDGE('',*,*,#5164,.T.);
#7010=ORIENTED_EDGE('',*,*,#5165,.T.);
#7011=ORIENTED_EDGE('',*,*,#5166,.F.);
#7012=ORIENTED_EDGE('',*,*,#5167,.F.);
#7013=ORIENTED_EDGE('',*,*,#5168,.F.);
#7014=ORIENTED_EDGE('',*,*,#5169,.F.);
#7015=ORIENTED_EDGE('',*,*,#5170,.F.);
#7016=ORIENTED_EDGE('',*,*,#5171,.F.);
#7017=ORIENTED_EDGE('',*,*,#5172,.F.);
#7018=ORIENTED_EDGE('',*,*,#5173,.F.);
#7019=ORIENTED_EDGE('',*,*,#5174,.F.);
#7020=ORIENTED_EDGE('',*,*,#5175,.F.);
#7021=ORIENTED_EDGE('',*,*,#5176,.F.);
#7022=ORIENTED_EDGE('',*,*,#5177,.F.);
#7023=ORIENTED_EDGE('',*,*,#5178,.F.);
#7024=ORIENTED_EDGE('',*,*,#5179,.F.);
#7025=ORIENTED_EDGE('',*,*,#5180,.F.);
#7026=ORIENTED_EDGE('',*,*,#5181,.F.);
#7027=ORIENTED_EDGE('',*,*,#5182,.F.);
#7028=ORIENTED_EDGE('',*,*,#5183,.F.);
#7029=ORIENTED_EDGE('',*,*,#5184,.F.);
#7030=ORIENTED_EDGE('',*,*,#5185,.F.);
#7031=ORIENTED_EDGE('',*,*,#5186,.F.);
#7032=ORIENTED_EDGE('',*,*,#5187,.F.);
#7033=ORIENTED_EDGE('',*,*,#5188,.T.);
#7034=ORIENTED_EDGE('',*,*,#5189,.T.);
#7035=ORIENTED_EDGE('',*,*,#5190,.T.);
#7036=ORIENTED_EDGE('',*,*,#5191,.T.);
#7037=ORIENTED_EDGE('',*,*,#5192,.T.);
#7038=ORIENTED_EDGE('',*,*,#5193,.T.);
#7039=ORIENTED_EDGE('',*,*,#5194,.T.);
#7040=ORIENTED_EDGE('',*,*,#5195,.T.);
#7041=ORIENTED_EDGE('',*,*,#5196,.T.);
#7042=ORIENTED_EDGE('',*,*,#5174,.T.);
#7043=ORIENTED_EDGE('',*,*,#5197,.F.);
#7044=ORIENTED_EDGE('',*,*,#5152,.F.);
#7045=ORIENTED_EDGE('',*,*,#5187,.T.);
#7046=ORIENTED_EDGE('',*,*,#5198,.F.);
#7047=ORIENTED_EDGE('',*,*,#5153,.F.);
#7048=ORIENTED_EDGE('',*,*,#5197,.T.);
#7049=ORIENTED_EDGE('',*,*,#5198,.T.);
#7050=ORIENTED_EDGE('',*,*,#5186,.T.);
#7051=ORIENTED_EDGE('',*,*,#5199,.F.);
#7052=ORIENTED_EDGE('',*,*,#5154,.F.);
#7053=ORIENTED_EDGE('',*,*,#5199,.T.);
#7054=ORIENTED_EDGE('',*,*,#5185,.T.);
#7055=ORIENTED_EDGE('',*,*,#5200,.F.);
#7056=ORIENTED_EDGE('',*,*,#5155,.F.);
#7057=ORIENTED_EDGE('',*,*,#5184,.T.);
#7058=ORIENTED_EDGE('',*,*,#5201,.F.);
#7059=ORIENTED_EDGE('',*,*,#5156,.F.);
#7060=ORIENTED_EDGE('',*,*,#5200,.T.);
#7061=ORIENTED_EDGE('',*,*,#5201,.T.);
#7062=ORIENTED_EDGE('',*,*,#5183,.T.);
#7063=ORIENTED_EDGE('',*,*,#5202,.F.);
#7064=ORIENTED_EDGE('',*,*,#5157,.F.);
#7065=ORIENTED_EDGE('',*,*,#5202,.T.);
#7066=ORIENTED_EDGE('',*,*,#5182,.T.);
#7067=ORIENTED_EDGE('',*,*,#5203,.F.);
#7068=ORIENTED_EDGE('',*,*,#5158,.F.);
#7069=ORIENTED_EDGE('',*,*,#5203,.T.);
#7070=ORIENTED_EDGE('',*,*,#5181,.T.);
#7071=ORIENTED_EDGE('',*,*,#5204,.F.);
#7072=ORIENTED_EDGE('',*,*,#5159,.F.);
#7073=ORIENTED_EDGE('',*,*,#5204,.T.);
#7074=ORIENTED_EDGE('',*,*,#5180,.T.);
#7075=ORIENTED_EDGE('',*,*,#5205,.F.);
#7076=ORIENTED_EDGE('',*,*,#5160,.F.);
#7077=ORIENTED_EDGE('',*,*,#5179,.T.);
#7078=ORIENTED_EDGE('',*,*,#5206,.F.);
#7079=ORIENTED_EDGE('',*,*,#5161,.F.);
#7080=ORIENTED_EDGE('',*,*,#5205,.T.);
#7081=ORIENTED_EDGE('',*,*,#5178,.T.);
#7082=ORIENTED_EDGE('',*,*,#5207,.F.);
#7083=ORIENTED_EDGE('',*,*,#5162,.F.);
#7084=ORIENTED_EDGE('',*,*,#5206,.T.);
#7085=ORIENTED_EDGE('',*,*,#5177,.T.);
#7086=ORIENTED_EDGE('',*,*,#5208,.F.);
#7087=ORIENTED_EDGE('',*,*,#5163,.F.);
#7088=ORIENTED_EDGE('',*,*,#5207,.T.);
#7089=ORIENTED_EDGE('',*,*,#5176,.T.);
#7090=ORIENTED_EDGE('',*,*,#5209,.F.);
#7091=ORIENTED_EDGE('',*,*,#5164,.F.);
#7092=ORIENTED_EDGE('',*,*,#5208,.T.);
#7093=ORIENTED_EDGE('',*,*,#5209,.T.);
#7094=ORIENTED_EDGE('',*,*,#5175,.T.);
#7095=ORIENTED_EDGE('',*,*,#5196,.F.);
#7096=ORIENTED_EDGE('',*,*,#5165,.F.);
#7097=ORIENTED_EDGE('',*,*,#5188,.F.);
#7098=ORIENTED_EDGE('',*,*,#5210,.F.);
#7099=ORIENTED_EDGE('',*,*,#5167,.T.);
#7100=ORIENTED_EDGE('',*,*,#5211,.T.);
#7101=ORIENTED_EDGE('',*,*,#5189,.F.);
#7102=ORIENTED_EDGE('',*,*,#5211,.F.);
#7103=ORIENTED_EDGE('',*,*,#5166,.T.);
#7104=ORIENTED_EDGE('',*,*,#5212,.T.);
#7105=ORIENTED_EDGE('',*,*,#5190,.F.);
#7106=ORIENTED_EDGE('',*,*,#5212,.F.);
#7107=ORIENTED_EDGE('',*,*,#5173,.T.);
#7108=ORIENTED_EDGE('',*,*,#5213,.T.);
#7109=ORIENTED_EDGE('',*,*,#5191,.F.);
#7110=ORIENTED_EDGE('',*,*,#5213,.F.);
#7111=ORIENTED_EDGE('',*,*,#5172,.T.);
#7112=ORIENTED_EDGE('',*,*,#5214,.T.);
#7113=ORIENTED_EDGE('',*,*,#5192,.F.);
#7114=ORIENTED_EDGE('',*,*,#5214,.F.);
#7115=ORIENTED_EDGE('',*,*,#5171,.T.);
#7116=ORIENTED_EDGE('',*,*,#5215,.T.);
#7117=ORIENTED_EDGE('',*,*,#5193,.F.);
#7118=ORIENTED_EDGE('',*,*,#5215,.F.);
#7119=ORIENTED_EDGE('',*,*,#5170,.T.);
#7120=ORIENTED_EDGE('',*,*,#5216,.T.);
#7121=ORIENTED_EDGE('',*,*,#5194,.F.);
#7122=ORIENTED_EDGE('',*,*,#5216,.F.);
#7123=ORIENTED_EDGE('',*,*,#5169,.T.);
#7124=ORIENTED_EDGE('',*,*,#5217,.T.);
#7125=ORIENTED_EDGE('',*,*,#5195,.F.);
#7126=ORIENTED_EDGE('',*,*,#5217,.F.);
#7127=ORIENTED_EDGE('',*,*,#5168,.T.);
#7128=ORIENTED_EDGE('',*,*,#5210,.T.);
#7129=ORIENTED_EDGE('',*,*,#5218,.T.);
#7130=ORIENTED_EDGE('',*,*,#5219,.T.);
#7131=ORIENTED_EDGE('',*,*,#5220,.F.);
#7132=ORIENTED_EDGE('',*,*,#5221,.F.);
#7133=ORIENTED_EDGE('',*,*,#5222,.T.);
#7134=ORIENTED_EDGE('',*,*,#5223,.F.);
#7135=ORIENTED_EDGE('',*,*,#5224,.F.);
#7136=ORIENTED_EDGE('',*,*,#5220,.T.);
#7137=ORIENTED_EDGE('',*,*,#5223,.T.);
#7138=ORIENTED_EDGE('',*,*,#5225,.T.);
#7139=ORIENTED_EDGE('',*,*,#5226,.F.);
#7140=ORIENTED_EDGE('',*,*,#5227,.F.);
#7141=ORIENTED_EDGE('',*,*,#5226,.T.);
#7142=ORIENTED_EDGE('',*,*,#5228,.T.);
#7143=ORIENTED_EDGE('',*,*,#5229,.F.);
#7144=ORIENTED_EDGE('',*,*,#5230,.F.);
#7145=ORIENTED_EDGE('',*,*,#5229,.T.);
#7146=ORIENTED_EDGE('',*,*,#5231,.T.);
#7147=ORIENTED_EDGE('',*,*,#5232,.F.);
#7148=ORIENTED_EDGE('',*,*,#5233,.F.);
#7149=ORIENTED_EDGE('',*,*,#5232,.T.);
#7150=ORIENTED_EDGE('',*,*,#5234,.T.);
#7151=ORIENTED_EDGE('',*,*,#5235,.F.);
#7152=ORIENTED_EDGE('',*,*,#5236,.F.);
#7153=ORIENTED_EDGE('',*,*,#5235,.T.);
#7154=ORIENTED_EDGE('',*,*,#5237,.T.);
#7155=ORIENTED_EDGE('',*,*,#5238,.F.);
#7156=ORIENTED_EDGE('',*,*,#5239,.F.);
#7157=ORIENTED_EDGE('',*,*,#5238,.T.);
#7158=ORIENTED_EDGE('',*,*,#5240,.T.);
#7159=ORIENTED_EDGE('',*,*,#5241,.F.);
#7160=ORIENTED_EDGE('',*,*,#5242,.F.);
#7161=ORIENTED_EDGE('',*,*,#5241,.T.);
#7162=ORIENTED_EDGE('',*,*,#5243,.T.);
#7163=ORIENTED_EDGE('',*,*,#5244,.F.);
#7164=ORIENTED_EDGE('',*,*,#5245,.F.);
#7165=ORIENTED_EDGE('',*,*,#5244,.T.);
#7166=ORIENTED_EDGE('',*,*,#5246,.T.);
#7167=ORIENTED_EDGE('',*,*,#5247,.F.);
#7168=ORIENTED_EDGE('',*,*,#5248,.F.);
#7169=ORIENTED_EDGE('',*,*,#5247,.T.);
#7170=ORIENTED_EDGE('',*,*,#5249,.T.);
#7171=ORIENTED_EDGE('',*,*,#5250,.F.);
#7172=ORIENTED_EDGE('',*,*,#5251,.F.);
#7173=ORIENTED_EDGE('',*,*,#5250,.T.);
#7174=ORIENTED_EDGE('',*,*,#5252,.T.);
#7175=ORIENTED_EDGE('',*,*,#5253,.F.);
#7176=ORIENTED_EDGE('',*,*,#5254,.F.);
#7177=ORIENTED_EDGE('',*,*,#5255,.T.);
#7178=ORIENTED_EDGE('',*,*,#5256,.F.);
#7179=ORIENTED_EDGE('',*,*,#5257,.F.);
#7180=ORIENTED_EDGE('',*,*,#5253,.T.);
#7181=ORIENTED_EDGE('',*,*,#5256,.T.);
#7182=ORIENTED_EDGE('',*,*,#5258,.T.);
#7183=ORIENTED_EDGE('',*,*,#5259,.F.);
#7184=ORIENTED_EDGE('',*,*,#5260,.F.);
#7185=ORIENTED_EDGE('',*,*,#5259,.T.);
#7186=ORIENTED_EDGE('',*,*,#5261,.T.);
#7187=ORIENTED_EDGE('',*,*,#5262,.F.);
#7188=ORIENTED_EDGE('',*,*,#5263,.F.);
#7189=ORIENTED_EDGE('',*,*,#5262,.T.);
#7190=ORIENTED_EDGE('',*,*,#5264,.T.);
#7191=ORIENTED_EDGE('',*,*,#5265,.F.);
#7192=ORIENTED_EDGE('',*,*,#5266,.F.);
#7193=ORIENTED_EDGE('',*,*,#5265,.T.);
#7194=ORIENTED_EDGE('',*,*,#5267,.T.);
#7195=ORIENTED_EDGE('',*,*,#5268,.F.);
#7196=ORIENTED_EDGE('',*,*,#5269,.F.);
#7197=ORIENTED_EDGE('',*,*,#5268,.T.);
#7198=ORIENTED_EDGE('',*,*,#5270,.T.);
#7199=ORIENTED_EDGE('',*,*,#5271,.F.);
#7200=ORIENTED_EDGE('',*,*,#5272,.F.);
#7201=ORIENTED_EDGE('',*,*,#5271,.T.);
#7202=ORIENTED_EDGE('',*,*,#5273,.T.);
#7203=ORIENTED_EDGE('',*,*,#5274,.F.);
#7204=ORIENTED_EDGE('',*,*,#5275,.F.);
#7205=ORIENTED_EDGE('',*,*,#5274,.T.);
#7206=ORIENTED_EDGE('',*,*,#5276,.T.);
#7207=ORIENTED_EDGE('',*,*,#5277,.F.);
#7208=ORIENTED_EDGE('',*,*,#5278,.F.);
#7209=ORIENTED_EDGE('',*,*,#5277,.T.);
#7210=ORIENTED_EDGE('',*,*,#5279,.T.);
#7211=ORIENTED_EDGE('',*,*,#5218,.F.);
#7212=ORIENTED_EDGE('',*,*,#5280,.F.);
#7213=ORIENTED_EDGE('',*,*,#5221,.T.);
#7214=ORIENTED_EDGE('',*,*,#5224,.T.);
#7215=ORIENTED_EDGE('',*,*,#5227,.T.);
#7216=ORIENTED_EDGE('',*,*,#5230,.T.);
#7217=ORIENTED_EDGE('',*,*,#5233,.T.);
#7218=ORIENTED_EDGE('',*,*,#5236,.T.);
#7219=ORIENTED_EDGE('',*,*,#5239,.T.);
#7220=ORIENTED_EDGE('',*,*,#5242,.T.);
#7221=ORIENTED_EDGE('',*,*,#5245,.T.);
#7222=ORIENTED_EDGE('',*,*,#5248,.T.);
#7223=ORIENTED_EDGE('',*,*,#5251,.T.);
#7224=ORIENTED_EDGE('',*,*,#5254,.T.);
#7225=ORIENTED_EDGE('',*,*,#5257,.T.);
#7226=ORIENTED_EDGE('',*,*,#5260,.T.);
#7227=ORIENTED_EDGE('',*,*,#5263,.T.);
#7228=ORIENTED_EDGE('',*,*,#5266,.T.);
#7229=ORIENTED_EDGE('',*,*,#5269,.T.);
#7230=ORIENTED_EDGE('',*,*,#5272,.T.);
#7231=ORIENTED_EDGE('',*,*,#5275,.T.);
#7232=ORIENTED_EDGE('',*,*,#5278,.T.);
#7233=ORIENTED_EDGE('',*,*,#5280,.T.);
#7234=ORIENTED_EDGE('',*,*,#5219,.F.);
#7235=ORIENTED_EDGE('',*,*,#5279,.F.);
#7236=ORIENTED_EDGE('',*,*,#5276,.F.);
#7237=ORIENTED_EDGE('',*,*,#5273,.F.);
#7238=ORIENTED_EDGE('',*,*,#5270,.F.);
#7239=ORIENTED_EDGE('',*,*,#5267,.F.);
#7240=ORIENTED_EDGE('',*,*,#5264,.F.);
#7241=ORIENTED_EDGE('',*,*,#5261,.F.);
#7242=ORIENTED_EDGE('',*,*,#5258,.F.);
#7243=ORIENTED_EDGE('',*,*,#5255,.F.);
#7244=ORIENTED_EDGE('',*,*,#5252,.F.);
#7245=ORIENTED_EDGE('',*,*,#5249,.F.);
#7246=ORIENTED_EDGE('',*,*,#5246,.F.);
#7247=ORIENTED_EDGE('',*,*,#5243,.F.);
#7248=ORIENTED_EDGE('',*,*,#5240,.F.);
#7249=ORIENTED_EDGE('',*,*,#5237,.F.);
#7250=ORIENTED_EDGE('',*,*,#5234,.F.);
#7251=ORIENTED_EDGE('',*,*,#5231,.F.);
#7252=ORIENTED_EDGE('',*,*,#5228,.F.);
#7253=ORIENTED_EDGE('',*,*,#5225,.F.);
#7254=ORIENTED_EDGE('',*,*,#5222,.F.);
#7255=ORIENTED_EDGE('',*,*,#5281,.T.);
#7256=ORIENTED_EDGE('',*,*,#5282,.F.);
#7257=ORIENTED_EDGE('',*,*,#5283,.F.);
#7258=ORIENTED_EDGE('',*,*,#5284,.T.);
#7259=ORIENTED_EDGE('',*,*,#5285,.T.);
#7260=ORIENTED_EDGE('',*,*,#5286,.F.);
#7261=ORIENTED_EDGE('',*,*,#5287,.F.);
#7262=ORIENTED_EDGE('',*,*,#5282,.T.);
#7263=ORIENTED_EDGE('',*,*,#5286,.T.);
#7264=ORIENTED_EDGE('',*,*,#5288,.T.);
#7265=ORIENTED_EDGE('',*,*,#5289,.F.);
#7266=ORIENTED_EDGE('',*,*,#5290,.F.);
#7267=ORIENTED_EDGE('',*,*,#5291,.T.);
#7268=ORIENTED_EDGE('',*,*,#5292,.F.);
#7269=ORIENTED_EDGE('',*,*,#5293,.F.);
#7270=ORIENTED_EDGE('',*,*,#5289,.T.);
#7271=ORIENTED_EDGE('',*,*,#5294,.T.);
#7272=ORIENTED_EDGE('',*,*,#5295,.F.);
#7273=ORIENTED_EDGE('',*,*,#5296,.F.);
#7274=ORIENTED_EDGE('',*,*,#5292,.T.);
#7275=ORIENTED_EDGE('',*,*,#5297,.T.);
#7276=ORIENTED_EDGE('',*,*,#5298,.F.);
#7277=ORIENTED_EDGE('',*,*,#5299,.F.);
#7278=ORIENTED_EDGE('',*,*,#5295,.T.);
#7279=ORIENTED_EDGE('',*,*,#5300,.T.);
#7280=ORIENTED_EDGE('',*,*,#5301,.F.);
#7281=ORIENTED_EDGE('',*,*,#5302,.F.);
#7282=ORIENTED_EDGE('',*,*,#5298,.T.);
#7283=ORIENTED_EDGE('',*,*,#5303,.T.);
#7284=ORIENTED_EDGE('',*,*,#5304,.F.);
#7285=ORIENTED_EDGE('',*,*,#5305,.F.);
#7286=ORIENTED_EDGE('',*,*,#5301,.T.);
#7287=ORIENTED_EDGE('',*,*,#5306,.T.);
#7288=ORIENTED_EDGE('',*,*,#5307,.F.);
#7289=ORIENTED_EDGE('',*,*,#5308,.F.);
#7290=ORIENTED_EDGE('',*,*,#5304,.T.);
#7291=ORIENTED_EDGE('',*,*,#5307,.T.);
#7292=ORIENTED_EDGE('',*,*,#5309,.T.);
#7293=ORIENTED_EDGE('',*,*,#5310,.F.);
#7294=ORIENTED_EDGE('',*,*,#5311,.F.);
#7295=ORIENTED_EDGE('',*,*,#5310,.T.);
#7296=ORIENTED_EDGE('',*,*,#5312,.T.);
#7297=ORIENTED_EDGE('',*,*,#5313,.F.);
#7298=ORIENTED_EDGE('',*,*,#5314,.F.);
#7299=ORIENTED_EDGE('',*,*,#5315,.T.);
#7300=ORIENTED_EDGE('',*,*,#5316,.F.);
#7301=ORIENTED_EDGE('',*,*,#5317,.F.);
#7302=ORIENTED_EDGE('',*,*,#5313,.T.);
#7303=ORIENTED_EDGE('',*,*,#5316,.T.);
#7304=ORIENTED_EDGE('',*,*,#5318,.T.);
#7305=ORIENTED_EDGE('',*,*,#5319,.F.);
#7306=ORIENTED_EDGE('',*,*,#5320,.F.);
#7307=ORIENTED_EDGE('',*,*,#5319,.T.);
#7308=ORIENTED_EDGE('',*,*,#5321,.T.);
#7309=ORIENTED_EDGE('',*,*,#5322,.F.);
#7310=ORIENTED_EDGE('',*,*,#5323,.F.);
#7311=ORIENTED_EDGE('',*,*,#5324,.T.);
#7312=ORIENTED_EDGE('',*,*,#5284,.F.);
#7313=ORIENTED_EDGE('',*,*,#5325,.F.);
#7314=ORIENTED_EDGE('',*,*,#5322,.T.);
#7315=ORIENTED_EDGE('',*,*,#5283,.T.);
#7316=ORIENTED_EDGE('',*,*,#5287,.T.);
#7317=ORIENTED_EDGE('',*,*,#5290,.T.);
#7318=ORIENTED_EDGE('',*,*,#5293,.T.);
#7319=ORIENTED_EDGE('',*,*,#5296,.T.);
#7320=ORIENTED_EDGE('',*,*,#5299,.T.);
#7321=ORIENTED_EDGE('',*,*,#5302,.T.);
#7322=ORIENTED_EDGE('',*,*,#5305,.T.);
#7323=ORIENTED_EDGE('',*,*,#5308,.T.);
#7324=ORIENTED_EDGE('',*,*,#5311,.T.);
#7325=ORIENTED_EDGE('',*,*,#5314,.T.);
#7326=ORIENTED_EDGE('',*,*,#5317,.T.);
#7327=ORIENTED_EDGE('',*,*,#5320,.T.);
#7328=ORIENTED_EDGE('',*,*,#5323,.T.);
#7329=ORIENTED_EDGE('',*,*,#5325,.T.);
#7330=ORIENTED_EDGE('',*,*,#5281,.F.);
#7331=ORIENTED_EDGE('',*,*,#5324,.F.);
#7332=ORIENTED_EDGE('',*,*,#5321,.F.);
#7333=ORIENTED_EDGE('',*,*,#5318,.F.);
#7334=ORIENTED_EDGE('',*,*,#5315,.F.);
#7335=ORIENTED_EDGE('',*,*,#5312,.F.);
#7336=ORIENTED_EDGE('',*,*,#5309,.F.);
#7337=ORIENTED_EDGE('',*,*,#5306,.F.);
#7338=ORIENTED_EDGE('',*,*,#5303,.F.);
#7339=ORIENTED_EDGE('',*,*,#5300,.F.);
#7340=ORIENTED_EDGE('',*,*,#5297,.F.);
#7341=ORIENTED_EDGE('',*,*,#5294,.F.);
#7342=ORIENTED_EDGE('',*,*,#5291,.F.);
#7343=ORIENTED_EDGE('',*,*,#5288,.F.);
#7344=ORIENTED_EDGE('',*,*,#5285,.F.);
#7345=ORIENTED_EDGE('',*,*,#5326,.T.);
#7346=ORIENTED_EDGE('',*,*,#5327,.F.);
#7347=ORIENTED_EDGE('',*,*,#5328,.F.);
#7348=ORIENTED_EDGE('',*,*,#5329,.T.);
#7349=ORIENTED_EDGE('',*,*,#5330,.T.);
#7350=ORIENTED_EDGE('',*,*,#5331,.F.);
#7351=ORIENTED_EDGE('',*,*,#5332,.F.);
#7352=ORIENTED_EDGE('',*,*,#5327,.T.);
#7353=ORIENTED_EDGE('',*,*,#5333,.T.);
#7354=ORIENTED_EDGE('',*,*,#5334,.F.);
#7355=ORIENTED_EDGE('',*,*,#5335,.F.);
#7356=ORIENTED_EDGE('',*,*,#5331,.T.);
#7357=ORIENTED_EDGE('',*,*,#5336,.T.);
#7358=ORIENTED_EDGE('',*,*,#5337,.F.);
#7359=ORIENTED_EDGE('',*,*,#5338,.F.);
#7360=ORIENTED_EDGE('',*,*,#5334,.T.);
#7361=ORIENTED_EDGE('',*,*,#5339,.T.);
#7362=ORIENTED_EDGE('',*,*,#5340,.F.);
#7363=ORIENTED_EDGE('',*,*,#5341,.F.);
#7364=ORIENTED_EDGE('',*,*,#5337,.T.);
#7365=ORIENTED_EDGE('',*,*,#5342,.T.);
#7366=ORIENTED_EDGE('',*,*,#5343,.F.);
#7367=ORIENTED_EDGE('',*,*,#5344,.F.);
#7368=ORIENTED_EDGE('',*,*,#5340,.T.);
#7369=ORIENTED_EDGE('',*,*,#5345,.T.);
#7370=ORIENTED_EDGE('',*,*,#5346,.F.);
#7371=ORIENTED_EDGE('',*,*,#5347,.F.);
#7372=ORIENTED_EDGE('',*,*,#5343,.T.);
#7373=ORIENTED_EDGE('',*,*,#5348,.T.);
#7374=ORIENTED_EDGE('',*,*,#5349,.F.);
#7375=ORIENTED_EDGE('',*,*,#5350,.F.);
#7376=ORIENTED_EDGE('',*,*,#5346,.T.);
#7377=ORIENTED_EDGE('',*,*,#5351,.T.);
#7378=ORIENTED_EDGE('',*,*,#5352,.F.);
#7379=ORIENTED_EDGE('',*,*,#5353,.F.);
#7380=ORIENTED_EDGE('',*,*,#5349,.T.);
#7381=ORIENTED_EDGE('',*,*,#5354,.T.);
#7382=ORIENTED_EDGE('',*,*,#5355,.F.);
#7383=ORIENTED_EDGE('',*,*,#5356,.F.);
#7384=ORIENTED_EDGE('',*,*,#5352,.T.);
#7385=ORIENTED_EDGE('',*,*,#5357,.T.);
#7386=ORIENTED_EDGE('',*,*,#5358,.F.);
#7387=ORIENTED_EDGE('',*,*,#5359,.F.);
#7388=ORIENTED_EDGE('',*,*,#5355,.T.);
#7389=ORIENTED_EDGE('',*,*,#5360,.T.);
#7390=ORIENTED_EDGE('',*,*,#5329,.F.);
#7391=ORIENTED_EDGE('',*,*,#5361,.F.);
#7392=ORIENTED_EDGE('',*,*,#5358,.T.);
#7393=ORIENTED_EDGE('',*,*,#5328,.T.);
#7394=ORIENTED_EDGE('',*,*,#5332,.T.);
#7395=ORIENTED_EDGE('',*,*,#5335,.T.);
#7396=ORIENTED_EDGE('',*,*,#5338,.T.);
#7397=ORIENTED_EDGE('',*,*,#5341,.T.);
#7398=ORIENTED_EDGE('',*,*,#5344,.T.);
#7399=ORIENTED_EDGE('',*,*,#5347,.T.);
#7400=ORIENTED_EDGE('',*,*,#5350,.T.);
#7401=ORIENTED_EDGE('',*,*,#5353,.T.);
#7402=ORIENTED_EDGE('',*,*,#5356,.T.);
#7403=ORIENTED_EDGE('',*,*,#5359,.T.);
#7404=ORIENTED_EDGE('',*,*,#5361,.T.);
#7405=ORIENTED_EDGE('',*,*,#5326,.F.);
#7406=ORIENTED_EDGE('',*,*,#5360,.F.);
#7407=ORIENTED_EDGE('',*,*,#5357,.F.);
#7408=ORIENTED_EDGE('',*,*,#5354,.F.);
#7409=ORIENTED_EDGE('',*,*,#5351,.F.);
#7410=ORIENTED_EDGE('',*,*,#5348,.F.);
#7411=ORIENTED_EDGE('',*,*,#5345,.F.);
#7412=ORIENTED_EDGE('',*,*,#5342,.F.);
#7413=ORIENTED_EDGE('',*,*,#5339,.F.);
#7414=ORIENTED_EDGE('',*,*,#5336,.F.);
#7415=ORIENTED_EDGE('',*,*,#5333,.F.);
#7416=ORIENTED_EDGE('',*,*,#5330,.F.);
#7417=ORIENTED_EDGE('',*,*,#5362,.T.);
#7418=ORIENTED_EDGE('',*,*,#5363,.T.);
#7419=ORIENTED_EDGE('',*,*,#5364,.T.);
#7420=ORIENTED_EDGE('',*,*,#5365,.T.);
#7421=ORIENTED_EDGE('',*,*,#5366,.T.);
#7422=ORIENTED_EDGE('',*,*,#5367,.T.);
#7423=ORIENTED_EDGE('',*,*,#5368,.T.);
#7424=ORIENTED_EDGE('',*,*,#5369,.F.);
#7425=ORIENTED_EDGE('',*,*,#5370,.F.);
#7426=ORIENTED_EDGE('',*,*,#5371,.F.);
#7427=ORIENTED_EDGE('',*,*,#5372,.F.);
#7428=ORIENTED_EDGE('',*,*,#5373,.F.);
#7429=ORIENTED_EDGE('',*,*,#5374,.F.);
#7430=ORIENTED_EDGE('',*,*,#5375,.F.);
#7431=ORIENTED_EDGE('',*,*,#5376,.F.);
#7432=ORIENTED_EDGE('',*,*,#5377,.F.);
#7433=ORIENTED_EDGE('',*,*,#5378,.F.);
#7434=ORIENTED_EDGE('',*,*,#5379,.F.);
#7435=ORIENTED_EDGE('',*,*,#5380,.F.);
#7436=ORIENTED_EDGE('',*,*,#5381,.F.);
#7437=ORIENTED_EDGE('',*,*,#5382,.F.);
#7438=ORIENTED_EDGE('',*,*,#5383,.T.);
#7439=ORIENTED_EDGE('',*,*,#5384,.T.);
#7440=ORIENTED_EDGE('',*,*,#5385,.T.);
#7441=ORIENTED_EDGE('',*,*,#5386,.T.);
#7442=ORIENTED_EDGE('',*,*,#5387,.T.);
#7443=ORIENTED_EDGE('',*,*,#5388,.T.);
#7444=ORIENTED_EDGE('',*,*,#5389,.T.);
#7445=ORIENTED_EDGE('',*,*,#5376,.T.);
#7446=ORIENTED_EDGE('',*,*,#5390,.F.);
#7447=ORIENTED_EDGE('',*,*,#5362,.F.);
#7448=ORIENTED_EDGE('',*,*,#5391,.T.);
#7449=ORIENTED_EDGE('',*,*,#5390,.T.);
#7450=ORIENTED_EDGE('',*,*,#5382,.T.);
#7451=ORIENTED_EDGE('',*,*,#5392,.F.);
#7452=ORIENTED_EDGE('',*,*,#5363,.F.);
#7453=ORIENTED_EDGE('',*,*,#5392,.T.);
#7454=ORIENTED_EDGE('',*,*,#5381,.T.);
#7455=ORIENTED_EDGE('',*,*,#5393,.F.);
#7456=ORIENTED_EDGE('',*,*,#5364,.F.);
#7457=ORIENTED_EDGE('',*,*,#5393,.T.);
#7458=ORIENTED_EDGE('',*,*,#5380,.T.);
#7459=ORIENTED_EDGE('',*,*,#5394,.F.);
#7460=ORIENTED_EDGE('',*,*,#5365,.F.);
#7461=ORIENTED_EDGE('',*,*,#5394,.T.);
#7462=ORIENTED_EDGE('',*,*,#5379,.T.);
#7463=ORIENTED_EDGE('',*,*,#5395,.F.);
#7464=ORIENTED_EDGE('',*,*,#5366,.F.);
#7465=ORIENTED_EDGE('',*,*,#5378,.T.);
#7466=ORIENTED_EDGE('',*,*,#5396,.F.);
#7467=ORIENTED_EDGE('',*,*,#5367,.F.);
#7468=ORIENTED_EDGE('',*,*,#5395,.T.);
#7469=ORIENTED_EDGE('',*,*,#5377,.T.);
#7470=ORIENTED_EDGE('',*,*,#5391,.F.);
#7471=ORIENTED_EDGE('',*,*,#5368,.F.);
#7472=ORIENTED_EDGE('',*,*,#5396,.T.);
#7473=ORIENTED_EDGE('',*,*,#5383,.F.);
#7474=ORIENTED_EDGE('',*,*,#5397,.F.);
#7475=ORIENTED_EDGE('',*,*,#5370,.T.);
#7476=ORIENTED_EDGE('',*,*,#5398,.T.);
#7477=ORIENTED_EDGE('',*,*,#5384,.F.);
#7478=ORIENTED_EDGE('',*,*,#5398,.F.);
#7479=ORIENTED_EDGE('',*,*,#5369,.T.);
#7480=ORIENTED_EDGE('',*,*,#5399,.T.);
#7481=ORIENTED_EDGE('',*,*,#5385,.F.);
#7482=ORIENTED_EDGE('',*,*,#5399,.F.);
#7483=ORIENTED_EDGE('',*,*,#5375,.T.);
#7484=ORIENTED_EDGE('',*,*,#5400,.T.);
#7485=ORIENTED_EDGE('',*,*,#5386,.F.);
#7486=ORIENTED_EDGE('',*,*,#5400,.F.);
#7487=ORIENTED_EDGE('',*,*,#5374,.T.);
#7488=ORIENTED_EDGE('',*,*,#5401,.T.);
#7489=ORIENTED_EDGE('',*,*,#5387,.F.);
#7490=ORIENTED_EDGE('',*,*,#5401,.F.);
#7491=ORIENTED_EDGE('',*,*,#5373,.T.);
#7492=ORIENTED_EDGE('',*,*,#5402,.T.);
#7493=ORIENTED_EDGE('',*,*,#5388,.F.);
#7494=ORIENTED_EDGE('',*,*,#5402,.F.);
#7495=ORIENTED_EDGE('',*,*,#5372,.T.);
#7496=ORIENTED_EDGE('',*,*,#5403,.T.);
#7497=ORIENTED_EDGE('',*,*,#5389,.F.);
#7498=ORIENTED_EDGE('',*,*,#5403,.F.);
#7499=ORIENTED_EDGE('',*,*,#5371,.T.);
#7500=ORIENTED_EDGE('',*,*,#5397,.T.);
#7501=ORIENTED_EDGE('',*,*,#5404,.T.);
#7502=ORIENTED_EDGE('',*,*,#5405,.T.);
#7503=ORIENTED_EDGE('',*,*,#5406,.T.);
#7504=ORIENTED_EDGE('',*,*,#5407,.T.);
#7505=ORIENTED_EDGE('',*,*,#5408,.T.);
#7506=ORIENTED_EDGE('',*,*,#5409,.T.);
#7507=ORIENTED_EDGE('',*,*,#5410,.T.);
#7508=ORIENTED_EDGE('',*,*,#5411,.T.);
#7509=ORIENTED_EDGE('',*,*,#5412,.F.);
#7510=ORIENTED_EDGE('',*,*,#5413,.F.);
#7511=ORIENTED_EDGE('',*,*,#5414,.F.);
#7512=ORIENTED_EDGE('',*,*,#5415,.F.);
#7513=ORIENTED_EDGE('',*,*,#5416,.F.);
#7514=ORIENTED_EDGE('',*,*,#5417,.F.);
#7515=ORIENTED_EDGE('',*,*,#5418,.F.);
#7516=ORIENTED_EDGE('',*,*,#5419,.F.);
#7517=ORIENTED_EDGE('',*,*,#5420,.F.);
#7518=ORIENTED_EDGE('',*,*,#5421,.F.);
#7519=ORIENTED_EDGE('',*,*,#5422,.F.);
#7520=ORIENTED_EDGE('',*,*,#5423,.F.);
#7521=ORIENTED_EDGE('',*,*,#5424,.F.);
#7522=ORIENTED_EDGE('',*,*,#5425,.F.);
#7523=ORIENTED_EDGE('',*,*,#5426,.T.);
#7524=ORIENTED_EDGE('',*,*,#5427,.T.);
#7525=ORIENTED_EDGE('',*,*,#5428,.T.);
#7526=ORIENTED_EDGE('',*,*,#5429,.T.);
#7527=ORIENTED_EDGE('',*,*,#5430,.T.);
#7528=ORIENTED_EDGE('',*,*,#5431,.T.);
#7529=ORIENTED_EDGE('',*,*,#5418,.T.);
#7530=ORIENTED_EDGE('',*,*,#5432,.F.);
#7531=ORIENTED_EDGE('',*,*,#5404,.F.);
#7532=ORIENTED_EDGE('',*,*,#5433,.T.);
#7533=ORIENTED_EDGE('',*,*,#5425,.T.);
#7534=ORIENTED_EDGE('',*,*,#5434,.F.);
#7535=ORIENTED_EDGE('',*,*,#5405,.F.);
#7536=ORIENTED_EDGE('',*,*,#5432,.T.);
#7537=ORIENTED_EDGE('',*,*,#5424,.T.);
#7538=ORIENTED_EDGE('',*,*,#5435,.F.);
#7539=ORIENTED_EDGE('',*,*,#5406,.F.);
#7540=ORIENTED_EDGE('',*,*,#5434,.T.);
#7541=ORIENTED_EDGE('',*,*,#5423,.T.);
#7542=ORIENTED_EDGE('',*,*,#5436,.F.);
#7543=ORIENTED_EDGE('',*,*,#5407,.F.);
#7544=ORIENTED_EDGE('',*,*,#5435,.T.);
#7545=ORIENTED_EDGE('',*,*,#5422,.T.);
#7546=ORIENTED_EDGE('',*,*,#5437,.F.);
#7547=ORIENTED_EDGE('',*,*,#5408,.F.);
#7548=ORIENTED_EDGE('',*,*,#5436,.T.);
#7549=ORIENTED_EDGE('',*,*,#5421,.T.);
#7550=ORIENTED_EDGE('',*,*,#5438,.F.);
#7551=ORIENTED_EDGE('',*,*,#5409,.F.);
#7552=ORIENTED_EDGE('',*,*,#5437,.T.);
#7553=ORIENTED_EDGE('',*,*,#5420,.T.);
#7554=ORIENTED_EDGE('',*,*,#5439,.F.);
#7555=ORIENTED_EDGE('',*,*,#5410,.F.);
#7556=ORIENTED_EDGE('',*,*,#5438,.T.);
#7557=ORIENTED_EDGE('',*,*,#5419,.T.);
#7558=ORIENTED_EDGE('',*,*,#5433,.F.);
#7559=ORIENTED_EDGE('',*,*,#5411,.F.);
#7560=ORIENTED_EDGE('',*,*,#5439,.T.);
#7561=ORIENTED_EDGE('',*,*,#5427,.F.);
#7562=ORIENTED_EDGE('',*,*,#5440,.F.);
#7563=ORIENTED_EDGE('',*,*,#5412,.T.);
#7564=ORIENTED_EDGE('',*,*,#5441,.T.);
#7565=ORIENTED_EDGE('',*,*,#5428,.F.);
#7566=ORIENTED_EDGE('',*,*,#5441,.F.);
#7567=ORIENTED_EDGE('',*,*,#5417,.T.);
#7568=ORIENTED_EDGE('',*,*,#5442,.T.);
#7569=ORIENTED_EDGE('',*,*,#5429,.F.);
#7570=ORIENTED_EDGE('',*,*,#5442,.F.);
#7571=ORIENTED_EDGE('',*,*,#5416,.T.);
#7572=ORIENTED_EDGE('',*,*,#5443,.T.);
#7573=ORIENTED_EDGE('',*,*,#5430,.F.);
#7574=ORIENTED_EDGE('',*,*,#5443,.F.);
#7575=ORIENTED_EDGE('',*,*,#5415,.T.);
#7576=ORIENTED_EDGE('',*,*,#5444,.T.);
#7577=ORIENTED_EDGE('',*,*,#5431,.F.);
#7578=ORIENTED_EDGE('',*,*,#5444,.F.);
#7579=ORIENTED_EDGE('',*,*,#5414,.T.);
#7580=ORIENTED_EDGE('',*,*,#5445,.T.);
#7581=ORIENTED_EDGE('',*,*,#5426,.F.);
#7582=ORIENTED_EDGE('',*,*,#5445,.F.);
#7583=ORIENTED_EDGE('',*,*,#5413,.T.);
#7584=ORIENTED_EDGE('',*,*,#5440,.T.);
#7585=ORIENTED_EDGE('',*,*,#5446,.T.);
#7586=ORIENTED_EDGE('',*,*,#5447,.T.);
#7587=ORIENTED_EDGE('',*,*,#5448,.T.);
#7588=ORIENTED_EDGE('',*,*,#5449,.T.);
#7589=ORIENTED_EDGE('',*,*,#5450,.T.);
#7590=ORIENTED_EDGE('',*,*,#5451,.T.);
#7591=ORIENTED_EDGE('',*,*,#5452,.T.);
#7592=ORIENTED_EDGE('',*,*,#5453,.T.);
#7593=ORIENTED_EDGE('',*,*,#5454,.T.);
#7594=ORIENTED_EDGE('',*,*,#5455,.T.);
#7595=ORIENTED_EDGE('',*,*,#5456,.T.);
#7596=ORIENTED_EDGE('',*,*,#5457,.T.);
#7597=ORIENTED_EDGE('',*,*,#5458,.T.);
#7598=ORIENTED_EDGE('',*,*,#5459,.T.);
#7599=ORIENTED_EDGE('',*,*,#5460,.T.);
#7600=ORIENTED_EDGE('',*,*,#5461,.T.);
#7601=ORIENTED_EDGE('',*,*,#5462,.T.);
#7602=ORIENTED_EDGE('',*,*,#5463,.T.);
#7603=ORIENTED_EDGE('',*,*,#5464,.T.);
#7604=ORIENTED_EDGE('',*,*,#5465,.T.);
#7605=ORIENTED_EDGE('',*,*,#5466,.T.);
#7606=ORIENTED_EDGE('',*,*,#5467,.T.);
#7607=ORIENTED_EDGE('',*,*,#5468,.T.);
#7608=ORIENTED_EDGE('',*,*,#5469,.T.);
#7609=ORIENTED_EDGE('',*,*,#5470,.T.);
#7610=ORIENTED_EDGE('',*,*,#5471,.T.);
#7611=ORIENTED_EDGE('',*,*,#5472,.T.);
#7612=ORIENTED_EDGE('',*,*,#5473,.T.);
#7613=ORIENTED_EDGE('',*,*,#5474,.T.);
#7614=ORIENTED_EDGE('',*,*,#5475,.T.);
#7615=ORIENTED_EDGE('',*,*,#5476,.T.);
#7616=ORIENTED_EDGE('',*,*,#5477,.T.);
#7617=ORIENTED_EDGE('',*,*,#5478,.T.);
#7618=ORIENTED_EDGE('',*,*,#5479,.F.);
#7619=ORIENTED_EDGE('',*,*,#5480,.F.);
#7620=ORIENTED_EDGE('',*,*,#5481,.F.);
#7621=ORIENTED_EDGE('',*,*,#5482,.F.);
#7622=ORIENTED_EDGE('',*,*,#5483,.F.);
#7623=ORIENTED_EDGE('',*,*,#5484,.F.);
#7624=ORIENTED_EDGE('',*,*,#5485,.F.);
#7625=ORIENTED_EDGE('',*,*,#5486,.F.);
#7626=ORIENTED_EDGE('',*,*,#5487,.F.);
#7627=ORIENTED_EDGE('',*,*,#5488,.F.);
#7628=ORIENTED_EDGE('',*,*,#5489,.F.);
#7629=ORIENTED_EDGE('',*,*,#5490,.F.);
#7630=ORIENTED_EDGE('',*,*,#5491,.F.);
#7631=ORIENTED_EDGE('',*,*,#5492,.F.);
#7632=ORIENTED_EDGE('',*,*,#5493,.F.);
#7633=ORIENTED_EDGE('',*,*,#5494,.F.);
#7634=ORIENTED_EDGE('',*,*,#5495,.F.);
#7635=ORIENTED_EDGE('',*,*,#5496,.F.);
#7636=ORIENTED_EDGE('',*,*,#5497,.F.);
#7637=ORIENTED_EDGE('',*,*,#5498,.F.);
#7638=ORIENTED_EDGE('',*,*,#5499,.F.);
#7639=ORIENTED_EDGE('',*,*,#5500,.F.);
#7640=ORIENTED_EDGE('',*,*,#5501,.F.);
#7641=ORIENTED_EDGE('',*,*,#5502,.F.);
#7642=ORIENTED_EDGE('',*,*,#5503,.F.);
#7643=ORIENTED_EDGE('',*,*,#5504,.F.);
#7644=ORIENTED_EDGE('',*,*,#5505,.F.);
#7645=ORIENTED_EDGE('',*,*,#5506,.F.);
#7646=ORIENTED_EDGE('',*,*,#5507,.F.);
#7647=ORIENTED_EDGE('',*,*,#5508,.F.);
#7648=ORIENTED_EDGE('',*,*,#5509,.F.);
#7649=ORIENTED_EDGE('',*,*,#5510,.F.);
#7650=ORIENTED_EDGE('',*,*,#5511,.F.);
#7651=ORIENTED_EDGE('',*,*,#5512,.F.);
#7652=ORIENTED_EDGE('',*,*,#5513,.F.);
#7653=ORIENTED_EDGE('',*,*,#5514,.T.);
#7654=ORIENTED_EDGE('',*,*,#5515,.T.);
#7655=ORIENTED_EDGE('',*,*,#5516,.T.);
#7656=ORIENTED_EDGE('',*,*,#5481,.T.);
#7657=ORIENTED_EDGE('',*,*,#5517,.F.);
#7658=ORIENTED_EDGE('',*,*,#5446,.F.);
#7659=ORIENTED_EDGE('',*,*,#5517,.T.);
#7660=ORIENTED_EDGE('',*,*,#5513,.T.);
#7661=ORIENTED_EDGE('',*,*,#5518,.F.);
#7662=ORIENTED_EDGE('',*,*,#5447,.F.);
#7663=ORIENTED_EDGE('',*,*,#5518,.T.);
#7664=ORIENTED_EDGE('',*,*,#5512,.T.);
#7665=ORIENTED_EDGE('',*,*,#5519,.F.);
#7666=ORIENTED_EDGE('',*,*,#5448,.F.);
#7667=ORIENTED_EDGE('',*,*,#5519,.T.);
#7668=ORIENTED_EDGE('',*,*,#5511,.T.);
#7669=ORIENTED_EDGE('',*,*,#5520,.F.);
#7670=ORIENTED_EDGE('',*,*,#5449,.F.);
#7671=ORIENTED_EDGE('',*,*,#5520,.T.);
#7672=ORIENTED_EDGE('',*,*,#5510,.T.);
#7673=ORIENTED_EDGE('',*,*,#5521,.F.);
#7674=ORIENTED_EDGE('',*,*,#5450,.F.);
#7675=ORIENTED_EDGE('',*,*,#5521,.T.);
#7676=ORIENTED_EDGE('',*,*,#5509,.T.);
#7677=ORIENTED_EDGE('',*,*,#5522,.F.);
#7678=ORIENTED_EDGE('',*,*,#5451,.F.);
#7679=ORIENTED_EDGE('',*,*,#5522,.T.);
#7680=ORIENTED_EDGE('',*,*,#5508,.T.);
#7681=ORIENTED_EDGE('',*,*,#5523,.F.);
#7682=ORIENTED_EDGE('',*,*,#5452,.F.);
#7683=ORIENTED_EDGE('',*,*,#5523,.T.);
#7684=ORIENTED_EDGE('',*,*,#5507,.T.);
#7685=ORIENTED_EDGE('',*,*,#5524,.F.);
#7686=ORIENTED_EDGE('',*,*,#5453,.F.);
#7687=ORIENTED_EDGE('',*,*,#5524,.T.);
#7688=ORIENTED_EDGE('',*,*,#5506,.T.);
#7689=ORIENTED_EDGE('',*,*,#5525,.F.);
#7690=ORIENTED_EDGE('',*,*,#5454,.F.);
#7691=ORIENTED_EDGE('',*,*,#5525,.T.);
#7692=ORIENTED_EDGE('',*,*,#5505,.T.);
#7693=ORIENTED_EDGE('',*,*,#5526,.F.);
#7694=ORIENTED_EDGE('',*,*,#5455,.F.);
#7695=ORIENTED_EDGE('',*,*,#5526,.T.);
#7696=ORIENTED_EDGE('',*,*,#5504,.T.);
#7697=ORIENTED_EDGE('',*,*,#5527,.F.);
#7698=ORIENTED_EDGE('',*,*,#5456,.F.);
#7699=ORIENTED_EDGE('',*,*,#5527,.T.);
#7700=ORIENTED_EDGE('',*,*,#5503,.T.);
#7701=ORIENTED_EDGE('',*,*,#5528,.F.);
#7702=ORIENTED_EDGE('',*,*,#5457,.F.);
#7703=ORIENTED_EDGE('',*,*,#5502,.T.);
#7704=ORIENTED_EDGE('',*,*,#5529,.F.);
#7705=ORIENTED_EDGE('',*,*,#5458,.F.);
#7706=ORIENTED_EDGE('',*,*,#5528,.T.);
#7707=ORIENTED_EDGE('',*,*,#5501,.T.);
#7708=ORIENTED_EDGE('',*,*,#5530,.F.);
#7709=ORIENTED_EDGE('',*,*,#5459,.F.);
#7710=ORIENTED_EDGE('',*,*,#5529,.T.);
#7711=ORIENTED_EDGE('',*,*,#5500,.T.);
#7712=ORIENTED_EDGE('',*,*,#5531,.F.);
#7713=ORIENTED_EDGE('',*,*,#5460,.F.);
#7714=ORIENTED_EDGE('',*,*,#5530,.T.);
#7715=ORIENTED_EDGE('',*,*,#5499,.T.);
#7716=ORIENTED_EDGE('',*,*,#5532,.F.);
#7717=ORIENTED_EDGE('',*,*,#5461,.F.);
#7718=ORIENTED_EDGE('',*,*,#5531,.T.);
#7719=ORIENTED_EDGE('',*,*,#5532,.T.);
#7720=ORIENTED_EDGE('',*,*,#5498,.T.);
#7721=ORIENTED_EDGE('',*,*,#5533,.F.);
#7722=ORIENTED_EDGE('',*,*,#5462,.F.);
#7723=ORIENTED_EDGE('',*,*,#5533,.T.);
#7724=ORIENTED_EDGE('',*,*,#5497,.T.);
#7725=ORIENTED_EDGE('',*,*,#5534,.F.);
#7726=ORIENTED_EDGE('',*,*,#5463,.F.);
#7727=ORIENTED_EDGE('',*,*,#5534,.T.);
#7728=ORIENTED_EDGE('',*,*,#5496,.T.);
#7729=ORIENTED_EDGE('',*,*,#5535,.F.);
#7730=ORIENTED_EDGE('',*,*,#5464,.F.);
#7731=ORIENTED_EDGE('',*,*,#5535,.T.);
#7732=ORIENTED_EDGE('',*,*,#5495,.T.);
#7733=ORIENTED_EDGE('',*,*,#5536,.F.);
#7734=ORIENTED_EDGE('',*,*,#5465,.F.);
#7735=ORIENTED_EDGE('',*,*,#5536,.T.);
#7736=ORIENTED_EDGE('',*,*,#5494,.T.);
#7737=ORIENTED_EDGE('',*,*,#5537,.F.);
#7738=ORIENTED_EDGE('',*,*,#5466,.F.);
#7739=ORIENTED_EDGE('',*,*,#5537,.T.);
#7740=ORIENTED_EDGE('',*,*,#5493,.T.);
#7741=ORIENTED_EDGE('',*,*,#5538,.F.);
#7742=ORIENTED_EDGE('',*,*,#5467,.F.);
#7743=ORIENTED_EDGE('',*,*,#5538,.T.);
#7744=ORIENTED_EDGE('',*,*,#5492,.T.);
#7745=ORIENTED_EDGE('',*,*,#5539,.F.);
#7746=ORIENTED_EDGE('',*,*,#5468,.F.);
#7747=ORIENTED_EDGE('',*,*,#5491,.T.);
#7748=ORIENTED_EDGE('',*,*,#5540,.F.);
#7749=ORIENTED_EDGE('',*,*,#5469,.F.);
#7750=ORIENTED_EDGE('',*,*,#5539,.T.);
#7751=ORIENTED_EDGE('',*,*,#5540,.T.);
#7752=ORIENTED_EDGE('',*,*,#5490,.T.);
#7753=ORIENTED_EDGE('',*,*,#5541,.F.);
#7754=ORIENTED_EDGE('',*,*,#5470,.F.);
#7755=ORIENTED_EDGE('',*,*,#5541,.T.);
#7756=ORIENTED_EDGE('',*,*,#5489,.T.);
#7757=ORIENTED_EDGE('',*,*,#5542,.F.);
#7758=ORIENTED_EDGE('',*,*,#5471,.F.);
#7759=ORIENTED_EDGE('',*,*,#5488,.T.);
#7760=ORIENTED_EDGE('',*,*,#5543,.F.);
#7761=ORIENTED_EDGE('',*,*,#5472,.F.);
#7762=ORIENTED_EDGE('',*,*,#5542,.T.);
#7763=ORIENTED_EDGE('',*,*,#5543,.T.);
#7764=ORIENTED_EDGE('',*,*,#5487,.T.);
#7765=ORIENTED_EDGE('',*,*,#5544,.F.);
#7766=ORIENTED_EDGE('',*,*,#5473,.F.);
#7767=ORIENTED_EDGE('',*,*,#5544,.T.);
#7768=ORIENTED_EDGE('',*,*,#5486,.T.);
#7769=ORIENTED_EDGE('',*,*,#5545,.F.);
#7770=ORIENTED_EDGE('',*,*,#5474,.F.);
#7771=ORIENTED_EDGE('',*,*,#5545,.T.);
#7772=ORIENTED_EDGE('',*,*,#5485,.T.);
#7773=ORIENTED_EDGE('',*,*,#5546,.F.);
#7774=ORIENTED_EDGE('',*,*,#5475,.F.);
#7775=ORIENTED_EDGE('',*,*,#5484,.T.);
#7776=ORIENTED_EDGE('',*,*,#5547,.F.);
#7777=ORIENTED_EDGE('',*,*,#5476,.F.);
#7778=ORIENTED_EDGE('',*,*,#5546,.T.);
#7779=ORIENTED_EDGE('',*,*,#5547,.T.);
#7780=ORIENTED_EDGE('',*,*,#5483,.T.);
#7781=ORIENTED_EDGE('',*,*,#5548,.F.);
#7782=ORIENTED_EDGE('',*,*,#5477,.F.);
#7783=ORIENTED_EDGE('',*,*,#5548,.T.);
#7784=ORIENTED_EDGE('',*,*,#5482,.T.);
#7785=ORIENTED_EDGE('',*,*,#5516,.F.);
#7786=ORIENTED_EDGE('',*,*,#5478,.F.);
#7787=ORIENTED_EDGE('',*,*,#5515,.F.);
#7788=ORIENTED_EDGE('',*,*,#5549,.F.);
#7789=ORIENTED_EDGE('',*,*,#5479,.T.);
#7790=ORIENTED_EDGE('',*,*,#5550,.T.);
#7791=ORIENTED_EDGE('',*,*,#5514,.F.);
#7792=ORIENTED_EDGE('',*,*,#5550,.F.);
#7793=ORIENTED_EDGE('',*,*,#5480,.T.);
#7794=ORIENTED_EDGE('',*,*,#5549,.T.);
#7795=CYLINDRICAL_SURFACE('',#8309,0.09999988655966);
#7796=CYLINDRICAL_SURFACE('',#8313,0.09999988655966);
#7797=CYLINDRICAL_SURFACE('',#8317,0.09999988655966);
#7798=CYLINDRICAL_SURFACE('',#8321,0.09999988655966);
#7799=CYLINDRICAL_SURFACE('',#8327,0.599999319358);
#7800=CYLINDRICAL_SURFACE('',#8328,0.599999319358);
#7801=CYLINDRICAL_SURFACE('',#8329,0.599999319358);
#7802=CYLINDRICAL_SURFACE('',#8330,0.599999319358);
#7803=CYLINDRICAL_SURFACE('',#8347,0.09999988655966);
#7804=CYLINDRICAL_SURFACE('',#8348,0.09999988655966);
#7805=CYLINDRICAL_SURFACE('',#8349,0.09999988655966);
#7806=CYLINDRICAL_SURFACE('',#8350,0.09999988655966);
#7807=CYLINDRICAL_SURFACE('',#8358,0.349999602959);
#7808=CYLINDRICAL_SURFACE('',#8367,0.04999994327981);
#7809=CYLINDRICAL_SURFACE('',#8375,0.349999602959);
#7810=CYLINDRICAL_SURFACE('',#8384,0.04999994327981);
#7811=CYLINDRICAL_SURFACE('',#8396,0.349999602959);
#7812=CYLINDRICAL_SURFACE('',#8405,0.04999994327981);
#7813=CYLINDRICAL_SURFACE('',#8413,0.349999602959);
#7814=CYLINDRICAL_SURFACE('',#8422,0.04999994327981);
#7815=CYLINDRICAL_SURFACE('',#8434,0.299999659679);
#7816=CYLINDRICAL_SURFACE('',#8448,0.299999659679);
#7817=CYLINDRICAL_SURFACE('',#8509,0.249999716399);
#7818=CYLINDRICAL_SURFACE('',#8513,0.249999716399);
#7819=CYLINDRICAL_SURFACE('',#8521,0.249999716399);
#7820=CYLINDRICAL_SURFACE('',#8527,0.249999716399);
#7821=CYLINDRICAL_SURFACE('',#8543,0.09999988655966);
#7822=CYLINDRICAL_SURFACE('',#8545,0.09999988655966);
#7823=CYLINDRICAL_SURFACE('',#8548,0.09999988655966);
#7824=CYLINDRICAL_SURFACE('',#8554,0.09999988655966);
#7825=CYLINDRICAL_SURFACE('',#8556,0.09999988655966);
#7826=CYLINDRICAL_SURFACE('',#8558,0.09999988655966);
#7827=CYLINDRICAL_SURFACE('',#8560,0.09999988655966);
#7828=CYLINDRICAL_SURFACE('',#8566,0.09999988655966);
#7829=ADVANCED_FACE('',(#1066),#7795,.T.);
#7830=ADVANCED_FACE('',(#1067),#773,.F.);
#7831=ADVANCED_FACE('',(#1068),#7796,.T.);
#7832=ADVANCED_FACE('',(#1069),#774,.F.);
#7833=ADVANCED_FACE('',(#1070),#7797,.T.);
#7834=ADVANCED_FACE('',(#1071),#775,.F.);
#7835=ADVANCED_FACE('',(#1072),#7798,.T.);
#7836=ADVANCED_FACE('',(#1073),#776,.F.);
#7837=ADVANCED_FACE('',(#1074),#777,.T.);
#7838=ADVANCED_FACE('',(#1075),#778,.F.);
#7839=ADVANCED_FACE('',(#1076),#7799,.T.);
#7840=ADVANCED_FACE('',(#1077),#623,.T.);
#7841=ADVANCED_FACE('',(#1078),#624,.T.);
#7842=ADVANCED_FACE('',(#1079),#7800,.T.);
#7843=ADVANCED_FACE('',(#1080),#7801,.T.);
#7844=ADVANCED_FACE('',(#1081),#625,.T.);
#7845=ADVANCED_FACE('',(#1082),#626,.T.);
#7846=ADVANCED_FACE('',(#1083),#7802,.T.);
#7847=ADVANCED_FACE('',(#1084,#223,#224,#225,#226,#227),#779,.F.);
#7848=ADVANCED_FACE('',(#1085),#780,.T.);
#7849=ADVANCED_FACE('',(#1086,#228,#229),#781,.F.);
#7850=ADVANCED_FACE('',(#1087,#230,#231),#782,.F.);
#7851=ADVANCED_FACE('',(#1088),#783,.F.);
#7852=ADVANCED_FACE('',(#1089),#784,.F.);
#7853=ADVANCED_FACE('',(#1090),#785,.F.);
#7854=ADVANCED_FACE('',(#1091,#232,#233),#786,.F.);
#7855=ADVANCED_FACE('',(#1092),#7803,.T.);
#7856=ADVANCED_FACE('',(#1093),#7804,.T.);
#7857=ADVANCED_FACE('',(#1094),#7805,.T.);
#7858=ADVANCED_FACE('',(#1095),#7806,.T.);
#7859=ADVANCED_FACE('',(#1096),#787,.F.);
#7860=ADVANCED_FACE('',(#1097),#788,.F.);
#7861=ADVANCED_FACE('',(#1098),#789,.F.);
#7862=ADVANCED_FACE('',(#1099),#790,.F.);
#7863=ADVANCED_FACE('',(#1100),#791,.F.);
#7864=ADVANCED_FACE('',(#1101),#792,.T.);
#7865=ADVANCED_FACE('',(#1102),#793,.T.);
#7866=ADVANCED_FACE('',(#1103),#7807,.T.);
#7867=ADVANCED_FACE('',(#1104),#794,.T.);
#7868=ADVANCED_FACE('',(#1105),#795,.T.);
#7869=ADVANCED_FACE('',(#1106),#796,.T.);
#7870=ADVANCED_FACE('',(#1107),#797,.T.);
#7871=ADVANCED_FACE('',(#1108),#798,.T.);
#7872=ADVANCED_FACE('',(#1109),#7808,.F.);
#7873=ADVANCED_FACE('',(#1110),#799,.T.);
#7874=ADVANCED_FACE('',(#1111),#800,.T.);
#7875=ADVANCED_FACE('',(#1112),#801,.T.);
#7876=ADVANCED_FACE('',(#1113),#802,.T.);
#7877=ADVANCED_FACE('',(#1114),#803,.T.);
#7878=ADVANCED_FACE('',(#1115),#804,.T.);
#7879=ADVANCED_FACE('',(#1116),#7809,.T.);
#7880=ADVANCED_FACE('',(#1117),#805,.T.);
#7881=ADVANCED_FACE('',(#1118),#806,.T.);
#7882=ADVANCED_FACE('',(#1119),#807,.T.);
#7883=ADVANCED_FACE('',(#1120),#808,.T.);
#7884=ADVANCED_FACE('',(#1121),#809,.T.);
#7885=ADVANCED_FACE('',(#1122),#7810,.F.);
#7886=ADVANCED_FACE('',(#1123),#810,.T.);
#7887=ADVANCED_FACE('',(#1124),#811,.T.);
#7888=ADVANCED_FACE('',(#1125),#812,.T.);
#7889=ADVANCED_FACE('',(#1126),#813,.T.);
#7890=ADVANCED_FACE('',(#1127),#814,.T.);
#7891=ADVANCED_FACE('',(#1128),#815,.F.);
#7892=ADVANCED_FACE('',(#1129),#816,.F.);
#7893=ADVANCED_FACE('',(#1130),#817,.F.);
#7894=ADVANCED_FACE('',(#1131),#818,.F.);
#7895=ADVANCED_FACE('',(#1132),#819,.T.);
#7896=ADVANCED_FACE('',(#1133),#7811,.T.);
#7897=ADVANCED_FACE('',(#1134),#820,.T.);
#7898=ADVANCED_FACE('',(#1135),#821,.T.);
#7899=ADVANCED_FACE('',(#1136),#822,.T.);
#7900=ADVANCED_FACE('',(#1137),#823,.T.);
#7901=ADVANCED_FACE('',(#1138),#824,.T.);
#7902=ADVANCED_FACE('',(#1139),#7812,.F.);
#7903=ADVANCED_FACE('',(#1140),#825,.T.);
#7904=ADVANCED_FACE('',(#1141),#826,.T.);
#7905=ADVANCED_FACE('',(#1142),#827,.T.);
#7906=ADVANCED_FACE('',(#1143),#828,.T.);
#7907=ADVANCED_FACE('',(#1144),#829,.T.);
#7908=ADVANCED_FACE('',(#1145),#830,.T.);
#7909=ADVANCED_FACE('',(#1146),#7813,.T.);
#7910=ADVANCED_FACE('',(#1147),#831,.T.);
#7911=ADVANCED_FACE('',(#1148),#832,.T.);
#7912=ADVANCED_FACE('',(#1149),#833,.T.);
#7913=ADVANCED_FACE('',(#1150),#834,.T.);
#7914=ADVANCED_FACE('',(#1151),#835,.T.);
#7915=ADVANCED_FACE('',(#1152),#7814,.F.);
#7916=ADVANCED_FACE('',(#1153),#836,.T.);
#7917=ADVANCED_FACE('',(#1154),#837,.T.);
#7918=ADVANCED_FACE('',(#1155),#838,.T.);
#7919=ADVANCED_FACE('',(#1156),#839,.T.);
#7920=ADVANCED_FACE('',(#1157),#840,.T.);
#7921=ADVANCED_FACE('',(#1158),#841,.F.);
#7922=ADVANCED_FACE('',(#1159),#842,.F.);
#7923=ADVANCED_FACE('',(#1160),#843,.F.);
#7924=ADVANCED_FACE('',(#1161),#844,.F.);
#7925=ADVANCED_FACE('',(#1162),#845,.T.);
#7926=ADVANCED_FACE('',(#1163),#7815,.T.);
#7927=ADVANCED_FACE('',(#1164),#846,.T.);
#7928=ADVANCED_FACE('',(#1165),#847,.T.);
#7929=ADVANCED_FACE('',(#1166),#848,.T.);
#7930=ADVANCED_FACE('',(#1167),#849,.T.);
#7931=ADVANCED_FACE('',(#1168),#850,.T.);
#7932=ADVANCED_FACE('',(#1169),#851,.T.);
#7933=ADVANCED_FACE('',(#1170),#852,.T.);
#7934=ADVANCED_FACE('',(#1171),#853,.T.);
#7935=ADVANCED_FACE('',(#1172),#854,.T.);
#7936=ADVANCED_FACE('',(#1173),#855,.T.);
#7937=ADVANCED_FACE('',(#1174),#856,.T.);
#7938=ADVANCED_FACE('',(#1175),#7816,.T.);
#7939=ADVANCED_FACE('',(#1176),#857,.T.);
#7940=ADVANCED_FACE('',(#1177),#858,.T.);
#7941=ADVANCED_FACE('',(#1178),#859,.T.);
#7942=ADVANCED_FACE('',(#1179),#860,.T.);
#7943=ADVANCED_FACE('',(#1180),#861,.T.);
#7944=ADVANCED_FACE('',(#1181),#862,.T.);
#7945=ADVANCED_FACE('',(#1182),#863,.T.);
#7946=ADVANCED_FACE('',(#1183),#864,.T.);
#7947=ADVANCED_FACE('',(#1184),#865,.T.);
#7948=ADVANCED_FACE('',(#1185),#866,.T.);
#7949=ADVANCED_FACE('',(#1186),#867,.F.);
#7950=ADVANCED_FACE('',(#1187),#868,.F.);
#7951=ADVANCED_FACE('',(#1188),#869,.F.);
#7952=ADVANCED_FACE('',(#1189),#870,.F.);
#7953=ADVANCED_FACE('',(#1190),#871,.T.);
#7954=ADVANCED_FACE('',(#1191),#872,.T.);
#7955=ADVANCED_FACE('',(#1192),#873,.T.);
#7956=ADVANCED_FACE('',(#1193),#874,.T.);
#7957=ADVANCED_FACE('',(#1194),#875,.T.);
#7958=ADVANCED_FACE('',(#1195),#876,.T.);
#7959=ADVANCED_FACE('',(#1196),#877,.T.);
#7960=ADVANCED_FACE('',(#1197),#878,.T.);
#7961=ADVANCED_FACE('',(#1198,#234),#879,.F.);
#7962=ADVANCED_FACE('',(#1199),#880,.T.);
#7963=ADVANCED_FACE('',(#1200),#881,.T.);
#7964=ADVANCED_FACE('',(#1201),#882,.T.);
#7965=ADVANCED_FACE('',(#1202),#111,.T.);
#7966=ADVANCED_FACE('',(#1203),#112,.T.);
#7967=ADVANCED_FACE('',(#1204),#883,.T.);
#7968=ADVANCED_FACE('',(#1205),#884,.T.);
#7969=ADVANCED_FACE('',(#1206),#113,.F.);
#7970=ADVANCED_FACE('',(#1207),#114,.F.);
#7971=ADVANCED_FACE('',(#1208),#885,.T.);
#7972=ADVANCED_FACE('',(#1209,#235),#886,.F.);
#7973=ADVANCED_FACE('',(#1210),#115,.T.);
#7974=ADVANCED_FACE('',(#1211),#887,.T.);
#7975=ADVANCED_FACE('',(#1212),#888,.T.);
#7976=ADVANCED_FACE('',(#1213),#889,.T.);
#7977=ADVANCED_FACE('',(#1214),#116,.T.);
#7978=ADVANCED_FACE('',(#1215),#890,.T.);
#7979=ADVANCED_FACE('',(#1216),#891,.T.);
#7980=ADVANCED_FACE('',(#1217),#892,.T.);
#7981=ADVANCED_FACE('',(#1218),#893,.T.);
#7982=ADVANCED_FACE('',(#1219),#894,.T.);
#7983=ADVANCED_FACE('',(#1220),#895,.T.);
#7984=ADVANCED_FACE('',(#1221),#896,.T.);
#7985=ADVANCED_FACE('',(#1222),#897,.T.);
#7986=ADVANCED_FACE('',(#1223),#898,.T.);
#7987=ADVANCED_FACE('',(#1224),#899,.T.);
#7988=ADVANCED_FACE('',(#1225),#900,.T.);
#7989=ADVANCED_FACE('',(#1226),#901,.T.);
#7990=ADVANCED_FACE('',(#1227),#902,.F.);
#7991=ADVANCED_FACE('',(#1228),#117,.F.);
#7992=ADVANCED_FACE('',(#1229),#903,.T.);
#7993=ADVANCED_FACE('',(#1230),#118,.F.);
#7994=ADVANCED_FACE('',(#1231),#119,.F.);
#7995=ADVANCED_FACE('',(#1232),#120,.F.);
#7996=ADVANCED_FACE('',(#1233),#121,.F.);
#7997=ADVANCED_FACE('',(#1234),#904,.T.);
#7998=ADVANCED_FACE('',(#1235),#122,.F.);
#7999=ADVANCED_FACE('',(#1236),#123,.F.);
#8000=ADVANCED_FACE('',(#1237),#124,.F.);
#8001=ADVANCED_FACE('',(#1238),#905,.F.);
#8002=ADVANCED_FACE('',(#1239),#906,.T.);
#8003=ADVANCED_FACE('',(#1240),#907,.T.);
#8004=ADVANCED_FACE('',(#1241),#908,.T.);
#8005=ADVANCED_FACE('',(#1242),#909,.T.);
#8006=ADVANCED_FACE('',(#1243),#910,.T.);
#8007=ADVANCED_FACE('',(#1244),#911,.T.);
#8008=ADVANCED_FACE('',(#1245),#912,.F.);
#8009=ADVANCED_FACE('',(#1246),#913,.F.);
#8010=ADVANCED_FACE('',(#1247),#914,.F.);
#8011=ADVANCED_FACE('',(#1248),#7817,.T.);
#8012=ADVANCED_FACE('',(#1249),#915,.F.);
#8013=ADVANCED_FACE('',(#1250),#7818,.T.);
#8014=ADVANCED_FACE('',(#1251),#916,.F.);
#8015=ADVANCED_FACE('',(#1252),#917,.F.);
#8016=ADVANCED_FACE('',(#1253),#918,.F.);
#8017=ADVANCED_FACE('',(#1254),#919,.T.);
#8018=ADVANCED_FACE('',(#1255),#920,.F.);
#8019=ADVANCED_FACE('',(#1256),#7819,.T.);
#8020=ADVANCED_FACE('',(#1257),#921,.F.);
#8021=ADVANCED_FACE('',(#1258),#922,.F.);
#8022=ADVANCED_FACE('',(#1259),#923,.F.);
#8023=ADVANCED_FACE('',(#1260),#7820,.T.);
#8024=ADVANCED_FACE('',(#1261),#924,.F.);
#8025=ADVANCED_FACE('',(#1262),#925,.T.);
#8026=ADVANCED_FACE('',(#1263),#926,.F.);
#8027=ADVANCED_FACE('',(#1264),#927,.F.);
#8028=ADVANCED_FACE('',(#1265),#928,.F.);
#8029=ADVANCED_FACE('',(#1266),#929,.F.);
#8030=ADVANCED_FACE('',(#1267),#930,.F.);
#8031=ADVANCED_FACE('',(#1268),#931,.T.);
#8032=ADVANCED_FACE('',(#1269),#932,.F.);
#8033=ADVANCED_FACE('',(#1270),#7821,.T.);
#8034=ADVANCED_FACE('',(#1271),#7822,.T.);
#8035=ADVANCED_FACE('',(#1272),#7823,.T.);
#8036=ADVANCED_FACE('',(#1273),#107,.T.);
#8037=ADVANCED_FACE('',(#1274),#108,.T.);
#8038=ADVANCED_FACE('',(#1275),#7824,.T.);
#8039=ADVANCED_FACE('',(#1276),#7825,.T.);
#8040=ADVANCED_FACE('',(#1277),#7826,.T.);
#8041=ADVANCED_FACE('',(#1278),#7827,.T.);
#8042=ADVANCED_FACE('',(#1279),#109,.T.);
#8043=ADVANCED_FACE('',(#1280),#110,.T.);
#8044=ADVANCED_FACE('',(#1281),#7828,.T.);
#8045=ADVANCED_FACE('',(#1282),#933,.F.);
#8046=ADVANCED_FACE('',(#1283),#934,.F.);
#8047=ADVANCED_FACE('',(#1284),#935,.F.);
#8048=ADVANCED_FACE('',(#1285),#936,.F.);
#8049=ADVANCED_FACE('',(#1286),#937,.F.);
#8050=ADVANCED_FACE('',(#1287),#938,.F.);
#8051=ADVANCED_FACE('',(#1288),#939,.F.);
#8052=ADVANCED_FACE('',(#1289),#940,.T.);
#8053=ADVANCED_FACE('',(#1290),#125,.F.);
#8054=ADVANCED_FACE('',(#1291),#941,.F.);
#8055=ADVANCED_FACE('',(#1292),#126,.F.);
#8056=ADVANCED_FACE('',(#1293),#127,.F.);
#8057=ADVANCED_FACE('',(#1294),#128,.F.);
#8058=ADVANCED_FACE('',(#1295),#129,.F.);
#8059=ADVANCED_FACE('',(#1296),#130,.F.);
#8060=ADVANCED_FACE('',(#1297),#131,.F.);
#8061=ADVANCED_FACE('',(#1298),#942,.F.);
#8062=ADVANCED_FACE('',(#1299),#132,.F.);
#8063=ADVANCED_FACE('',(#1300),#133,.F.);
#8064=ADVANCED_FACE('',(#1301),#134,.F.);
#8065=ADVANCED_FACE('',(#1302),#135,.F.);
#8066=ADVANCED_FACE('',(#1303),#136,.F.);
#8067=ADVANCED_FACE('',(#1304),#943,.T.);
#8068=ADVANCED_FACE('',(#1305),#944,.F.);
#8069=ADVANCED_FACE('',(#1306),#945,.F.);
#8070=ADVANCED_FACE('',(#1307),#946,.F.);
#8071=ADVANCED_FACE('',(#1308),#947,.F.);
#8072=ADVANCED_FACE('',(#1309),#948,.F.);
#8073=ADVANCED_FACE('',(#1310),#949,.F.);
#8074=ADVANCED_FACE('',(#1311),#950,.F.);
#8075=ADVANCED_FACE('',(#1312),#951,.F.);
#8076=ADVANCED_FACE('',(#1313),#952,.F.);
#8077=ADVANCED_FACE('',(#1314),#953,.F.);
#8078=ADVANCED_FACE('',(#1315),#954,.F.);
#8079=ADVANCED_FACE('',(#1316),#955,.F.);
#8080=ADVANCED_FACE('',(#1317),#956,.F.);
#8081=ADVANCED_FACE('',(#1318),#957,.F.);
#8082=ADVANCED_FACE('',(#1319),#958,.T.);
#8083=ADVANCED_FACE('',(#1320,#236),#959,.T.);
#8084=ADVANCED_FACE('',(#1321,#237),#960,.F.);
#8085=ADVANCED_FACE('',(#1322),#961,.F.);
#8086=ADVANCED_FACE('',(#1323),#137,.F.);
#8087=ADVANCED_FACE('',(#1324),#138,.F.);
#8088=ADVANCED_FACE('',(#1325),#139,.F.);
#8089=ADVANCED_FACE('',(#1326),#140,.F.);
#8090=ADVANCED_FACE('',(#1327),#962,.F.);
#8091=ADVANCED_FACE('',(#1328),#963,.F.);
#8092=ADVANCED_FACE('',(#1329),#964,.T.);
#8093=ADVANCED_FACE('',(#1330),#965,.T.);
#8094=ADVANCED_FACE('',(#1331),#966,.T.);
#8095=ADVANCED_FACE('',(#1332),#141,.T.);
#8096=ADVANCED_FACE('',(#1333),#142,.T.);
#8097=ADVANCED_FACE('',(#1334),#143,.T.);
#8098=ADVANCED_FACE('',(#1335),#144,.T.);
#8099=ADVANCED_FACE('',(#1336,#238),#967,.F.);
#8100=ADVANCED_FACE('',(#1337,#239),#968,.T.);
#8101=ADVANCED_FACE('',(#1338),#969,.F.);
#8102=ADVANCED_FACE('',(#1339),#970,.F.);
#8103=ADVANCED_FACE('',(#1340),#971,.F.);
#8104=ADVANCED_FACE('',(#1341),#972,.F.);
#8105=ADVANCED_FACE('',(#1342),#973,.F.);
#8106=ADVANCED_FACE('',(#1343),#974,.F.);
#8107=ADVANCED_FACE('',(#1344),#975,.F.);
#8108=ADVANCED_FACE('',(#1345),#976,.F.);
#8109=ADVANCED_FACE('',(#1346),#977,.T.);
#8110=ADVANCED_FACE('',(#1347),#978,.T.);
#8111=ADVANCED_FACE('',(#1348),#145,.T.);
#8112=ADVANCED_FACE('',(#1349),#979,.T.);
#8113=ADVANCED_FACE('',(#1350),#146,.T.);
#8114=ADVANCED_FACE('',(#1351),#980,.T.);
#8115=ADVANCED_FACE('',(#1352),#981,.F.);
#8116=ADVANCED_FACE('',(#1353),#982,.F.);
#8117=ADVANCED_FACE('',(#1354),#983,.F.);
#8118=ADVANCED_FACE('',(#1355),#984,.F.);
#8119=ADVANCED_FACE('',(#1356),#985,.F.);
#8120=ADVANCED_FACE('',(#1357),#986,.F.);
#8121=ADVANCED_FACE('',(#1358),#987,.F.);
#8122=ADVANCED_FACE('',(#1359),#988,.F.);
#8123=ADVANCED_FACE('',(#1360),#989,.F.);
#8124=ADVANCED_FACE('',(#1361),#990,.F.);
#8125=ADVANCED_FACE('',(#1362),#991,.F.);
#8126=ADVANCED_FACE('',(#1363),#992,.F.);
#8127=ADVANCED_FACE('',(#1364),#993,.F.);
#8128=ADVANCED_FACE('',(#1365),#994,.T.);
#8129=ADVANCED_FACE('',(#1366,#240),#995,.T.);
#8130=ADVANCED_FACE('',(#1367,#241),#996,.F.);
#8131=ADVANCED_FACE('',(#1368),#147,.F.);
#8132=ADVANCED_FACE('',(#1369),#997,.F.);
#8133=ADVANCED_FACE('',(#1370),#148,.F.);
#8134=ADVANCED_FACE('',(#1371),#149,.F.);
#8135=ADVANCED_FACE('',(#1372),#998,.F.);
#8136=ADVANCED_FACE('',(#1373),#150,.F.);
#8137=ADVANCED_FACE('',(#1374),#151,.F.);
#8138=ADVANCED_FACE('',(#1375),#152,.F.);
#8139=ADVANCED_FACE('',(#1376),#153,.F.);
#8140=ADVANCED_FACE('',(#1377),#999,.F.);
#8141=ADVANCED_FACE('',(#1378),#1000,.F.);
#8142=ADVANCED_FACE('',(#1379),#1001,.F.);
#8143=ADVANCED_FACE('',(#1380),#1002,.F.);
#8144=ADVANCED_FACE('',(#1381),#154,.F.);
#8145=ADVANCED_FACE('',(#1382),#155,.T.);
#8146=ADVANCED_FACE('',(#1383),#156,.T.);
#8147=ADVANCED_FACE('',(#1384),#157,.T.);
#8148=ADVANCED_FACE('',(#1385),#158,.T.);
#8149=ADVANCED_FACE('',(#1386),#159,.T.);
#8150=ADVANCED_FACE('',(#1387),#160,.T.);
#8151=ADVANCED_FACE('',(#1388),#1003,.T.);
#8152=ADVANCED_FACE('',(#1389),#1004,.T.);
#8153=ADVANCED_FACE('',(#1390),#161,.F.);
#8154=ADVANCED_FACE('',(#1391),#1005,.F.);
#8155=ADVANCED_FACE('',(#1392),#162,.F.);
#8156=ADVANCED_FACE('',(#1393),#163,.F.);
#8157=ADVANCED_FACE('',(#1394),#164,.F.);
#8158=ADVANCED_FACE('',(#1395),#165,.F.);
#8159=ADVANCED_FACE('',(#1396),#166,.F.);
#8160=ADVANCED_FACE('',(#1397),#167,.F.);
#8161=ADVANCED_FACE('',(#1398),#168,.F.);
#8162=ADVANCED_FACE('',(#1399),#169,.F.);
#8163=ADVANCED_FACE('',(#1400),#170,.F.);
#8164=ADVANCED_FACE('',(#1401),#171,.F.);
#8165=ADVANCED_FACE('',(#1402),#1006,.F.);
#8166=ADVANCED_FACE('',(#1403),#172,.F.);
#8167=ADVANCED_FACE('',(#1404),#173,.F.);
#8168=ADVANCED_FACE('',(#1405),#174,.F.);
#8169=ADVANCED_FACE('',(#1406),#175,.F.);
#8170=ADVANCED_FACE('',(#1407),#176,.F.);
#8171=ADVANCED_FACE('',(#1408),#177,.F.);
#8172=ADVANCED_FACE('',(#1409),#178,.F.);
#8173=ADVANCED_FACE('',(#1410),#179,.F.);
#8174=ADVANCED_FACE('',(#1411),#1007,.F.);
#8175=ADVANCED_FACE('',(#1412),#1008,.T.);
#8176=ADVANCED_FACE('',(#1413),#1009,.F.);
#8177=ADVANCED_FACE('',(#1414),#1010,.F.);
#8178=ADVANCED_FACE('',(#1415),#180,.F.);
#8179=ADVANCED_FACE('',(#1416),#1011,.F.);
#8180=ADVANCED_FACE('',(#1417),#1012,.F.);
#8181=ADVANCED_FACE('',(#1418),#1013,.F.);
#8182=ADVANCED_FACE('',(#1419),#1014,.F.);
#8183=ADVANCED_FACE('',(#1420),#1015,.F.);
#8184=ADVANCED_FACE('',(#1421),#1016,.F.);
#8185=ADVANCED_FACE('',(#1422),#181,.F.);
#8186=ADVANCED_FACE('',(#1423),#182,.F.);
#8187=ADVANCED_FACE('',(#1424),#1017,.F.);
#8188=ADVANCED_FACE('',(#1425),#183,.F.);
#8189=ADVANCED_FACE('',(#1426),#184,.F.);
#8190=ADVANCED_FACE('',(#1427),#1018,.F.);
#8191=ADVANCED_FACE('',(#1428),#1019,.T.);
#8192=ADVANCED_FACE('',(#1429),#1020,.F.);
#8193=ADVANCED_FACE('',(#1430),#1021,.F.);
#8194=ADVANCED_FACE('',(#1431),#1022,.F.);
#8195=ADVANCED_FACE('',(#1432),#1023,.F.);
#8196=ADVANCED_FACE('',(#1433),#1024,.F.);
#8197=ADVANCED_FACE('',(#1434),#1025,.F.);
#8198=ADVANCED_FACE('',(#1435),#1026,.F.);
#8199=ADVANCED_FACE('',(#1436),#1027,.F.);
#8200=ADVANCED_FACE('',(#1437),#1028,.F.);
#8201=ADVANCED_FACE('',(#1438),#1029,.F.);
#8202=ADVANCED_FACE('',(#1439),#1030,.F.);
#8203=ADVANCED_FACE('',(#1440),#1031,.F.);
#8204=ADVANCED_FACE('',(#1441),#1032,.F.);
#8205=ADVANCED_FACE('',(#1442),#1033,.F.);
#8206=ADVANCED_FACE('',(#1443),#1034,.T.);
#8207=ADVANCED_FACE('',(#1444,#242),#1035,.T.);
#8208=ADVANCED_FACE('',(#1445,#243),#1036,.F.);
#8209=ADVANCED_FACE('',(#1446),#1037,.F.);
#8210=ADVANCED_FACE('',(#1447),#185,.F.);
#8211=ADVANCED_FACE('',(#1448),#186,.F.);
#8212=ADVANCED_FACE('',(#1449),#187,.F.);
#8213=ADVANCED_FACE('',(#1450),#188,.F.);
#8214=ADVANCED_FACE('',(#1451),#1038,.F.);
#8215=ADVANCED_FACE('',(#1452),#1039,.F.);
#8216=ADVANCED_FACE('',(#1453),#1040,.T.);
#8217=ADVANCED_FACE('',(#1454),#1041,.T.);
#8218=ADVANCED_FACE('',(#1455),#1042,.T.);
#8219=ADVANCED_FACE('',(#1456),#189,.T.);
#8220=ADVANCED_FACE('',(#1457),#190,.T.);
#8221=ADVANCED_FACE('',(#1458),#191,.T.);
#8222=ADVANCED_FACE('',(#1459),#192,.T.);
#8223=ADVANCED_FACE('',(#1460,#244),#1043,.F.);
#8224=ADVANCED_FACE('',(#1461,#245),#1044,.T.);
#8225=ADVANCED_FACE('',(#1462),#1045,.F.);
#8226=ADVANCED_FACE('',(#1463),#1046,.F.);
#8227=ADVANCED_FACE('',(#1464),#1047,.F.);
#8228=ADVANCED_FACE('',(#1465),#1048,.F.);
#8229=ADVANCED_FACE('',(#1466),#1049,.F.);
#8230=ADVANCED_FACE('',(#1467),#1050,.F.);
#8231=ADVANCED_FACE('',(#1468),#1051,.F.);
#8232=ADVANCED_FACE('',(#1469),#1052,.F.);
#8233=ADVANCED_FACE('',(#1470),#1053,.T.);
#8234=ADVANCED_FACE('',(#1471),#1054,.T.);
#8235=ADVANCED_FACE('',(#1472),#193,.T.);
#8236=ADVANCED_FACE('',(#1473),#1055,.T.);
#8237=ADVANCED_FACE('',(#1474),#194,.T.);
#8238=ADVANCED_FACE('',(#1475),#1056,.T.);
#8239=ADVANCED_FACE('',(#1476,#246),#1057,.F.);
#8240=ADVANCED_FACE('',(#1477,#247),#1058,.T.);
#8241=ADVANCED_FACE('',(#1478),#195,.F.);
#8242=ADVANCED_FACE('',(#1479),#196,.F.);
#8243=ADVANCED_FACE('',(#1480),#197,.F.);
#8244=ADVANCED_FACE('',(#1481),#198,.F.);
#8245=ADVANCED_FACE('',(#1482),#199,.F.);
#8246=ADVANCED_FACE('',(#1483),#200,.F.);
#8247=ADVANCED_FACE('',(#1484),#201,.F.);
#8248=ADVANCED_FACE('',(#1485),#202,.F.);
#8249=ADVANCED_FACE('',(#1486),#203,.F.);
#8250=ADVANCED_FACE('',(#1487),#204,.F.);
#8251=ADVANCED_FACE('',(#1488),#205,.F.);
#8252=ADVANCED_FACE('',(#1489),#206,.F.);
#8253=ADVANCED_FACE('',(#1490),#1059,.F.);
#8254=ADVANCED_FACE('',(#1491),#1060,.F.);
#8255=ADVANCED_FACE('',(#1492),#1061,.F.);
#8256=ADVANCED_FACE('',(#1493),#1062,.F.);
#8257=ADVANCED_FACE('',(#1494),#207,.F.);
#8258=ADVANCED_FACE('',(#1495),#208,.F.);
#8259=ADVANCED_FACE('',(#1496),#209,.F.);
#8260=ADVANCED_FACE('',(#1497),#210,.F.);
#8261=ADVANCED_FACE('',(#1498),#211,.F.);
#8262=ADVANCED_FACE('',(#1499),#212,.F.);
#8263=ADVANCED_FACE('',(#1500),#213,.F.);
#8264=ADVANCED_FACE('',(#1501),#1063,.F.);
#8265=ADVANCED_FACE('',(#1502),#214,.F.);
#8266=ADVANCED_FACE('',(#1503),#215,.F.);
#8267=ADVANCED_FACE('',(#1504),#1064,.F.);
#8268=ADVANCED_FACE('',(#1505),#216,.F.);
#8269=ADVANCED_FACE('',(#1506),#217,.F.);
#8270=ADVANCED_FACE('',(#1507),#218,.F.);
#8271=ADVANCED_FACE('',(#1508),#1065,.F.);
#8272=ADVANCED_FACE('',(#1509),#219,.F.);
#8273=ADVANCED_FACE('',(#1510),#220,.F.);
#8274=ADVANCED_FACE('',(#1511),#221,.T.);
#8275=ADVANCED_FACE('',(#1512),#222,.T.);
#8276=CLOSED_SHELL('',(#7829,#7830,#7831,#7832,#7833,#7834,#7835,#7836,
#7837,#7838,#7839,#7840,#7841,#7842,#7843,#7844,#7845,#7846));
#8277=CLOSED_SHELL('',(#7847,#7848,#7849,#7850,#7851,#7852,#7853,#7854,
#7855,#7856,#7857,#7858,#7859,#7860,#7861,#7862,#7863,#7864,#7865,#7866,
#7867,#7868,#7869,#7870,#7871,#7872,#7873,#7874,#7875,#7876,#7877,#7878,
#7879,#7880,#7881,#7882,#7883,#7884,#7885,#7886,#7887,#7888,#7889,#7890,
#7891,#7892,#7893,#7894,#7895,#7896,#7897,#7898,#7899,#7900,#7901,#7902,
#7903,#7904,#7905,#7906,#7907,#7908,#7909,#7910,#7911,#7912,#7913,#7914,
#7915,#7916,#7917,#7918,#7919,#7920,#7921,#7922,#7923,#7924,#7925,#7926,
#7927,#7928,#7929,#7930,#7931,#7932,#7933,#7934,#7935,#7936,#7937,#7938,
#7939,#7940,#7941,#7942,#7943,#7944,#7945,#7946,#7947,#7948,#7949,#7950,
#7951,#7952,#7953,#7954,#7955,#7956,#7957,#7958,#7959,#7960,#7961,#7962,
#7963,#7964,#7965,#7966,#7967,#7968,#7969,#7970,#7971,#7972,#7973,#7974,
#7975,#7976,#7977,#7978,#7979,#7980,#7981,#7982,#7983,#7984,#7985,#7986,
#7987,#7988,#7989,#7990,#7991,#7992,#7993,#7994,#7995,#7996,#7997,#7998,
#7999,#8000,#8001,#8002,#8003,#8004,#8005,#8006,#8007,#8008,#8009,#8010));
#8278=CLOSED_SHELL('',(#8011,#8012,#8013,#8014,#8015,#8016,#8017,#8018));
#8279=CLOSED_SHELL('',(#8019,#8020,#8021,#8022,#8023,#8024,#8025,#8026));
#8280=CLOSED_SHELL('',(#8027,#8028,#8029,#8030,#8031,#8032,#8033,#8034,
#8035,#8036,#8037,#8038,#8039,#8040,#8041,#8042,#8043,#8044));
#8281=CLOSED_SHELL('',(#8045,#8046,#8047,#8048,#8049,#8050,#8051,#8052));
#8282=CLOSED_SHELL('',(#8053,#8054,#8055,#8056,#8057,#8058,#8059,#8060,
#8061,#8062,#8063,#8064,#8065,#8066,#8067,#8068));
#8283=CLOSED_SHELL('',(#8069,#8070,#8071,#8072,#8073,#8074,#8075,#8076,
#8077,#8078,#8079,#8080,#8081,#8082));
#8284=CLOSED_SHELL('',(#8083,#8084,#8085,#8086,#8087,#8088,#8089,#8090,
#8091,#8092,#8093,#8094,#8095,#8096,#8097,#8098));
#8285=CLOSED_SHELL('',(#8099,#8100,#8101,#8102,#8103,#8104,#8105,#8106,
#8107,#8108,#8109,#8110,#8111,#8112,#8113,#8114));
#8286=CLOSED_SHELL('',(#8115,#8116,#8117,#8118,#8119,#8120,#8121,#8122,
#8123,#8124,#8125,#8126,#8127,#8128));
#8287=CLOSED_SHELL('',(#8129,#8130,#8131,#8132,#8133,#8134,#8135,#8136,
#8137,#8138,#8139,#8140,#8141,#8142,#8143,#8144,#8145,#8146,#8147,#8148,
#8149,#8150,#8151,#8152));
#8288=CLOSED_SHELL('',(#8153,#8154,#8155,#8156,#8157,#8158,#8159,#8160,
#8161,#8162,#8163,#8164,#8165,#8166,#8167,#8168,#8169,#8170,#8171,#8172,
#8173,#8174,#8175));
#8289=CLOSED_SHELL('',(#8176,#8177,#8178,#8179,#8180,#8181,#8182,#8183,
#8184,#8185,#8186,#8187,#8188,#8189,#8190,#8191,#8192));
#8290=CLOSED_SHELL('',(#8193,#8194,#8195,#8196,#8197,#8198,#8199,#8200,
#8201,#8202,#8203,#8204,#8205,#8206));
#8291=CLOSED_SHELL('',(#8207,#8208,#8209,#8210,#8211,#8212,#8213,#8214,
#8215,#8216,#8217,#8218,#8219,#8220,#8221,#8222));
#8292=CLOSED_SHELL('',(#8223,#8224,#8225,#8226,#8227,#8228,#8229,#8230,
#8231,#8232,#8233,#8234,#8235,#8236,#8237,#8238));
#8293=CLOSED_SHELL('',(#8239,#8240,#8241,#8242,#8243,#8244,#8245,#8246,
#8247,#8248,#8249,#8250,#8251,#8252,#8253,#8254,#8255,#8256,#8257,#8258,
#8259,#8260,#8261,#8262,#8263,#8264,#8265,#8266,#8267,#8268,#8269,#8270,
#8271,#8272,#8273,#8274,#8275));
#8294=DERIVED_UNIT_ELEMENT(#8296,1.);
#8295=DERIVED_UNIT_ELEMENT(#14615,-3.);
#8296=(
MASS_UNIT()
NAMED_UNIT(*)
SI_UNIT(.KILO.,.GRAM.)
);
#8297=DERIVED_UNIT((#8294,#8295));
#8298=MEASURE_REPRESENTATION_ITEM('density measure',
POSITIVE_RATIO_MEASURE(7850.),#8297);
#8299=PROPERTY_DEFINITION_REPRESENTATION(#8304,#8301);
#8300=PROPERTY_DEFINITION_REPRESENTATION(#8305,#8302);
#8301=REPRESENTATION('material name',(#8303),#14612);
#8302=REPRESENTATION('density',(#8298),#14612);
#8303=DESCRIPTIVE_REPRESENTATION_ITEM('Steel','Steel');
#8304=PROPERTY_DEFINITION('material property','material name',#14632);
#8305=PROPERTY_DEFINITION('material property','density of part',#14632);
#8306=AXIS2_PLACEMENT_3D('',#10582,#8788,#8789);
#8307=AXIS2_PLACEMENT_3D('',#10583,#8790,#8791);
#8308=AXIS2_PLACEMENT_3D('',#10584,#8792,#8793);
#8309=AXIS2_PLACEMENT_3D('',#10585,#8794,#8795);
#8310=AXIS2_PLACEMENT_3D('',#10590,#8797,#8798);
#8311=AXIS2_PLACEMENT_3D('',#10593,#8800,#8801);
#8312=AXIS2_PLACEMENT_3D('',#10594,#8802,#8803);
#8313=AXIS2_PLACEMENT_3D('',#10600,#8807,#8808);
#8314=AXIS2_PLACEMENT_3D('',#10604,#8810,#8811);
#8315=AXIS2_PLACEMENT_3D('',#10605,#8812,#8813);
#8316=AXIS2_PLACEMENT_3D('',#10606,#8814,#8815);
#8317=AXIS2_PLACEMENT_3D('',#10612,#8819,#8820);
#8318=AXIS2_PLACEMENT_3D('',#10616,#8822,#8823);
#8319=AXIS2_PLACEMENT_3D('',#10617,#8824,#8825);
#8320=AXIS2_PLACEMENT_3D('',#10618,#8826,#8827);
#8321=AXIS2_PLACEMENT_3D('',#10624,#8831,#8832);
#8322=AXIS2_PLACEMENT_3D('',#10628,#8834,#8835);
#8323=AXIS2_PLACEMENT_3D('',#10629,#8836,#8837);
#8324=AXIS2_PLACEMENT_3D('',#10630,#8838,#8839);
#8325=AXIS2_PLACEMENT_3D('',#10633,#8842,#8843);
#8326=AXIS2_PLACEMENT_3D('',#10642,#8848,#8849);
#8327=AXIS2_PLACEMENT_3D('',#10643,#8850,#8851);
#8328=AXIS2_PLACEMENT_3D('',#10876,#8852,#8853);
#8329=AXIS2_PLACEMENT_3D('',#10923,#8854,#8855);
#8330=AXIS2_PLACEMENT_3D('',#11110,#8856,#8857);
#8331=AXIS2_PLACEMENT_3D('',#11111,#8858,#8859);
#8332=AXIS2_PLACEMENT_3D('',#11242,#8895,#8896);
#8333=AXIS2_PLACEMENT_3D('',#11248,#8899,#8900);
#8334=AXIS2_PLACEMENT_3D('',#11250,#8901,#8902);
#8335=AXIS2_PLACEMENT_3D('',#11262,#8908,#8909);
#8336=AXIS2_PLACEMENT_3D('',#11266,#8911,#8912);
#8337=AXIS2_PLACEMENT_3D('',#11272,#8916,#8917);
#8338=AXIS2_PLACEMENT_3D('',#11294,#8929,#8930);
#8339=AXIS2_PLACEMENT_3D('',#11316,#8942,#8943);
#8340=AXIS2_PLACEMENT_3D('',#11322,#8947,#8948);
#8341=AXIS2_PLACEMENT_3D('',#11328,#8952,#8953);
#8342=AXIS2_PLACEMENT_3D('',#11334,#8957,#8958);
#8343=AXIS2_PLACEMENT_3D('',#11340,#8962,#8963);
#8344=AXIS2_PLACEMENT_3D('',#11341,#8964,#8965);
#8345=AXIS2_PLACEMENT_3D('',#11347,#8969,#8970);
#8346=AXIS2_PLACEMENT_3D('',#11348,#8971,#8972);
#8347=AXIS2_PLACEMENT_3D('',#11365,#8981,#8982);
#8348=AXIS2_PLACEMENT_3D('',#11366,#8983,#8984);
#8349=AXIS2_PLACEMENT_3D('',#11367,#8985,#8986);
#8350=AXIS2_PLACEMENT_3D('',#11368,#8987,#8988);
#8351=AXIS2_PLACEMENT_3D('',#11369,#8989,#8990);
#8352=AXIS2_PLACEMENT_3D('',#11371,#8992,#8993);
#8353=AXIS2_PLACEMENT_3D('',#11373,#8995,#8996);
#8354=AXIS2_PLACEMENT_3D('',#11374,#8997,#8998);
#8355=AXIS2_PLACEMENT_3D('',#11376,#9000,#9001);
#8356=AXIS2_PLACEMENT_3D('',#11378,#9003,#9004);
#8357=AXIS2_PLACEMENT_3D('',#11379,#9005,#9006);
#8358=AXIS2_PLACEMENT_3D('',#11385,#9010,#9011);
#8359=AXIS2_PLACEMENT_3D('',#11389,#9013,#9014);
#8360=AXIS2_PLACEMENT_3D('',#11390,#9015,#9016);
#8361=AXIS2_PLACEMENT_3D('',#11391,#9017,#9018);
#8362=AXIS2_PLACEMENT_3D('',#11401,#9024,#9025);
#8363=AXIS2_PLACEMENT_3D('',#11407,#9029,#9030);
#8364=AXIS2_PLACEMENT_3D('',#11417,#9036,#9037);
#8365=AXIS2_PLACEMENT_3D('',#11420,#9040,#9041);
#8366=AXIS2_PLACEMENT_3D('',#11422,#9042,#9043);
#8367=AXIS2_PLACEMENT_3D('',#11424,#9045,#9046);
#8368=AXIS2_PLACEMENT_3D('',#11427,#9048,#9049);
#8369=AXIS2_PLACEMENT_3D('',#11428,#9050,#9051);
#8370=AXIS2_PLACEMENT_3D('',#11430,#9053,#9054);
#8371=AXIS2_PLACEMENT_3D('',#11432,#9056,#9057);
#8372=AXIS2_PLACEMENT_3D('',#11434,#9059,#9060);
#8373=AXIS2_PLACEMENT_3D('',#11435,#9061,#9062);
#8374=AXIS2_PLACEMENT_3D('',#11438,#9065,#9066);
#8375=AXIS2_PLACEMENT_3D('',#11444,#9070,#9071);
#8376=AXIS2_PLACEMENT_3D('',#11448,#9073,#9074);
#8377=AXIS2_PLACEMENT_3D('',#11449,#9075,#9076);
#8378=AXIS2_PLACEMENT_3D('',#11450,#9077,#9078);
#8379=AXIS2_PLACEMENT_3D('',#11460,#9084,#9085);
#8380=AXIS2_PLACEMENT_3D('',#11466,#9089,#9090);
#8381=AXIS2_PLACEMENT_3D('',#11476,#9096,#9097);
#8382=AXIS2_PLACEMENT_3D('',#11479,#9100,#9101);
#8383=AXIS2_PLACEMENT_3D('',#11481,#9102,#9103);
#8384=AXIS2_PLACEMENT_3D('',#11483,#9105,#9106);
#8385=AXIS2_PLACEMENT_3D('',#11486,#9108,#9109);
#8386=AXIS2_PLACEMENT_3D('',#11487,#9110,#9111);
#8387=AXIS2_PLACEMENT_3D('',#11489,#9113,#9114);
#8388=AXIS2_PLACEMENT_3D('',#11491,#9116,#9117);
#8389=AXIS2_PLACEMENT_3D('',#11493,#9119,#9120);
#8390=AXIS2_PLACEMENT_3D('',#11494,#9121,#9122);
#8391=AXIS2_PLACEMENT_3D('',#11497,#9125,#9126);
#8392=AXIS2_PLACEMENT_3D('',#11498,#9127,#9128);
#8393=AXIS2_PLACEMENT_3D('',#11499,#9129,#9130);
#8394=AXIS2_PLACEMENT_3D('',#11500,#9131,#9132);
#8395=AXIS2_PLACEMENT_3D('',#11501,#9133,#9134);
#8396=AXIS2_PLACEMENT_3D('',#11507,#9138,#9139);
#8397=AXIS2_PLACEMENT_3D('',#11511,#9141,#9142);
#8398=AXIS2_PLACEMENT_3D('',#11512,#9143,#9144);
#8399=AXIS2_PLACEMENT_3D('',#11513,#9145,#9146);
#8400=AXIS2_PLACEMENT_3D('',#11523,#9152,#9153);
#8401=AXIS2_PLACEMENT_3D('',#11529,#9157,#9158);
#8402=AXIS2_PLACEMENT_3D('',#11539,#9164,#9165);
#8403=AXIS2_PLACEMENT_3D('',#11542,#9168,#9169);
#8404=AXIS2_PLACEMENT_3D('',#11544,#9170,#9171);
#8405=AXIS2_PLACEMENT_3D('',#11546,#9173,#9174);
#8406=AXIS2_PLACEMENT_3D('',#11549,#9176,#9177);
#8407=AXIS2_PLACEMENT_3D('',#11550,#9178,#9179);
#8408=AXIS2_PLACEMENT_3D('',#11552,#9181,#9182);
#8409=AXIS2_PLACEMENT_3D('',#11554,#9184,#9185);
#8410=AXIS2_PLACEMENT_3D('',#11556,#9187,#9188);
#8411=AXIS2_PLACEMENT_3D('',#11557,#9189,#9190);
#8412=AXIS2_PLACEMENT_3D('',#11560,#9193,#9194);
#8413=AXIS2_PLACEMENT_3D('',#11566,#9198,#9199);
#8414=AXIS2_PLACEMENT_3D('',#11570,#9201,#9202);
#8415=AXIS2_PLACEMENT_3D('',#11571,#9203,#9204);
#8416=AXIS2_PLACEMENT_3D('',#11572,#9205,#9206);
#8417=AXIS2_PLACEMENT_3D('',#11582,#9212,#9213);
#8418=AXIS2_PLACEMENT_3D('',#11588,#9217,#9218);
#8419=AXIS2_PLACEMENT_3D('',#11598,#9224,#9225);
#8420=AXIS2_PLACEMENT_3D('',#11601,#9228,#9229);
#8421=AXIS2_PLACEMENT_3D('',#11603,#9230,#9231);
#8422=AXIS2_PLACEMENT_3D('',#11605,#9233,#9234);
#8423=AXIS2_PLACEMENT_3D('',#11608,#9236,#9237);
#8424=AXIS2_PLACEMENT_3D('',#11609,#9238,#9239);
#8425=AXIS2_PLACEMENT_3D('',#11611,#9241,#9242);
#8426=AXIS2_PLACEMENT_3D('',#11613,#9244,#9245);
#8427=AXIS2_PLACEMENT_3D('',#11615,#9247,#9248);
#8428=AXIS2_PLACEMENT_3D('',#11616,#9249,#9250);
#8429=AXIS2_PLACEMENT_3D('',#11619,#9253,#9254);
#8430=AXIS2_PLACEMENT_3D('',#11620,#9255,#9256);
#8431=AXIS2_PLACEMENT_3D('',#11621,#9257,#9258);
#8432=AXIS2_PLACEMENT_3D('',#11622,#9259,#9260);
#8433=AXIS2_PLACEMENT_3D('',#11623,#9261,#9262);
#8434=AXIS2_PLACEMENT_3D('',#11629,#9266,#9267);
#8435=AXIS2_PLACEMENT_3D('',#11633,#9269,#9270);
#8436=AXIS2_PLACEMENT_3D('',#11634,#9271,#9272);
#8437=AXIS2_PLACEMENT_3D('',#11635,#9273,#9274);
#8438=AXIS2_PLACEMENT_3D('',#11645,#9280,#9281);
#8439=AXIS2_PLACEMENT_3D('',#11651,#9285,#9286);
#8440=AXIS2_PLACEMENT_3D('',#11661,#9292,#9293);
#8441=AXIS2_PLACEMENT_3D('',#11664,#9296,#9297);
#8442=AXIS2_PLACEMENT_3D('',#11666,#9299,#9300);
#8443=AXIS2_PLACEMENT_3D('',#11668,#9302,#9303);
#8444=AXIS2_PLACEMENT_3D('',#11670,#9305,#9306);
#8445=AXIS2_PLACEMENT_3D('',#11672,#9308,#9309);
#8446=AXIS2_PLACEMENT_3D('',#11673,#9310,#9311);
#8447=AXIS2_PLACEMENT_3D('',#11676,#9314,#9315);
#8448=AXIS2_PLACEMENT_3D('',#11682,#9319,#9320);
#8449=AXIS2_PLACEMENT_3D('',#11686,#9322,#9323);
#8450=AXIS2_PLACEMENT_3D('',#11687,#9324,#9325);
#8451=AXIS2_PLACEMENT_3D('',#11688,#9326,#9327);
#8452=AXIS2_PLACEMENT_3D('',#11698,#9333,#9334);
#8453=AXIS2_PLACEMENT_3D('',#11704,#9338,#9339);
#8454=AXIS2_PLACEMENT_3D('',#11714,#9345,#9346);
#8455=AXIS2_PLACEMENT_3D('',#11717,#9349,#9350);
#8456=AXIS2_PLACEMENT_3D('',#11719,#9352,#9353);
#8457=AXIS2_PLACEMENT_3D('',#11721,#9355,#9356);
#8458=AXIS2_PLACEMENT_3D('',#11723,#9358,#9359);
#8459=AXIS2_PLACEMENT_3D('',#11725,#9361,#9362);
#8460=AXIS2_PLACEMENT_3D('',#11726,#9363,#9364);
#8461=AXIS2_PLACEMENT_3D('',#11729,#9367,#9368);
#8462=AXIS2_PLACEMENT_3D('',#11730,#9369,#9370);
#8463=AXIS2_PLACEMENT_3D('',#11731,#9371,#9372);
#8464=AXIS2_PLACEMENT_3D('',#11732,#9373,#9374);
#8465=AXIS2_PLACEMENT_3D('',#11733,#9375,#9376);
#8466=AXIS2_PLACEMENT_3D('',#11739,#9380,#9381);
#8467=AXIS2_PLACEMENT_3D('',#11743,#9384,#9385);
#8468=AXIS2_PLACEMENT_3D('',#11747,#9388,#9389);
#8469=AXIS2_PLACEMENT_3D('',#11751,#9392,#9393);
#8470=AXIS2_PLACEMENT_3D('',#11755,#9396,#9397);
#8471=AXIS2_PLACEMENT_3D('',#11759,#9400,#9401);
#8472=AXIS2_PLACEMENT_3D('',#11763,#9404,#9405);
#8473=AXIS2_PLACEMENT_3D('',#11765,#9407,#9408);
#8474=AXIS2_PLACEMENT_3D('',#11784,#9412,#9413);
#8475=AXIS2_PLACEMENT_3D('',#11790,#9417,#9418);
#8476=AXIS2_PLACEMENT_3D('',#11794,#9421,#9422);
#8477=AXIS2_PLACEMENT_3D('',#11830,#9426,#9427);
#8478=AXIS2_PLACEMENT_3D('',#11836,#9431,#9432);
#8479=AXIS2_PLACEMENT_3D('',#11874,#9437,#9438);
#8480=AXIS2_PLACEMENT_3D('',#11876,#9440,#9441);
#8481=AXIS2_PLACEMENT_3D('',#11914,#9447,#9448);
#8482=AXIS2_PLACEMENT_3D('',#11918,#9451,#9452);
#8483=AXIS2_PLACEMENT_3D('',#11922,#9455,#9456);
#8484=AXIS2_PLACEMENT_3D('',#11941,#9459,#9460);
#8485=AXIS2_PLACEMENT_3D('',#11947,#9464,#9465);
#8486=AXIS2_PLACEMENT_3D('',#11951,#9468,#9469);
#8487=AXIS2_PLACEMENT_3D('',#11955,#9472,#9473);
#8488=AXIS2_PLACEMENT_3D('',#11959,#9476,#9477);
#8489=AXIS2_PLACEMENT_3D('',#11963,#9480,#9481);
#8490=AXIS2_PLACEMENT_3D('',#11967,#9484,#9485);
#8491=AXIS2_PLACEMENT_3D('',#11971,#9488,#9489);
#8492=AXIS2_PLACEMENT_3D('',#11975,#9492,#9493);
#8493=AXIS2_PLACEMENT_3D('',#11979,#9496,#9497);
#8494=AXIS2_PLACEMENT_3D('',#11983,#9500,#9501);
#8495=AXIS2_PLACEMENT_3D('',#11987,#9504,#9505);
#8496=AXIS2_PLACEMENT_3D('',#11989,#9507,#9508);
#8497=AXIS2_PLACEMENT_3D('',#12009,#9511,#9512);
#8498=AXIS2_PLACEMENT_3D('',#12081,#9519,#9520);
#8499=AXIS2_PLACEMENT_3D('',#12134,#9525,#9526);
#8500=AXIS2_PLACEMENT_3D('',#12135,#9527,#9528);
#8501=AXIS2_PLACEMENT_3D('',#12141,#9532,#9533);
#8502=AXIS2_PLACEMENT_3D('',#12145,#9536,#9537);
#8503=AXIS2_PLACEMENT_3D('',#12149,#9540,#9541);
#8504=AXIS2_PLACEMENT_3D('',#12153,#9544,#9545);
#8505=AXIS2_PLACEMENT_3D('',#12157,#9548,#9549);
#8506=AXIS2_PLACEMENT_3D('',#12159,#9551,#9552);
#8507=AXIS2_PLACEMENT_3D('',#12160,#9553,#9554);
#8508=AXIS2_PLACEMENT_3D('',#12161,#9555,#9556);
#8509=AXIS2_PLACEMENT_3D('',#12162,#9557,#9558);
#8510=AXIS2_PLACEMENT_3D('',#12165,#9559,#9560);
#8511=AXIS2_PLACEMENT_3D('',#12169,#9562,#9563);
#8512=AXIS2_PLACEMENT_3D('',#12171,#9565,#9566);
#8513=AXIS2_PLACEMENT_3D('',#12177,#9570,#9571);
#8514=AXIS2_PLACEMENT_3D('',#12179,#9572,#9573);
#8515=AXIS2_PLACEMENT_3D('',#12182,#9575,#9576);
#8516=AXIS2_PLACEMENT_3D('',#12183,#9577,#9578);
#8517=AXIS2_PLACEMENT_3D('',#12189,#9582,#9583);
#8518=AXIS2_PLACEMENT_3D('',#12195,#9587,#9588);
#8519=AXIS2_PLACEMENT_3D('',#12198,#9591,#9592);
#8520=AXIS2_PLACEMENT_3D('',#12199,#9593,#9594);
#8521=AXIS2_PLACEMENT_3D('',#12200,#9595,#9596);
#8522=AXIS2_PLACEMENT_3D('',#12203,#9597,#9598);
#8523=AXIS2_PLACEMENT_3D('',#12207,#9600,#9601);
#8524=AXIS2_PLACEMENT_3D('',#12209,#9603,#9604);
#8525=AXIS2_PLACEMENT_3D('',#12215,#9608,#9609);
#8526=AXIS2_PLACEMENT_3D('',#12221,#9613,#9614);
#8527=AXIS2_PLACEMENT_3D('',#12227,#9618,#9619);
#8528=AXIS2_PLACEMENT_3D('',#12229,#9620,#9621);
#8529=AXIS2_PLACEMENT_3D('',#12232,#9623,#9624);
#8530=AXIS2_PLACEMENT_3D('',#12233,#9625,#9626);
#8531=AXIS2_PLACEMENT_3D('',#12236,#9629,#9630);
#8532=AXIS2_PLACEMENT_3D('',#12237,#9631,#9632);
#8533=AXIS2_PLACEMENT_3D('',#12238,#9633,#9634);
#8534=AXIS2_PLACEMENT_3D('',#12247,#9639,#9640);
#8535=AXIS2_PLACEMENT_3D('',#12256,#9645,#9646);
#8536=AXIS2_PLACEMENT_3D('',#12265,#9651,#9652);
#8537=AXIS2_PLACEMENT_3D('',#12274,#9657,#9658);
#8538=AXIS2_PLACEMENT_3D('',#12283,#9663,#9664);
#8539=AXIS2_PLACEMENT_3D('',#12284,#9665,#9666);
#8540=AXIS2_PLACEMENT_3D('',#12285,#9667,#9668);
#8541=AXIS2_PLACEMENT_3D('',#12286,#9669,#9670);
#8542=AXIS2_PLACEMENT_3D('',#12287,#9671,#9672);
#8543=AXIS2_PLACEMENT_3D('',#12288,#9673,#9674);
#8544=AXIS2_PLACEMENT_3D('',#12289,#9675,#9676);
#8545=AXIS2_PLACEMENT_3D('',#12290,#9677,#9678);
#8546=AXIS2_PLACEMENT_3D('',#12291,#9679,#9680);
#8547=AXIS2_PLACEMENT_3D('',#12292,#9681,#9682);
#8548=AXIS2_PLACEMENT_3D('',#12293,#9683,#9684);
#8549=AXIS2_PLACEMENT_3D('',#12294,#9685,#9686);
#8550=AXIS2_PLACEMENT_3D('',#12295,#9687,#9688);
#8551=AXIS2_PLACEMENT_3D('',#12296,#9689,#9690);
#8552=AXIS2_PLACEMENT_3D('',#12297,#9691,#9692);
#8553=AXIS2_PLACEMENT_3D('',#12298,#9693,#9694);
#8554=AXIS2_PLACEMENT_3D('',#12299,#9695,#9696);
#8555=AXIS2_PLACEMENT_3D('',#12300,#9697,#9698);
#8556=AXIS2_PLACEMENT_3D('',#12301,#9699,#9700);
#8557=AXIS2_PLACEMENT_3D('',#12302,#9701,#9702);
#8558=AXIS2_PLACEMENT_3D('',#12303,#9703,#9704);
#8559=AXIS2_PLACEMENT_3D('',#12304,#9705,#9706);
#8560=AXIS2_PLACEMENT_3D('',#12305,#9707,#9708);
#8561=AXIS2_PLACEMENT_3D('',#12306,#9709,#9710);
#8562=AXIS2_PLACEMENT_3D('',#12307,#9711,#9712);
#8563=AXIS2_PLACEMENT_3D('',#12308,#9713,#9714);
#8564=AXIS2_PLACEMENT_3D('',#12309,#9715,#9716);
#8565=AXIS2_PLACEMENT_3D('',#12310,#9717,#9718);
#8566=AXIS2_PLACEMENT_3D('',#12311,#9719,#9720);
#8567=AXIS2_PLACEMENT_3D('',#12312,#9721,#9722);
#8568=AXIS2_PLACEMENT_3D('',#12321,#9727,#9728);
#8569=AXIS2_PLACEMENT_3D('',#12327,#9732,#9733);
#8570=AXIS2_PLACEMENT_3D('',#12333,#9737,#9738);
#8571=AXIS2_PLACEMENT_3D('',#12339,#9742,#9743);
#8572=AXIS2_PLACEMENT_3D('',#12345,#9747,#9748);
#8573=AXIS2_PLACEMENT_3D('',#12348,#9751,#9752);
#8574=AXIS2_PLACEMENT_3D('',#12349,#9753,#9754);
#8575=AXIS2_PLACEMENT_3D('',#12372,#9757,#9758);
#8576=AXIS2_PLACEMENT_3D('',#12387,#9762,#9763);
#8577=AXIS2_PLACEMENT_3D('',#12390,#9765,#9766);
#8578=AXIS2_PLACEMENT_3D('',#12400,#9767,#9768);
#8579=AXIS2_PLACEMENT_3D('',#12403,#9770,#9771);
#8580=AXIS2_PLACEMENT_3D('',#12480,#9776,#9777);
#8581=AXIS2_PLACEMENT_3D('',#12495,#9781,#9782);
#8582=AXIS2_PLACEMENT_3D('',#12498,#9784,#9785);
#8583=AXIS2_PLACEMENT_3D('',#12546,#9788,#9789);
#8584=AXIS2_PLACEMENT_3D('',#12549,#9791,#9792);
#8585=AXIS2_PLACEMENT_3D('',#12566,#9793,#9794);
#8586=AXIS2_PLACEMENT_3D('',#12567,#9795,#9796);
#8587=AXIS2_PLACEMENT_3D('',#12568,#9797,#9798);
#8588=AXIS2_PLACEMENT_3D('',#12577,#9803,#9804);
#8589=AXIS2_PLACEMENT_3D('',#12583,#9808,#9809);
#8590=AXIS2_PLACEMENT_3D('',#12589,#9813,#9814);
#8591=AXIS2_PLACEMENT_3D('',#12595,#9818,#9819);
#8592=AXIS2_PLACEMENT_3D('',#12601,#9823,#9824);
#8593=AXIS2_PLACEMENT_3D('',#12607,#9828,#9829);
#8594=AXIS2_PLACEMENT_3D('',#12613,#9833,#9834);
#8595=AXIS2_PLACEMENT_3D('',#12619,#9838,#9839);
#8596=AXIS2_PLACEMENT_3D('',#12625,#9843,#9844);
#8597=AXIS2_PLACEMENT_3D('',#12631,#9848,#9849);
#8598=AXIS2_PLACEMENT_3D('',#12637,#9853,#9854);
#8599=AXIS2_PLACEMENT_3D('',#12640,#9857,#9858);
#8600=AXIS2_PLACEMENT_3D('',#12641,#9859,#9860);
#8601=AXIS2_PLACEMENT_3D('',#12642,#9861,#9862);
#8602=AXIS2_PLACEMENT_3D('',#12647,#9864,#9865);
#8603=AXIS2_PLACEMENT_3D('',#12649,#9866,#9867);
#8604=AXIS2_PLACEMENT_3D('',#12669,#9872,#9873);
#8605=AXIS2_PLACEMENT_3D('',#12671,#9874,#9875);
#8606=AXIS2_PLACEMENT_3D('',#12673,#9876,#9877);
#8607=AXIS2_PLACEMENT_3D('',#12675,#9878,#9879);
#8608=AXIS2_PLACEMENT_3D('',#12677,#9881,#9882);
#8609=AXIS2_PLACEMENT_3D('',#12696,#9886,#9887);
#8610=AXIS2_PLACEMENT_3D('',#12697,#9888,#9889);
#8611=AXIS2_PLACEMENT_3D('',#12706,#9893,#9894);
#8612=AXIS2_PLACEMENT_3D('',#12708,#9895,#9896);
#8613=AXIS2_PLACEMENT_3D('',#12710,#9897,#9898);
#8614=AXIS2_PLACEMENT_3D('',#12711,#9899,#9900);
#8615=AXIS2_PLACEMENT_3D('',#12712,#9901,#9902);
#8616=AXIS2_PLACEMENT_3D('',#12751,#9909,#9910);
#8617=AXIS2_PLACEMENT_3D('',#12753,#9912,#9913);
#8618=AXIS2_PLACEMENT_3D('',#12754,#9914,#9915);
#8619=AXIS2_PLACEMENT_3D('',#12757,#9918,#9919);
#8620=AXIS2_PLACEMENT_3D('',#12759,#9921,#9922);
#8621=AXIS2_PLACEMENT_3D('',#12796,#9927,#9928);
#8622=AXIS2_PLACEMENT_3D('',#12831,#9941,#9942);
#8623=AXIS2_PLACEMENT_3D('',#12866,#9955,#9956);
#8624=AXIS2_PLACEMENT_3D('',#12869,#9959,#9960);
#8625=AXIS2_PLACEMENT_3D('',#12871,#9962,#9963);
#8626=AXIS2_PLACEMENT_3D('',#12873,#9965,#9966);
#8627=AXIS2_PLACEMENT_3D('',#12875,#9968,#9969);
#8628=AXIS2_PLACEMENT_3D('',#12877,#9971,#9972);
#8629=AXIS2_PLACEMENT_3D('',#12879,#9974,#9975);
#8630=AXIS2_PLACEMENT_3D('',#12881,#9977,#9978);
#8631=AXIS2_PLACEMENT_3D('',#12882,#9979,#9980);
#8632=AXIS2_PLACEMENT_3D('',#12885,#9983,#9984);
#8633=AXIS2_PLACEMENT_3D('',#12896,#9987,#9988);
#8634=AXIS2_PLACEMENT_3D('',#12907,#9991,#9992);
#8635=AXIS2_PLACEMENT_3D('',#12908,#9993,#9994);
#8636=AXIS2_PLACEMENT_3D('',#12917,#9999,#10000);
#8637=AXIS2_PLACEMENT_3D('',#12923,#10004,#10005);
#8638=AXIS2_PLACEMENT_3D('',#12929,#10009,#10010);
#8639=AXIS2_PLACEMENT_3D('',#12935,#10014,#10015);
#8640=AXIS2_PLACEMENT_3D('',#12941,#10019,#10020);
#8641=AXIS2_PLACEMENT_3D('',#12947,#10024,#10025);
#8642=AXIS2_PLACEMENT_3D('',#12953,#10029,#10030);
#8643=AXIS2_PLACEMENT_3D('',#12959,#10034,#10035);
#8644=AXIS2_PLACEMENT_3D('',#12965,#10039,#10040);
#8645=AXIS2_PLACEMENT_3D('',#12971,#10044,#10045);
#8646=AXIS2_PLACEMENT_3D('',#12977,#10049,#10050);
#8647=AXIS2_PLACEMENT_3D('',#12980,#10053,#10054);
#8648=AXIS2_PLACEMENT_3D('',#12981,#10055,#10056);
#8649=AXIS2_PLACEMENT_3D('',#12982,#10057,#10058);
#8650=AXIS2_PLACEMENT_3D('',#12997,#10060,#10061);
#8651=AXIS2_PLACEMENT_3D('',#13011,#10063,#10064);
#8652=AXIS2_PLACEMENT_3D('',#13013,#10065,#10066);
#8653=AXIS2_PLACEMENT_3D('',#13028,#10071,#10072);
#8654=AXIS2_PLACEMENT_3D('',#13044,#10075,#10076);
#8655=AXIS2_PLACEMENT_3D('',#13046,#10077,#10078);
#8656=AXIS2_PLACEMENT_3D('',#13051,#10079,#10080);
#8657=AXIS2_PLACEMENT_3D('',#13072,#10085,#10086);
#8658=AXIS2_PLACEMENT_3D('',#13074,#10087,#10088);
#8659=AXIS2_PLACEMENT_3D('',#13088,#10090,#10091);
#8660=AXIS2_PLACEMENT_3D('',#13102,#10093,#10094);
#8661=AXIS2_PLACEMENT_3D('',#13109,#10095,#10096);
#8662=AXIS2_PLACEMENT_3D('',#13111,#10097,#10098);
#8663=AXIS2_PLACEMENT_3D('',#13130,#10103,#10104);
#8664=AXIS2_PLACEMENT_3D('',#13150,#10108,#10109);
#8665=AXIS2_PLACEMENT_3D('',#13188,#10115,#10116);
#8666=AXIS2_PLACEMENT_3D('',#13190,#10118,#10119);
#8667=AXIS2_PLACEMENT_3D('',#13192,#10121,#10122);
#8668=AXIS2_PLACEMENT_3D('',#13194,#10124,#10125);
#8669=AXIS2_PLACEMENT_3D('',#13259,#10134,#10135);
#8670=AXIS2_PLACEMENT_3D('',#13261,#10137,#10138);
#8671=AXIS2_PLACEMENT_3D('',#13284,#10141,#10142);
#8672=AXIS2_PLACEMENT_3D('',#13299,#10146,#10147);
#8673=AXIS2_PLACEMENT_3D('',#13302,#10149,#10150);
#8674=AXIS2_PLACEMENT_3D('',#13312,#10151,#10152);
#8675=AXIS2_PLACEMENT_3D('',#13315,#10154,#10155);
#8676=AXIS2_PLACEMENT_3D('',#13325,#10156,#10157);
#8677=AXIS2_PLACEMENT_3D('',#13328,#10159,#10160);
#8678=AXIS2_PLACEMENT_3D('',#13338,#10161,#10162);
#8679=AXIS2_PLACEMENT_3D('',#13341,#10164,#10165);
#8680=AXIS2_PLACEMENT_3D('',#13351,#10166,#10167);
#8681=AXIS2_PLACEMENT_3D('',#13354,#10169,#10170);
#8682=AXIS2_PLACEMENT_3D('',#13364,#10171,#10172);
#8683=AXIS2_PLACEMENT_3D('',#13367,#10174,#10175);
#8684=AXIS2_PLACEMENT_3D('',#13396,#10177,#10178);
#8685=AXIS2_PLACEMENT_3D('',#13399,#10180,#10181);
#8686=AXIS2_PLACEMENT_3D('',#13438,#10184,#10185);
#8687=AXIS2_PLACEMENT_3D('',#13510,#10192,#10193);
#8688=AXIS2_PLACEMENT_3D('',#13513,#10195,#10196);
#8689=AXIS2_PLACEMENT_3D('',#13523,#10197,#10198);
#8690=AXIS2_PLACEMENT_3D('',#13526,#10200,#10201);
#8691=AXIS2_PLACEMENT_3D('',#13536,#10202,#10203);
#8692=AXIS2_PLACEMENT_3D('',#13539,#10205,#10206);
#8693=AXIS2_PLACEMENT_3D('',#13567,#10208,#10209);
#8694=AXIS2_PLACEMENT_3D('',#13568,#10210,#10211);
#8695=AXIS2_PLACEMENT_3D('',#13569,#10212,#10213);
#8696=AXIS2_PLACEMENT_3D('',#13570,#10214,#10215);
#8697=AXIS2_PLACEMENT_3D('',#13571,#10216,#10217);
#8698=AXIS2_PLACEMENT_3D('',#13580,#10222,#10223);
#8699=AXIS2_PLACEMENT_3D('',#13605,#10228,#10229);
#8700=AXIS2_PLACEMENT_3D('',#13611,#10233,#10234);
#8701=AXIS2_PLACEMENT_3D('',#13617,#10238,#10239);
#8702=AXIS2_PLACEMENT_3D('',#13623,#10243,#10244);
#8703=AXIS2_PLACEMENT_3D('',#13629,#10248,#10249);
#8704=AXIS2_PLACEMENT_3D('',#13635,#10253,#10254);
#8705=AXIS2_PLACEMENT_3D('',#13679,#10260,#10261);
#8706=AXIS2_PLACEMENT_3D('',#13694,#10265,#10266);
#8707=AXIS2_PLACEMENT_3D('',#13697,#10268,#10269);
#8708=AXIS2_PLACEMENT_3D('',#13717,#10271,#10272);
#8709=AXIS2_PLACEMENT_3D('',#13720,#10275,#10276);
#8710=AXIS2_PLACEMENT_3D('',#13721,#10277,#10278);
#8711=AXIS2_PLACEMENT_3D('',#13722,#10279,#10280);
#8712=AXIS2_PLACEMENT_3D('',#13731,#10285,#10286);
#8713=AXIS2_PLACEMENT_3D('',#13737,#10290,#10291);
#8714=AXIS2_PLACEMENT_3D('',#13743,#10295,#10296);
#8715=AXIS2_PLACEMENT_3D('',#13749,#10300,#10301);
#8716=AXIS2_PLACEMENT_3D('',#13755,#10305,#10306);
#8717=AXIS2_PLACEMENT_3D('',#13761,#10310,#10311);
#8718=AXIS2_PLACEMENT_3D('',#13767,#10315,#10316);
#8719=AXIS2_PLACEMENT_3D('',#13773,#10320,#10321);
#8720=AXIS2_PLACEMENT_3D('',#13779,#10325,#10326);
#8721=AXIS2_PLACEMENT_3D('',#13785,#10330,#10331);
#8722=AXIS2_PLACEMENT_3D('',#13791,#10335,#10336);
#8723=AXIS2_PLACEMENT_3D('',#13794,#10339,#10340);
#8724=AXIS2_PLACEMENT_3D('',#13795,#10341,#10342);
#8725=AXIS2_PLACEMENT_3D('',#13796,#10343,#10344);
#8726=AXIS2_PLACEMENT_3D('',#13801,#10346,#10347);
#8727=AXIS2_PLACEMENT_3D('',#13803,#10348,#10349);
#8728=AXIS2_PLACEMENT_3D('',#13823,#10354,#10355);
#8729=AXIS2_PLACEMENT_3D('',#13825,#10356,#10357);
#8730=AXIS2_PLACEMENT_3D('',#13827,#10358,#10359);
#8731=AXIS2_PLACEMENT_3D('',#13829,#10360,#10361);
#8732=AXIS2_PLACEMENT_3D('',#13831,#10363,#10364);
#8733=AXIS2_PLACEMENT_3D('',#13850,#10368,#10369);
#8734=AXIS2_PLACEMENT_3D('',#13851,#10370,#10371);
#8735=AXIS2_PLACEMENT_3D('',#13860,#10375,#10376);
#8736=AXIS2_PLACEMENT_3D('',#13862,#10377,#10378);
#8737=AXIS2_PLACEMENT_3D('',#13864,#10379,#10380);
#8738=AXIS2_PLACEMENT_3D('',#13865,#10381,#10382);
#8739=AXIS2_PLACEMENT_3D('',#13866,#10383,#10384);
#8740=AXIS2_PLACEMENT_3D('',#13905,#10391,#10392);
#8741=AXIS2_PLACEMENT_3D('',#13907,#10394,#10395);
#8742=AXIS2_PLACEMENT_3D('',#13908,#10396,#10397);
#8743=AXIS2_PLACEMENT_3D('',#13911,#10400,#10401);
#8744=AXIS2_PLACEMENT_3D('',#13913,#10403,#10404);
#8745=AXIS2_PLACEMENT_3D('',#13950,#10409,#10410);
#8746=AXIS2_PLACEMENT_3D('',#13985,#10423,#10424);
#8747=AXIS2_PLACEMENT_3D('',#14020,#10437,#10438);
#8748=AXIS2_PLACEMENT_3D('',#14023,#10441,#10442);
#8749=AXIS2_PLACEMENT_3D('',#14025,#10444,#10445);
#8750=AXIS2_PLACEMENT_3D('',#14027,#10447,#10448);
#8751=AXIS2_PLACEMENT_3D('',#14029,#10450,#10451);
#8752=AXIS2_PLACEMENT_3D('',#14031,#10453,#10454);
#8753=AXIS2_PLACEMENT_3D('',#14033,#10456,#10457);
#8754=AXIS2_PLACEMENT_3D('',#14035,#10459,#10460);
#8755=AXIS2_PLACEMENT_3D('',#14036,#10461,#10462);
#8756=AXIS2_PLACEMENT_3D('',#14039,#10465,#10466);
#8757=AXIS2_PLACEMENT_3D('',#14050,#10469,#10470);
#8758=AXIS2_PLACEMENT_3D('',#14061,#10473,#10474);
#8759=AXIS2_PLACEMENT_3D('',#14062,#10475,#10476);
#8760=AXIS2_PLACEMENT_3D('',#14070,#10477,#10478);
#8761=AXIS2_PLACEMENT_3D('',#14072,#10479,#10480);
#8762=AXIS2_PLACEMENT_3D('',#14074,#10481,#10482);
#8763=AXIS2_PLACEMENT_3D('',#14086,#10483,#10484);
#8764=AXIS2_PLACEMENT_3D('',#14088,#10485,#10486);
#8765=AXIS2_PLACEMENT_3D('',#14090,#10487,#10488);
#8766=AXIS2_PLACEMENT_3D('',#14092,#10489,#10490);
#8767=AXIS2_PLACEMENT_3D('',#14178,#10498,#10499);
#8768=AXIS2_PLACEMENT_3D('',#14179,#10500,#10501);
#8769=AXIS2_PLACEMENT_3D('',#14195,#10502,#10503);
#8770=AXIS2_PLACEMENT_3D('',#14203,#10504,#10505);
#8771=AXIS2_PLACEMENT_3D('',#14205,#10506,#10507);
#8772=AXIS2_PLACEMENT_3D('',#14291,#10515,#10516);
#8773=AXIS2_PLACEMENT_3D('',#14293,#10517,#10518);
#8774=AXIS2_PLACEMENT_3D('',#14295,#10519,#10520);
#8775=AXIS2_PLACEMENT_3D('',#14297,#10521,#10522);
#8776=AXIS2_PLACEMENT_3D('',#14309,#10523,#10524);
#8777=AXIS2_PLACEMENT_3D('',#14311,#10525,#10526);
#8778=AXIS2_PLACEMENT_3D('',#14312,#10527,#10528);
#8779=AXIS2_PLACEMENT_3D('',#14437,#10542,#10543);
#8780=AXIS2_PLACEMENT_3D('',#14439,#10545,#10546);
#8781=AXIS2_PLACEMENT_3D('',#14441,#10548,#10549);
#8782=AXIS2_PLACEMENT_3D('',#14443,#10551,#10552);
#8783=AXIS2_PLACEMENT_3D('',#14508,#10561,#10562);
#8784=AXIS2_PLACEMENT_3D('',#14528,#10566,#10567);
#8785=AXIS2_PLACEMENT_3D('',#14557,#10572,#10573);
#8786=AXIS2_PLACEMENT_3D('',#14604,#10578,#10579);
#8787=AXIS2_PLACEMENT_3D('',#14605,#10580,#10581);
#8788=DIRECTION('axis',(0.,0.,1.));
#8789=DIRECTION('refdir',(1.,0.,0.));
#8790=DIRECTION('axis',(0.,0.,1.));
#8791=DIRECTION('refdir',(1.,0.,0.));
#8792=DIRECTION('axis',(0.,0.,1.));
#8793=DIRECTION('refdir',(1.,0.,0.));
#8794=DIRECTION('center_axis',(0.,1.,3.491481338843E-15));
#8795=DIRECTION('ref_axis',(-1.,0.,0.));
#8796=DIRECTION('',(0.,1.,3.491481338843E-15));
#8797=DIRECTION('center_axis',(0.,1.,3.491481338843E-15));
#8798=DIRECTION('ref_axis',(-1.,0.,0.));
#8799=DIRECTION('',(0.,1.,3.491481338843E-15));
#8800=DIRECTION('center_axis',(0.,-1.,-3.491481338843E-15));
#8801=DIRECTION('ref_axis',(1.,0.,0.));
#8802=DIRECTION('center_axis',(1.,-5.407816646809E-31,1.548860246408E-16));
#8803=DIRECTION('ref_axis',(-1.548860246408E-16,-3.491481338843E-15,1.));
#8804=DIRECTION('',(0.,1.,3.491481338843E-15));
#8805=DIRECTION('',(-1.548860246408E-16,-3.491481338843E-15,1.));
#8806=DIRECTION('',(1.548860246408E-16,3.491481338843E-15,-1.));
#8807=DIRECTION('center_axis',(0.,1.,3.491481338843E-15));
#8808=DIRECTION('ref_axis',(-1.,0.,0.));
#8809=DIRECTION('',(0.,1.,3.491481338843E-15));
#8810=DIRECTION('center_axis',(0.,1.,3.491481338843E-15));
#8811=DIRECTION('ref_axis',(-1.,0.,0.));
#8812=DIRECTION('center_axis',(0.,-1.,-3.491481338843E-15));
#8813=DIRECTION('ref_axis',(1.,0.,0.));
#8814=DIRECTION('center_axis',(0.,-3.491481338843E-15,1.));
#8815=DIRECTION('ref_axis',(0.,-1.,-3.491481338843E-15));
#8816=DIRECTION('',(0.,1.,3.491481338843E-15));
#8817=DIRECTION('',(-1.,0.,0.));
#8818=DIRECTION('',(1.,0.,0.));
#8819=DIRECTION('center_axis',(0.,1.,3.491481338843E-15));
#8820=DIRECTION('ref_axis',(-1.,0.,0.));
#8821=DIRECTION('',(0.,1.,3.491481338843E-15));
#8822=DIRECTION('center_axis',(0.,1.,3.491481338843E-15));
#8823=DIRECTION('ref_axis',(-1.,0.,0.));
#8824=DIRECTION('center_axis',(0.,-1.,-3.491481338843E-15));
#8825=DIRECTION('ref_axis',(1.,0.,0.));
#8826=DIRECTION('center_axis',(-1.,5.407816646809E-31,-1.548860246408E-16));
#8827=DIRECTION('ref_axis',(1.548860246408E-16,3.491481338843E-15,-1.));
#8828=DIRECTION('',(0.,1.,3.491481338843E-15));
#8829=DIRECTION('',(1.548860246408E-16,3.491481338843E-15,-1.));
#8830=DIRECTION('',(-1.548860246408E-16,-3.491481338843E-15,1.));
#8831=DIRECTION('center_axis',(0.,1.,3.491481338843E-15));
#8832=DIRECTION('ref_axis',(-1.,0.,0.));
#8833=DIRECTION('',(0.,1.,3.491481338843E-15));
#8834=DIRECTION('center_axis',(0.,1.,3.491481338843E-15));
#8835=DIRECTION('ref_axis',(-1.,0.,0.));
#8836=DIRECTION('center_axis',(0.,-1.,-3.491481338843E-15));
#8837=DIRECTION('ref_axis',(1.,0.,0.));
#8838=DIRECTION('center_axis',(0.,3.491481338843E-15,-1.));
#8839=DIRECTION('ref_axis',(0.,1.,3.491481338843E-15));
#8840=DIRECTION('',(1.,0.,0.));
#8841=DIRECTION('',(-1.,0.,0.));
#8842=DIRECTION('center_axis',(0.,-1.,-3.491481338843E-15));
#8843=DIRECTION('ref_axis',(1.,0.,0.));
#8844=DIRECTION('',(-1.548860246408E-16,-3.491481338843E-15,1.));
#8845=DIRECTION('',(-1.,0.,0.));
#8846=DIRECTION('',(1.548860246408E-16,3.491481338843E-15,-1.));
#8847=DIRECTION('',(1.,0.,0.));
#8848=DIRECTION('center_axis',(0.,-1.,-3.491481338843E-15));
#8849=DIRECTION('ref_axis',(1.,0.,0.));
#8850=DIRECTION('center_axis',(-1.,0.,0.));
#8851=DIRECTION('ref_axis',(0.,-1.,-3.433306879537E-15));
#8852=DIRECTION('center_axis',(1.548860246408E-16,3.491481338843E-15,-1.));
#8853=DIRECTION('ref_axis',(1.,-5.407816646809E-31,1.548860246408E-16));
#8854=DIRECTION('center_axis',(-1.548860246408E-16,-3.491481338843E-15,
1.));
#8855=DIRECTION('ref_axis',(-1.,5.407816646809E-31,-1.548860246408E-16));
#8856=DIRECTION('center_axis',(1.,0.,0.));
#8857=DIRECTION('ref_axis',(0.,1.,2.891205793295E-15));
#8858=DIRECTION('center_axis',(0.,-3.491481338843E-15,1.));
#8859=DIRECTION('ref_axis',(0.,-1.,-3.491481338843E-15));
#8860=DIRECTION('',(1.,0.,0.));
#8861=DIRECTION('',(0.,1.,3.491481338843E-15));
#8862=DIRECTION('',(1.,0.,0.));
#8863=DIRECTION('',(0.,-1.,-3.491481338843E-15));
#8864=DIRECTION('',(1.,0.,0.));
#8865=DIRECTION('',(0.322202485606864,-0.946670776071998,0.));
#8866=DIRECTION('',(1.,0.,0.));
#8867=DIRECTION('',(-0.353622392329675,0.935388263579909,4.67016599023135E-15));
#8868=DIRECTION('',(-1.,0.,0.));
#8869=DIRECTION('',(-0.363542485651622,-0.931577619485484,-4.65114037151923E-15));
#8870=DIRECTION('',(1.,0.,0.));
#8871=DIRECTION('',(0.339330377260997,0.940667260548548,0.));
#8872=DIRECTION('',(1.,0.,0.));
#8873=DIRECTION('',(0.,1.,4.99275666807891E-15));
#8874=DIRECTION('',(-1.,0.,0.));
#8875=DIRECTION('',(-1.,0.,0.));
#8876=DIRECTION('',(0.,-1.,0.));
#8877=DIRECTION('',(1.,0.,0.));
#8878=DIRECTION('',(0.,-1.,-1.46216445280759E-14));
#8879=DIRECTION('',(-1.,0.,0.));
#8880=DIRECTION('',(0.,-1.,0.));
#8881=DIRECTION('',(1.,0.,0.));
#8882=DIRECTION('',(-5.00088819359696E-15,1.,4.99275666807891E-15));
#8883=DIRECTION('',(-1.,0.,0.));
#8884=DIRECTION('',(0.,-1.,0.));
#8885=DIRECTION('',(1.,0.,0.));
#8886=DIRECTION('',(0.,-1.,0.));
#8887=DIRECTION('',(0.,-1.,0.));
#8888=DIRECTION('',(0.,-1.,0.));
#8889=DIRECTION('',(1.,0.,0.));
#8890=DIRECTION('',(0.,1.,4.99275666807891E-15));
#8891=DIRECTION('',(-1.,0.,0.));
#8892=DIRECTION('',(0.,-1.,-5.60830201072723E-15));
#8893=DIRECTION('',(-1.,0.,0.));
#8894=DIRECTION('',(0.,-1.,0.));
#8895=DIRECTION('center_axis',(0.,-1.,-3.491481338843E-15));
#8896=DIRECTION('ref_axis',(1.,0.,0.));
#8897=DIRECTION('',(-1.,5.221340210712E-31,-1.495451272394E-16));
#8898=DIRECTION('',(1.495451272394E-16,3.491481338843E-15,-1.));
#8899=DIRECTION('center_axis',(0.,-1.,-3.491481338843E-15));
#8900=DIRECTION('ref_axis',(1.,0.,0.));
#8901=DIRECTION('center_axis',(0.,-1.,-3.491481338843E-15));
#8902=DIRECTION('ref_axis',(1.,0.,0.));
#8903=DIRECTION('',(-1.495451272394E-16,-3.491481338843E-15,1.));
#8904=DIRECTION('',(1.,-5.221340210712E-31,1.495451272394E-16));
#8905=DIRECTION('',(2.478176394253E-16,3.491481338843E-15,-1.));
#8906=DIRECTION('',(1.,-5.221340210712E-31,1.495451272394E-16));
#8907=DIRECTION('',(-1.495451272394E-16,-3.491481338843E-15,1.));
#8908=DIRECTION('center_axis',(0.,-1.,-3.491481338843E-15));
#8909=DIRECTION('ref_axis',(1.,0.,0.));
#8910=DIRECTION('',(-1.,0.,0.));
#8911=DIRECTION('center_axis',(0.,-1.,-3.491481338843E-15));
#8912=DIRECTION('ref_axis',(1.,0.,0.));
#8913=DIRECTION('',(1.495451272394E-16,3.491481338843E-15,-1.));
#8914=DIRECTION('',(-1.,5.221340210712E-31,-1.495451272394E-16));
#8915=DIRECTION('',(-2.478176394253E-16,-3.491481338843E-15,1.));
#8916=DIRECTION('center_axis',(1.,-5.221340210712E-31,1.495451272394E-16));
#8917=DIRECTION('ref_axis',(-1.495451272394E-16,-3.491481338843E-15,1.));
#8918=DIRECTION('',(0.,-0.99804283341365,-0.0625340121186281));
#8919=DIRECTION('',(1.495451272394E-16,3.491481338843E-15,-1.));
#8920=DIRECTION('',(0.,-1.,-3.491481338843E-15));
#8921=DIRECTION('',(0.,-1.,-3.491481338843E-15));
#8922=DIRECTION('',(0.,3.491481338843E-15,-1.));
#8923=DIRECTION('',(0.,1.,3.491481338843E-15));
#8924=DIRECTION('',(0.,-3.491481338843E-15,1.));
#8925=DIRECTION('',(0.,-1.,-3.491481338843E-15));
#8926=DIRECTION('',(0.,3.491481338843E-15,-1.));
#8927=DIRECTION('',(0.,1.,3.491481338843E-15));
#8928=DIRECTION('',(0.,-3.491481338843E-15,1.));
#8929=DIRECTION('center_axis',(-1.,5.221340210712E-31,-1.495451272394E-16));
#8930=DIRECTION('ref_axis',(1.495451272394E-16,3.491481338843E-15,-1.));
#8931=DIRECTION('',(-1.495451272394E-16,-3.491481338843E-15,1.));
#8932=DIRECTION('',(0.,0.99804283341365,0.0625340121186281));
#8933=DIRECTION('',(0.,1.,3.491481338843E-15));
#8934=DIRECTION('',(0.,1.,3.491481338843E-15));
#8935=DIRECTION('',(0.,3.491481338843E-15,-1.));
#8936=DIRECTION('',(0.,-1.,-3.491481338843E-15));
#8937=DIRECTION('',(0.,-3.491481338843E-15,1.));
#8938=DIRECTION('',(0.,1.,3.491481338843E-15));
#8939=DIRECTION('',(0.,3.491481338843E-15,-1.));
#8940=DIRECTION('',(0.,-1.,-3.491481338843E-15));
#8941=DIRECTION('',(0.,-3.491481338843E-15,1.));
#8942=DIRECTION('center_axis',(-1.,5.221340210712E-31,-1.495451272394E-16));
#8943=DIRECTION('ref_axis',(1.495451272394E-16,3.491481338843E-15,-1.));
#8944=DIRECTION('',(0.,-0.99804283341365,0.0625340121186281));
#8945=DIRECTION('',(-1.495451272394E-16,-3.491481338843E-15,1.));
#8946=DIRECTION('',(0.,-1.,-3.491481338843E-15));
#8947=DIRECTION('center_axis',(0.,3.491481338843E-15,-1.));
#8948=DIRECTION('ref_axis',(0.,1.,3.491481338843E-15));
#8949=DIRECTION('',(-1.,0.,0.));
#8950=DIRECTION('',(0.,-1.,-3.491481338843E-15));
#8951=DIRECTION('',(0.,1.,3.491481338843E-15));
#8952=DIRECTION('center_axis',(1.,-5.221340210712E-31,1.495451272394E-16));
#8953=DIRECTION('ref_axis',(-1.495451272394E-16,-3.491481338843E-15,1.));
#8954=DIRECTION('',(1.495451272394E-16,3.491481338843E-15,-1.));
#8955=DIRECTION('',(0.,0.99804283341365,-0.0625340121186281));
#8956=DIRECTION('',(0.,1.,3.491481338843E-15));
#8957=DIRECTION('center_axis',(0.,-1.,-3.491481338843E-15));
#8958=DIRECTION('ref_axis',(1.,0.,0.));
#8959=DIRECTION('',(-1.,5.221340210712E-31,-1.495451272394E-16));
#8960=DIRECTION('',(2.891205793295E-16,3.685383748708E-15,-1.));
#8961=DIRECTION('',(-1.,5.221340210712E-31,-1.495451272394E-16));
#8962=DIRECTION('center_axis',(0.,1.,3.491481338843E-15));
#8963=DIRECTION('ref_axis',(1.,0.,0.));
#8964=DIRECTION('center_axis',(0.,1.,3.491481338843E-15));
#8965=DIRECTION('ref_axis',(1.,0.,0.));
#8966=DIRECTION('',(1.,-5.221340210712E-31,1.495451272394E-16));
#8967=DIRECTION('',(-2.891205793295E-16,-3.79764303863E-15,1.));
#8968=DIRECTION('',(1.,-5.221340210712E-31,1.495451272394E-16));
#8969=DIRECTION('center_axis',(0.,1.,3.491481338843E-15));
#8970=DIRECTION('ref_axis',(1.,0.,0.));
#8971=DIRECTION('center_axis',(0.,1.,3.491481338843E-15));
#8972=DIRECTION('ref_axis',(1.,0.,0.));
#8973=DIRECTION('',(-1.,0.,0.));
#8974=DIRECTION('',(0.,3.491481338843E-15,-1.));
#8975=DIRECTION('',(1.,0.,0.));
#8976=DIRECTION('',(0.,-3.491481338843E-15,1.));
#8977=DIRECTION('',(-1.,0.,0.));
#8978=DIRECTION('',(0.,3.491481338843E-15,-1.));
#8979=DIRECTION('',(1.,0.,0.));
#8980=DIRECTION('',(0.,-3.491481338843E-15,1.));
#8981=DIRECTION('center_axis',(0.,1.,3.491481338843E-15));
#8982=DIRECTION('ref_axis',(-1.,0.,0.));
#8983=DIRECTION('center_axis',(0.,1.,3.491481338843E-15));
#8984=DIRECTION('ref_axis',(-1.,0.,0.));
#8985=DIRECTION('center_axis',(0.,1.,3.491481338843E-15));
#8986=DIRECTION('ref_axis',(-1.,0.,0.));
#8987=DIRECTION('center_axis',(0.,1.,3.491481338843E-15));
#8988=DIRECTION('ref_axis',(-1.,0.,0.));
#8989=DIRECTION('center_axis',(1.49252442513148E-16,0.0625340121186281,
-0.99804283341365));
#8990=DIRECTION('ref_axis',(-3.0814879110185E-33,0.99804283341365,0.0625340121186281));
#8991=DIRECTION('',(0.,0.99804283341365,0.0625340121186281));
#8992=DIRECTION('center_axis',(-1.49252442513148E-16,0.0625340121186281,
0.99804283341365));
#8993=DIRECTION('ref_axis',(0.,-0.99804283341365,0.0625340121186281));
#8994=DIRECTION('',(0.,-0.99804283341365,0.0625340121186281));
#8995=DIRECTION('center_axis',(-1.,1.811532451939E-17,-2.891205793295E-16));
#8996=DIRECTION('ref_axis',(2.891205793295E-16,3.491481338843E-15,-1.));
#8997=DIRECTION('center_axis',(1.49252442513148E-16,0.0625340121186281,
-0.99804283341365));
#8998=DIRECTION('ref_axis',(-3.0814879110185E-33,0.99804283341365,0.0625340121186281));
#8999=DIRECTION('',(0.,-0.99804283341365,-0.0625340121186281));
#9000=DIRECTION('center_axis',(-1.49252442513148E-16,0.0625340121186281,
0.99804283341365));
#9001=DIRECTION('ref_axis',(0.,-0.99804283341365,0.0625340121186281));
#9002=DIRECTION('',(0.,0.99804283341365,-0.0625340121186281));
#9003=DIRECTION('center_axis',(-1.,-1.552742101662E-17,-2.478176394253E-16));
#9004=DIRECTION('ref_axis',(2.478176394253E-16,3.491481338843E-15,-1.));
#9005=DIRECTION('center_axis',(0.,-3.491481338843E-15,1.));
#9006=DIRECTION('ref_axis',(0.,-1.,-3.491481338843E-15));
#9007=DIRECTION('',(0.,1.,3.491481338843E-15));
#9008=DIRECTION('',(-1.,0.,0.));
#9009=DIRECTION('',(-1.,0.,0.));
#9010=DIRECTION('center_axis',(0.,-1.,-3.491481338843E-15));
#9011=DIRECTION('ref_axis',(1.,0.,0.));
#9012=DIRECTION('',(0.,1.,3.491481338843E-15));
#9013=DIRECTION('center_axis',(0.,-1.,-3.491481338843E-15));
#9014=DIRECTION('ref_axis',(4.584626329368E-14,-3.491481338843E-15,1.));
#9015=DIRECTION('center_axis',(0.,-1.,-3.491481338843E-15));
#9016=DIRECTION('ref_axis',(4.584626329368E-14,-3.491481338843E-15,1.));
#9017=DIRECTION('center_axis',(-0.998623512878568,-1.83130759932521E-16,
0.0524507342757773));
#9018=DIRECTION('ref_axis',(-0.0524507342757773,3.48667535974349E-15,-0.998623512878568));
#9019=DIRECTION('',(0.,1.,3.491481338843E-15));
#9020=DIRECTION('',(0.0502386919685138,-0.287347885566021,0.956507849675072));
#9021=DIRECTION('',(-0.0524507342757773,3.48667535974349E-15,-0.998623512878568));
#9022=DIRECTION('',(-0.0524507342757773,3.48667535974349E-15,-0.998623512878568));
#9023=DIRECTION('',(-0.0502386919685138,-0.287347885566021,-0.956507849675072));
#9024=DIRECTION('center_axis',(0.,-1.,-3.491481338843E-15));
#9025=DIRECTION('ref_axis',(1.,0.,0.));
#9026=DIRECTION('',(0.998623512878568,1.83130759932521E-16,-0.0524507342757773));
#9027=DIRECTION('',(-0.0524507342757773,3.48667535974349E-15,-0.998623512878568));
#9028=DIRECTION('',(-0.998623512878568,-1.83130759932521E-16,0.0524507342757773));
#9029=DIRECTION('center_axis',(0.998623512878568,1.83130759932521E-16,-0.0524507342757773));
#9030=DIRECTION('ref_axis',(0.0524507342757773,-3.48667535974349E-15,0.998623512878568));
#9031=DIRECTION('',(-0.0502386919685138,0.287347885566021,-0.956507849675072));
#9032=DIRECTION('',(0.,-1.,-3.491481338843E-15));
#9033=DIRECTION('',(0.0502386919685138,0.287347885566021,0.956507849675072));
#9034=DIRECTION('',(-0.0524507342757773,3.48667535974349E-15,-0.998623512878568));
#9035=DIRECTION('',(0.,-1.,-3.491481338843E-15));
#9036=DIRECTION('center_axis',(0.,1.,3.491481338843E-15));
#9037=DIRECTION('ref_axis',(-1.,0.,0.));
#9038=DIRECTION('',(-0.998623512878568,-1.83130759932521E-16,0.0524507342757773));
#9039=DIRECTION('',(0.998623512878568,1.83130759932521E-16,-0.0524507342757773));
#9040=DIRECTION('center_axis',(0.,-1.,-3.491481338843E-15));
#9041=DIRECTION('ref_axis',(1.,0.,0.));
#9042=DIRECTION('center_axis',(0.,-1.,-3.491481338843E-15));
#9043=DIRECTION('ref_axis',(3.209238430558E-13,-3.491481338843E-15,1.));
#9044=DIRECTION('',(0.,-3.491481338843E-15,1.));
#9045=DIRECTION('center_axis',(0.,-1.,-3.491481338843E-15));
#9046=DIRECTION('ref_axis',(1.,0.,0.));
#9047=DIRECTION('',(0.,-1.,-3.491481338843E-15));
#9048=DIRECTION('center_axis',(0.,-1.,-3.491481338843E-15));
#9049=DIRECTION('ref_axis',(3.209238430558E-13,-3.491481338843E-15,1.));
#9050=DIRECTION('center_axis',(0.,1.,3.491481338843E-15));
#9051=DIRECTION('ref_axis',(-1.,0.,0.));
#9052=DIRECTION('',(0.,3.491481338843E-15,-1.));
#9053=DIRECTION('center_axis',(0.,-1.,-3.491481338843E-15));
#9054=DIRECTION('ref_axis',(1.,0.,0.));
#9055=DIRECTION('',(-1.,0.,0.));
#9056=DIRECTION('center_axis',(0.,3.491481338843E-15,-1.));
#9057=DIRECTION('ref_axis',(0.,1.,3.491481338843E-15));
#9058=DIRECTION('',(-1.,0.,0.));
#9059=DIRECTION('center_axis',(0.,1.,3.491481338843E-15));
#9060=DIRECTION('ref_axis',(-1.,0.,0.));
#9061=DIRECTION('center_axis',(-0.0524507342757773,3.48667535974349E-15,
-0.998623512878568));
#9062=DIRECTION('ref_axis',(9.81145750868633E-29,-1.,-3.49148133884113E-15));
#9063=DIRECTION('',(-0.998623512878568,-1.83130759932521E-16,0.0524507342757773));
#9064=DIRECTION('',(0.998623512878568,1.83130759932521E-16,-0.0524507342757773));
#9065=DIRECTION('center_axis',(0.,-3.491481338843E-15,1.));
#9066=DIRECTION('ref_axis',(0.,-1.,-3.491481338843E-15));
#9067=DIRECTION('',(0.,1.,3.491481338843E-15));
#9068=DIRECTION('',(-1.,0.,0.));
#9069=DIRECTION('',(-1.,0.,0.));
#9070=DIRECTION('center_axis',(0.,-1.,-3.491481338843E-15));
#9071=DIRECTION('ref_axis',(1.,0.,0.));
#9072=DIRECTION('',(0.,1.,3.491481338843E-15));
#9073=DIRECTION('center_axis',(0.,-1.,-3.491481338843E-15));
#9074=DIRECTION('ref_axis',(4.584626329368E-14,-3.491481338843E-15,1.));
#9075=DIRECTION('center_axis',(0.,-1.,-3.491481338843E-15));
#9076=DIRECTION('ref_axis',(4.584626329368E-14,-3.491481338843E-15,1.));
#9077=DIRECTION('center_axis',(-0.998623512878568,-1.83130759932521E-16,
0.0524507342757773));
#9078=DIRECTION('ref_axis',(-0.0524507342757773,3.48667535974349E-15,-0.998623512878568));
#9079=DIRECTION('',(0.,1.,3.491481338843E-15));
#9080=DIRECTION('',(0.0502386919685138,-0.287347885566021,0.956507849675072));
#9081=DIRECTION('',(-0.0524507342757773,3.48667535974349E-15,-0.998623512878568));
#9082=DIRECTION('',(-0.0524507342757773,3.48667535974349E-15,-0.998623512878568));
#9083=DIRECTION('',(-0.0502386919685138,-0.287347885566021,-0.956507849675072));
#9084=DIRECTION('center_axis',(0.,-1.,-3.491481338843E-15));
#9085=DIRECTION('ref_axis',(1.,0.,0.));
#9086=DIRECTION('',(0.998623512878568,1.83130759932521E-16,-0.0524507342757773));
#9087=DIRECTION('',(-0.0524507342757773,3.48667535974349E-15,-0.998623512878568));
#9088=DIRECTION('',(-0.998623512878568,-1.83130759932521E-16,0.0524507342757773));
#9089=DIRECTION('center_axis',(0.998623512878568,1.83130759932521E-16,-0.0524507342757773));
#9090=DIRECTION('ref_axis',(0.0524507342757773,-3.48667535974349E-15,0.998623512878568));
#9091=DIRECTION('',(-0.0502386919685138,0.287347885566021,-0.956507849675072));
#9092=DIRECTION('',(0.,-1.,-3.491481338843E-15));
#9093=DIRECTION('',(0.0502386919685138,0.287347885566021,0.956507849675072));
#9094=DIRECTION('',(-0.0524507342757773,3.48667535974349E-15,-0.998623512878568));
#9095=DIRECTION('',(0.,-1.,-3.491481338843E-15));
#9096=DIRECTION('center_axis',(0.,1.,3.491481338843E-15));
#9097=DIRECTION('ref_axis',(-1.,0.,0.));
#9098=DIRECTION('',(-0.998623512878568,-1.83130759932521E-16,0.0524507342757773));
#9099=DIRECTION('',(0.998623512878568,1.83130759932521E-16,-0.0524507342757773));
#9100=DIRECTION('center_axis',(0.,-1.,-3.491481338843E-15));
#9101=DIRECTION('ref_axis',(1.,0.,0.));
#9102=DIRECTION('center_axis',(0.,-1.,-3.491481338843E-15));
#9103=DIRECTION('ref_axis',(3.209238430558E-13,-3.491481338843E-15,1.));
#9104=DIRECTION('',(0.,-3.491481338843E-15,1.));
#9105=DIRECTION('center_axis',(0.,-1.,-3.491481338843E-15));
#9106=DIRECTION('ref_axis',(1.,0.,0.));
#9107=DIRECTION('',(0.,-1.,-3.491481338843E-15));
#9108=DIRECTION('center_axis',(0.,-1.,-3.491481338843E-15));
#9109=DIRECTION('ref_axis',(3.209238430558E-13,-3.491481338843E-15,1.));
#9110=DIRECTION('center_axis',(0.,1.,3.491481338843E-15));
#9111=DIRECTION('ref_axis',(-1.,0.,0.));
#9112=DIRECTION('',(0.,3.491481338843E-15,-1.));
#9113=DIRECTION('center_axis',(0.,-1.,-3.491481338843E-15));
#9114=DIRECTION('ref_axis',(1.,0.,0.));
#9115=DIRECTION('',(-1.,0.,0.));
#9116=DIRECTION('center_axis',(0.,3.491481338843E-15,-1.));
#9117=DIRECTION('ref_axis',(0.,1.,3.491481338843E-15));
#9118=DIRECTION('',(-1.,0.,0.));
#9119=DIRECTION('center_axis',(0.,1.,3.491481338843E-15));
#9120=DIRECTION('ref_axis',(-1.,0.,0.));
#9121=DIRECTION('center_axis',(-0.0524507342757773,3.48667535974349E-15,
-0.998623512878568));
#9122=DIRECTION('ref_axis',(9.81145750868633E-29,-1.,-3.49148133884113E-15));
#9123=DIRECTION('',(-0.998623512878568,-1.83130759932521E-16,0.0524507342757773));
#9124=DIRECTION('',(0.998623512878568,1.83130759932521E-16,-0.0524507342757773));
#9125=DIRECTION('center_axis',(0.0150716075905543,0.957826285221274,0.286952354902082));
#9126=DIRECTION('ref_axis',(-0.998623512878568,2.7746901998237E-14,0.0524507342757857));
#9127=DIRECTION('center_axis',(0.0150716075905543,-0.957826285221274,0.286952354902082));
#9128=DIRECTION('ref_axis',(0.998623512878568,2.77763922973286E-14,-0.0524507342757856));
#9129=DIRECTION('center_axis',(0.0150716075905543,0.957826285221274,0.286952354902082));
#9130=DIRECTION('ref_axis',(-0.998623512878568,2.7746901998237E-14,0.0524507342757857));
#9131=DIRECTION('center_axis',(0.0150716075905543,-0.957826285221274,0.286952354902082));
#9132=DIRECTION('ref_axis',(0.998623512878568,2.77763922973286E-14,-0.0524507342757856));
#9133=DIRECTION('center_axis',(0.,-3.491481338843E-15,1.));
#9134=DIRECTION('ref_axis',(0.,-1.,-3.491481338843E-15));
#9135=DIRECTION('',(0.,-1.,-3.491481338843E-15));
#9136=DIRECTION('',(1.,0.,0.));
#9137=DIRECTION('',(1.,0.,0.));
#9138=DIRECTION('center_axis',(0.,1.,3.491481338843E-15));
#9139=DIRECTION('ref_axis',(-1.,0.,0.));
#9140=DIRECTION('',(0.,-1.,-3.491481338843E-15));
#9141=DIRECTION('center_axis',(0.,1.,3.491481338843E-15));
#9142=DIRECTION('ref_axis',(-4.584626329368E-14,-3.491481338843E-15,1.));
#9143=DIRECTION('center_axis',(0.,1.,3.491481338843E-15));
#9144=DIRECTION('ref_axis',(-4.584626329368E-14,-3.491481338843E-15,1.));
#9145=DIRECTION('center_axis',(0.998623512878568,-1.83130759932521E-16,
0.0524507342757773));
#9146=DIRECTION('ref_axis',(-0.0524507342757773,-3.48667535974349E-15,0.998623512878568));
#9147=DIRECTION('',(0.0524507342757773,3.48667535974349E-15,-0.998623512878568));
#9148=DIRECTION('',(0.0502386919685138,0.287347885566021,-0.956507849675072));
#9149=DIRECTION('',(0.,-1.,-3.491481338843E-15));
#9150=DIRECTION('',(-0.0502386919685138,0.287347885566021,0.956507849675072));
#9151=DIRECTION('',(0.0524507342757773,3.48667535974349E-15,-0.998623512878568));
#9152=DIRECTION('center_axis',(0.,1.,3.491481338843E-15));
#9153=DIRECTION('ref_axis',(-1.,0.,0.));
#9154=DIRECTION('',(-0.998623512878568,1.83130759932521E-16,-0.0524507342757773));
#9155=DIRECTION('',(0.0524507342757773,3.48667535974349E-15,-0.998623512878568));
#9156=DIRECTION('',(0.998623512878568,-1.83130759932521E-16,0.0524507342757773));
#9157=DIRECTION('center_axis',(-0.998623512878568,1.83130759932521E-16,
-0.0524507342757773));
#9158=DIRECTION('ref_axis',(0.0524507342757773,3.48667535974349E-15,-0.998623512878568));
#9159=DIRECTION('',(0.,1.,3.491481338843E-15));
#9160=DIRECTION('',(-0.0502386919685138,-0.287347885566021,0.956507849675072));
#9161=DIRECTION('',(0.0524507342757773,3.48667535974349E-15,-0.998623512878568));
#9162=DIRECTION('',(0.,1.,3.491481338843E-15));
#9163=DIRECTION('',(0.0502386919685138,-0.287347885566021,-0.956507849675072));
#9164=DIRECTION('center_axis',(0.,-1.,-3.491481338843E-15));
#9165=DIRECTION('ref_axis',(1.,0.,0.));
#9166=DIRECTION('',(0.998623512878568,-1.83130759932521E-16,0.0524507342757773));
#9167=DIRECTION('',(-0.998623512878568,1.83130759932521E-16,-0.0524507342757773));
#9168=DIRECTION('center_axis',(0.,1.,3.491481338843E-15));
#9169=DIRECTION('ref_axis',(-1.,0.,0.));
#9170=DIRECTION('center_axis',(0.,1.,3.491481338843E-15));
#9171=DIRECTION('ref_axis',(-3.209238430558E-13,-3.491481338843E-15,1.));
#9172=DIRECTION('',(0.,-3.491481338843E-15,1.));
#9173=DIRECTION('center_axis',(0.,1.,3.491481338843E-15));
#9174=DIRECTION('ref_axis',(-1.,0.,0.));
#9175=DIRECTION('',(0.,1.,3.491481338843E-15));
#9176=DIRECTION('center_axis',(0.,1.,3.491481338843E-15));
#9177=DIRECTION('ref_axis',(-3.209238430558E-13,-3.491481338843E-15,1.));
#9178=DIRECTION('center_axis',(0.,-1.,-3.491481338843E-15));
#9179=DIRECTION('ref_axis',(1.,0.,0.));
#9180=DIRECTION('',(0.,3.491481338843E-15,-1.));
#9181=DIRECTION('center_axis',(0.,1.,3.491481338843E-15));
#9182=DIRECTION('ref_axis',(-1.,0.,0.));
#9183=DIRECTION('',(1.,0.,0.));
#9184=DIRECTION('center_axis',(0.,3.491481338843E-15,-1.));
#9185=DIRECTION('ref_axis',(0.,1.,3.491481338843E-15));
#9186=DIRECTION('',(1.,0.,0.));
#9187=DIRECTION('center_axis',(0.,-1.,-3.491481338843E-15));
#9188=DIRECTION('ref_axis',(1.,0.,0.));
#9189=DIRECTION('center_axis',(0.0524507342757773,3.48667535974349E-15,
-0.998623512878568));
#9190=DIRECTION('ref_axis',(-9.81145750868633E-29,-1.,-3.49148133884113E-15));
#9191=DIRECTION('',(-0.998623512878568,1.83130759932521E-16,-0.0524507342757773));
#9192=DIRECTION('',(0.998623512878568,-1.83130759932521E-16,0.0524507342757773));
#9193=DIRECTION('center_axis',(0.,-3.491481338843E-15,1.));
#9194=DIRECTION('ref_axis',(0.,-1.,-3.491481338843E-15));
#9195=DIRECTION('',(0.,-1.,-3.491481338843E-15));
#9196=DIRECTION('',(1.,0.,0.));
#9197=DIRECTION('',(1.,0.,0.));
#9198=DIRECTION('center_axis',(0.,1.,3.491481338843E-15));
#9199=DIRECTION('ref_axis',(-1.,0.,0.));
#9200=DIRECTION('',(0.,-1.,-3.491481338843E-15));
#9201=DIRECTION('center_axis',(0.,1.,3.491481338843E-15));
#9202=DIRECTION('ref_axis',(-4.584626329368E-14,-3.491481338843E-15,1.));
#9203=DIRECTION('center_axis',(0.,1.,3.491481338843E-15));
#9204=DIRECTION('ref_axis',(-4.584626329368E-14,-3.491481338843E-15,1.));
#9205=DIRECTION('center_axis',(0.998623512878568,-1.83130759932521E-16,
0.0524507342757773));
#9206=DIRECTION('ref_axis',(-0.0524507342757773,-3.48667535974349E-15,0.998623512878568));
#9207=DIRECTION('',(0.0524507342757773,3.48667535974349E-15,-0.998623512878568));
#9208=DIRECTION('',(0.0502386919685138,0.287347885566021,-0.956507849675072));
#9209=DIRECTION('',(0.,-1.,-3.491481338843E-15));
#9210=DIRECTION('',(-0.0502386919685138,0.287347885566021,0.956507849675072));
#9211=DIRECTION('',(0.0524507342757773,3.48667535974349E-15,-0.998623512878568));
#9212=DIRECTION('center_axis',(0.,1.,3.491481338843E-15));
#9213=DIRECTION('ref_axis',(-1.,0.,0.));
#9214=DIRECTION('',(-0.998623512878568,1.83130759932521E-16,-0.0524507342757773));
#9215=DIRECTION('',(0.0524507342757773,3.48667535974349E-15,-0.998623512878568));
#9216=DIRECTION('',(0.998623512878568,-1.83130759932521E-16,0.0524507342757773));
#9217=DIRECTION('center_axis',(-0.998623512878568,1.83130759932521E-16,
-0.0524507342757773));
#9218=DIRECTION('ref_axis',(0.0524507342757773,3.48667535974349E-15,-0.998623512878568));
#9219=DIRECTION('',(0.,1.,3.491481338843E-15));
#9220=DIRECTION('',(-0.0502386919685138,-0.287347885566021,0.956507849675072));
#9221=DIRECTION('',(0.0524507342757773,3.48667535974349E-15,-0.998623512878568));
#9222=DIRECTION('',(0.,1.,3.491481338843E-15));
#9223=DIRECTION('',(0.0502386919685138,-0.287347885566021,-0.956507849675072));
#9224=DIRECTION('center_axis',(0.,-1.,-3.491481338843E-15));
#9225=DIRECTION('ref_axis',(1.,0.,0.));
#9226=DIRECTION('',(0.998623512878568,-1.83130759932521E-16,0.0524507342757773));
#9227=DIRECTION('',(-0.998623512878568,1.83130759932521E-16,-0.0524507342757773));
#9228=DIRECTION('center_axis',(0.,1.,3.491481338843E-15));
#9229=DIRECTION('ref_axis',(-1.,0.,0.));
#9230=DIRECTION('center_axis',(0.,1.,3.491481338843E-15));
#9231=DIRECTION('ref_axis',(-3.209238430558E-13,-3.491481338843E-15,1.));
#9232=DIRECTION('',(0.,-3.491481338843E-15,1.));
#9233=DIRECTION('center_axis',(0.,1.,3.491481338843E-15));
#9234=DIRECTION('ref_axis',(-1.,0.,0.));
#9235=DIRECTION('',(0.,1.,3.491481338843E-15));
#9236=DIRECTION('center_axis',(0.,1.,3.491481338843E-15));
#9237=DIRECTION('ref_axis',(-3.209238430558E-13,-3.491481338843E-15,1.));
#9238=DIRECTION('center_axis',(0.,-1.,-3.491481338843E-15));
#9239=DIRECTION('ref_axis',(1.,0.,0.));
#9240=DIRECTION('',(0.,3.491481338843E-15,-1.));
#9241=DIRECTION('center_axis',(0.,1.,3.491481338843E-15));
#9242=DIRECTION('ref_axis',(-1.,0.,0.));
#9243=DIRECTION('',(1.,0.,0.));
#9244=DIRECTION('center_axis',(0.,3.491481338843E-15,-1.));
#9245=DIRECTION('ref_axis',(0.,1.,3.491481338843E-15));
#9246=DIRECTION('',(1.,0.,0.));
#9247=DIRECTION('center_axis',(0.,-1.,-3.491481338843E-15));
#9248=DIRECTION('ref_axis',(1.,0.,0.));
#9249=DIRECTION('center_axis',(0.0524507342757773,3.48667535974349E-15,
-0.998623512878568));
#9250=DIRECTION('ref_axis',(-9.81145750868633E-29,-1.,-3.49148133884113E-15));
#9251=DIRECTION('',(-0.998623512878568,1.83130759932521E-16,-0.0524507342757773));
#9252=DIRECTION('',(0.998623512878568,-1.83130759932521E-16,0.0524507342757773));
#9253=DIRECTION('center_axis',(-0.0150716075905543,0.957826285221274,0.286952354902082));
#9254=DIRECTION('ref_axis',(-0.998623512878568,-2.7746901998237E-14,-0.0524507342757857));
#9255=DIRECTION('center_axis',(-0.0150716075905543,-0.957826285221274,0.286952354902082));
#9256=DIRECTION('ref_axis',(0.998623512878568,-2.77763922973286E-14,0.0524507342757856));
#9257=DIRECTION('center_axis',(-0.0150716075905543,0.957826285221274,0.286952354902082));
#9258=DIRECTION('ref_axis',(-0.998623512878568,-2.7746901998237E-14,-0.0524507342757857));
#9259=DIRECTION('center_axis',(-0.0150716075905543,-0.957826285221274,0.286952354902082));
#9260=DIRECTION('ref_axis',(0.998623512878568,-2.77763922973286E-14,0.0524507342757856));
#9261=DIRECTION('center_axis',(0.,-3.491481338843E-15,1.));
#9262=DIRECTION('ref_axis',(0.,-1.,-3.491481338843E-15));
#9263=DIRECTION('',(1.,0.,0.));
#9264=DIRECTION('',(0.,1.,3.491481338843E-15));
#9265=DIRECTION('',(0.,1.,3.491481338843E-15));
#9266=DIRECTION('center_axis',(-1.,0.,0.));
#9267=DIRECTION('ref_axis',(0.,-1.,-3.433306879537E-15));
#9268=DIRECTION('',(1.,0.,0.));
#9269=DIRECTION('center_axis',(-1.,0.,0.));
#9270=DIRECTION('ref_axis',(0.,-5.637851296925E-14,1.));
#9271=DIRECTION('center_axis',(-1.,0.,0.));
#9272=DIRECTION('ref_axis',(0.,-5.637851296925E-14,1.));
#9273=DIRECTION('center_axis',(0.,0.999463723637255,0.0327454597334084));
#9274=DIRECTION('ref_axis',(0.,-0.0327454597334084,0.999463723637255));
#9275=DIRECTION('',(1.,0.,0.));
#9276=DIRECTION('',(-0.287347885565966,-0.0313644620542963,0.957312625624886));
#9277=DIRECTION('',(0.,0.0327454597334084,-0.999463723637255));
#9278=DIRECTION('',(0.,0.0327454597334084,-0.999463723637255));
#9279=DIRECTION('',(-0.287347885565966,0.0313644620542963,-0.957312625624886));
#9280=DIRECTION('center_axis',(-1.,0.,0.));
#9281=DIRECTION('ref_axis',(0.,-1.,-3.491481338843E-15));
#9282=DIRECTION('',(0.,-0.999463723637255,-0.0327454597334084));
#9283=DIRECTION('',(0.,0.0327454597334084,-0.999463723637255));
#9284=DIRECTION('',(0.,0.999463723637255,0.0327454597334084));
#9285=DIRECTION('center_axis',(0.,-0.999463723637255,-0.0327454597334084));
#9286=DIRECTION('ref_axis',(0.,0.0327454597334084,-0.999463723637255));
#9287=DIRECTION('',(0.287347885565966,0.0313644620542963,-0.957312625624886));
#9288=DIRECTION('',(-1.,0.,0.));
#9289=DIRECTION('',(0.287347885565966,-0.0313644620542963,0.957312625624886));
#9290=DIRECTION('',(0.,0.0327454597334084,-0.999463723637255));
#9291=DIRECTION('',(-1.,0.,0.));
#9292=DIRECTION('center_axis',(1.,0.,0.));
#9293=DIRECTION('ref_axis',(0.,1.,3.491481338843E-15));
#9294=DIRECTION('',(0.,0.999463723637255,0.0327454597334084));
#9295=DIRECTION('',(0.,-0.999463723637255,-0.0327454597334084));
#9296=DIRECTION('center_axis',(-1.,0.,0.));
#9297=DIRECTION('ref_axis',(0.,-1.,-3.491481338843E-15));
#9298=DIRECTION('',(0.,-3.491481338843E-15,1.));
#9299=DIRECTION('center_axis',(1.,0.,0.));
#9300=DIRECTION('ref_axis',(0.,1.,3.491481338843E-15));
#9301=DIRECTION('',(0.,3.491481338843E-15,-1.));
#9302=DIRECTION('center_axis',(-1.,0.,0.));
#9303=DIRECTION('ref_axis',(0.,-1.,-3.491481338843E-15));
#9304=DIRECTION('',(0.,1.,3.491481338843E-15));
#9305=DIRECTION('center_axis',(0.,3.491481338843E-15,-1.));
#9306=DIRECTION('ref_axis',(0.,1.,3.491481338843E-15));
#9307=DIRECTION('',(0.,1.,3.491481338843E-15));
#9308=DIRECTION('center_axis',(1.,0.,0.));
#9309=DIRECTION('ref_axis',(0.,1.,3.491481338843E-15));
#9310=DIRECTION('center_axis',(0.,0.0327454597334084,-0.999463723637255));
#9311=DIRECTION('ref_axis',(-1.,0.,0.));
#9312=DIRECTION('',(0.,0.999463723637255,0.0327454597334084));
#9313=DIRECTION('',(0.,-0.999463723637255,-0.0327454597334084));
#9314=DIRECTION('center_axis',(0.,-3.491481338843E-15,1.));
#9315=DIRECTION('ref_axis',(0.,-1.,-3.491481338843E-15));
#9316=DIRECTION('',(1.,0.,0.));
#9317=DIRECTION('',(0.,1.,3.491481338843E-15));
#9318=DIRECTION('',(0.,1.,3.491481338843E-15));
#9319=DIRECTION('center_axis',(-1.,0.,0.));
#9320=DIRECTION('ref_axis',(0.,-1.,-3.433306879537E-15));
#9321=DIRECTION('',(1.,0.,0.));
#9322=DIRECTION('center_axis',(-1.,0.,0.));
#9323=DIRECTION('ref_axis',(0.,-5.637851296925E-14,1.));
#9324=DIRECTION('center_axis',(-1.,0.,0.));
#9325=DIRECTION('ref_axis',(0.,-5.637851296925E-14,1.));
#9326=DIRECTION('center_axis',(0.,0.999463723637255,0.0327454597334084));
#9327=DIRECTION('ref_axis',(0.,-0.0327454597334084,0.999463723637255));
#9328=DIRECTION('',(1.,0.,0.));
#9329=DIRECTION('',(-0.287347885565966,-0.0313644620542963,0.957312625624886));
#9330=DIRECTION('',(0.,0.0327454597334084,-0.999463723637255));
#9331=DIRECTION('',(0.,0.0327454597334084,-0.999463723637255));
#9332=DIRECTION('',(-0.287347885565966,0.0313644620542963,-0.957312625624886));
#9333=DIRECTION('center_axis',(-1.,0.,0.));
#9334=DIRECTION('ref_axis',(0.,-1.,-3.491481338843E-15));
#9335=DIRECTION('',(0.,-0.999463723637255,-0.0327454597334084));
#9336=DIRECTION('',(0.,0.0327454597334084,-0.999463723637255));
#9337=DIRECTION('',(0.,0.999463723637255,0.0327454597334084));
#9338=DIRECTION('center_axis',(0.,-0.999463723637255,-0.0327454597334084));
#9339=DIRECTION('ref_axis',(0.,0.0327454597334084,-0.999463723637255));
#9340=DIRECTION('',(0.287347885565966,0.0313644620542963,-0.957312625624886));
#9341=DIRECTION('',(-1.,0.,0.));
#9342=DIRECTION('',(0.287347885565966,-0.0313644620542963,0.957312625624886));
#9343=DIRECTION('',(0.,0.0327454597334084,-0.999463723637255));
#9344=DIRECTION('',(-1.,0.,0.));
#9345=DIRECTION('center_axis',(1.,0.,0.));
#9346=DIRECTION('ref_axis',(0.,1.,3.491481338843E-15));
#9347=DIRECTION('',(0.,0.999463723637255,0.0327454597334084));
#9348=DIRECTION('',(0.,-0.999463723637255,-0.0327454597334084));
#9349=DIRECTION('center_axis',(-1.,0.,0.));
#9350=DIRECTION('ref_axis',(0.,-1.,-3.491481338843E-15));
#9351=DIRECTION('',(0.,-3.491481338843E-15,1.));
#9352=DIRECTION('center_axis',(1.,0.,0.));
#9353=DIRECTION('ref_axis',(0.,1.,3.491481338843E-15));
#9354=DIRECTION('',(0.,3.491481338843E-15,-1.));
#9355=DIRECTION('center_axis',(-1.,0.,0.));
#9356=DIRECTION('ref_axis',(0.,-1.,-3.491481338843E-15));
#9357=DIRECTION('',(0.,1.,3.491481338843E-15));
#9358=DIRECTION('center_axis',(0.,3.491481338843E-15,-1.));
#9359=DIRECTION('ref_axis',(0.,1.,3.491481338843E-15));
#9360=DIRECTION('',(0.,1.,3.491481338843E-15));
#9361=DIRECTION('center_axis',(1.,0.,0.));
#9362=DIRECTION('ref_axis',(0.,1.,3.491481338843E-15));
#9363=DIRECTION('center_axis',(0.,0.0327454597334084,-0.999463723637255));
#9364=DIRECTION('ref_axis',(-1.,0.,0.));
#9365=DIRECTION('',(0.,0.999463723637255,0.0327454597334084));
#9366=DIRECTION('',(0.,-0.999463723637255,-0.0327454597334084));
#9367=DIRECTION('center_axis',(0.957826285221258,-0.00940933861629353,0.287193787687077));
#9368=DIRECTION('ref_axis',(1.18134668714051E-14,0.999463723637255,0.0327454597334119));
#9369=DIRECTION('center_axis',(-0.957826285221258,-0.00940933861629353,
0.287193787687077));
#9370=DIRECTION('ref_axis',(1.18134668714051E-14,-0.999463723637255,-0.0327454597334119));
#9371=DIRECTION('center_axis',(0.957826285221258,-0.00940933861629353,0.287193787687077));
#9372=DIRECTION('ref_axis',(1.18134668714051E-14,0.999463723637255,0.0327454597334119));
#9373=DIRECTION('center_axis',(-0.957826285221258,-0.00940933861629353,
0.287193787687077));
#9374=DIRECTION('ref_axis',(1.18134668714051E-14,-0.999463723637255,-0.0327454597334119));
#9375=DIRECTION('center_axis',(-0.946670776072262,-0.322202485606089,-1.12496396582331E-15));
#9376=DIRECTION('ref_axis',(0.322202485606089,-0.946670776072262,-3.30528334868491E-15));
#9377=DIRECTION('',(0.,3.491481338843E-15,-1.));
#9378=DIRECTION('',(0.,3.491481338843E-15,-1.));
#9379=DIRECTION('',(0.322202485606864,-0.946670776071998,0.));
#9380=DIRECTION('center_axis',(0.,-1.,-3.491481338843E-15));
#9381=DIRECTION('ref_axis',(1.,0.,0.));
#9382=DIRECTION('',(0.,3.491481338843E-15,-1.));
#9383=DIRECTION('',(1.,0.,0.));
#9384=DIRECTION('center_axis',(0.940667260543554,-0.339330377274839,-1.18476567995744E-15));
#9385=DIRECTION('ref_axis',(0.339330377274839,0.940667260543555,3.28432218624644E-15));
#9386=DIRECTION('',(0.,3.491481338843E-15,-1.));
#9387=DIRECTION('',(0.339330377260997,0.940667260548548,0.));
#9388=DIRECTION('center_axis',(8.890457814381E-14,-1.,-3.491481338843E-15));
#9389=DIRECTION('ref_axis',(1.,8.890457814381E-14,3.104086755268E-28));
#9390=DIRECTION('',(0.,3.491481338843E-15,-1.));
#9391=DIRECTION('',(1.,0.,0.));
#9392=DIRECTION('center_axis',(-0.931577619484953,0.363542485652982,1.26930180453294E-15));
#9393=DIRECTION('ref_axis',(-0.363542485652982,-0.931577619484953,-3.25258587411584E-15));
#9394=DIRECTION('',(0.,3.491481338843E-15,-1.));
#9395=DIRECTION('',(-0.363542485651622,-0.931577619485484,0.));
#9396=DIRECTION('center_axis',(0.,1.,3.491481338843E-15));
#9397=DIRECTION('ref_axis',(-1.,0.,0.));
#9398=DIRECTION('',(0.,3.491481338843E-15,-1.));
#9399=DIRECTION('',(-1.,0.,0.));
#9400=DIRECTION('center_axis',(0.935388263580144,0.353622392329054,1.23466598381419E-15));
#9401=DIRECTION('ref_axis',(-0.353622392329054,0.935388263580144,3.2658906668635E-15));
#9402=DIRECTION('',(0.,3.491481338843E-15,-1.));
#9403=DIRECTION('',(-0.353622392329675,0.935388263579909,0.));
#9404=DIRECTION('center_axis',(0.,-1.,-3.491481338843E-15));
#9405=DIRECTION('ref_axis',(1.,0.,0.));
#9406=DIRECTION('',(1.,0.,0.));
#9407=DIRECTION('center_axis',(0.,-3.491481338843E-15,1.));
#9408=DIRECTION('ref_axis',(0.,-1.,-3.491481338843E-15));
#9409=DIRECTION('',(0.336390827665639,-0.941722470297075,0.));
#9410=DIRECTION('',(0.339053795474983,0.940766986970742,0.));
#9411=DIRECTION('',(-1.,0.,0.));
#9412=DIRECTION('center_axis',(-0.94172247029727,-0.336390827665096,-1.17450229735234E-15));
#9413=DIRECTION('ref_axis',(0.336390827665096,-0.94172247029727,-3.28800643141294E-15));
#9414=DIRECTION('',(0.,3.491481338843E-15,-1.));
#9415=DIRECTION('',(0.,3.491481338843E-15,-1.));
#9416=DIRECTION('',(0.336390827665639,-0.941722470297075,1.12568430286226E-14));
#9417=DIRECTION('center_axis',(0.,1.,3.491481338843E-15));
#9418=DIRECTION('ref_axis',(-1.,0.,0.));
#9419=DIRECTION('',(0.,3.491481338843E-15,-1.));
#9420=DIRECTION('',(-1.,0.,0.));
#9421=DIRECTION('center_axis',(0.940766986967117,-0.339053795485042,-1.18379999980115E-15));
#9422=DIRECTION('ref_axis',(0.339053795485042,0.940766986967117,3.28467037919541E-15));
#9423=DIRECTION('',(0.,3.491481338843E-15,-1.));
#9424=DIRECTION('',(0.339053795474983,0.940766986970742,0.));
#9425=DIRECTION('',(0.,3.491481338843E-15,-1.));
#9426=DIRECTION('center_axis',(1.,1.626303258728E-15,5.67820747915E-30));
#9427=DIRECTION('ref_axis',(-1.626303258728E-15,1.,3.491481338843E-15));
#9428=DIRECTION('',(0.,3.491481338843E-15,-1.));
#9429=DIRECTION('',(0.,3.491481338843E-15,-1.));
#9430=DIRECTION('',(0.,1.,3.491481338843E-15));
#9431=DIRECTION('center_axis',(-4.78477337172E-14,-1.,-3.491481338843E-15));
#9432=DIRECTION('ref_axis',(1.,-4.78477337172E-14,-1.670594693795E-28));
#9433=DIRECTION('',(0.,3.491481338843E-15,-1.));
#9434=DIRECTION('',(1.,0.,0.));
#9435=DIRECTION('',(0.,3.491481338843E-15,-1.));
#9436=DIRECTION('',(0.,3.491481338843E-15,-1.));
#9437=DIRECTION('center_axis',(-4.610311682272E-14,1.,3.491481338843E-15));
#9438=DIRECTION('ref_axis',(-1.,-4.610311682272E-14,-1.60968172049E-28));
#9439=DIRECTION('',(-1.,0.,0.));
#9440=DIRECTION('center_axis',(0.,-3.491481338843E-15,1.));
#9441=DIRECTION('ref_axis',(0.,-1.,-3.491481338843E-15));
#9442=DIRECTION('',(-1.,0.,0.));
#9443=DIRECTION('',(0.,-1.,-3.491481338843E-15));
#9444=DIRECTION('',(1.,0.,0.));
#9445=DIRECTION('',(0.,3.491481338843E-15,-1.));
#9446=DIRECTION('',(0.,3.491481338843E-15,-1.));
#9447=DIRECTION('center_axis',(0.,-1.,-3.491481338843E-15));
#9448=DIRECTION('ref_axis',(1.,0.,0.));
#9449=DIRECTION('',(0.,3.491481338843E-15,-1.));
#9450=DIRECTION('',(1.,0.,0.));
#9451=DIRECTION('center_axis',(-1.,-3.125551575368E-15,-1.091280499899E-29));
#9452=DIRECTION('ref_axis',(3.125551575368E-15,-1.,-3.491481338843E-15));
#9453=DIRECTION('',(0.,3.491481338843E-15,-1.));
#9454=DIRECTION('',(0.,-1.,-6.3969694809981E-15));
#9455=DIRECTION('center_axis',(0.,1.,3.491481338843E-15));
#9456=DIRECTION('ref_axis',(-1.,0.,0.));
#9457=DIRECTION('',(0.,3.491481338843E-15,-1.));
#9458=DIRECTION('',(-1.,0.,0.));
#9459=DIRECTION('center_axis',(-1.,0.,0.));
#9460=DIRECTION('ref_axis',(0.,-1.,-3.491481338843E-15));
#9461=DIRECTION('',(0.,3.491481338843E-15,-1.));
#9462=DIRECTION('',(0.,3.491481338843E-15,-1.));
#9463=DIRECTION('',(0.,-1.,-3.491481338843E-15));
#9464=DIRECTION('center_axis',(-3.678810130089E-14,1.,3.491481338843E-15));
#9465=DIRECTION('ref_axis',(-1.,-3.678810130089E-14,-1.284449691835E-28));
#9466=DIRECTION('',(0.,3.491481338843E-15,-1.));
#9467=DIRECTION('',(-1.,0.,0.));
#9468=DIRECTION('center_axis',(-1.,-1.234785807553E-15,-4.311231604539E-30));
#9469=DIRECTION('ref_axis',(1.234785807553E-15,-1.,-3.491481338843E-15));
#9470=DIRECTION('',(0.,3.491481338843E-15,-1.));
#9471=DIRECTION('',(0.,-1.,-3.491481338843E-15));
#9472=DIRECTION('center_axis',(-3.441467541051E-14,-1.,-3.491481338843E-15));
#9473=DIRECTION('ref_axis',(1.,-3.441467541051E-14,-1.201581969781E-28));
#9474=DIRECTION('',(0.,3.491481338843E-15,-1.));
#9475=DIRECTION('',(1.,0.,0.));
#9476=DIRECTION('center_axis',(-1.,0.,0.));
#9477=DIRECTION('ref_axis',(0.,-1.,-3.491481338843E-15));
#9478=DIRECTION('',(0.,3.491481338843E-15,-1.));
#9479=DIRECTION('',(0.,-1.,-3.491481338843E-15));
#9480=DIRECTION('center_axis',(2.540130804109E-14,1.,3.491481338843E-15));
#9481=DIRECTION('ref_axis',(-1.,2.540130804109E-14,8.868819300767E-29));
#9482=DIRECTION('',(0.,3.491481338843E-15,-1.));
#9483=DIRECTION('',(-1.,0.,0.));
#9484=DIRECTION('center_axis',(1.,1.334076891926E-16,4.65790457274E-31));
#9485=DIRECTION('ref_axis',(-1.334076891926E-16,1.,3.491481338843E-15));
#9486=DIRECTION('',(0.,3.491481338843E-15,-1.));
#9487=DIRECTION('',(0.,1.,3.491481338843E-15));
#9488=DIRECTION('center_axis',(-2.424670313013E-14,-1.,-3.491481338843E-15));
#9489=DIRECTION('ref_axis',(1.,-2.424670313013E-14,-8.465691150732E-29));
#9490=DIRECTION('',(0.,3.491481338843E-15,-1.));
#9491=DIRECTION('',(1.,0.,0.));
#9492=DIRECTION('center_axis',(-1.,-3.704357422659E-15,-1.293369481362E-29));
#9493=DIRECTION('ref_axis',(3.704357422659E-15,-1.,-3.491481338843E-15));
#9494=DIRECTION('',(0.,3.491481338843E-15,-1.));
#9495=DIRECTION('',(0.,-1.,-3.491481338843E-15));
#9496=DIRECTION('center_axis',(3.232893750684E-14,1.,3.491481338843E-15));
#9497=DIRECTION('ref_axis',(-1.,3.232893750684E-14,1.128758820098E-28));
#9498=DIRECTION('',(0.,3.491481338843E-15,-1.));
#9499=DIRECTION('',(-1.,0.,0.));
#9500=DIRECTION('center_axis',(-1.,-3.274387364672E-15,-1.143246237989E-29));
#9501=DIRECTION('ref_axis',(3.274387364672E-15,-1.,-3.491481338843E-15));
#9502=DIRECTION('',(0.,3.491481338843E-15,-1.));
#9503=DIRECTION('',(0.,-1.,-3.491481338843E-15));
#9504=DIRECTION('center_axis',(0.,-1.,-3.491481338843E-15));
#9505=DIRECTION('ref_axis',(1.,0.,0.));
#9506=DIRECTION('',(1.,0.,0.));
#9507=DIRECTION('center_axis',(0.,-3.491481338843E-15,1.));
#9508=DIRECTION('ref_axis',(0.,-1.,-3.491481338843E-15));
#9509=DIRECTION('',(0.,3.491481338843E-15,-1.));
#9510=DIRECTION('',(0.,3.491481338843E-15,-1.));
#9511=DIRECTION('center_axis',(-1.,-3.030837891266E-15,-1.058211393842E-29));
#9512=DIRECTION('ref_axis',(3.030837891266E-15,-1.,-3.491481338843E-15));
#9513=DIRECTION('',(0.,3.491481338843E-15,-1.));
#9514=DIRECTION('',(0.,-1.,-3.491481338843E-15));
#9515=DIRECTION('',(0.,3.491481338843E-15,-1.));
#9516=DIRECTION('',(0.,3.491481338843E-15,-1.));
#9517=DIRECTION('',(0.,3.491481338843E-15,-1.));
#9518=DIRECTION('',(0.,3.491481338843E-15,-1.));
#9519=DIRECTION('center_axis',(-1.,3.704357422659E-15,1.293369481362E-29));
#9520=DIRECTION('ref_axis',(-3.704357422659E-15,-1.,-3.491481338843E-15));
#9521=DIRECTION('',(0.,3.491481338843E-15,-1.));
#9522=DIRECTION('',(0.,-1.,-3.491481338843E-15));
#9523=DIRECTION('',(0.,3.491481338843E-15,-1.));
#9524=DIRECTION('',(0.,3.491481338843E-15,-1.));
#9525=DIRECTION('center_axis',(0.,-3.491481338843E-15,1.));
#9526=DIRECTION('ref_axis',(0.,-1.,-3.491481338843E-15));
#9527=DIRECTION('center_axis',(1.,0.,0.));
#9528=DIRECTION('ref_axis',(0.,1.,3.491481338843E-15));
#9529=DIRECTION('',(0.,3.491481338843E-15,-1.));
#9530=DIRECTION('',(0.,3.491481338843E-15,-1.));
#9531=DIRECTION('',(0.,1.,3.491481338843E-15));
#9532=DIRECTION('center_axis',(2.540130804109E-14,-1.,-3.491481338843E-15));
#9533=DIRECTION('ref_axis',(1.,2.540130804109E-14,8.868819300767E-29));
#9534=DIRECTION('',(0.,3.491481338843E-15,-1.));
#9535=DIRECTION('',(1.,0.,0.));
#9536=DIRECTION('center_axis',(-1.,0.,0.));
#9537=DIRECTION('ref_axis',(0.,-1.,-3.491481338843E-15));
#9538=DIRECTION('',(0.,3.491481338843E-15,-1.));
#9539=DIRECTION('',(0.,-1.,-3.491481338843E-15));
#9540=DIRECTION('center_axis',(0.,1.,3.491481338843E-15));
#9541=DIRECTION('ref_axis',(-1.,0.,0.));
#9542=DIRECTION('',(0.,3.491481338843E-15,-1.));
#9543=DIRECTION('',(-1.,0.,0.));
#9544=DIRECTION('center_axis',(-1.,-5.480419200646E-15,-1.913478136809E-29));
#9545=DIRECTION('ref_axis',(5.480419200646E-15,-1.,-3.491481338843E-15));
#9546=DIRECTION('',(0.,3.491481338843E-15,-1.));
#9547=DIRECTION('',(0.,-1.,-3.491481338843E-15));
#9548=DIRECTION('center_axis',(9.698681252052E-14,1.,3.491481338843E-15));
#9549=DIRECTION('ref_axis',(-1.,9.698681252052E-14,3.386276460293E-28));
#9550=DIRECTION('',(-1.,0.,0.));
#9551=DIRECTION('center_axis',(0.,-3.491481338843E-15,1.));
#9552=DIRECTION('ref_axis',(0.,-1.,-3.491481338843E-15));
#9553=DIRECTION('center_axis',(0.,-3.491481338843E-15,1.));
#9554=DIRECTION('ref_axis',(0.,-1.,-3.491481338843E-15));
#9555=DIRECTION('center_axis',(0.,-3.491481338843E-15,1.));
#9556=DIRECTION('ref_axis',(0.,-1.,-3.491481338843E-15));
#9557=DIRECTION('center_axis',(-1.,1.811532451939E-17,-2.891205793295E-16));
#9558=DIRECTION('ref_axis',(2.891205793295E-16,3.469446951954E-15,-1.));
#9559=DIRECTION('center_axis',(1.,-1.811532451939E-17,2.891205793295E-16));
#9560=DIRECTION('ref_axis',(-2.891205793295E-16,-3.469446951954E-15,1.));
#9561=DIRECTION('',(-1.,1.811532451939E-17,-2.891205793295E-16));
#9562=DIRECTION('center_axis',(1.,-1.811532451939E-17,2.891205793295E-16));
#9563=DIRECTION('ref_axis',(-2.891205793295E-16,-3.469446951954E-15,1.));
#9564=DIRECTION('',(-1.,1.811532451939E-17,-2.891205793295E-16));
#9565=DIRECTION('center_axis',(-1.811532451939E-17,-1.,-3.693974868761E-15));
#9566=DIRECTION('ref_axis',(0.,3.693974868761E-15,-1.));
#9567=DIRECTION('',(-3.702738832783E-16,-3.693974868761E-15,1.));
#9568=DIRECTION('',(-1.,1.811532451939E-17,-2.891205793295E-16));
#9569=DIRECTION('',(-3.702738832783E-16,-3.693974868761E-15,1.));
#9570=DIRECTION('center_axis',(-1.,1.811532451939E-17,-2.891205793295E-16));
#9571=DIRECTION('ref_axis',(2.891205793295E-16,3.469446951954E-15,-1.));
#9572=DIRECTION('center_axis',(1.,-1.811532451939E-17,2.891205793295E-16));
#9573=DIRECTION('ref_axis',(-2.891205793295E-16,-3.469446951954E-15,1.));
#9574=DIRECTION('',(-1.,1.811532451939E-17,-2.891205793295E-16));
#9575=DIRECTION('center_axis',(1.,-1.811532451939E-17,2.891205793295E-16));
#9576=DIRECTION('ref_axis',(-2.891205793295E-16,-3.469446951954E-15,1.));
#9577=DIRECTION('center_axis',(2.87421898268999E-16,-0.0625340121186281,
-0.99804283341365));
#9578=DIRECTION('ref_axis',(6.162975822037E-33,0.99804283341365,-0.0625340121186281));
#9579=DIRECTION('',(0.,-0.99804283341365,0.0625340121186281));
#9580=DIRECTION('',(-1.,1.811532451939E-17,-2.891205793295E-16));
#9581=DIRECTION('',(0.,-0.99804283341365,0.0625340121186281));
#9582=DIRECTION('center_axis',(1.811532451939E-17,1.,3.491481338843E-15));
#9583=DIRECTION('ref_axis',(-1.,1.811532451939E-17,6.324931750654E-32));
#9584=DIRECTION('',(2.62868131852E-16,3.491481338843E-15,-1.));
#9585=DIRECTION('',(-1.,1.811532451939E-17,-2.891205793295E-16));
#9586=DIRECTION('',(2.62868131852E-16,3.491481338843E-15,-1.));
#9587=DIRECTION('center_axis',(-2.89687546115099E-16,-0.0625340121186281,
0.99804283341365));
#9588=DIRECTION('ref_axis',(-6.162975822037E-33,-0.99804283341365,-0.0625340121186281));
#9589=DIRECTION('',(0.,0.99804283341365,0.0625340121186281));
#9590=DIRECTION('',(0.,0.99804283341365,0.0625340121186281));
#9591=DIRECTION('center_axis',(1.,-1.811532451939E-17,2.891205793295E-16));
#9592=DIRECTION('ref_axis',(-2.891205793295E-16,-3.491481338843E-15,1.));
#9593=DIRECTION('center_axis',(1.,-1.811532451939E-17,2.891205793295E-16));
#9594=DIRECTION('ref_axis',(-2.891205793295E-16,-3.491481338843E-15,1.));
#9595=DIRECTION('center_axis',(1.,1.552742101662E-17,2.478176394253E-16));
#9596=DIRECTION('ref_axis',(-2.478176394253E-16,-3.469446951954E-15,1.));
#9597=DIRECTION('center_axis',(-1.,-1.552742101662E-17,-2.478176394253E-16));
#9598=DIRECTION('ref_axis',(2.478176394253E-16,3.469446951954E-15,-1.));
#9599=DIRECTION('',(1.,1.552742101662E-17,2.478176394253E-16));
#9600=DIRECTION('center_axis',(-1.,-1.552742101662E-17,-2.478176394253E-16));
#9601=DIRECTION('ref_axis',(2.478176394253E-16,3.469446951954E-15,-1.));
#9602=DIRECTION('',(1.,1.552742101662E-17,2.478176394253E-16));
#9603=DIRECTION('center_axis',(-2.46361627087714E-16,-0.0625340121186281,
0.99804283341365));
#9604=DIRECTION('ref_axis',(3.0814879110185E-33,-0.99804283341365,-0.0625340121186281));
#9605=DIRECTION('',(0.,-0.99804283341365,-0.0625340121186281));
#9606=DIRECTION('',(1.,1.552742101662E-17,2.478176394253E-16));
#9607=DIRECTION('',(0.,-0.99804283341365,-0.0625340121186281));
#9608=DIRECTION('center_axis',(-1.552742101662E-17,1.,3.491481338843E-15));
#9609=DIRECTION('ref_axis',(-1.,-1.552742101662E-17,-5.421370071989E-32));
#9610=DIRECTION('',(-2.62868131852E-16,-3.491481338843E-15,1.));
#9611=DIRECTION('',(1.,1.552742101662E-17,2.478176394253E-16));
#9612=DIRECTION('',(-2.62868131852E-16,-3.491481338843E-15,1.));
#9613=DIRECTION('center_axis',(2.48303610955813E-16,-0.0625340121186281,
-0.99804283341365));
#9614=DIRECTION('ref_axis',(-9.24446373305549E-33,0.99804283341365,-0.0625340121186281));
#9615=DIRECTION('',(0.,0.99804283341365,-0.0625340121186281));
#9616=DIRECTION('',(1.,1.552742101662E-17,2.478176394253E-16));
#9617=DIRECTION('',(0.,0.99804283341365,-0.0625340121186281));
#9618=DIRECTION('center_axis',(1.,1.552742101662E-17,2.478176394253E-16));
#9619=DIRECTION('ref_axis',(-2.478176394253E-16,-3.469446951954E-15,1.));
#9620=DIRECTION('center_axis',(-1.,-1.552742101662E-17,-2.478176394253E-16));
#9621=DIRECTION('ref_axis',(2.478176394253E-16,3.469446951954E-15,-1.));
#9622=DIRECTION('',(1.,1.552742101662E-17,2.478176394253E-16));
#9623=DIRECTION('center_axis',(-1.,-1.552742101662E-17,-2.478176394253E-16));
#9624=DIRECTION('ref_axis',(2.478176394253E-16,3.469446951954E-15,-1.));
#9625=DIRECTION('center_axis',(1.552742101662E-17,-1.,-3.653476162777E-15));
#9626=DIRECTION('ref_axis',(0.,3.653476162777E-15,-1.));
#9627=DIRECTION('',(3.702738832783E-16,3.653476162777E-15,-1.));
#9628=DIRECTION('',(3.702738832783E-16,3.653476162777E-15,-1.));
#9629=DIRECTION('center_axis',(-1.,-1.552742101662E-17,-2.478176394253E-16));
#9630=DIRECTION('ref_axis',(2.478176394253E-16,3.491481338843E-15,-1.));
#9631=DIRECTION('center_axis',(-1.,-1.552742101662E-17,-2.478176394253E-16));
#9632=DIRECTION('ref_axis',(2.478176394253E-16,3.491481338843E-15,-1.));
#9633=DIRECTION('center_axis',(-1.,5.221340210712E-31,-1.495451272394E-16));
#9634=DIRECTION('ref_axis',(1.495451272394E-16,3.491481338843E-15,-1.));
#9635=DIRECTION('',(1.495451272394E-16,3.491481338843E-15,-1.));
#9636=DIRECTION('',(0.,1.,3.491481338843E-15));
#9637=DIRECTION('',(-1.495451272394E-16,-3.491481338843E-15,1.));
#9638=DIRECTION('',(0.,-1.,-3.491481338843E-15));
#9639=DIRECTION('center_axis',(0.,3.491481338843E-15,-1.));
#9640=DIRECTION('ref_axis',(0.,1.,3.491481338843E-15));
#9641=DIRECTION('',(-1.,0.,0.));
#9642=DIRECTION('',(0.,-1.,-3.491481338843E-15));
#9643=DIRECTION('',(1.,0.,0.));
#9644=DIRECTION('',(0.,1.,3.491481338843E-15));
#9645=DIRECTION('center_axis',(1.,-5.221340210712E-31,1.495451272394E-16));
#9646=DIRECTION('ref_axis',(-1.495451272394E-16,-3.491481338843E-15,1.));
#9647=DIRECTION('',(-1.495451272394E-16,-3.491481338843E-15,1.));
#9648=DIRECTION('',(0.,1.,3.491481338843E-15));
#9649=DIRECTION('',(1.495451272394E-16,3.491481338843E-15,-1.));
#9650=DIRECTION('',(0.,-1.,-3.491481338843E-15));
#9651=DIRECTION('center_axis',(0.,-3.491481338843E-15,1.));
#9652=DIRECTION('ref_axis',(0.,-1.,-3.491481338843E-15));
#9653=DIRECTION('',(1.,0.,0.));
#9654=DIRECTION('',(0.,-1.,-3.491481338843E-15));
#9655=DIRECTION('',(-1.,0.,0.));
#9656=DIRECTION('',(0.,1.,3.491481338843E-15));
#9657=DIRECTION('center_axis',(0.,-1.,-3.491481338843E-15));
#9658=DIRECTION('ref_axis',(1.,0.,0.));
#9659=DIRECTION('',(-1.495451272394E-16,-3.491481338843E-15,1.));
#9660=DIRECTION('',(-1.,0.,0.));
#9661=DIRECTION('',(1.495451272394E-16,3.491481338843E-15,-1.));
#9662=DIRECTION('',(1.,0.,0.));
#9663=DIRECTION('center_axis',(0.,-1.,-3.491481338843E-15));
#9664=DIRECTION('ref_axis',(1.,0.,0.));
#9665=DIRECTION('center_axis',(0.,1.,3.491481338843E-15));
#9666=DIRECTION('ref_axis',(1.,0.,0.));
#9667=DIRECTION('center_axis',(0.,1.,3.491481338843E-15));
#9668=DIRECTION('ref_axis',(1.,0.,0.));
#9669=DIRECTION('center_axis',(0.,1.,3.491481338843E-15));
#9670=DIRECTION('ref_axis',(1.,0.,0.));
#9671=DIRECTION('center_axis',(0.,1.,3.491481338843E-15));
#9672=DIRECTION('ref_axis',(1.,0.,0.));
#9673=DIRECTION('center_axis',(0.,1.,3.491481338843E-15));
#9674=DIRECTION('ref_axis',(-1.,0.,0.));
#9675=DIRECTION('center_axis',(0.,-1.,-3.491481338843E-15));
#9676=DIRECTION('ref_axis',(1.,0.,0.));
#9677=DIRECTION('center_axis',(-1.,0.,0.));
#9678=DIRECTION('ref_axis',(0.,-1.,-4.336808689942E-15));
#9679=DIRECTION('center_axis',(-1.,0.,0.));
#9680=DIRECTION('ref_axis',(0.,-1.,-4.336808689942E-15));
#9681=DIRECTION('center_axis',(1.,0.,0.));
#9682=DIRECTION('ref_axis',(0.,1.,4.336808689942E-15));
#9683=DIRECTION('center_axis',(0.,1.,3.491481338843E-15));
#9684=DIRECTION('ref_axis',(-1.,0.,0.));
#9685=DIRECTION('center_axis',(0.,-1.,-3.491481338843E-15));
#9686=DIRECTION('ref_axis',(1.,0.,0.));
#9687=DIRECTION('center_axis',(0.,0.,1.));
#9688=DIRECTION('ref_axis',(1.,0.,0.));
#9689=DIRECTION('center_axis',(0.,-5.659885683814E-15,1.));
#9690=DIRECTION('ref_axis',(0.,1.,5.659885683814E-15));
#9691=DIRECTION('center_axis',(0.,0.,1.));
#9692=DIRECTION('ref_axis',(1.,0.,0.));
#9693=DIRECTION('center_axis',(0.,-3.491481338843E-15,1.));
#9694=DIRECTION('ref_axis',(0.,1.,3.491481338843E-15));
#9695=DIRECTION('center_axis',(0.,1.,3.491481338843E-15));
#9696=DIRECTION('ref_axis',(-1.,0.,0.));
#9697=DIRECTION('center_axis',(0.,-1.,-3.491481338843E-15));
#9698=DIRECTION('ref_axis',(1.,0.,0.));
#9699=DIRECTION('center_axis',(1.495451272394E-16,3.491481338843E-15,-1.));
#9700=DIRECTION('ref_axis',(1.,-5.221340210712E-31,1.495451272394E-16));
#9701=DIRECTION('center_axis',(0.,-3.491481338843E-15,1.));
#9702=DIRECTION('ref_axis',(0.,-1.,-3.491481338843E-15));
#9703=DIRECTION('center_axis',(-1.495451272394E-16,-3.491481338843E-15,
1.));
#9704=DIRECTION('ref_axis',(-1.,5.221340210712E-31,-1.495451272394E-16));
#9705=DIRECTION('center_axis',(0.,-3.491481338843E-15,1.));
#9706=DIRECTION('ref_axis',(0.,-1.,-3.491481338843E-15));
#9707=DIRECTION('center_axis',(0.,1.,3.491481338843E-15));
#9708=DIRECTION('ref_axis',(-1.,0.,0.));
#9709=DIRECTION('center_axis',(0.,-1.,-3.491481338843E-15));
#9710=DIRECTION('ref_axis',(1.,0.,0.));
#9711=DIRECTION('center_axis',(0.,0.,1.));
#9712=DIRECTION('ref_axis',(1.,0.,0.));
#9713=DIRECTION('center_axis',(-1.,2.168404344971E-15,7.570943305533E-30));
#9714=DIRECTION('ref_axis',(2.168404344971E-15,1.,0.));
#9715=DIRECTION('center_axis',(0.,0.,1.));
#9716=DIRECTION('ref_axis',(1.,0.,0.));
#9717=DIRECTION('center_axis',(1.,0.,0.));
#9718=DIRECTION('ref_axis',(0.,-1.,1.734723475977E-14));
#9719=DIRECTION('center_axis',(1.,0.,0.));
#9720=DIRECTION('ref_axis',(0.,1.,0.));
#9721=DIRECTION('center_axis',(0.999974850185735,-0.00709217850995712,0.));
#9722=DIRECTION('ref_axis',(0.00709217850995712,0.999974850185735,0.));
#9723=DIRECTION('',(-0.00709217850995712,-0.999974850185735,0.));
#9724=DIRECTION('',(0.,0.,-1.));
#9725=DIRECTION('',(-0.00709217850995712,-0.999974850185735,0.));
#9726=DIRECTION('',(0.,0.,-1.));
#9727=DIRECTION('center_axis',(0.00709217850996212,0.999974850185735,0.));
#9728=DIRECTION('ref_axis',(-0.999974850185735,0.00709217850996212,0.));
#9729=DIRECTION('',(0.999974850185735,-0.00709217850996212,0.));
#9730=DIRECTION('',(0.,0.,-1.));
#9731=DIRECTION('',(0.999974850185735,-0.00709217850996212,0.));
#9732=DIRECTION('center_axis',(0.999974850185735,-0.00709217850996212,0.));
#9733=DIRECTION('ref_axis',(0.00709217850996212,0.999974850185735,0.));
#9734=DIRECTION('',(-0.00709217850996212,-0.999974850185735,0.));
#9735=DIRECTION('',(0.,0.,-1.));
#9736=DIRECTION('',(-0.00709217850996212,-0.999974850185735,0.));
#9737=DIRECTION('center_axis',(0.00709217850996012,0.999974850185735,0.));
#9738=DIRECTION('ref_axis',(-0.999974850185735,0.00709217850996012,0.));
#9739=DIRECTION('',(0.999974850185735,-0.00709217850996012,0.));
#9740=DIRECTION('',(0.,0.,-1.));
#9741=DIRECTION('',(0.999974850185735,-0.00709217850996012,0.));
#9742=DIRECTION('center_axis',(-0.999974850185735,0.00709217850996112,0.));
#9743=DIRECTION('ref_axis',(-0.00709217850996112,-0.999974850185735,0.));
#9744=DIRECTION('',(0.00709217850996112,0.999974850185735,0.));
#9745=DIRECTION('',(0.,0.,-1.));
#9746=DIRECTION('',(0.00709217850996112,0.999974850185735,0.));
#9747=DIRECTION('center_axis',(-0.00709217850996212,-0.999974850185735,
0.));
#9748=DIRECTION('ref_axis',(0.999974850185735,-0.00709217850996212,0.));
#9749=DIRECTION('',(-0.999974850185735,0.00709217850996212,0.));
#9750=DIRECTION('',(-0.999974850185735,0.00709217850996212,0.));
#9751=DIRECTION('center_axis',(0.,0.,-1.));
#9752=DIRECTION('ref_axis',(-1.,0.,0.));
#9753=DIRECTION('center_axis',(0.,0.,-1.));
#9754=DIRECTION('ref_axis',(-1.,0.,0.));
#9755=DIRECTION('',(0.,0.,-1.));
#9756=DIRECTION('',(0.,0.,-1.));
#9757=DIRECTION('center_axis',(0.999974850185735,-0.00709217850996112,0.));
#9758=DIRECTION('ref_axis',(0.00709217850996112,0.999974850185735,0.));
#9759=DIRECTION('',(-0.00709217850996112,-0.999974850185735,0.));
#9760=DIRECTION('',(0.,0.,-1.));
#9761=DIRECTION('',(-0.00709217850996112,-0.999974850185735,0.));
#9762=DIRECTION('center_axis',(0.,0.,-1.));
#9763=DIRECTION('ref_axis',(-0.497461233607371,0.867486207992861,0.));
#9764=DIRECTION('',(0.,0.,-1.));
#9765=DIRECTION('center_axis',(0.,0.,-1.));
#9766=DIRECTION('ref_axis',(-0.497461233607371,0.867486207992861,0.));
#9767=DIRECTION('center_axis',(0.,0.,-1.));
#9768=DIRECTION('ref_axis',(0.502889605611399,0.864350649081732,0.));
#9769=DIRECTION('',(0.,0.,-1.));
#9770=DIRECTION('center_axis',(0.,0.,-1.));
#9771=DIRECTION('ref_axis',(0.502889605611399,0.864350649081732,0.));
#9772=DIRECTION('',(0.,0.,-1.));
#9773=DIRECTION('',(0.,0.,-1.));
#9774=DIRECTION('',(0.,0.,-1.));
#9775=DIRECTION('',(0.,0.,-1.));
#9776=DIRECTION('center_axis',(0.999974850185735,-0.00709217850996312,0.));
#9777=DIRECTION('ref_axis',(0.00709217850996312,0.999974850185735,0.));
#9778=DIRECTION('',(-0.00709217850996312,-0.999974850185735,0.));
#9779=DIRECTION('',(0.,0.,-1.));
#9780=DIRECTION('',(-0.00709217850996312,-0.999974850185735,0.));
#9781=DIRECTION('center_axis',(0.,0.,1.));
#9782=DIRECTION('ref_axis',(0.789010286194072,0.614379986881041,0.));
#9783=DIRECTION('',(0.,0.,-1.));
#9784=DIRECTION('center_axis',(0.,0.,1.));
#9785=DIRECTION('ref_axis',(0.789010286194072,0.614379986881041,0.));
#9786=DIRECTION('',(0.,0.,-1.));
#9787=DIRECTION('',(0.,0.,-1.));
#9788=DIRECTION('center_axis',(0.,0.,1.));
#9789=DIRECTION('ref_axis',(0.825284435858565,0.564717274332573,0.));
#9790=DIRECTION('',(0.,0.,-1.));
#9791=DIRECTION('center_axis',(0.,0.,1.));
#9792=DIRECTION('ref_axis',(0.825284435858565,0.564717274332573,0.));
#9793=DIRECTION('center_axis',(0.,0.,1.));
#9794=DIRECTION('ref_axis',(1.,0.,0.));
#9795=DIRECTION('center_axis',(0.,0.,1.));
#9796=DIRECTION('ref_axis',(1.,0.,0.));
#9797=DIRECTION('center_axis',(0.999974850185735,-0.00709217850994812,0.));
#9798=DIRECTION('ref_axis',(0.00709217850994812,0.999974850185735,0.));
#9799=DIRECTION('',(-0.00709217850994812,-0.999974850185735,0.));
#9800=DIRECTION('',(0.,0.,-1.));
#9801=DIRECTION('',(-0.00709217850994812,-0.999974850185735,0.));
#9802=DIRECTION('',(0.,0.,-1.));
#9803=DIRECTION('center_axis',(0.00709217850996112,0.999974850185735,0.));
#9804=DIRECTION('ref_axis',(-0.999974850185735,0.00709217850996112,0.));
#9805=DIRECTION('',(0.999974850185735,-0.00709217850996112,0.));
#9806=DIRECTION('',(0.,0.,-1.));
#9807=DIRECTION('',(0.999974850185735,-0.00709217850996112,0.));
#9808=DIRECTION('center_axis',(0.999974850185735,-0.00709217850996412,0.));
#9809=DIRECTION('ref_axis',(0.00709217850996412,0.999974850185735,0.));
#9810=DIRECTION('',(-0.00709217850996412,-0.999974850185735,0.));
#9811=DIRECTION('',(0.,0.,-1.));
#9812=DIRECTION('',(-0.00709217850996412,-0.999974850185735,0.));
#9813=DIRECTION('center_axis',(-0.00709217850996412,-0.999974850185735,
0.));
#9814=DIRECTION('ref_axis',(0.999974850185735,-0.00709217850996412,0.));
#9815=DIRECTION('',(-0.999974850185735,0.00709217850996412,0.));
#9816=DIRECTION('',(0.,0.,-1.));
#9817=DIRECTION('',(-0.999974850185735,0.00709217850996412,0.));
#9818=DIRECTION('center_axis',(0.999974850185735,-0.00709217850996912,0.));
#9819=DIRECTION('ref_axis',(0.00709217850996912,0.999974850185735,0.));
#9820=DIRECTION('',(-0.00709217850996912,-0.999974850185735,0.));
#9821=DIRECTION('',(0.,0.,-1.));
#9822=DIRECTION('',(-0.00709217850996912,-0.999974850185735,0.));
#9823=DIRECTION('center_axis',(0.00709217850996212,0.999974850185735,0.));
#9824=DIRECTION('ref_axis',(-0.999974850185735,0.00709217850996212,0.));
#9825=DIRECTION('',(0.999974850185735,-0.00709217850996212,0.));
#9826=DIRECTION('',(0.,0.,-1.));
#9827=DIRECTION('',(0.999974850185735,-0.00709217850996212,0.));
#9828=DIRECTION('center_axis',(0.999974850185735,-0.00709217850996012,0.));
#9829=DIRECTION('ref_axis',(0.00709217850996012,0.999974850185735,0.));
#9830=DIRECTION('',(-0.00709217850996012,-0.999974850185735,0.));
#9831=DIRECTION('',(0.,0.,-1.));
#9832=DIRECTION('',(-0.00709217850996012,-0.999974850185735,0.));
#9833=DIRECTION('center_axis',(-0.00709217850996212,-0.999974850185735,
0.));
#9834=DIRECTION('ref_axis',(0.999974850185735,-0.00709217850996212,0.));
#9835=DIRECTION('',(-0.999974850185735,0.00709217850996212,0.));
#9836=DIRECTION('',(0.,0.,-1.));
#9837=DIRECTION('',(-0.999974850185735,0.00709217850996212,0.));
#9838=DIRECTION('center_axis',(0.999974850185735,-0.00709217850996112,0.));
#9839=DIRECTION('ref_axis',(0.00709217850996112,0.999974850185735,0.));
#9840=DIRECTION('',(-0.00709217850996112,-0.999974850185735,0.));
#9841=DIRECTION('',(0.,0.,-1.));
#9842=DIRECTION('',(-0.00709217850996112,-0.999974850185735,0.));
#9843=DIRECTION('center_axis',(0.00709217850996212,0.999974850185735,0.));
#9844=DIRECTION('ref_axis',(-0.999974850185735,0.00709217850996212,0.));
#9845=DIRECTION('',(0.999974850185735,-0.00709217850996212,0.));
#9846=DIRECTION('',(0.,0.,-1.));
#9847=DIRECTION('',(0.999974850185735,-0.00709217850996212,0.));
#9848=DIRECTION('center_axis',(-0.999974850185735,0.00709217850996212,0.));
#9849=DIRECTION('ref_axis',(-0.00709217850996212,-0.999974850185735,0.));
#9850=DIRECTION('',(0.00709217850996212,0.999974850185735,0.));
#9851=DIRECTION('',(0.,0.,-1.));
#9852=DIRECTION('',(0.00709217850996212,0.999974850185735,0.));
#9853=DIRECTION('center_axis',(-0.00709217850996112,-0.999974850185735,
0.));
#9854=DIRECTION('ref_axis',(0.999974850185735,-0.00709217850996112,0.));
#9855=DIRECTION('',(-0.999974850185735,0.00709217850996112,0.));
#9856=DIRECTION('',(-0.999974850185735,0.00709217850996112,0.));
#9857=DIRECTION('center_axis',(0.,0.,-1.));
#9858=DIRECTION('ref_axis',(-1.,0.,0.));
#9859=DIRECTION('center_axis',(0.,0.,-1.));
#9860=DIRECTION('ref_axis',(-1.,0.,0.));
#9861=DIRECTION('center_axis',(0.,0.,1.));
#9862=DIRECTION('ref_axis',(1.,0.,0.));
#9863=DIRECTION('',(-0.999974850185735,0.00709217850996012,0.));
#9864=DIRECTION('center_axis',(0.,0.,1.));
#9865=DIRECTION('ref_axis',(0.52446160016872,-0.851434101941228,0.));
#9866=DIRECTION('center_axis',(0.,0.,1.));
#9867=DIRECTION('ref_axis',(0.850237670639114,-0.526398996414481,0.));
#9868=DIRECTION('',(0.999974850185735,-0.00709217850996312,0.));
#9869=DIRECTION('',(0.00709217850996112,0.999974850185735,0.));
#9870=DIRECTION('',(0.00709217850996312,0.999974850185735,0.));
#9871=DIRECTION('',(0.999974850185735,-0.00709217850996312,0.));
#9872=DIRECTION('center_axis',(0.,0.,1.));
#9873=DIRECTION('ref_axis',(-0.603115440833417,-0.797653913065255,0.));
#9874=DIRECTION('center_axis',(0.,0.,1.));
#9875=DIRECTION('ref_axis',(0.764661077145306,0.644432647449662,0.));
#9876=DIRECTION('center_axis',(0.,0.,1.));
#9877=DIRECTION('ref_axis',(0.779828265787064,-0.625993511052264,0.));
#9878=DIRECTION('center_axis',(0.,0.,1.));
#9879=DIRECTION('ref_axis',(0.624018701321699,-0.781409406393844,0.));
#9880=DIRECTION('',(-0.999974850185735,0.00709217850996012,0.));
#9881=DIRECTION('center_axis',(0.,0.,1.));
#9882=DIRECTION('ref_axis',(1.,0.,0.));
#9883=DIRECTION('',(-0.999974850185735,0.00709217850996012,0.));
#9884=DIRECTION('',(0.00709217850996112,0.999974850185735,0.));
#9885=DIRECTION('',(0.999974850185735,-0.00709217850996312,0.));
#9886=DIRECTION('center_axis',(0.,0.,1.));
#9887=DIRECTION('ref_axis',(0.850237670639114,-0.526398996414481,0.));
#9888=DIRECTION('center_axis',(0.,0.,1.));
#9889=DIRECTION('ref_axis',(0.52446160016872,-0.851434101941228,0.));
#9890=DIRECTION('',(0.999974850185735,-0.00709217850996312,0.));
#9891=DIRECTION('',(0.00709217850996312,0.999974850185735,0.));
#9892=DIRECTION('',(-0.999974850185735,0.00709217850996012,0.));
#9893=DIRECTION('center_axis',(0.,0.,1.));
#9894=DIRECTION('ref_axis',(0.624018701321699,-0.781409406393844,0.));
#9895=DIRECTION('center_axis',(0.,0.,1.));
#9896=DIRECTION('ref_axis',(0.779828265787064,-0.625993511052264,0.));
#9897=DIRECTION('center_axis',(0.,0.,1.));
#9898=DIRECTION('ref_axis',(0.764661077145306,0.644432647449662,0.));
#9899=DIRECTION('center_axis',(0.,0.,1.));
#9900=DIRECTION('ref_axis',(-0.603115440833417,-0.797653913065255,0.));
#9901=DIRECTION('center_axis',(-0.00709217850996012,-0.999974850185735,
0.));
#9902=DIRECTION('ref_axis',(0.999974850185735,-0.00709217850996012,0.));
#9903=DIRECTION('',(0.,0.,-1.));
#9904=DIRECTION('',(0.,0.,-1.));
#9905=DIRECTION('',(0.,0.,-1.));
#9906=DIRECTION('',(0.,0.,-1.));
#9907=DIRECTION('',(0.,0.,-1.));
#9908=DIRECTION('',(0.,0.,-1.));
#9909=DIRECTION('center_axis',(0.00709217850996312,0.999974850185735,0.));
#9910=DIRECTION('ref_axis',(-0.999974850185735,0.00709217850996312,0.));
#9911=DIRECTION('',(0.,0.,-1.));
#9912=DIRECTION('center_axis',(-0.999974850185735,0.00709217850996112,0.));
#9913=DIRECTION('ref_axis',(-0.00709217850996112,-0.999974850185735,0.));
#9914=DIRECTION('center_axis',(0.00709217850996312,0.999974850185735,0.));
#9915=DIRECTION('ref_axis',(-0.999974850185735,0.00709217850996312,0.));
#9916=DIRECTION('',(0.,0.,-1.));
#9917=DIRECTION('',(0.,0.,-1.));
#9918=DIRECTION('center_axis',(-0.999974850185735,0.00709217850996312,0.));
#9919=DIRECTION('ref_axis',(-0.00709217850996312,-0.999974850185735,0.));
#9920=DIRECTION('',(0.,0.,-1.));
#9921=DIRECTION('center_axis',(-0.00709217850996012,-0.999974850185735,
0.));
#9922=DIRECTION('ref_axis',(0.999974850185735,-0.00709217850996012,0.));
#9923=DIRECTION('',(0.,0.,-1.));
#9924=DIRECTION('',(0.,0.,-1.));
#9925=DIRECTION('',(0.,0.,-1.));
#9926=DIRECTION('',(0.,0.,-1.));
#9927=DIRECTION('center_axis',(0.,0.,-1.));
#9928=DIRECTION('ref_axis',(-1.,0.,0.));
#9929=DIRECTION('',(0.349299057801972,-0.937011295672925,0.));
#9930=DIRECTION('',(0.999974850185735,-0.00709217850996212,0.));
#9931=DIRECTION('',(0.362554487497871,0.931962576284668,0.));
#9932=DIRECTION('',(-0.999974850185735,0.00709217850995812,0.));
#9933=DIRECTION('',(-0.338211162479975,-0.941070246885929,0.));
#9934=DIRECTION('',(-0.999974850185735,0.00709217850996212,0.));
#9935=DIRECTION('',(-0.342741495824824,0.939429756309519,0.));
#9936=DIRECTION('',(-0.999974850185735,0.00709217850996312,0.));
#9937=DIRECTION('',(-0.999974850185735,0.00709217850996312,0.));
#9938=DIRECTION('',(0.345199932452915,0.938529171967768,0.));
#9939=DIRECTION('',(0.999974850185735,-0.00709217850987912,0.));
#9940=DIRECTION('',(0.334929697692911,-0.94224312022075,0.));
#9941=DIRECTION('center_axis',(0.,0.,-1.));
#9942=DIRECTION('ref_axis',(-1.,0.,0.));
#9943=DIRECTION('',(0.349299057801972,-0.937011295672925,0.));
#9944=DIRECTION('',(-0.999974850185735,0.00709217850996312,0.));
#9945=DIRECTION('',(-0.342741495824824,0.939429756309519,0.));
#9946=DIRECTION('',(-0.999974850185735,0.00709217850996212,0.));
#9947=DIRECTION('',(-0.338211162479975,-0.941070246885929,0.));
#9948=DIRECTION('',(-0.999974850185735,0.00709217850995812,0.));
#9949=DIRECTION('',(0.362554487497871,0.931962576284668,0.));
#9950=DIRECTION('',(0.999974850185735,-0.00709217850996212,0.));
#9951=DIRECTION('',(0.345199932452915,0.938529171967768,0.));
#9952=DIRECTION('',(-0.999974850185735,0.00709217850996312,0.));
#9953=DIRECTION('',(0.334929697692911,-0.94224312022075,0.));
#9954=DIRECTION('',(0.999974850185735,-0.00709217850987912,0.));
#9955=DIRECTION('center_axis',(0.937011295672926,0.349299057801972,0.));
#9956=DIRECTION('ref_axis',(-0.349299057801972,0.937011295672926,0.));
#9957=DIRECTION('',(0.,0.,-1.));
#9958=DIRECTION('',(0.,0.,-1.));
#9959=DIRECTION('center_axis',(0.00709217850996212,0.999974850185735,0.));
#9960=DIRECTION('ref_axis',(-0.999974850185735,0.00709217850996212,0.));
#9961=DIRECTION('',(0.,0.,-1.));
#9962=DIRECTION('center_axis',(-0.931962576284668,0.362554487497871,0.));
#9963=DIRECTION('ref_axis',(-0.362554487497871,-0.931962576284668,0.));
#9964=DIRECTION('',(0.,0.,-1.));
#9965=DIRECTION('center_axis',(-0.00709217850995812,-0.999974850185735,
0.));
#9966=DIRECTION('ref_axis',(0.999974850185735,-0.00709217850995812,0.));
#9967=DIRECTION('',(0.,0.,-1.));
#9968=DIRECTION('center_axis',(0.941070246885929,-0.338211162479975,0.));
#9969=DIRECTION('ref_axis',(0.338211162479975,0.941070246885929,0.));
#9970=DIRECTION('',(0.,0.,-1.));
#9971=DIRECTION('center_axis',(-0.00709217850996212,-0.999974850185735,
0.));
#9972=DIRECTION('ref_axis',(0.999974850185735,-0.00709217850996212,0.));
#9973=DIRECTION('',(0.,0.,-1.));
#9974=DIRECTION('center_axis',(-0.939429756309519,-0.342741495824824,0.));
#9975=DIRECTION('ref_axis',(0.342741495824824,-0.939429756309519,0.));
#9976=DIRECTION('',(0.,0.,-1.));
#9977=DIRECTION('center_axis',(-0.00709217850996312,-0.999974850185735,
0.));
#9978=DIRECTION('ref_axis',(0.999974850185735,-0.00709217850996312,0.));
#9979=DIRECTION('center_axis',(-0.00709217850996312,-0.999974850185735,
0.));
#9980=DIRECTION('ref_axis',(0.999974850185735,-0.00709217850996312,0.));
#9981=DIRECTION('',(0.,0.,-1.));
#9982=DIRECTION('',(0.,0.,-1.));
#9983=DIRECTION('center_axis',(0.94224312022075,0.334929697692911,0.));
#9984=DIRECTION('ref_axis',(-0.334929697692911,0.94224312022075,0.));
#9985=DIRECTION('',(0.,0.,-1.));
#9986=DIRECTION('',(0.,0.,-1.));
#9987=DIRECTION('center_axis',(0.00709217850987912,0.999974850185736,0.));
#9988=DIRECTION('ref_axis',(-0.999974850185736,0.00709217850987912,0.));
#9989=DIRECTION('',(0.,0.,-1.));
#9990=DIRECTION('',(0.,0.,-1.));
#9991=DIRECTION('center_axis',(-0.938529171967768,0.345199932452915,0.));
#9992=DIRECTION('ref_axis',(-0.345199932452915,-0.938529171967768,0.));
#9993=DIRECTION('center_axis',(0.999974850185735,-0.00709217850996612,0.));
#9994=DIRECTION('ref_axis',(0.00709217850996612,0.999974850185735,0.));
#9995=DIRECTION('',(-0.00709217850996612,-0.999974850185735,0.));
#9996=DIRECTION('',(0.,0.,-1.));
#9997=DIRECTION('',(-0.00709217850996612,-0.999974850185735,0.));
#9998=DIRECTION('',(0.,0.,-1.));
#9999=DIRECTION('center_axis',(0.00709217850996212,0.999974850185735,0.));
#10000=DIRECTION('ref_axis',(-0.999974850185735,0.00709217850996212,0.));
#10001=DIRECTION('',(0.999974850185735,-0.00709217850996212,0.));
#10002=DIRECTION('',(0.,0.,-1.));
#10003=DIRECTION('',(0.999974850185735,-0.00709217850996212,0.));
#10004=DIRECTION('center_axis',(0.999974850185735,-0.00709217850995812,
0.));
#10005=DIRECTION('ref_axis',(0.00709217850995812,0.999974850185735,0.));
#10006=DIRECTION('',(-0.00709217850995812,-0.999974850185735,0.));
#10007=DIRECTION('',(0.,0.,-1.));
#10008=DIRECTION('',(-0.00709217850995812,-0.999974850185735,0.));
#10009=DIRECTION('center_axis',(-0.00709217850996212,-0.999974850185735,
0.));
#10010=DIRECTION('ref_axis',(0.999974850185735,-0.00709217850996212,0.));
#10011=DIRECTION('',(-0.999974850185735,0.00709217850996212,0.));
#10012=DIRECTION('',(0.,0.,-1.));
#10013=DIRECTION('',(-0.999974850185735,0.00709217850996212,0.));
#10014=DIRECTION('center_axis',(0.999974850185735,-0.00709217850996912,
0.));
#10015=DIRECTION('ref_axis',(0.00709217850996912,0.999974850185735,0.));
#10016=DIRECTION('',(-0.00709217850996912,-0.999974850185735,0.));
#10017=DIRECTION('',(0.,0.,-1.));
#10018=DIRECTION('',(-0.00709217850996912,-0.999974850185735,0.));
#10019=DIRECTION('center_axis',(0.00709217850996212,0.999974850185735,0.));
#10020=DIRECTION('ref_axis',(-0.999974850185735,0.00709217850996212,0.));
#10021=DIRECTION('',(0.999974850185735,-0.00709217850996212,0.));
#10022=DIRECTION('',(0.,0.,-1.));
#10023=DIRECTION('',(0.999974850185735,-0.00709217850996212,0.));
#10024=DIRECTION('center_axis',(0.999974850185735,-0.00709217850996012,
0.));
#10025=DIRECTION('ref_axis',(0.00709217850996012,0.999974850185735,0.));
#10026=DIRECTION('',(-0.00709217850996012,-0.999974850185735,0.));
#10027=DIRECTION('',(0.,0.,-1.));
#10028=DIRECTION('',(-0.00709217850996012,-0.999974850185735,0.));
#10029=DIRECTION('center_axis',(-0.00709217850996212,-0.999974850185735,
0.));
#10030=DIRECTION('ref_axis',(0.999974850185735,-0.00709217850996212,0.));
#10031=DIRECTION('',(-0.999974850185735,0.00709217850996212,0.));
#10032=DIRECTION('',(0.,0.,-1.));
#10033=DIRECTION('',(-0.999974850185735,0.00709217850996212,0.));
#10034=DIRECTION('center_axis',(0.999974850185735,-0.00709217850995312,
0.));
#10035=DIRECTION('ref_axis',(0.00709217850995312,0.999974850185735,0.));
#10036=DIRECTION('',(-0.00709217850995312,-0.999974850185735,0.));
#10037=DIRECTION('',(0.,0.,-1.));
#10038=DIRECTION('',(-0.00709217850995312,-0.999974850185735,0.));
#10039=DIRECTION('center_axis',(0.00709217850996212,0.999974850185735,0.));
#10040=DIRECTION('ref_axis',(-0.999974850185735,0.00709217850996212,0.));
#10041=DIRECTION('',(0.999974850185735,-0.00709217850996212,0.));
#10042=DIRECTION('',(0.,0.,-1.));
#10043=DIRECTION('',(0.999974850185735,-0.00709217850996212,0.));
#10044=DIRECTION('center_axis',(-0.999974850185735,0.00709217850996212,
0.));
#10045=DIRECTION('ref_axis',(-0.00709217850996212,-0.999974850185735,0.));
#10046=DIRECTION('',(0.00709217850996212,0.999974850185735,0.));
#10047=DIRECTION('',(0.,0.,-1.));
#10048=DIRECTION('',(0.00709217850996212,0.999974850185735,0.));
#10049=DIRECTION('center_axis',(-0.00709217850996212,-0.999974850185735,
0.));
#10050=DIRECTION('ref_axis',(0.999974850185735,-0.00709217850996212,0.));
#10051=DIRECTION('',(-0.999974850185735,0.00709217850996212,0.));
#10052=DIRECTION('',(-0.999974850185735,0.00709217850996212,0.));
#10053=DIRECTION('center_axis',(0.,0.,-1.));
#10054=DIRECTION('ref_axis',(-1.,0.,0.));
#10055=DIRECTION('center_axis',(0.,0.,-1.));
#10056=DIRECTION('ref_axis',(-1.,0.,0.));
#10057=DIRECTION('center_axis',(0.,0.,1.));
#10058=DIRECTION('ref_axis',(1.,0.,0.));
#10059=DIRECTION('',(0.00709217850995212,0.999974850185735,0.));
#10060=DIRECTION('center_axis',(0.,0.,-1.));
#10061=DIRECTION('ref_axis',(0.642720380759339,0.766100849860233,0.));
#10062=DIRECTION('',(0.991287678229114,0.131714611912015,0.));
#10063=DIRECTION('center_axis',(0.,0.,1.));
#10064=DIRECTION('ref_axis',(-0.604612473047662,-0.796519778433148,0.));
#10065=DIRECTION('center_axis',(0.,0.,1.));
#10066=DIRECTION('ref_axis',(0.479698281162725,-0.877433506910653,0.));
#10067=DIRECTION('',(-0.999974850185735,0.00709217850992312,0.));
#10068=DIRECTION('',(0.00709217850994712,0.999974850185735,0.));
#10069=DIRECTION('',(-0.999974850185735,0.00709217850996412,0.));
#10070=DIRECTION('',(-0.00709217850996112,-0.999974850185735,0.));
#10071=DIRECTION('center_axis',(0.,0.,1.));
#10072=DIRECTION('ref_axis',(0.781636526734388,-0.623734190240203,0.));
#10073=DIRECTION('',(0.991989216912205,0.126322577277026,0.));
#10074=DIRECTION('',(-0.00709217850996812,-0.999974850185735,0.));
#10075=DIRECTION('center_axis',(0.,0.,1.));
#10076=DIRECTION('ref_axis',(0.445835175081889,-0.895115074534946,0.));
#10077=DIRECTION('center_axis',(0.,0.,1.));
#10078=DIRECTION('ref_axis',(-0.601883327043016,-0.798584034793853,0.));
#10079=DIRECTION('center_axis',(0.,0.,1.));
#10080=DIRECTION('ref_axis',(1.,0.,0.));
#10081=DIRECTION('',(-0.00709217850996112,-0.999974850185735,0.));
#10082=DIRECTION('',(-0.999974850185735,0.00709217850996412,0.));
#10083=DIRECTION('',(0.00709217850994712,0.999974850185735,0.));
#10084=DIRECTION('',(-0.999974850185735,0.00709217850992312,0.));
#10085=DIRECTION('center_axis',(0.,0.,1.));
#10086=DIRECTION('ref_axis',(0.479698281162725,-0.877433506910653,0.));
#10087=DIRECTION('center_axis',(0.,0.,1.));
#10088=DIRECTION('ref_axis',(-0.604612473047662,-0.796519778433148,0.));
#10089=DIRECTION('',(0.991287678229114,0.131714611912015,0.));
#10090=DIRECTION('center_axis',(0.,0.,-1.));
#10091=DIRECTION('ref_axis',(0.642720380759339,0.766100849860233,0.));
#10092=DIRECTION('',(0.00709217850995212,0.999974850185735,0.));
#10093=DIRECTION('center_axis',(0.,0.,1.));
#10094=DIRECTION('ref_axis',(0.781636526734388,-0.623734190240203,0.));
#10095=DIRECTION('center_axis',(0.,0.,1.));
#10096=DIRECTION('ref_axis',(-0.601883327043016,-0.798584034793853,0.));
#10097=DIRECTION('center_axis',(0.,0.,1.));
#10098=DIRECTION('ref_axis',(0.445835175081889,-0.895115074534946,0.));
#10099=DIRECTION('',(-0.00709217850996812,-0.999974850185735,0.));
#10100=DIRECTION('',(0.991989216912205,0.126322577277026,0.));
#10101=DIRECTION('',(0.,0.,-1.));
#10102=DIRECTION('',(0.,0.,-1.));
#10103=DIRECTION('center_axis',(-0.999974850185735,0.00709217850995212,
0.));
#10104=DIRECTION('ref_axis',(-0.00709217850995212,-0.999974850185735,0.));
#10105=DIRECTION('',(0.,0.,-1.));
#10106=DIRECTION('',(0.,0.,-1.));
#10107=DIRECTION('',(0.,0.,-1.));
#10108=DIRECTION('center_axis',(-0.131714611912015,0.991287678229114,0.));
#10109=DIRECTION('ref_axis',(-0.991287678229114,-0.131714611912015,0.));
#10110=DIRECTION('',(0.,0.,-1.));
#10111=DIRECTION('',(0.,0.,-1.));
#10112=DIRECTION('',(0.,0.,-1.));
#10113=DIRECTION('',(0.,0.,-1.));
#10114=DIRECTION('',(0.,0.,-1.));
#10115=DIRECTION('center_axis',(-0.00709217850992312,-0.999974850185735,
0.));
#10116=DIRECTION('ref_axis',(0.999974850185735,-0.00709217850992312,0.));
#10117=DIRECTION('',(0.,0.,-1.));
#10118=DIRECTION('center_axis',(-0.999974850185735,0.00709217850994712,
0.));
#10119=DIRECTION('ref_axis',(-0.00709217850994712,-0.999974850185735,0.));
#10120=DIRECTION('',(0.,0.,-1.));
#10121=DIRECTION('center_axis',(-0.00709217850996412,-0.999974850185735,
0.));
#10122=DIRECTION('ref_axis',(0.999974850185735,-0.00709217850996412,0.));
#10123=DIRECTION('',(0.,0.,-1.));
#10124=DIRECTION('center_axis',(0.999974850185735,-0.00709217850996112,
0.));
#10125=DIRECTION('ref_axis',(0.00709217850996112,0.999974850185735,0.));
#10126=DIRECTION('',(0.,0.,-1.));
#10127=DIRECTION('',(0.,0.,-1.));
#10128=DIRECTION('',(0.,0.,-1.));
#10129=DIRECTION('',(0.,0.,-1.));
#10130=DIRECTION('',(0.,0.,-1.));
#10131=DIRECTION('',(0.,0.,-1.));
#10132=DIRECTION('',(0.,0.,-1.));
#10133=DIRECTION('',(0.,0.,-1.));
#10134=DIRECTION('center_axis',(0.999974850185735,-0.00709217850996812,
0.));
#10135=DIRECTION('ref_axis',(0.00709217850996812,0.999974850185735,0.));
#10136=DIRECTION('',(0.,0.,-1.));
#10137=DIRECTION('center_axis',(-0.126322577277026,0.991989216912205,0.));
#10138=DIRECTION('ref_axis',(-0.991989216912205,-0.126322577277026,0.));
#10139=DIRECTION('',(0.,0.,-1.));
#10140=DIRECTION('',(0.,0.,-1.));
#10141=DIRECTION('center_axis',(-0.999974850185735,0.00709217850996512,
0.));
#10142=DIRECTION('ref_axis',(-0.00709217850996512,-0.999974850185735,0.));
#10143=DIRECTION('',(0.00709217850996512,0.999974850185735,0.));
#10144=DIRECTION('',(0.,0.,-1.));
#10145=DIRECTION('',(0.00709217850996512,0.999974850185735,0.));
#10146=DIRECTION('center_axis',(0.,0.,1.));
#10147=DIRECTION('ref_axis',(-0.538472467489973,-0.842643104615032,0.));
#10148=DIRECTION('',(0.,0.,-1.));
#10149=DIRECTION('center_axis',(0.,0.,1.));
#10150=DIRECTION('ref_axis',(-0.538472467489973,-0.842643104615032,0.));
#10151=DIRECTION('center_axis',(0.,0.,1.));
#10152=DIRECTION('ref_axis',(0.648893553547641,-0.760879199455679,0.));
#10153=DIRECTION('',(0.,0.,-1.));
#10154=DIRECTION('center_axis',(0.,0.,1.));
#10155=DIRECTION('ref_axis',(0.648893553547641,-0.760879199455679,0.));
#10156=DIRECTION('center_axis',(0.,0.,1.));
#10157=DIRECTION('ref_axis',(0.881304641093877,-0.472548547332856,0.));
#10158=DIRECTION('',(0.,0.,-1.));
#10159=DIRECTION('center_axis',(0.,0.,1.));
#10160=DIRECTION('ref_axis',(0.881304641093877,-0.472548547332856,0.));
#10161=DIRECTION('center_axis',(0.,0.,1.));
#10162=DIRECTION('ref_axis',(0.881595306908424,0.472006053813975,0.));
#10163=DIRECTION('',(0.,0.,-1.));
#10164=DIRECTION('center_axis',(0.,0.,1.));
#10165=DIRECTION('ref_axis',(0.881595306908424,0.472006053813975,0.));
#10166=DIRECTION('center_axis',(0.,0.,1.));
#10167=DIRECTION('ref_axis',(0.999999782313571,-0.00065982786398376,0.));
#10168=DIRECTION('',(0.,0.,-1.));
#10169=DIRECTION('center_axis',(0.,0.,1.));
#10170=DIRECTION('ref_axis',(0.999999782313571,-0.00065982786398376,0.));
#10171=DIRECTION('center_axis',(0.,0.,-1.));
#10172=DIRECTION('ref_axis',(0.981877418079348,-0.189517112329817,0.));
#10173=DIRECTION('',(0.,0.,-1.));
#10174=DIRECTION('center_axis',(0.,0.,-1.));
#10175=DIRECTION('ref_axis',(0.981877418079348,-0.189517112329817,0.));
#10176=DIRECTION('',(0.,0.,-1.));
#10177=DIRECTION('center_axis',(0.,0.,-1.));
#10178=DIRECTION('ref_axis',(0.911708791660966,-0.410837047024853,0.));
#10179=DIRECTION('',(0.,0.,-1.));
#10180=DIRECTION('center_axis',(0.,0.,-1.));
#10181=DIRECTION('ref_axis',(0.911708791660966,-0.410837047024853,0.));
#10182=DIRECTION('',(0.,0.,-1.));
#10183=DIRECTION('',(0.,0.,-1.));
#10184=DIRECTION('center_axis',(0.999974850185735,-0.00709217850996612,
0.));
#10185=DIRECTION('ref_axis',(0.00709217850996612,0.999974850185735,0.));
#10186=DIRECTION('',(-0.00709217850996612,-0.999974850185735,0.));
#10187=DIRECTION('',(0.,0.,-1.));
#10188=DIRECTION('',(-0.00709217850996612,-0.999974850185735,0.));
#10189=DIRECTION('',(0.,0.,-1.));
#10190=DIRECTION('',(0.,0.,-1.));
#10191=DIRECTION('',(0.,0.,-1.));
#10192=DIRECTION('center_axis',(0.,0.,1.));
#10193=DIRECTION('ref_axis',(0.872626537083057,0.488388090332301,0.));
#10194=DIRECTION('',(0.,0.,-1.));
#10195=DIRECTION('center_axis',(0.,0.,1.));
#10196=DIRECTION('ref_axis',(0.872626537083057,0.488388090332301,0.));
#10197=DIRECTION('center_axis',(0.,0.,1.));
#10198=DIRECTION('ref_axis',(0.999280407677237,-0.0379297618291234,0.));
#10199=DIRECTION('',(0.,0.,-1.));
#10200=DIRECTION('center_axis',(0.,0.,1.));
#10201=DIRECTION('ref_axis',(0.999280407677237,-0.0379297618291234,0.));
#10202=DIRECTION('center_axis',(0.,0.,-1.));
#10203=DIRECTION('ref_axis',(0.984301437498434,-0.176495552744299,0.));
#10204=DIRECTION('',(0.,0.,-1.));
#10205=DIRECTION('center_axis',(0.,0.,-1.));
#10206=DIRECTION('ref_axis',(0.984301437498434,-0.176495552744299,0.));
#10207=DIRECTION('',(0.,0.,-1.));
#10208=DIRECTION('center_axis',(0.,0.,-1.));
#10209=DIRECTION('ref_axis',(0.833367970241872,-0.552718577736395,0.));
#10210=DIRECTION('center_axis',(0.,0.,-1.));
#10211=DIRECTION('ref_axis',(0.833367970241872,-0.552718577736395,0.));
#10212=DIRECTION('center_axis',(0.,0.,-1.));
#10213=DIRECTION('ref_axis',(-1.,0.,0.));
#10214=DIRECTION('center_axis',(0.,0.,-1.));
#10215=DIRECTION('ref_axis',(-1.,0.,0.));
#10216=DIRECTION('center_axis',(0.00709217850996112,0.999974850185735,0.));
#10217=DIRECTION('ref_axis',(-0.999974850185735,0.00709217850996112,0.));
#10218=DIRECTION('',(0.999974850185735,-0.00709217850996112,0.));
#10219=DIRECTION('',(0.,0.,-1.));
#10220=DIRECTION('',(0.999974850185735,-0.00709217850996112,0.));
#10221=DIRECTION('',(0.,0.,-1.));
#10222=DIRECTION('center_axis',(-0.937651617364941,0.347576530353978,0.));
#10223=DIRECTION('ref_axis',(-0.347576530353978,-0.937651617364941,0.));
#10224=DIRECTION('',(0.347576530353978,0.937651617364941,0.));
#10225=DIRECTION('',(0.,0.,-1.));
#10226=DIRECTION('',(0.347576530353978,0.937651617364941,0.));
#10227=DIRECTION('',(0.,0.,-1.));
#10228=DIRECTION('center_axis',(0.00709217850993212,0.999974850185735,0.));
#10229=DIRECTION('ref_axis',(-0.999974850185735,0.00709217850993212,0.));
#10230=DIRECTION('',(0.999974850185735,-0.00709217850993212,0.));
#10231=DIRECTION('',(0.,0.,-1.));
#10232=DIRECTION('',(0.999974850185735,-0.00709217850993212,0.));
#10233=DIRECTION('center_axis',(0.96938315814616,0.245553034399041,0.));
#10234=DIRECTION('ref_axis',(-0.245553034399041,0.96938315814616,0.));
#10235=DIRECTION('',(0.245553034399041,-0.96938315814616,0.));
#10236=DIRECTION('',(0.,0.,-1.));
#10237=DIRECTION('',(0.245553034399041,-0.96938315814616,0.));
#10238=DIRECTION('center_axis',(0.946862394598747,0.321638936844914,0.));
#10239=DIRECTION('ref_axis',(-0.321638936844914,0.946862394598747,0.));
#10240=DIRECTION('',(0.321638936844914,-0.946862394598747,0.));
#10241=DIRECTION('',(0.,0.,-1.));
#10242=DIRECTION('',(0.321638936844914,-0.946862394598747,0.));
#10243=DIRECTION('center_axis',(0.00709217850996112,0.999974850185735,0.));
#10244=DIRECTION('ref_axis',(-0.999974850185735,0.00709217850996112,0.));
#10245=DIRECTION('',(0.999974850185735,-0.00709217850996112,0.));
#10246=DIRECTION('',(0.,0.,-1.));
#10247=DIRECTION('',(0.999974850185735,-0.00709217850996112,0.));
#10248=DIRECTION('center_axis',(-0.93324165323207,-0.359249240323027,0.));
#10249=DIRECTION('ref_axis',(0.359249240323027,-0.93324165323207,0.));
#10250=DIRECTION('',(-0.359249240323027,0.93324165323207,0.));
#10251=DIRECTION('',(0.,0.,-1.));
#10252=DIRECTION('',(-0.359249240323027,0.93324165323207,0.));
#10253=DIRECTION('center_axis',(-0.91812980692914,0.39627977191406,0.));
#10254=DIRECTION('ref_axis',(-0.39627977191406,-0.91812980692914,0.));
#10255=DIRECTION('',(0.39627977191406,0.91812980692914,0.));
#10256=DIRECTION('',(0.,0.,-1.));
#10257=DIRECTION('',(0.39627977191406,0.91812980692914,0.));
#10258=DIRECTION('',(0.,0.,-1.));
#10259=DIRECTION('',(0.,0.,-1.));
#10260=DIRECTION('center_axis',(-0.999974850185735,0.00709217850995712,
0.));
#10261=DIRECTION('ref_axis',(-0.00709217850995712,-0.999974850185735,0.));
#10262=DIRECTION('',(0.00709217850995712,0.999974850185735,0.));
#10263=DIRECTION('',(0.,0.,-1.));
#10264=DIRECTION('',(0.00709217850995712,0.999974850185735,0.));
#10265=DIRECTION('center_axis',(0.,0.,1.));
#10266=DIRECTION('ref_axis',(0.922255878846785,0.38657999680861,0.));
#10267=DIRECTION('',(0.,0.,-1.));
#10268=DIRECTION('center_axis',(0.,0.,1.));
#10269=DIRECTION('ref_axis',(0.922255878846785,0.38657999680861,0.));
#10270=DIRECTION('',(0.,0.,-1.));
#10271=DIRECTION('center_axis',(0.927675946274125,-0.37338631295805,0.));
#10272=DIRECTION('ref_axis',(0.37338631295805,0.927675946274125,0.));
#10273=DIRECTION('',(-0.37338631295805,-0.927675946274125,0.));
#10274=DIRECTION('',(-0.37338631295805,-0.927675946274125,0.));
#10275=DIRECTION('center_axis',(0.,0.,1.));
#10276=DIRECTION('ref_axis',(1.,0.,0.));
#10277=DIRECTION('center_axis',(0.,0.,1.));
#10278=DIRECTION('ref_axis',(1.,0.,0.));
#10279=DIRECTION('center_axis',(0.999974850185735,-0.00709217850996612,
0.));
#10280=DIRECTION('ref_axis',(0.00709217850996612,0.999974850185735,0.));
#10281=DIRECTION('',(-0.00709217850996612,-0.999974850185735,0.));
#10282=DIRECTION('',(0.,0.,-1.));
#10283=DIRECTION('',(-0.00709217850996612,-0.999974850185735,0.));
#10284=DIRECTION('',(0.,0.,-1.));
#10285=DIRECTION('center_axis',(0.00709217850996212,0.999974850185735,0.));
#10286=DIRECTION('ref_axis',(-0.999974850185735,0.00709217850996212,0.));
#10287=DIRECTION('',(0.999974850185735,-0.00709217850996212,0.));
#10288=DIRECTION('',(0.,0.,-1.));
#10289=DIRECTION('',(0.999974850185735,-0.00709217850996212,0.));
#10290=DIRECTION('center_axis',(0.999974850185735,-0.00709217850996112,
0.));
#10291=DIRECTION('ref_axis',(0.00709217850996112,0.999974850185735,0.));
#10292=DIRECTION('',(-0.00709217850996112,-0.999974850185735,0.));
#10293=DIRECTION('',(0.,0.,-1.));
#10294=DIRECTION('',(-0.00709217850996112,-0.999974850185735,0.));
#10295=DIRECTION('center_axis',(-0.00709217850996212,-0.999974850185735,
0.));
#10296=DIRECTION('ref_axis',(0.999974850185735,-0.00709217850996212,0.));
#10297=DIRECTION('',(-0.999974850185735,0.00709217850996212,0.));
#10298=DIRECTION('',(0.,0.,-1.));
#10299=DIRECTION('',(-0.999974850185735,0.00709217850996212,0.));
#10300=DIRECTION('center_axis',(0.999974850185735,-0.00709217850995912,
0.));
#10301=DIRECTION('ref_axis',(0.00709217850995912,0.999974850185735,0.));
#10302=DIRECTION('',(-0.00709217850995912,-0.999974850185735,0.));
#10303=DIRECTION('',(0.,0.,-1.));
#10304=DIRECTION('',(-0.00709217850995912,-0.999974850185735,0.));
#10305=DIRECTION('center_axis',(0.00709217850996212,0.999974850185735,0.));
#10306=DIRECTION('ref_axis',(-0.999974850185735,0.00709217850996212,0.));
#10307=DIRECTION('',(0.999974850185735,-0.00709217850996212,0.));
#10308=DIRECTION('',(0.,0.,-1.));
#10309=DIRECTION('',(0.999974850185735,-0.00709217850996212,0.));
#10310=DIRECTION('center_axis',(0.999974850185735,-0.00709217850996312,
0.));
#10311=DIRECTION('ref_axis',(0.00709217850996312,0.999974850185735,0.));
#10312=DIRECTION('',(-0.00709217850996312,-0.999974850185735,0.));
#10313=DIRECTION('',(0.,0.,-1.));
#10314=DIRECTION('',(-0.00709217850996312,-0.999974850185735,0.));
#10315=DIRECTION('center_axis',(-0.00709217850996112,-0.999974850185735,
0.));
#10316=DIRECTION('ref_axis',(0.999974850185735,-0.00709217850996112,0.));
#10317=DIRECTION('',(-0.999974850185735,0.00709217850996112,0.));
#10318=DIRECTION('',(0.,0.,-1.));
#10319=DIRECTION('',(-0.999974850185735,0.00709217850996112,0.));
#10320=DIRECTION('center_axis',(0.999974850185735,-0.00709217850996212,
0.));
#10321=DIRECTION('ref_axis',(0.00709217850996212,0.999974850185735,0.));
#10322=DIRECTION('',(-0.00709217850996212,-0.999974850185735,0.));
#10323=DIRECTION('',(0.,0.,-1.));
#10324=DIRECTION('',(-0.00709217850996212,-0.999974850185735,0.));
#10325=DIRECTION('center_axis',(0.00709217850996212,0.999974850185735,0.));
#10326=DIRECTION('ref_axis',(-0.999974850185735,0.00709217850996212,0.));
#10327=DIRECTION('',(0.999974850185735,-0.00709217850996212,0.));
#10328=DIRECTION('',(0.,0.,-1.));
#10329=DIRECTION('',(0.999974850185735,-0.00709217850996212,0.));
#10330=DIRECTION('center_axis',(-0.999974850185735,0.00709217850996112,
0.));
#10331=DIRECTION('ref_axis',(-0.00709217850996112,-0.999974850185735,0.));
#10332=DIRECTION('',(0.00709217850996112,0.999974850185735,0.));
#10333=DIRECTION('',(0.,0.,-1.));
#10334=DIRECTION('',(0.00709217850996112,0.999974850185735,0.));
#10335=DIRECTION('center_axis',(-0.00709217850996212,-0.999974850185735,
0.));
#10336=DIRECTION('ref_axis',(0.999974850185735,-0.00709217850996212,0.));
#10337=DIRECTION('',(-0.999974850185735,0.00709217850996212,0.));
#10338=DIRECTION('',(-0.999974850185735,0.00709217850996212,0.));
#10339=DIRECTION('center_axis',(0.,0.,-1.));
#10340=DIRECTION('ref_axis',(-1.,0.,0.));
#10341=DIRECTION('center_axis',(0.,0.,-1.));
#10342=DIRECTION('ref_axis',(-1.,0.,0.));
#10343=DIRECTION('center_axis',(0.,0.,1.));
#10344=DIRECTION('ref_axis',(1.,0.,0.));
#10345=DIRECTION('',(-0.999974850185735,0.00709217850996212,0.));
#10346=DIRECTION('center_axis',(0.,0.,1.));
#10347=DIRECTION('ref_axis',(0.524461600262608,-0.851434101883396,0.));
#10348=DIRECTION('center_axis',(0.,0.,1.));
#10349=DIRECTION('ref_axis',(0.850237670637845,-0.526398996416532,0.));
#10350=DIRECTION('',(0.999974850185735,-0.00709217850996212,0.));
#10351=DIRECTION('',(0.00709217850996112,0.999974850185735,0.));
#10352=DIRECTION('',(0.00709217850996212,0.999974850185735,0.));
#10353=DIRECTION('',(0.999974850185735,-0.00709217850996212,0.));
#10354=DIRECTION('center_axis',(0.,0.,1.));
#10355=DIRECTION('ref_axis',(-0.603115441168014,-0.797653912812262,0.));
#10356=DIRECTION('center_axis',(0.,0.,1.));
#10357=DIRECTION('ref_axis',(0.764661077366394,0.644432647187326,0.));
#10358=DIRECTION('center_axis',(0.,0.,1.));
#10359=DIRECTION('ref_axis',(0.7798282657661,-0.62599351107838,0.));
#10360=DIRECTION('center_axis',(0.,0.,1.));
#10361=DIRECTION('ref_axis',(0.624018701335323,-0.781409406382964,0.));
#10362=DIRECTION('',(-0.999974850185735,0.00709217850996212,0.));
#10363=DIRECTION('center_axis',(0.,0.,1.));
#10364=DIRECTION('ref_axis',(1.,0.,0.));
#10365=DIRECTION('',(-0.999974850185735,0.00709217850996212,0.));
#10366=DIRECTION('',(0.00709217850996112,0.999974850185735,0.));
#10367=DIRECTION('',(0.999974850185735,-0.00709217850996212,0.));
#10368=DIRECTION('center_axis',(0.,0.,1.));
#10369=DIRECTION('ref_axis',(0.850237670637845,-0.526398996416532,0.));
#10370=DIRECTION('center_axis',(0.,0.,1.));
#10371=DIRECTION('ref_axis',(0.524461600262608,-0.851434101883396,0.));
#10372=DIRECTION('',(0.999974850185735,-0.00709217850996212,0.));
#10373=DIRECTION('',(0.00709217850996212,0.999974850185735,0.));
#10374=DIRECTION('',(-0.999974850185735,0.00709217850996212,0.));
#10375=DIRECTION('center_axis',(0.,0.,1.));
#10376=DIRECTION('ref_axis',(0.624018701335323,-0.781409406382964,0.));
#10377=DIRECTION('center_axis',(0.,0.,1.));
#10378=DIRECTION('ref_axis',(0.7798282657661,-0.62599351107838,0.));
#10379=DIRECTION('center_axis',(0.,0.,1.));
#10380=DIRECTION('ref_axis',(0.764661077366394,0.644432647187326,0.));
#10381=DIRECTION('center_axis',(0.,0.,1.));
#10382=DIRECTION('ref_axis',(-0.603115441168014,-0.797653912812262,0.));
#10383=DIRECTION('center_axis',(-0.00709217850996212,-0.999974850185735,
0.));
#10384=DIRECTION('ref_axis',(0.999974850185735,-0.00709217850996212,0.));
#10385=DIRECTION('',(0.,0.,-1.));
#10386=DIRECTION('',(0.,0.,-1.));
#10387=DIRECTION('',(0.,0.,-1.));
#10388=DIRECTION('',(0.,0.,-1.));
#10389=DIRECTION('',(0.,0.,-1.));
#10390=DIRECTION('',(0.,0.,-1.));
#10391=DIRECTION('center_axis',(0.00709217850996212,0.999974850185735,0.));
#10392=DIRECTION('ref_axis',(-0.999974850185735,0.00709217850996212,0.));
#10393=DIRECTION('',(0.,0.,-1.));
#10394=DIRECTION('center_axis',(-0.999974850185735,0.00709217850996112,
0.));
#10395=DIRECTION('ref_axis',(-0.00709217850996112,-0.999974850185735,0.));
#10396=DIRECTION('center_axis',(0.00709217850996212,0.999974850185735,0.));
#10397=DIRECTION('ref_axis',(-0.999974850185735,0.00709217850996212,0.));
#10398=DIRECTION('',(0.,0.,-1.));
#10399=DIRECTION('',(0.,0.,-1.));
#10400=DIRECTION('center_axis',(-0.999974850185735,0.00709217850996212,
0.));
#10401=DIRECTION('ref_axis',(-0.00709217850996212,-0.999974850185735,0.));
#10402=DIRECTION('',(0.,0.,-1.));
#10403=DIRECTION('center_axis',(-0.00709217850996212,-0.999974850185735,
0.));
#10404=DIRECTION('ref_axis',(0.999974850185735,-0.00709217850996212,0.));
#10405=DIRECTION('',(0.,0.,-1.));
#10406=DIRECTION('',(0.,0.,-1.));
#10407=DIRECTION('',(0.,0.,-1.));
#10408=DIRECTION('',(0.,0.,-1.));
#10409=DIRECTION('center_axis',(0.,0.,-1.));
#10410=DIRECTION('ref_axis',(-1.,0.,0.));
#10411=DIRECTION('',(0.34929905779605,-0.937011295675133,0.));
#10412=DIRECTION('',(0.999974850185735,-0.00709217850996112,0.));
#10413=DIRECTION('',(0.362554487504096,0.931962576282247,0.));
#10414=DIRECTION('',(-0.999974850185735,0.00709217850996312,0.));
#10415=DIRECTION('',(-0.338211162487129,-0.941070246883358,0.));
#10416=DIRECTION('',(-0.999974850185735,0.00709217850996212,0.));
#10417=DIRECTION('',(-0.342741495853077,0.939429756299211,0.));
#10418=DIRECTION('',(-0.999974850185735,0.00709217850996212,0.));
#10419=DIRECTION('',(-0.999974850185735,0.00709217850996112,0.));
#10420=DIRECTION('',(0.345199932433911,0.938529171974757,0.));
#10421=DIRECTION('',(0.999974850185735,-0.00709217850992212,0.));
#10422=DIRECTION('',(0.334929697701848,-0.942243120217574,0.));
#10423=DIRECTION('center_axis',(0.,0.,-1.));
#10424=DIRECTION('ref_axis',(-1.,0.,0.));
#10425=DIRECTION('',(0.34929905779605,-0.937011295675133,0.));
#10426=DIRECTION('',(-0.999974850185735,0.00709217850996212,0.));
#10427=DIRECTION('',(-0.342741495853077,0.939429756299211,0.));
#10428=DIRECTION('',(-0.999974850185735,0.00709217850996212,0.));
#10429=DIRECTION('',(-0.338211162487129,-0.941070246883358,0.));
#10430=DIRECTION('',(-0.999974850185735,0.00709217850996312,0.));
#10431=DIRECTION('',(0.362554487504096,0.931962576282247,0.));
#10432=DIRECTION('',(0.999974850185735,-0.00709217850996112,0.));
#10433=DIRECTION('',(0.345199932433911,0.938529171974757,0.));
#10434=DIRECTION('',(-0.999974850185735,0.00709217850996112,0.));
#10435=DIRECTION('',(0.334929697701848,-0.942243120217574,0.));
#10436=DIRECTION('',(0.999974850185735,-0.00709217850992212,0.));
#10437=DIRECTION('center_axis',(0.937011295675133,0.34929905779605,0.));
#10438=DIRECTION('ref_axis',(-0.34929905779605,0.937011295675133,0.));
#10439=DIRECTION('',(0.,0.,-1.));
#10440=DIRECTION('',(0.,0.,-1.));
#10441=DIRECTION('center_axis',(0.00709217850996112,0.999974850185735,0.));
#10442=DIRECTION('ref_axis',(-0.999974850185735,0.00709217850996112,0.));
#10443=DIRECTION('',(0.,0.,-1.));
#10444=DIRECTION('center_axis',(-0.931962576282247,0.362554487504096,0.));
#10445=DIRECTION('ref_axis',(-0.362554487504096,-0.931962576282247,0.));
#10446=DIRECTION('',(0.,0.,-1.));
#10447=DIRECTION('center_axis',(-0.00709217850996312,-0.999974850185735,
0.));
#10448=DIRECTION('ref_axis',(0.999974850185735,-0.00709217850996312,0.));
#10449=DIRECTION('',(0.,0.,-1.));
#10450=DIRECTION('center_axis',(0.941070246883358,-0.338211162487129,0.));
#10451=DIRECTION('ref_axis',(0.338211162487129,0.941070246883358,0.));
#10452=DIRECTION('',(0.,0.,-1.));
#10453=DIRECTION('center_axis',(-0.00709217850996212,-0.999974850185735,
0.));
#10454=DIRECTION('ref_axis',(0.999974850185735,-0.00709217850996212,0.));
#10455=DIRECTION('',(0.,0.,-1.));
#10456=DIRECTION('center_axis',(-0.939429756299211,-0.342741495853077,0.));
#10457=DIRECTION('ref_axis',(0.342741495853077,-0.939429756299211,0.));
#10458=DIRECTION('',(0.,0.,-1.));
#10459=DIRECTION('center_axis',(-0.00709217850996212,-0.999974850185735,
0.));
#10460=DIRECTION('ref_axis',(0.999974850185735,-0.00709217850996212,0.));
#10461=DIRECTION('center_axis',(-0.00709217850996112,-0.999974850185735,
0.));
#10462=DIRECTION('ref_axis',(0.999974850185735,-0.00709217850996112,0.));
#10463=DIRECTION('',(0.,0.,-1.));
#10464=DIRECTION('',(0.,0.,-1.));
#10465=DIRECTION('center_axis',(0.942243120217574,0.334929697701848,0.));
#10466=DIRECTION('ref_axis',(-0.334929697701848,0.942243120217574,0.));
#10467=DIRECTION('',(0.,0.,-1.));
#10468=DIRECTION('',(0.,0.,-1.));
#10469=DIRECTION('center_axis',(0.00709217850992212,0.999974850185735,0.));
#10470=DIRECTION('ref_axis',(-0.999974850185735,0.00709217850992212,0.));
#10471=DIRECTION('',(0.,0.,-1.));
#10472=DIRECTION('',(0.,0.,-1.));
#10473=DIRECTION('center_axis',(-0.938529171974757,0.345199932433911,0.));
#10474=DIRECTION('ref_axis',(-0.345199932433911,-0.938529171974757,0.));
#10475=DIRECTION('center_axis',(0.,0.,-1.));
#10476=DIRECTION('ref_axis',(-1.,0.,0.));
#10477=DIRECTION('center_axis',(0.,0.,1.));
#10478=DIRECTION('ref_axis',(0.917935111031515,-0.396730553317438,0.));
#10479=DIRECTION('center_axis',(0.,0.,1.));
#10480=DIRECTION('ref_axis',(0.285278394625965,-0.958444697183741,0.));
#10481=DIRECTION('center_axis',(0.,0.,1.));
#10482=DIRECTION('ref_axis',(0.198149523490785,-0.980171804501831,0.));
#10483=DIRECTION('center_axis',(0.,0.,1.));
#10484=DIRECTION('ref_axis',(0.255749653613227,-0.9667430448039,0.));
#10485=DIRECTION('center_axis',(0.,0.,1.));
#10486=DIRECTION('ref_axis',(0.0473981789522319,-0.99887607471198,0.));
#10487=DIRECTION('center_axis',(0.,0.,1.));
#10488=DIRECTION('ref_axis',(0.474447340277525,-0.880283886768116,0.));
#10489=DIRECTION('center_axis',(0.,0.,1.));
#10490=DIRECTION('ref_axis',(-0.524512122394588,-0.851402979476302,0.));
#10491=DIRECTION('',(-0.00709217850706716,-0.999974850185755,0.));
#10492=DIRECTION('',(-0.887386942262553,-0.461025394855768,0.));
#10493=DIRECTION('',(0.498748469261035,-0.866746770637061,0.));
#10494=DIRECTION('',(0.889610358060177,0.456720276353091,0.));
#10495=DIRECTION('',(-0.999974850185603,0.00709217852853858,0.));
#10496=DIRECTION('',(0.999974850185735,-0.00709217850996212,0.));
#10497=DIRECTION('',(-0.999974850185735,0.00709217850996212,0.));
#10498=DIRECTION('center_axis',(0.,0.,1.));
#10499=DIRECTION('ref_axis',(0.296564034926571,-0.955012970167459,0.));
#10500=DIRECTION('center_axis',(0.,0.,1.));
#10501=DIRECTION('ref_axis',(0.283710332612089,-0.958910030800146,0.));
#10502=DIRECTION('center_axis',(0.,0.,-1.));
#10503=DIRECTION('ref_axis',(-1.,0.,0.));
#10504=DIRECTION('center_axis',(0.,0.,1.));
#10505=DIRECTION('ref_axis',(0.283710332612089,-0.958910030800146,0.));
#10506=DIRECTION('center_axis',(0.,0.,1.));
#10507=DIRECTION('ref_axis',(0.296564034926571,-0.955012970167459,0.));
#10508=DIRECTION('',(-0.999974850185735,0.00709217850996012,0.));
#10509=DIRECTION('',(0.999974850185735,-0.00709217850996212,0.));
#10510=DIRECTION('',(-0.999974850185603,0.00709217852853858,0.));
#10511=DIRECTION('',(0.889610358060177,0.456720276353091,0.));
#10512=DIRECTION('',(0.498748469261035,-0.866746770637061,0.));
#10513=DIRECTION('',(-0.887386942262553,-0.461025394855768,0.));
#10514=DIRECTION('',(-0.00709217850706716,-0.999974850185755,0.));
#10515=DIRECTION('center_axis',(0.,0.,1.));
#10516=DIRECTION('ref_axis',(-0.524512122394588,-0.851402979476302,0.));
#10517=DIRECTION('center_axis',(0.,0.,1.));
#10518=DIRECTION('ref_axis',(0.474447340277525,-0.880283886768116,0.));
#10519=DIRECTION('center_axis',(0.,0.,1.));
#10520=DIRECTION('ref_axis',(0.0473981789522319,-0.99887607471198,0.));
#10521=DIRECTION('center_axis',(0.,0.,1.));
#10522=DIRECTION('ref_axis',(0.255749653613227,-0.9667430448039,0.));
#10523=DIRECTION('center_axis',(0.,0.,1.));
#10524=DIRECTION('ref_axis',(0.198149523490785,-0.980171804501831,0.));
#10525=DIRECTION('center_axis',(0.,0.,1.));
#10526=DIRECTION('ref_axis',(0.285278394625965,-0.958444697183741,0.));
#10527=DIRECTION('center_axis',(0.,0.,1.));
#10528=DIRECTION('ref_axis',(0.917935111031515,-0.396730553317438,0.));
#10529=DIRECTION('',(0.,0.,-1.));
#10530=DIRECTION('',(0.,0.,-1.));
#10531=DIRECTION('',(0.,0.,-1.));
#10532=DIRECTION('',(0.,0.,-1.));
#10533=DIRECTION('',(0.,0.,-1.));
#10534=DIRECTION('',(0.,0.,-1.));
#10535=DIRECTION('',(0.,0.,-1.));
#10536=DIRECTION('',(0.,0.,-1.));
#10537=DIRECTION('',(0.,0.,-1.));
#10538=DIRECTION('',(0.,0.,-1.));
#10539=DIRECTION('',(0.,0.,-1.));
#10540=DIRECTION('',(0.,0.,-1.));
#10541=DIRECTION('',(0.,0.,-1.));
#10542=DIRECTION('center_axis',(0.999974850185735,-0.00709217850997312,
0.));
#10543=DIRECTION('ref_axis',(0.00709217850997312,0.999974850185735,0.));
#10544=DIRECTION('',(0.,0.,-1.));
#10545=DIRECTION('center_axis',(0.461025394855768,-0.887386942262553,0.));
#10546=DIRECTION('ref_axis',(0.887386942262553,0.461025394855768,0.));
#10547=DIRECTION('',(0.,0.,-1.));
#10548=DIRECTION('center_axis',(0.866746770637061,0.498748469261035,0.));
#10549=DIRECTION('ref_axis',(-0.498748469261035,0.866746770637061,0.));
#10550=DIRECTION('',(0.,0.,-1.));
#10551=DIRECTION('center_axis',(-0.456720276353091,0.889610358060177,0.));
#10552=DIRECTION('ref_axis',(-0.889610358060177,-0.456720276353091,0.));
#10553=DIRECTION('',(0.,0.,-1.));
#10554=DIRECTION('',(0.,0.,-1.));
#10555=DIRECTION('',(0.,0.,-1.));
#10556=DIRECTION('',(0.,0.,-1.));
#10557=DIRECTION('',(0.,0.,-1.));
#10558=DIRECTION('',(0.,0.,-1.));
#10559=DIRECTION('',(0.,0.,-1.));
#10560=DIRECTION('',(0.,0.,-1.));
#10561=DIRECTION('center_axis',(-0.00709217850996512,-0.999974850185735,
0.));
#10562=DIRECTION('ref_axis',(0.999974850185735,-0.00709217850996512,0.));
#10563=DIRECTION('',(0.,0.,-1.));
#10564=DIRECTION('',(0.,0.,-1.));
#10565=DIRECTION('',(0.,0.,-1.));
#10566=DIRECTION('center_axis',(0.00709217850996212,0.999974850185735,0.));
#10567=DIRECTION('ref_axis',(-0.999974850185735,0.00709217850996212,0.));
#10568=DIRECTION('',(0.,0.,-1.));
#10569=DIRECTION('',(0.,0.,-1.));
#10570=DIRECTION('',(0.,0.,-1.));
#10571=DIRECTION('',(0.,0.,-1.));
#10572=DIRECTION('center_axis',(-0.00709217850996012,-0.999974850185735,
0.));
#10573=DIRECTION('ref_axis',(0.999974850185735,-0.00709217850996012,0.));
#10574=DIRECTION('',(0.,0.,-1.));
#10575=DIRECTION('',(0.,0.,-1.));
#10576=DIRECTION('',(0.,0.,-1.));
#10577=DIRECTION('',(0.,0.,-1.));
#10578=DIRECTION('',(0.,0.,1.));
#10579=DIRECTION('',(1.,0.,0.));
#10580=DIRECTION('',(0.,0.,1.));
#10581=DIRECTION('',(1.,0.,0.));
#10582=CARTESIAN_POINT('',(0.,0.,0.));
#10583=CARTESIAN_POINT('',(0.,0.,0.));
#10584=CARTESIAN_POINT('',(0.,0.,0.));
#10585=CARTESIAN_POINT('Origin',(-2.799996823671,-3.658955910425,5.707859131854));
#10586=CARTESIAN_POINT('',(-2.89999671023,-3.058956591067,5.707859131854));
#10587=CARTESIAN_POINT('',(-2.89999671023,-2.558957158269,5.707859131854));
#10588=CARTESIAN_POINT('',(-2.89999671023,-3.658955910425,5.707859131854));
#10589=CARTESIAN_POINT('',(-2.799996823671,-3.058956591067,5.807859018414));
#10590=CARTESIAN_POINT('Origin',(-2.799996823671,-3.058956591067,5.707859131854));
#10591=CARTESIAN_POINT('',(-2.799996823671,-2.558957158269,5.807859018414));
#10592=CARTESIAN_POINT('',(-2.799996823671,-3.658955910425,5.807859018414));
#10593=CARTESIAN_POINT('Origin',(-2.799996823671,-2.558957158269,5.707859131854));
#10594=CARTESIAN_POINT('Origin',(-2.89999671023,-3.658955910425,5.707859131854));
#10595=CARTESIAN_POINT('',(-2.89999671023,-3.058956591067,0.107865484513));
#10596=CARTESIAN_POINT('',(-2.89999671023,-2.558957158269,0.107865484513));
#10597=CARTESIAN_POINT('',(-2.89999671023,-3.658955910425,0.107865484513));
#10598=CARTESIAN_POINT('',(-2.89999671023,-3.058956591067,5.707859131854));
#10599=CARTESIAN_POINT('',(-2.89999671023,-2.558957158269,5.707859131854));
#10600=CARTESIAN_POINT('Origin',(-2.799996823671,-3.658955910425,0.107865484513));
#10601=CARTESIAN_POINT('',(-2.799996823671,-3.058956591067,0.00786559795362));
#10602=CARTESIAN_POINT('',(-2.799996823671,-2.558957158269,0.007865597953622));
#10603=CARTESIAN_POINT('',(-2.799996823671,-3.658955910425,0.007865597953618));
#10604=CARTESIAN_POINT('Origin',(-2.799996823671,-3.058956591067,0.107865484513));
#10605=CARTESIAN_POINT('Origin',(-2.799996823671,-2.558957158269,0.107865484513));
#10606=CARTESIAN_POINT('Origin',(-2.799996823671,-3.658955910425,0.007865597953618));
#10607=CARTESIAN_POINT('',(2.799996823671,-3.058956591067,0.00786559795362));
#10608=CARTESIAN_POINT('',(2.799996823671,-2.558957158269,0.007865597953622));
#10609=CARTESIAN_POINT('',(2.799996823671,-3.658955910425,0.007865597953618));
#10610=CARTESIAN_POINT('',(-2.799996823671,-3.058956591067,0.00786559795362));
#10611=CARTESIAN_POINT('',(-2.799996823671,-2.558957158269,0.007865597953622));
#10612=CARTESIAN_POINT('Origin',(2.799996823671,-3.658955910425,0.107865484513));
#10613=CARTESIAN_POINT('',(2.89999671023,-3.058956591067,0.107865484513));
#10614=CARTESIAN_POINT('',(2.89999671023,-2.558957158269,0.107865484513));
#10615=CARTESIAN_POINT('',(2.89999671023,-3.658955910425,0.107865484513));
#10616=CARTESIAN_POINT('Origin',(2.799996823671,-3.058956591067,0.107865484513));
#10617=CARTESIAN_POINT('Origin',(2.799996823671,-2.558957158269,0.107865484513));
#10618=CARTESIAN_POINT('Origin',(2.89999671023,-3.658955910425,0.107865484513));
#10619=CARTESIAN_POINT('',(2.89999671023,-3.058956591067,5.707859131854));
#10620=CARTESIAN_POINT('',(2.89999671023,-2.558957158269,5.707859131854));
#10621=CARTESIAN_POINT('',(2.89999671023,-3.658955910425,5.707859131854));
#10622=CARTESIAN_POINT('',(2.89999671023,-3.058956591067,0.107865484513));
#10623=CARTESIAN_POINT('',(2.89999671023,-2.558957158269,0.107865484513));
#10624=CARTESIAN_POINT('Origin',(2.799996823671,-3.658955910425,5.707859131854));
#10625=CARTESIAN_POINT('',(2.799996823671,-3.058956591067,5.807859018414));
#10626=CARTESIAN_POINT('',(2.799996823671,-2.558957158269,5.807859018414));
#10627=CARTESIAN_POINT('',(2.799996823671,-3.658955910425,5.807859018414));
#10628=CARTESIAN_POINT('Origin',(2.799996823671,-3.058956591067,5.707859131854));
#10629=CARTESIAN_POINT('Origin',(2.799996823671,-2.558957158269,5.707859131854));
#10630=CARTESIAN_POINT('Origin',(2.799996823671,-3.658955910425,5.807859018414));
#10631=CARTESIAN_POINT('',(2.799996823671,-3.058956591067,5.807859018414));
#10632=CARTESIAN_POINT('',(2.799996823671,-2.558957158269,5.807859018414));
#10633=CARTESIAN_POINT('Origin',(-2.799996823671,-3.658955910425,5.707859131854));
#10634=CARTESIAN_POINT('',(2.299997390872,-3.658955910425,0.607864917312));
#10635=CARTESIAN_POINT('',(2.299997390872,-3.658955910425,5.207859699056));
#10636=CARTESIAN_POINT('',(2.299997390872,-3.658955910425,5.707859131854));
#10637=CARTESIAN_POINT('',(-2.299997390872,-3.658955910425,5.207859699056));
#10638=CARTESIAN_POINT('',(-2.799996823671,-3.658955910425,5.207859699056));
#10639=CARTESIAN_POINT('',(-2.299997390872,-3.658955910425,0.607864917312));
#10640=CARTESIAN_POINT('',(-2.299997390872,-3.658955910425,0.107865484513));
#10641=CARTESIAN_POINT('',(2.799996823671,-3.658955910425,0.607864917312));
#10642=CARTESIAN_POINT('Origin',(-2.799996823671,-2.558957158269,5.707859131854));
#10643=CARTESIAN_POINT('Origin',(-2.799996823671,-3.058956591067,0.607864917312));
#10644=CARTESIAN_POINT('Ctrl Pts',(-2.799996823671,-3.058956591067,0.007865597953619));
#10645=CARTESIAN_POINT('Ctrl Pts',(-2.799996823671,-3.07989433472481,0.007865597953619));
#10646=CARTESIAN_POINT('Ctrl Pts',(-2.79907003827564,-3.10135030089839,
0.0089777404433751));
#10647=CARTESIAN_POINT('Ctrl Pts',(-2.79711068862617,-3.1231195305427,0.0113289600469168));
#10648=CARTESIAN_POINT('Ctrl Pts',(-2.79514391175924,-3.14497127981412,
0.0136890923114992));
#10649=CARTESIAN_POINT('Ctrl Pts',(-2.79213658480918,-3.16713826951066,
0.0172978846847373));
#10650=CARTESIAN_POINT('Ctrl Pts',(-2.78801030303322,-3.18938511572948,
0.0222494228485814));
#10651=CARTESIAN_POINT('Ctrl Pts',(-2.78384106927857,-3.21186353752087,
0.0272525033871978));
#10652=CARTESIAN_POINT('Ctrl Pts',(-2.77852933780614,-3.23442295644305,
0.0336265811866126));
#10653=CARTESIAN_POINT('Ctrl Pts',(-2.77202544396084,-3.25679896594082,
0.0414312538209387));
#10654=CARTESIAN_POINT('Ctrl Pts',(-2.76893257099828,-3.26743969231671,
0.0451427013855036));
#10655=CARTESIAN_POINT('Ctrl Pts',(-2.76557056711001,-3.27803867925816,
0.0491771060580617));
#10656=CARTESIAN_POINT('Ctrl Pts',(-2.76193663327579,-3.28856639007734,
0.0535378266614621));
#10657=CARTESIAN_POINT('Ctrl Pts',(-2.75443077540079,-3.31031128273712,
0.0625448561162883));
#10658=CARTESIAN_POINT('Ctrl Pts',(-2.74576424389719,-3.33174556278867,
0.0729446939211432));
#10659=CARTESIAN_POINT('Ctrl Pts',(-2.73598606670722,-3.35262909878112,
0.0846785065461337));
#10660=CARTESIAN_POINT('Ctrl Pts',(-2.72603072196474,-3.37389101664246,
0.0966249202340835));
#10661=CARTESIAN_POINT('Ctrl Pts',(-2.71492325463153,-3.39458137782853,
0.109953881027281));
#10662=CARTESIAN_POINT('Ctrl Pts',(-2.702750097448,-3.41445241011949,0.124561669638217));
#10663=CARTESIAN_POINT('Ctrl Pts',(-2.69032342809817,-3.43473726672625,
0.13947367284852));
#10664=CARTESIAN_POINT('Ctrl Pts',(-2.67678647029083,-3.45416750595751,
0.155718022205088));
#10665=CARTESIAN_POINT('Ctrl Pts',(-2.66226378929931,-3.47249677949272,
0.173145239381151));
#10666=CARTESIAN_POINT('Ctrl Pts',(-2.65939726761798,-3.47611465555998,
0.176585065396027));
#10667=CARTESIAN_POINT('Ctrl Pts',(-2.65649243487552,-3.47968971329206,
0.180070864684208));
#10668=CARTESIAN_POINT('Ctrl Pts',(-2.65355038049565,-3.48322017854423,
0.183601329937226));
#10669=CARTESIAN_POINT('Ctrl Pts',(-2.63816115590483,-3.50168724803399,
0.202068399431444));
#10670=CARTESIAN_POINT('Ctrl Pts',(-2.62174365257611,-3.51886675570926,
0.22176940340966));
#10671=CARTESIAN_POINT('Ctrl Pts',(-2.60453066070246,-3.53462811883302,
0.242424993641938));
#10672=CARTESIAN_POINT('Ctrl Pts',(-2.58699351609918,-3.55068629781059,
0.263469567149482));
#10673=CARTESIAN_POINT('Ctrl Pts',(-2.56863143935578,-3.56527190589021,
0.285504059225335));
#10674=CARTESIAN_POINT('Ctrl Pts',(-2.54970928030824,-3.57829251483329,
0.308210650067693));
#10675=CARTESIAN_POINT('Ctrl Pts',(-2.53089939151479,-3.59123586900482,
0.330782516605235));
#10676=CARTESIAN_POINT('Ctrl Pts',(-2.51153688922516,-3.60263249923755,
0.354017519339709));
#10677=CARTESIAN_POINT('Ctrl Pts',(-2.49188768736948,-3.61244171933885,
0.377596561555715));
#10678=CARTESIAN_POINT('Ctrl Pts',(-2.47291818830362,-3.62191162009692,
0.400359960424321));
#10679=CARTESIAN_POINT('Ctrl Pts',(-2.45368212388696,-3.62990215155205,
0.423443237715988));
#10680=CARTESIAN_POINT('Ctrl Pts',(-2.43441332433219,-3.63642402008258,
0.446565797175575));
#10681=CARTESIAN_POINT('Ctrl Pts',(-2.41555946916708,-3.64280544329117,
0.469190423367693));
#10682=CARTESIAN_POINT('Ctrl Pts',(-2.39667473941419,-3.64778088612109,
0.491852099067216));
#10683=CARTESIAN_POINT('Ctrl Pts',(-2.37796486635535,-3.65140496843084,
0.514303946735468));
#10684=CARTESIAN_POINT('Ctrl Pts',(-2.35967769090888,-3.65494717466722,
0.53624855726892));
#10685=CARTESIAN_POINT('Ctrl Pts',(-2.34155786057763,-3.65719859026747,
0.557992353665607));
#10686=CARTESIAN_POINT('Ctrl Pts',(-2.323779066084,-3.6582509914458,0.579326907057713));
#10687=CARTESIAN_POINT('Ctrl Pts',(-2.31577826709842,-3.6587245921887,0.588927865840295));
#10688=CARTESIAN_POINT('Ctrl Pts',(-2.30784625563673,-3.658955910425,0.598446279594324));
#10689=CARTESIAN_POINT('Ctrl Pts',(-2.299997390872,-3.658955910425,0.607864917312));
#10690=CARTESIAN_POINT('Ctrl Pts',(2.299997390872,-3.658955910425,0.607864917312));
#10691=CARTESIAN_POINT('Ctrl Pts',(2.31747559462767,-3.658955910425,0.586891072805166));
#10692=CARTESIAN_POINT('Ctrl Pts',(2.33536764713954,-3.65780621877908,0.565420609790925));
#10693=CARTESIAN_POINT('Ctrl Pts',(2.35350859618427,-3.65539660714191,0.543651470938378));
#10694=CARTESIAN_POINT('Ctrl Pts',(2.37197193427347,-3.65294417346762,0.521495465232494));
#10695=CARTESIAN_POINT('Ctrl Pts',(2.39069281917513,-3.64918642849722,0.499030403352834));
#10696=CARTESIAN_POINT('Ctrl Pts',(2.40947539072751,-3.64404995869673,0.476491317494216));
#10697=CARTESIAN_POINT('Ctrl Pts',(2.42870945728166,-3.63879001855911,0.45341043763358));
#10698=CARTESIAN_POINT('Ctrl Pts',(2.44800779003045,-3.63208409848828,0.430252438341388));
#10699=CARTESIAN_POINT('Ctrl Pts',(2.46714253735905,-3.62390092210376,0.407290741555622));
#10700=CARTESIAN_POINT('Ctrl Pts',(2.48697907589829,-3.6154176173108,0.38348689531742));
#10701=CARTESIAN_POINT('Ctrl Pts',(2.50663918714114,-3.60534652406158,0.359894761837268));
#10702=CARTESIAN_POINT('Ctrl Pts',(2.52585842815524,-3.59370629195602,0.336831672633528));
#10703=CARTESIAN_POINT('Ctrl Pts',(2.54521313074907,-3.58198401684843,0.31360602953421));
#10704=CARTESIAN_POINT('Ctrl Pts',(2.56411990110387,-3.56867059756041,0.290917905123667));
#10705=CARTESIAN_POINT('Ctrl Pts',(2.58230929398693,-3.55383793424278,0.269090633680037));
#10706=CARTESIAN_POINT('Ctrl Pts',(2.60009975802877,-3.53933058014395,0.247742076845503));
#10707=CARTESIAN_POINT('Ctrl Pts',(2.6172031998054,-3.5233703824216,0.227217946729988));
#10708=CARTESIAN_POINT('Ctrl Pts',(2.63337991513964,-3.50606950899688,0.207805888344602));
#10709=CARTESIAN_POINT('Ctrl Pts',(2.64027745079671,-3.4986926473238,0.199528845562813));
#10710=CARTESIAN_POINT('Ctrl Pts',(2.64700672485206,-3.49107256530806,0.191453716702952));
#10711=CARTESIAN_POINT('Ctrl Pts',(2.65355038049547,-3.48322017854414,0.183601329937137));
#10712=CARTESIAN_POINT('Ctrl Pts',(2.66841505465543,-3.46538256957076,0.165763720959466));
#10713=CARTESIAN_POINT('Ctrl Pts',(2.68232730089692,-3.44640453014933,0.149069025482704));
#10714=CARTESIAN_POINT('Ctrl Pts',(2.69515774790036,-3.42652561286098,0.133672489089109));
#10715=CARTESIAN_POINT('Ctrl Pts',(2.70779087295339,-3.4069524173242,0.118512739035845));
#10716=CARTESIAN_POINT('Ctrl Pts',(2.71937493715249,-3.38650661050891,0.104611862004869));
#10717=CARTESIAN_POINT('Ctrl Pts',(2.72981626995963,-3.36543532416636,0.092082262640781));
#10718=CARTESIAN_POINT('Ctrl Pts',(2.73999214855934,-3.34489974161937,0.079871208325491));
#10719=CARTESIAN_POINT('Ctrl Pts',(2.74908252631627,-3.32377074109029,0.0689627550182468));
#10720=CARTESIAN_POINT('Ctrl Pts',(2.75703217918215,-3.30228425696882,0.0594231715761738));
#10721=CARTESIAN_POINT('Ctrl Pts',(2.75871830582616,-3.29772695943967,0.0573998196027235));
#10722=CARTESIAN_POINT('Ctrl Pts',(2.76035323417317,-3.29315358638389,0.0554379055854922));
#10723=CARTESIAN_POINT('Ctrl Pts',(2.76193663327569,-3.28856639007731,0.0535378266614488));
#10724=CARTESIAN_POINT('Ctrl Pts',(2.76957005204953,-3.26645194631509,0.0443777241279559));
#10725=CARTESIAN_POINT('Ctrl Pts',(2.77600152069186,-3.24402377889429,0.036659961733428));
#10726=CARTESIAN_POINT('Ctrl Pts',(2.78126536143038,-3.22155253078036,0.0303433528174638));
#10727=CARTESIAN_POINT('Ctrl Pts',(2.78649055853585,-3.19924625168983,0.0240731162613634));
#10728=CARTESIAN_POINT('Ctrl Pts',(2.79056529281697,-3.17689811267927,0.0191834350886164));
#10729=CARTESIAN_POINT('Ctrl Pts',(2.79355400203013,-3.15475595584747,0.015596984002131));
#10730=CARTESIAN_POINT('Ctrl Pts',(2.79652390591933,-3.13275312017494,0.0120330993045867));
#10731=CARTESIAN_POINT('Ctrl Pts',(2.79842153649871,-3.11095413598675,0.00975594258352424));
#10732=CARTESIAN_POINT('Ctrl Pts',(2.79933914316227,-3.08957768597081,0.00865481457399704));
#10733=CARTESIAN_POINT('Ctrl Pts',(2.79978181006183,-3.07926537326889,0.00812361428813915));
#10734=CARTESIAN_POINT('Ctrl Pts',(2.799996823671,-3.06905098526205,0.00786559795361901));
#10735=CARTESIAN_POINT('Ctrl Pts',(2.799996823671,-3.058956591067,0.00786559795361901));
#10736=CARTESIAN_POINT('Ctrl Pts',(2.89999671023,-3.058956591067,0.107865484513));
#10737=CARTESIAN_POINT('Ctrl Pts',(2.89999671023,-3.058956591067,0.007865597953619));
#10738=CARTESIAN_POINT('Ctrl Pts',(2.799996823671,-3.058956591067,0.007865597953619));
#10739=CARTESIAN_POINT('Ctrl Pts',(2.89999671023,-3.13751044712,0.107865484644));
#10740=CARTESIAN_POINT('Ctrl Pts',(2.899996708912,-3.151207871494,0.007865599271524));
#10741=CARTESIAN_POINT('Ctrl Pts',(2.79999682354,-3.13751044712,0.007865597953619));
#10742=CARTESIAN_POINT('Ctrl Pts',(2.884380316469,-3.216005185721,0.120879145981));
#10743=CARTESIAN_POINT('Ctrl Pts',(2.879956156297,-3.237678375849,0.02790615188689));
#10744=CARTESIAN_POINT('Ctrl Pts',(2.786983162203,-3.216005185721,0.02348199171502));
#10745=CARTESIAN_POINT('Ctrl Pts',(2.824268646627,-3.361127594311,0.170972204183));
#10746=CARTESIAN_POINT('Ctrl Pts',(2.807994589054,-3.390277364994,0.09986771912942));
#10747=CARTESIAN_POINT('Ctrl Pts',(2.736890104001,-3.361127594311,0.08359366155709));
#10748=CARTESIAN_POINT('Ctrl Pts',(2.779796927342,-3.427684229449,0.208031970254));
#10749=CARTESIAN_POINT('Ctrl Pts',(2.759835859534,-3.454097460957,0.14802644865));
#10750=CARTESIAN_POINT('Ctrl Pts',(2.69983033793,-3.427684229449,0.128065380842));
#10751=CARTESIAN_POINT('Ctrl Pts',(2.613189080209,-3.594292076581,0.346871842864));
#10752=CARTESIAN_POINT('Ctrl Pts',(2.596641949923,-3.599488472844,0.311220358261));
#10753=CARTESIAN_POINT('Ctrl Pts',(2.56099046532,-3.594292076581,0.294673227974));
#10754=CARTESIAN_POINT('Ctrl Pts',(2.457518003787,-3.658955910425,0.476597739883));
#10755=CARTESIAN_POINT('Ctrl Pts',(2.443739704948,-3.658955910425,0.464122603236));
#10756=CARTESIAN_POINT('Ctrl Pts',(2.431264568301,-3.658955910425,0.450344304397));
#10757=CARTESIAN_POINT('Ctrl Pts',(2.299997390872,-3.658955910425,0.607864917312));
#10758=CARTESIAN_POINT('Ctrl Pts',(2.299997390872,-3.658955910425,0.607864917312));
#10759=CARTESIAN_POINT('Ctrl Pts',(2.299997390872,-3.658955910425,0.607864917312));
#10760=CARTESIAN_POINT('Ctrl Pts',(2.299997390872,-3.658955910425,0.607864917312));
#10761=CARTESIAN_POINT('Ctrl Pts',(2.32097123537893,-3.658955910425,0.590386713556228));
#10762=CARTESIAN_POINT('Ctrl Pts',(2.34244169839325,-3.65780621877907,0.572494661044263));
#10763=CARTESIAN_POINT('Ctrl Pts',(2.36421083724585,-3.65539660714188,0.554353711999439));
#10764=CARTESIAN_POINT('Ctrl Pts',(2.38636684295179,-3.65294417346757,0.535890373910157));
#10765=CARTESIAN_POINT('Ctrl Pts',(2.40883190483149,-3.64918642849714,0.517169489008417));
#10766=CARTESIAN_POINT('Ctrl Pts',(2.43137099069014,-3.64404995869661,0.498386917455961));
#10767=CARTESIAN_POINT('Ctrl Pts',(2.45445187055079,-3.63879001855895,0.479152850901744));
#10768=CARTESIAN_POINT('Ctrl Pts',(2.477609869843,-3.63208409848807,0.459854518152898));
#10769=CARTESIAN_POINT('Ctrl Pts',(2.50057156662877,-3.62390092210349,0.440719770824234));
#10770=CARTESIAN_POINT('Ctrl Pts',(2.52437541286692,-3.6154176173105,0.42088323228499));
#10771=CARTESIAN_POINT('Ctrl Pts',(2.54796754634703,-3.60534652406124,0.40122312104214));
#10772=CARTESIAN_POINT('Ctrl Pts',(2.57103063555073,-3.59370629195563,0.382003880028039));
#10773=CARTESIAN_POINT('Ctrl Pts',(2.59425627865001,-3.581984016848,0.362649177434205));
#10774=CARTESIAN_POINT('Ctrl Pts',(2.61694440306053,-3.56867059755994,0.343742407079407));
#10775=CARTESIAN_POINT('Ctrl Pts',(2.63877167450416,-3.55383793424226,0.325553014196364));
#10776=CARTESIAN_POINT('Ctrl Pts',(2.6601202313387,-3.53933058014339,0.307762550154525));
#10777=CARTESIAN_POINT('Ctrl Pts',(2.68064436145424,-3.52337038242099,0.290659108377906));
#10778=CARTESIAN_POINT('Ctrl Pts',(2.70005641983968,-3.50606950899622,0.274482393043687));
#10779=CARTESIAN_POINT('Ctrl Pts',(2.70833346262124,-3.49869264732335,0.26758485738684));
#10780=CARTESIAN_POINT('Ctrl Pts',(2.71640859148089,-3.49107256530784,0.260855583331708));
#10781=CARTESIAN_POINT('Ctrl Pts',(2.72426097824651,-3.48322017854415,0.254311927688491));
#10782=CARTESIAN_POINT('Ctrl Pts',(2.74209858722428,-3.4653825695708,0.239447253528551));
#10783=CARTESIAN_POINT('Ctrl Pts',(2.75879328270111,-3.44640453014938,0.225535007287077));
#10784=CARTESIAN_POINT('Ctrl Pts',(2.77418981909476,-3.42652561286105,0.212704560283653));
#10785=CARTESIAN_POINT('Ctrl Pts',(2.78934956914808,-3.40695241732427,0.20007143523063));
#10786=CARTESIAN_POINT('Ctrl Pts',(2.8032504461791,-3.38650661050899,0.188487371031532));
#10787=CARTESIAN_POINT('Ctrl Pts',(2.81578004554321,-3.36543532416644,0.178046038224394));
#10788=CARTESIAN_POINT('Ctrl Pts',(2.82799109985854,-3.34489974161942,0.167870159624664));
#10789=CARTESIAN_POINT('Ctrl Pts',(2.83889955316581,-3.32377074109031,0.158779781867719));
#10790=CARTESIAN_POINT('Ctrl Pts',(2.84843913660789,-3.3022842569688,0.15083012900183));
#10791=CARTESIAN_POINT('Ctrl Pts',(2.85046248858134,-3.29772695943966,0.149144002357825));
#10792=CARTESIAN_POINT('Ctrl Pts',(2.85242440259857,-3.29315358638388,0.147509074010821));
#10793=CARTESIAN_POINT('Ctrl Pts',(2.8543244815226,-3.28856639007731,0.145925674908299));
#10794=CARTESIAN_POINT('Ctrl Pts',(2.8634845840562,-3.26645194631482,0.13829225613437));
#10795=CARTESIAN_POINT('Ctrl Pts',(2.87120234645076,-3.24402377889375,0.131860787491977));
#10796=CARTESIAN_POINT('Ctrl Pts',(2.87751895536671,-3.22155253077954,0.126596946753428));
#10797=CARTESIAN_POINT('Ctrl Pts',(2.88378919192281,-3.1992462516887,0.121371749647908));
#10798=CARTESIAN_POINT('Ctrl Pts',(2.88867887309551,-3.17689811267783,0.117297015366782));
#10799=CARTESIAN_POINT('Ctrl Pts',(2.89226532418192,-3.15475595584573,0.114308306153637));
#10800=CARTESIAN_POINT('Ctrl Pts',(2.89582920887939,-3.13275312017288,0.111338402264445));
#10801=CARTESIAN_POINT('Ctrl Pts',(2.89810636560036,-3.11095413598438,0.109440771685105));
#10802=CARTESIAN_POINT('Ctrl Pts',(2.89920749360978,-3.08957768596815,0.108523165021611));
#10803=CARTESIAN_POINT('Ctrl Pts',(2.89973869389553,-3.07926537326713,0.108080498122135));
#10804=CARTESIAN_POINT('Ctrl Pts',(2.89999671023,-3.06905098526118,0.107865484513));
#10805=CARTESIAN_POINT('Ctrl Pts',(2.89999671023,-3.058956591067,0.107865484513));
#10806=CARTESIAN_POINT('Ctrl Pts',(-2.799996823671,-3.058956591067,0.007865597953619));
#10807=CARTESIAN_POINT('Ctrl Pts',(-2.89999671023,-3.058956591067,0.007865597953619));
#10808=CARTESIAN_POINT('Ctrl Pts',(-2.89999671023,-3.058956591067,0.107865484513));
#10809=CARTESIAN_POINT('Ctrl Pts',(-2.79999682354,-3.13751044712,0.007865597953619));
#10810=CARTESIAN_POINT('Ctrl Pts',(-2.899996708912,-3.151207871494,0.007865599271524));
#10811=CARTESIAN_POINT('Ctrl Pts',(-2.89999671023,-3.13751044712,0.107865484644));
#10812=CARTESIAN_POINT('Ctrl Pts',(-2.786983162203,-3.216005185721,0.02348199171502));
#10813=CARTESIAN_POINT('Ctrl Pts',(-2.879956156297,-3.237678375849,0.02790615188689));
#10814=CARTESIAN_POINT('Ctrl Pts',(-2.884380316469,-3.216005185721,0.120879145981));
#10815=CARTESIAN_POINT('Ctrl Pts',(-2.736890104001,-3.361127594311,0.08359366155709));
#10816=CARTESIAN_POINT('Ctrl Pts',(-2.807994589054,-3.390277364994,0.09986771912942));
#10817=CARTESIAN_POINT('Ctrl Pts',(-2.824268646627,-3.361127594311,0.170972204183));
#10818=CARTESIAN_POINT('Ctrl Pts',(-2.69983033793,-3.427684229449,0.128065380842));
#10819=CARTESIAN_POINT('Ctrl Pts',(-2.759835859534,-3.454097460957,0.14802644865));
#10820=CARTESIAN_POINT('Ctrl Pts',(-2.779796927342,-3.427684229449,0.208031970254));
#10821=CARTESIAN_POINT('Ctrl Pts',(-2.56099046532,-3.594292076581,0.294673227974));
#10822=CARTESIAN_POINT('Ctrl Pts',(-2.596641949923,-3.599488472844,0.311220358261));
#10823=CARTESIAN_POINT('Ctrl Pts',(-2.613189080209,-3.594292076581,0.346871842864));
#10824=CARTESIAN_POINT('Ctrl Pts',(-2.431264568301,-3.658955910425,0.450344304397));
#10825=CARTESIAN_POINT('Ctrl Pts',(-2.443739704948,-3.658955910425,0.464122603236));
#10826=CARTESIAN_POINT('Ctrl Pts',(-2.457518003787,-3.658955910425,0.476597739883));
#10827=CARTESIAN_POINT('Ctrl Pts',(-2.299997390872,-3.658955910425,0.607864917312));
#10828=CARTESIAN_POINT('Ctrl Pts',(-2.299997390872,-3.658955910425,0.607864917312));
#10829=CARTESIAN_POINT('Ctrl Pts',(-2.299997390872,-3.658955910425,0.607864917312));
#10830=CARTESIAN_POINT('Ctrl Pts',(-2.89999671023,-3.058956591067,0.107865484513));
#10831=CARTESIAN_POINT('Ctrl Pts',(-2.89999671023,-3.07989433472505,0.107865484513));
#10832=CARTESIAN_POINT('Ctrl Pts',(-2.89888456774025,-3.10135030089889,
0.108792269908389));
#10833=CARTESIAN_POINT('Ctrl Pts',(-2.89653334813669,-3.12311953054345,
0.110751619557911));
#10834=CARTESIAN_POINT('Ctrl Pts',(-2.8941732158721,-3.14497127981514,0.112718396424891));
#10835=CARTESIAN_POINT('Ctrl Pts',(-2.89056442349884,-3.16713826951195,
0.115725723375033));
#10836=CARTESIAN_POINT('Ctrl Pts',(-2.88561288533493,-3.18938511573104,
0.119852005151106));
#10837=CARTESIAN_POINT('Ctrl Pts',(-2.88060980479626,-3.21186353752269,
0.124021238905874));
#10838=CARTESIAN_POINT('Ctrl Pts',(-2.87423572699675,-3.23442295644513,
0.129332970378444));
#10839=CARTESIAN_POINT('Ctrl Pts',(-2.86643105436227,-3.25679896594315,
0.135836864223918));
#10840=CARTESIAN_POINT('Ctrl Pts',(-2.86271960679795,-3.26743969231824,
0.138929737186295));
#10841=CARTESIAN_POINT('Ctrl Pts',(-2.85868520212568,-3.27803867925891,
0.142291741074348));
#10842=CARTESIAN_POINT('Ctrl Pts',(-2.85432448152261,-3.28856639007731,
0.145925674908307));
#10843=CARTESIAN_POINT('Ctrl Pts',(-2.84531745206777,-3.31031128273713,
0.15343153278334));
#10844=CARTESIAN_POINT('Ctrl Pts',(-2.83491761426289,-3.33174556278874,
0.162098064286973));
#10845=CARTESIAN_POINT('Ctrl Pts',(-2.82318380163785,-3.35262909878123,
0.171876241476983));
#10846=CARTESIAN_POINT('Ctrl Pts',(-2.81123738794988,-3.37389101664258,
0.181831586219489));
#10847=CARTESIAN_POINT('Ctrl Pts',(-2.79790842715663,-3.39458137782867,
0.192939053552735));
#10848=CARTESIAN_POINT('Ctrl Pts',(-2.78330063854563,-3.41445241011963,
0.205112210736293));
#10849=CARTESIAN_POINT('Ctrl Pts',(-2.76838863533528,-3.43473726672638,
0.217538880086138));
#10850=CARTESIAN_POINT('Ctrl Pts',(-2.75214428597864,-3.45416750595762,
0.231075837893487));
#10851=CARTESIAN_POINT('Ctrl Pts',(-2.73471706880249,-3.47249677949282,
0.245598518885011));
#10852=CARTESIAN_POINT('Ctrl Pts',(-2.73127724278765,-3.47611465556001,
0.248465040566291));
#10853=CARTESIAN_POINT('Ctrl Pts',(-2.72779144349951,-3.47968971329203,
0.251369873308708));
#10854=CARTESIAN_POINT('Ctrl Pts',(-2.72426097824653,-3.48322017854414,
0.254311927688527));
#10855=CARTESIAN_POINT('Ctrl Pts',(-2.70579390875212,-3.50168724803399,
0.269701152279425));
#10856=CARTESIAN_POINT('Ctrl Pts',(-2.68609290477375,-3.51886675570933,
0.286118655608225));
#10857=CARTESIAN_POINT('Ctrl Pts',(-2.66543731454135,-3.53462811883316,
0.303331647481952));
#10858=CARTESIAN_POINT('Ctrl Pts',(-2.64439274103375,-3.55068629781073,
0.320868792085263));
#10859=CARTESIAN_POINT('Ctrl Pts',(-2.62235824895787,-3.56527190589035,
0.339230868828679));
#10860=CARTESIAN_POINT('Ctrl Pts',(-2.59965165811551,-3.57829251483344,
0.358153027876236));
#10861=CARTESIAN_POINT('Ctrl Pts',(-2.57707979157798,-3.59123586900497,
0.376962916669689));
#10862=CARTESIAN_POINT('Ctrl Pts',(-2.55384478884355,-3.60263249923768,
0.396325418959311));
#10863=CARTESIAN_POINT('Ctrl Pts',(-2.53026574662759,-3.61244171933897,
0.415974620814978));
#10864=CARTESIAN_POINT('Ctrl Pts',(-2.50750234775902,-3.62191162009703,
0.434944119880844));
#10865=CARTESIAN_POINT('Ctrl Pts',(-2.4844190704674,-3.62990215155216,0.454180184297492));
#10866=CARTESIAN_POINT('Ctrl Pts',(-2.46129651100785,-3.63642402008267,
0.473448983852258));
#10867=CARTESIAN_POINT('Ctrl Pts',(-2.43867188481579,-3.64280544329125,
0.492302839017347));
#10868=CARTESIAN_POINT('Ctrl Pts',(-2.41601020911632,-3.64778088612116,
0.511187568770204));
#10869=CARTESIAN_POINT('Ctrl Pts',(-2.39355836144812,-3.65140496843089,
0.529897441829021));
#10870=CARTESIAN_POINT('Ctrl Pts',(-2.37161375091469,-3.65494717466726,
0.54818461727548));
#10871=CARTESIAN_POINT('Ctrl Pts',(-2.34986995451802,-3.6571985902675,0.566304447606718));
#10872=CARTESIAN_POINT('Ctrl Pts',(-2.32853540112592,-3.65825099144582,
0.584083242100326));
#10873=CARTESIAN_POINT('Ctrl Pts',(-2.31893444234347,-3.65872459218871,
0.592084041085794));
#10874=CARTESIAN_POINT('Ctrl Pts',(-2.30941602858956,-3.658955910425,0.600016052547378));
#10875=CARTESIAN_POINT('Ctrl Pts',(-2.299997390872,-3.658955910425,0.607864917312));
#10876=CARTESIAN_POINT('Origin',(2.299997390872,-3.058956591067,5.707859131854));
#10877=CARTESIAN_POINT('Ctrl Pts',(2.299997390872,-3.658955910425,5.207859699056));
#10878=CARTESIAN_POINT('Ctrl Pts',(2.32097123537901,-3.658955910425,5.22533790281182));
#10879=CARTESIAN_POINT('Ctrl Pts',(2.34244169839341,-3.65780621877906,5.24322995532384));
#10880=CARTESIAN_POINT('Ctrl Pts',(2.36421083724612,-3.65539660714185,5.26137090436872));
#10881=CARTESIAN_POINT('Ctrl Pts',(2.38636684295199,-3.65294417346754,5.27983424245792));
#10882=CARTESIAN_POINT('Ctrl Pts',(2.40883190483162,-3.64918642849711,5.29855512735958));
#10883=CARTESIAN_POINT('Ctrl Pts',(2.43137099069021,-3.64404995869659,5.31733769891196));
#10884=CARTESIAN_POINT('Ctrl Pts',(2.45445187055067,-3.63879001855898,5.33657176546598));
#10885=CARTESIAN_POINT('Ctrl Pts',(2.47760986984269,-3.63208409848816,5.35587009821463));
#10886=CARTESIAN_POINT('Ctrl Pts',(2.50057156662829,-3.62390092210367,5.37500484554309));
#10887=CARTESIAN_POINT('Ctrl Pts',(2.5243754128661,-3.61541761731082,5.39484138408199));
#10888=CARTESIAN_POINT('Ctrl Pts',(2.54796754634587,-3.60534652406176,5.41450149532449));
#10889=CARTESIAN_POINT('Ctrl Pts',(2.57103063554926,-3.59370629195639,5.43372073633825));
#10890=CARTESIAN_POINT('Ctrl Pts',(2.59425627864804,-3.58198401684908,5.45307543893159));
#10891=CARTESIAN_POINT('Ctrl Pts',(2.6169444030581,-3.56867059756142,5.47198220928591));
#10892=CARTESIAN_POINT('Ctrl Pts',(2.63877167450132,-3.5538379342442,5.49017160216851));
#10893=CARTESIAN_POINT('Ctrl Pts',(2.6601202313353,-3.53933058014588,5.5079620662098));
#10894=CARTESIAN_POINT('Ctrl Pts',(2.68064436145035,-3.52337038242411,5.52506550798591));
#10895=CARTESIAN_POINT('Ctrl Pts',(2.70005641983539,-3.50606950900004,5.5412422233197));
#10896=CARTESIAN_POINT('Ctrl Pts',(2.70833346261859,-3.49869264732585,5.54813975897787));
#10897=CARTESIAN_POINT('Ctrl Pts',(2.71640859147981,-3.49107256530893,5.55486903303428));
#10898=CARTESIAN_POINT('Ctrl Pts',(2.72426097824692,-3.48322017854375,5.56141268867869));
#10899=CARTESIAN_POINT('Ctrl Pts',(2.74209858722433,-3.46538256957071,5.57627736283825));
#10900=CARTESIAN_POINT('Ctrl Pts',(2.75879328270084,-3.44640453014967,5.59018960907938));
#10901=CARTESIAN_POINT('Ctrl Pts',(2.77418981909421,-3.42652561286175,5.60302005608251));
#10902=CARTESIAN_POINT('Ctrl Pts',(2.78934956914733,-3.40695241732529,5.61565318113531));
#10903=CARTESIAN_POINT('Ctrl Pts',(2.80325044617819,-3.38650661051036,5.62723724533423));
#10904=CARTESIAN_POINT('Ctrl Pts',(2.81578004554217,-3.36543532416818,5.63767857814123));
#10905=CARTESIAN_POINT('Ctrl Pts',(2.82799109985753,-3.34489974162128,5.64785445674096));
#10906=CARTESIAN_POINT('Ctrl Pts',(2.83889955316483,-3.3237707410923,5.65694483449793));
#10907=CARTESIAN_POINT('Ctrl Pts',(2.84843913660695,-3.30228425697093,5.66489448736387));
#10908=CARTESIAN_POINT('Ctrl Pts',(2.8504624885808,-3.29772695944093,5.66658061400822));
#10909=CARTESIAN_POINT('Ctrl Pts',(2.85242440259841,-3.29315358638428,5.66821554235554));
#10910=CARTESIAN_POINT('Ctrl Pts',(2.8543244815228,-3.28856639007684,5.66979894145837));
#10911=CARTESIAN_POINT('Ctrl Pts',(2.86348458405636,-3.26645194631438,5.6774323602323));
#10912=CARTESIAN_POINT('Ctrl Pts',(2.87120234645089,-3.24402377889334,5.68386382887473));
#10913=CARTESIAN_POINT('Ctrl Pts',(2.87751895536681,-3.22155253077917,5.68912766961332));
#10914=CARTESIAN_POINT('Ctrl Pts',(2.88378919192293,-3.19924625168821,5.69435286671892));
#10915=CARTESIAN_POINT('Ctrl Pts',(2.88867887309563,-3.17689811267723,5.69842760100012));
#10916=CARTESIAN_POINT('Ctrl Pts',(2.89226532418203,-3.15475595584501,5.70141631021332));
#10917=CARTESIAN_POINT('Ctrl Pts',(2.89582920887952,-3.13275312017195,5.70438621410257));
#10918=CARTESIAN_POINT('Ctrl Pts',(2.89810636560046,-3.11095413598322,5.70628384468194));
#10919=CARTESIAN_POINT('Ctrl Pts',(2.89920749360985,-3.08957768596677,5.70720145134543));
#10920=CARTESIAN_POINT('Ctrl Pts',(2.89973869389555,-3.07926537326623,5.70764411824488));
#10921=CARTESIAN_POINT('Ctrl Pts',(2.89999671023,-3.06905098526073,5.707859131854));
#10922=CARTESIAN_POINT('Ctrl Pts',(2.89999671023,-3.058956591067,5.707859131854));
#10923=CARTESIAN_POINT('Origin',(-2.299997390872,-3.058956591067,5.707859131854));
#10924=CARTESIAN_POINT('Ctrl Pts',(-2.89999671023,-3.058956591067,5.707859131854));
#10925=CARTESIAN_POINT('Ctrl Pts',(-2.89999671023,-3.07989433472571,5.707859131854));
#10926=CARTESIAN_POINT('Ctrl Pts',(-2.89888456774018,-3.10135030090025,
5.70693234645863));
#10927=CARTESIAN_POINT('Ctrl Pts',(-2.89653334813647,-3.12311953054552,
5.70497299680909));
#10928=CARTESIAN_POINT('Ctrl Pts',(-2.89417321587173,-3.14497127981786,
5.7030062199421));
#10929=CARTESIAN_POINT('Ctrl Pts',(-2.89056442349824,-3.16713826951534,
5.69999889299193));
#10930=CARTESIAN_POINT('Ctrl Pts',(-2.88561288533403,-3.18938511573509,
5.69587261121575));
#10931=CARTESIAN_POINT('Ctrl Pts',(-2.88060980479508,-3.21186353752723,
5.69170337746091));
#10932=CARTESIAN_POINT('Ctrl Pts',(-2.87423572699524,-3.23442295645015,
5.68639164598821));
#10933=CARTESIAN_POINT('Ctrl Pts',(-2.86643105436036,-3.25679896594863,
5.67988775214248));
#10934=CARTESIAN_POINT('Ctrl Pts',(-2.86271960679656,-3.26743969232188,
5.67679487918058));
#10935=CARTESIAN_POINT('Ctrl Pts',(-2.85868520212493,-3.27803867926073,
5.67343287529308));
#10936=CARTESIAN_POINT('Ctrl Pts',(-2.8543244815226,-3.28856639007733,5.66979894145975));
#10937=CARTESIAN_POINT('Ctrl Pts',(-2.84531745206779,-3.31031128273708,
5.66229308358475));
#10938=CARTESIAN_POINT('Ctrl Pts',(-2.83491761426295,-3.33174556278862,
5.65362655208116));
#10939=CARTESIAN_POINT('Ctrl Pts',(-2.82318380163797,-3.35262909878105,
5.6438483748912));
#10940=CARTESIAN_POINT('Ctrl Pts',(-2.81123738795,-3.37389101664241,5.63389303014871));
#10941=CARTESIAN_POINT('Ctrl Pts',(-2.79790842715679,-3.39458137782849,
5.62278556281548));
#10942=CARTESIAN_POINT('Ctrl Pts',(-2.78330063854583,-3.41445241011946,
5.61061240563194));
#10943=CARTESIAN_POINT('Ctrl Pts',(-2.76838863533551,-3.43473726672623,
5.5981857362821));
#10944=CARTESIAN_POINT('Ctrl Pts',(-2.75214428597893,-3.4541675059575,5.58464877847475));
#10945=CARTESIAN_POINT('Ctrl Pts',(-2.73471706880286,-3.47249677949272,
5.57012609748323));
#10946=CARTESIAN_POINT('Ctrl Pts',(-2.73127724278799,-3.47611465555997,
5.56725957580191));
#10947=CARTESIAN_POINT('Ctrl Pts',(-2.72779144349982,-3.47968971329204,
5.56435474305945));
#10948=CARTESIAN_POINT('Ctrl Pts',(-2.72426097824681,-3.48322017854419,
5.56141268867959));
#10949=CARTESIAN_POINT('Ctrl Pts',(-2.70579390875257,-3.50168724803398,
5.54602346408875));
#10950=CARTESIAN_POINT('Ctrl Pts',(-2.68609290477433,-3.51886675570927,
5.52960596076001));
#10951=CARTESIAN_POINT('Ctrl Pts',(-2.66543731454203,-3.53462811883305,
5.51239296888635));
#10952=CARTESIAN_POINT('Ctrl Pts',(-2.64439274103446,-3.55068629781063,
5.49485582428304));
#10953=CARTESIAN_POINT('Ctrl Pts',(-2.62235824895858,-3.56527190589027,
5.47649374753962));
#10954=CARTESIAN_POINT('Ctrl Pts',(-2.59965165811618,-3.57829251483336,
5.45757158849206));
#10955=CARTESIAN_POINT('Ctrl Pts',(-2.57707979157864,-3.59123586900489,
5.43876169969861));
#10956=CARTESIAN_POINT('Ctrl Pts',(-2.55384478884416,-3.60263249923761,
5.41939919740898));
#10957=CARTESIAN_POINT('Ctrl Pts',(-2.53026574662815,-3.61244171933891,
5.39974999555331));
#10958=CARTESIAN_POINT('Ctrl Pts',(-2.50750234775956,-3.62191162009696,
5.38078049648747));
#10959=CARTESIAN_POINT('Ctrl Pts',(-2.48441907046793,-3.62990215155208,
5.36154443207084));
#10960=CARTESIAN_POINT('Ctrl Pts',(-2.46129651100837,-3.6364240200826,5.3422756325161));
#10961=CARTESIAN_POINT('Ctrl Pts',(-2.43867188481631,-3.64280544329117,
5.32342177735105));
#10962=CARTESIAN_POINT('Ctrl Pts',(-2.41601020911685,-3.64778088612108,
5.30453704759823));
#10963=CARTESIAN_POINT('Ctrl Pts',(-2.39355836144866,-3.65140496843082,
5.28582717453944));
#10964=CARTESIAN_POINT('Ctrl Pts',(-2.37161375091525,-3.65494717466719,
5.26753999909301));
#10965=CARTESIAN_POINT('Ctrl Pts',(-2.34986995451861,-3.65719859026745,
5.24942016876181));
#10966=CARTESIAN_POINT('Ctrl Pts',(-2.32853540112655,-3.65825099144579,
5.23164137426822));
#10967=CARTESIAN_POINT('Ctrl Pts',(-2.31893444234388,-3.6587245921887,5.22364057528257));
#10968=CARTESIAN_POINT('Ctrl Pts',(-2.30941602858976,-3.658955910425,5.2157085638208));
#10969=CARTESIAN_POINT('Ctrl Pts',(-2.299997390872,-3.658955910425,5.207859699056));
#10970=CARTESIAN_POINT('Ctrl Pts',(2.799996823671,-3.058956591067,5.807859018414));
#10971=CARTESIAN_POINT('Ctrl Pts',(2.89999671023,-3.058956591067,5.807859018414));
#10972=CARTESIAN_POINT('Ctrl Pts',(2.89999671023,-3.058956591067,5.707859131854));
#10973=CARTESIAN_POINT('Ctrl Pts',(2.79999682354,-3.13751044712,5.807859018414));
#10974=CARTESIAN_POINT('Ctrl Pts',(2.899996708912,-3.151207871494,5.807859017096));
#10975=CARTESIAN_POINT('Ctrl Pts',(2.89999671023,-3.13751044712,5.707859131724));
#10976=CARTESIAN_POINT('Ctrl Pts',(2.786983162203,-3.216005185721,5.792242624653));
#10977=CARTESIAN_POINT('Ctrl Pts',(2.879956156297,-3.237678375849,5.787818464481));
#10978=CARTESIAN_POINT('Ctrl Pts',(2.884380316469,-3.216005185721,5.694845470387));
#10979=CARTESIAN_POINT('Ctrl Pts',(2.736890104001,-3.361127594311,5.732130954811));
#10980=CARTESIAN_POINT('Ctrl Pts',(2.807994589054,-3.390277364994,5.715856897238));
#10981=CARTESIAN_POINT('Ctrl Pts',(2.824268646627,-3.361127594311,5.644752412185));
#10982=CARTESIAN_POINT('Ctrl Pts',(2.69983033793,-3.427684229449,5.687659235526));
#10983=CARTESIAN_POINT('Ctrl Pts',(2.759835859534,-3.454097460957,5.667698167718));
#10984=CARTESIAN_POINT('Ctrl Pts',(2.779796927342,-3.427684229449,5.607692646114));
#10985=CARTESIAN_POINT('Ctrl Pts',(2.56099046532,-3.594292076581,5.521051388393));
#10986=CARTESIAN_POINT('Ctrl Pts',(2.596641949923,-3.599488472844,5.504504258107));
#10987=CARTESIAN_POINT('Ctrl Pts',(2.613189080209,-3.594292076581,5.468852773504));
#10988=CARTESIAN_POINT('Ctrl Pts',(2.431264568301,-3.658955910425,5.365380311971));
#10989=CARTESIAN_POINT('Ctrl Pts',(2.443739704947,-3.658955910425,5.351602013132));
#10990=CARTESIAN_POINT('Ctrl Pts',(2.457518003787,-3.658955910425,5.339126876485));
#10991=CARTESIAN_POINT('Ctrl Pts',(2.299997390872,-3.658955910425,5.207859699056));
#10992=CARTESIAN_POINT('Ctrl Pts',(2.299997390872,-3.658955910425,5.207859699056));
#10993=CARTESIAN_POINT('Ctrl Pts',(2.299997390872,-3.658955910425,5.207859699056));
#10994=CARTESIAN_POINT('Ctrl Pts',(2.299997390872,-3.658955910425,5.207859699056));
#10995=CARTESIAN_POINT('Ctrl Pts',(2.31747559462764,-3.658955910425,5.22883354356271));
#10996=CARTESIAN_POINT('Ctrl Pts',(2.33536764713947,-3.65780621877909,5.25030400657681));
#10997=CARTESIAN_POINT('Ctrl Pts',(2.35350859618415,-3.65539660714195,5.27207314542921));
#10998=CARTESIAN_POINT('Ctrl Pts',(2.37197193427328,-3.65294417346769,5.29422915113494));
#10999=CARTESIAN_POINT('Ctrl Pts',(2.39069281917487,-3.64918642849733,5.31669421301443));
#11000=CARTESIAN_POINT('Ctrl Pts',(2.40947539072718,-3.64404995869689,5.33923329887288));
#11001=CARTESIAN_POINT('Ctrl Pts',(2.42870945728124,-3.63879001855933,5.36231417873333));
#11002=CARTESIAN_POINT('Ctrl Pts',(2.44800779002994,-3.63208409848857,5.38547217802534));
#11003=CARTESIAN_POINT('Ctrl Pts',(2.46714253735845,-3.62390092210414,5.40843387481094));
#11004=CARTESIAN_POINT('Ctrl Pts',(2.48697907589758,-3.61541761731128,5.43223772104895));
#11005=CARTESIAN_POINT('Ctrl Pts',(2.50663918714032,-3.60534652406218,5.45582985452893));
#11006=CARTESIAN_POINT('Ctrl Pts',(2.52585842815433,-3.59370629195674,5.47889294373253));
#11007=CARTESIAN_POINT('Ctrl Pts',(2.54521313074808,-3.58198401684927,5.50211858683172));
#11008=CARTESIAN_POINT('Ctrl Pts',(2.56411990110281,-3.56867059756139,5.52480671124216));
#11009=CARTESIAN_POINT('Ctrl Pts',(2.58230929398579,-3.5538379342439,5.54663398268574));
#11010=CARTESIAN_POINT('Ctrl Pts',(2.60009975802761,-3.53933058014519,5.56798253952026));
#11011=CARTESIAN_POINT('Ctrl Pts',(2.61720319980421,-3.52337038242296,5.58850666963581));
#11012=CARTESIAN_POINT('Ctrl Pts',(2.63337991513844,-3.50606950899837,5.60791872802128));
#11013=CARTESIAN_POINT('Ctrl Pts',(2.64027745079597,-3.49869264732484,5.61619577080366));
#11014=CARTESIAN_POINT('Ctrl Pts',(2.64700672485175,-3.49107256530863,5.6242708996641));
#11015=CARTESIAN_POINT('Ctrl Pts',(2.65355038049559,-3.48322017854419,5.63212328643047));
#11016=CARTESIAN_POINT('Ctrl Pts',(2.6684150546555,-3.46538256957086,5.64996089540822));
#11017=CARTESIAN_POINT('Ctrl Pts',(2.68232730089694,-3.44640453014948,5.66665559088503));
#11018=CARTESIAN_POINT('Ctrl Pts',(2.69515774790034,-3.42652561286117,5.68205212727866));
#11019=CARTESIAN_POINT('Ctrl Pts',(2.70779087295335,-3.40695241732441,5.69721187733198));
#11020=CARTESIAN_POINT('Ctrl Pts',(2.71937493715244,-3.38650661050914,5.711112754363));
#11021=CARTESIAN_POINT('Ctrl Pts',(2.72981626995957,-3.3654353241666,5.72364235372712));
#11022=CARTESIAN_POINT('Ctrl Pts',(2.7399921485593,-3.34489974161958,5.73585340804246));
#11023=CARTESIAN_POINT('Ctrl Pts',(2.74908252631624,-3.32377074109048,5.74676186134973));
#11024=CARTESIAN_POINT('Ctrl Pts',(2.75703217918213,-3.30228425696898,5.75630144479182));
#11025=CARTESIAN_POINT('Ctrl Pts',(2.75871830582615,-3.29772695943978,5.75832479676529));
#11026=CARTESIAN_POINT('Ctrl Pts',(2.76035323417318,-3.29315358638394,5.76028671078254));
#11027=CARTESIAN_POINT('Ctrl Pts',(2.76193663327572,-3.28856639007731,5.7621867897066));
#11028=CARTESIAN_POINT('Ctrl Pts',(2.76957005204964,-3.26645194631483,5.77134689224019));
#11029=CARTESIAN_POINT('Ctrl Pts',(2.77600152069203,-3.24402377889377,5.77906465463475));
#11030=CARTESIAN_POINT('Ctrl Pts',(2.78126536143057,-3.22155253077957,5.7853812635507));
#11031=CARTESIAN_POINT('Ctrl Pts',(2.78649055853609,-3.19924625168871,5.79165150010681));
#11032=CARTESIAN_POINT('Ctrl Pts',(2.79056529281722,-3.17689811267783,5.79654118127951));
#11033=CARTESIAN_POINT('Ctrl Pts',(2.79355400203037,-3.15475595584571,5.80012763236592));
#11034=CARTESIAN_POINT('Ctrl Pts',(2.79652390591956,-3.13275312017287,5.80369151706339));
#11035=CARTESIAN_POINT('Ctrl Pts',(2.7984215364989,-3.11095413598436,5.80596867378436));
#11036=CARTESIAN_POINT('Ctrl Pts',(2.79933914316239,-3.08957768596814,5.80706980179378));
#11037=CARTESIAN_POINT('Ctrl Pts',(2.79978181006187,-3.07926537326713,5.80760100207953));
#11038=CARTESIAN_POINT('Ctrl Pts',(2.799996823671,-3.06905098526117,5.807859018414));
#11039=CARTESIAN_POINT('Ctrl Pts',(2.799996823671,-3.058956591067,5.807859018414));
#11040=CARTESIAN_POINT('Ctrl Pts',(-2.89999671023,-3.058956591067,5.707859131854));
#11041=CARTESIAN_POINT('Ctrl Pts',(-2.89999671023,-3.058956591067,5.807859018414));
#11042=CARTESIAN_POINT('Ctrl Pts',(-2.799996823671,-3.058956591067,5.807859018414));
#11043=CARTESIAN_POINT('Ctrl Pts',(-2.89999671023,-3.13751044712,5.707859131723));
#11044=CARTESIAN_POINT('Ctrl Pts',(-2.899996708912,-3.151207871494,5.807859017096));
#11045=CARTESIAN_POINT('Ctrl Pts',(-2.79999682354,-3.13751044712,5.807859018414));
#11046=CARTESIAN_POINT('Ctrl Pts',(-2.884380316469,-3.216005185721,5.694845470387));
#11047=CARTESIAN_POINT('Ctrl Pts',(-2.879956156297,-3.237678375849,5.787818464481));
#11048=CARTESIAN_POINT('Ctrl Pts',(-2.786983162203,-3.216005185721,5.792242624653));
#11049=CARTESIAN_POINT('Ctrl Pts',(-2.824268646627,-3.361127594311,5.644752412185));
#11050=CARTESIAN_POINT('Ctrl Pts',(-2.807994589054,-3.390277364994,5.715856897238));
#11051=CARTESIAN_POINT('Ctrl Pts',(-2.736890104001,-3.361127594311,5.732130954811));
#11052=CARTESIAN_POINT('Ctrl Pts',(-2.779796927342,-3.427684229449,5.607692646114));
#11053=CARTESIAN_POINT('Ctrl Pts',(-2.759835859534,-3.454097460957,5.667698167718));
#11054=CARTESIAN_POINT('Ctrl Pts',(-2.69983033793,-3.427684229449,5.687659235526));
#11055=CARTESIAN_POINT('Ctrl Pts',(-2.61318908021,-3.594292076581,5.468852773504));
#11056=CARTESIAN_POINT('Ctrl Pts',(-2.596641949923,-3.599488472844,5.504504258107));
#11057=CARTESIAN_POINT('Ctrl Pts',(-2.56099046532,-3.594292076581,5.521051388393));
#11058=CARTESIAN_POINT('Ctrl Pts',(-2.457518003787,-3.658955910425,5.339126876485));
#11059=CARTESIAN_POINT('Ctrl Pts',(-2.443739704947,-3.658955910425,5.351602013132));
#11060=CARTESIAN_POINT('Ctrl Pts',(-2.431264568301,-3.658955910425,5.365380311971));
#11061=CARTESIAN_POINT('Ctrl Pts',(-2.299997390872,-3.658955910425,5.207859699056));
#11062=CARTESIAN_POINT('Ctrl Pts',(-2.299997390872,-3.658955910425,5.207859699056));
#11063=CARTESIAN_POINT('Ctrl Pts',(-2.299997390872,-3.658955910425,5.207859699056));
#11064=CARTESIAN_POINT('Ctrl Pts',(-2.799996823671,-3.058956591067,5.807859018414));
#11065=CARTESIAN_POINT('Ctrl Pts',(-2.799996823671,-3.07989433472532,5.807859018414));
#11066=CARTESIAN_POINT('Ctrl Pts',(-2.79907003827564,-3.10135030089944,
5.80674687592422));
#11067=CARTESIAN_POINT('Ctrl Pts',(-2.79711068862616,-3.12311953054431,
5.8043956563206));
#11068=CARTESIAN_POINT('Ctrl Pts',(-2.79514391175925,-3.14497127981597,
5.80203552405598));
#11069=CARTESIAN_POINT('Ctrl Pts',(-2.79213658480923,-3.16713826951276,
5.79842673168269));
#11070=CARTESIAN_POINT('Ctrl Pts',(-2.78801030303331,-3.18938511573185,
5.79347519351875));
#11071=CARTESIAN_POINT('Ctrl Pts',(-2.78384106927882,-3.21186353752284,
5.78847211298019));
#11072=CARTESIAN_POINT('Ctrl Pts',(-2.77852933780662,-3.23442295644465,
5.78209803518087));
#11073=CARTESIAN_POINT('Ctrl Pts',(-2.7720254439616,-3.25679896594207,5.77429336254665));
#11074=CARTESIAN_POINT('Ctrl Pts',(-2.76893257099921,-3.26743969231768,
5.77058191498217));
#11075=CARTESIAN_POINT('Ctrl Pts',(-2.76557056711111,-3.27803867925888,
5.7665475103097));
#11076=CARTESIAN_POINT('Ctrl Pts',(-2.76193663327709,-3.2885663900778,5.7621867897064));
#11077=CARTESIAN_POINT('Ctrl Pts',(-2.7544307754026,-3.31031128273674,5.75317976025191));
#11078=CARTESIAN_POINT('Ctrl Pts',(-2.74576424389962,-3.33174556278749,
5.74277992244748));
#11079=CARTESIAN_POINT('Ctrl Pts',(-2.73598606671035,-3.3526290987792,5.731046109823));
#11080=CARTESIAN_POINT('Ctrl Pts',(-2.72603072196858,-3.37389101663979,
5.71909969613556));
#11081=CARTESIAN_POINT('Ctrl Pts',(-2.71492325463615,-3.39458137782516,
5.70577073534295));
#11082=CARTESIAN_POINT('Ctrl Pts',(-2.70275009745347,-3.41445241011549,
5.69116294673267));
#11083=CARTESIAN_POINT('Ctrl Pts',(-2.69032342810441,-3.43473726672178,
5.67625094352293));
#11084=CARTESIAN_POINT('Ctrl Pts',(-2.67678647029789,-3.45416750595262,
5.66000659416697));
#11085=CARTESIAN_POINT('Ctrl Pts',(-2.6622637893072,-3.47249677948748,5.64257937699156));
#11086=CARTESIAN_POINT('Ctrl Pts',(-2.6593972676242,-3.476114655557,5.6391395509746));
#11087=CARTESIAN_POINT('Ctrl Pts',(-2.65649243488002,-3.47968971329128,
5.63565375168429));
#11088=CARTESIAN_POINT('Ctrl Pts',(-2.65355038049838,-3.48322017854559,
5.63212328642908));
#11089=CARTESIAN_POINT('Ctrl Pts',(-2.63816115590871,-3.5016872480341,5.61365621693589));
#11090=CARTESIAN_POINT('Ctrl Pts',(-2.62174365258123,-3.51886675570826,
5.59395521295891));
#11091=CARTESIAN_POINT('Ctrl Pts',(-2.60453066070887,-3.53462811883109,
5.57329962272803));
#11092=CARTESIAN_POINT('Ctrl Pts',(-2.58699351610647,-3.55068629780809,
5.55225504922141));
#11093=CARTESIAN_POINT('Ctrl Pts',(-2.56863143936397,-3.56527190588725,
5.53022055714661));
#11094=CARTESIAN_POINT('Ctrl Pts',(-2.54970928031731,-3.57829251482999,
5.50751396630539));
#11095=CARTESIAN_POINT('Ctrl Pts',(-2.53089939152445,-3.5912358690014,5.48494209976864));
#11096=CARTESIAN_POINT('Ctrl Pts',(-2.51153688923538,-3.60263249923406,
5.46170709703503));
#11097=CARTESIAN_POINT('Ctrl Pts',(-2.49188768738022,-3.6124417193354,5.43812805481994));
#11098=CARTESIAN_POINT('Ctrl Pts',(-2.47291818831463,-3.62191162009361,
5.41536465595196));
#11099=CARTESIAN_POINT('Ctrl Pts',(-2.45368212389822,-3.62990215154893,
5.39228137866097));
#11100=CARTESIAN_POINT('Ctrl Pts',(-2.43441332434363,-3.63642402007972,
5.36915881920206));
#11101=CARTESIAN_POINT('Ctrl Pts',(-2.41555946917847,-3.64280544328864,
5.34653419301032));
#11102=CARTESIAN_POINT('Ctrl Pts',(-2.39667473942548,-3.64778088611892,
5.32387251731118));
#11103=CARTESIAN_POINT('Ctrl Pts',(-2.37796486636647,-3.65140496842905,
5.3014206696433));
#11104=CARTESIAN_POINT('Ctrl Pts',(-2.35967769091926,-3.65494717466592,
5.27947605910951));
#11105=CARTESIAN_POINT('Ctrl Pts',(-2.34155786058723,-3.6571985902666,5.25773226271247));
#11106=CARTESIAN_POINT('Ctrl Pts',(-2.32377906609278,-3.65825099144532,
5.23639770932));
#11107=CARTESIAN_POINT('Ctrl Pts',(-2.31577826710424,-3.65872459218855,
5.22679675053413));
#11108=CARTESIAN_POINT('Ctrl Pts',(-2.30784625563961,-3.658955910425,5.21727833677685));
#11109=CARTESIAN_POINT('Ctrl Pts',(-2.299997390872,-3.658955910425,5.207859699056));
#11110=CARTESIAN_POINT('Origin',(-2.799996823671,-3.058956591067,5.207859699056));
#11111=CARTESIAN_POINT('Origin',(-2.89999671023,-2.548957169613,0.007865597953622));
#11112=CARTESIAN_POINT('',(-2.799996823671,-2.548957169613,0.007865597953622));
#11113=CARTESIAN_POINT('',(2.799996823671,-2.548957169613,0.007865597953622));
#11114=CARTESIAN_POINT('',(-2.89999671023,-2.548957169613,0.007865597953622));
#11115=CARTESIAN_POINT('',(-2.799996823671,1.441038304117,0.007865597953635));
#11116=CARTESIAN_POINT('',(-2.799996823671,-2.548957169613,0.007865597953622));
#11117=CARTESIAN_POINT('',(2.799996823671,1.441038304117,0.007865597953635));
#11118=CARTESIAN_POINT('',(-2.89999671023,1.441038304117,0.007865597953635));
#11119=CARTESIAN_POINT('',(2.799996823671,-2.548957169613,0.007865597953622));
#11120=CARTESIAN_POINT('',(0.369072865422,-0.849960306213,0.007865597953628));
#11121=CARTESIAN_POINT('',(0.451694722915,-0.849960306213,0.007865597953628));
#11122=CARTESIAN_POINT('',(0.369072865422,-0.849960306213,0.007865597953628));
#11123=CARTESIAN_POINT('',(0.349979899276,-0.793862808874,0.007865597953628));
#11124=CARTESIAN_POINT('',(0.349979899276,-0.793862808874,0.007865597953628));
#11125=CARTESIAN_POINT('',(0.320711639795,-0.793862808874,0.007865597953628));
#11126=CARTESIAN_POINT('',(0.320711639795,-0.793862808874,0.007865597953628));
#11127=CARTESIAN_POINT('',(0.396321310121,-0.993862581994,0.007865597953627));
#11128=CARTESIAN_POINT('',(0.396321310121,-0.993862581994,0.007865597953627));
#11129=CARTESIAN_POINT('',(0.423150547978,-0.993862581994,0.007865597953627));
#11130=CARTESIAN_POINT('',(0.423150547978,-0.993862581994,0.007865597953627));
#11131=CARTESIAN_POINT('',(0.501199239927,-0.793862808874,0.007865597953628));
#11132=CARTESIAN_POINT('',(0.501199239927,-0.793862808874,0.007865597953628));
#11133=CARTESIAN_POINT('',(0.471930980446,-0.793862808874,0.007865597953628));
#11134=CARTESIAN_POINT('',(0.471930980446,-0.793862808874,0.007865597953628));
#11135=CARTESIAN_POINT('',(0.451694722915,-0.849960306213,0.007865597953628));
#11136=CARTESIAN_POINT('',(0.14510208291,-0.793862808874,0.007865597953628));
#11137=CARTESIAN_POINT('',(0.199484643169,-0.793862808874,0.007865597953628));
#11138=CARTESIAN_POINT('',(0.14510208291,-0.793862808874,0.007865597953628));
#11139=CARTESIAN_POINT('',(0.14510208291,-0.993862581994,0.007865597953627));
#11140=CARTESIAN_POINT('',(0.14510208291,-0.993862581994,0.007865597953627));
#11141=CARTESIAN_POINT('',(0.201542567664,-0.993862581994,0.007865597953627));
#11142=CARTESIAN_POINT('',(0.201542567664,-0.993862581994,0.007865597953627));
#11143=CARTESIAN_POINT('',(0.306077510055,-0.896377936483,0.007865597953627));
#11144=CARTESIAN_POINT('Ctrl Pts',(0.306077510055,-0.896377936483,0.007865597953627));
#11145=CARTESIAN_POINT('Ctrl Pts',(0.301218541218,-0.920862126791,0.007865597953627));
#11146=CARTESIAN_POINT('Ctrl Pts',(0.290204360629,-0.97636223447,0.007865597953627));
#11147=CARTESIAN_POINT('Ctrl Pts',(0.233327740908,-0.987588723105,0.007865597953627));
#11148=CARTESIAN_POINT('Ctrl Pts',(0.201542567664,-0.993862581994,0.007865597953627));
#11149=CARTESIAN_POINT('Ctrl Pts',(0.199484643169,-0.793862808874,0.007865597953628));
#11150=CARTESIAN_POINT('Ctrl Pts',(0.225235817066,-0.79766666541,0.007865597953628));
#11151=CARTESIAN_POINT('Ctrl Pts',(0.283107612369,-0.806215246833,0.007865597953628));
#11152=CARTESIAN_POINT('Ctrl Pts',(0.297878959396,-0.864196540259,0.007865597953627));
#11153=CARTESIAN_POINT('Ctrl Pts',(0.306077510055,-0.896377936483,0.007865597953627));
#11154=CARTESIAN_POINT('',(0.09632165044188,-0.906057803551,0.007865597953627));
#11155=CARTESIAN_POINT('',(0.02559002336309,-0.906057803551,0.007865597953627));
#11156=CARTESIAN_POINT('',(0.09632165044188,-0.906057803551,0.007865597953627));
#11157=CARTESIAN_POINT('',(0.09632165044188,-0.88410660894,0.007865597953627));
#11158=CARTESIAN_POINT('',(0.09632165044188,-0.88410660894,0.007865597953627));
#11159=CARTESIAN_POINT('',(0.02559002336309,-0.88410660894,0.007865597953627));
#11160=CARTESIAN_POINT('',(0.02559002336309,-0.88410660894,0.007865597953627));
#11161=CARTESIAN_POINT('',(0.02559002336309,-0.815814003485,0.007865597953628));
#11162=CARTESIAN_POINT('',(0.02559002336309,-0.815814003485,0.007865597953628));
#11163=CARTESIAN_POINT('',(0.106077736936,-0.815814003485,0.007865597953628));
#11164=CARTESIAN_POINT('',(0.106077736936,-0.815814003485,0.007865597953628));
#11165=CARTESIAN_POINT('',(0.106077736936,-0.793862808874,0.007865597953628));
#11166=CARTESIAN_POINT('',(0.106077736936,-0.793862808874,0.007865597953628));
#11167=CARTESIAN_POINT('',(-0.001239214494381,-0.793862808874,0.007865597953628));
#11168=CARTESIAN_POINT('',(-0.001239214494381,-0.793862808874,0.007865597953628));
#11169=CARTESIAN_POINT('',(-0.00123921449438,-0.993862581994,0.007865597953627));
#11170=CARTESIAN_POINT('',(-0.00123921449438,-0.993862581994,0.007865597953627));
#11171=CARTESIAN_POINT('',(0.101199693689,-0.993862581994,0.007865597953627));
#11172=CARTESIAN_POINT('',(0.101199693689,-0.993862581994,0.007865597953627));
#11173=CARTESIAN_POINT('',(0.101199693689,-0.971911387383,0.007865597953627));
#11174=CARTESIAN_POINT('',(0.101199693689,-0.971911387383,0.007865597953627));
#11175=CARTESIAN_POINT('',(0.02559002336309,-0.971911387383,0.007865597953627));
#11176=CARTESIAN_POINT('',(0.02559002336309,-0.971911387383,0.007865597953627));
#11177=CARTESIAN_POINT('',(0.02559002336309,-0.906057803551,0.007865597953627));
#11178=CARTESIAN_POINT('',(-0.08710039758086,-0.974350409006,0.007865597953627));
#11179=CARTESIAN_POINT('',(-0.04026356046888,-0.961545545484,0.007865597953627));
#11180=CARTESIAN_POINT('Ctrl Pts',(-0.08710039758086,-0.974350409006,0.007865597953627));
#11181=CARTESIAN_POINT('Ctrl Pts',(-0.07984252976503,-0.973962880608,0.007865597953627));
#11182=CARTESIAN_POINT('Ctrl Pts',(-0.06336372920073,-0.973083007434,0.007865597953627));
#11183=CARTESIAN_POINT('Ctrl Pts',(-0.04855178275362,-0.965685127768,0.007865597953627));
#11184=CARTESIAN_POINT('Ctrl Pts',(-0.04026356046888,-0.961545545484,0.007865597953627));
#11185=CARTESIAN_POINT('',(-0.162214641639,-0.891728551514,0.007865597953627));
#11186=CARTESIAN_POINT('Ctrl Pts',(-0.162214641639,-0.891728551514,0.007865597953627));
#11187=CARTESIAN_POINT('Ctrl Pts',(-0.159895949077,-0.911322815597,0.007865597953627));
#11188=CARTESIAN_POINT('Ctrl Pts',(-0.154699287957,-0.955237542358,0.007865597953627));
#11189=CARTESIAN_POINT('Ctrl Pts',(-0.111194069834,-0.967538179659,0.007865597953627));
#11190=CARTESIAN_POINT('Ctrl Pts',(-0.08710039758086,-0.974350409006,0.007865597953627));
#11191=CARTESIAN_POINT('',(-0.09159734369902,-0.813374981862,0.007865597953628));
#11192=CARTESIAN_POINT('Ctrl Pts',(-0.09159734369902,-0.813374981862,0.007865597953628));
#11193=CARTESIAN_POINT('Ctrl Pts',(-0.109726554969,-0.817114160877,0.007865597953628));
#11194=CARTESIAN_POINT('Ctrl Pts',(-0.150840707027,-0.825594020938,0.007865597953628));
#11195=CARTESIAN_POINT('Ctrl Pts',(-0.158136125049,-0.868013734317,0.007865597953627));
#11196=CARTESIAN_POINT('Ctrl Pts',(-0.162214641639,-0.891728551514,0.007865597953627));
#11197=CARTESIAN_POINT('',(-0.04026356046888,-0.826179845385,0.007865597953628));
#11198=CARTESIAN_POINT('Ctrl Pts',(-0.04026356046888,-0.826179845385,0.007865597953628));
#11199=CARTESIAN_POINT('Ctrl Pts',(-0.04736758153257,-0.822708834706,0.007865597953628));
#11200=CARTESIAN_POINT('Ctrl Pts',(-0.06351270862624,-0.814820357455,0.007865597953628));
#11201=CARTESIAN_POINT('Ctrl Pts',(-0.08151579786961,-0.813893828564,0.007865597953628));
#11202=CARTESIAN_POINT('Ctrl Pts',(-0.09159734369902,-0.813374981862,0.007865597953628));
#11203=CARTESIAN_POINT('',(-0.04026356046888,-0.804228650774,0.007865597953628));
#11204=CARTESIAN_POINT('',(-0.04026356046888,-0.804228650774,0.007865597953628));
#11205=CARTESIAN_POINT('',(-0.09529398584699,-0.791423787251,0.007865597953628));
#11206=CARTESIAN_POINT('Ctrl Pts',(-0.09529398584699,-0.791423787251,0.007865597953628));
#11207=CARTESIAN_POINT('Ctrl Pts',(-0.08685003329303,-0.791659209434,0.007865597953628));
#11208=CARTESIAN_POINT('Ctrl Pts',(-0.06769797763794,-0.792193179601,0.007865597953628));
#11209=CARTESIAN_POINT('Ctrl Pts',(-0.05010177231377,-0.799912629977,0.007865597953628));
#11210=CARTESIAN_POINT('Ctrl Pts',(-0.04026356046888,-0.804228650774,0.007865597953628));
#11211=CARTESIAN_POINT('',(-0.189043879497,-0.89008983386,0.007865597953627));
#11212=CARTESIAN_POINT('Ctrl Pts',(-0.189043879497,-0.89008983386,0.007865597953627));
#11213=CARTESIAN_POINT('Ctrl Pts',(-0.185831091596,-0.866231749994,0.007865597953627));
#11214=CARTESIAN_POINT('Ctrl Pts',(-0.178616486983,-0.812656273729,0.007865597953628));
#11215=CARTESIAN_POINT('Ctrl Pts',(-0.125021950577,-0.798999155255,0.007865597953628));
#11216=CARTESIAN_POINT('Ctrl Pts',(-0.09529398584699,-0.791423787251,0.007865597953628));
#11217=CARTESIAN_POINT('',(-0.08732905585805,-0.996301603617,0.007865597953627));
#11218=CARTESIAN_POINT('Ctrl Pts',(-0.08732905585805,-0.996301603617,0.007865597953627));
#11219=CARTESIAN_POINT('Ctrl Pts',(-0.112603615292,-0.991520493138,0.007865597953627));
#11220=CARTESIAN_POINT('Ctrl Pts',(-0.169710512706,-0.980717757433,0.007865597953627));
#11221=CARTESIAN_POINT('Ctrl Pts',(-0.182124253268,-0.922526572053,0.007865597953627));
#11222=CARTESIAN_POINT('Ctrl Pts',(-0.189043879497,-0.89008983386,0.007865597953627));
#11223=CARTESIAN_POINT('',(-0.04026356046888,-0.988374783341,0.007865597953627));
#11224=CARTESIAN_POINT('Ctrl Pts',(-0.04026356046888,-0.988374783341,0.007865597953627));
#11225=CARTESIAN_POINT('Ctrl Pts',(-0.04696788829641,-0.990615185946,0.007865597953627));
#11226=CARTESIAN_POINT('Ctrl Pts',(-0.06221283164335,-0.995709628172,0.007865597953627));
#11227=CARTESIAN_POINT('Ctrl Pts',(-0.07831064197413,-0.996089044614,0.007865597953627));
#11228=CARTESIAN_POINT('Ctrl Pts',(-0.08732905585805,-0.996301603617,0.007865597953627));
#11229=CARTESIAN_POINT('',(-0.04026356046888,-0.961545545484,0.007865597953627));
#11230=CARTESIAN_POINT('',(-0.308555939044,-0.793862808874,0.007865597953628));
#11231=CARTESIAN_POINT('',(-0.206117030861,-0.793862808874,0.007865597953628));
#11232=CARTESIAN_POINT('',(-0.308555939044,-0.793862808874,0.007865597953628));
#11233=CARTESIAN_POINT('',(-0.308555939044,-0.993862581994,0.007865597953627));
#11234=CARTESIAN_POINT('',(-0.308555939044,-0.993862581994,0.007865597953627));
#11235=CARTESIAN_POINT('',(-0.281726701186,-0.993862581994,0.007865597953627));
#11236=CARTESIAN_POINT('',(-0.281726701186,-0.993862581994,0.007865597953627));
#11237=CARTESIAN_POINT('',(-0.281726701186,-0.815814003485,0.007865597953628));
#11238=CARTESIAN_POINT('',(-0.281726701186,-0.815814003485,0.007865597953628));
#11239=CARTESIAN_POINT('',(-0.206117030861,-0.815814003485,0.007865597953628));
#11240=CARTESIAN_POINT('',(-0.206117030861,-0.815814003485,0.007865597953628));
#11241=CARTESIAN_POINT('',(-0.206117030861,-0.793862808874,0.007865597953628));
#11242=CARTESIAN_POINT('Origin',(0.,-2.548957169613,2.907862308184));
#11243=CARTESIAN_POINT('',(-2.649996993831,-2.548957169613,1.15786429339));
#11244=CARTESIAN_POINT('',(-2.89999671023,-2.548957169613,1.15786429339));
#11245=CARTESIAN_POINT('',(-2.649996993831,-2.548957169613,1.15786429339));
#11246=CARTESIAN_POINT('',(-2.89999671023,-2.548957169613,0.107865484513));
#11247=CARTESIAN_POINT('',(-2.89999671023,-2.548957169613,5.807859018414));
#11248=CARTESIAN_POINT('Origin',(-2.799996823671,-2.548957169613,0.107865484513));
#11249=CARTESIAN_POINT('',(2.89999671023,-2.548957169613,0.107865484513));
#11250=CARTESIAN_POINT('Origin',(2.799996823671,-2.548957169613,0.107865484513));
#11251=CARTESIAN_POINT('',(2.89999671023,-2.548957169613,1.15786429339));
#11252=CARTESIAN_POINT('',(2.89999671023,-2.548957169613,5.807859018414));
#11253=CARTESIAN_POINT('',(2.649996993831,-2.548957169613,1.15786429339));
#11254=CARTESIAN_POINT('',(2.649996993831,-2.548957169613,1.15786429339));
#11255=CARTESIAN_POINT('',(2.649996993831,-2.548957169613,4.657860322978));
#11256=CARTESIAN_POINT('',(2.649996993831,-2.548957169613,4.657860322978));
#11257=CARTESIAN_POINT('',(2.89999671023,-2.548957169613,4.657860322978));
#11258=CARTESIAN_POINT('',(2.649996993831,-2.548957169613,4.657860322978));
#11259=CARTESIAN_POINT('',(2.89999671023,-2.548957169613,5.707859131854));
#11260=CARTESIAN_POINT('',(2.89999671023,-2.548957169613,5.807859018414));
#11261=CARTESIAN_POINT('',(2.799996823671,-2.548957169613,5.807859018414));
#11262=CARTESIAN_POINT('Origin',(2.799996823671,-2.548957169613,5.707859131854));
#11263=CARTESIAN_POINT('',(-2.799996823671,-2.548957169613,5.807859018414));
#11264=CARTESIAN_POINT('',(-2.89999671023,-2.548957169613,5.807859018414));
#11265=CARTESIAN_POINT('',(-2.89999671023,-2.548957169613,5.707859131854));
#11266=CARTESIAN_POINT('Origin',(-2.799996823671,-2.548957169613,5.707859131854));
#11267=CARTESIAN_POINT('',(-2.89999671023,-2.548957169613,4.657860322978));
#11268=CARTESIAN_POINT('',(-2.89999671023,-2.548957169613,5.807859018414));
#11269=CARTESIAN_POINT('',(-2.649996993831,-2.548957169613,4.657860322978));
#11270=CARTESIAN_POINT('',(-2.649996993831,-2.548957169613,4.657860322978));
#11271=CARTESIAN_POINT('',(-2.649996993831,-2.548957169613,1.15786429339));
#11272=CARTESIAN_POINT('Origin',(-2.89999671023,-2.548957169613,5.807859018414));
#11273=CARTESIAN_POINT('',(-2.89999671023,1.441038304117,1.407864009789));
#11274=CARTESIAN_POINT('',(-2.89999671023,1.441038304117,1.407864009789));
#11275=CARTESIAN_POINT('',(-2.89999671023,1.441038304117,0.107865484513));
#11276=CARTESIAN_POINT('',(-2.89999671023,1.441038304117,5.807859018414));
#11277=CARTESIAN_POINT('',(-2.89999671023,-2.548957169613,0.107865484513));
#11278=CARTESIAN_POINT('',(-2.89999671023,-1.308958576273,0.457865087472));
#11279=CARTESIAN_POINT('',(-2.89999671023,-1.908957895631,0.457865087472));
#11280=CARTESIAN_POINT('',(-2.89999671023,-1.308958576273,0.457865087472));
#11281=CARTESIAN_POINT('',(-2.89999671023,-1.308958576273,0.757864747151));
#11282=CARTESIAN_POINT('',(-2.89999671023,-1.308958576273,0.757864747151));
#11283=CARTESIAN_POINT('',(-2.89999671023,-1.908957895631,0.757864747151));
#11284=CARTESIAN_POINT('',(-2.89999671023,-1.308958576273,0.757864747151));
#11285=CARTESIAN_POINT('',(-2.89999671023,-1.908957895631,0.757864747151));
#11286=CARTESIAN_POINT('',(-2.89999671023,0.69103915492,0.457865087472));
#11287=CARTESIAN_POINT('',(-2.89999671023,0.09103983556196,0.457865087472));
#11288=CARTESIAN_POINT('',(-2.89999671023,0.69103915492,0.457865087472));
#11289=CARTESIAN_POINT('',(-2.89999671023,0.69103915492,0.757864747151));
#11290=CARTESIAN_POINT('',(-2.89999671023,0.69103915492,0.757864747151));
#11291=CARTESIAN_POINT('',(-2.89999671023,0.09103983556196,0.757864747151));
#11292=CARTESIAN_POINT('',(-2.89999671023,0.69103915492,0.757864747151));
#11293=CARTESIAN_POINT('',(-2.89999671023,0.09103983556196,0.757864747151));
#11294=CARTESIAN_POINT('Origin',(2.89999671023,-2.548957169613,5.807859018414));
#11295=CARTESIAN_POINT('',(2.89999671023,1.441038304117,0.107865484513));
#11296=CARTESIAN_POINT('',(2.89999671023,1.441038304117,1.407864009789));
#11297=CARTESIAN_POINT('',(2.89999671023,1.441038304117,5.807859018414));
#11298=CARTESIAN_POINT('',(2.89999671023,-2.548957169613,1.15786429339));
#11299=CARTESIAN_POINT('',(2.89999671023,-2.548957169613,0.107865484513));
#11300=CARTESIAN_POINT('',(2.89999671023,-1.908957895631,0.457865087472));
#11301=CARTESIAN_POINT('',(2.89999671023,-1.308958576273,0.457865087472));
#11302=CARTESIAN_POINT('',(2.89999671023,-1.308958576273,0.457865087472));
#11303=CARTESIAN_POINT('',(2.89999671023,-1.908957895631,0.757864747151));
#11304=CARTESIAN_POINT('',(2.89999671023,-1.908957895631,0.757864747151));
#11305=CARTESIAN_POINT('',(2.89999671023,-1.308958576273,0.757864747151));
#11306=CARTESIAN_POINT('',(2.89999671023,-1.308958576273,0.757864747151));
#11307=CARTESIAN_POINT('',(2.89999671023,-1.308958576273,0.757864747151));
#11308=CARTESIAN_POINT('',(2.89999671023,0.09103983556196,0.457865087472));
#11309=CARTESIAN_POINT('',(2.89999671023,0.69103915492,0.457865087472));
#11310=CARTESIAN_POINT('',(2.89999671023,0.69103915492,0.457865087472));
#11311=CARTESIAN_POINT('',(2.89999671023,0.09103983556196,0.757864747151));
#11312=CARTESIAN_POINT('',(2.89999671023,0.09103983556196,0.757864747151));
#11313=CARTESIAN_POINT('',(2.89999671023,0.69103915492,0.757864747151));
#11314=CARTESIAN_POINT('',(2.89999671023,0.69103915492,0.757864747151));
#11315=CARTESIAN_POINT('',(2.89999671023,0.69103915492,0.757864747151));
#11316=CARTESIAN_POINT('Origin',(2.89999671023,-2.548957169613,5.807859018414));
#11317=CARTESIAN_POINT('',(2.89999671023,1.441038304117,4.407860606579));
#11318=CARTESIAN_POINT('',(2.89999671023,1.441038304117,4.407860606579));
#11319=CARTESIAN_POINT('',(2.89999671023,1.441038304117,5.707859131854));
#11320=CARTESIAN_POINT('',(2.89999671023,1.441038304117,5.807859018414));
#11321=CARTESIAN_POINT('',(2.89999671023,-2.548957169613,5.707859131854));
#11322=CARTESIAN_POINT('Origin',(-2.89999671023,-2.548957169613,5.807859018414));
#11323=CARTESIAN_POINT('',(2.799996823671,1.441038304117,5.807859018414));
#11324=CARTESIAN_POINT('',(-2.799996823671,1.441038304117,5.807859018414));
#11325=CARTESIAN_POINT('',(-2.89999671023,1.441038304117,5.807859018414));
#11326=CARTESIAN_POINT('',(-2.799996823671,-2.548957169613,5.807859018414));
#11327=CARTESIAN_POINT('',(2.799996823671,-2.548957169613,5.807859018414));
#11328=CARTESIAN_POINT('Origin',(-2.89999671023,-2.548957169613,5.807859018414));
#11329=CARTESIAN_POINT('',(-2.89999671023,1.441038304117,5.707859131854));
#11330=CARTESIAN_POINT('',(-2.89999671023,1.441038304117,4.407860606579));
#11331=CARTESIAN_POINT('',(-2.89999671023,1.441038304117,5.807859018414));
#11332=CARTESIAN_POINT('',(-2.89999671023,-2.548957169613,4.657860322978));
#11333=CARTESIAN_POINT('',(-2.89999671023,-2.548957169613,5.707859131854));
#11334=CARTESIAN_POINT('Origin',(0.,1.441038304117,2.907862308184));
#11335=CARTESIAN_POINT('',(-2.649996993831,1.441038304117,1.407864009789));
#11336=CARTESIAN_POINT('',(-2.649996993831,1.441038304117,1.407864009789));
#11337=CARTESIAN_POINT('',(-2.649996993831,1.441038304117,4.407860606579));
#11338=CARTESIAN_POINT('',(-2.649996993831,1.441038304117,4.407860606579));
#11339=CARTESIAN_POINT('',(-2.649996993831,1.441038304117,4.407860606579));
#11340=CARTESIAN_POINT('Origin',(-2.799996823671,1.441038304117,5.707859131854));
#11341=CARTESIAN_POINT('Origin',(2.799996823671,1.441038304117,5.707859131854));
#11342=CARTESIAN_POINT('',(2.649996993831,1.441038304117,4.407860606579));
#11343=CARTESIAN_POINT('',(2.649996993831,1.441038304117,4.407860606579));
#11344=CARTESIAN_POINT('',(2.649996993831,1.441038304117,1.407864009789));
#11345=CARTESIAN_POINT('',(2.649996993831,1.441038304117,4.407860606579));
#11346=CARTESIAN_POINT('',(2.649996993831,1.441038304117,1.407864009789));
#11347=CARTESIAN_POINT('Origin',(2.799996823671,1.441038304117,0.107865484513));
#11348=CARTESIAN_POINT('Origin',(-2.799996823671,1.441038304117,0.107865484513));
#11349=CARTESIAN_POINT('',(-0.699999205918,1.441038304117,0.457865087472));
#11350=CARTESIAN_POINT('',(-1.299998525276,1.441038304117,0.457865087472));
#11351=CARTESIAN_POINT('',(-0.699999205918,1.441038304117,0.457865087472));
#11352=CARTESIAN_POINT('',(-0.699999205918,1.441038304117,0.757864747151));
#11353=CARTESIAN_POINT('',(-0.699999205918,1.441038304117,0.757864747151));
#11354=CARTESIAN_POINT('',(-1.299998525276,1.441038304117,0.757864747151));
#11355=CARTESIAN_POINT('',(-0.699999205918,1.441038304117,0.757864747151));
#11356=CARTESIAN_POINT('',(-1.299998525276,1.441038304117,0.757864747151));
#11357=CARTESIAN_POINT('',(1.299998525276,1.441038304117,0.457865087472));
#11358=CARTESIAN_POINT('',(0.699999205918,1.441038304117,0.457865087472));
#11359=CARTESIAN_POINT('',(1.299998525276,1.441038304117,0.457865087472));
#11360=CARTESIAN_POINT('',(1.299998525276,1.441038304117,0.757864747151));
#11361=CARTESIAN_POINT('',(1.299998525276,1.441038304117,0.757864747151));
#11362=CARTESIAN_POINT('',(0.699999205918,1.441038304117,0.757864747151));
#11363=CARTESIAN_POINT('',(1.299998525276,1.441038304117,0.757864747151));
#11364=CARTESIAN_POINT('',(0.699999205918,1.441038304117,0.757864747151));
#11365=CARTESIAN_POINT('Origin',(-2.799996823671,-2.548957169613,0.107865484513));
#11366=CARTESIAN_POINT('Origin',(2.799996823671,-2.548957169613,0.107865484513));
#11367=CARTESIAN_POINT('Origin',(-2.799996823671,-2.548957169613,5.707859131854));
#11368=CARTESIAN_POINT('Origin',(2.799996823671,-2.548957169613,5.707859131854));
#11369=CARTESIAN_POINT('Origin',(2.649996993831,-2.548957169613,1.15786429339));
#11370=CARTESIAN_POINT('',(2.649996993831,-2.548957169613,1.15786429339));
#11371=CARTESIAN_POINT('Origin',(2.649996993831,1.441038304117,4.407860606579));
#11372=CARTESIAN_POINT('',(2.649996993831,1.441038304117,4.407860606579));
#11373=CARTESIAN_POINT('Origin',(2.649996993831,1.441038304117,2.907862308184));
#11374=CARTESIAN_POINT('Origin',(-2.649996993831,1.441038304117,1.407864009789));
#11375=CARTESIAN_POINT('',(-2.649996993831,1.441038304117,1.407864009789));
#11376=CARTESIAN_POINT('Origin',(-2.649996993831,-2.548957169613,4.657860322978));
#11377=CARTESIAN_POINT('',(-2.649996993831,-2.548957169613,4.657860322978));
#11378=CARTESIAN_POINT('Origin',(-2.649996993831,1.441038304117,2.907862308184));
#11379=CARTESIAN_POINT('Origin',(-2.89999671023,0.69103915492,0.757864747151));
#11380=CARTESIAN_POINT('',(-3.023665617324,0.09103983556196,0.757864747151));
#11381=CARTESIAN_POINT('',(-3.023665617324,0.69103915492,0.757864747151));
#11382=CARTESIAN_POINT('',(-3.023665617324,0.69103915492,0.757864747151));
#11383=CARTESIAN_POINT('',(-2.89999671023,0.09103983556196,0.757864747151));
#11384=CARTESIAN_POINT('',(-2.89999671023,0.69103915492,0.757864747151));
#11385=CARTESIAN_POINT('Origin',(-3.023665617324,1.441038304117,0.407865144192));
#11386=CARTESIAN_POINT('',(-3.373183450337,0.09103983556196,0.426222880364));
#11387=CARTESIAN_POINT('',(-3.373183450337,0.69103915492,0.426222880364));
#11388=CARTESIAN_POINT('',(-3.373183450337,0.69103915492,0.426222880364));
#11389=CARTESIAN_POINT('Origin',(-3.023665617324,0.09103983556196,0.407865144192));
#11390=CARTESIAN_POINT('Origin',(-3.023665617324,0.69103915492,0.407865144192));
#11391=CARTESIAN_POINT('Origin',(-3.373183450337,0.69103915492,0.426222880364));
#11392=CARTESIAN_POINT('',(-3.499789556754,0.241039665401,-1.984264532023));
#11393=CARTESIAN_POINT('',(-3.499789556754,0.54103932508,-1.984264532023));
#11394=CARTESIAN_POINT('',(-3.499789556754,0.69103915492,-1.984264532023));
#11395=CARTESIAN_POINT('',(-3.473564219366,0.09103983556197,-1.484953342005));
#11396=CARTESIAN_POINT('',(-3.390133350036,-0.386155787047,0.103509221263));
#11397=CARTESIAN_POINT('',(-3.373183450337,0.09103983556196,0.426222880364));
#11398=CARTESIAN_POINT('',(-3.473564219366,0.69103915492,-1.484953342005));
#11399=CARTESIAN_POINT('',(-3.373183450337,0.69103915492,0.426222880364));
#11400=CARTESIAN_POINT('',(-3.381471770716,1.217776005733,0.268419339067));
#11401=CARTESIAN_POINT('Origin',(-3.373183450337,0.09103983556196,0.426222880364));
#11402=CARTESIAN_POINT('',(-3.173977505355,0.09103983556197,-1.500688544438));
#11403=CARTESIAN_POINT('',(-3.473564219366,0.09103983556197,-1.484953342005));
#11404=CARTESIAN_POINT('',(-3.073596736326,0.09103983556196,0.410487677931));
#11405=CARTESIAN_POINT('',(-3.073596736326,0.09103983556196,0.410487677931));
#11406=CARTESIAN_POINT('',(-3.373183450337,0.09103983556196,0.426222880364));
#11407=CARTESIAN_POINT('Origin',(-3.073596736326,0.69103915492,0.410487677931));
#11408=CARTESIAN_POINT('',(-3.200202842743,0.241039665401,-1.999999734456));
#11409=CARTESIAN_POINT('',(-3.090546636025,-0.386155787047,0.08777401883034));
#11410=CARTESIAN_POINT('',(-3.200202842743,0.54103932508,-1.999999734456));
#11411=CARTESIAN_POINT('',(-3.200202842743,0.69103915492,-1.999999734456));
#11412=CARTESIAN_POINT('',(-3.173977505355,0.69103915492,-1.500688544438));
#11413=CARTESIAN_POINT('',(-3.081885056705,1.217776005733,0.252684136635));
#11414=CARTESIAN_POINT('',(-3.073596736326,0.69103915492,0.410487677931));
#11415=CARTESIAN_POINT('',(-3.073596736326,0.69103915492,0.410487677931));
#11416=CARTESIAN_POINT('',(-3.073596736326,0.69103915492,0.410487677931));
#11417=CARTESIAN_POINT('Origin',(-3.373183450337,0.69103915492,0.426222880364));
#11418=CARTESIAN_POINT('',(-3.473564219366,0.69103915492,-1.484953342005));
#11419=CARTESIAN_POINT('',(-3.373183450337,0.69103915492,0.426222880364));
#11420=CARTESIAN_POINT('Origin',(-3.023665617324,0.09103983556196,0.757864747151));
#11421=CARTESIAN_POINT('',(-3.023665617324,0.09103983556196,0.457865087472));
#11422=CARTESIAN_POINT('Origin',(-3.023665617324,0.09103983556196,0.407865144192));
#11423=CARTESIAN_POINT('',(-3.023665617324,0.09103983556196,0.757864747151));
#11424=CARTESIAN_POINT('Origin',(-3.023665617324,1.441038304117,0.407865144192));
#11425=CARTESIAN_POINT('',(-3.023665617324,0.69103915492,0.457865087472));
#11426=CARTESIAN_POINT('',(-3.023665617324,0.69103915492,0.457865087472));
#11427=CARTESIAN_POINT('Origin',(-3.023665617324,0.69103915492,0.407865144192));
#11428=CARTESIAN_POINT('Origin',(-3.023665617324,0.69103915492,0.757864747151));
#11429=CARTESIAN_POINT('',(-3.023665617324,0.69103915492,0.757864747151));
#11430=CARTESIAN_POINT('Origin',(-2.89999671023,0.09103983556196,0.757864747151));
#11431=CARTESIAN_POINT('',(-2.89999671023,0.09103983556196,0.457865087472));
#11432=CARTESIAN_POINT('Origin',(-2.89999671023,0.69103915492,0.457865087472));
#11433=CARTESIAN_POINT('',(-2.89999671023,0.69103915492,0.457865087472));
#11434=CARTESIAN_POINT('Origin',(-2.89999671023,0.69103915492,0.757864747151));
#11435=CARTESIAN_POINT('Origin',(-5.646827673833,1.441038304117,-1.871495581256));
#11436=CARTESIAN_POINT('',(-5.646827673833,0.241039665401,-1.871495581256));
#11437=CARTESIAN_POINT('',(-5.646827673833,0.54103932508,-1.871495581256));
#11438=CARTESIAN_POINT('Origin',(-2.89999671023,-1.308958576273,0.757864747151));
#11439=CARTESIAN_POINT('',(-3.023665617324,-1.908957895631,0.757864747151));
#11440=CARTESIAN_POINT('',(-3.023665617324,-1.308958576273,0.757864747151));
#11441=CARTESIAN_POINT('',(-3.023665617324,-1.308958576273,0.757864747151));
#11442=CARTESIAN_POINT('',(-2.89999671023,-1.908957895631,0.757864747151));
#11443=CARTESIAN_POINT('',(-2.89999671023,-1.308958576273,0.757864747151));
#11444=CARTESIAN_POINT('Origin',(-3.023665617324,1.441038304117,0.407865144192));
#11445=CARTESIAN_POINT('',(-3.373183450337,-1.908957895631,0.426222880364));
#11446=CARTESIAN_POINT('',(-3.373183450337,-1.308958576273,0.426222880364));
#11447=CARTESIAN_POINT('',(-3.373183450337,-1.308958576273,0.426222880364));
#11448=CARTESIAN_POINT('Origin',(-3.023665617324,-1.908957895631,0.407865144192));
#11449=CARTESIAN_POINT('Origin',(-3.023665617324,-1.308958576273,0.407865144192));
#11450=CARTESIAN_POINT('Origin',(-3.373183450337,-1.308958576273,0.426222880364));
#11451=CARTESIAN_POINT('',(-3.499789556754,-1.758958065792,-1.984264532023));
#11452=CARTESIAN_POINT('',(-3.499789556754,-1.458958406113,-1.984264532023));
#11453=CARTESIAN_POINT('',(-3.499789556754,-1.308958576273,-1.984264532023));
#11454=CARTESIAN_POINT('',(-3.473564219366,-1.908957895631,-1.484953342005));
#11455=CARTESIAN_POINT('',(-3.390133350036,-2.386153518241,0.103509221263));
#11456=CARTESIAN_POINT('',(-3.373183450337,-1.908957895631,0.426222880364));
#11457=CARTESIAN_POINT('',(-3.473564219366,-1.308958576273,-1.484953342005));
#11458=CARTESIAN_POINT('',(-3.373183450337,-1.308958576273,0.426222880364));
#11459=CARTESIAN_POINT('',(-3.381471770716,-0.78222172546,0.268419339067));
#11460=CARTESIAN_POINT('Origin',(-3.373183450337,-1.908957895631,0.426222880364));
#11461=CARTESIAN_POINT('',(-3.173977505355,-1.908957895631,-1.500688544438));
#11462=CARTESIAN_POINT('',(-3.473564219366,-1.908957895631,-1.484953342005));
#11463=CARTESIAN_POINT('',(-3.073596736326,-1.908957895631,0.410487677931));
#11464=CARTESIAN_POINT('',(-3.073596736326,-1.908957895631,0.410487677931));
#11465=CARTESIAN_POINT('',(-3.373183450337,-1.908957895631,0.426222880364));
#11466=CARTESIAN_POINT('Origin',(-3.073596736326,-1.308958576273,0.410487677931));
#11467=CARTESIAN_POINT('',(-3.200202842743,-1.758958065792,-1.999999734456));
#11468=CARTESIAN_POINT('',(-3.090546636025,-2.386153518241,0.08777401883033));
#11469=CARTESIAN_POINT('',(-3.200202842743,-1.458958406113,-1.999999734456));
#11470=CARTESIAN_POINT('',(-3.200202842743,-1.308958576273,-1.999999734456));
#11471=CARTESIAN_POINT('',(-3.173977505355,-1.308958576273,-1.500688544438));
#11472=CARTESIAN_POINT('',(-3.081885056705,-0.78222172546,0.252684136635));
#11473=CARTESIAN_POINT('',(-3.073596736326,-1.308958576273,0.410487677931));
#11474=CARTESIAN_POINT('',(-3.073596736326,-1.308958576273,0.410487677931));
#11475=CARTESIAN_POINT('',(-3.073596736326,-1.308958576273,0.410487677931));
#11476=CARTESIAN_POINT('Origin',(-3.373183450337,-1.308958576273,0.426222880364));
#11477=CARTESIAN_POINT('',(-3.473564219366,-1.308958576273,-1.484953342005));
#11478=CARTESIAN_POINT('',(-3.373183450337,-1.308958576273,0.426222880364));
#11479=CARTESIAN_POINT('Origin',(-3.023665617324,-1.908957895631,0.757864747151));
#11480=CARTESIAN_POINT('',(-3.023665617324,-1.908957895631,0.457865087472));
#11481=CARTESIAN_POINT('Origin',(-3.023665617324,-1.908957895631,0.407865144192));
#11482=CARTESIAN_POINT('',(-3.023665617324,-1.908957895631,0.757864747151));
#11483=CARTESIAN_POINT('Origin',(-3.023665617324,1.441038304117,0.407865144192));
#11484=CARTESIAN_POINT('',(-3.023665617324,-1.308958576273,0.457865087472));
#11485=CARTESIAN_POINT('',(-3.023665617324,-1.308958576273,0.457865087472));
#11486=CARTESIAN_POINT('Origin',(-3.023665617324,-1.308958576273,0.407865144192));
#11487=CARTESIAN_POINT('Origin',(-3.023665617324,-1.308958576273,0.757864747151));
#11488=CARTESIAN_POINT('',(-3.023665617324,-1.308958576273,0.757864747151));
#11489=CARTESIAN_POINT('Origin',(-2.89999671023,-1.908957895631,0.757864747151));
#11490=CARTESIAN_POINT('',(-2.89999671023,-1.908957895631,0.457865087472));
#11491=CARTESIAN_POINT('Origin',(-2.89999671023,-1.308958576273,0.457865087472));
#11492=CARTESIAN_POINT('',(-2.89999671023,-1.308958576273,0.457865087472));
#11493=CARTESIAN_POINT('Origin',(-2.89999671023,-1.308958576273,0.757864747151));
#11494=CARTESIAN_POINT('Origin',(-5.646827673833,1.441038304117,-1.871495581256));
#11495=CARTESIAN_POINT('',(-5.646827673833,-1.758958065792,-1.871495581256));
#11496=CARTESIAN_POINT('',(-5.646827673833,-1.458958406113,-1.871495581256));
#11497=CARTESIAN_POINT('Origin',(-5.646827673833,-1.758958065792,-1.871495581256));
#11498=CARTESIAN_POINT('Origin',(-5.646827673833,-1.458958406113,-1.871495581256));
#11499=CARTESIAN_POINT('Origin',(-5.646827673833,0.241039665401,-1.871495581256));
#11500=CARTESIAN_POINT('Origin',(-5.646827673833,0.54103932508,-1.871495581256));
#11501=CARTESIAN_POINT('Origin',(2.89999671023,0.69103915492,0.757864747151));
#11502=CARTESIAN_POINT('',(3.023665617324,0.69103915492,0.757864747151));
#11503=CARTESIAN_POINT('',(3.023665617324,0.09103983556196,0.757864747151));
#11504=CARTESIAN_POINT('',(3.023665617324,0.69103915492,0.757864747151));
#11505=CARTESIAN_POINT('',(2.89999671023,0.69103915492,0.757864747151));
#11506=CARTESIAN_POINT('',(2.89999671023,0.09103983556196,0.757864747151));
#11507=CARTESIAN_POINT('Origin',(3.023665617324,1.441038304117,0.407865144192));
#11508=CARTESIAN_POINT('',(3.373183450337,0.69103915492,0.426222880364));
#11509=CARTESIAN_POINT('',(3.373183450337,0.09103983556196,0.426222880364));
#11510=CARTESIAN_POINT('',(3.373183450337,0.69103915492,0.426222880364));
#11511=CARTESIAN_POINT('Origin',(3.023665617324,0.69103915492,0.407865144192));
#11512=CARTESIAN_POINT('Origin',(3.023665617324,0.09103983556196,0.407865144192));
#11513=CARTESIAN_POINT('Origin',(3.373183450337,0.69103915492,0.426222880364));
#11514=CARTESIAN_POINT('',(3.473564219366,0.09103983556197,-1.484953342005));
#11515=CARTESIAN_POINT('',(3.373183450337,0.09103983556196,0.426222880364));
#11516=CARTESIAN_POINT('',(3.499789556754,0.241039665401,-1.984264532023));
#11517=CARTESIAN_POINT('',(3.390133350036,-0.386155787047,0.103509221263));
#11518=CARTESIAN_POINT('',(3.499789556754,0.54103932508,-1.984264532023));
#11519=CARTESIAN_POINT('',(3.499789556754,0.69103915492,-1.984264532023));
#11520=CARTESIAN_POINT('',(3.473564219366,0.69103915492,-1.484953342005));
#11521=CARTESIAN_POINT('',(3.381471770716,1.217776005733,0.268419339067));
#11522=CARTESIAN_POINT('',(3.373183450337,0.69103915492,0.426222880364));
#11523=CARTESIAN_POINT('Origin',(3.373183450337,0.69103915492,0.426222880364));
#11524=CARTESIAN_POINT('',(3.173977505355,0.69103915492,-1.500688544438));
#11525=CARTESIAN_POINT('',(3.473564219366,0.69103915492,-1.484953342005));
#11526=CARTESIAN_POINT('',(3.073596736326,0.69103915492,0.410487677931));
#11527=CARTESIAN_POINT('',(3.073596736326,0.69103915492,0.410487677931));
#11528=CARTESIAN_POINT('',(3.373183450337,0.69103915492,0.426222880364));
#11529=CARTESIAN_POINT('Origin',(3.073596736326,0.69103915492,0.410487677931));
#11530=CARTESIAN_POINT('',(3.200202842743,0.241039665401,-1.999999734456));
#11531=CARTESIAN_POINT('',(3.200202842743,0.54103932508,-1.999999734456));
#11532=CARTESIAN_POINT('',(3.200202842743,0.69103915492,-1.999999734456));
#11533=CARTESIAN_POINT('',(3.173977505355,0.09103983556197,-1.500688544438));
#11534=CARTESIAN_POINT('',(3.090546636025,-0.386155787047,0.08777401883034));
#11535=CARTESIAN_POINT('',(3.073596736326,0.09103983556196,0.410487677931));
#11536=CARTESIAN_POINT('',(3.073596736326,0.09103983556196,0.410487677931));
#11537=CARTESIAN_POINT('',(3.073596736326,0.69103915492,0.410487677931));
#11538=CARTESIAN_POINT('',(3.081885056705,1.217776005733,0.252684136635));
#11539=CARTESIAN_POINT('Origin',(3.373183450337,0.09103983556196,0.426222880364));
#11540=CARTESIAN_POINT('',(3.473564219366,0.09103983556197,-1.484953342005));
#11541=CARTESIAN_POINT('',(3.373183450337,0.09103983556196,0.426222880364));
#11542=CARTESIAN_POINT('Origin',(3.023665617324,0.69103915492,0.757864747151));
#11543=CARTESIAN_POINT('',(3.023665617324,0.69103915492,0.457865087472));
#11544=CARTESIAN_POINT('Origin',(3.023665617324,0.69103915492,0.407865144192));
#11545=CARTESIAN_POINT('',(3.023665617324,0.69103915492,0.757864747151));
#11546=CARTESIAN_POINT('Origin',(3.023665617324,1.441038304117,0.407865144192));
#11547=CARTESIAN_POINT('',(3.023665617324,0.09103983556196,0.457865087472));
#11548=CARTESIAN_POINT('',(3.023665617324,0.69103915492,0.457865087472));
#11549=CARTESIAN_POINT('Origin',(3.023665617324,0.09103983556196,0.407865144192));
#11550=CARTESIAN_POINT('Origin',(3.023665617324,0.09103983556196,0.757864747151));
#11551=CARTESIAN_POINT('',(3.023665617324,0.09103983556196,0.757864747151));
#11552=CARTESIAN_POINT('Origin',(2.89999671023,0.69103915492,0.757864747151));
#11553=CARTESIAN_POINT('',(2.89999671023,0.69103915492,0.457865087472));
#11554=CARTESIAN_POINT('Origin',(2.89999671023,0.69103915492,0.457865087472));
#11555=CARTESIAN_POINT('',(2.89999671023,0.09103983556196,0.457865087472));
#11556=CARTESIAN_POINT('Origin',(2.89999671023,0.09103983556196,0.757864747151));
#11557=CARTESIAN_POINT('Origin',(5.646827673833,1.441038304117,-1.871495581256));
#11558=CARTESIAN_POINT('',(5.646827673833,0.241039665401,-1.871495581256));
#11559=CARTESIAN_POINT('',(5.646827673833,0.54103932508,-1.871495581256));
#11560=CARTESIAN_POINT('Origin',(2.89999671023,-1.308958576273,0.757864747151));
#11561=CARTESIAN_POINT('',(3.023665617324,-1.308958576273,0.757864747151));
#11562=CARTESIAN_POINT('',(3.023665617324,-1.908957895631,0.757864747151));
#11563=CARTESIAN_POINT('',(3.023665617324,-1.308958576273,0.757864747151));
#11564=CARTESIAN_POINT('',(2.89999671023,-1.308958576273,0.757864747151));
#11565=CARTESIAN_POINT('',(2.89999671023,-1.908957895631,0.757864747151));
#11566=CARTESIAN_POINT('Origin',(3.023665617324,1.441038304117,0.407865144192));
#11567=CARTESIAN_POINT('',(3.373183450337,-1.308958576273,0.426222880364));
#11568=CARTESIAN_POINT('',(3.373183450337,-1.908957895631,0.426222880364));
#11569=CARTESIAN_POINT('',(3.373183450337,-1.308958576273,0.426222880364));
#11570=CARTESIAN_POINT('Origin',(3.023665617324,-1.308958576273,0.407865144192));
#11571=CARTESIAN_POINT('Origin',(3.023665617324,-1.908957895631,0.407865144192));
#11572=CARTESIAN_POINT('Origin',(3.373183450337,-1.308958576273,0.426222880364));
#11573=CARTESIAN_POINT('',(3.473564219366,-1.908957895631,-1.484953342005));
#11574=CARTESIAN_POINT('',(3.373183450337,-1.908957895631,0.426222880364));
#11575=CARTESIAN_POINT('',(3.499789556754,-1.758958065792,-1.984264532023));
#11576=CARTESIAN_POINT('',(3.390133350036,-2.386153518241,0.103509221263));
#11577=CARTESIAN_POINT('',(3.499789556754,-1.458958406113,-1.984264532023));
#11578=CARTESIAN_POINT('',(3.499789556754,-1.308958576273,-1.984264532023));
#11579=CARTESIAN_POINT('',(3.473564219366,-1.308958576273,-1.484953342005));
#11580=CARTESIAN_POINT('',(3.381471770716,-0.78222172546,0.268419339067));
#11581=CARTESIAN_POINT('',(3.373183450337,-1.308958576273,0.426222880364));
#11582=CARTESIAN_POINT('Origin',(3.373183450337,-1.308958576273,0.426222880364));
#11583=CARTESIAN_POINT('',(3.173977505355,-1.308958576273,-1.500688544438));
#11584=CARTESIAN_POINT('',(3.473564219366,-1.308958576273,-1.484953342005));
#11585=CARTESIAN_POINT('',(3.073596736326,-1.308958576273,0.410487677931));
#11586=CARTESIAN_POINT('',(3.073596736326,-1.308958576273,0.410487677931));
#11587=CARTESIAN_POINT('',(3.373183450337,-1.308958576273,0.426222880364));
#11588=CARTESIAN_POINT('Origin',(3.073596736326,-1.308958576273,0.410487677931));
#11589=CARTESIAN_POINT('',(3.200202842743,-1.758958065792,-1.999999734456));
#11590=CARTESIAN_POINT('',(3.200202842743,-1.458958406113,-1.999999734456));
#11591=CARTESIAN_POINT('',(3.200202842743,-1.308958576273,-1.999999734456));
#11592=CARTESIAN_POINT('',(3.173977505355,-1.908957895631,-1.500688544438));
#11593=CARTESIAN_POINT('',(3.090546636025,-2.386153518241,0.08777401883033));
#11594=CARTESIAN_POINT('',(3.073596736326,-1.908957895631,0.410487677931));
#11595=CARTESIAN_POINT('',(3.073596736326,-1.908957895631,0.410487677931));
#11596=CARTESIAN_POINT('',(3.073596736326,-1.308958576273,0.410487677931));
#11597=CARTESIAN_POINT('',(3.081885056705,-0.78222172546,0.252684136635));
#11598=CARTESIAN_POINT('Origin',(3.373183450337,-1.908957895631,0.426222880364));
#11599=CARTESIAN_POINT('',(3.473564219366,-1.908957895631,-1.484953342005));
#11600=CARTESIAN_POINT('',(3.373183450337,-1.908957895631,0.426222880364));
#11601=CARTESIAN_POINT('Origin',(3.023665617324,-1.308958576273,0.757864747151));
#11602=CARTESIAN_POINT('',(3.023665617324,-1.308958576273,0.457865087472));
#11603=CARTESIAN_POINT('Origin',(3.023665617324,-1.308958576273,0.407865144192));
#11604=CARTESIAN_POINT('',(3.023665617324,-1.308958576273,0.757864747151));
#11605=CARTESIAN_POINT('Origin',(3.023665617324,1.441038304117,0.407865144192));
#11606=CARTESIAN_POINT('',(3.023665617324,-1.908957895631,0.457865087472));
#11607=CARTESIAN_POINT('',(3.023665617324,-1.308958576273,0.457865087472));
#11608=CARTESIAN_POINT('Origin',(3.023665617324,-1.908957895631,0.407865144192));
#11609=CARTESIAN_POINT('Origin',(3.023665617324,-1.908957895631,0.757864747151));
#11610=CARTESIAN_POINT('',(3.023665617324,-1.908957895631,0.757864747151));
#11611=CARTESIAN_POINT('Origin',(2.89999671023,-1.308958576273,0.757864747151));
#11612=CARTESIAN_POINT('',(2.89999671023,-1.308958576273,0.457865087472));
#11613=CARTESIAN_POINT('Origin',(2.89999671023,-1.308958576273,0.457865087472));
#11614=CARTESIAN_POINT('',(2.89999671023,-1.908957895631,0.457865087472));
#11615=CARTESIAN_POINT('Origin',(2.89999671023,-1.908957895631,0.757864747151));
#11616=CARTESIAN_POINT('Origin',(5.646827673833,1.441038304117,-1.871495581256));
#11617=CARTESIAN_POINT('',(5.646827673833,-1.758958065792,-1.871495581256));
#11618=CARTESIAN_POINT('',(5.646827673833,-1.458958406113,-1.871495581256));
#11619=CARTESIAN_POINT('Origin',(5.646827673833,-1.758958065792,-1.871495581256));
#11620=CARTESIAN_POINT('Origin',(5.646827673833,-1.458958406113,-1.871495581256));
#11621=CARTESIAN_POINT('Origin',(5.646827673833,0.241039665401,-1.871495581256));
#11622=CARTESIAN_POINT('Origin',(5.646827673833,0.54103932508,-1.871495581256));
#11623=CARTESIAN_POINT('Origin',(1.299998525276,1.441038304117,0.757864747151));
#11624=CARTESIAN_POINT('',(0.699999205918,1.510688317549,0.757864747151));
#11625=CARTESIAN_POINT('',(1.299998525276,1.510688317549,0.757864747151));
#11626=CARTESIAN_POINT('',(1.299998525276,1.510688317549,0.757864747151));
#11627=CARTESIAN_POINT('',(0.699999205918,1.441038304117,0.757864747151));
#11628=CARTESIAN_POINT('',(1.299998525276,1.441038304117,0.757864747151));
#11629=CARTESIAN_POINT('Origin',(0.,1.510688317549,0.457865087472));
#11630=CARTESIAN_POINT('',(0.699999205918,1.810527094501,0.467688714248));
#11631=CARTESIAN_POINT('',(1.299998525276,1.810527094501,0.467688714248));
#11632=CARTESIAN_POINT('',(1.299998525276,1.810527094501,0.467688714248));
#11633=CARTESIAN_POINT('Origin',(0.699999205918,1.510688317549,0.457865087472));
#11634=CARTESIAN_POINT('Origin',(1.299998525276,1.510688317549,0.457865087472));
#11635=CARTESIAN_POINT('Origin',(1.299998525276,1.810527094501,0.467688714248));
#11636=CARTESIAN_POINT('',(0.849999035757,1.890957352273,-1.987220319852));
#11637=CARTESIAN_POINT('',(1.149998695436,1.890957352273,-1.987220319852));
#11638=CARTESIAN_POINT('',(1.299998525276,1.890957352273,-1.987220319852));
#11639=CARTESIAN_POINT('',(0.699999205918,1.874584640979,-1.48748902493));
#11640=CARTESIAN_POINT('',(0.211129383466,1.821223750693,0.14120315214));
#11641=CARTESIAN_POINT('',(0.699999205918,1.810527094501,0.467688714248));
#11642=CARTESIAN_POINT('',(1.299998525276,1.874584640979,-1.48748902493));
#11643=CARTESIAN_POINT('',(1.299998525276,1.810527094501,0.467688714248));
#11644=CARTESIAN_POINT('',(1.838409575931,1.815816249715,0.306252020188));
#11645=CARTESIAN_POINT('Origin',(0.699999205918,1.810527094501,0.467688714248));
#11646=CARTESIAN_POINT('',(0.699999205918,1.574745864027,-1.497312651707));
#11647=CARTESIAN_POINT('',(0.699999205918,1.874584640979,-1.48748902493));
#11648=CARTESIAN_POINT('',(0.699999205918,1.510688317549,0.457865087472));
#11649=CARTESIAN_POINT('',(0.699999205918,1.510688317549,0.457865087472));
#11650=CARTESIAN_POINT('',(0.699999205918,1.810527094501,0.467688714248));
#11651=CARTESIAN_POINT('Origin',(1.299998525276,1.510688317549,0.457865087472));
#11652=CARTESIAN_POINT('',(0.849999035757,1.59111857532,-1.997043946628));
#11653=CARTESIAN_POINT('',(0.211129383466,1.52138497374,0.131379525364));
#11654=CARTESIAN_POINT('',(1.149998695436,1.59111857532,-1.997043946628));
#11655=CARTESIAN_POINT('',(1.299998525276,1.59111857532,-1.997043946628));
#11656=CARTESIAN_POINT('',(1.299998525276,1.574745864027,-1.497312651707));
#11657=CARTESIAN_POINT('',(1.838409575931,1.515977472762,0.296428393411));
#11658=CARTESIAN_POINT('',(1.299998525276,1.510688317549,0.457865087472));
#11659=CARTESIAN_POINT('',(1.299998525276,1.510688317549,0.457865087472));
#11660=CARTESIAN_POINT('',(1.299998525276,1.510688317549,0.457865087472));
#11661=CARTESIAN_POINT('Origin',(1.299998525276,1.810527094501,0.467688714248));
#11662=CARTESIAN_POINT('',(1.299998525276,1.874584640979,-1.48748902493));
#11663=CARTESIAN_POINT('',(1.299998525276,1.810527094501,0.467688714248));
#11664=CARTESIAN_POINT('Origin',(0.699999205918,1.510688317549,0.757864747151));
#11665=CARTESIAN_POINT('',(0.699999205918,1.510688317549,0.757864747151));
#11666=CARTESIAN_POINT('Origin',(1.299998525276,1.510688317549,0.757864747151));
#11667=CARTESIAN_POINT('',(1.299998525276,1.510688317549,0.757864747151));
#11668=CARTESIAN_POINT('Origin',(0.699999205918,1.441038304117,0.757864747151));
#11669=CARTESIAN_POINT('',(0.699999205918,1.441038304117,0.457865087472));
#11670=CARTESIAN_POINT('Origin',(1.299998525276,1.441038304117,0.457865087472));
#11671=CARTESIAN_POINT('',(1.299998525276,1.441038304117,0.457865087472));
#11672=CARTESIAN_POINT('Origin',(1.299998525276,1.441038304117,0.757864747151));
#11673=CARTESIAN_POINT('Origin',(0.,4.039801920434,-1.91681766129));
#11674=CARTESIAN_POINT('',(0.849999035757,4.039801920434,-1.91681766129));
#11675=CARTESIAN_POINT('',(1.149998695436,4.039801920434,-1.91681766129));
#11676=CARTESIAN_POINT('Origin',(-0.699999205918,1.441038304117,0.757864747151));
#11677=CARTESIAN_POINT('',(-1.299998525276,1.510688317549,0.757864747151));
#11678=CARTESIAN_POINT('',(-0.699999205918,1.510688317549,0.757864747151));
#11679=CARTESIAN_POINT('',(-0.699999205918,1.510688317549,0.757864747151));
#11680=CARTESIAN_POINT('',(-1.299998525276,1.441038304117,0.757864747151));
#11681=CARTESIAN_POINT('',(-0.699999205918,1.441038304117,0.757864747151));
#11682=CARTESIAN_POINT('Origin',(0.,1.510688317549,0.457865087472));
#11683=CARTESIAN_POINT('',(-1.299998525276,1.810527094501,0.467688714248));
#11684=CARTESIAN_POINT('',(-0.699999205918,1.810527094501,0.467688714248));
#11685=CARTESIAN_POINT('',(-0.699999205918,1.810527094501,0.467688714248));
#11686=CARTESIAN_POINT('Origin',(-1.299998525276,1.510688317549,0.457865087472));
#11687=CARTESIAN_POINT('Origin',(-0.699999205918,1.510688317549,0.457865087472));
#11688=CARTESIAN_POINT('Origin',(-0.699999205918,1.810527094501,0.467688714248));
#11689=CARTESIAN_POINT('',(-1.149998695436,1.890957352273,-1.987220319852));
#11690=CARTESIAN_POINT('',(-0.849999035757,1.890957352273,-1.987220319852));
#11691=CARTESIAN_POINT('',(-0.699999205918,1.890957352273,-1.987220319852));
#11692=CARTESIAN_POINT('',(-1.299998525276,1.874584640979,-1.48748902493));
#11693=CARTESIAN_POINT('',(-1.788868347727,1.821223750693,0.14120315214));
#11694=CARTESIAN_POINT('',(-1.299998525276,1.810527094501,0.467688714248));
#11695=CARTESIAN_POINT('',(-0.699999205918,1.874584640979,-1.48748902493));
#11696=CARTESIAN_POINT('',(-0.699999205918,1.810527094501,0.467688714248));
#11697=CARTESIAN_POINT('',(-0.161588155262,1.815816249715,0.306252020188));
#11698=CARTESIAN_POINT('Origin',(-1.299998525276,1.810527094501,0.467688714248));
#11699=CARTESIAN_POINT('',(-1.299998525276,1.574745864027,-1.497312651707));
#11700=CARTESIAN_POINT('',(-1.299998525276,1.874584640979,-1.48748902493));
#11701=CARTESIAN_POINT('',(-1.299998525276,1.510688317549,0.457865087472));
#11702=CARTESIAN_POINT('',(-1.299998525276,1.510688317549,0.457865087472));
#11703=CARTESIAN_POINT('',(-1.299998525276,1.810527094501,0.467688714248));
#11704=CARTESIAN_POINT('Origin',(-0.699999205918,1.510688317549,0.457865087472));
#11705=CARTESIAN_POINT('',(-1.149998695436,1.59111857532,-1.997043946628));
#11706=CARTESIAN_POINT('',(-1.788868347727,1.52138497374,0.131379525364));
#11707=CARTESIAN_POINT('',(-0.849999035757,1.59111857532,-1.997043946628));
#11708=CARTESIAN_POINT('',(-0.699999205918,1.59111857532,-1.997043946628));
#11709=CARTESIAN_POINT('',(-0.699999205918,1.574745864027,-1.497312651707));
#11710=CARTESIAN_POINT('',(-0.161588155262,1.515977472762,0.296428393411));
#11711=CARTESIAN_POINT('',(-0.699999205918,1.510688317549,0.457865087472));
#11712=CARTESIAN_POINT('',(-0.699999205918,1.510688317549,0.457865087472));
#11713=CARTESIAN_POINT('',(-0.699999205918,1.510688317549,0.457865087472));
#11714=CARTESIAN_POINT('Origin',(-0.699999205918,1.810527094501,0.467688714248));
#11715=CARTESIAN_POINT('',(-0.699999205918,1.874584640979,-1.48748902493));
#11716=CARTESIAN_POINT('',(-0.699999205918,1.810527094501,0.467688714248));
#11717=CARTESIAN_POINT('Origin',(-1.299998525276,1.510688317549,0.757864747151));
#11718=CARTESIAN_POINT('',(-1.299998525276,1.510688317549,0.757864747151));
#11719=CARTESIAN_POINT('Origin',(-0.699999205918,1.510688317549,0.757864747151));
#11720=CARTESIAN_POINT('',(-0.699999205918,1.510688317549,0.757864747151));
#11721=CARTESIAN_POINT('Origin',(-1.299998525276,1.441038304117,0.757864747151));
#11722=CARTESIAN_POINT('',(-1.299998525276,1.441038304117,0.457865087472));
#11723=CARTESIAN_POINT('Origin',(-0.699999205918,1.441038304117,0.457865087472));
#11724=CARTESIAN_POINT('',(-0.699999205918,1.441038304117,0.457865087472));
#11725=CARTESIAN_POINT('Origin',(-0.699999205918,1.441038304117,0.757864747151));
#11726=CARTESIAN_POINT('Origin',(0.,4.039801920434,-1.91681766129));
#11727=CARTESIAN_POINT('',(-1.149998695436,4.039801920434,-1.91681766129));
#11728=CARTESIAN_POINT('',(-0.849999035757,4.039801920434,-1.91681766129));
#11729=CARTESIAN_POINT('Origin',(-1.149998695436,4.039801920434,-1.91681766129));
#11730=CARTESIAN_POINT('Origin',(-0.849999035757,4.039801920434,-1.91681766129));
#11731=CARTESIAN_POINT('Origin',(0.849999035757,4.039801920434,-1.91681766129));
#11732=CARTESIAN_POINT('Origin',(1.149998695436,4.039801920434,-1.91681766129));
#11733=CARTESIAN_POINT('Origin',(0.349979899276,-0.793862808874,0.007865597953628));
#11734=CARTESIAN_POINT('',(0.349979899276,-0.793862808874,0.01786558660959));
#11735=CARTESIAN_POINT('',(0.349979899276,-0.793862808874,0.007865597953628));
#11736=CARTESIAN_POINT('',(0.369072865422,-0.849960306213,0.01786558660959));
#11737=CARTESIAN_POINT('',(0.369072865422,-0.849960306213,0.007865597953628));
#11738=CARTESIAN_POINT('',(0.349979899276,-0.793862808874,0.01786558660959));
#11739=CARTESIAN_POINT('Origin',(0.369072865422,-0.849960306213,0.007865597953628));
#11740=CARTESIAN_POINT('',(0.451694722915,-0.849960306213,0.01786558660959));
#11741=CARTESIAN_POINT('',(0.451694722915,-0.849960306213,0.007865597953628));
#11742=CARTESIAN_POINT('',(-2.89999671023,-0.849960306213,0.01786558660959));
#11743=CARTESIAN_POINT('Origin',(0.451694722915,-0.849960306213,0.007865597953628));
#11744=CARTESIAN_POINT('',(0.471930980446,-0.793862808874,0.01786558660959));
#11745=CARTESIAN_POINT('',(0.471930980446,-0.793862808874,0.007865597953628));
#11746=CARTESIAN_POINT('',(0.451694722915,-0.849960306213,0.01786558660959));
#11747=CARTESIAN_POINT('Origin',(0.471930980446,-0.793862808874,0.007865597953628));
#11748=CARTESIAN_POINT('',(0.501199239927,-0.793862808874,0.01786558660959));
#11749=CARTESIAN_POINT('',(0.501199239927,-0.793862808874,0.007865597953628));
#11750=CARTESIAN_POINT('',(-2.89999671023,-0.793862808874,0.01786558660959));
#11751=CARTESIAN_POINT('Origin',(0.501199239927,-0.793862808874,0.007865597953628));
#11752=CARTESIAN_POINT('',(0.423150547978,-0.993862581994,0.01786558660959));
#11753=CARTESIAN_POINT('',(0.423150547978,-0.993862581994,0.007865597953627));
#11754=CARTESIAN_POINT('',(0.501199239927,-0.793862808874,0.01786558660959));
#11755=CARTESIAN_POINT('Origin',(0.423150547978,-0.993862581994,0.007865597953627));
#11756=CARTESIAN_POINT('',(0.396321310121,-0.993862581994,0.01786558660959));
#11757=CARTESIAN_POINT('',(0.396321310121,-0.993862581994,0.007865597953627));
#11758=CARTESIAN_POINT('',(-2.89999671023,-0.993862581994,0.01786558660959));
#11759=CARTESIAN_POINT('Origin',(0.396321310121,-0.993862581994,0.007865597953627));
#11760=CARTESIAN_POINT('',(0.320711639795,-0.793862808874,0.01786558660959));
#11761=CARTESIAN_POINT('',(0.320711639795,-0.793862808874,0.007865597953628));
#11762=CARTESIAN_POINT('',(0.396321310121,-0.993862581994,0.01786558660959));
#11763=CARTESIAN_POINT('Origin',(0.320711639795,-0.793862808874,0.007865597953628));
#11764=CARTESIAN_POINT('',(-2.89999671023,-0.793862808874,0.01786558660959));
#11765=CARTESIAN_POINT('Origin',(-2.89999671023,-2.548957169613,0.01786558660959));
#11766=CARTESIAN_POINT('',(0.375818284599,-0.871911500823,0.01786558660959));
#11767=CARTESIAN_POINT('',(0.405658189773,-0.955447991425,0.01786558660959));
#11768=CARTESIAN_POINT('',(0.375818284599,-0.871911500823,0.01786558660959));
#11769=CARTESIAN_POINT('',(0.408859405654,-0.96947236576,0.01786558660959));
#11770=CARTESIAN_POINT('Ctrl Pts',(0.405658189773,-0.955447991425,0.01786558660959));
#11771=CARTESIAN_POINT('Ctrl Pts',(0.406281432933,-0.957468522597,0.01786558660959));
#11772=CARTESIAN_POINT('Ctrl Pts',(0.407698124877,-0.962061385252,0.01786558660959));
#11773=CARTESIAN_POINT('Ctrl Pts',(0.408442501513,-0.966811796051,0.01786558660959));
#11774=CARTESIAN_POINT('Ctrl Pts',(0.408859405654,-0.96947236576,0.01786558660959));
#11775=CARTESIAN_POINT('',(0.412594157515,-0.955447991425,0.01786558660959));
#11776=CARTESIAN_POINT('Ctrl Pts',(0.408859405654,-0.96947236576,0.01786558660959));
#11777=CARTESIAN_POINT('Ctrl Pts',(0.409471855625,-0.967403371113,0.01786558660959));
#11778=CARTESIAN_POINT('Ctrl Pts',(0.410845435466,-0.962763107463,0.01786558660959));
#11779=CARTESIAN_POINT('Ctrl Pts',(0.411970651387,-0.958056193041,0.01786558660959));
#11780=CARTESIAN_POINT('Ctrl Pts',(0.412594157515,-0.955447991425,0.01786558660959));
#11781=CARTESIAN_POINT('',(0.442700830678,-0.871911500823,0.01786558660959));
#11782=CARTESIAN_POINT('',(0.412594157515,-0.955447991425,0.01786558660959));
#11783=CARTESIAN_POINT('',(-2.89999671023,-0.871911500823,0.01786558660959));
#11784=CARTESIAN_POINT('Origin',(0.375818284599,-0.871911500823,0.007865597953627));
#11785=CARTESIAN_POINT('',(0.405658189773,-0.955447991425,0.007865597953628));
#11786=CARTESIAN_POINT('',(0.405658189773,-0.955447991425,0.007865597953627));
#11787=CARTESIAN_POINT('',(0.375818284599,-0.871911500823,0.007865597953627));
#11788=CARTESIAN_POINT('',(0.375818284599,-0.871911500823,0.007865597953627));
#11789=CARTESIAN_POINT('',(0.375818284599,-0.871911500823,0.007865597953627));
#11790=CARTESIAN_POINT('Origin',(0.442700830678,-0.871911500823,0.007865597953627));
#11791=CARTESIAN_POINT('',(0.442700830678,-0.871911500823,0.007865597953627));
#11792=CARTESIAN_POINT('',(0.442700830678,-0.871911500823,0.007865597953627));
#11793=CARTESIAN_POINT('',(0.442700830678,-0.871911500823,0.007865597953627));
#11794=CARTESIAN_POINT('Origin',(0.412594157515,-0.955447991425,0.007865597953627));
#11795=CARTESIAN_POINT('',(0.412594157515,-0.955447991425,0.007865597953627));
#11796=CARTESIAN_POINT('',(0.412594157515,-0.955447991425,0.007865597953627));
#11797=CARTESIAN_POINT('',(0.412594157515,-0.955447991425,0.007865597953627));
#11798=CARTESIAN_POINT('Ctrl Pts',(0.408859405654,-0.96947236576,0.007865597953627));
#11799=CARTESIAN_POINT('Ctrl Pts',(0.408859405654,-0.96947236576,0.0198655843407826));
#11800=CARTESIAN_POINT('Ctrl Pts',(0.409471855625,-0.967403371113,0.007865597953627));
#11801=CARTESIAN_POINT('Ctrl Pts',(0.409471855625,-0.967403371113,0.0198655843407826));
#11802=CARTESIAN_POINT('Ctrl Pts',(0.410845435466,-0.962763107463,0.007865597953627));
#11803=CARTESIAN_POINT('Ctrl Pts',(0.410845435466,-0.962763107463,0.0198655843407826));
#11804=CARTESIAN_POINT('Ctrl Pts',(0.411970651387,-0.958056193041,0.007865597953627));
#11805=CARTESIAN_POINT('Ctrl Pts',(0.411970651387,-0.958056193041,0.0198655843407826));
#11806=CARTESIAN_POINT('Ctrl Pts',(0.412594157515,-0.955447991425,0.007865597953627));
#11807=CARTESIAN_POINT('Ctrl Pts',(0.412594157515,-0.955447991425,0.0198655843407826));
#11808=CARTESIAN_POINT('',(0.408859405654,-0.96947236576,0.007865597953628));
#11809=CARTESIAN_POINT('',(0.408859405654,-0.96947236576,0.007865597953627));
#11810=CARTESIAN_POINT('Ctrl Pts',(0.408859405654,-0.96947236576,0.007865597953627));
#11811=CARTESIAN_POINT('Ctrl Pts',(0.409471855625,-0.967403371113,0.007865597953627));
#11812=CARTESIAN_POINT('Ctrl Pts',(0.410845435466,-0.962763107463,0.007865597953627));
#11813=CARTESIAN_POINT('Ctrl Pts',(0.411970651387,-0.958056193041,0.007865597953627));
#11814=CARTESIAN_POINT('Ctrl Pts',(0.412594157515,-0.955447991425,0.007865597953627));
#11815=CARTESIAN_POINT('Ctrl Pts',(0.405658189773,-0.955447991425,0.007865597953627));
#11816=CARTESIAN_POINT('Ctrl Pts',(0.405658189773,-0.955447991425,0.0198655843407826));
#11817=CARTESIAN_POINT('Ctrl Pts',(0.406281432933,-0.957468522597,0.007865597953627));
#11818=CARTESIAN_POINT('Ctrl Pts',(0.406281432933,-0.957468522597,0.0198655843407826));
#11819=CARTESIAN_POINT('Ctrl Pts',(0.407698124877,-0.962061385252,0.007865597953627));
#11820=CARTESIAN_POINT('Ctrl Pts',(0.407698124877,-0.962061385252,0.0198655843407826));
#11821=CARTESIAN_POINT('Ctrl Pts',(0.408442501513,-0.966811796051,0.007865597953627));
#11822=CARTESIAN_POINT('Ctrl Pts',(0.408442501513,-0.966811796051,0.0198655843407826));
#11823=CARTESIAN_POINT('Ctrl Pts',(0.408859405654,-0.96947236576,0.007865597953627));
#11824=CARTESIAN_POINT('Ctrl Pts',(0.408859405654,-0.96947236576,0.0198655843407826));
#11825=CARTESIAN_POINT('Ctrl Pts',(0.405658189773,-0.955447991425,0.007865597953628));
#11826=CARTESIAN_POINT('Ctrl Pts',(0.406281432933,-0.957468522597,0.007865597953627));
#11827=CARTESIAN_POINT('Ctrl Pts',(0.407698124877,-0.962061385252,0.007865597953627));
#11828=CARTESIAN_POINT('Ctrl Pts',(0.408442501513,-0.966811796051,0.007865597953627));
#11829=CARTESIAN_POINT('Ctrl Pts',(0.408859405654,-0.96947236576,0.007865597953628));
#11830=CARTESIAN_POINT('Origin',(0.14510208291,-0.993862581994,0.007865597953627));
#11831=CARTESIAN_POINT('',(0.14510208291,-0.993862581994,0.01786558660959));
#11832=CARTESIAN_POINT('',(0.14510208291,-0.993862581994,0.007865597953627));
#11833=CARTESIAN_POINT('',(0.14510208291,-0.793862808874,0.01786558660959));
#11834=CARTESIAN_POINT('',(0.14510208291,-0.793862808874,0.007865597953628));
#11835=CARTESIAN_POINT('',(0.14510208291,-2.548957169613,0.01786558660959));
#11836=CARTESIAN_POINT('Origin',(0.14510208291,-0.793862808874,0.007865597953628));
#11837=CARTESIAN_POINT('',(0.199484643169,-0.793862808874,0.01786558660959));
#11838=CARTESIAN_POINT('',(0.199484643169,-0.793862808874,0.007865597953628));
#11839=CARTESIAN_POINT('',(-2.89999671023,-0.793862808874,0.01786558660959));
#11840=CARTESIAN_POINT('Ctrl Pts',(0.306077510055,-0.896377936483,0.007865597953627));
#11841=CARTESIAN_POINT('Ctrl Pts',(0.306077510055,-0.896377936483,0.0198655843407826));
#11842=CARTESIAN_POINT('Ctrl Pts',(0.297878959396,-0.864196540259,0.007865597953627));
#11843=CARTESIAN_POINT('Ctrl Pts',(0.297878959396,-0.864196540259,0.0198655843407826));
#11844=CARTESIAN_POINT('Ctrl Pts',(0.283107612369,-0.806215246833,0.007865597953628));
#11845=CARTESIAN_POINT('Ctrl Pts',(0.283107612369,-0.806215246833,0.0198655843407836));
#11846=CARTESIAN_POINT('Ctrl Pts',(0.225235817066,-0.79766666541,0.007865597953628));
#11847=CARTESIAN_POINT('Ctrl Pts',(0.225235817066,-0.79766666541,0.0198655843407836));
#11848=CARTESIAN_POINT('Ctrl Pts',(0.199484643169,-0.793862808874,0.007865597953628));
#11849=CARTESIAN_POINT('Ctrl Pts',(0.199484643169,-0.793862808874,0.0198655843407836));
#11850=CARTESIAN_POINT('',(0.306077510055,-0.896377936483,0.01786558660959));
#11851=CARTESIAN_POINT('Ctrl Pts',(0.199484643169,-0.793862808874,0.01786558660959));
#11852=CARTESIAN_POINT('Ctrl Pts',(0.225235817066,-0.79766666541,0.01786558660959));
#11853=CARTESIAN_POINT('Ctrl Pts',(0.283107612369,-0.806215246833,0.01786558660959));
#11854=CARTESIAN_POINT('Ctrl Pts',(0.297878959396,-0.864196540259,0.01786558660959));
#11855=CARTESIAN_POINT('Ctrl Pts',(0.306077510055,-0.896377936483,0.01786558660959));
#11856=CARTESIAN_POINT('',(0.306077510055,-0.896377936483,0.007865597953627));
#11857=CARTESIAN_POINT('Ctrl Pts',(0.201542567664,-0.993862581994,0.007865597953627));
#11858=CARTESIAN_POINT('Ctrl Pts',(0.201542567664,-0.993862581994,0.0198655843407826));
#11859=CARTESIAN_POINT('Ctrl Pts',(0.233327740908,-0.987588723105,0.007865597953627));
#11860=CARTESIAN_POINT('Ctrl Pts',(0.233327740908,-0.987588723105,0.0198655843407826));
#11861=CARTESIAN_POINT('Ctrl Pts',(0.290204360629,-0.97636223447,0.007865597953627));
#11862=CARTESIAN_POINT('Ctrl Pts',(0.290204360629,-0.97636223447,0.0198655843407826));
#11863=CARTESIAN_POINT('Ctrl Pts',(0.301218541218,-0.920862126791,0.007865597953627));
#11864=CARTESIAN_POINT('Ctrl Pts',(0.301218541218,-0.920862126791,0.0198655843407826));
#11865=CARTESIAN_POINT('Ctrl Pts',(0.306077510055,-0.896377936483,0.007865597953627));
#11866=CARTESIAN_POINT('Ctrl Pts',(0.306077510055,-0.896377936483,0.0198655843407826));
#11867=CARTESIAN_POINT('',(0.201542567664,-0.993862581994,0.01786558660959));
#11868=CARTESIAN_POINT('Ctrl Pts',(0.306077510055,-0.896377936483,0.01786558660959));
#11869=CARTESIAN_POINT('Ctrl Pts',(0.301218541218,-0.920862126791,0.01786558660959));
#11870=CARTESIAN_POINT('Ctrl Pts',(0.290204360629,-0.97636223447,0.01786558660959));
#11871=CARTESIAN_POINT('Ctrl Pts',(0.233327740908,-0.987588723105,0.01786558660959));
#11872=CARTESIAN_POINT('Ctrl Pts',(0.201542567664,-0.993862581994,0.01786558660959));
#11873=CARTESIAN_POINT('',(0.201542567664,-0.993862581994,0.007865597953627));
#11874=CARTESIAN_POINT('Origin',(0.201542567664,-0.993862581994,0.007865597953627));
#11875=CARTESIAN_POINT('',(-2.89999671023,-0.993862581994,0.01786558660959));
#11876=CARTESIAN_POINT('Origin',(-2.89999671023,-2.548957169613,0.01786558660959));
#11877=CARTESIAN_POINT('',(0.201428238526,-0.971911387383,0.01786558660959));
#11878=CARTESIAN_POINT('',(0.279248272197,-0.89580629079,0.01786558660959));
#11879=CARTESIAN_POINT('Ctrl Pts',(0.201428238526,-0.971911387383,0.01786558660959));
#11880=CARTESIAN_POINT('Ctrl Pts',(0.220776974895,-0.9694298614,0.01786558660959));
#11881=CARTESIAN_POINT('Ctrl Pts',(0.264198027038,-0.963860998037,0.01786558660959));
#11882=CARTESIAN_POINT('Ctrl Pts',(0.273880422509,-0.92007881494,0.01786558660959));
#11883=CARTESIAN_POINT('Ctrl Pts',(0.279248272197,-0.89580629079,0.01786558660959));
#11884=CARTESIAN_POINT('',(0.200323056852,-0.815814003485,0.01786558660959));
#11885=CARTESIAN_POINT('Ctrl Pts',(0.279248272197,-0.89580629079,0.01786558660959));
#11886=CARTESIAN_POINT('Ctrl Pts',(0.276654469687,-0.875863310569,0.01786558660959));
#11887=CARTESIAN_POINT('Ctrl Pts',(0.270820015642,-0.831003919321,0.01786558660959));
#11888=CARTESIAN_POINT('Ctrl Pts',(0.225496987414,-0.821238207494,0.01786558660959));
#11889=CARTESIAN_POINT('Ctrl Pts',(0.200323056852,-0.815814003485,0.01786558660959));
#11890=CARTESIAN_POINT('',(0.171931320767,-0.815814003485,0.01786558660959));
#11891=CARTESIAN_POINT('',(-2.89999671023,-0.815814003485,0.01786558660959));
#11892=CARTESIAN_POINT('',(0.171931320767,-0.971911387383,0.01786558660959));
#11893=CARTESIAN_POINT('',(0.171931320767,-2.548957169613,0.01786558660959));
#11894=CARTESIAN_POINT('',(-2.89999671023,-0.971911387383,0.01786558660959));
#11895=CARTESIAN_POINT('Ctrl Pts',(0.201428238526,-0.971911387383,0.007865597953627));
#11896=CARTESIAN_POINT('Ctrl Pts',(0.201428238526,-0.971911387383,0.0198655843407826));
#11897=CARTESIAN_POINT('Ctrl Pts',(0.220776974895,-0.9694298614,0.007865597953627));
#11898=CARTESIAN_POINT('Ctrl Pts',(0.220776974895,-0.9694298614,0.0198655843407826));
#11899=CARTESIAN_POINT('Ctrl Pts',(0.264198027038,-0.963860998037,0.007865597953627));
#11900=CARTESIAN_POINT('Ctrl Pts',(0.264198027038,-0.963860998037,0.0198655843407826));
#11901=CARTESIAN_POINT('Ctrl Pts',(0.273880422509,-0.92007881494,0.007865597953627));
#11902=CARTESIAN_POINT('Ctrl Pts',(0.273880422509,-0.92007881494,0.0198655843407826));
#11903=CARTESIAN_POINT('Ctrl Pts',(0.279248272197,-0.89580629079,0.007865597953627));
#11904=CARTESIAN_POINT('Ctrl Pts',(0.279248272197,-0.89580629079,0.0198655843407826));
#11905=CARTESIAN_POINT('',(0.279248272197,-0.89580629079,0.007865597953627));
#11906=CARTESIAN_POINT('',(0.279248272197,-0.89580629079,0.007865597953627));
#11907=CARTESIAN_POINT('',(0.201428238526,-0.971911387383,0.007865597953627));
#11908=CARTESIAN_POINT('',(0.201428238526,-0.971911387383,0.007865597953627));
#11909=CARTESIAN_POINT('Ctrl Pts',(0.201428238526,-0.971911387383,0.007865597953627));
#11910=CARTESIAN_POINT('Ctrl Pts',(0.220776974895,-0.9694298614,0.007865597953627));
#11911=CARTESIAN_POINT('Ctrl Pts',(0.264198027038,-0.963860998037,0.007865597953627));
#11912=CARTESIAN_POINT('Ctrl Pts',(0.273880422509,-0.92007881494,0.007865597953627));
#11913=CARTESIAN_POINT('Ctrl Pts',(0.279248272197,-0.89580629079,0.007865597953627));
#11914=CARTESIAN_POINT('Origin',(0.171931320767,-0.971911387383,0.007865597953627));
#11915=CARTESIAN_POINT('',(0.171931320767,-0.971911387383,0.007865597953627));
#11916=CARTESIAN_POINT('',(0.171931320767,-0.971911387383,0.007865597953627));
#11917=CARTESIAN_POINT('',(0.171931320767,-0.971911387383,0.007865597953627));
#11918=CARTESIAN_POINT('Origin',(0.171931320767,-0.815814003485,0.007865597953628));
#11919=CARTESIAN_POINT('',(0.171931320767,-0.815814003485,0.007865597953628));
#11920=CARTESIAN_POINT('',(0.171931320767,-0.815814003485,0.007865597953628));
#11921=CARTESIAN_POINT('',(0.171931320767,-0.815814003485,0.007865597953628));
#11922=CARTESIAN_POINT('Origin',(0.200323056852,-0.815814003485,0.007865597953628));
#11923=CARTESIAN_POINT('',(0.200323056852,-0.815814003485,0.007865597953628));
#11924=CARTESIAN_POINT('',(0.200323056852,-0.815814003485,0.007865597953628));
#11925=CARTESIAN_POINT('',(0.200323056852,-0.815814003485,0.007865597953628));
#11926=CARTESIAN_POINT('Ctrl Pts',(0.279248272197,-0.89580629079,0.007865597953627));
#11927=CARTESIAN_POINT('Ctrl Pts',(0.279248272197,-0.89580629079,0.0198655843407826));
#11928=CARTESIAN_POINT('Ctrl Pts',(0.276654469687,-0.875863310569,0.007865597953627));
#11929=CARTESIAN_POINT('Ctrl Pts',(0.276654469687,-0.875863310569,0.0198655843407826));
#11930=CARTESIAN_POINT('Ctrl Pts',(0.270820015642,-0.831003919321,0.007865597953628));
#11931=CARTESIAN_POINT('Ctrl Pts',(0.270820015642,-0.831003919321,0.0198655843407836));
#11932=CARTESIAN_POINT('Ctrl Pts',(0.225496987414,-0.821238207494,0.007865597953628));
#11933=CARTESIAN_POINT('Ctrl Pts',(0.225496987414,-0.821238207494,0.0198655843407836));
#11934=CARTESIAN_POINT('Ctrl Pts',(0.200323056852,-0.815814003485,0.007865597953628));
#11935=CARTESIAN_POINT('Ctrl Pts',(0.200323056852,-0.815814003485,0.0198655843407836));
#11936=CARTESIAN_POINT('Ctrl Pts',(0.279248272197,-0.89580629079,0.007865597953627));
#11937=CARTESIAN_POINT('Ctrl Pts',(0.276654469687,-0.875863310569,0.007865597953627));
#11938=CARTESIAN_POINT('Ctrl Pts',(0.270820015642,-0.831003919321,0.007865597953628));
#11939=CARTESIAN_POINT('Ctrl Pts',(0.225496987414,-0.821238207494,0.007865597953628));
#11940=CARTESIAN_POINT('Ctrl Pts',(0.200323056852,-0.815814003485,0.007865597953628));
#11941=CARTESIAN_POINT('Origin',(0.09632165044188,-0.88410660894,0.007865597953627));
#11942=CARTESIAN_POINT('',(0.09632165044188,-0.88410660894,0.01786558660959));
#11943=CARTESIAN_POINT('',(0.09632165044188,-0.88410660894,0.007865597953627));
#11944=CARTESIAN_POINT('',(0.09632165044188,-0.906057803551,0.01786558660959));
#11945=CARTESIAN_POINT('',(0.09632165044188,-0.906057803551,0.007865597953627));
#11946=CARTESIAN_POINT('',(0.09632165044188,-2.548957169613,0.01786558660959));
#11947=CARTESIAN_POINT('Origin',(0.09632165044188,-0.906057803551,0.007865597953627));
#11948=CARTESIAN_POINT('',(0.02559002336309,-0.906057803551,0.01786558660959));
#11949=CARTESIAN_POINT('',(0.02559002336309,-0.906057803551,0.007865597953627));
#11950=CARTESIAN_POINT('',(-2.89999671023,-0.906057803551,0.01786558660959));
#11951=CARTESIAN_POINT('Origin',(0.02559002336309,-0.906057803551,0.007865597953627));
#11952=CARTESIAN_POINT('',(0.02559002336309,-0.971911387383,0.01786558660959));
#11953=CARTESIAN_POINT('',(0.02559002336309,-0.971911387383,0.007865597953627));
#11954=CARTESIAN_POINT('',(0.02559002336309,-2.548957169613,0.01786558660959));
#11955=CARTESIAN_POINT('Origin',(0.02559002336309,-0.971911387383,0.007865597953627));
#11956=CARTESIAN_POINT('',(0.101199693689,-0.971911387383,0.01786558660959));
#11957=CARTESIAN_POINT('',(0.101199693689,-0.971911387383,0.007865597953627));
#11958=CARTESIAN_POINT('',(-2.89999671023,-0.971911387383,0.01786558660959));
#11959=CARTESIAN_POINT('Origin',(0.101199693689,-0.971911387383,0.007865597953627));
#11960=CARTESIAN_POINT('',(0.101199693689,-0.993862581994,0.01786558660959));
#11961=CARTESIAN_POINT('',(0.101199693689,-0.993862581994,0.007865597953627));
#11962=CARTESIAN_POINT('',(0.101199693689,-2.548957169613,0.01786558660959));
#11963=CARTESIAN_POINT('Origin',(0.101199693689,-0.993862581994,0.007865597953627));
#11964=CARTESIAN_POINT('',(-0.00123921449438,-0.993862581994,0.01786558660959));
#11965=CARTESIAN_POINT('',(-0.00123921449438,-0.993862581994,0.007865597953627));
#11966=CARTESIAN_POINT('',(-2.89999671023,-0.993862581994,0.01786558660959));
#11967=CARTESIAN_POINT('Origin',(-0.00123921449438,-0.993862581994,0.007865597953627));
#11968=CARTESIAN_POINT('',(-0.00123921449438,-0.793862808874,0.01786558660959));
#11969=CARTESIAN_POINT('',(-0.001239214494381,-0.793862808874,0.007865597953628));
#11970=CARTESIAN_POINT('',(-0.00123921449438,-2.548957169613,0.01786558660959));
#11971=CARTESIAN_POINT('Origin',(-0.001239214494381,-0.793862808874,0.007865597953628));
#11972=CARTESIAN_POINT('',(0.106077736936,-0.793862808874,0.01786558660959));
#11973=CARTESIAN_POINT('',(0.106077736936,-0.793862808874,0.007865597953628));
#11974=CARTESIAN_POINT('',(-2.89999671023,-0.793862808874,0.01786558660959));
#11975=CARTESIAN_POINT('Origin',(0.106077736936,-0.793862808874,0.007865597953628));
#11976=CARTESIAN_POINT('',(0.106077736936,-0.815814003485,0.01786558660959));
#11977=CARTESIAN_POINT('',(0.106077736936,-0.815814003485,0.007865597953628));
#11978=CARTESIAN_POINT('',(0.106077736936,-2.548957169613,0.01786558660959));
#11979=CARTESIAN_POINT('Origin',(0.106077736936,-0.815814003485,0.007865597953628));
#11980=CARTESIAN_POINT('',(0.02559002336309,-0.815814003485,0.01786558660959));
#11981=CARTESIAN_POINT('',(0.02559002336309,-0.815814003485,0.007865597953628));
#11982=CARTESIAN_POINT('',(-2.89999671023,-0.815814003485,0.01786558660959));
#11983=CARTESIAN_POINT('Origin',(0.02559002336309,-0.815814003485,0.007865597953628));
#11984=CARTESIAN_POINT('',(0.02559002336309,-0.88410660894,0.01786558660959));
#11985=CARTESIAN_POINT('',(0.02559002336309,-0.88410660894,0.007865597953627));
#11986=CARTESIAN_POINT('',(0.02559002336309,-2.548957169613,0.01786558660959));
#11987=CARTESIAN_POINT('Origin',(0.02559002336309,-0.88410660894,0.007865597953627));
#11988=CARTESIAN_POINT('',(-2.89999671023,-0.88410660894,0.01786558660959));
#11989=CARTESIAN_POINT('Origin',(-2.89999671023,-2.548957169613,0.01786558660959));
#11990=CARTESIAN_POINT('Ctrl Pts',(-0.04026356046888,-0.961545545484,0.007865597953627));
#11991=CARTESIAN_POINT('Ctrl Pts',(-0.04026356046888,-0.961545545484,0.0198655843407826));
#11992=CARTESIAN_POINT('Ctrl Pts',(-0.04855178275362,-0.965685127768,0.007865597953627));
#11993=CARTESIAN_POINT('Ctrl Pts',(-0.04855178275362,-0.965685127768,0.0198655843407826));
#11994=CARTESIAN_POINT('Ctrl Pts',(-0.06336372920073,-0.973083007434,0.007865597953627));
#11995=CARTESIAN_POINT('Ctrl Pts',(-0.06336372920073,-0.973083007434,0.0198655843407826));
#11996=CARTESIAN_POINT('Ctrl Pts',(-0.07984252976503,-0.973962880608,0.007865597953627));
#11997=CARTESIAN_POINT('Ctrl Pts',(-0.07984252976503,-0.973962880608,0.0198655843407826));
#11998=CARTESIAN_POINT('Ctrl Pts',(-0.08710039758086,-0.974350409006,0.007865597953627));
#11999=CARTESIAN_POINT('Ctrl Pts',(-0.08710039758086,-0.974350409006,0.0198655843407826));
#12000=CARTESIAN_POINT('',(-0.08710039758086,-0.974350409006,0.01786558660959));
#12001=CARTESIAN_POINT('',(-0.04026356046888,-0.961545545484,0.01786558660959));
#12002=CARTESIAN_POINT('Ctrl Pts',(-0.08710039758086,-0.974350409006,0.01786558660959));
#12003=CARTESIAN_POINT('Ctrl Pts',(-0.07984252976503,-0.973962880608,0.01786558660959));
#12004=CARTESIAN_POINT('Ctrl Pts',(-0.06336372920073,-0.973083007434,0.01786558660959));
#12005=CARTESIAN_POINT('Ctrl Pts',(-0.04855178275362,-0.965685127768,0.01786558660959));
#12006=CARTESIAN_POINT('Ctrl Pts',(-0.04026356046888,-0.961545545484,0.01786558660959));
#12007=CARTESIAN_POINT('',(-0.08710039758086,-0.974350409006,0.007865597953627));
#12008=CARTESIAN_POINT('',(-0.04026356046888,-0.961545545484,0.007865597953627));
#12009=CARTESIAN_POINT('Origin',(-0.04026356046888,-0.961545545484,0.007865597953627));
#12010=CARTESIAN_POINT('',(-0.04026356046888,-0.988374783341,0.01786558660959));
#12011=CARTESIAN_POINT('',(-0.04026356046888,-0.988374783341,0.007865597953627));
#12012=CARTESIAN_POINT('',(-0.04026356046888,-2.548957169613,0.01786558660959));
#12013=CARTESIAN_POINT('Ctrl Pts',(-0.08732905585805,-0.996301603617,0.007865597953627));
#12014=CARTESIAN_POINT('Ctrl Pts',(-0.08732905585805,-0.996301603617,0.0198655843407826));
#12015=CARTESIAN_POINT('Ctrl Pts',(-0.07831064197413,-0.996089044614,0.007865597953627));
#12016=CARTESIAN_POINT('Ctrl Pts',(-0.07831064197413,-0.996089044614,0.0198655843407826));
#12017=CARTESIAN_POINT('Ctrl Pts',(-0.06221283164335,-0.995709628172,0.007865597953627));
#12018=CARTESIAN_POINT('Ctrl Pts',(-0.06221283164335,-0.995709628172,0.0198655843407826));
#12019=CARTESIAN_POINT('Ctrl Pts',(-0.04696788829641,-0.990615185946,0.007865597953627));
#12020=CARTESIAN_POINT('Ctrl Pts',(-0.04696788829641,-0.990615185946,0.0198655843407826));
#12021=CARTESIAN_POINT('Ctrl Pts',(-0.04026356046888,-0.988374783341,0.007865597953627));
#12022=CARTESIAN_POINT('Ctrl Pts',(-0.04026356046888,-0.988374783341,0.0198655843407826));
#12023=CARTESIAN_POINT('',(-0.08732905585805,-0.996301603617,0.01786558660959));
#12024=CARTESIAN_POINT('Ctrl Pts',(-0.04026356046888,-0.988374783341,0.01786558660959));
#12025=CARTESIAN_POINT('Ctrl Pts',(-0.04696788829641,-0.990615185946,0.01786558660959));
#12026=CARTESIAN_POINT('Ctrl Pts',(-0.06221283164335,-0.995709628172,0.01786558660959));
#12027=CARTESIAN_POINT('Ctrl Pts',(-0.07831064197413,-0.996089044614,0.01786558660959));
#12028=CARTESIAN_POINT('Ctrl Pts',(-0.08732905585805,-0.996301603617,0.01786558660959));
#12029=CARTESIAN_POINT('',(-0.08732905585805,-0.996301603617,0.007865597953627));
#12030=CARTESIAN_POINT('Ctrl Pts',(-0.189043879497,-0.89008983386,0.007865597953627));
#12031=CARTESIAN_POINT('Ctrl Pts',(-0.189043879497,-0.89008983386,0.0198655843407826));
#12032=CARTESIAN_POINT('Ctrl Pts',(-0.182124253268,-0.922526572053,0.007865597953627));
#12033=CARTESIAN_POINT('Ctrl Pts',(-0.182124253268,-0.922526572053,0.0198655843407826));
#12034=CARTESIAN_POINT('Ctrl Pts',(-0.169710512706,-0.980717757433,0.007865597953627));
#12035=CARTESIAN_POINT('Ctrl Pts',(-0.169710512706,-0.980717757433,0.0198655843407826));
#12036=CARTESIAN_POINT('Ctrl Pts',(-0.112603615292,-0.991520493138,0.007865597953627));
#12037=CARTESIAN_POINT('Ctrl Pts',(-0.112603615292,-0.991520493138,0.0198655843407826));
#12038=CARTESIAN_POINT('Ctrl Pts',(-0.08732905585805,-0.996301603617,0.007865597953627));
#12039=CARTESIAN_POINT('Ctrl Pts',(-0.08732905585805,-0.996301603617,0.0198655843407826));
#12040=CARTESIAN_POINT('',(-0.189043879497,-0.89008983386,0.01786558660959));
#12041=CARTESIAN_POINT('Ctrl Pts',(-0.08732905585805,-0.996301603617,0.01786558660959));
#12042=CARTESIAN_POINT('Ctrl Pts',(-0.112603615292,-0.991520493138,0.01786558660959));
#12043=CARTESIAN_POINT('Ctrl Pts',(-0.169710512706,-0.980717757433,0.01786558660959));
#12044=CARTESIAN_POINT('Ctrl Pts',(-0.182124253268,-0.922526572053,0.01786558660959));
#12045=CARTESIAN_POINT('Ctrl Pts',(-0.189043879497,-0.89008983386,0.01786558660959));
#12046=CARTESIAN_POINT('',(-0.189043879497,-0.89008983386,0.007865597953627));
#12047=CARTESIAN_POINT('Ctrl Pts',(-0.09529398584699,-0.791423787251,0.007865597953628));
#12048=CARTESIAN_POINT('Ctrl Pts',(-0.09529398584699,-0.791423787251,0.0198655843407824));
#12049=CARTESIAN_POINT('Ctrl Pts',(-0.125021950577,-0.798999155255,0.007865597953628));
#12050=CARTESIAN_POINT('Ctrl Pts',(-0.125021950577,-0.798999155255,0.0198655843407824));
#12051=CARTESIAN_POINT('Ctrl Pts',(-0.178616486983,-0.812656273729,0.007865597953628));
#12052=CARTESIAN_POINT('Ctrl Pts',(-0.178616486983,-0.812656273729,0.0198655843407824));
#12053=CARTESIAN_POINT('Ctrl Pts',(-0.185831091596,-0.866231749994,0.007865597953627));
#12054=CARTESIAN_POINT('Ctrl Pts',(-0.185831091596,-0.866231749994,0.0198655843407814));
#12055=CARTESIAN_POINT('Ctrl Pts',(-0.189043879497,-0.89008983386,0.007865597953627));
#12056=CARTESIAN_POINT('Ctrl Pts',(-0.189043879497,-0.89008983386,0.0198655843407814));
#12057=CARTESIAN_POINT('',(-0.09529398584699,-0.791423787251,0.01786558660959));
#12058=CARTESIAN_POINT('Ctrl Pts',(-0.189043879497,-0.89008983386,0.01786558660959));
#12059=CARTESIAN_POINT('Ctrl Pts',(-0.185831091596,-0.866231749994,0.01786558660959));
#12060=CARTESIAN_POINT('Ctrl Pts',(-0.178616486983,-0.812656273729,0.01786558660959));
#12061=CARTESIAN_POINT('Ctrl Pts',(-0.125021950577,-0.798999155255,0.01786558660959));
#12062=CARTESIAN_POINT('Ctrl Pts',(-0.09529398584699,-0.791423787251,0.01786558660959));
#12063=CARTESIAN_POINT('',(-0.09529398584699,-0.791423787251,0.007865597953628));
#12064=CARTESIAN_POINT('Ctrl Pts',(-0.04026356046888,-0.804228650774,0.007865597953628));
#12065=CARTESIAN_POINT('Ctrl Pts',(-0.04026356046888,-0.804228650774,0.0198655843407824));
#12066=CARTESIAN_POINT('Ctrl Pts',(-0.05010177231377,-0.799912629977,0.007865597953628));
#12067=CARTESIAN_POINT('Ctrl Pts',(-0.05010177231377,-0.799912629977,0.0198655843407824));
#12068=CARTESIAN_POINT('Ctrl Pts',(-0.06769797763794,-0.792193179601,0.007865597953628));
#12069=CARTESIAN_POINT('Ctrl Pts',(-0.06769797763794,-0.792193179601,0.0198655843407824));
#12070=CARTESIAN_POINT('Ctrl Pts',(-0.08685003329303,-0.791659209434,0.007865597953628));
#12071=CARTESIAN_POINT('Ctrl Pts',(-0.08685003329303,-0.791659209434,0.0198655843407824));
#12072=CARTESIAN_POINT('Ctrl Pts',(-0.09529398584699,-0.791423787251,0.007865597953628));
#12073=CARTESIAN_POINT('Ctrl Pts',(-0.09529398584699,-0.791423787251,0.0198655843407824));
#12074=CARTESIAN_POINT('',(-0.04026356046888,-0.804228650774,0.01786558660959));
#12075=CARTESIAN_POINT('Ctrl Pts',(-0.09529398584699,-0.791423787251,0.01786558660959));
#12076=CARTESIAN_POINT('Ctrl Pts',(-0.08685003329303,-0.791659209434,0.01786558660959));
#12077=CARTESIAN_POINT('Ctrl Pts',(-0.06769797763794,-0.792193179601,0.01786558660959));
#12078=CARTESIAN_POINT('Ctrl Pts',(-0.05010177231377,-0.799912629977,0.01786558660959));
#12079=CARTESIAN_POINT('Ctrl Pts',(-0.04026356046888,-0.804228650774,0.01786558660959));
#12080=CARTESIAN_POINT('',(-0.04026356046888,-0.804228650774,0.007865597953628));
#12081=CARTESIAN_POINT('Origin',(-0.04026356046888,-0.804228650774,0.007865597953628));
#12082=CARTESIAN_POINT('',(-0.04026356046888,-0.826179845385,0.01786558660959));
#12083=CARTESIAN_POINT('',(-0.04026356046888,-0.826179845385,0.007865597953628));
#12084=CARTESIAN_POINT('',(-0.04026356046888,-2.548957169613,0.01786558660959));
#12085=CARTESIAN_POINT('Ctrl Pts',(-0.09159734369902,-0.813374981862,0.007865597953628));
#12086=CARTESIAN_POINT('Ctrl Pts',(-0.09159734369902,-0.813374981862,0.0198655843407824));
#12087=CARTESIAN_POINT('Ctrl Pts',(-0.08151579786961,-0.813893828564,0.007865597953628));
#12088=CARTESIAN_POINT('Ctrl Pts',(-0.08151579786961,-0.813893828564,0.0198655843407824));
#12089=CARTESIAN_POINT('Ctrl Pts',(-0.06351270862624,-0.814820357455,0.007865597953628));
#12090=CARTESIAN_POINT('Ctrl Pts',(-0.06351270862624,-0.814820357455,0.0198655843407824));
#12091=CARTESIAN_POINT('Ctrl Pts',(-0.04736758153257,-0.822708834706,0.007865597953628));
#12092=CARTESIAN_POINT('Ctrl Pts',(-0.04736758153257,-0.822708834706,0.0198655843407824));
#12093=CARTESIAN_POINT('Ctrl Pts',(-0.04026356046888,-0.826179845385,0.007865597953628));
#12094=CARTESIAN_POINT('Ctrl Pts',(-0.04026356046888,-0.826179845385,0.0198655843407824));
#12095=CARTESIAN_POINT('',(-0.09159734369902,-0.813374981862,0.01786558660959));
#12096=CARTESIAN_POINT('Ctrl Pts',(-0.04026356046888,-0.826179845385,0.01786558660959));
#12097=CARTESIAN_POINT('Ctrl Pts',(-0.04736758153257,-0.822708834706,0.01786558660959));
#12098=CARTESIAN_POINT('Ctrl Pts',(-0.06351270862624,-0.814820357455,0.01786558660959));
#12099=CARTESIAN_POINT('Ctrl Pts',(-0.08151579786961,-0.813893828564,0.01786558660959));
#12100=CARTESIAN_POINT('Ctrl Pts',(-0.09159734369902,-0.813374981862,0.01786558660959));
#12101=CARTESIAN_POINT('',(-0.09159734369902,-0.813374981862,0.007865597953628));
#12102=CARTESIAN_POINT('Ctrl Pts',(-0.162214641639,-0.891728551514,0.007865597953627));
#12103=CARTESIAN_POINT('Ctrl Pts',(-0.162214641639,-0.891728551514,0.0198655843407826));
#12104=CARTESIAN_POINT('Ctrl Pts',(-0.158136125049,-0.868013734317,0.007865597953627));
#12105=CARTESIAN_POINT('Ctrl Pts',(-0.158136125049,-0.868013734317,0.0198655843407826));
#12106=CARTESIAN_POINT('Ctrl Pts',(-0.150840707027,-0.825594020938,0.007865597953628));
#12107=CARTESIAN_POINT('Ctrl Pts',(-0.150840707027,-0.825594020938,0.0198655843407836));
#12108=CARTESIAN_POINT('Ctrl Pts',(-0.109726554969,-0.817114160877,0.007865597953628));
#12109=CARTESIAN_POINT('Ctrl Pts',(-0.109726554969,-0.817114160877,0.0198655843407836));
#12110=CARTESIAN_POINT('Ctrl Pts',(-0.09159734369902,-0.813374981862,0.007865597953628));
#12111=CARTESIAN_POINT('Ctrl Pts',(-0.09159734369902,-0.813374981862,0.0198655843407836));
#12112=CARTESIAN_POINT('',(-0.162214641639,-0.891728551514,0.01786558660959));
#12113=CARTESIAN_POINT('Ctrl Pts',(-0.09159734369902,-0.813374981862,0.01786558660959));
#12114=CARTESIAN_POINT('Ctrl Pts',(-0.109726554969,-0.817114160877,0.01786558660959));
#12115=CARTESIAN_POINT('Ctrl Pts',(-0.150840707027,-0.825594020938,0.01786558660959));
#12116=CARTESIAN_POINT('Ctrl Pts',(-0.158136125049,-0.868013734317,0.01786558660959));
#12117=CARTESIAN_POINT('Ctrl Pts',(-0.162214641639,-0.891728551514,0.01786558660959));
#12118=CARTESIAN_POINT('',(-0.162214641639,-0.891728551514,0.007865597953627));
#12119=CARTESIAN_POINT('Ctrl Pts',(-0.08710039758086,-0.974350409006,0.007865597953627));
#12120=CARTESIAN_POINT('Ctrl Pts',(-0.08710039758086,-0.974350409006,0.0198655843407826));
#12121=CARTESIAN_POINT('Ctrl Pts',(-0.111194069834,-0.967538179659,0.007865597953627));
#12122=CARTESIAN_POINT('Ctrl Pts',(-0.111194069834,-0.967538179659,0.0198655843407826));
#12123=CARTESIAN_POINT('Ctrl Pts',(-0.154699287957,-0.955237542358,0.007865597953627));
#12124=CARTESIAN_POINT('Ctrl Pts',(-0.154699287957,-0.955237542358,0.0198655843407826));
#12125=CARTESIAN_POINT('Ctrl Pts',(-0.159895949077,-0.911322815597,0.007865597953627));
#12126=CARTESIAN_POINT('Ctrl Pts',(-0.159895949077,-0.911322815597,0.0198655843407826));
#12127=CARTESIAN_POINT('Ctrl Pts',(-0.162214641639,-0.891728551514,0.007865597953627));
#12128=CARTESIAN_POINT('Ctrl Pts',(-0.162214641639,-0.891728551514,0.0198655843407826));
#12129=CARTESIAN_POINT('Ctrl Pts',(-0.162214641639,-0.891728551514,0.01786558660959));
#12130=CARTESIAN_POINT('Ctrl Pts',(-0.159895949077,-0.911322815597,0.01786558660959));
#12131=CARTESIAN_POINT('Ctrl Pts',(-0.154699287957,-0.955237542358,0.01786558660959));
#12132=CARTESIAN_POINT('Ctrl Pts',(-0.111194069834,-0.967538179659,0.01786558660959));
#12133=CARTESIAN_POINT('Ctrl Pts',(-0.08710039758086,-0.974350409006,0.01786558660959));
#12134=CARTESIAN_POINT('Origin',(-2.89999671023,-2.548957169613,0.01786558660959));
#12135=CARTESIAN_POINT('Origin',(-0.308555939044,-0.993862581994,0.007865597953627));
#12136=CARTESIAN_POINT('',(-0.308555939044,-0.993862581994,0.01786558660959));
#12137=CARTESIAN_POINT('',(-0.308555939044,-0.993862581994,0.007865597953627));
#12138=CARTESIAN_POINT('',(-0.308555939044,-0.793862808874,0.01786558660959));
#12139=CARTESIAN_POINT('',(-0.308555939044,-0.793862808874,0.007865597953628));
#12140=CARTESIAN_POINT('',(-0.308555939044,-2.548957169613,0.01786558660959));
#12141=CARTESIAN_POINT('Origin',(-0.308555939044,-0.793862808874,0.007865597953628));
#12142=CARTESIAN_POINT('',(-0.206117030861,-0.793862808874,0.01786558660959));
#12143=CARTESIAN_POINT('',(-0.206117030861,-0.793862808874,0.007865597953628));
#12144=CARTESIAN_POINT('',(-2.89999671023,-0.793862808874,0.01786558660959));
#12145=CARTESIAN_POINT('Origin',(-0.206117030861,-0.793862808874,0.007865597953628));
#12146=CARTESIAN_POINT('',(-0.206117030861,-0.815814003485,0.01786558660959));
#12147=CARTESIAN_POINT('',(-0.206117030861,-0.815814003485,0.007865597953628));
#12148=CARTESIAN_POINT('',(-0.206117030861,-2.548957169613,0.01786558660959));
#12149=CARTESIAN_POINT('Origin',(-0.206117030861,-0.815814003485,0.007865597953628));
#12150=CARTESIAN_POINT('',(-0.281726701186,-0.815814003485,0.01786558660959));
#12151=CARTESIAN_POINT('',(-0.281726701186,-0.815814003485,0.007865597953628));
#12152=CARTESIAN_POINT('',(-2.89999671023,-0.815814003485,0.01786558660959));
#12153=CARTESIAN_POINT('Origin',(-0.281726701186,-0.815814003485,0.007865597953628));
#12154=CARTESIAN_POINT('',(-0.281726701186,-0.993862581994,0.01786558660959));
#12155=CARTESIAN_POINT('',(-0.281726701186,-0.993862581994,0.007865597953627));
#12156=CARTESIAN_POINT('',(-0.281726701186,-2.548957169613,0.01786558660959));
#12157=CARTESIAN_POINT('Origin',(-0.281726701186,-0.993862581994,0.007865597953627));
#12158=CARTESIAN_POINT('',(-2.89999671023,-0.993862581994,0.01786558660959));
#12159=CARTESIAN_POINT('Origin',(-2.89999671023,-2.548957169613,0.01786558660959));
#12160=CARTESIAN_POINT('Origin',(-2.89999671023,-2.548957169613,0.007865597953622));
#12161=CARTESIAN_POINT('Origin',(-2.89999671023,-2.548957169613,0.007865597953622));
#12162=CARTESIAN_POINT('Origin',(2.89999671023,1.091038701159,1.736620163895));
#12163=CARTESIAN_POINT('',(2.699996937111,1.106672186454,1.487109738587));
#12164=CARTESIAN_POINT('',(2.699996937111,1.341038417558,1.736620163895));
#12165=CARTESIAN_POINT('Origin',(2.699996937111,1.091038701159,1.736620163895));
#12166=CARTESIAN_POINT('',(2.89999671023,1.341038417558,1.736620163895));
#12167=CARTESIAN_POINT('',(2.89999671023,1.341038417558,1.736620163895));
#12168=CARTESIAN_POINT('',(2.89999671023,1.106672186454,1.487109738587));
#12169=CARTESIAN_POINT('Origin',(2.89999671023,1.091038701159,1.736620163895));
#12170=CARTESIAN_POINT('',(2.89999671023,1.106672186454,1.487109738587));
#12171=CARTESIAN_POINT('Origin',(2.89999671023,1.341038417558,1.736620163895));
#12172=CARTESIAN_POINT('',(2.699996937111,1.341038417558,4.079104452473));
#12173=CARTESIAN_POINT('',(2.699996937111,1.341038417558,1.736620163895));
#12174=CARTESIAN_POINT('',(2.89999671023,1.341038417558,4.079104452473));
#12175=CARTESIAN_POINT('',(2.89999671023,1.341038417558,4.079104452473));
#12176=CARTESIAN_POINT('',(2.89999671023,1.341038417558,1.736620163895));
#12177=CARTESIAN_POINT('Origin',(2.89999671023,1.091038701159,4.079104452473));
#12178=CARTESIAN_POINT('',(2.699996937111,1.106672186454,4.328614877781));
#12179=CARTESIAN_POINT('Origin',(2.699996937111,1.091038701159,4.079104452473));
#12180=CARTESIAN_POINT('',(2.89999671023,1.106672186454,4.328614877781));
#12181=CARTESIAN_POINT('',(2.89999671023,1.106672186454,4.328614877781));
#12182=CARTESIAN_POINT('Origin',(2.89999671023,1.091038701159,4.079104452473));
#12183=CARTESIAN_POINT('Origin',(2.89999671023,1.106672186454,4.328614877781));
#12184=CARTESIAN_POINT('',(2.699996937111,-2.548957169613,4.557664336181));
#12185=CARTESIAN_POINT('',(2.699996937111,1.106672186454,4.328614877781));
#12186=CARTESIAN_POINT('',(2.89999671023,-2.548957169613,4.557664336181));
#12187=CARTESIAN_POINT('',(2.89999671023,-2.548957169613,4.557664336181));
#12188=CARTESIAN_POINT('',(2.89999671023,1.106672186454,4.328614877781));
#12189=CARTESIAN_POINT('Origin',(2.89999671023,-2.548957169613,4.557664336181));
#12190=CARTESIAN_POINT('',(2.699996937111,-2.548957169613,1.258060280187));
#12191=CARTESIAN_POINT('',(2.699996937111,-2.548957169613,4.557664336181));
#12192=CARTESIAN_POINT('',(2.89999671023,-2.548957169613,1.258060280187));
#12193=CARTESIAN_POINT('',(2.89999671023,-2.548957169613,1.258060280187));
#12194=CARTESIAN_POINT('',(2.89999671023,-2.548957169613,4.557664336181));
#12195=CARTESIAN_POINT('Origin',(2.89999671023,-2.548957169613,1.258060280187));
#12196=CARTESIAN_POINT('',(2.699996937111,-2.548957169613,1.258060280187));
#12197=CARTESIAN_POINT('',(2.89999671023,-2.548957169613,1.258060280187));
#12198=CARTESIAN_POINT('Origin',(2.89999671023,1.091038701159,1.736620163895));
#12199=CARTESIAN_POINT('Origin',(2.699996937111,1.091038701159,1.736620163895));
#12200=CARTESIAN_POINT('Origin',(-2.89999671023,1.091038701159,1.736620163895));
#12201=CARTESIAN_POINT('',(-2.699996937111,1.341038417558,1.736620163895));
#12202=CARTESIAN_POINT('',(-2.699996937111,1.106672186454,1.487109738587));
#12203=CARTESIAN_POINT('Origin',(-2.699996937111,1.091038701159,1.736620163895));
#12204=CARTESIAN_POINT('',(-2.89999671023,1.106672186454,1.487109738587));
#12205=CARTESIAN_POINT('',(-2.89999671023,1.106672186454,1.487109738587));
#12206=CARTESIAN_POINT('',(-2.89999671023,1.341038417558,1.736620163895));
#12207=CARTESIAN_POINT('Origin',(-2.89999671023,1.091038701159,1.736620163895));
#12208=CARTESIAN_POINT('',(-2.89999671023,1.341038417558,1.736620163895));
#12209=CARTESIAN_POINT('Origin',(-2.89999671023,1.106672186454,1.487109738587));
#12210=CARTESIAN_POINT('',(-2.699996937111,-2.548957169613,1.258060280187));
#12211=CARTESIAN_POINT('',(-2.699996937111,1.106672186454,1.487109738587));
#12212=CARTESIAN_POINT('',(-2.89999671023,-2.548957169613,1.258060280187));
#12213=CARTESIAN_POINT('',(-2.89999671023,-2.548957169613,1.258060280187));
#12214=CARTESIAN_POINT('',(-2.89999671023,1.106672186454,1.487109738587));
#12215=CARTESIAN_POINT('Origin',(-2.89999671023,-2.548957169613,1.258060280187));
#12216=CARTESIAN_POINT('',(-2.699996937111,-2.548957169613,4.557664336181));
#12217=CARTESIAN_POINT('',(-2.699996937111,-2.548957169613,1.258060280187));
#12218=CARTESIAN_POINT('',(-2.89999671023,-2.548957169613,4.557664336181));
#12219=CARTESIAN_POINT('',(-2.89999671023,-2.548957169613,4.557664336181));
#12220=CARTESIAN_POINT('',(-2.89999671023,-2.548957169613,1.258060280187));
#12221=CARTESIAN_POINT('Origin',(-2.89999671023,-2.548957169613,4.557664336181));
#12222=CARTESIAN_POINT('',(-2.699996937111,1.106672186454,4.328614877781));
#12223=CARTESIAN_POINT('',(-2.699996937111,-2.548957169613,4.557664336181));
#12224=CARTESIAN_POINT('',(-2.89999671023,1.106672186454,4.328614877781));
#12225=CARTESIAN_POINT('',(-2.89999671023,1.106672186454,4.328614877781));
#12226=CARTESIAN_POINT('',(-2.89999671023,-2.548957169613,4.557664336181));
#12227=CARTESIAN_POINT('Origin',(-2.89999671023,1.091038701159,4.079104452473));
#12228=CARTESIAN_POINT('',(-2.699996937111,1.341038417558,4.079104452473));
#12229=CARTESIAN_POINT('Origin',(-2.699996937111,1.091038701159,4.079104452473));
#12230=CARTESIAN_POINT('',(-2.89999671023,1.341038417558,4.079104452473));
#12231=CARTESIAN_POINT('',(-2.89999671023,1.341038417558,4.079104452473));
#12232=CARTESIAN_POINT('Origin',(-2.89999671023,1.091038701159,4.079104452473));
#12233=CARTESIAN_POINT('Origin',(-2.89999671023,1.341038417558,4.079104452473));
#12234=CARTESIAN_POINT('',(-2.699996937111,1.341038417558,4.079104452473));
#12235=CARTESIAN_POINT('',(-2.89999671023,1.341038417558,4.079104452473));
#12236=CARTESIAN_POINT('Origin',(-2.89999671023,1.091038701159,1.736620163895));
#12237=CARTESIAN_POINT('Origin',(-2.699996937111,1.091038701159,1.736620163895));
#12238=CARTESIAN_POINT('Origin',(1.699998071514,-5.858953414738,4.357860663299));
#12239=CARTESIAN_POINT('',(1.699998071514,-5.758953528178,4.257860776739));
#12240=CARTESIAN_POINT('',(1.699998071514,-5.758953528178,1.557863839628));
#12241=CARTESIAN_POINT('',(1.699998071514,-5.758953528178,1.457863953069));
#12242=CARTESIAN_POINT('',(1.699998071514,-3.658955910425,1.557863839628));
#12243=CARTESIAN_POINT('',(1.699998071514,-5.858953414738,1.557863839628));
#12244=CARTESIAN_POINT('',(1.699998071514,-3.658955910425,4.257860776739));
#12245=CARTESIAN_POINT('',(1.699998071514,-3.658955910425,4.357860663299));
#12246=CARTESIAN_POINT('',(1.699998071514,-5.858953414738,4.257860776739));
#12247=CARTESIAN_POINT('Origin',(-1.699998071514,-5.858953414738,4.357860663299));
#12248=CARTESIAN_POINT('',(1.599998184955,-3.658955910425,4.357860663299));
#12249=CARTESIAN_POINT('',(-1.599998184955,-3.658955910425,4.357860663299));
#12250=CARTESIAN_POINT('',(-1.699998071514,-3.658955910425,4.357860663299));
#12251=CARTESIAN_POINT('',(-1.599998184955,-5.758953528178,4.357860663299));
#12252=CARTESIAN_POINT('',(-1.599998184955,-5.858953414738,4.357860663299));
#12253=CARTESIAN_POINT('',(1.599998184955,-5.758953528178,4.357860663299));
#12254=CARTESIAN_POINT('',(1.699998071514,-5.758953528178,4.357860663299));
#12255=CARTESIAN_POINT('',(1.599998184955,-5.858953414738,4.357860663299));
#12256=CARTESIAN_POINT('Origin',(-1.699998071514,-5.858953414738,4.357860663299));
#12257=CARTESIAN_POINT('',(-1.699998071514,-5.758953528178,1.557863839628));
#12258=CARTESIAN_POINT('',(-1.699998071514,-5.758953528178,4.257860776739));
#12259=CARTESIAN_POINT('',(-1.699998071514,-5.758953528178,4.357860663299));
#12260=CARTESIAN_POINT('',(-1.699998071514,-3.658955910425,4.257860776739));
#12261=CARTESIAN_POINT('',(-1.699998071514,-5.858953414738,4.257860776739));
#12262=CARTESIAN_POINT('',(-1.699998071514,-3.658955910425,1.557863839628));
#12263=CARTESIAN_POINT('',(-1.699998071514,-3.658955910425,4.357860663299));
#12264=CARTESIAN_POINT('',(-1.699998071514,-5.858953414738,1.557863839628));
#12265=CARTESIAN_POINT('Origin',(-1.699998071514,-5.858953414738,1.457863953069));
#12266=CARTESIAN_POINT('',(-1.599998184955,-3.658955910425,1.457863953069));
#12267=CARTESIAN_POINT('',(1.599998184955,-3.658955910425,1.457863953069));
#12268=CARTESIAN_POINT('',(-1.699998071514,-3.658955910425,1.457863953069));
#12269=CARTESIAN_POINT('',(1.599998184955,-5.758953528178,1.457863953069));
#12270=CARTESIAN_POINT('',(1.599998184955,-5.858953414738,1.457863953069));
#12271=CARTESIAN_POINT('',(-1.599998184955,-5.758953528178,1.457863953069));
#12272=CARTESIAN_POINT('',(-1.699998071514,-5.758953528178,1.457863953069));
#12273=CARTESIAN_POINT('',(-1.599998184955,-5.858953414738,1.457863953069));
#12274=CARTESIAN_POINT('Origin',(0.,-5.858953414738,2.907862308184));
#12275=CARTESIAN_POINT('',(1.599998184955,-5.858953414738,1.557863839628));
#12276=CARTESIAN_POINT('',(1.599998184955,-5.858953414738,4.257860776739));
#12277=CARTESIAN_POINT('',(1.599998184955,-5.858953414738,4.357860663299));
#12278=CARTESIAN_POINT('',(-1.599998184955,-5.858953414738,4.257860776739));
#12279=CARTESIAN_POINT('',(-1.699998071514,-5.858953414738,4.257860776739));
#12280=CARTESIAN_POINT('',(-1.599998184955,-5.858953414738,1.557863839628));
#12281=CARTESIAN_POINT('',(-1.599998184955,-5.858953414738,1.457863953069));
#12282=CARTESIAN_POINT('',(1.699998071514,-5.858953414738,1.557863839628));
#12283=CARTESIAN_POINT('Origin',(0.,-3.658955910425,2.907862308184));
#12284=CARTESIAN_POINT('Origin',(-1.599998184955,-3.658955910425,4.257860776739));
#12285=CARTESIAN_POINT('Origin',(1.599998184955,-3.658955910425,4.257860776739));
#12286=CARTESIAN_POINT('Origin',(1.599998184955,-3.658955910425,1.557863839628));
#12287=CARTESIAN_POINT('Origin',(-1.599998184955,-3.658955910425,1.557863839628));
#12288=CARTESIAN_POINT('Origin',(1.599998184955,-5.858953414738,1.557863839628));
#12289=CARTESIAN_POINT('Origin',(1.599998184955,-5.758953528178,1.557863839628));
#12290=CARTESIAN_POINT('Origin',(0.,-5.758953528178,1.557863839628));
#12291=CARTESIAN_POINT('Origin',(-1.599998184955,-5.758953528178,1.557863839628));
#12292=CARTESIAN_POINT('Origin',(1.599998184955,-5.758953528178,1.557863839628));
#12293=CARTESIAN_POINT('Origin',(-1.599998184955,-5.858953414738,1.557863839628));
#12294=CARTESIAN_POINT('Origin',(-1.599998184955,-5.758953528178,1.557863839628));
#12295=CARTESIAN_POINT('Origin',(1.599998184955,-5.758953528178,1.557863839628));
#12296=CARTESIAN_POINT('Origin',(1.599998184955,-5.758953528178,1.557863839628));
#12297=CARTESIAN_POINT('Origin',(-1.599998184955,-5.758953528178,1.557863839628));
#12298=CARTESIAN_POINT('Origin',(-1.599998184955,-5.758953528178,1.557863839628));
#12299=CARTESIAN_POINT('Origin',(1.599998184955,-5.858953414738,4.257860776739));
#12300=CARTESIAN_POINT('Origin',(1.599998184955,-5.758953528178,4.257860776739));
#12301=CARTESIAN_POINT('Origin',(1.599998184955,-5.758953528178,2.907862308184));
#12302=CARTESIAN_POINT('Origin',(1.599998184955,-5.758953528178,4.257860776739));
#12303=CARTESIAN_POINT('Origin',(-1.599998184955,-5.758953528178,2.907862308184));
#12304=CARTESIAN_POINT('Origin',(-1.599998184955,-5.758953528178,4.257860776739));
#12305=CARTESIAN_POINT('Origin',(-1.599998184955,-5.858953414738,4.257860776739));
#12306=CARTESIAN_POINT('Origin',(-1.599998184955,-5.758953528178,4.257860776739));
#12307=CARTESIAN_POINT('Origin',(1.599998184955,-5.758953528178,4.257860776739));
#12308=CARTESIAN_POINT('Origin',(1.599998184955,-5.758953528178,4.257860776739));
#12309=CARTESIAN_POINT('Origin',(-1.599998184955,-5.758953528178,4.257860776739));
#12310=CARTESIAN_POINT('Origin',(-1.599998184955,-5.758953528178,4.257860776739));
#12311=CARTESIAN_POINT('Origin',(0.,-5.758953528178,4.257860776739));
#12312=CARTESIAN_POINT('Origin',(0.838904303231,-1.654537298811,5.80885901728));
#12313=CARTESIAN_POINT('',(0.839068746562,-1.631351306719,5.807859018414));
#12314=CARTESIAN_POINT('',(0.838904303231,-1.654537298811,5.807859018414));
#12315=CARTESIAN_POINT('',(0.838904303231,-1.654537298811,5.807859018414));
#12316=CARTESIAN_POINT('',(0.838904303231,-1.654537298811,5.80885901728));
#12317=CARTESIAN_POINT('',(0.838904303231,-1.654537298811,5.80885901728));
#12318=CARTESIAN_POINT('',(0.839068746562,-1.631351306719,5.80885901728));
#12319=CARTESIAN_POINT('',(0.838904303231,-1.654537298811,5.80885901728));
#12320=CARTESIAN_POINT('',(0.839068746562,-1.631351306719,5.80885901728));
#12321=CARTESIAN_POINT('Origin',(0.919899315969,-1.655111744347,5.80885901728));
#12322=CARTESIAN_POINT('',(0.919899315969,-1.655111744347,5.807859018414));
#12323=CARTESIAN_POINT('',(0.919899315969,-1.655111744347,5.807859018414));
#12324=CARTESIAN_POINT('',(0.919899315969,-1.655111744347,5.80885901728));
#12325=CARTESIAN_POINT('',(0.919899315969,-1.655111744347,5.80885901728));
#12326=CARTESIAN_POINT('',(0.919899315969,-1.655111744347,5.80885901728));
#12327=CARTESIAN_POINT('Origin',(0.91862137744,-1.835297055096,5.80885901728));
#12328=CARTESIAN_POINT('',(0.91862137744,-1.835297055096,5.807859018414));
#12329=CARTESIAN_POINT('',(0.91862137744,-1.835297055096,5.807859018414));
#12330=CARTESIAN_POINT('',(0.91862137744,-1.835297055096,5.80885901728));
#12331=CARTESIAN_POINT('',(0.91862137744,-1.835297055096,5.80885901728));
#12332=CARTESIAN_POINT('',(0.91862137744,-1.835297055096,5.80885901728));
#12333=CARTESIAN_POINT('Origin',(0.944874574765,-1.83548325214,5.80885901728));
#12334=CARTESIAN_POINT('',(0.944874574765,-1.83548325214,5.807859018414));
#12335=CARTESIAN_POINT('',(0.944874574765,-1.83548325214,5.807859018414));
#12336=CARTESIAN_POINT('',(0.944874574765,-1.83548325214,5.80885901728));
#12337=CARTESIAN_POINT('',(0.944874574765,-1.83548325214,5.80885901728));
#12338=CARTESIAN_POINT('',(0.944874574765,-1.83548325214,5.80885901728));
#12339=CARTESIAN_POINT('Origin',(0.946316956624,-1.632111949299,5.80885901728));
#12340=CARTESIAN_POINT('',(0.946316956624,-1.632111949299,5.807859018414));
#12341=CARTESIAN_POINT('',(0.946316956624,-1.632111949299,5.807859018414));
#12342=CARTESIAN_POINT('',(0.946316956624,-1.632111949299,5.80885901728));
#12343=CARTESIAN_POINT('',(0.946316956624,-1.632111949299,5.80885901728));
#12344=CARTESIAN_POINT('',(0.946316956624,-1.632111949299,5.80885901728));
#12345=CARTESIAN_POINT('Origin',(0.839068746562,-1.631351306719,5.80885901728));
#12346=CARTESIAN_POINT('',(0.839068746562,-1.631351306719,5.807859018414));
#12347=CARTESIAN_POINT('',(0.839068746562,-1.631351306719,5.80885901728));
#12348=CARTESIAN_POINT('Origin',(0.,-1.1101800849,5.80885901728));
#12349=CARTESIAN_POINT('Origin',(0.,-1.1101800849,5.807859018414));
#12350=CARTESIAN_POINT('Ctrl Pts',(0.734808103337,-1.6271805695,5.80885901728));
#12351=CARTESIAN_POINT('Ctrl Pts',(0.734808103337,-1.6271805695,5.8076590186408));
#12352=CARTESIAN_POINT('Ctrl Pts',(0.712245949596,-1.627020550654,5.80885901728));
#12353=CARTESIAN_POINT('Ctrl Pts',(0.712245949596,-1.627020550654,5.8076590186408));
#12354=CARTESIAN_POINT('Ctrl Pts',(0.693450790765,-1.630838423651,5.80885901728));
#12355=CARTESIAN_POINT('Ctrl Pts',(0.693450790765,-1.630838423651,5.8076590186408));
#12356=CARTESIAN_POINT('Ctrl Pts',(0.678422626843,-1.638634188492,5.80885901728));
#12357=CARTESIAN_POINT('Ctrl Pts',(0.678422626843,-1.638634188492,5.8076590186408));
#12358=CARTESIAN_POINT('',(0.734808103337,-1.6271805695,5.80885901728));
#12359=CARTESIAN_POINT('',(0.734808103337,-1.6271805695,5.807859018414));
#12360=CARTESIAN_POINT('',(0.734808103337,-1.6271805695,5.80885901728));
#12361=CARTESIAN_POINT('',(0.678422626843,-1.638634188492,5.807859018414));
#12362=CARTESIAN_POINT('Ctrl Pts',(0.734808103337,-1.6271805695,5.807859018414));
#12363=CARTESIAN_POINT('Ctrl Pts',(0.712245949596,-1.627020550654,5.807859018414));
#12364=CARTESIAN_POINT('Ctrl Pts',(0.693450790765,-1.630838423651,5.807859018414));
#12365=CARTESIAN_POINT('Ctrl Pts',(0.678422626843,-1.638634188492,5.807859018414));
#12366=CARTESIAN_POINT('',(0.678422626843,-1.638634188492,5.80885901728));
#12367=CARTESIAN_POINT('',(0.678422626843,-1.638634188492,5.80885901728));
#12368=CARTESIAN_POINT('Ctrl Pts',(0.734808103337,-1.6271805695,5.80885901728));
#12369=CARTESIAN_POINT('Ctrl Pts',(0.712245949596,-1.627020550654,5.80885901728));
#12370=CARTESIAN_POINT('Ctrl Pts',(0.693450790765,-1.630838423651,5.80885901728));
#12371=CARTESIAN_POINT('Ctrl Pts',(0.678422626843,-1.638634188492,5.80885901728));
#12372=CARTESIAN_POINT('Origin',(0.678244172646,-1.663795668701,5.80885901728));
#12373=CARTESIAN_POINT('',(0.678244172646,-1.663795668701,5.807859018414));
#12374=CARTESIAN_POINT('',(0.678244172646,-1.663795668701,5.807859018414));
#12375=CARTESIAN_POINT('',(0.678244172646,-1.663795668701,5.80885901728));
#12376=CARTESIAN_POINT('',(0.678244172646,-1.663795668701,5.80885901728));
#12377=CARTESIAN_POINT('',(0.678244172646,-1.663795668701,5.80885901728));
#12378=CARTESIAN_POINT('Ctrl Pts',(0.678244172646,-1.663795668701,5.80885901728));
#12379=CARTESIAN_POINT('Ctrl Pts',(0.678244172646,-1.663795668701,5.8076590186408));
#12380=CARTESIAN_POINT('Ctrl Pts',(0.693176475064,-1.6548554628,5.80885901728));
#12381=CARTESIAN_POINT('Ctrl Pts',(0.693176475064,-1.6548554628,5.8076590186408));
#12382=CARTESIAN_POINT('Ctrl Pts',(0.710728381675,-1.650404902481,5.80885901728));
#12383=CARTESIAN_POINT('Ctrl Pts',(0.710728381675,-1.650404902481,5.8076590186408));
#12384=CARTESIAN_POINT('Ctrl Pts',(0.730847168535,-1.650547592098,5.80885901728));
#12385=CARTESIAN_POINT('Ctrl Pts',(0.730847168535,-1.650547592098,5.8076590186408));
#12386=CARTESIAN_POINT('',(0.730847168535,-1.650547592098,5.807859018414));
#12387=CARTESIAN_POINT('Origin',(1.74054724645156,-3.51296514365193,5.807859018414));
#12388=CARTESIAN_POINT('',(0.730847168535,-1.650547592098,5.80885901728));
#12389=CARTESIAN_POINT('',(0.730847168535,-1.650547592098,5.80885901728));
#12390=CARTESIAN_POINT('Origin',(1.74054724645156,-3.51296514365193,5.80885901728));
#12391=CARTESIAN_POINT('Ctrl Pts',(0.730847168535,-1.650547592098,5.80885901728));
#12392=CARTESIAN_POINT('Ctrl Pts',(0.730847168535,-1.650547592098,5.8076590186408));
#12393=CARTESIAN_POINT('Ctrl Pts',(0.752369591689,-1.650700236804,5.80885901728));
#12394=CARTESIAN_POINT('Ctrl Pts',(0.752369591689,-1.650700236804,5.8076590186408));
#12395=CARTESIAN_POINT('Ctrl Pts',(0.769734197455,-1.657997894706,5.80885901728));
#12396=CARTESIAN_POINT('Ctrl Pts',(0.769734197455,-1.657997894706,5.8076590186408));
#12397=CARTESIAN_POINT('Ctrl Pts',(0.782941723247,-1.672336592747,5.80885901728));
#12398=CARTESIAN_POINT('Ctrl Pts',(0.782941723247,-1.672336592747,5.8076590186408));
#12399=CARTESIAN_POINT('',(0.782941723247,-1.672336592747,5.807859018414));
#12400=CARTESIAN_POINT('Origin',(-2.60826554090693,-7.46199430213067,5.807859018414));
#12401=CARTESIAN_POINT('',(0.782941723247,-1.672336592747,5.80885901728));
#12402=CARTESIAN_POINT('',(0.782941723247,-1.672336592747,5.80885901728));
#12403=CARTESIAN_POINT('Origin',(-2.60826554090693,-7.46199430213067,5.80885901728));
#12404=CARTESIAN_POINT('Ctrl Pts',(0.782941723247,-1.672336592747,5.80885901728));
#12405=CARTESIAN_POINT('Ctrl Pts',(0.782941723247,-1.672336592747,5.8076590186408));
#12406=CARTESIAN_POINT('Ctrl Pts',(0.796148511624,-1.686779263847,5.80885901728));
#12407=CARTESIAN_POINT('Ctrl Pts',(0.796148511624,-1.686779263847,5.8076590186408));
#12408=CARTESIAN_POINT('Ctrl Pts',(0.80266562837,-1.706165447266,5.80885901728));
#12409=CARTESIAN_POINT('Ctrl Pts',(0.80266562837,-1.706165447266,5.8076590186408));
#12410=CARTESIAN_POINT('Ctrl Pts',(0.802493073485,-1.730495143005,5.80885901728));
#12411=CARTESIAN_POINT('Ctrl Pts',(0.802493073485,-1.730495143005,5.8076590186408));
#12412=CARTESIAN_POINT('',(0.802493073485,-1.730495143005,5.807859018414));
#12413=CARTESIAN_POINT('Ctrl Pts',(0.782941723247,-1.672336592747,5.807859018414));
#12414=CARTESIAN_POINT('Ctrl Pts',(0.796148511624,-1.686779263847,5.807859018414));
#12415=CARTESIAN_POINT('Ctrl Pts',(0.80266562837,-1.706165447266,5.807859018414));
#12416=CARTESIAN_POINT('Ctrl Pts',(0.802493073485,-1.730495143005,5.807859018414));
#12417=CARTESIAN_POINT('',(0.802493073485,-1.730495143005,5.80885901728));
#12418=CARTESIAN_POINT('',(0.802493073485,-1.730495143005,5.80885901728));
#12419=CARTESIAN_POINT('Ctrl Pts',(0.782941723247,-1.672336592747,5.80885901728));
#12420=CARTESIAN_POINT('Ctrl Pts',(0.796148511624,-1.686779263847,5.80885901728));
#12421=CARTESIAN_POINT('Ctrl Pts',(0.80266562837,-1.706165447266,5.80885901728));
#12422=CARTESIAN_POINT('Ctrl Pts',(0.802493073485,-1.730495143005,5.80885901728));
#12423=CARTESIAN_POINT('Ctrl Pts',(0.802493073485,-1.730495143005,5.80885901728));
#12424=CARTESIAN_POINT('Ctrl Pts',(0.802493073485,-1.730495143005,5.8076590186408));
#12425=CARTESIAN_POINT('Ctrl Pts',(0.802311669632,-1.756072515448,5.80885901728));
#12426=CARTESIAN_POINT('Ctrl Pts',(0.802311669632,-1.756072515448,5.8076590186408));
#12427=CARTESIAN_POINT('Ctrl Pts',(0.795044981959,-1.776400722093,5.80885901728));
#12428=CARTESIAN_POINT('Ctrl Pts',(0.795044981959,-1.776400722093,5.8076590186408));
#12429=CARTESIAN_POINT('Ctrl Pts',(0.780693010465,-1.791479762942,5.80885901728));
#12430=CARTESIAN_POINT('Ctrl Pts',(0.780693010465,-1.791479762942,5.8076590186408));
#12431=CARTESIAN_POINT('',(0.780693010465,-1.791479762942,5.807859018414));
#12432=CARTESIAN_POINT('Ctrl Pts',(0.802493073485,-1.730495143005,5.807859018414));
#12433=CARTESIAN_POINT('Ctrl Pts',(0.802311669632,-1.756072515448,5.807859018414));
#12434=CARTESIAN_POINT('Ctrl Pts',(0.795044981959,-1.776400722093,5.807859018414));
#12435=CARTESIAN_POINT('Ctrl Pts',(0.780693010465,-1.791479762942,5.807859018414));
#12436=CARTESIAN_POINT('',(0.780693010465,-1.791479762942,5.80885901728));
#12437=CARTESIAN_POINT('',(0.780693010465,-1.791479762942,5.80885901728));
#12438=CARTESIAN_POINT('Ctrl Pts',(0.802493073485,-1.730495143005,5.80885901728));
#12439=CARTESIAN_POINT('Ctrl Pts',(0.802311669632,-1.756072515448,5.80885901728));
#12440=CARTESIAN_POINT('Ctrl Pts',(0.795044981959,-1.776400722093,5.80885901728));
#12441=CARTESIAN_POINT('Ctrl Pts',(0.780693010465,-1.791479762942,5.80885901728));
#12442=CARTESIAN_POINT('Ctrl Pts',(0.780693010465,-1.791479762942,5.80885901728));
#12443=CARTESIAN_POINT('Ctrl Pts',(0.780693010465,-1.791479762942,5.8076590186408));
#12444=CARTESIAN_POINT('Ctrl Pts',(0.766289789857,-1.806454462025,5.80885901728));
#12445=CARTESIAN_POINT('Ctrl Pts',(0.766289789857,-1.806454462025,5.8076590186408));
#12446=CARTESIAN_POINT('Ctrl Pts',(0.747781478125,-1.81380963126,5.80885901728));
#12447=CARTESIAN_POINT('Ctrl Pts',(0.747781478125,-1.81380963126,5.8076590186408));
#12448=CARTESIAN_POINT('Ctrl Pts',(0.725115351325,-1.813648875,5.80885901728));
#12449=CARTESIAN_POINT('Ctrl Pts',(0.725115351325,-1.813648875,5.8076590186408));
#12450=CARTESIAN_POINT('',(0.725115351325,-1.813648875,5.807859018414));
#12451=CARTESIAN_POINT('Ctrl Pts',(0.780693010465,-1.791479762942,5.807859018414));
#12452=CARTESIAN_POINT('Ctrl Pts',(0.766289789857,-1.806454462025,5.807859018414));
#12453=CARTESIAN_POINT('Ctrl Pts',(0.747781478125,-1.81380963126,5.807859018414));
#12454=CARTESIAN_POINT('Ctrl Pts',(0.725115351325,-1.813648875,5.807859018414));
#12455=CARTESIAN_POINT('',(0.725115351325,-1.813648875,5.80885901728));
#12456=CARTESIAN_POINT('',(0.725115351325,-1.813648875,5.80885901728));
#12457=CARTESIAN_POINT('Ctrl Pts',(0.780693010465,-1.791479762942,5.80885901728));
#12458=CARTESIAN_POINT('Ctrl Pts',(0.766289789857,-1.806454462025,5.80885901728));
#12459=CARTESIAN_POINT('Ctrl Pts',(0.747781478125,-1.81380963126,5.80885901728));
#12460=CARTESIAN_POINT('Ctrl Pts',(0.725115351325,-1.813648875,5.80885901728));
#12461=CARTESIAN_POINT('Ctrl Pts',(0.725115351325,-1.813648875,5.80885901728));
#12462=CARTESIAN_POINT('Ctrl Pts',(0.725115351325,-1.813648875,5.8076590186408));
#12463=CARTESIAN_POINT('Ctrl Pts',(0.707699863992,-1.813525358148,5.80885901728));
#12464=CARTESIAN_POINT('Ctrl Pts',(0.707699863992,-1.813525358148,5.8076590186408));
#12465=CARTESIAN_POINT('Ctrl Pts',(0.691768021212,-1.809461188863,5.80885901728));
#12466=CARTESIAN_POINT('Ctrl Pts',(0.691768021212,-1.809461188863,5.8076590186408));
#12467=CARTESIAN_POINT('Ctrl Pts',(0.677269311287,-1.801248052319,5.80885901728));
#12468=CARTESIAN_POINT('Ctrl Pts',(0.677269311287,-1.801248052319,5.8076590186408));
#12469=CARTESIAN_POINT('',(0.677269311287,-1.801248052319,5.807859018414));
#12470=CARTESIAN_POINT('Ctrl Pts',(0.725115351325,-1.813648875,5.807859018414));
#12471=CARTESIAN_POINT('Ctrl Pts',(0.707699863992,-1.813525358148,5.807859018414));
#12472=CARTESIAN_POINT('Ctrl Pts',(0.691768021212,-1.809461188863,5.807859018414));
#12473=CARTESIAN_POINT('Ctrl Pts',(0.677269311287,-1.801248052319,5.807859018414));
#12474=CARTESIAN_POINT('',(0.677269311287,-1.801248052319,5.80885901728));
#12475=CARTESIAN_POINT('',(0.677269311287,-1.801248052319,5.80885901728));
#12476=CARTESIAN_POINT('Ctrl Pts',(0.725115351325,-1.813648875,5.80885901728));
#12477=CARTESIAN_POINT('Ctrl Pts',(0.707699863992,-1.813525358148,5.80885901728));
#12478=CARTESIAN_POINT('Ctrl Pts',(0.691768021212,-1.809461188863,5.80885901728));
#12479=CARTESIAN_POINT('Ctrl Pts',(0.677269311287,-1.801248052319,5.80885901728));
#12480=CARTESIAN_POINT('Origin',(0.677074633981,-1.828696939818,5.80885901728));
#12481=CARTESIAN_POINT('',(0.677074633981,-1.828696939818,5.807859018414));
#12482=CARTESIAN_POINT('',(0.677074633981,-1.828696939818,5.807859018414));
#12483=CARTESIAN_POINT('',(0.677074633981,-1.828696939818,5.80885901728));
#12484=CARTESIAN_POINT('',(0.677074633981,-1.828696939818,5.80885901728));
#12485=CARTESIAN_POINT('',(0.677074633981,-1.828696939818,5.80885901728));
#12486=CARTESIAN_POINT('Ctrl Pts',(0.677074633981,-1.828696939818,5.80885901728));
#12487=CARTESIAN_POINT('Ctrl Pts',(0.677074633981,-1.828696939818,5.8076590186408));
#12488=CARTESIAN_POINT('Ctrl Pts',(0.6897202642,-1.834297476443,5.80885901728));
#12489=CARTESIAN_POINT('Ctrl Pts',(0.6897202642,-1.834297476443,5.8076590186408));
#12490=CARTESIAN_POINT('Ctrl Pts',(0.705764191593,-1.837218679497,5.80885901728));
#12491=CARTESIAN_POINT('Ctrl Pts',(0.705764191593,-1.837218679497,5.8076590186408));
#12492=CARTESIAN_POINT('Ctrl Pts',(0.725207153572,-1.837356575922,5.80885901728));
#12493=CARTESIAN_POINT('Ctrl Pts',(0.725207153572,-1.837356575922,5.8076590186408));
#12494=CARTESIAN_POINT('',(0.725207153572,-1.837356575922,5.807859018414));
#12495=CARTESIAN_POINT('Origin',(1.87453390939084,-0.861042377342905,5.807859018414));
#12496=CARTESIAN_POINT('',(0.725207153572,-1.837356575922,5.80885901728));
#12497=CARTESIAN_POINT('',(0.725207153572,-1.837356575922,5.80885901728));
#12498=CARTESIAN_POINT('Origin',(1.87453390939084,-0.861042377342905,5.80885901728));
#12499=CARTESIAN_POINT('Ctrl Pts',(0.725207153572,-1.837356575922,5.80885901728));
#12500=CARTESIAN_POINT('Ctrl Pts',(0.725207153572,-1.837356575922,5.8076590186408));
#12501=CARTESIAN_POINT('Ctrl Pts',(0.755411327127,-1.8375707947,5.80885901728));
#12502=CARTESIAN_POINT('Ctrl Pts',(0.755411327127,-1.8375707947,5.8076590186408));
#12503=CARTESIAN_POINT('Ctrl Pts',(0.780383666437,-1.827765991726,5.80885901728));
#12504=CARTESIAN_POINT('Ctrl Pts',(0.780383666437,-1.827765991726,5.8076590186408));
#12505=CARTESIAN_POINT('Ctrl Pts',(0.8001241715,-1.807942166999,5.80885901728));
#12506=CARTESIAN_POINT('Ctrl Pts',(0.8001241715,-1.807942166999,5.8076590186408));
#12507=CARTESIAN_POINT('',(0.8001241715,-1.807942166999,5.807859018414));
#12508=CARTESIAN_POINT('Ctrl Pts',(0.725207153572,-1.837356575922,5.807859018414));
#12509=CARTESIAN_POINT('Ctrl Pts',(0.755411327127,-1.8375707947,5.807859018414));
#12510=CARTESIAN_POINT('Ctrl Pts',(0.780383666437,-1.827765991726,5.807859018414));
#12511=CARTESIAN_POINT('Ctrl Pts',(0.8001241715,-1.807942166999,5.807859018414));
#12512=CARTESIAN_POINT('',(0.8001241715,-1.807942166999,5.80885901728));
#12513=CARTESIAN_POINT('',(0.8001241715,-1.807942166999,5.80885901728));
#12514=CARTESIAN_POINT('Ctrl Pts',(0.725207153572,-1.837356575922,5.80885901728));
#12515=CARTESIAN_POINT('Ctrl Pts',(0.755411327127,-1.8375707947,5.80885901728));
#12516=CARTESIAN_POINT('Ctrl Pts',(0.780383666437,-1.827765991726,5.80885901728));
#12517=CARTESIAN_POINT('Ctrl Pts',(0.8001241715,-1.807942166999,5.80885901728));
#12518=CARTESIAN_POINT('Ctrl Pts',(0.8001241715,-1.807942166999,5.80885901728));
#12519=CARTESIAN_POINT('Ctrl Pts',(0.8001241715,-1.807942166999,5.8076590186408));
#12520=CARTESIAN_POINT('Ctrl Pts',(0.819864676562,-1.788118342273,5.80885901728));
#12521=CARTESIAN_POINT('Ctrl Pts',(0.819864676562,-1.788118342273,5.8076590186408));
#12522=CARTESIAN_POINT('Ctrl Pts',(0.829824709833,-1.761882475338,5.80885901728));
#12523=CARTESIAN_POINT('Ctrl Pts',(0.829824709833,-1.761882475338,5.8076590186408));
#12524=CARTESIAN_POINT('Ctrl Pts',(0.830056995255,-1.729130961843,5.80885901728));
#12525=CARTESIAN_POINT('Ctrl Pts',(0.830056995255,-1.729130961843,5.8076590186408));
#12526=CARTESIAN_POINT('',(0.830056995255,-1.729130961843,5.807859018414));
#12527=CARTESIAN_POINT('Ctrl Pts',(0.8001241715,-1.807942166999,5.807859018414));
#12528=CARTESIAN_POINT('Ctrl Pts',(0.819864676562,-1.788118342273,5.807859018414));
#12529=CARTESIAN_POINT('Ctrl Pts',(0.829824709833,-1.761882475338,5.807859018414));
#12530=CARTESIAN_POINT('Ctrl Pts',(0.830056995255,-1.729130961843,5.807859018414));
#12531=CARTESIAN_POINT('',(0.830056995255,-1.729130961843,5.80885901728));
#12532=CARTESIAN_POINT('',(0.830056995255,-1.729130961843,5.80885901728));
#12533=CARTESIAN_POINT('Ctrl Pts',(0.8001241715,-1.807942166999,5.80885901728));
#12534=CARTESIAN_POINT('Ctrl Pts',(0.819864676562,-1.788118342273,5.80885901728));
#12535=CARTESIAN_POINT('Ctrl Pts',(0.829824709833,-1.761882475338,5.80885901728));
#12536=CARTESIAN_POINT('Ctrl Pts',(0.830056995255,-1.729130961843,5.80885901728));
#12537=CARTESIAN_POINT('Ctrl Pts',(0.830056995255,-1.729130961843,5.80885901728));
#12538=CARTESIAN_POINT('Ctrl Pts',(0.830056995255,-1.729130961843,5.8076590186408));
#12539=CARTESIAN_POINT('Ctrl Pts',(0.830273057568,-1.698666855641,5.80885901728));
#12540=CARTESIAN_POINT('Ctrl Pts',(0.830273057568,-1.698666855641,5.8076590186408));
#12541=CARTESIAN_POINT('Ctrl Pts',(0.821765336879,-1.674067639712,5.80885901728));
#12542=CARTESIAN_POINT('Ctrl Pts',(0.821765336879,-1.674067639712,5.8076590186408));
#12543=CARTESIAN_POINT('Ctrl Pts',(0.804481109243,-1.655436918411,5.80885901728));
#12544=CARTESIAN_POINT('Ctrl Pts',(0.804481109243,-1.655436918411,5.8076590186408));
#12545=CARTESIAN_POINT('',(0.804481109243,-1.655436918411,5.807859018414));
#12546=CARTESIAN_POINT('Origin',(-8.00962141640469,-7.70278477219828,5.807859018414));
#12547=CARTESIAN_POINT('',(0.804481109243,-1.655436918411,5.80885901728));
#12548=CARTESIAN_POINT('',(0.804481109243,-1.655436918411,5.80885901728));
#12549=CARTESIAN_POINT('Origin',(-8.00962141640469,-7.70278477219828,5.80885901728));
#12550=CARTESIAN_POINT('Ctrl Pts',(0.804481109243,-1.655436918411,5.80885901728));
#12551=CARTESIAN_POINT('Ctrl Pts',(0.804481109243,-1.655436918411,5.8076590186408));
#12552=CARTESIAN_POINT('Ctrl Pts',(0.787196881608,-1.636806197109,5.80885901728));
#12553=CARTESIAN_POINT('Ctrl Pts',(0.787196881608,-1.636806197109,5.8076590186408));
#12554=CARTESIAN_POINT('Ctrl Pts',(0.763972546306,-1.627387414138,5.80885901728));
#12555=CARTESIAN_POINT('Ctrl Pts',(0.763972546306,-1.627387414138,5.8076590186408));
#12556=CARTESIAN_POINT('Ctrl Pts',(0.734808103337,-1.6271805695,5.80885901728));
#12557=CARTESIAN_POINT('Ctrl Pts',(0.734808103337,-1.6271805695,5.8076590186408));
#12558=CARTESIAN_POINT('Ctrl Pts',(0.804481109243,-1.655436918411,5.807859018414));
#12559=CARTESIAN_POINT('Ctrl Pts',(0.787196881608,-1.636806197109,5.807859018414));
#12560=CARTESIAN_POINT('Ctrl Pts',(0.763972546306,-1.627387414138,5.807859018414));
#12561=CARTESIAN_POINT('Ctrl Pts',(0.734808103337,-1.6271805695,5.807859018414));
#12562=CARTESIAN_POINT('Ctrl Pts',(0.804481109243,-1.655436918411,5.80885901728));
#12563=CARTESIAN_POINT('Ctrl Pts',(0.787196881608,-1.636806197109,5.80885901728));
#12564=CARTESIAN_POINT('Ctrl Pts',(0.763972546306,-1.627387414138,5.80885901728));
#12565=CARTESIAN_POINT('Ctrl Pts',(0.734808103337,-1.6271805695,5.80885901728));
#12566=CARTESIAN_POINT('Origin',(0.703790118908,-1.629923960113,5.80885901728));
#12567=CARTESIAN_POINT('Origin',(0.703790118908,-1.629923960113,5.807859018414));
#12568=CARTESIAN_POINT('Origin',(0.528232803799,-1.652333905664,5.80885901728));
#12569=CARTESIAN_POINT('',(0.52839724713,-1.629147913572,5.807859018414));
#12570=CARTESIAN_POINT('',(0.528232803799,-1.652333905664,5.807859018414));
#12571=CARTESIAN_POINT('',(0.528232803799,-1.652333905664,5.807859018414));
#12572=CARTESIAN_POINT('',(0.528232803799,-1.652333905664,5.80885901728));
#12573=CARTESIAN_POINT('',(0.528232803799,-1.652333905664,5.80885901728));
#12574=CARTESIAN_POINT('',(0.52839724713,-1.629147913572,5.80885901728));
#12575=CARTESIAN_POINT('',(0.528232803799,-1.652333905664,5.80885901728));
#12576=CARTESIAN_POINT('',(0.52839724713,-1.629147913572,5.80885901728));
#12577=CARTESIAN_POINT('Origin',(0.611359264239,-1.652923468188,5.80885901728));
#12578=CARTESIAN_POINT('',(0.611359264239,-1.652923468188,5.807859018414));
#12579=CARTESIAN_POINT('',(0.611359264239,-1.652923468188,5.807859018414));
#12580=CARTESIAN_POINT('',(0.611359264239,-1.652923468188,5.80885901728));
#12581=CARTESIAN_POINT('',(0.611359264239,-1.652923468188,5.80885901728));
#12582=CARTESIAN_POINT('',(0.611359264239,-1.652923468188,5.80885901728));
#12583=CARTESIAN_POINT('Origin',(0.610874045802,-1.721337740821,5.80885901728));
#12584=CARTESIAN_POINT('',(0.610874045802,-1.721337740821,5.807859018414));
#12585=CARTESIAN_POINT('',(0.610874045802,-1.721337740821,5.807859018414));
#12586=CARTESIAN_POINT('',(0.610874045802,-1.721337740821,5.80885901728));
#12587=CARTESIAN_POINT('',(0.610874045802,-1.721337740821,5.80885901728));
#12588=CARTESIAN_POINT('',(0.610874045802,-1.721337740821,5.80885901728));
#12589=CARTESIAN_POINT('Origin',(0.538144891233,-1.720821919701,5.80885901728));
#12590=CARTESIAN_POINT('',(0.538144891233,-1.720821919701,5.807859018414));
#12591=CARTESIAN_POINT('',(0.538144891233,-1.720821919701,5.807859018414));
#12592=CARTESIAN_POINT('',(0.538144891233,-1.720821919701,5.80885901728));
#12593=CARTESIAN_POINT('',(0.538144891233,-1.720821919701,5.80885901728));
#12594=CARTESIAN_POINT('',(0.538144891233,-1.720821919701,5.80885901728));
#12595=CARTESIAN_POINT('Origin',(0.537979710489,-1.744111884852,5.80885901728));
#12596=CARTESIAN_POINT('',(0.537979710489,-1.744111884852,5.807859018414));
#12597=CARTESIAN_POINT('',(0.537979710489,-1.744111884852,5.807859018414));
#12598=CARTESIAN_POINT('',(0.537979710489,-1.744111884852,5.80885901728));
#12599=CARTESIAN_POINT('',(0.537979710489,-1.744111884852,5.80885901728));
#12600=CARTESIAN_POINT('',(0.537979710489,-1.744111884852,5.80885901728));
#12601=CARTESIAN_POINT('Origin',(0.610708865057,-1.744627705972,5.80885901728));
#12602=CARTESIAN_POINT('',(0.610708865057,-1.744627705972,5.807859018414));
#12603=CARTESIAN_POINT('',(0.610708865057,-1.744627705972,5.807859018414));
#12604=CARTESIAN_POINT('',(0.610708865057,-1.744627705972,5.80885901728));
#12605=CARTESIAN_POINT('',(0.610708865057,-1.744627705972,5.80885901728));
#12606=CARTESIAN_POINT('',(0.610708865057,-1.744627705972,5.80885901728));
#12607=CARTESIAN_POINT('Origin',(0.610247243869,-1.809714840727,5.80885901728));
#12608=CARTESIAN_POINT('',(0.610247243869,-1.809714840727,5.807859018414));
#12609=CARTESIAN_POINT('',(0.610247243869,-1.809714840727,5.807859018414));
#12610=CARTESIAN_POINT('',(0.610247243869,-1.809714840727,5.80885901728));
#12611=CARTESIAN_POINT('',(0.610247243869,-1.809714840727,5.80885901728));
#12612=CARTESIAN_POINT('',(0.610247243869,-1.809714840727,5.80885901728));
#12613=CARTESIAN_POINT('Origin',(0.531747584542,-1.809158093128,5.80885901728));
#12614=CARTESIAN_POINT('',(0.531747584542,-1.809158093128,5.807859018414));
#12615=CARTESIAN_POINT('',(0.531747584542,-1.809158093128,5.807859018414));
#12616=CARTESIAN_POINT('',(0.531747584542,-1.809158093128,5.80885901728));
#12617=CARTESIAN_POINT('',(0.531747584542,-1.809158093128,5.80885901728));
#12618=CARTESIAN_POINT('',(0.531747584542,-1.809158093128,5.80885901728));
#12619=CARTESIAN_POINT('Origin',(0.531581666383,-1.832552031337,5.80885901728));
#12620=CARTESIAN_POINT('',(0.531581666383,-1.832552031337,5.807859018414));
#12621=CARTESIAN_POINT('',(0.531581666383,-1.832552031337,5.807859018414));
#12622=CARTESIAN_POINT('',(0.531581666383,-1.832552031337,5.80885901728));
#12623=CARTESIAN_POINT('',(0.531581666383,-1.832552031337,5.80885901728));
#12624=CARTESIAN_POINT('',(0.531581666383,-1.832552031337,5.80885901728));
#12625=CARTESIAN_POINT('Origin',(0.636334523035,-1.833294975981,5.80885901728));
#12626=CARTESIAN_POINT('',(0.636334523035,-1.833294975981,5.807859018414));
#12627=CARTESIAN_POINT('',(0.636334523035,-1.833294975981,5.807859018414));
#12628=CARTESIAN_POINT('',(0.636334523035,-1.833294975981,5.80885901728));
#12629=CARTESIAN_POINT('',(0.636334523035,-1.833294975981,5.80885901728));
#12630=CARTESIAN_POINT('',(0.636334523035,-1.833294975981,5.80885901728));
#12631=CARTESIAN_POINT('Origin',(0.637776904895,-1.62992367314,5.80885901728));
#12632=CARTESIAN_POINT('',(0.637776904895,-1.62992367314,5.807859018414));
#12633=CARTESIAN_POINT('',(0.637776904895,-1.62992367314,5.807859018414));
#12634=CARTESIAN_POINT('',(0.637776904895,-1.62992367314,5.80885901728));
#12635=CARTESIAN_POINT('',(0.637776904895,-1.62992367314,5.80885901728));
#12636=CARTESIAN_POINT('',(0.637776904895,-1.62992367314,5.80885901728));
#12637=CARTESIAN_POINT('Origin',(0.52839724713,-1.629147913572,5.80885901728));
#12638=CARTESIAN_POINT('',(0.52839724713,-1.629147913572,5.807859018414));
#12639=CARTESIAN_POINT('',(0.52839724713,-1.629147913572,5.80885901728));
#12640=CARTESIAN_POINT('Origin',(0.,-1.1101800849,5.80885901728));
#12641=CARTESIAN_POINT('Origin',(0.,-1.1101800849,5.807859018414));
#12642=CARTESIAN_POINT('Origin',(0.388224480536,-1.824815694106,5.80885901728));
#12643=CARTESIAN_POINT('',(0.489979201935,-1.628875439085,5.80885901728));
#12644=CARTESIAN_POINT('',(0.434041696348,-1.628478710332,5.80885901728));
#12645=CARTESIAN_POINT('',(0.434041696348,-1.628478710332,5.80885901728));
#12646=CARTESIAN_POINT('',(0.354872106809,-1.656407262456,5.80885901728));
#12647=CARTESIAN_POINT('Origin',(11.3361307594327,-19.4469633605211,5.80885901728));
#12648=CARTESIAN_POINT('',(0.323662479655,-1.731986085117,5.80885901728));
#12649=CARTESIAN_POINT('Origin',(23.1422198252569,-15.7944480243999,5.80885901728));
#12650=CARTESIAN_POINT('',(0.353822766633,-1.804360925004,5.80885901728));
#12651=CARTESIAN_POINT('Ctrl Pts',(0.323662479655,-1.731986085117,5.80885901728));
#12652=CARTESIAN_POINT('Ctrl Pts',(0.323448629584,-1.762138272143,5.80885901728));
#12653=CARTESIAN_POINT('Ctrl Pts',(0.333519633224,-1.786228683988,5.80885901728));
#12654=CARTESIAN_POINT('Ctrl Pts',(0.353822766633,-1.804360925004,5.80885901728));
#12655=CARTESIAN_POINT('',(0.430519853314,-1.831835264892,5.80885901728));
#12656=CARTESIAN_POINT('Ctrl Pts',(0.353822766633,-1.804360925004,5.80885901728));
#12657=CARTESIAN_POINT('Ctrl Pts',(0.374125900041,-1.82249316602,5.80885901728));
#12658=CARTESIAN_POINT('Ctrl Pts',(0.399691841406,-1.83161662163,5.80885901728));
#12659=CARTESIAN_POINT('Ctrl Pts',(0.430519853314,-1.831835264892,5.80885901728));
#12660=CARTESIAN_POINT('',(0.488536820076,-1.832246741926,5.80885901728));
#12661=CARTESIAN_POINT('',(0.488536820076,-1.832246741926,5.80885901728));
#12662=CARTESIAN_POINT('',(0.489979201935,-1.628875439085,5.80885901728));
#12663=CARTESIAN_POINT('',(0.462449540909,-1.808666606671,5.80885901728));
#12664=CARTESIAN_POINT('',(0.463561561279,-1.651875234133,5.80885901728));
#12665=CARTESIAN_POINT('',(0.462449540909,-1.808666606671,5.80885901728));
#12666=CARTESIAN_POINT('',(0.431725502061,-1.808448700823,5.80885901728));
#12667=CARTESIAN_POINT('',(0.431725502061,-1.808448700823,5.80885901728));
#12668=CARTESIAN_POINT('',(0.3731683946,-1.788901387794,5.80885901728));
#12669=CARTESIAN_POINT('Origin',(10.2859067570576,11.3128929941797,5.80885901728));
#12670=CARTESIAN_POINT('',(0.351272488641,-1.731454057133,5.80885901728));
#12671=CARTESIAN_POINT('Origin',(4.4682633630311,1.67395747892845,5.80885901728));
#12672=CARTESIAN_POINT('',(0.3734224465,-1.672447506259,5.80885901728));
#12673=CARTESIAN_POINT('Origin',(6.90006569719609,-6.92268802087758,5.80885901728));
#12674=CARTESIAN_POINT('',(0.434033212605,-1.651665808546,5.80885901728));
#12675=CARTESIAN_POINT('Origin',(6.72314544171159,-9.61365521644354,5.80885901728));
#12676=CARTESIAN_POINT('',(0.463561561279,-1.651875234133,5.80885901728));
#12677=CARTESIAN_POINT('Origin',(0.388224480536,-1.824815694106,5.807859018414));
#12678=CARTESIAN_POINT('',(0.489979201935,-1.628875439085,5.807859018414));
#12679=CARTESIAN_POINT('',(0.434041696348,-1.628478710332,5.807859018414));
#12680=CARTESIAN_POINT('',(0.434041696348,-1.628478710332,5.807859018414));
#12681=CARTESIAN_POINT('',(0.488536820076,-1.832246741926,5.807859018414));
#12682=CARTESIAN_POINT('',(0.489979201935,-1.628875439085,5.807859018414));
#12683=CARTESIAN_POINT('',(0.430519853314,-1.831835264892,5.807859018414));
#12684=CARTESIAN_POINT('',(0.488536820076,-1.832246741926,5.807859018414));
#12685=CARTESIAN_POINT('',(0.353822766633,-1.804360925004,5.807859018414));
#12686=CARTESIAN_POINT('Ctrl Pts',(0.353822766633,-1.804360925004,5.807859018414));
#12687=CARTESIAN_POINT('Ctrl Pts',(0.374125900041,-1.82249316602,5.807859018414));
#12688=CARTESIAN_POINT('Ctrl Pts',(0.399691841406,-1.83161662163,5.807859018414));
#12689=CARTESIAN_POINT('Ctrl Pts',(0.430519853314,-1.831835264892,5.807859018414));
#12690=CARTESIAN_POINT('',(0.323662479655,-1.731986085117,5.807859018414));
#12691=CARTESIAN_POINT('Ctrl Pts',(0.323662479655,-1.731986085117,5.807859018414));
#12692=CARTESIAN_POINT('Ctrl Pts',(0.323448629584,-1.762138272143,5.807859018414));
#12693=CARTESIAN_POINT('Ctrl Pts',(0.333519633224,-1.786228683988,5.807859018414));
#12694=CARTESIAN_POINT('Ctrl Pts',(0.353822766633,-1.804360925004,5.807859018414));
#12695=CARTESIAN_POINT('',(0.354872106809,-1.656407262456,5.807859018414));
#12696=CARTESIAN_POINT('Origin',(23.1422198252569,-15.7944480243999,5.807859018414));
#12697=CARTESIAN_POINT('Origin',(11.3361307594327,-19.4469633605211,5.807859018414));
#12698=CARTESIAN_POINT('',(0.431725502061,-1.808448700823,5.807859018414));
#12699=CARTESIAN_POINT('',(0.462449540909,-1.808666606671,5.807859018414));
#12700=CARTESIAN_POINT('',(0.431725502061,-1.808448700823,5.807859018414));
#12701=CARTESIAN_POINT('',(0.463561561279,-1.651875234133,5.807859018414));
#12702=CARTESIAN_POINT('',(0.462449540909,-1.808666606671,5.807859018414));
#12703=CARTESIAN_POINT('',(0.434033212605,-1.651665808546,5.807859018414));
#12704=CARTESIAN_POINT('',(0.463561561279,-1.651875234133,5.807859018414));
#12705=CARTESIAN_POINT('',(0.3734224465,-1.672447506259,5.807859018414));
#12706=CARTESIAN_POINT('Origin',(6.72314544171159,-9.61365521644354,5.807859018414));
#12707=CARTESIAN_POINT('',(0.351272488641,-1.731454057133,5.807859018414));
#12708=CARTESIAN_POINT('Origin',(6.90006569719609,-6.92268802087758,5.807859018414));
#12709=CARTESIAN_POINT('',(0.3731683946,-1.788901387794,5.807859018414));
#12710=CARTESIAN_POINT('Origin',(4.4682633630311,1.67395747892845,5.807859018414));
#12711=CARTESIAN_POINT('Origin',(10.2859067570576,11.3128929941797,5.807859018414));
#12712=CARTESIAN_POINT('Origin',(0.434041696348,-1.628478710332,5.80885901728));
#12713=CARTESIAN_POINT('',(0.434041696348,-1.628478710332,5.80885901728));
#12714=CARTESIAN_POINT('',(0.489979201935,-1.628875439085,5.80885901728));
#12715=CARTESIAN_POINT('Ctrl Pts',(0.434041696348,-1.628478710332,5.80885901728));
#12716=CARTESIAN_POINT('Ctrl Pts',(0.434041696348,-1.628478710332,5.8076590186408));
#12717=CARTESIAN_POINT('Ctrl Pts',(0.401862034677,-1.628250480687,5.80885901728));
#12718=CARTESIAN_POINT('Ctrl Pts',(0.401862034677,-1.628250480687,5.8076590186408));
#12719=CARTESIAN_POINT('Ctrl Pts',(0.375437759615,-1.637525094571,5.80885901728));
#12720=CARTESIAN_POINT('Ctrl Pts',(0.375437759615,-1.637525094571,5.8076590186408));
#12721=CARTESIAN_POINT('Ctrl Pts',(0.354872106809,-1.656407262456,5.80885901728));
#12722=CARTESIAN_POINT('Ctrl Pts',(0.354872106809,-1.656407262456,5.8076590186408));
#12723=CARTESIAN_POINT('',(0.354872106809,-1.656407262456,5.80885901728));
#12724=CARTESIAN_POINT('Ctrl Pts',(0.354872106809,-1.656407262456,5.80885901728));
#12725=CARTESIAN_POINT('Ctrl Pts',(0.354872106809,-1.656407262456,5.8076590186408));
#12726=CARTESIAN_POINT('Ctrl Pts',(0.334306454003,-1.675289430343,5.80885901728));
#12727=CARTESIAN_POINT('Ctrl Pts',(0.334306454003,-1.675289430343,5.8076590186408));
#12728=CARTESIAN_POINT('Ctrl Pts',(0.323885916109,-1.700482248327,5.80885901728));
#12729=CARTESIAN_POINT('Ctrl Pts',(0.323885916109,-1.700482248327,5.8076590186408));
#12730=CARTESIAN_POINT('Ctrl Pts',(0.323662479655,-1.731986085117,5.80885901728));
#12731=CARTESIAN_POINT('Ctrl Pts',(0.323662479655,-1.731986085117,5.8076590186408));
#12732=CARTESIAN_POINT('',(0.323662479655,-1.731986085117,5.80885901728));
#12733=CARTESIAN_POINT('Ctrl Pts',(0.323662479655,-1.731986085117,5.80885901728));
#12734=CARTESIAN_POINT('Ctrl Pts',(0.323662479655,-1.731986085117,5.8076590186408));
#12735=CARTESIAN_POINT('Ctrl Pts',(0.323448629584,-1.762138272143,5.80885901728));
#12736=CARTESIAN_POINT('Ctrl Pts',(0.323448629584,-1.762138272143,5.8076590186408));
#12737=CARTESIAN_POINT('Ctrl Pts',(0.333519633224,-1.786228683988,5.80885901728));
#12738=CARTESIAN_POINT('Ctrl Pts',(0.333519633224,-1.786228683988,5.8076590186408));
#12739=CARTESIAN_POINT('Ctrl Pts',(0.353822766633,-1.804360925004,5.80885901728));
#12740=CARTESIAN_POINT('Ctrl Pts',(0.353822766633,-1.804360925004,5.8076590186408));
#12741=CARTESIAN_POINT('',(0.353822766633,-1.804360925004,5.80885901728));
#12742=CARTESIAN_POINT('Ctrl Pts',(0.353822766633,-1.804360925004,5.80885901728));
#12743=CARTESIAN_POINT('Ctrl Pts',(0.353822766633,-1.804360925004,5.8076590186408));
#12744=CARTESIAN_POINT('Ctrl Pts',(0.374125900041,-1.82249316602,5.80885901728));
#12745=CARTESIAN_POINT('Ctrl Pts',(0.374125900041,-1.82249316602,5.8076590186408));
#12746=CARTESIAN_POINT('Ctrl Pts',(0.399691841406,-1.83161662163,5.80885901728));
#12747=CARTESIAN_POINT('Ctrl Pts',(0.399691841406,-1.83161662163,5.8076590186408));
#12748=CARTESIAN_POINT('Ctrl Pts',(0.430519853314,-1.831835264892,5.80885901728));
#12749=CARTESIAN_POINT('Ctrl Pts',(0.430519853314,-1.831835264892,5.8076590186408));
#12750=CARTESIAN_POINT('',(0.430519853314,-1.831835264892,5.80885901728));
#12751=CARTESIAN_POINT('Origin',(0.488536820076,-1.832246741926,5.80885901728));
#12752=CARTESIAN_POINT('',(0.488536820076,-1.832246741926,5.80885901728));
#12753=CARTESIAN_POINT('Origin',(0.489979201935,-1.628875439085,5.80885901728));
#12754=CARTESIAN_POINT('Origin',(0.431725502061,-1.808448700823,5.80885901728));
#12755=CARTESIAN_POINT('',(0.431725502061,-1.808448700823,5.80885901728));
#12756=CARTESIAN_POINT('',(0.462449540909,-1.808666606671,5.80885901728));
#12757=CARTESIAN_POINT('Origin',(0.462449540909,-1.808666606671,5.80885901728));
#12758=CARTESIAN_POINT('',(0.463561561279,-1.651875234133,5.80885901728));
#12759=CARTESIAN_POINT('Origin',(0.463561561279,-1.651875234133,5.80885901728));
#12760=CARTESIAN_POINT('',(0.434033212605,-1.651665808546,5.80885901728));
#12761=CARTESIAN_POINT('Ctrl Pts',(0.434033212605,-1.651665808546,5.80885901728));
#12762=CARTESIAN_POINT('Ctrl Pts',(0.434033212605,-1.651665808546,5.8076590186408));
#12763=CARTESIAN_POINT('Ctrl Pts',(0.408195907515,-1.651482561157,5.80885901728));
#12764=CARTESIAN_POINT('Ctrl Pts',(0.408195907515,-1.651482561157,5.8076590186408));
#12765=CARTESIAN_POINT('Ctrl Pts',(0.38797498997,-1.658409670826,5.80885901728));
#12766=CARTESIAN_POINT('Ctrl Pts',(0.38797498997,-1.658409670826,5.8076590186408));
#12767=CARTESIAN_POINT('Ctrl Pts',(0.3734224465,-1.672447506259,5.80885901728));
#12768=CARTESIAN_POINT('Ctrl Pts',(0.3734224465,-1.672447506259,5.8076590186408));
#12769=CARTESIAN_POINT('',(0.3734224465,-1.672447506259,5.80885901728));
#12770=CARTESIAN_POINT('Ctrl Pts',(0.3734224465,-1.672447506259,5.80885901728));
#12771=CARTESIAN_POINT('Ctrl Pts',(0.3734224465,-1.672447506259,5.8076590186408));
#12772=CARTESIAN_POINT('Ctrl Pts',(0.358818653914,-1.686380999927,5.80885901728));
#12773=CARTESIAN_POINT('Ctrl Pts',(0.358818653914,-1.686380999927,5.8076590186408));
#12774=CARTESIAN_POINT('Ctrl Pts',(0.351452417666,-1.706084630807,5.80885901728));
#12775=CARTESIAN_POINT('Ctrl Pts',(0.351452417666,-1.706084630807,5.8076590186408));
#12776=CARTESIAN_POINT('Ctrl Pts',(0.351272488641,-1.731454057133,5.80885901728));
#12777=CARTESIAN_POINT('Ctrl Pts',(0.351272488641,-1.731454057133,5.8076590186408));
#12778=CARTESIAN_POINT('',(0.351272488641,-1.731454057133,5.80885901728));
#12779=CARTESIAN_POINT('Ctrl Pts',(0.351272488641,-1.731454057133,5.80885901728));
#12780=CARTESIAN_POINT('Ctrl Pts',(0.351272488641,-1.731454057133,5.8076590186408));
#12781=CARTESIAN_POINT('Ctrl Pts',(0.351092559615,-1.756823483459,5.80885901728));
#12782=CARTESIAN_POINT('Ctrl Pts',(0.351092559615,-1.756823483459,5.8076590186408));
#12783=CARTESIAN_POINT('Ctrl Pts',(0.358390949131,-1.776007251366,5.80885901728));
#12784=CARTESIAN_POINT('Ctrl Pts',(0.358390949131,-1.776007251366,5.8076590186408));
#12785=CARTESIAN_POINT('Ctrl Pts',(0.3731683946,-1.788901387794,5.80885901728));
#12786=CARTESIAN_POINT('Ctrl Pts',(0.3731683946,-1.788901387794,5.8076590186408));
#12787=CARTESIAN_POINT('',(0.3731683946,-1.788901387794,5.80885901728));
#12788=CARTESIAN_POINT('Ctrl Pts',(0.3731683946,-1.788901387794,5.80885901728));
#12789=CARTESIAN_POINT('Ctrl Pts',(0.3731683946,-1.788901387794,5.8076590186408));
#12790=CARTESIAN_POINT('Ctrl Pts',(0.387945840071,-1.801795524224,5.80885901728));
#12791=CARTESIAN_POINT('Ctrl Pts',(0.387945840071,-1.801795524224,5.8076590186408));
#12792=CARTESIAN_POINT('Ctrl Pts',(0.407499779381,-1.808276883352,5.80885901728));
#12793=CARTESIAN_POINT('Ctrl Pts',(0.407499779381,-1.808276883352,5.8076590186408));
#12794=CARTESIAN_POINT('Ctrl Pts',(0.431725502061,-1.808448700823,5.80885901728));
#12795=CARTESIAN_POINT('Ctrl Pts',(0.431725502061,-1.808448700823,5.8076590186408));
#12796=CARTESIAN_POINT('Origin',(0.,-1.1101800849,5.80885901728));
#12797=CARTESIAN_POINT('',(0.130128445732,-1.626323249097,5.80885901728));
#12798=CARTESIAN_POINT('',(0.206145992613,-1.830243925397,5.80885901728));
#12799=CARTESIAN_POINT('',(0.206145992613,-1.830243925397,5.80885901728));
#12800=CARTESIAN_POINT('',(0.234218718466,-1.830443027188,5.80885901728));
#12801=CARTESIAN_POINT('',(0.234218718466,-1.830443027188,5.80885901728));
#12802=CARTESIAN_POINT('',(0.313121029065,-1.627621097805,5.80885901728));
#12803=CARTESIAN_POINT('',(0.313121029065,-1.627621097805,5.80885901728));
#12804=CARTESIAN_POINT('',(0.284112545685,-1.627415359288,5.80885901728));
#12805=CARTESIAN_POINT('',(0.284112545685,-1.627415359288,5.80885901728));
#12806=CARTESIAN_POINT('',(0.264171094137,-1.682902311861,5.80885901728));
#12807=CARTESIAN_POINT('',(0.264171094137,-1.682902311861,5.80885901728));
#12808=CARTESIAN_POINT('',(0.179485037815,-1.682301688126,5.80885901728));
#12809=CARTESIAN_POINT('',(0.179485037815,-1.682301688126,5.80885901728));
#12810=CARTESIAN_POINT('',(0.159136929112,-1.626528987614,5.80885901728));
#12811=CARTESIAN_POINT('',(0.159136929112,-1.626528987614,5.80885901728));
#12812=CARTESIAN_POINT('',(0.130128445732,-1.626323249097,5.80885901728));
#12813=CARTESIAN_POINT('',(0.255690280937,-1.705821364713,5.80885901728));
#12814=CARTESIAN_POINT('',(0.187431967892,-1.705337252397,5.80885901728));
#12815=CARTESIAN_POINT('',(0.255690280937,-1.705821364713,5.80885901728));
#12816=CARTESIAN_POINT('',(0.22467864365,-1.790135767839,5.80885901728));
#12817=CARTESIAN_POINT('',(0.22467864365,-1.790135767839,5.80885901728));
#12818=CARTESIAN_POINT('',(0.221250480048,-1.804356479634,5.80885901728));
#12819=CARTESIAN_POINT('Ctrl Pts',(0.221250480048,-1.804356479634,5.80885901728));
#12820=CARTESIAN_POINT('Ctrl Pts',(0.222281731534,-1.798229074603,5.80885901728));
#12821=CARTESIAN_POINT('Ctrl Pts',(0.223407369697,-1.79345405675,5.80885901728));
#12822=CARTESIAN_POINT('Ctrl Pts',(0.22467864365,-1.790135767839,5.80885901728));
#12823=CARTESIAN_POINT('',(0.220626641696,-1.80435205515,5.80885901728));
#12824=CARTESIAN_POINT('',(0.220626641696,-1.80435205515,5.80885901728));
#12825=CARTESIAN_POINT('',(0.217556489128,-1.790085254978,5.80885901728));
#12826=CARTESIAN_POINT('Ctrl Pts',(0.217556489128,-1.790085254978,5.80885901728));
#12827=CARTESIAN_POINT('Ctrl Pts',(0.218524323007,-1.792899532996,5.80885901728));
#12828=CARTESIAN_POINT('Ctrl Pts',(0.219530869963,-1.797585694779,5.80885901728));
#12829=CARTESIAN_POINT('Ctrl Pts',(0.220626641696,-1.80435205515,5.80885901728));
#12830=CARTESIAN_POINT('',(0.187431967892,-1.705337252397,5.80885901728));
#12831=CARTESIAN_POINT('Origin',(0.,-1.1101800849,5.807859018414));
#12832=CARTESIAN_POINT('',(0.130128445732,-1.626323249097,5.807859018414));
#12833=CARTESIAN_POINT('',(0.206145992613,-1.830243925397,5.807859018414));
#12834=CARTESIAN_POINT('',(0.206145992613,-1.830243925397,5.807859018414));
#12835=CARTESIAN_POINT('',(0.159136929112,-1.626528987614,5.807859018414));
#12836=CARTESIAN_POINT('',(0.130128445732,-1.626323249097,5.807859018414));
#12837=CARTESIAN_POINT('',(0.179485037815,-1.682301688126,5.807859018414));
#12838=CARTESIAN_POINT('',(0.159136929112,-1.626528987614,5.807859018414));
#12839=CARTESIAN_POINT('',(0.264171094137,-1.682902311861,5.807859018414));
#12840=CARTESIAN_POINT('',(0.179485037815,-1.682301688126,5.807859018414));
#12841=CARTESIAN_POINT('',(0.284112545685,-1.627415359288,5.807859018414));
#12842=CARTESIAN_POINT('',(0.264171094137,-1.682902311861,5.807859018414));
#12843=CARTESIAN_POINT('',(0.313121029065,-1.627621097805,5.807859018414));
#12844=CARTESIAN_POINT('',(0.284112545685,-1.627415359288,5.807859018414));
#12845=CARTESIAN_POINT('',(0.234218718466,-1.830443027188,5.807859018414));
#12846=CARTESIAN_POINT('',(0.313121029065,-1.627621097805,5.807859018414));
#12847=CARTESIAN_POINT('',(0.234218718466,-1.830443027188,5.807859018414));
#12848=CARTESIAN_POINT('',(0.22467864365,-1.790135767839,5.807859018414));
#12849=CARTESIAN_POINT('',(0.255690280937,-1.705821364713,5.807859018414));
#12850=CARTESIAN_POINT('',(0.22467864365,-1.790135767839,5.807859018414));
#12851=CARTESIAN_POINT('',(0.187431967892,-1.705337252397,5.807859018414));
#12852=CARTESIAN_POINT('',(0.255690280937,-1.705821364713,5.807859018414));
#12853=CARTESIAN_POINT('',(0.217556489128,-1.790085254978,5.807859018414));
#12854=CARTESIAN_POINT('',(0.187431967892,-1.705337252397,5.807859018414));
#12855=CARTESIAN_POINT('',(0.220626641696,-1.80435205515,5.807859018414));
#12856=CARTESIAN_POINT('Ctrl Pts',(0.217556489128,-1.790085254978,5.807859018414));
#12857=CARTESIAN_POINT('Ctrl Pts',(0.218524323007,-1.792899532996,5.807859018414));
#12858=CARTESIAN_POINT('Ctrl Pts',(0.219530869963,-1.797585694779,5.807859018414));
#12859=CARTESIAN_POINT('Ctrl Pts',(0.220626641696,-1.80435205515,5.807859018414));
#12860=CARTESIAN_POINT('',(0.221250480048,-1.804356479634,5.807859018414));
#12861=CARTESIAN_POINT('',(0.220626641696,-1.80435205515,5.807859018414));
#12862=CARTESIAN_POINT('Ctrl Pts',(0.221250480048,-1.804356479634,5.807859018414));
#12863=CARTESIAN_POINT('Ctrl Pts',(0.222281731534,-1.798229074603,5.807859018414));
#12864=CARTESIAN_POINT('Ctrl Pts',(0.223407369697,-1.79345405675,5.807859018414));
#12865=CARTESIAN_POINT('Ctrl Pts',(0.22467864365,-1.790135767839,5.807859018414));
#12866=CARTESIAN_POINT('Origin',(0.206145992613,-1.830243925397,5.80885901728));
#12867=CARTESIAN_POINT('',(0.206145992613,-1.830243925397,5.80885901728));
#12868=CARTESIAN_POINT('',(0.130128445732,-1.626323249097,5.80885901728));
#12869=CARTESIAN_POINT('Origin',(0.234218718466,-1.830443027188,5.80885901728));
#12870=CARTESIAN_POINT('',(0.234218718466,-1.830443027188,5.80885901728));
#12871=CARTESIAN_POINT('Origin',(0.313121029065,-1.627621097805,5.80885901728));
#12872=CARTESIAN_POINT('',(0.313121029065,-1.627621097805,5.80885901728));
#12873=CARTESIAN_POINT('Origin',(0.284112545685,-1.627415359288,5.80885901728));
#12874=CARTESIAN_POINT('',(0.284112545685,-1.627415359288,5.80885901728));
#12875=CARTESIAN_POINT('Origin',(0.264171094137,-1.682902311861,5.80885901728));
#12876=CARTESIAN_POINT('',(0.264171094137,-1.682902311861,5.80885901728));
#12877=CARTESIAN_POINT('Origin',(0.179485037815,-1.682301688126,5.80885901728));
#12878=CARTESIAN_POINT('',(0.179485037815,-1.682301688126,5.80885901728));
#12879=CARTESIAN_POINT('Origin',(0.159136929112,-1.626528987614,5.80885901728));
#12880=CARTESIAN_POINT('',(0.159136929112,-1.626528987614,5.80885901728));
#12881=CARTESIAN_POINT('Origin',(0.130128445732,-1.626323249097,5.80885901728));
#12882=CARTESIAN_POINT('Origin',(0.255690280937,-1.705821364713,5.80885901728));
#12883=CARTESIAN_POINT('',(0.255690280937,-1.705821364713,5.80885901728));
#12884=CARTESIAN_POINT('',(0.187431967892,-1.705337252397,5.80885901728));
#12885=CARTESIAN_POINT('Origin',(0.187431967892,-1.705337252397,5.80885901728));
#12886=CARTESIAN_POINT('',(0.217556489128,-1.790085254978,5.80885901728));
#12887=CARTESIAN_POINT('Ctrl Pts',(0.217556489128,-1.790085254978,5.80885901728));
#12888=CARTESIAN_POINT('Ctrl Pts',(0.217556489128,-1.790085254978,5.8076590186408));
#12889=CARTESIAN_POINT('Ctrl Pts',(0.218524323007,-1.792899532996,5.80885901728));
#12890=CARTESIAN_POINT('Ctrl Pts',(0.218524323007,-1.792899532996,5.8076590186408));
#12891=CARTESIAN_POINT('Ctrl Pts',(0.219530869963,-1.797585694779,5.80885901728));
#12892=CARTESIAN_POINT('Ctrl Pts',(0.219530869963,-1.797585694779,5.8076590186408));
#12893=CARTESIAN_POINT('Ctrl Pts',(0.220626641696,-1.80435205515,5.80885901728));
#12894=CARTESIAN_POINT('Ctrl Pts',(0.220626641696,-1.80435205515,5.8076590186408));
#12895=CARTESIAN_POINT('',(0.220626641696,-1.80435205515,5.80885901728));
#12896=CARTESIAN_POINT('Origin',(0.220626641696,-1.80435205515,5.80885901728));
#12897=CARTESIAN_POINT('',(0.221250480048,-1.804356479634,5.80885901728));
#12898=CARTESIAN_POINT('Ctrl Pts',(0.221250480048,-1.804356479634,5.80885901728));
#12899=CARTESIAN_POINT('Ctrl Pts',(0.221250480048,-1.804356479634,5.8076590186408));
#12900=CARTESIAN_POINT('Ctrl Pts',(0.222281731534,-1.798229074603,5.80885901728));
#12901=CARTESIAN_POINT('Ctrl Pts',(0.222281731534,-1.798229074603,5.8076590186408));
#12902=CARTESIAN_POINT('Ctrl Pts',(0.223407369697,-1.79345405675,5.80885901728));
#12903=CARTESIAN_POINT('Ctrl Pts',(0.223407369697,-1.79345405675,5.8076590186408));
#12904=CARTESIAN_POINT('Ctrl Pts',(0.22467864365,-1.790135767839,5.80885901728));
#12905=CARTESIAN_POINT('Ctrl Pts',(0.22467864365,-1.790135767839,5.8076590186408));
#12906=CARTESIAN_POINT('',(0.22467864365,-1.790135767839,5.80885901728));
#12907=CARTESIAN_POINT('Origin',(0.22467864365,-1.790135767839,5.80885901728));
#12908=CARTESIAN_POINT('Origin',(0.839061051289,-1.33189378064,5.80885901728));
#12909=CARTESIAN_POINT('',(0.83922549462,-1.308707788547,5.807859018414));
#12910=CARTESIAN_POINT('',(0.839061051289,-1.33189378064,5.807859018414));
#12911=CARTESIAN_POINT('',(0.839061051289,-1.33189378064,5.807859018414));
#12912=CARTESIAN_POINT('',(0.839061051289,-1.33189378064,5.80885901728));
#12913=CARTESIAN_POINT('',(0.839061051289,-1.33189378064,5.80885901728));
#12914=CARTESIAN_POINT('',(0.83922549462,-1.308707788547,5.80885901728));
#12915=CARTESIAN_POINT('',(0.839061051289,-1.33189378064,5.80885901728));
#12916=CARTESIAN_POINT('',(0.83922549462,-1.308707788547,5.80885901728));
#12917=CARTESIAN_POINT('Origin',(0.92218751173,-1.332483343163,5.80885901728));
#12918=CARTESIAN_POINT('',(0.92218751173,-1.332483343163,5.807859018414));
#12919=CARTESIAN_POINT('',(0.92218751173,-1.332483343163,5.807859018414));
#12920=CARTESIAN_POINT('',(0.92218751173,-1.332483343163,5.80885901728));
#12921=CARTESIAN_POINT('',(0.92218751173,-1.332483343163,5.80885901728));
#12922=CARTESIAN_POINT('',(0.92218751173,-1.332483343163,5.80885901728));
#12923=CARTESIAN_POINT('Origin',(0.921702293293,-1.400897615796,5.80885901728));
#12924=CARTESIAN_POINT('',(0.921702293293,-1.400897615796,5.807859018414));
#12925=CARTESIAN_POINT('',(0.921702293293,-1.400897615796,5.807859018414));
#12926=CARTESIAN_POINT('',(0.921702293293,-1.400897615796,5.80885901728));
#12927=CARTESIAN_POINT('',(0.921702293293,-1.400897615796,5.80885901728));
#12928=CARTESIAN_POINT('',(0.921702293293,-1.400897615796,5.80885901728));
#12929=CARTESIAN_POINT('Origin',(0.848973138723,-1.400381794676,5.80885901728));
#12930=CARTESIAN_POINT('',(0.848973138723,-1.400381794676,5.807859018414));
#12931=CARTESIAN_POINT('',(0.848973138723,-1.400381794676,5.807859018414));
#12932=CARTESIAN_POINT('',(0.848973138723,-1.400381794676,5.80885901728));
#12933=CARTESIAN_POINT('',(0.848973138723,-1.400381794676,5.80885901728));
#12934=CARTESIAN_POINT('',(0.848973138723,-1.400381794676,5.80885901728));
#12935=CARTESIAN_POINT('Origin',(0.848807957978,-1.423671759827,5.80885901728));
#12936=CARTESIAN_POINT('',(0.848807957978,-1.423671759827,5.807859018414));
#12937=CARTESIAN_POINT('',(0.848807957978,-1.423671759827,5.807859018414));
#12938=CARTESIAN_POINT('',(0.848807957978,-1.423671759827,5.80885901728));
#12939=CARTESIAN_POINT('',(0.848807957978,-1.423671759827,5.80885901728));
#12940=CARTESIAN_POINT('',(0.848807957978,-1.423671759827,5.80885901728));
#12941=CARTESIAN_POINT('Origin',(0.921537112548,-1.424187580947,5.80885901728));
#12942=CARTESIAN_POINT('',(0.921537112548,-1.424187580947,5.807859018414));
#12943=CARTESIAN_POINT('',(0.921537112548,-1.424187580947,5.807859018414));
#12944=CARTESIAN_POINT('',(0.921537112548,-1.424187580947,5.80885901728));
#12945=CARTESIAN_POINT('',(0.921537112548,-1.424187580947,5.80885901728));
#12946=CARTESIAN_POINT('',(0.921537112548,-1.424187580947,5.80885901728));
#12947=CARTESIAN_POINT('Origin',(0.92107549136,-1.489274715702,5.80885901728));
#12948=CARTESIAN_POINT('',(0.92107549136,-1.489274715702,5.807859018414));
#12949=CARTESIAN_POINT('',(0.92107549136,-1.489274715702,5.807859018414));
#12950=CARTESIAN_POINT('',(0.92107549136,-1.489274715702,5.80885901728));
#12951=CARTESIAN_POINT('',(0.92107549136,-1.489274715702,5.80885901728));
#12952=CARTESIAN_POINT('',(0.92107549136,-1.489274715702,5.80885901728));
#12953=CARTESIAN_POINT('Origin',(0.842575832032,-1.488717968103,5.80885901728));
#12954=CARTESIAN_POINT('',(0.842575832032,-1.488717968103,5.807859018414));
#12955=CARTESIAN_POINT('',(0.842575832032,-1.488717968103,5.807859018414));
#12956=CARTESIAN_POINT('',(0.842575832032,-1.488717968103,5.80885901728));
#12957=CARTESIAN_POINT('',(0.842575832032,-1.488717968103,5.80885901728));
#12958=CARTESIAN_POINT('',(0.842575832032,-1.488717968103,5.80885901728));
#12959=CARTESIAN_POINT('Origin',(0.842409913874,-1.512111906313,5.80885901728));
#12960=CARTESIAN_POINT('',(0.842409913874,-1.512111906313,5.807859018414));
#12961=CARTESIAN_POINT('',(0.842409913874,-1.512111906313,5.807859018414));
#12962=CARTESIAN_POINT('',(0.842409913874,-1.512111906313,5.80885901728));
#12963=CARTESIAN_POINT('',(0.842409913874,-1.512111906313,5.80885901728));
#12964=CARTESIAN_POINT('',(0.842409913874,-1.512111906313,5.80885901728));
#12965=CARTESIAN_POINT('Origin',(0.947162770526,-1.512854850956,5.80885901728));
#12966=CARTESIAN_POINT('',(0.947162770526,-1.512854850956,5.807859018414));
#12967=CARTESIAN_POINT('',(0.947162770526,-1.512854850956,5.807859018414));
#12968=CARTESIAN_POINT('',(0.947162770526,-1.512854850956,5.80885901728));
#12969=CARTESIAN_POINT('',(0.947162770526,-1.512854850956,5.80885901728));
#12970=CARTESIAN_POINT('',(0.947162770526,-1.512854850956,5.80885901728));
#12971=CARTESIAN_POINT('Origin',(0.948605152385,-1.309483548115,5.80885901728));
#12972=CARTESIAN_POINT('',(0.948605152385,-1.309483548115,5.807859018414));
#12973=CARTESIAN_POINT('',(0.948605152385,-1.309483548115,5.807859018414));
#12974=CARTESIAN_POINT('',(0.948605152385,-1.309483548115,5.80885901728));
#12975=CARTESIAN_POINT('',(0.948605152385,-1.309483548115,5.80885901728));
#12976=CARTESIAN_POINT('',(0.948605152385,-1.309483548115,5.80885901728));
#12977=CARTESIAN_POINT('Origin',(0.83922549462,-1.308707788547,5.80885901728));
#12978=CARTESIAN_POINT('',(0.83922549462,-1.308707788547,5.807859018414));
#12979=CARTESIAN_POINT('',(0.83922549462,-1.308707788547,5.80885901728));
#12980=CARTESIAN_POINT('Origin',(0.,-1.1101800849,5.80885901728));
#12981=CARTESIAN_POINT('Origin',(0.,-1.1101800849,5.807859018414));
#12982=CARTESIAN_POINT('Origin',(0.776312138856,-1.453480262053,5.80885901728));
#12983=CARTESIAN_POINT('',(0.749586683936,-1.456657012686,5.80885901728));
#12984=CARTESIAN_POINT('',(0.799693589002,-1.443495211206,5.80885901728));
#12985=CARTESIAN_POINT('Ctrl Pts',(0.749586683936,-1.456657012686,5.80885901728));
#12986=CARTESIAN_POINT('Ctrl Pts',(0.768509780621,-1.456791222041,5.80885901728));
#12987=CARTESIAN_POINT('Ctrl Pts',(0.785229165349,-1.452438735469,5.80885901728));
#12988=CARTESIAN_POINT('Ctrl Pts',(0.799693589002,-1.443495211206,5.80885901728));
#12989=CARTESIAN_POINT('',(0.799869093543,-1.418749623231,5.80885901728));
#12990=CARTESIAN_POINT('',(0.799869093543,-1.418749623231,5.80885901728));
#12991=CARTESIAN_POINT('',(0.75212480968,-1.435983334525,5.80885901728));
#12992=CARTESIAN_POINT('Ctrl Pts',(0.799869093543,-1.418749623231,5.80885901728));
#12993=CARTESIAN_POINT('Ctrl Pts',(0.785438221068,-1.43029284267,5.80885901728));
#12994=CARTESIAN_POINT('Ctrl Pts',(0.769540297014,-1.436106851376,5.80885901728));
#12995=CARTESIAN_POINT('Ctrl Pts',(0.75212480968,-1.435983334525,5.80885901728));
#12996=CARTESIAN_POINT('',(0.722952629666,-1.400215860273,5.80885901728));
#12997=CARTESIAN_POINT('Origin',(9.12882492096178,8.5774169547054,5.80885901728));
#12998=CARTESIAN_POINT('',(0.766040245987,-1.394490712279,5.80885901728));
#12999=CARTESIAN_POINT('',(0.766040245987,-1.394490712279,5.80885901728));
#13000=CARTESIAN_POINT('',(0.814568019501,-1.347420788913,5.80885901728));
#13001=CARTESIAN_POINT('Ctrl Pts',(0.766040245987,-1.394490712279,5.80885901728));
#13002=CARTESIAN_POINT('Ctrl Pts',(0.798199629932,-1.390247731692,5.80885901728));
#13003=CARTESIAN_POINT('Ctrl Pts',(0.814375554437,-1.374557757237,5.80885901728));
#13004=CARTESIAN_POINT('Ctrl Pts',(0.814568019501,-1.347420788913,5.80885901728));
#13005=CARTESIAN_POINT('',(0.802310264425,-1.31645230079,5.80885901728));
#13006=CARTESIAN_POINT('Ctrl Pts',(0.814568019501,-1.347420788913,5.80885901728));
#13007=CARTESIAN_POINT('Ctrl Pts',(0.814660196256,-1.334424156574,5.80885901728));
#13008=CARTESIAN_POINT('Ctrl Pts',(0.810574277897,-1.324101327199,5.80885901728));
#13009=CARTESIAN_POINT('Ctrl Pts',(0.802310264425,-1.31645230079,5.80885901728));
#13010=CARTESIAN_POINT('',(0.768808082005,-1.304777079598,5.80885901728));
#13011=CARTESIAN_POINT('Origin',(-2.82396014569651,-6.08725642502142,5.80885901728));
#13012=CARTESIAN_POINT('',(0.724123996781,-1.330350758008,5.80885901728));
#13013=CARTESIAN_POINT('Origin',(2.75646446448085,-4.99230597586934,5.80885901728));
#13014=CARTESIAN_POINT('',(0.723448171899,-1.330345964817,5.80885901728));
#13015=CARTESIAN_POINT('',(0.723448171899,-1.330345964817,5.80885901728));
#13016=CARTESIAN_POINT('',(0.723607453332,-1.307887784136,5.80885901728));
#13017=CARTESIAN_POINT('',(0.723607453332,-1.307887784136,5.80885901728));
#13018=CARTESIAN_POINT('',(0.698134053947,-1.307707117697,5.80885901728));
#13019=CARTESIAN_POINT('',(0.698134053947,-1.307707117697,5.80885901728));
#13020=CARTESIAN_POINT('',(0.697471118727,-1.401178897478,5.80885901728));
#13021=CARTESIAN_POINT('',(0.697471118727,-1.401178897478,5.80885901728));
#13022=CARTESIAN_POINT('Ctrl Pts',(0.697471118727,-1.401178897478,5.80885901728));
#13023=CARTESIAN_POINT('Ctrl Pts',(0.697210074157,-1.437985360263,5.80885901728));
#13024=CARTESIAN_POINT('Ctrl Pts',(0.714599749679,-1.456408872862,5.80885901728));
#13025=CARTESIAN_POINT('Ctrl Pts',(0.749586683936,-1.456657012686,5.80885901728));
#13026=CARTESIAN_POINT('',(0.781827195029,-1.367672302177,5.80885901728));
#13027=CARTESIAN_POINT('',(0.78871596613,-1.349317002698,5.80885901728));
#13028=CARTESIAN_POINT('Origin',(0.288763380068703,-0.970769801942908,5.80885901728));
#13029=CARTESIAN_POINT('',(0.757122162508,-1.3764392181,5.80885901728));
#13030=CARTESIAN_POINT('Ctrl Pts',(0.757122162508,-1.3764392181,5.80885901728));
#13031=CARTESIAN_POINT('Ctrl Pts',(0.769038876354,-1.374860083067,5.80885901728));
#13032=CARTESIAN_POINT('Ctrl Pts',(0.777273395586,-1.372007093133,5.80885901728));
#13033=CARTESIAN_POINT('Ctrl Pts',(0.781827195029,-1.367672302177,5.80885901728));
#13034=CARTESIAN_POINT('',(0.723090526091,-1.380772898293,5.80885901728));
#13035=CARTESIAN_POINT('',(0.723090526091,-1.380772898293,5.80885901728));
#13036=CARTESIAN_POINT('',(0.723189339572,-1.366840508425,5.80885901728));
#13037=CARTESIAN_POINT('',(0.723189339572,-1.366840508425,5.80885901728));
#13038=CARTESIAN_POINT('',(0.734316673738,-1.337285615167,5.80885901728));
#13039=CARTESIAN_POINT('Ctrl Pts',(0.734316673738,-1.337285615167,5.80885901728));
#13040=CARTESIAN_POINT('Ctrl Pts',(0.726983253575,-1.345031975587,5.80885901728));
#13041=CARTESIAN_POINT('Ctrl Pts',(0.723274142186,-1.354883606673,5.80885901728));
#13042=CARTESIAN_POINT('Ctrl Pts',(0.723189339572,-1.366840508425,5.80885901728));
#13043=CARTESIAN_POINT('',(0.762057572555,-1.325628838607,5.80885901728));
#13044=CARTESIAN_POINT('Origin',(1.22347589532945,-2.29061234090611,5.80885901728));
#13045=CARTESIAN_POINT('',(0.78145407745,-1.332317037731,5.80885901728));
#13046=CARTESIAN_POINT('Origin',(0.210317538997031,-2.08655364215171,5.80885901728));
#13047=CARTESIAN_POINT('Ctrl Pts',(0.78871596613,-1.349317002698,5.80885901728));
#13048=CARTESIAN_POINT('Ctrl Pts',(0.788765372871,-1.342350807765,5.80885901728));
#13049=CARTESIAN_POINT('Ctrl Pts',(0.786361826349,-1.336718933364,5.80885901728));
#13050=CARTESIAN_POINT('Ctrl Pts',(0.78145407745,-1.332317037731,5.80885901728));
#13051=CARTESIAN_POINT('Origin',(0.776312138856,-1.453480262053,5.807859018414));
#13052=CARTESIAN_POINT('',(0.749586683936,-1.456657012686,5.807859018414));
#13053=CARTESIAN_POINT('',(0.799693589002,-1.443495211206,5.807859018414));
#13054=CARTESIAN_POINT('Ctrl Pts',(0.749586683936,-1.456657012686,5.807859018414));
#13055=CARTESIAN_POINT('Ctrl Pts',(0.768509780621,-1.456791222041,5.807859018414));
#13056=CARTESIAN_POINT('Ctrl Pts',(0.785229165349,-1.452438735469,5.807859018414));
#13057=CARTESIAN_POINT('Ctrl Pts',(0.799693589002,-1.443495211206,5.807859018414));
#13058=CARTESIAN_POINT('',(0.697471118727,-1.401178897478,5.807859018414));
#13059=CARTESIAN_POINT('Ctrl Pts',(0.697471118727,-1.401178897478,5.807859018414));
#13060=CARTESIAN_POINT('Ctrl Pts',(0.697210074157,-1.437985360263,5.807859018414));
#13061=CARTESIAN_POINT('Ctrl Pts',(0.714599749679,-1.456408872862,5.807859018414));
#13062=CARTESIAN_POINT('Ctrl Pts',(0.749586683936,-1.456657012686,5.807859018414));
#13063=CARTESIAN_POINT('',(0.698134053947,-1.307707117697,5.807859018414));
#13064=CARTESIAN_POINT('',(0.697471118727,-1.401178897478,5.807859018414));
#13065=CARTESIAN_POINT('',(0.723607453332,-1.307887784136,5.807859018414));
#13066=CARTESIAN_POINT('',(0.698134053947,-1.307707117697,5.807859018414));
#13067=CARTESIAN_POINT('',(0.723448171899,-1.330345964817,5.807859018414));
#13068=CARTESIAN_POINT('',(0.723607453332,-1.307887784136,5.807859018414));
#13069=CARTESIAN_POINT('',(0.724123996781,-1.330350758008,5.807859018414));
#13070=CARTESIAN_POINT('',(0.723448171899,-1.330345964817,5.807859018414));
#13071=CARTESIAN_POINT('',(0.768808082005,-1.304777079598,5.807859018414));
#13072=CARTESIAN_POINT('Origin',(2.75646446448085,-4.99230597586934,5.807859018414));
#13073=CARTESIAN_POINT('',(0.802310264425,-1.31645230079,5.807859018414));
#13074=CARTESIAN_POINT('Origin',(-2.82396014569651,-6.08725642502142,5.807859018414));
#13075=CARTESIAN_POINT('',(0.814568019501,-1.347420788913,5.807859018414));
#13076=CARTESIAN_POINT('Ctrl Pts',(0.814568019501,-1.347420788913,5.807859018414));
#13077=CARTESIAN_POINT('Ctrl Pts',(0.814660196256,-1.334424156574,5.807859018414));
#13078=CARTESIAN_POINT('Ctrl Pts',(0.810574277897,-1.324101327199,5.807859018414));
#13079=CARTESIAN_POINT('Ctrl Pts',(0.802310264425,-1.31645230079,5.807859018414));
#13080=CARTESIAN_POINT('',(0.766040245987,-1.394490712279,5.807859018414));
#13081=CARTESIAN_POINT('Ctrl Pts',(0.766040245987,-1.394490712279,5.807859018414));
#13082=CARTESIAN_POINT('Ctrl Pts',(0.798199629932,-1.390247731692,5.807859018414));
#13083=CARTESIAN_POINT('Ctrl Pts',(0.814375554437,-1.374557757237,5.807859018414));
#13084=CARTESIAN_POINT('Ctrl Pts',(0.814568019501,-1.347420788913,5.807859018414));
#13085=CARTESIAN_POINT('',(0.722952629666,-1.400215860273,5.807859018414));
#13086=CARTESIAN_POINT('',(0.766040245987,-1.394490712279,5.807859018414));
#13087=CARTESIAN_POINT('',(0.75212480968,-1.435983334525,5.807859018414));
#13088=CARTESIAN_POINT('Origin',(9.12882492096178,8.5774169547054,5.807859018414));
#13089=CARTESIAN_POINT('',(0.799869093543,-1.418749623231,5.807859018414));
#13090=CARTESIAN_POINT('Ctrl Pts',(0.799869093543,-1.418749623231,5.807859018414));
#13091=CARTESIAN_POINT('Ctrl Pts',(0.785438221068,-1.43029284267,5.807859018414));
#13092=CARTESIAN_POINT('Ctrl Pts',(0.769540297014,-1.436106851376,5.807859018414));
#13093=CARTESIAN_POINT('Ctrl Pts',(0.75212480968,-1.435983334525,5.807859018414));
#13094=CARTESIAN_POINT('',(0.799869093543,-1.418749623231,5.807859018414));
#13095=CARTESIAN_POINT('',(0.757122162508,-1.3764392181,5.807859018414));
#13096=CARTESIAN_POINT('',(0.781827195029,-1.367672302177,5.807859018414));
#13097=CARTESIAN_POINT('Ctrl Pts',(0.757122162508,-1.3764392181,5.807859018414));
#13098=CARTESIAN_POINT('Ctrl Pts',(0.769038876354,-1.374860083067,5.807859018414));
#13099=CARTESIAN_POINT('Ctrl Pts',(0.777273395586,-1.372007093133,5.807859018414));
#13100=CARTESIAN_POINT('Ctrl Pts',(0.781827195029,-1.367672302177,5.807859018414));
#13101=CARTESIAN_POINT('',(0.78871596613,-1.349317002698,5.807859018414));
#13102=CARTESIAN_POINT('Origin',(0.288763380068703,-0.970769801942908,5.807859018414));
#13103=CARTESIAN_POINT('',(0.78145407745,-1.332317037731,5.807859018414));
#13104=CARTESIAN_POINT('Ctrl Pts',(0.78871596613,-1.349317002698,5.807859018414));
#13105=CARTESIAN_POINT('Ctrl Pts',(0.788765372871,-1.342350807765,5.807859018414));
#13106=CARTESIAN_POINT('Ctrl Pts',(0.786361826349,-1.336718933364,5.807859018414));
#13107=CARTESIAN_POINT('Ctrl Pts',(0.78145407745,-1.332317037731,5.807859018414));
#13108=CARTESIAN_POINT('',(0.762057572555,-1.325628838607,5.807859018414));
#13109=CARTESIAN_POINT('Origin',(0.210317538997031,-2.08655364215171,5.807859018414));
#13110=CARTESIAN_POINT('',(0.734316673738,-1.337285615167,5.807859018414));
#13111=CARTESIAN_POINT('Origin',(1.22347589532945,-2.29061234090611,5.807859018414));
#13112=CARTESIAN_POINT('',(0.723189339572,-1.366840508425,5.807859018414));
#13113=CARTESIAN_POINT('Ctrl Pts',(0.734316673738,-1.337285615167,5.807859018414));
#13114=CARTESIAN_POINT('Ctrl Pts',(0.726983253575,-1.345031975587,5.807859018414));
#13115=CARTESIAN_POINT('Ctrl Pts',(0.723274142186,-1.354883606673,5.807859018414));
#13116=CARTESIAN_POINT('Ctrl Pts',(0.723189339572,-1.366840508425,5.807859018414));
#13117=CARTESIAN_POINT('',(0.723090526091,-1.380772898293,5.807859018414));
#13118=CARTESIAN_POINT('',(0.723189339572,-1.366840508425,5.807859018414));
#13119=CARTESIAN_POINT('',(0.723090526091,-1.380772898293,5.807859018414));
#13120=CARTESIAN_POINT('Ctrl Pts',(0.749586683936,-1.456657012686,5.80885901728));
#13121=CARTESIAN_POINT('Ctrl Pts',(0.749586683936,-1.456657012686,5.8076590186408));
#13122=CARTESIAN_POINT('Ctrl Pts',(0.768509780621,-1.456791222041,5.80885901728));
#13123=CARTESIAN_POINT('Ctrl Pts',(0.768509780621,-1.456791222041,5.8076590186408));
#13124=CARTESIAN_POINT('Ctrl Pts',(0.785229165349,-1.452438735469,5.80885901728));
#13125=CARTESIAN_POINT('Ctrl Pts',(0.785229165349,-1.452438735469,5.8076590186408));
#13126=CARTESIAN_POINT('Ctrl Pts',(0.799693589002,-1.443495211206,5.80885901728));
#13127=CARTESIAN_POINT('Ctrl Pts',(0.799693589002,-1.443495211206,5.8076590186408));
#13128=CARTESIAN_POINT('',(0.749586683936,-1.456657012686,5.80885901728));
#13129=CARTESIAN_POINT('',(0.799693589002,-1.443495211206,5.80885901728));
#13130=CARTESIAN_POINT('Origin',(0.799869093543,-1.418749623231,5.80885901728));
#13131=CARTESIAN_POINT('',(0.799869093543,-1.418749623231,5.80885901728));
#13132=CARTESIAN_POINT('Ctrl Pts',(0.799869093543,-1.418749623231,5.80885901728));
#13133=CARTESIAN_POINT('Ctrl Pts',(0.799869093543,-1.418749623231,5.8076590186408));
#13134=CARTESIAN_POINT('Ctrl Pts',(0.785438221068,-1.43029284267,5.80885901728));
#13135=CARTESIAN_POINT('Ctrl Pts',(0.785438221068,-1.43029284267,5.8076590186408));
#13136=CARTESIAN_POINT('Ctrl Pts',(0.769540297014,-1.436106851376,5.80885901728));
#13137=CARTESIAN_POINT('Ctrl Pts',(0.769540297014,-1.436106851376,5.8076590186408));
#13138=CARTESIAN_POINT('Ctrl Pts',(0.75212480968,-1.435983334525,5.80885901728));
#13139=CARTESIAN_POINT('Ctrl Pts',(0.75212480968,-1.435983334525,5.8076590186408));
#13140=CARTESIAN_POINT('',(0.75212480968,-1.435983334525,5.80885901728));
#13141=CARTESIAN_POINT('Ctrl Pts',(0.75212480968,-1.435983334525,5.80885901728));
#13142=CARTESIAN_POINT('Ctrl Pts',(0.75212480968,-1.435983334525,5.8076590186408));
#13143=CARTESIAN_POINT('Ctrl Pts',(0.732525888113,-1.435844331979,5.80885901728));
#13144=CARTESIAN_POINT('Ctrl Pts',(0.732525888113,-1.435844331979,5.8076590186408));
#13145=CARTESIAN_POINT('Ctrl Pts',(0.722784499265,-1.423921717658,5.80885901728));
#13146=CARTESIAN_POINT('Ctrl Pts',(0.722784499265,-1.423921717658,5.8076590186408));
#13147=CARTESIAN_POINT('Ctrl Pts',(0.722952629666,-1.400215860273,5.80885901728));
#13148=CARTESIAN_POINT('Ctrl Pts',(0.722952629666,-1.400215860273,5.8076590186408));
#13149=CARTESIAN_POINT('',(0.722952629666,-1.400215860273,5.80885901728));
#13150=CARTESIAN_POINT('Origin',(0.766040245987,-1.394490712279,5.80885901728));
#13151=CARTESIAN_POINT('',(0.766040245987,-1.394490712279,5.80885901728));
#13152=CARTESIAN_POINT('Ctrl Pts',(0.766040245987,-1.394490712279,5.80885901728));
#13153=CARTESIAN_POINT('Ctrl Pts',(0.766040245987,-1.394490712279,5.8076590186408));
#13154=CARTESIAN_POINT('Ctrl Pts',(0.798199629932,-1.390247731692,5.80885901728));
#13155=CARTESIAN_POINT('Ctrl Pts',(0.798199629932,-1.390247731692,5.8076590186408));
#13156=CARTESIAN_POINT('Ctrl Pts',(0.814375554437,-1.374557757237,5.80885901728));
#13157=CARTESIAN_POINT('Ctrl Pts',(0.814375554437,-1.374557757237,5.8076590186408));
#13158=CARTESIAN_POINT('Ctrl Pts',(0.814568019501,-1.347420788913,5.80885901728));
#13159=CARTESIAN_POINT('Ctrl Pts',(0.814568019501,-1.347420788913,5.8076590186408));
#13160=CARTESIAN_POINT('',(0.814568019501,-1.347420788913,5.80885901728));
#13161=CARTESIAN_POINT('Ctrl Pts',(0.814568019501,-1.347420788913,5.80885901728));
#13162=CARTESIAN_POINT('Ctrl Pts',(0.814568019501,-1.347420788913,5.8076590186408));
#13163=CARTESIAN_POINT('Ctrl Pts',(0.814660196256,-1.334424156574,5.80885901728));
#13164=CARTESIAN_POINT('Ctrl Pts',(0.814660196256,-1.334424156574,5.8076590186408));
#13165=CARTESIAN_POINT('Ctrl Pts',(0.810574277897,-1.324101327199,5.80885901728));
#13166=CARTESIAN_POINT('Ctrl Pts',(0.810574277897,-1.324101327199,5.8076590186408));
#13167=CARTESIAN_POINT('Ctrl Pts',(0.802310264425,-1.31645230079,5.80885901728));
#13168=CARTESIAN_POINT('Ctrl Pts',(0.802310264425,-1.31645230079,5.8076590186408));
#13169=CARTESIAN_POINT('',(0.802310264425,-1.31645230079,5.80885901728));
#13170=CARTESIAN_POINT('Ctrl Pts',(0.802310264425,-1.31645230079,5.80885901728));
#13171=CARTESIAN_POINT('Ctrl Pts',(0.802310264425,-1.31645230079,5.8076590186408));
#13172=CARTESIAN_POINT('Ctrl Pts',(0.794046250953,-1.308803274381,5.80885901728));
#13173=CARTESIAN_POINT('Ctrl Pts',(0.794046250953,-1.308803274381,5.8076590186408));
#13174=CARTESIAN_POINT('Ctrl Pts',(0.782896431461,-1.3048769992,5.80885901728));
#13175=CARTESIAN_POINT('Ctrl Pts',(0.782896431461,-1.3048769992,5.8076590186408));
#13176=CARTESIAN_POINT('Ctrl Pts',(0.768808082005,-1.304777079598,5.80885901728));
#13177=CARTESIAN_POINT('Ctrl Pts',(0.768808082005,-1.304777079598,5.8076590186408));
#13178=CARTESIAN_POINT('',(0.768808082005,-1.304777079598,5.80885901728));
#13179=CARTESIAN_POINT('Ctrl Pts',(0.768808082005,-1.304777079598,5.80885901728));
#13180=CARTESIAN_POINT('Ctrl Pts',(0.768808082005,-1.304777079598,5.8076590186408));
#13181=CARTESIAN_POINT('Ctrl Pts',(0.749209160438,-1.304638077052,5.80885901728));
#13182=CARTESIAN_POINT('Ctrl Pts',(0.749209160438,-1.304638077052,5.8076590186408));
#13183=CARTESIAN_POINT('Ctrl Pts',(0.734279807677,-1.313162390717,5.80885901728));
#13184=CARTESIAN_POINT('Ctrl Pts',(0.734279807677,-1.313162390717,5.8076590186408));
#13185=CARTESIAN_POINT('Ctrl Pts',(0.724123996781,-1.330350758008,5.80885901728));
#13186=CARTESIAN_POINT('Ctrl Pts',(0.724123996781,-1.330350758008,5.8076590186408));
#13187=CARTESIAN_POINT('',(0.724123996781,-1.330350758008,5.80885901728));
#13188=CARTESIAN_POINT('Origin',(0.723448171899,-1.330345964817,5.80885901728));
#13189=CARTESIAN_POINT('',(0.723448171899,-1.330345964817,5.80885901728));
#13190=CARTESIAN_POINT('Origin',(0.723607453332,-1.307887784136,5.80885901728));
#13191=CARTESIAN_POINT('',(0.723607453332,-1.307887784136,5.80885901728));
#13192=CARTESIAN_POINT('Origin',(0.698134053947,-1.307707117697,5.80885901728));
#13193=CARTESIAN_POINT('',(0.698134053947,-1.307707117697,5.80885901728));
#13194=CARTESIAN_POINT('Origin',(0.697471118727,-1.401178897478,5.80885901728));
#13195=CARTESIAN_POINT('',(0.697471118727,-1.401178897478,5.80885901728));
#13196=CARTESIAN_POINT('Ctrl Pts',(0.697471118727,-1.401178897478,5.80885901728));
#13197=CARTESIAN_POINT('Ctrl Pts',(0.697471118727,-1.401178897478,5.8076590186408));
#13198=CARTESIAN_POINT('Ctrl Pts',(0.697210074157,-1.437985360263,5.80885901728));
#13199=CARTESIAN_POINT('Ctrl Pts',(0.697210074157,-1.437985360263,5.8076590186408));
#13200=CARTESIAN_POINT('Ctrl Pts',(0.714599749679,-1.456408872862,5.80885901728));
#13201=CARTESIAN_POINT('Ctrl Pts',(0.714599749679,-1.456408872862,5.8076590186408));
#13202=CARTESIAN_POINT('Ctrl Pts',(0.749586683936,-1.456657012686,5.80885901728));
#13203=CARTESIAN_POINT('Ctrl Pts',(0.749586683936,-1.456657012686,5.8076590186408));
#13204=CARTESIAN_POINT('Ctrl Pts',(0.757122162508,-1.3764392181,5.80885901728));
#13205=CARTESIAN_POINT('Ctrl Pts',(0.757122162508,-1.3764392181,5.8076590186408));
#13206=CARTESIAN_POINT('Ctrl Pts',(0.769038876354,-1.374860083067,5.80885901728));
#13207=CARTESIAN_POINT('Ctrl Pts',(0.769038876354,-1.374860083067,5.8076590186408));
#13208=CARTESIAN_POINT('Ctrl Pts',(0.777273395586,-1.372007093133,5.80885901728));
#13209=CARTESIAN_POINT('Ctrl Pts',(0.777273395586,-1.372007093133,5.8076590186408));
#13210=CARTESIAN_POINT('Ctrl Pts',(0.781827195029,-1.367672302177,5.80885901728));
#13211=CARTESIAN_POINT('Ctrl Pts',(0.781827195029,-1.367672302177,5.8076590186408));
#13212=CARTESIAN_POINT('',(0.757122162508,-1.3764392181,5.80885901728));
#13213=CARTESIAN_POINT('',(0.781827195029,-1.367672302177,5.80885901728));
#13214=CARTESIAN_POINT('Ctrl Pts',(0.781827195029,-1.367672302177,5.80885901728));
#13215=CARTESIAN_POINT('Ctrl Pts',(0.781827195029,-1.367672302177,5.8076590186408));
#13216=CARTESIAN_POINT('Ctrl Pts',(0.786329007944,-1.363337142516,5.80885901728));
#13217=CARTESIAN_POINT('Ctrl Pts',(0.786329007944,-1.363337142516,5.8076590186408));
#13218=CARTESIAN_POINT('Ctrl Pts',(0.788659922663,-1.357218955161,5.80885901728));
#13219=CARTESIAN_POINT('Ctrl Pts',(0.788659922663,-1.357218955161,5.8076590186408));
#13220=CARTESIAN_POINT('Ctrl Pts',(0.78871596613,-1.349317002698,5.80885901728));
#13221=CARTESIAN_POINT('Ctrl Pts',(0.78871596613,-1.349317002698,5.8076590186408));
#13222=CARTESIAN_POINT('',(0.78871596613,-1.349317002698,5.80885901728));
#13223=CARTESIAN_POINT('Ctrl Pts',(0.78871596613,-1.349317002698,5.80885901728));
#13224=CARTESIAN_POINT('Ctrl Pts',(0.78871596613,-1.349317002698,5.8076590186408));
#13225=CARTESIAN_POINT('Ctrl Pts',(0.788765372871,-1.342350807765,5.80885901728));
#13226=CARTESIAN_POINT('Ctrl Pts',(0.788765372871,-1.342350807765,5.8076590186408));
#13227=CARTESIAN_POINT('Ctrl Pts',(0.786361826349,-1.336718933364,5.80885901728));
#13228=CARTESIAN_POINT('Ctrl Pts',(0.786361826349,-1.336718933364,5.8076590186408));
#13229=CARTESIAN_POINT('Ctrl Pts',(0.78145407745,-1.332317037731,5.80885901728));
#13230=CARTESIAN_POINT('Ctrl Pts',(0.78145407745,-1.332317037731,5.8076590186408));
#13231=CARTESIAN_POINT('',(0.78145407745,-1.332317037731,5.80885901728));
#13232=CARTESIAN_POINT('Ctrl Pts',(0.78145407745,-1.332317037731,5.80885901728));
#13233=CARTESIAN_POINT('Ctrl Pts',(0.78145407745,-1.332317037731,5.8076590186408));
#13234=CARTESIAN_POINT('Ctrl Pts',(0.77659831508,-1.327915510806,5.80885901728));
#13235=CARTESIAN_POINT('Ctrl Pts',(0.77659831508,-1.327915510806,5.8076590186408));
#13236=CARTESIAN_POINT('Ctrl Pts',(0.770115484606,-1.325685988195,5.80885901728));
#13237=CARTESIAN_POINT('Ctrl Pts',(0.770115484606,-1.325685988195,5.8076590186408));
#13238=CARTESIAN_POINT('Ctrl Pts',(0.762057572555,-1.325628838607,5.80885901728));
#13239=CARTESIAN_POINT('Ctrl Pts',(0.762057572555,-1.325628838607,5.8076590186408));
#13240=CARTESIAN_POINT('',(0.762057572555,-1.325628838607,5.80885901728));
#13241=CARTESIAN_POINT('Ctrl Pts',(0.762057572555,-1.325628838607,5.80885901728));
#13242=CARTESIAN_POINT('Ctrl Pts',(0.762057572555,-1.325628838607,5.8076590186408));
#13243=CARTESIAN_POINT('Ctrl Pts',(0.750880468744,-1.325549566598,5.80885901728));
#13244=CARTESIAN_POINT('Ctrl Pts',(0.750880468744,-1.325549566598,5.8076590186408));
#13245=CARTESIAN_POINT('Ctrl Pts',(0.741598844785,-1.32943491298,5.80885901728));
#13246=CARTESIAN_POINT('Ctrl Pts',(0.741598844785,-1.32943491298,5.8076590186408));
#13247=CARTESIAN_POINT('Ctrl Pts',(0.734316673738,-1.337285615167,5.80885901728));
#13248=CARTESIAN_POINT('Ctrl Pts',(0.734316673738,-1.337285615167,5.8076590186408));
#13249=CARTESIAN_POINT('',(0.734316673738,-1.337285615167,5.80885901728));
#13250=CARTESIAN_POINT('Ctrl Pts',(0.734316673738,-1.337285615167,5.80885901728));
#13251=CARTESIAN_POINT('Ctrl Pts',(0.734316673738,-1.337285615167,5.8076590186408));
#13252=CARTESIAN_POINT('Ctrl Pts',(0.726983253575,-1.345031975587,5.80885901728));
#13253=CARTESIAN_POINT('Ctrl Pts',(0.726983253575,-1.345031975587,5.8076590186408));
#13254=CARTESIAN_POINT('Ctrl Pts',(0.723274142186,-1.354883606673,5.80885901728));
#13255=CARTESIAN_POINT('Ctrl Pts',(0.723274142186,-1.354883606673,5.8076590186408));
#13256=CARTESIAN_POINT('Ctrl Pts',(0.723189339572,-1.366840508425,5.80885901728));
#13257=CARTESIAN_POINT('Ctrl Pts',(0.723189339572,-1.366840508425,5.8076590186408));
#13258=CARTESIAN_POINT('',(0.723189339572,-1.366840508425,5.80885901728));
#13259=CARTESIAN_POINT('Origin',(0.723189339572,-1.366840508425,5.80885901728));
#13260=CARTESIAN_POINT('',(0.723090526091,-1.380772898293,5.80885901728));
#13261=CARTESIAN_POINT('Origin',(0.723090526091,-1.380772898293,5.80885901728));
#13262=CARTESIAN_POINT('Ctrl Pts',(0.621590707649,-1.324528619183,5.80885901728));
#13263=CARTESIAN_POINT('Ctrl Pts',(0.621590707649,-1.324528619183,5.8076590186408));
#13264=CARTESIAN_POINT('Ctrl Pts',(0.636562828104,-1.324634806804,5.80885901728));
#13265=CARTESIAN_POINT('Ctrl Pts',(0.636562828104,-1.324634806804,5.8076590186408));
#13266=CARTESIAN_POINT('Ctrl Pts',(0.65046203434,-1.329412407928,5.80885901728));
#13267=CARTESIAN_POINT('Ctrl Pts',(0.65046203434,-1.329412407928,5.8076590186408));
#13268=CARTESIAN_POINT('Ctrl Pts',(0.663392299415,-1.338862159966,5.80885901728));
#13269=CARTESIAN_POINT('Ctrl Pts',(0.663392299415,-1.338862159966,5.8076590186408));
#13270=CARTESIAN_POINT('',(0.621590707649,-1.324528619183,5.80885901728));
#13271=CARTESIAN_POINT('',(0.621590707649,-1.324528619183,5.807859018414));
#13272=CARTESIAN_POINT('',(0.621590707649,-1.324528619183,5.80885901728));
#13273=CARTESIAN_POINT('',(0.663392299415,-1.338862159966,5.807859018414));
#13274=CARTESIAN_POINT('Ctrl Pts',(0.621590707649,-1.324528619183,5.807859018414));
#13275=CARTESIAN_POINT('Ctrl Pts',(0.636562828104,-1.324634806804,5.807859018414));
#13276=CARTESIAN_POINT('Ctrl Pts',(0.65046203434,-1.329412407928,5.807859018414));
#13277=CARTESIAN_POINT('Ctrl Pts',(0.663392299415,-1.338862159966,5.807859018414));
#13278=CARTESIAN_POINT('',(0.663392299415,-1.338862159966,5.80885901728));
#13279=CARTESIAN_POINT('',(0.663392299415,-1.338862159966,5.80885901728));
#13280=CARTESIAN_POINT('Ctrl Pts',(0.621590707649,-1.324528619183,5.80885901728));
#13281=CARTESIAN_POINT('Ctrl Pts',(0.636562828104,-1.324634806804,5.80885901728));
#13282=CARTESIAN_POINT('Ctrl Pts',(0.65046203434,-1.329412407928,5.80885901728));
#13283=CARTESIAN_POINT('Ctrl Pts',(0.663392299415,-1.338862159966,5.80885901728));
#13284=CARTESIAN_POINT('Origin',(0.663578865167,-1.312556976112,5.80885901728));
#13285=CARTESIAN_POINT('',(0.663578865167,-1.312556976112,5.807859018414));
#13286=CARTESIAN_POINT('',(0.663578865167,-1.312556976112,5.807859018414));
#13287=CARTESIAN_POINT('',(0.663578865167,-1.312556976112,5.80885901728));
#13288=CARTESIAN_POINT('',(0.663578865167,-1.312556976112,5.80885901728));
#13289=CARTESIAN_POINT('',(0.663578865167,-1.312556976112,5.80885901728));
#13290=CARTESIAN_POINT('Ctrl Pts',(0.663578865167,-1.312556976112,5.80885901728));
#13291=CARTESIAN_POINT('Ctrl Pts',(0.663578865167,-1.312556976112,5.8076590186408));
#13292=CARTESIAN_POINT('Ctrl Pts',(0.652389595184,-1.306862790225,5.80885901728));
#13293=CARTESIAN_POINT('Ctrl Pts',(0.652389595184,-1.306862790225,5.8076590186408));
#13294=CARTESIAN_POINT('Ctrl Pts',(0.639309637379,-1.303858630413,5.80885901728));
#13295=CARTESIAN_POINT('Ctrl Pts',(0.639309637379,-1.303858630413,5.8076590186408));
#13296=CARTESIAN_POINT('Ctrl Pts',(0.624233543866,-1.303751705377,5.80885901728));
#13297=CARTESIAN_POINT('Ctrl Pts',(0.624233543866,-1.303751705377,5.8076590186408));
#13298=CARTESIAN_POINT('',(0.624233543866,-1.303751705377,5.807859018414));
#13299=CARTESIAN_POINT('Origin',(-2.05634926935191,-5.58196906671399,5.807859018414));
#13300=CARTESIAN_POINT('',(0.624233543866,-1.303751705377,5.80885901728));
#13301=CARTESIAN_POINT('',(0.624233543866,-1.303751705377,5.80885901728));
#13302=CARTESIAN_POINT('Origin',(-2.05634926935191,-5.58196906671399,5.80885901728));
#13303=CARTESIAN_POINT('Ctrl Pts',(0.624233543866,-1.303751705377,5.80885901728));
#13304=CARTESIAN_POINT('Ctrl Pts',(0.624233543866,-1.303751705377,5.8076590186408));
#13305=CARTESIAN_POINT('Ctrl Pts',(0.60692202959,-1.30362892594,5.80885901728));
#13306=CARTESIAN_POINT('Ctrl Pts',(0.60692202959,-1.30362892594,5.8076590186408));
#13307=CARTESIAN_POINT('Ctrl Pts',(0.592754409286,-1.307375640803,5.80885901728));
#13308=CARTESIAN_POINT('Ctrl Pts',(0.592754409286,-1.307375640803,5.8076590186408));
#13309=CARTESIAN_POINT('Ctrl Pts',(0.581834656012,-1.31499258738,5.80885901728));
#13310=CARTESIAN_POINT('Ctrl Pts',(0.581834656012,-1.31499258738,5.8076590186408));
#13311=CARTESIAN_POINT('',(0.581834656012,-1.31499258738,5.807859018414));
#13312=CARTESIAN_POINT('Origin',(1.80686588452117,-2.7592571136832,5.807859018414));
#13313=CARTESIAN_POINT('',(0.581834656012,-1.31499258738,5.80885901728));
#13314=CARTESIAN_POINT('',(0.581834656012,-1.31499258738,5.80885901728));
#13315=CARTESIAN_POINT('Origin',(1.80686588452117,-2.7592571136832,5.80885901728));
#13316=CARTESIAN_POINT('Ctrl Pts',(0.581834656012,-1.31499258738,5.80885901728));
#13317=CARTESIAN_POINT('Ctrl Pts',(0.581834656012,-1.31499258738,5.8076590186408));
#13318=CARTESIAN_POINT('Ctrl Pts',(0.570863653622,-1.322505192193,5.80885901728));
#13319=CARTESIAN_POINT('Ctrl Pts',(0.570863653622,-1.322505192193,5.8076590186408));
#13320=CARTESIAN_POINT('Ctrl Pts',(0.565330589222,-1.332967756885,5.80885901728));
#13321=CARTESIAN_POINT('Ctrl Pts',(0.565330589222,-1.332967756885,5.8076590186408));
#13322=CARTESIAN_POINT('Ctrl Pts',(0.565236200225,-1.346276308401,5.80885901728));
#13323=CARTESIAN_POINT('Ctrl Pts',(0.565236200225,-1.346276308401,5.8076590186408));
#13324=CARTESIAN_POINT('',(0.565236200225,-1.346276308401,5.807859018414));
#13325=CARTESIAN_POINT('Origin',(2.13986116762053,-2.17031786683127,5.807859018414));
#13326=CARTESIAN_POINT('',(0.565236200225,-1.346276308401,5.80885901728));
#13327=CARTESIAN_POINT('',(0.565236200225,-1.346276308401,5.80885901728));
#13328=CARTESIAN_POINT('Origin',(2.13986116762053,-2.17031786683127,5.80885901728));
#13329=CARTESIAN_POINT('Ctrl Pts',(0.565236200225,-1.346276308401,5.80885901728));
#13330=CARTESIAN_POINT('Ctrl Pts',(0.565236200225,-1.346276308401,5.8076590186408));
#13331=CARTESIAN_POINT('Ctrl Pts',(0.565168358133,-1.355841829802,5.80885901728));
#13332=CARTESIAN_POINT('Ctrl Pts',(0.565168358133,-1.355841829802,5.8076590186408));
#13333=CARTESIAN_POINT('Ctrl Pts',(0.567970836367,-1.36386803421,5.80885901728));
#13334=CARTESIAN_POINT('Ctrl Pts',(0.567970836367,-1.36386803421,5.8076590186408));
#13335=CARTESIAN_POINT('Ctrl Pts',(0.573591648397,-1.370354552915,5.80885901728));
#13336=CARTESIAN_POINT('Ctrl Pts',(0.573591648397,-1.370354552915,5.8076590186408));
#13337=CARTESIAN_POINT('',(0.573591648397,-1.370354552915,5.807859018414));
#13338=CARTESIAN_POINT('Origin',(2.74958679095676,-0.196938215781208,5.807859018414));
#13339=CARTESIAN_POINT('',(0.573591648397,-1.370354552915,5.80885901728));
#13340=CARTESIAN_POINT('',(0.573591648397,-1.370354552915,5.80885901728));
#13341=CARTESIAN_POINT('Origin',(2.74958679095676,-0.196938215781208,5.80885901728));
#13342=CARTESIAN_POINT('Ctrl Pts',(0.573591648397,-1.370354552915,5.80885901728));
#13343=CARTESIAN_POINT('Ctrl Pts',(0.573591648397,-1.370354552915,5.8076590186408));
#13344=CARTESIAN_POINT('Ctrl Pts',(0.579264446955,-1.376841440326,5.80885901728));
#13345=CARTESIAN_POINT('Ctrl Pts',(0.579264446955,-1.376841440326,5.8076590186408));
#13346=CARTESIAN_POINT('Ctrl Pts',(0.590136635864,-1.383261225382,5.80885901728));
#13347=CARTESIAN_POINT('Ctrl Pts',(0.590136635864,-1.383261225382,5.8076590186408));
#13348=CARTESIAN_POINT('Ctrl Pts',(0.606313663009,-1.389406699377,5.80885901728));
#13349=CARTESIAN_POINT('Ctrl Pts',(0.606313663009,-1.389406699377,5.8076590186408));
#13350=CARTESIAN_POINT('',(0.606313663009,-1.389406699377,5.807859018414));
#13351=CARTESIAN_POINT('Origin',(0.98405249300175,-1.35988437867146,5.807859018414));
#13352=CARTESIAN_POINT('',(0.606313663009,-1.389406699377,5.80885901728));
#13353=CARTESIAN_POINT('',(0.606313663009,-1.389406699377,5.80885901728));
#13354=CARTESIAN_POINT('Origin',(0.98405249300175,-1.35988437867146,5.80885901728));
#13355=CARTESIAN_POINT('Ctrl Pts',(0.606313663009,-1.389406699377,5.80885901728));
#13356=CARTESIAN_POINT('Ctrl Pts',(0.606313663009,-1.389406699377,5.8076590186408));
#13357=CARTESIAN_POINT('Ctrl Pts',(0.619066953356,-1.394488108122,5.80885901728));
#13358=CARTESIAN_POINT('Ctrl Pts',(0.619066953356,-1.394488108122,5.8076590186408));
#13359=CARTESIAN_POINT('Ctrl Pts',(0.627251328433,-1.39870528618,5.80885901728));
#13360=CARTESIAN_POINT('Ctrl Pts',(0.627251328433,-1.39870528618,5.8076590186408));
#13361=CARTESIAN_POINT('Ctrl Pts',(0.630970761298,-1.402058970965,5.80885901728));
#13362=CARTESIAN_POINT('Ctrl Pts',(0.630970761298,-1.402058970965,5.8076590186408));
#13363=CARTESIAN_POINT('',(0.630970761298,-1.402058970965,5.807859018414));
#13364=CARTESIAN_POINT('Origin',(-0.822510076827974,-1.12526075878701,5.807859018414));
#13365=CARTESIAN_POINT('',(0.630970761298,-1.402058970965,5.80885901728));
#13366=CARTESIAN_POINT('',(0.630970761298,-1.402058970965,5.80885901728));
#13367=CARTESIAN_POINT('Origin',(-0.822510076827974,-1.12526075878701,5.80885901728));
#13368=CARTESIAN_POINT('Ctrl Pts',(0.630970761298,-1.402058970965,5.80885901728));
#13369=CARTESIAN_POINT('Ctrl Pts',(0.630970761298,-1.402058970965,5.8076590186408));
#13370=CARTESIAN_POINT('Ctrl Pts',(0.634638945047,-1.405308313982,5.80885901728));
#13371=CARTESIAN_POINT('Ctrl Pts',(0.634638945047,-1.405308313982,5.8076590186408));
#13372=CARTESIAN_POINT('Ctrl Pts',(0.6364787513,-1.40979242896,5.80885901728));
#13373=CARTESIAN_POINT('Ctrl Pts',(0.6364787513,-1.40979242896,5.8076590186408));
#13374=CARTESIAN_POINT('Ctrl Pts',(0.636437456114,-1.415614920248,5.80885901728));
#13375=CARTESIAN_POINT('Ctrl Pts',(0.636437456114,-1.415614920248,5.8076590186408));
#13376=CARTESIAN_POINT('',(0.636437456114,-1.415614920248,5.807859018414));
#13377=CARTESIAN_POINT('Ctrl Pts',(0.630970761298,-1.402058970965,5.807859018414));
#13378=CARTESIAN_POINT('Ctrl Pts',(0.634638945047,-1.405308313982,5.807859018414));
#13379=CARTESIAN_POINT('Ctrl Pts',(0.6364787513,-1.40979242896,5.807859018414));
#13380=CARTESIAN_POINT('Ctrl Pts',(0.636437456114,-1.415614920248,5.807859018414));
#13381=CARTESIAN_POINT('',(0.636437456114,-1.415614920248,5.80885901728));
#13382=CARTESIAN_POINT('',(0.636437456114,-1.415614920248,5.80885901728));
#13383=CARTESIAN_POINT('Ctrl Pts',(0.630970761298,-1.402058970965,5.80885901728));
#13384=CARTESIAN_POINT('Ctrl Pts',(0.634638945047,-1.405308313982,5.80885901728));
#13385=CARTESIAN_POINT('Ctrl Pts',(0.6364787513,-1.40979242896,5.80885901728));
#13386=CARTESIAN_POINT('Ctrl Pts',(0.636437456114,-1.415614920248,5.80885901728));
#13387=CARTESIAN_POINT('Ctrl Pts',(0.636437456114,-1.415614920248,5.80885901728));
#13388=CARTESIAN_POINT('Ctrl Pts',(0.636437456114,-1.415614920248,5.8076590186408));
#13389=CARTESIAN_POINT('Ctrl Pts',(0.636396160928,-1.421437411535,5.80885901728));
#13390=CARTESIAN_POINT('Ctrl Pts',(0.636396160928,-1.421437411535,5.8076590186408));
#13391=CARTESIAN_POINT('Ctrl Pts',(0.633762913414,-1.426201736885,5.80885901728));
#13392=CARTESIAN_POINT('Ctrl Pts',(0.633762913414,-1.426201736885,5.8076590186408));
#13393=CARTESIAN_POINT('Ctrl Pts',(0.62859117493,-1.429700318886,5.80885901728));
#13394=CARTESIAN_POINT('Ctrl Pts',(0.62859117493,-1.429700318886,5.8076590186408));
#13395=CARTESIAN_POINT('',(0.62859117493,-1.429700318886,5.807859018414));
#13396=CARTESIAN_POINT('Origin',(0.487436484892837,-1.3558654993671,5.807859018414));
#13397=CARTESIAN_POINT('',(0.62859117493,-1.429700318886,5.80885901728));
#13398=CARTESIAN_POINT('',(0.62859117493,-1.429700318886,5.80885901728));
#13399=CARTESIAN_POINT('Origin',(0.487436484892837,-1.3558654993671,5.80885901728));
#13400=CARTESIAN_POINT('Ctrl Pts',(0.62859117493,-1.429700318886,5.80885901728));
#13401=CARTESIAN_POINT('Ctrl Pts',(0.62859117493,-1.429700318886,5.8076590186408));
#13402=CARTESIAN_POINT('Ctrl Pts',(0.623418699033,-1.433302873946,5.80885901728));
#13403=CARTESIAN_POINT('Ctrl Pts',(0.623418699033,-1.433302873946,5.8076590186408));
#13404=CARTESIAN_POINT('Ctrl Pts',(0.616699900707,-1.43502285274,5.80885901728));
#13405=CARTESIAN_POINT('Ctrl Pts',(0.616699900707,-1.43502285274,5.8076590186408));
#13406=CARTESIAN_POINT('Ctrl Pts',(0.608486029069,-1.434964597031,5.80885901728));
#13407=CARTESIAN_POINT('Ctrl Pts',(0.608486029069,-1.434964597031,5.8076590186408));
#13408=CARTESIAN_POINT('',(0.608486029069,-1.434964597031,5.807859018414));
#13409=CARTESIAN_POINT('Ctrl Pts',(0.62859117493,-1.429700318886,5.807859018414));
#13410=CARTESIAN_POINT('Ctrl Pts',(0.623418699033,-1.433302873946,5.807859018414));
#13411=CARTESIAN_POINT('Ctrl Pts',(0.616699900707,-1.43502285274,5.807859018414));
#13412=CARTESIAN_POINT('Ctrl Pts',(0.608486029069,-1.434964597031,5.807859018414));
#13413=CARTESIAN_POINT('',(0.608486029069,-1.434964597031,5.80885901728));
#13414=CARTESIAN_POINT('',(0.608486029069,-1.434964597031,5.80885901728));
#13415=CARTESIAN_POINT('Ctrl Pts',(0.62859117493,-1.429700318886,5.80885901728));
#13416=CARTESIAN_POINT('Ctrl Pts',(0.623418699033,-1.433302873946,5.80885901728));
#13417=CARTESIAN_POINT('Ctrl Pts',(0.616699900707,-1.43502285274,5.80885901728));
#13418=CARTESIAN_POINT('Ctrl Pts',(0.608486029069,-1.434964597031,5.80885901728));
#13419=CARTESIAN_POINT('Ctrl Pts',(0.608486029069,-1.434964597031,5.80885901728));
#13420=CARTESIAN_POINT('Ctrl Pts',(0.608486029069,-1.434964597031,5.8076590186408));
#13421=CARTESIAN_POINT('Ctrl Pts',(0.594709598789,-1.434866889671,5.80885901728));
#13422=CARTESIAN_POINT('Ctrl Pts',(0.594709598789,-1.434866889671,5.8076590186408));
#13423=CARTESIAN_POINT('Ctrl Pts',(0.582465849939,-1.431244790818,5.80885901728));
#13424=CARTESIAN_POINT('Ctrl Pts',(0.582465849939,-1.431244790818,5.8076590186408));
#13425=CARTESIAN_POINT('Ctrl Pts',(0.571650072044,-1.424201536117,5.80885901728));
#13426=CARTESIAN_POINT('Ctrl Pts',(0.571650072044,-1.424201536117,5.8076590186408));
#13427=CARTESIAN_POINT('',(0.571650072044,-1.424201536117,5.807859018414));
#13428=CARTESIAN_POINT('Ctrl Pts',(0.608486029069,-1.434964597031,5.807859018414));
#13429=CARTESIAN_POINT('Ctrl Pts',(0.594709598789,-1.434866889671,5.807859018414));
#13430=CARTESIAN_POINT('Ctrl Pts',(0.582465849939,-1.431244790818,5.807859018414));
#13431=CARTESIAN_POINT('Ctrl Pts',(0.571650072044,-1.424201536117,5.807859018414));
#13432=CARTESIAN_POINT('',(0.571650072044,-1.424201536117,5.80885901728));
#13433=CARTESIAN_POINT('',(0.571650072044,-1.424201536117,5.80885901728));
#13434=CARTESIAN_POINT('Ctrl Pts',(0.608486029069,-1.434964597031,5.80885901728));
#13435=CARTESIAN_POINT('Ctrl Pts',(0.594709598789,-1.434866889671,5.80885901728));
#13436=CARTESIAN_POINT('Ctrl Pts',(0.582465849939,-1.431244790818,5.80885901728));
#13437=CARTESIAN_POINT('Ctrl Pts',(0.571650072044,-1.424201536117,5.80885901728));
#13438=CARTESIAN_POINT('Origin',(0.571474567502,-1.44894712409,5.80885901728));
#13439=CARTESIAN_POINT('',(0.571474567502,-1.44894712409,5.807859018414));
#13440=CARTESIAN_POINT('',(0.571474567502,-1.44894712409,5.807859018414));
#13441=CARTESIAN_POINT('',(0.571474567502,-1.44894712409,5.80885901728));
#13442=CARTESIAN_POINT('',(0.571474567502,-1.44894712409,5.80885901728));
#13443=CARTESIAN_POINT('',(0.571474567502,-1.44894712409,5.80885901728));
#13444=CARTESIAN_POINT('Ctrl Pts',(0.571474567502,-1.44894712409,5.80885901728));
#13445=CARTESIAN_POINT('Ctrl Pts',(0.571474567502,-1.44894712409,5.8076590186408));
#13446=CARTESIAN_POINT('Ctrl Pts',(0.582048848102,-1.453389208788,5.80885901728));
#13447=CARTESIAN_POINT('Ctrl Pts',(0.582048848102,-1.453389208788,5.8076590186408));
#13448=CARTESIAN_POINT('Ctrl Pts',(0.59347113628,-1.455549785507,5.80885901728));
#13449=CARTESIAN_POINT('Ctrl Pts',(0.59347113628,-1.455549785507,5.8076590186408));
#13450=CARTESIAN_POINT('Ctrl Pts',(0.605843930266,-1.455637537778,5.80885901728));
#13451=CARTESIAN_POINT('Ctrl Pts',(0.605843930266,-1.455637537778,5.8076590186408));
#13452=CARTESIAN_POINT('',(0.605843930266,-1.455637537778,5.807859018414));
#13453=CARTESIAN_POINT('Ctrl Pts',(0.571474567502,-1.44894712409,5.807859018414));
#13454=CARTESIAN_POINT('Ctrl Pts',(0.582048848102,-1.453389208788,5.807859018414));
#13455=CARTESIAN_POINT('Ctrl Pts',(0.59347113628,-1.455549785507,5.807859018414));
#13456=CARTESIAN_POINT('Ctrl Pts',(0.605843930266,-1.455637537778,5.807859018414));
#13457=CARTESIAN_POINT('',(0.605843930266,-1.455637537778,5.80885901728));
#13458=CARTESIAN_POINT('',(0.605843930266,-1.455637537778,5.80885901728));
#13459=CARTESIAN_POINT('Ctrl Pts',(0.571474567502,-1.44894712409,5.80885901728));
#13460=CARTESIAN_POINT('Ctrl Pts',(0.582048848102,-1.453389208788,5.80885901728));
#13461=CARTESIAN_POINT('Ctrl Pts',(0.59347113628,-1.455549785507,5.80885901728));
#13462=CARTESIAN_POINT('Ctrl Pts',(0.605843930266,-1.455637537778,5.80885901728));
#13463=CARTESIAN_POINT('Ctrl Pts',(0.605843930266,-1.455637537778,5.80885901728));
#13464=CARTESIAN_POINT('Ctrl Pts',(0.605843930266,-1.455637537778,5.8076590186408));
#13465=CARTESIAN_POINT('Ctrl Pts',(0.621751808249,-1.455750362125,5.80885901728));
#13466=CARTESIAN_POINT('Ctrl Pts',(0.621751808249,-1.455750362125,5.8076590186408));
#13467=CARTESIAN_POINT('Ctrl Pts',(0.635191617142,-1.451998485364,5.80885901728));
#13468=CARTESIAN_POINT('Ctrl Pts',(0.635191617142,-1.451998485364,5.8076590186408));
#13469=CARTESIAN_POINT('Ctrl Pts',(0.646163356946,-1.444381907493,5.80885901728));
#13470=CARTESIAN_POINT('Ctrl Pts',(0.646163356946,-1.444381907493,5.8076590186408));
#13471=CARTESIAN_POINT('',(0.646163356946,-1.444381907493,5.807859018414));
#13472=CARTESIAN_POINT('Ctrl Pts',(0.605843930266,-1.455637537778,5.807859018414));
#13473=CARTESIAN_POINT('Ctrl Pts',(0.621751808249,-1.455750362125,5.807859018414));
#13474=CARTESIAN_POINT('Ctrl Pts',(0.635191617142,-1.451998485364,5.807859018414));
#13475=CARTESIAN_POINT('Ctrl Pts',(0.646163356946,-1.444381907493,5.807859018414));
#13476=CARTESIAN_POINT('',(0.646163356946,-1.444381907493,5.80885901728));
#13477=CARTESIAN_POINT('',(0.646163356946,-1.444381907493,5.80885901728));
#13478=CARTESIAN_POINT('Ctrl Pts',(0.605843930266,-1.455637537778,5.80885901728));
#13479=CARTESIAN_POINT('Ctrl Pts',(0.621751808249,-1.455750362125,5.80885901728));
#13480=CARTESIAN_POINT('Ctrl Pts',(0.635191617142,-1.451998485364,5.80885901728));
#13481=CARTESIAN_POINT('Ctrl Pts',(0.646163356946,-1.444381907493,5.80885901728));
#13482=CARTESIAN_POINT('Ctrl Pts',(0.646163356946,-1.444381907493,5.80885901728));
#13483=CARTESIAN_POINT('Ctrl Pts',(0.646163356946,-1.444381907493,5.8076590186408));
#13484=CARTESIAN_POINT('Ctrl Pts',(0.657083847634,-1.436660987857,5.80885901728));
#13485=CARTESIAN_POINT('Ctrl Pts',(0.657083847634,-1.436660987857,5.8076590186408));
#13486=CARTESIAN_POINT('Ctrl Pts',(0.662615437207,-1.426406369281,5.80885901728));
#13487=CARTESIAN_POINT('Ctrl Pts',(0.662615437207,-1.426406369281,5.8076590186408));
#13488=CARTESIAN_POINT('Ctrl Pts',(0.662706876547,-1.413513710001,5.80885901728));
#13489=CARTESIAN_POINT('Ctrl Pts',(0.662706876547,-1.413513710001,5.8076590186408));
#13490=CARTESIAN_POINT('',(0.662706876547,-1.413513710001,5.807859018414));
#13491=CARTESIAN_POINT('Ctrl Pts',(0.646163356946,-1.444381907493,5.807859018414));
#13492=CARTESIAN_POINT('Ctrl Pts',(0.657083847634,-1.436660987857,5.807859018414));
#13493=CARTESIAN_POINT('Ctrl Pts',(0.662615437207,-1.426406369281,5.807859018414));
#13494=CARTESIAN_POINT('Ctrl Pts',(0.662706876547,-1.413513710001,5.807859018414));
#13495=CARTESIAN_POINT('',(0.662706876547,-1.413513710001,5.80885901728));
#13496=CARTESIAN_POINT('',(0.662706876547,-1.413513710001,5.80885901728));
#13497=CARTESIAN_POINT('Ctrl Pts',(0.646163356946,-1.444381907493,5.80885901728));
#13498=CARTESIAN_POINT('Ctrl Pts',(0.657083847634,-1.436660987857,5.80885901728));
#13499=CARTESIAN_POINT('Ctrl Pts',(0.662615437207,-1.426406369281,5.80885901728));
#13500=CARTESIAN_POINT('Ctrl Pts',(0.662706876547,-1.413513710001,5.80885901728));
#13501=CARTESIAN_POINT('Ctrl Pts',(0.662706876547,-1.413513710001,5.80885901728));
#13502=CARTESIAN_POINT('Ctrl Pts',(0.662706876547,-1.413513710001,5.8076590186408));
#13503=CARTESIAN_POINT('Ctrl Pts',(0.662770294155,-1.404572026951,5.80885901728));
#13504=CARTESIAN_POINT('Ctrl Pts',(0.662770294155,-1.404572026951,5.8076590186408));
#13505=CARTESIAN_POINT('Ctrl Pts',(0.660433482443,-1.396861060084,5.80885901728));
#13506=CARTESIAN_POINT('Ctrl Pts',(0.660433482443,-1.396861060084,5.8076590186408));
#13507=CARTESIAN_POINT('Ctrl Pts',(0.655643717469,-1.39048441375,5.80885901728));
#13508=CARTESIAN_POINT('Ctrl Pts',(0.655643717469,-1.39048441375,5.8076590186408));
#13509=CARTESIAN_POINT('',(0.655643717469,-1.39048441375,5.807859018414));
#13510=CARTESIAN_POINT('Origin',(0.00588165829853965,-1.75933701006779,
5.807859018414));
#13511=CARTESIAN_POINT('',(0.655643717469,-1.39048441375,5.80885901728));
#13512=CARTESIAN_POINT('',(0.655643717469,-1.39048441375,5.80885901728));
#13513=CARTESIAN_POINT('Origin',(0.00588165829853965,-1.75933701006779,
5.80885901728));
#13514=CARTESIAN_POINT('Ctrl Pts',(0.655643717469,-1.39048441375,5.80885901728));
#13515=CARTESIAN_POINT('Ctrl Pts',(0.655643717469,-1.39048441375,5.8076590186408));
#13516=CARTESIAN_POINT('Ctrl Pts',(0.650905939025,-1.384108136123,5.80885901728));
#13517=CARTESIAN_POINT('Ctrl Pts',(0.650905939025,-1.384108136123,5.8076590186408));
#13518=CARTESIAN_POINT('Ctrl Pts',(0.640450379765,-1.377587327664,5.80885901728));
#13519=CARTESIAN_POINT('Ctrl Pts',(0.640450379765,-1.377587327664,5.8076590186408));
#13520=CARTESIAN_POINT('Ctrl Pts',(0.624432261864,-1.371027067555,5.80885901728));
#13521=CARTESIAN_POINT('Ctrl Pts',(0.624432261864,-1.371027067555,5.8076590186408));
#13522=CARTESIAN_POINT('',(0.624432261864,-1.371027067555,5.807859018414));
#13523=CARTESIAN_POINT('Origin',(-0.138552539093501,-1.3684101009947,5.807859018414));
#13524=CARTESIAN_POINT('',(0.624432261864,-1.371027067555,5.80885901728));
#13525=CARTESIAN_POINT('',(0.624432261864,-1.371027067555,5.80885901728));
#13526=CARTESIAN_POINT('Origin',(-0.138552539093501,-1.3684101009947,5.80885901728));
#13527=CARTESIAN_POINT('Ctrl Pts',(0.624432261864,-1.371027067555,5.80885901728));
#13528=CARTESIAN_POINT('Ctrl Pts',(0.624432261864,-1.371027067555,5.8076590186408));
#13529=CARTESIAN_POINT('Ctrl Pts',(0.611055133164,-1.365941234326,5.80885901728));
#13530=CARTESIAN_POINT('Ctrl Pts',(0.611055133164,-1.365941234326,5.8076590186408));
#13531=CARTESIAN_POINT('Ctrl Pts',(0.602196408034,-1.361511316959,5.80885901728));
#13532=CARTESIAN_POINT('Ctrl Pts',(0.602196408034,-1.361511316959,5.8076590186408));
#13533=CARTESIAN_POINT('Ctrl Pts',(0.59785534906,-1.357841288515,5.80885901728));
#13534=CARTESIAN_POINT('Ctrl Pts',(0.59785534906,-1.357841288515,5.8076590186408));
#13535=CARTESIAN_POINT('',(0.59785534906,-1.357841288515,5.807859018414));
#13536=CARTESIAN_POINT('Origin',(0.904528827951198,-1.40813675234467,5.807859018414));
#13537=CARTESIAN_POINT('',(0.59785534906,-1.357841288515,5.80885901728));
#13538=CARTESIAN_POINT('',(0.59785534906,-1.357841288515,5.80885901728));
#13539=CARTESIAN_POINT('Origin',(0.904528827951198,-1.40813675234467,5.80885901728));
#13540=CARTESIAN_POINT('Ctrl Pts',(0.59785534906,-1.357841288515,5.80885901728));
#13541=CARTESIAN_POINT('Ctrl Pts',(0.59785534906,-1.357841288515,5.8076590186408));
#13542=CARTESIAN_POINT('Ctrl Pts',(0.593514290085,-1.35417126007,5.80885901728));
#13543=CARTESIAN_POINT('Ctrl Pts',(0.593514290085,-1.35417126007,5.8076590186408));
#13544=CARTESIAN_POINT('Ctrl Pts',(0.59136330207,-1.349580959793,5.80885901728));
#13545=CARTESIAN_POINT('Ctrl Pts',(0.59136330207,-1.349580959793,5.8076590186408));
#13546=CARTESIAN_POINT('Ctrl Pts',(0.591403122428,-1.343966414622,5.80885901728));
#13547=CARTESIAN_POINT('Ctrl Pts',(0.591403122428,-1.343966414622,5.8076590186408));
#13548=CARTESIAN_POINT('',(0.591403122428,-1.343966414622,5.807859018414));
#13549=CARTESIAN_POINT('Ctrl Pts',(0.59785534906,-1.357841288515,5.807859018414));
#13550=CARTESIAN_POINT('Ctrl Pts',(0.593514290085,-1.35417126007,5.807859018414));
#13551=CARTESIAN_POINT('Ctrl Pts',(0.59136330207,-1.349580959793,5.807859018414));
#13552=CARTESIAN_POINT('Ctrl Pts',(0.591403122428,-1.343966414622,5.807859018414));
#13553=CARTESIAN_POINT('',(0.591403122428,-1.343966414622,5.80885901728));
#13554=CARTESIAN_POINT('',(0.591403122428,-1.343966414622,5.80885901728));
#13555=CARTESIAN_POINT('Ctrl Pts',(0.59785534906,-1.357841288515,5.80885901728));
#13556=CARTESIAN_POINT('Ctrl Pts',(0.593514290085,-1.35417126007,5.80885901728));
#13557=CARTESIAN_POINT('Ctrl Pts',(0.59136330207,-1.349580959793,5.80885901728));
#13558=CARTESIAN_POINT('Ctrl Pts',(0.591403122428,-1.343966414622,5.80885901728));
#13559=CARTESIAN_POINT('Ctrl Pts',(0.591403122428,-1.343966414622,5.80885901728));
#13560=CARTESIAN_POINT('Ctrl Pts',(0.591403122428,-1.343966414622,5.8076590186408));
#13561=CARTESIAN_POINT('Ctrl Pts',(0.591496036597,-1.330865809224,5.80885901728));
#13562=CARTESIAN_POINT('Ctrl Pts',(0.591496036597,-1.330865809224,5.8076590186408));
#13563=CARTESIAN_POINT('Ctrl Pts',(0.601575893847,-1.324386666981,5.80885901728));
#13564=CARTESIAN_POINT('Ctrl Pts',(0.601575893847,-1.324386666981,5.8076590186408));
#13565=CARTESIAN_POINT('Ctrl Pts',(0.621590707649,-1.324528619183,5.80885901728));
#13566=CARTESIAN_POINT('Ctrl Pts',(0.621590707649,-1.324528619183,5.8076590186408));
#13567=CARTESIAN_POINT('Origin',(9.24291419701639,-7.07013980555082,5.807859018414));
#13568=CARTESIAN_POINT('Origin',(9.24291419701639,-7.07013980555082,5.80885901728));
#13569=CARTESIAN_POINT('Origin',(0.643257199299,-1.328191552918,5.80885901728));
#13570=CARTESIAN_POINT('Origin',(0.643257199299,-1.328191552918,5.807859018414));
#13571=CARTESIAN_POINT('Origin',(0.438210970341,-1.451121319761,5.80885901728));
#13572=CARTESIAN_POINT('',(0.411801813429,-1.450934016596,5.807859018414));
#13573=CARTESIAN_POINT('',(0.438210970341,-1.451121319761,5.807859018414));
#13574=CARTESIAN_POINT('',(0.438210970341,-1.451121319761,5.807859018414));
#13575=CARTESIAN_POINT('',(0.438210970341,-1.451121319761,5.80885901728));
#13576=CARTESIAN_POINT('',(0.438210970341,-1.451121319761,5.80885901728));
#13577=CARTESIAN_POINT('',(0.411801813429,-1.450934016596,5.80885901728));
#13578=CARTESIAN_POINT('',(0.438210970341,-1.451121319761,5.80885901728));
#13579=CARTESIAN_POINT('',(0.411801813429,-1.450934016596,5.80885901728));
#13580=CARTESIAN_POINT('Origin',(0.478652451809,-1.342022985452,5.80885901728));
#13581=CARTESIAN_POINT('',(0.478652451809,-1.342022985452,5.807859018414));
#13582=CARTESIAN_POINT('',(0.478652451809,-1.342022985452,5.807859018414));
#13583=CARTESIAN_POINT('',(0.478652451809,-1.342022985452,5.80885901728));
#13584=CARTESIAN_POINT('',(0.478652451809,-1.342022985452,5.80885901728));
#13585=CARTESIAN_POINT('',(0.478652451809,-1.342022985452,5.80885901728));
#13586=CARTESIAN_POINT('Ctrl Pts',(0.478652451809,-1.342022985452,5.80885901728));
#13587=CARTESIAN_POINT('Ctrl Pts',(0.478652451809,-1.342022985452,5.8076590186408));
#13588=CARTESIAN_POINT('Ctrl Pts',(0.480248180977,-1.336939366786,5.80885901728));
#13589=CARTESIAN_POINT('Ctrl Pts',(0.480248180977,-1.336939366786,5.8076590186408));
#13590=CARTESIAN_POINT('Ctrl Pts',(0.481315933299,-1.332995764695,5.80885901728));
#13591=CARTESIAN_POINT('Ctrl Pts',(0.481315933299,-1.332995764695,5.8076590186408));
#13592=CARTESIAN_POINT('Ctrl Pts',(0.481854971357,-1.330296152238,5.80885901728));
#13593=CARTESIAN_POINT('Ctrl Pts',(0.481854971357,-1.330296152238,5.8076590186408));
#13594=CARTESIAN_POINT('',(0.481854971357,-1.330296152238,5.807859018414));
#13595=CARTESIAN_POINT('Ctrl Pts',(0.478652451809,-1.342022985452,5.807859018414));
#13596=CARTESIAN_POINT('Ctrl Pts',(0.480248180977,-1.336939366786,5.807859018414));
#13597=CARTESIAN_POINT('Ctrl Pts',(0.481315933299,-1.332995764695,5.807859018414));
#13598=CARTESIAN_POINT('Ctrl Pts',(0.481854971357,-1.330296152238,5.807859018414));
#13599=CARTESIAN_POINT('',(0.481854971357,-1.330296152238,5.80885901728));
#13600=CARTESIAN_POINT('',(0.481854971357,-1.330296152238,5.80885901728));
#13601=CARTESIAN_POINT('Ctrl Pts',(0.478652451809,-1.342022985452,5.80885901728));
#13602=CARTESIAN_POINT('Ctrl Pts',(0.480248180977,-1.336939366786,5.80885901728));
#13603=CARTESIAN_POINT('Ctrl Pts',(0.481315933299,-1.332995764695,5.80885901728));
#13604=CARTESIAN_POINT('Ctrl Pts',(0.481854971357,-1.330296152238,5.80885901728));
#13605=CARTESIAN_POINT('Origin',(0.482530796238,-1.330300945429,5.80885901728));
#13606=CARTESIAN_POINT('',(0.482530796238,-1.330300945429,5.807859018414));
#13607=CARTESIAN_POINT('',(0.482530796238,-1.330300945429,5.807859018414));
#13608=CARTESIAN_POINT('',(0.482530796238,-1.330300945429,5.80885901728));
#13609=CARTESIAN_POINT('',(0.482530796238,-1.330300945429,5.80885901728));
#13610=CARTESIAN_POINT('',(0.482530796238,-1.330300945429,5.80885901728));
#13611=CARTESIAN_POINT('Origin',(0.485565185385,-1.342279969602,5.80885901728));
#13612=CARTESIAN_POINT('',(0.485565185385,-1.342279969602,5.807859018414));
#13613=CARTESIAN_POINT('',(0.485565185385,-1.342279969602,5.807859018414));
#13614=CARTESIAN_POINT('',(0.485565185385,-1.342279969602,5.80885901728));
#13615=CARTESIAN_POINT('',(0.485565185385,-1.342279969602,5.80885901728));
#13616=CARTESIAN_POINT('',(0.485565185385,-1.342279969602,5.80885901728));
#13617=CARTESIAN_POINT('Origin',(0.522741067075,-1.451720837375,5.80885901728));
#13618=CARTESIAN_POINT('',(0.522741067075,-1.451720837375,5.807859018414));
#13619=CARTESIAN_POINT('',(0.522741067075,-1.451720837375,5.807859018414));
#13620=CARTESIAN_POINT('',(0.522741067075,-1.451720837375,5.80885901728));
#13621=CARTESIAN_POINT('',(0.522741067075,-1.451720837375,5.80885901728));
#13622=CARTESIAN_POINT('',(0.522741067075,-1.451720837375,5.80885901728));
#13623=CARTESIAN_POINT('Origin',(0.551229685162,-1.451922888821,5.80885901728));
#13624=CARTESIAN_POINT('',(0.551229685162,-1.451922888821,5.807859018414));
#13625=CARTESIAN_POINT('',(0.551229685162,-1.451922888821,5.807859018414));
#13626=CARTESIAN_POINT('',(0.551229685162,-1.451922888821,5.80885901728));
#13627=CARTESIAN_POINT('',(0.551229685162,-1.451922888821,5.80885901728));
#13628=CARTESIAN_POINT('',(0.551229685162,-1.451922888821,5.80885901728));
#13629=CARTESIAN_POINT('Origin',(0.495280404157,-1.306580342083,5.80885901728));
#13630=CARTESIAN_POINT('',(0.495280404157,-1.306580342083,5.807859018414));
#13631=CARTESIAN_POINT('',(0.495280404157,-1.306580342083,5.807859018414));
#13632=CARTESIAN_POINT('',(0.495280404157,-1.306580342083,5.80885901728));
#13633=CARTESIAN_POINT('',(0.495280404157,-1.306580342083,5.80885901728));
#13634=CARTESIAN_POINT('',(0.495280404157,-1.306580342083,5.80885901728));
#13635=CARTESIAN_POINT('Origin',(0.506644811135,-1.280250457179,5.80885901728));
#13636=CARTESIAN_POINT('',(0.506644811135,-1.280250457179,5.807859018414));
#13637=CARTESIAN_POINT('',(0.506644811135,-1.280250457179,5.807859018414));
#13638=CARTESIAN_POINT('',(0.506644811135,-1.280250457179,5.80885901728));
#13639=CARTESIAN_POINT('',(0.506644811135,-1.280250457179,5.80885901728));
#13640=CARTESIAN_POINT('',(0.506644811135,-1.280250457179,5.80885901728));
#13641=CARTESIAN_POINT('Ctrl Pts',(0.506644811135,-1.280250457179,5.80885901728));
#13642=CARTESIAN_POINT('Ctrl Pts',(0.506644811135,-1.280250457179,5.8076590186408));
#13643=CARTESIAN_POINT('Ctrl Pts',(0.512512654546,-1.266566939909,5.80885901728));
#13644=CARTESIAN_POINT('Ctrl Pts',(0.512512654546,-1.266566939909,5.8076590186408));
#13645=CARTESIAN_POINT('Ctrl Pts',(0.521242336861,-1.259870265164,5.80885901728));
#13646=CARTESIAN_POINT('Ctrl Pts',(0.521242336861,-1.259870265164,5.8076590186408));
#13647=CARTESIAN_POINT('Ctrl Pts',(0.532887319437,-1.259952855536,5.80885901728));
#13648=CARTESIAN_POINT('Ctrl Pts',(0.532887319437,-1.259952855536,5.8076590186408));
#13649=CARTESIAN_POINT('',(0.532887319437,-1.259952855536,5.807859018414));
#13650=CARTESIAN_POINT('Ctrl Pts',(0.506644811135,-1.280250457179,5.807859018414));
#13651=CARTESIAN_POINT('Ctrl Pts',(0.512512654546,-1.266566939909,5.807859018414));
#13652=CARTESIAN_POINT('Ctrl Pts',(0.521242336861,-1.259870265164,5.807859018414));
#13653=CARTESIAN_POINT('Ctrl Pts',(0.532887319437,-1.259952855536,5.807859018414));
#13654=CARTESIAN_POINT('',(0.532887319437,-1.259952855536,5.80885901728));
#13655=CARTESIAN_POINT('',(0.532887319437,-1.259952855536,5.80885901728));
#13656=CARTESIAN_POINT('Ctrl Pts',(0.506644811135,-1.280250457179,5.80885901728));
#13657=CARTESIAN_POINT('Ctrl Pts',(0.512512654546,-1.266566939909,5.80885901728));
#13658=CARTESIAN_POINT('Ctrl Pts',(0.521242336861,-1.259870265164,5.80885901728));
#13659=CARTESIAN_POINT('Ctrl Pts',(0.532887319437,-1.259952855536,5.80885901728));
#13660=CARTESIAN_POINT('Ctrl Pts',(0.532887319437,-1.259952855536,5.80885901728));
#13661=CARTESIAN_POINT('Ctrl Pts',(0.532887319437,-1.259952855536,5.8076590186408));
#13662=CARTESIAN_POINT('Ctrl Pts',(0.537566107079,-1.259986039168,5.80885901728));
#13663=CARTESIAN_POINT('Ctrl Pts',(0.537566107079,-1.259986039168,5.8076590186408));
#13664=CARTESIAN_POINT('Ctrl Pts',(0.542342231053,-1.260955717742,5.80885901728));
#13665=CARTESIAN_POINT('Ctrl Pts',(0.542342231053,-1.260955717742,5.8076590186408));
#13666=CARTESIAN_POINT('Ctrl Pts',(0.547318927005,-1.262966601732,5.80885901728));
#13667=CARTESIAN_POINT('Ctrl Pts',(0.547318927005,-1.262966601732,5.8076590186408));
#13668=CARTESIAN_POINT('',(0.547318927005,-1.262966601732,5.807859018414));
#13669=CARTESIAN_POINT('Ctrl Pts',(0.532887319437,-1.259952855536,5.807859018414));
#13670=CARTESIAN_POINT('Ctrl Pts',(0.537566107079,-1.259986039168,5.807859018414));
#13671=CARTESIAN_POINT('Ctrl Pts',(0.542342231053,-1.260955717742,5.807859018414));
#13672=CARTESIAN_POINT('Ctrl Pts',(0.547318927005,-1.262966601732,5.807859018414));
#13673=CARTESIAN_POINT('',(0.547318927005,-1.262966601732,5.80885901728));
#13674=CARTESIAN_POINT('',(0.547318927005,-1.262966601732,5.80885901728));
#13675=CARTESIAN_POINT('Ctrl Pts',(0.532887319437,-1.259952855536,5.80885901728));
#13676=CARTESIAN_POINT('Ctrl Pts',(0.537566107079,-1.259986039168,5.80885901728));
#13677=CARTESIAN_POINT('Ctrl Pts',(0.542342231053,-1.260955717742,5.80885901728));
#13678=CARTESIAN_POINT('Ctrl Pts',(0.547318927005,-1.262966601732,5.80885901728));
#13679=CARTESIAN_POINT('Origin',(0.547479683265,-1.240300474933,5.80885901728));
#13680=CARTESIAN_POINT('',(0.547479683265,-1.240300474933,5.807859018414));
#13681=CARTESIAN_POINT('',(0.547479683265,-1.240300474933,5.807859018414));
#13682=CARTESIAN_POINT('',(0.547479683265,-1.240300474933,5.80885901728));
#13683=CARTESIAN_POINT('',(0.547479683265,-1.240300474933,5.80885901728));
#13684=CARTESIAN_POINT('',(0.547479683265,-1.240300474933,5.80885901728));
#13685=CARTESIAN_POINT('Ctrl Pts',(0.547479683265,-1.240300474933,5.80885901728));
#13686=CARTESIAN_POINT('Ctrl Pts',(0.547479683265,-1.240300474933,5.8076590186408));
#13687=CARTESIAN_POINT('Ctrl Pts',(0.542966441594,-1.238916747659,5.80885901728));
#13688=CARTESIAN_POINT('Ctrl Pts',(0.542966441594,-1.238916747659,5.8076590186408));
#13689=CARTESIAN_POINT('Ctrl Pts',(0.53746103138,-1.238149853303,5.80885901728));
#13690=CARTESIAN_POINT('Ctrl Pts',(0.53746103138,-1.238149853303,5.8076590186408));
#13691=CARTESIAN_POINT('Ctrl Pts',(0.531066688269,-1.23810450234,5.80885901728));
#13692=CARTESIAN_POINT('Ctrl Pts',(0.531066688269,-1.23810450234,5.8076590186408));
#13693=CARTESIAN_POINT('',(0.531066688269,-1.23810450234,5.807859018414));
#13694=CARTESIAN_POINT('Origin',(0.487109662808166,-1.28181652656844,5.807859018414));
#13695=CARTESIAN_POINT('',(0.531066688269,-1.23810450234,5.80885901728));
#13696=CARTESIAN_POINT('',(0.531066688269,-1.23810450234,5.80885901728));
#13697=CARTESIAN_POINT('Origin',(0.487109662808166,-1.28181652656844,5.80885901728));
#13698=CARTESIAN_POINT('Ctrl Pts',(0.531066688269,-1.23810450234,5.80885901728));
#13699=CARTESIAN_POINT('Ctrl Pts',(0.531066688269,-1.23810450234,5.8076590186408));
#13700=CARTESIAN_POINT('Ctrl Pts',(0.508764467176,-1.237946327029,5.80885901728));
#13701=CARTESIAN_POINT('Ctrl Pts',(0.508764467176,-1.237946327029,5.8076590186408));
#13702=CARTESIAN_POINT('Ctrl Pts',(0.491395064737,-1.253315902047,5.80885901728));
#13703=CARTESIAN_POINT('Ctrl Pts',(0.491395064737,-1.253315902047,5.8076590186408));
#13704=CARTESIAN_POINT('Ctrl Pts',(0.478906494426,-1.284212858687,5.80885901728));
#13705=CARTESIAN_POINT('Ctrl Pts',(0.478906494426,-1.284212858687,5.8076590186408));
#13706=CARTESIAN_POINT('',(0.478906494426,-1.284212858687,5.807859018414));
#13707=CARTESIAN_POINT('Ctrl Pts',(0.531066688269,-1.23810450234,5.807859018414));
#13708=CARTESIAN_POINT('Ctrl Pts',(0.508764467176,-1.237946327029,5.807859018414));
#13709=CARTESIAN_POINT('Ctrl Pts',(0.491395064737,-1.253315902047,5.807859018414));
#13710=CARTESIAN_POINT('Ctrl Pts',(0.478906494426,-1.284212858687,5.807859018414));
#13711=CARTESIAN_POINT('',(0.478906494426,-1.284212858687,5.80885901728));
#13712=CARTESIAN_POINT('',(0.478906494426,-1.284212858687,5.80885901728));
#13713=CARTESIAN_POINT('Ctrl Pts',(0.531066688269,-1.23810450234,5.80885901728));
#13714=CARTESIAN_POINT('Ctrl Pts',(0.508764467176,-1.237946327029,5.80885901728));
#13715=CARTESIAN_POINT('Ctrl Pts',(0.491395064737,-1.253315902047,5.80885901728));
#13716=CARTESIAN_POINT('Ctrl Pts',(0.478906494426,-1.284212858687,5.80885901728));
#13717=CARTESIAN_POINT('Origin',(0.411801813429,-1.450934016596,5.80885901728));
#13718=CARTESIAN_POINT('',(0.411801813429,-1.450934016596,5.807859018414));
#13719=CARTESIAN_POINT('',(0.411801813429,-1.450934016596,5.80885901728));
#13720=CARTESIAN_POINT('Origin',(0.501306472304,-1.249513006032,5.80885901728));
#13721=CARTESIAN_POINT('Origin',(0.501306472304,-1.249513006032,5.807859018414));
#13722=CARTESIAN_POINT('Origin',(0.275838992244,-1.327899208793,5.80885901728));
#13723=CARTESIAN_POINT('',(0.276003435574,-1.304713216701,5.807859018414));
#13724=CARTESIAN_POINT('',(0.275838992244,-1.327899208793,5.807859018414));
#13725=CARTESIAN_POINT('',(0.275838992244,-1.327899208793,5.807859018414));
#13726=CARTESIAN_POINT('',(0.275838992244,-1.327899208793,5.80885901728));
#13727=CARTESIAN_POINT('',(0.275838992244,-1.327899208793,5.80885901728));
#13728=CARTESIAN_POINT('',(0.276003435574,-1.304713216701,5.80885901728));
#13729=CARTESIAN_POINT('',(0.275838992244,-1.327899208793,5.80885901728));
#13730=CARTESIAN_POINT('',(0.276003435574,-1.304713216701,5.80885901728));
#13731=CARTESIAN_POINT('Origin',(0.358965452684,-1.328488771317,5.80885901728));
#13732=CARTESIAN_POINT('',(0.358965452684,-1.328488771317,5.807859018414));
#13733=CARTESIAN_POINT('',(0.358965452684,-1.328488771317,5.807859018414));
#13734=CARTESIAN_POINT('',(0.358965452684,-1.328488771317,5.80885901728));
#13735=CARTESIAN_POINT('',(0.358965452684,-1.328488771317,5.80885901728));
#13736=CARTESIAN_POINT('',(0.358965452684,-1.328488771317,5.80885901728));
#13737=CARTESIAN_POINT('Origin',(0.358480234247,-1.396903043949,5.80885901728));
#13738=CARTESIAN_POINT('',(0.358480234247,-1.396903043949,5.807859018414));
#13739=CARTESIAN_POINT('',(0.358480234247,-1.396903043949,5.807859018414));
#13740=CARTESIAN_POINT('',(0.358480234247,-1.396903043949,5.80885901728));
#13741=CARTESIAN_POINT('',(0.358480234247,-1.396903043949,5.80885901728));
#13742=CARTESIAN_POINT('',(0.358480234247,-1.396903043949,5.80885901728));
#13743=CARTESIAN_POINT('Origin',(0.285751079678,-1.396387222829,5.80885901728));
#13744=CARTESIAN_POINT('',(0.285751079678,-1.396387222829,5.807859018414));
#13745=CARTESIAN_POINT('',(0.285751079678,-1.396387222829,5.807859018414));
#13746=CARTESIAN_POINT('',(0.285751079678,-1.396387222829,5.80885901728));
#13747=CARTESIAN_POINT('',(0.285751079678,-1.396387222829,5.80885901728));
#13748=CARTESIAN_POINT('',(0.285751079678,-1.396387222829,5.80885901728));
#13749=CARTESIAN_POINT('Origin',(0.285585898934,-1.419677187981,5.80885901728));
#13750=CARTESIAN_POINT('',(0.285585898934,-1.419677187981,5.807859018414));
#13751=CARTESIAN_POINT('',(0.285585898934,-1.419677187981,5.807859018414));
#13752=CARTESIAN_POINT('',(0.285585898934,-1.419677187981,5.80885901728));
#13753=CARTESIAN_POINT('',(0.285585898934,-1.419677187981,5.80885901728));
#13754=CARTESIAN_POINT('',(0.285585898934,-1.419677187981,5.80885901728));
#13755=CARTESIAN_POINT('Origin',(0.358315053502,-1.420193009101,5.80885901728));
#13756=CARTESIAN_POINT('',(0.358315053502,-1.420193009101,5.807859018414));
#13757=CARTESIAN_POINT('',(0.358315053502,-1.420193009101,5.807859018414));
#13758=CARTESIAN_POINT('',(0.358315053502,-1.420193009101,5.80885901728));
#13759=CARTESIAN_POINT('',(0.358315053502,-1.420193009101,5.80885901728));
#13760=CARTESIAN_POINT('',(0.358315053502,-1.420193009101,5.80885901728));
#13761=CARTESIAN_POINT('Origin',(0.357853432314,-1.485280143855,5.80885901728));
#13762=CARTESIAN_POINT('',(0.357853432314,-1.485280143855,5.807859018414));
#13763=CARTESIAN_POINT('',(0.357853432314,-1.485280143855,5.807859018414));
#13764=CARTESIAN_POINT('',(0.357853432314,-1.485280143855,5.80885901728));
#13765=CARTESIAN_POINT('',(0.357853432314,-1.485280143855,5.80885901728));
#13766=CARTESIAN_POINT('',(0.357853432314,-1.485280143855,5.80885901728));
#13767=CARTESIAN_POINT('Origin',(0.279353772987,-1.484723396256,5.80885901728));
#13768=CARTESIAN_POINT('',(0.279353772987,-1.484723396256,5.807859018414));
#13769=CARTESIAN_POINT('',(0.279353772987,-1.484723396256,5.807859018414));
#13770=CARTESIAN_POINT('',(0.279353772987,-1.484723396256,5.80885901728));
#13771=CARTESIAN_POINT('',(0.279353772987,-1.484723396256,5.80885901728));
#13772=CARTESIAN_POINT('',(0.279353772987,-1.484723396256,5.80885901728));
#13773=CARTESIAN_POINT('Origin',(0.279187854828,-1.508117334466,5.80885901728));
#13774=CARTESIAN_POINT('',(0.279187854828,-1.508117334466,5.807859018414));
#13775=CARTESIAN_POINT('',(0.279187854828,-1.508117334466,5.807859018414));
#13776=CARTESIAN_POINT('',(0.279187854828,-1.508117334466,5.80885901728));
#13777=CARTESIAN_POINT('',(0.279187854828,-1.508117334466,5.80885901728));
#13778=CARTESIAN_POINT('',(0.279187854828,-1.508117334466,5.80885901728));
#13779=CARTESIAN_POINT('Origin',(0.383940711481,-1.50886027911,5.80885901728));
#13780=CARTESIAN_POINT('',(0.383940711481,-1.50886027911,5.807859018414));
#13781=CARTESIAN_POINT('',(0.383940711481,-1.50886027911,5.807859018414));
#13782=CARTESIAN_POINT('',(0.383940711481,-1.50886027911,5.80885901728));
#13783=CARTESIAN_POINT('',(0.383940711481,-1.50886027911,5.80885901728));
#13784=CARTESIAN_POINT('',(0.383940711481,-1.50886027911,5.80885901728));
#13785=CARTESIAN_POINT('Origin',(0.38538309334,-1.305488976269,5.80885901728));
#13786=CARTESIAN_POINT('',(0.38538309334,-1.305488976269,5.807859018414));
#13787=CARTESIAN_POINT('',(0.38538309334,-1.305488976269,5.807859018414));
#13788=CARTESIAN_POINT('',(0.38538309334,-1.305488976269,5.80885901728));
#13789=CARTESIAN_POINT('',(0.38538309334,-1.305488976269,5.80885901728));
#13790=CARTESIAN_POINT('',(0.38538309334,-1.305488976269,5.80885901728));
#13791=CARTESIAN_POINT('Origin',(0.276003435574,-1.304713216701,5.80885901728));
#13792=CARTESIAN_POINT('',(0.276003435574,-1.304713216701,5.807859018414));
#13793=CARTESIAN_POINT('',(0.276003435574,-1.304713216701,5.80885901728));
#13794=CARTESIAN_POINT('Origin',(0.,-1.1101800849,5.80885901728));
#13795=CARTESIAN_POINT('Origin',(0.,-1.1101800849,5.807859018414));
#13796=CARTESIAN_POINT('Origin',(0.135830668982,-1.500380997234,5.80885901728));
#13797=CARTESIAN_POINT('',(0.23758539038,-1.304440742213,5.80885901728));
#13798=CARTESIAN_POINT('',(0.181647884792,-1.304044013461,5.80885901728));
#13799=CARTESIAN_POINT('',(0.181647884792,-1.304044013461,5.80885901728));
#13800=CARTESIAN_POINT('',(0.102478295255,-1.331972565585,5.80885901728));
#13801=CARTESIAN_POINT('Origin',(11.0837369121293,-19.1225286012346,5.80885901728));
#13802=CARTESIAN_POINT('',(0.07126866809991,-1.407551388245,5.80885901728));
#13803=CARTESIAN_POINT('Origin',(22.8898240453694,-15.470012108973,5.80885901728));
#13804=CARTESIAN_POINT('',(0.101428955078,-1.479926228133,5.80885901728));
#13805=CARTESIAN_POINT('Ctrl Pts',(0.07126866809991,-1.407551388245,5.80885901728));
#13806=CARTESIAN_POINT('Ctrl Pts',(0.07105481802876,-1.437703575271,5.80885901728));
#13807=CARTESIAN_POINT('Ctrl Pts',(0.08112582166985,-1.461793987117,5.80885901728));
#13808=CARTESIAN_POINT('Ctrl Pts',(0.101428955078,-1.479926228133,5.80885901728));
#13809=CARTESIAN_POINT('',(0.17812604176,-1.507400568021,5.80885901728));
#13810=CARTESIAN_POINT('Ctrl Pts',(0.101428955078,-1.479926228133,5.80885901728));
#13811=CARTESIAN_POINT('Ctrl Pts',(0.121732088486,-1.498058469148,5.80885901728));
#13812=CARTESIAN_POINT('Ctrl Pts',(0.147298029852,-1.507181924759,5.80885901728));
#13813=CARTESIAN_POINT('Ctrl Pts',(0.17812604176,-1.507400568021,5.80885901728));
#13814=CARTESIAN_POINT('',(0.23614300852,-1.507812045054,5.80885901728));
#13815=CARTESIAN_POINT('',(0.23614300852,-1.507812045054,5.80885901728));
#13816=CARTESIAN_POINT('',(0.23758539038,-1.304440742213,5.80885901728));
#13817=CARTESIAN_POINT('',(0.210055729355,-1.4842319098,5.80885901728));
#13818=CARTESIAN_POINT('',(0.211167749725,-1.327440537261,5.80885901728));
#13819=CARTESIAN_POINT('',(0.210055729355,-1.4842319098,5.80885901728));
#13820=CARTESIAN_POINT('',(0.179331690506,-1.484014003951,5.80885901728));
#13821=CARTESIAN_POINT('',(0.179331690506,-1.484014003951,5.80885901728));
#13822=CARTESIAN_POINT('',(0.120774583046,-1.464466690923,5.80885901728));
#13823=CARTESIAN_POINT('Origin',(10.0335111906557,11.6373253587886,5.80885901728));
#13824=CARTESIAN_POINT('',(0.09887867708811,-1.407019360262,5.80885901728));
#13825=CARTESIAN_POINT('Origin',(4.21586992553154,1.99839248865735,5.80885901728));
#13826=CARTESIAN_POINT('',(0.121028634946,-1.348012809388,5.80885901728));
#13827=CARTESIAN_POINT('Origin',(6.64767216591999,-6.59825354935048,5.80885901728));
#13828=CARTESIAN_POINT('',(0.181639401051,-1.327231111674,5.80885901728));
#13829=CARTESIAN_POINT('Origin',(6.47075202316273,-9.2892210114168,5.80885901728));
#13830=CARTESIAN_POINT('',(0.211167749725,-1.327440537261,5.80885901728));
#13831=CARTESIAN_POINT('Origin',(0.135830668982,-1.500380997234,5.807859018414));
#13832=CARTESIAN_POINT('',(0.23758539038,-1.304440742213,5.807859018414));
#13833=CARTESIAN_POINT('',(0.181647884792,-1.304044013461,5.807859018414));
#13834=CARTESIAN_POINT('',(0.181647884792,-1.304044013461,5.807859018414));
#13835=CARTESIAN_POINT('',(0.23614300852,-1.507812045054,5.807859018414));
#13836=CARTESIAN_POINT('',(0.23758539038,-1.304440742213,5.807859018414));
#13837=CARTESIAN_POINT('',(0.17812604176,-1.507400568021,5.807859018414));
#13838=CARTESIAN_POINT('',(0.23614300852,-1.507812045054,5.807859018414));
#13839=CARTESIAN_POINT('',(0.101428955078,-1.479926228133,5.807859018414));
#13840=CARTESIAN_POINT('Ctrl Pts',(0.101428955078,-1.479926228133,5.807859018414));
#13841=CARTESIAN_POINT('Ctrl Pts',(0.121732088486,-1.498058469148,5.807859018414));
#13842=CARTESIAN_POINT('Ctrl Pts',(0.147298029852,-1.507181924759,5.807859018414));
#13843=CARTESIAN_POINT('Ctrl Pts',(0.17812604176,-1.507400568021,5.807859018414));
#13844=CARTESIAN_POINT('',(0.07126866809991,-1.407551388245,5.807859018414));
#13845=CARTESIAN_POINT('Ctrl Pts',(0.07126866809991,-1.407551388245,5.807859018414));
#13846=CARTESIAN_POINT('Ctrl Pts',(0.07105481802876,-1.437703575271,5.807859018414));
#13847=CARTESIAN_POINT('Ctrl Pts',(0.08112582166985,-1.461793987117,5.807859018414));
#13848=CARTESIAN_POINT('Ctrl Pts',(0.101428955078,-1.479926228133,5.807859018414));
#13849=CARTESIAN_POINT('',(0.102478295255,-1.331972565585,5.807859018414));
#13850=CARTESIAN_POINT('Origin',(22.8898240453694,-15.470012108973,5.807859018414));
#13851=CARTESIAN_POINT('Origin',(11.0837369121293,-19.1225286012346,5.807859018414));
#13852=CARTESIAN_POINT('',(0.179331690506,-1.484014003951,5.807859018414));
#13853=CARTESIAN_POINT('',(0.210055729355,-1.4842319098,5.807859018414));
#13854=CARTESIAN_POINT('',(0.179331690506,-1.484014003951,5.807859018414));
#13855=CARTESIAN_POINT('',(0.211167749725,-1.327440537261,5.807859018414));
#13856=CARTESIAN_POINT('',(0.210055729355,-1.4842319098,5.807859018414));
#13857=CARTESIAN_POINT('',(0.181639401051,-1.327231111674,5.807859018414));
#13858=CARTESIAN_POINT('',(0.211167749725,-1.327440537261,5.807859018414));
#13859=CARTESIAN_POINT('',(0.121028634946,-1.348012809388,5.807859018414));
#13860=CARTESIAN_POINT('Origin',(6.47075202316273,-9.2892210114168,5.807859018414));
#13861=CARTESIAN_POINT('',(0.09887867708811,-1.407019360262,5.807859018414));
#13862=CARTESIAN_POINT('Origin',(6.64767216591999,-6.59825354935048,5.807859018414));
#13863=CARTESIAN_POINT('',(0.120774583046,-1.464466690923,5.807859018414));
#13864=CARTESIAN_POINT('Origin',(4.21586992553154,1.99839248865735,5.807859018414));
#13865=CARTESIAN_POINT('Origin',(10.0335111906557,11.6373253587886,5.807859018414));
#13866=CARTESIAN_POINT('Origin',(0.181647884792,-1.304044013461,5.80885901728));
#13867=CARTESIAN_POINT('',(0.181647884792,-1.304044013461,5.80885901728));
#13868=CARTESIAN_POINT('',(0.23758539038,-1.304440742213,5.80885901728));
#13869=CARTESIAN_POINT('Ctrl Pts',(0.181647884792,-1.304044013461,5.80885901728));
#13870=CARTESIAN_POINT('Ctrl Pts',(0.181647884792,-1.304044013461,5.8076590186408));
#13871=CARTESIAN_POINT('Ctrl Pts',(0.149468223122,-1.303815783816,5.80885901728));
#13872=CARTESIAN_POINT('Ctrl Pts',(0.149468223122,-1.303815783816,5.8076590186408));
#13873=CARTESIAN_POINT('Ctrl Pts',(0.12304394806,-1.313090397699,5.80885901728));
#13874=CARTESIAN_POINT('Ctrl Pts',(0.12304394806,-1.313090397699,5.8076590186408));
#13875=CARTESIAN_POINT('Ctrl Pts',(0.102478295255,-1.331972565585,5.80885901728));
#13876=CARTESIAN_POINT('Ctrl Pts',(0.102478295255,-1.331972565585,5.8076590186408));
#13877=CARTESIAN_POINT('',(0.102478295255,-1.331972565585,5.80885901728));
#13878=CARTESIAN_POINT('Ctrl Pts',(0.102478295255,-1.331972565585,5.80885901728));
#13879=CARTESIAN_POINT('Ctrl Pts',(0.102478295255,-1.331972565585,5.8076590186408));
#13880=CARTESIAN_POINT('Ctrl Pts',(0.08191264244886,-1.350854733471,5.80885901728));
#13881=CARTESIAN_POINT('Ctrl Pts',(0.08191264244886,-1.350854733471,5.8076590186408));
#13882=CARTESIAN_POINT('Ctrl Pts',(0.07149210455356,-1.376047551455,5.80885901728));
#13883=CARTESIAN_POINT('Ctrl Pts',(0.07149210455356,-1.376047551455,5.8076590186408));
#13884=CARTESIAN_POINT('Ctrl Pts',(0.07126866809991,-1.407551388245,5.80885901728));
#13885=CARTESIAN_POINT('Ctrl Pts',(0.07126866809991,-1.407551388245,5.8076590186408));
#13886=CARTESIAN_POINT('',(0.07126866809991,-1.407551388245,5.80885901728));
#13887=CARTESIAN_POINT('Ctrl Pts',(0.07126866809991,-1.407551388245,5.80885901728));
#13888=CARTESIAN_POINT('Ctrl Pts',(0.07126866809991,-1.407551388245,5.8076590186408));
#13889=CARTESIAN_POINT('Ctrl Pts',(0.07105481802876,-1.437703575271,5.80885901728));
#13890=CARTESIAN_POINT('Ctrl Pts',(0.07105481802876,-1.437703575271,5.8076590186408));
#13891=CARTESIAN_POINT('Ctrl Pts',(0.08112582166985,-1.461793987117,5.80885901728));
#13892=CARTESIAN_POINT('Ctrl Pts',(0.08112582166985,-1.461793987117,5.8076590186408));
#13893=CARTESIAN_POINT('Ctrl Pts',(0.101428955078,-1.479926228133,5.80885901728));
#13894=CARTESIAN_POINT('Ctrl Pts',(0.101428955078,-1.479926228133,5.8076590186408));
#13895=CARTESIAN_POINT('',(0.101428955078,-1.479926228133,5.80885901728));
#13896=CARTESIAN_POINT('Ctrl Pts',(0.101428955078,-1.479926228133,5.80885901728));
#13897=CARTESIAN_POINT('Ctrl Pts',(0.101428955078,-1.479926228133,5.8076590186408));
#13898=CARTESIAN_POINT('Ctrl Pts',(0.121732088486,-1.498058469148,5.80885901728));
#13899=CARTESIAN_POINT('Ctrl Pts',(0.121732088486,-1.498058469148,5.8076590186408));
#13900=CARTESIAN_POINT('Ctrl Pts',(0.147298029852,-1.507181924759,5.80885901728));
#13901=CARTESIAN_POINT('Ctrl Pts',(0.147298029852,-1.507181924759,5.8076590186408));
#13902=CARTESIAN_POINT('Ctrl Pts',(0.17812604176,-1.507400568021,5.80885901728));
#13903=CARTESIAN_POINT('Ctrl Pts',(0.17812604176,-1.507400568021,5.8076590186408));
#13904=CARTESIAN_POINT('',(0.17812604176,-1.507400568021,5.80885901728));
#13905=CARTESIAN_POINT('Origin',(0.23614300852,-1.507812045054,5.80885901728));
#13906=CARTESIAN_POINT('',(0.23614300852,-1.507812045054,5.80885901728));
#13907=CARTESIAN_POINT('Origin',(0.23758539038,-1.304440742213,5.80885901728));
#13908=CARTESIAN_POINT('Origin',(0.179331690506,-1.484014003951,5.80885901728));
#13909=CARTESIAN_POINT('',(0.179331690506,-1.484014003951,5.80885901728));
#13910=CARTESIAN_POINT('',(0.210055729355,-1.4842319098,5.80885901728));
#13911=CARTESIAN_POINT('Origin',(0.210055729355,-1.4842319098,5.80885901728));
#13912=CARTESIAN_POINT('',(0.211167749725,-1.327440537261,5.80885901728));
#13913=CARTESIAN_POINT('Origin',(0.211167749725,-1.327440537261,5.80885901728));
#13914=CARTESIAN_POINT('',(0.181639401051,-1.327231111674,5.80885901728));
#13915=CARTESIAN_POINT('Ctrl Pts',(0.181639401051,-1.327231111674,5.80885901728));
#13916=CARTESIAN_POINT('Ctrl Pts',(0.181639401051,-1.327231111674,5.8076590186408));
#13917=CARTESIAN_POINT('Ctrl Pts',(0.155802095961,-1.327047864286,5.80885901728));
#13918=CARTESIAN_POINT('Ctrl Pts',(0.155802095961,-1.327047864286,5.8076590186408));
#13919=CARTESIAN_POINT('Ctrl Pts',(0.135581178416,-1.333974973954,5.80885901728));
#13920=CARTESIAN_POINT('Ctrl Pts',(0.135581178416,-1.333974973954,5.8076590186408));
#13921=CARTESIAN_POINT('Ctrl Pts',(0.121028634946,-1.348012809388,5.80885901728));
#13922=CARTESIAN_POINT('Ctrl Pts',(0.121028634946,-1.348012809388,5.8076590186408));
#13923=CARTESIAN_POINT('',(0.121028634946,-1.348012809388,5.80885901728));
#13924=CARTESIAN_POINT('Ctrl Pts',(0.121028634946,-1.348012809388,5.80885901728));
#13925=CARTESIAN_POINT('Ctrl Pts',(0.121028634946,-1.348012809388,5.8076590186408));
#13926=CARTESIAN_POINT('Ctrl Pts',(0.10642484236,-1.361946303056,5.80885901728));
#13927=CARTESIAN_POINT('Ctrl Pts',(0.10642484236,-1.361946303056,5.8076590186408));
#13928=CARTESIAN_POINT('Ctrl Pts',(0.09905860611349,-1.381649933936,5.80885901728));
#13929=CARTESIAN_POINT('Ctrl Pts',(0.09905860611349,-1.381649933936,5.8076590186408));
#13930=CARTESIAN_POINT('Ctrl Pts',(0.09887867708811,-1.407019360262,5.80885901728));
#13931=CARTESIAN_POINT('Ctrl Pts',(0.09887867708811,-1.407019360262,5.8076590186408));
#13932=CARTESIAN_POINT('',(0.09887867708811,-1.407019360262,5.80885901728));
#13933=CARTESIAN_POINT('Ctrl Pts',(0.09887867708811,-1.407019360262,5.80885901728));
#13934=CARTESIAN_POINT('Ctrl Pts',(0.09887867708811,-1.407019360262,5.8076590186408));
#13935=CARTESIAN_POINT('Ctrl Pts',(0.09869874806273,-1.432388786588,5.80885901728));
#13936=CARTESIAN_POINT('Ctrl Pts',(0.09869874806273,-1.432388786588,5.8076590186408));
#13937=CARTESIAN_POINT('Ctrl Pts',(0.105997137577,-1.451572554493,5.80885901728));
#13938=CARTESIAN_POINT('Ctrl Pts',(0.105997137577,-1.451572554493,5.8076590186408));
#13939=CARTESIAN_POINT('Ctrl Pts',(0.120774583046,-1.464466690923,5.80885901728));
#13940=CARTESIAN_POINT('Ctrl Pts',(0.120774583046,-1.464466690923,5.8076590186408));
#13941=CARTESIAN_POINT('',(0.120774583046,-1.464466690923,5.80885901728));
#13942=CARTESIAN_POINT('Ctrl Pts',(0.120774583046,-1.464466690923,5.80885901728));
#13943=CARTESIAN_POINT('Ctrl Pts',(0.120774583046,-1.464466690923,5.8076590186408));
#13944=CARTESIAN_POINT('Ctrl Pts',(0.135552028515,-1.477360827352,5.80885901728));
#13945=CARTESIAN_POINT('Ctrl Pts',(0.135552028515,-1.477360827352,5.8076590186408));
#13946=CARTESIAN_POINT('Ctrl Pts',(0.155105967826,-1.48384218648,5.80885901728));
#13947=CARTESIAN_POINT('Ctrl Pts',(0.155105967826,-1.48384218648,5.8076590186408));
#13948=CARTESIAN_POINT('Ctrl Pts',(0.179331690506,-1.484014003951,5.80885901728));
#13949=CARTESIAN_POINT('Ctrl Pts',(0.179331690506,-1.484014003951,5.8076590186408));
#13950=CARTESIAN_POINT('Origin',(0.,-1.1101800849,5.80885901728));
#13951=CARTESIAN_POINT('',(-0.122265365823,-1.301888552226,5.80885901728));
#13952=CARTESIAN_POINT('',(-0.04624781894198,-1.505809228526,5.80885901728));
#13953=CARTESIAN_POINT('',(-0.04624781894198,-1.505809228526,5.80885901728));
#13954=CARTESIAN_POINT('',(-0.01817509308838,-1.506008330316,5.80885901728));
#13955=CARTESIAN_POINT('',(-0.01817509308838,-1.506008330316,5.80885901728));
#13956=CARTESIAN_POINT('',(0.06072721751194,-1.303186400934,5.80885901728));
#13957=CARTESIAN_POINT('',(0.06072721751194,-1.303186400934,5.80885901728));
#13958=CARTESIAN_POINT('',(0.03171873413099,-1.302980662417,5.80885901728));
#13959=CARTESIAN_POINT('',(0.03171873413099,-1.302980662417,5.80885901728));
#13960=CARTESIAN_POINT('',(0.01177728258261,-1.358467614988,5.80885901728));
#13961=CARTESIAN_POINT('',(0.01177728258261,-1.358467614988,5.80885901728));
#13962=CARTESIAN_POINT('',(-0.07290877373911,-1.357866991254,5.80885901728));
#13963=CARTESIAN_POINT('',(-0.07290877373911,-1.357866991254,5.80885901728));
#13964=CARTESIAN_POINT('',(-0.09325688244297,-1.302094290743,5.80885901728));
#13965=CARTESIAN_POINT('',(-0.09325688244297,-1.302094290743,5.80885901728));
#13966=CARTESIAN_POINT('',(-0.122265365823,-1.301888552226,5.80885901728));
#13967=CARTESIAN_POINT('',(0.00329646938152,-1.381386667841,5.80885901728));
#13968=CARTESIAN_POINT('',(-0.06496184366297,-1.380902555524,5.80885901728));
#13969=CARTESIAN_POINT('',(0.00329646938152,-1.381386667841,5.80885901728));
#13970=CARTESIAN_POINT('',(-0.02771516790371,-1.465701070968,5.80885901728));
#13971=CARTESIAN_POINT('',(-0.02771516790371,-1.465701070968,5.80885901728));
#13972=CARTESIAN_POINT('',(-0.03114333150613,-1.479921782762,5.80885901728));
#13973=CARTESIAN_POINT('Ctrl Pts',(-0.03114333150613,-1.479921782762,5.80885901728));
#13974=CARTESIAN_POINT('Ctrl Pts',(-0.03011208001983,-1.473794377731,5.80885901728));
#13975=CARTESIAN_POINT('Ctrl Pts',(-0.02898644185883,-1.469019359877,5.80885901728));
#13976=CARTESIAN_POINT('Ctrl Pts',(-0.02771516790371,-1.465701070968,5.80885901728));
#13977=CARTESIAN_POINT('',(-0.03176716985908,-1.479917358277,5.80885901728));
#13978=CARTESIAN_POINT('',(-0.03176716985908,-1.479917358277,5.80885901728));
#13979=CARTESIAN_POINT('',(-0.0348373224257,-1.465650558107,5.80885901728));
#13980=CARTESIAN_POINT('Ctrl Pts',(-0.0348373224257,-1.465650558107,5.80885901728));
#13981=CARTESIAN_POINT('Ctrl Pts',(-0.03386948854809,-1.468464836125,5.80885901728));
#13982=CARTESIAN_POINT('Ctrl Pts',(-0.03286294159112,-1.473150997907,5.80885901728));
#13983=CARTESIAN_POINT('Ctrl Pts',(-0.03176716985908,-1.479917358277,5.80885901728));
#13984=CARTESIAN_POINT('',(-0.06496184366297,-1.380902555524,5.80885901728));
#13985=CARTESIAN_POINT('Origin',(0.,-1.1101800849,5.807859018414));
#13986=CARTESIAN_POINT('',(-0.122265365823,-1.301888552226,5.807859018414));
#13987=CARTESIAN_POINT('',(-0.04624781894198,-1.505809228526,5.807859018414));
#13988=CARTESIAN_POINT('',(-0.04624781894198,-1.505809228526,5.807859018414));
#13989=CARTESIAN_POINT('',(-0.09325688244297,-1.302094290743,5.807859018414));
#13990=CARTESIAN_POINT('',(-0.122265365823,-1.301888552226,5.807859018414));
#13991=CARTESIAN_POINT('',(-0.07290877373911,-1.357866991254,5.807859018414));
#13992=CARTESIAN_POINT('',(-0.09325688244297,-1.302094290743,5.807859018414));
#13993=CARTESIAN_POINT('',(0.01177728258261,-1.358467614988,5.807859018414));
#13994=CARTESIAN_POINT('',(-0.07290877373911,-1.357866991254,5.807859018414));
#13995=CARTESIAN_POINT('',(0.03171873413099,-1.302980662417,5.807859018414));
#13996=CARTESIAN_POINT('',(0.01177728258261,-1.358467614988,5.807859018414));
#13997=CARTESIAN_POINT('',(0.06072721751194,-1.303186400934,5.807859018414));
#13998=CARTESIAN_POINT('',(0.03171873413099,-1.302980662417,5.807859018414));
#13999=CARTESIAN_POINT('',(-0.01817509308838,-1.506008330316,5.807859018414));
#14000=CARTESIAN_POINT('',(0.06072721751194,-1.303186400934,5.807859018414));
#14001=CARTESIAN_POINT('',(-0.01817509308838,-1.506008330316,5.807859018414));
#14002=CARTESIAN_POINT('',(-0.02771516790371,-1.465701070968,5.807859018414));
#14003=CARTESIAN_POINT('',(0.00329646938152,-1.381386667841,5.807859018414));
#14004=CARTESIAN_POINT('',(-0.02771516790371,-1.465701070968,5.807859018414));
#14005=CARTESIAN_POINT('',(-0.06496184366297,-1.380902555524,5.807859018414));
#14006=CARTESIAN_POINT('',(0.00329646938152,-1.381386667841,5.807859018414));
#14007=CARTESIAN_POINT('',(-0.0348373224257,-1.465650558107,5.807859018414));
#14008=CARTESIAN_POINT('',(-0.06496184366297,-1.380902555524,5.807859018414));
#14009=CARTESIAN_POINT('',(-0.03176716985908,-1.479917358277,5.807859018414));
#14010=CARTESIAN_POINT('Ctrl Pts',(-0.0348373224257,-1.465650558107,5.807859018414));
#14011=CARTESIAN_POINT('Ctrl Pts',(-0.03386948854809,-1.468464836125,5.807859018414));
#14012=CARTESIAN_POINT('Ctrl Pts',(-0.03286294159112,-1.473150997907,5.807859018414));
#14013=CARTESIAN_POINT('Ctrl Pts',(-0.03176716985908,-1.479917358277,5.807859018414));
#14014=CARTESIAN_POINT('',(-0.03114333150613,-1.479921782762,5.807859018414));
#14015=CARTESIAN_POINT('',(-0.03176716985908,-1.479917358277,5.807859018414));
#14016=CARTESIAN_POINT('Ctrl Pts',(-0.03114333150613,-1.479921782762,5.807859018414));
#14017=CARTESIAN_POINT('Ctrl Pts',(-0.03011208001983,-1.473794377731,5.807859018414));
#14018=CARTESIAN_POINT('Ctrl Pts',(-0.02898644185883,-1.469019359877,5.807859018414));
#14019=CARTESIAN_POINT('Ctrl Pts',(-0.02771516790371,-1.465701070968,5.807859018414));
#14020=CARTESIAN_POINT('Origin',(-0.04624781894198,-1.505809228526,5.80885901728));
#14021=CARTESIAN_POINT('',(-0.04624781894198,-1.505809228526,5.80885901728));
#14022=CARTESIAN_POINT('',(-0.122265365823,-1.301888552226,5.80885901728));
#14023=CARTESIAN_POINT('Origin',(-0.01817509308838,-1.506008330316,5.80885901728));
#14024=CARTESIAN_POINT('',(-0.01817509308838,-1.506008330316,5.80885901728));
#14025=CARTESIAN_POINT('Origin',(0.06072721751194,-1.303186400934,5.80885901728));
#14026=CARTESIAN_POINT('',(0.06072721751194,-1.303186400934,5.80885901728));
#14027=CARTESIAN_POINT('Origin',(0.03171873413099,-1.302980662417,5.80885901728));
#14028=CARTESIAN_POINT('',(0.03171873413099,-1.302980662417,5.80885901728));
#14029=CARTESIAN_POINT('Origin',(0.01177728258261,-1.358467614988,5.80885901728));
#14030=CARTESIAN_POINT('',(0.01177728258261,-1.358467614988,5.80885901728));
#14031=CARTESIAN_POINT('Origin',(-0.07290877373911,-1.357866991254,5.80885901728));
#14032=CARTESIAN_POINT('',(-0.07290877373911,-1.357866991254,5.80885901728));
#14033=CARTESIAN_POINT('Origin',(-0.09325688244297,-1.302094290743,5.80885901728));
#14034=CARTESIAN_POINT('',(-0.09325688244297,-1.302094290743,5.80885901728));
#14035=CARTESIAN_POINT('Origin',(-0.122265365823,-1.301888552226,5.80885901728));
#14036=CARTESIAN_POINT('Origin',(0.00329646938152,-1.381386667841,5.80885901728));
#14037=CARTESIAN_POINT('',(0.00329646938152,-1.381386667841,5.80885901728));
#14038=CARTESIAN_POINT('',(-0.06496184366297,-1.380902555524,5.80885901728));
#14039=CARTESIAN_POINT('Origin',(-0.06496184366297,-1.380902555524,5.80885901728));
#14040=CARTESIAN_POINT('',(-0.0348373224257,-1.465650558107,5.80885901728));
#14041=CARTESIAN_POINT('Ctrl Pts',(-0.0348373224257,-1.465650558107,5.80885901728));
#14042=CARTESIAN_POINT('Ctrl Pts',(-0.0348373224257,-1.465650558107,5.8076590186408));
#14043=CARTESIAN_POINT('Ctrl Pts',(-0.03386948854809,-1.468464836125,5.80885901728));
#14044=CARTESIAN_POINT('Ctrl Pts',(-0.03386948854809,-1.468464836125,5.8076590186408));
#14045=CARTESIAN_POINT('Ctrl Pts',(-0.03286294159112,-1.473150997907,5.80885901728));
#14046=CARTESIAN_POINT('Ctrl Pts',(-0.03286294159112,-1.473150997907,5.8076590186408));
#14047=CARTESIAN_POINT('Ctrl Pts',(-0.03176716985908,-1.479917358277,5.80885901728));
#14048=CARTESIAN_POINT('Ctrl Pts',(-0.03176716985908,-1.479917358277,5.8076590186408));
#14049=CARTESIAN_POINT('',(-0.03176716985908,-1.479917358277,5.80885901728));
#14050=CARTESIAN_POINT('Origin',(-0.03176716985908,-1.479917358277,5.80885901728));
#14051=CARTESIAN_POINT('',(-0.03114333150613,-1.479921782762,5.80885901728));
#14052=CARTESIAN_POINT('Ctrl Pts',(-0.03114333150613,-1.479921782762,5.80885901728));
#14053=CARTESIAN_POINT('Ctrl Pts',(-0.03114333150613,-1.479921782762,5.8076590186408));
#14054=CARTESIAN_POINT('Ctrl Pts',(-0.03011208001983,-1.473794377731,5.80885901728));
#14055=CARTESIAN_POINT('Ctrl Pts',(-0.03011208001983,-1.473794377731,5.8076590186408));
#14056=CARTESIAN_POINT('Ctrl Pts',(-0.02898644185883,-1.469019359877,5.80885901728));
#14057=CARTESIAN_POINT('Ctrl Pts',(-0.02898644185883,-1.469019359877,5.8076590186408));
#14058=CARTESIAN_POINT('Ctrl Pts',(-0.02771516790371,-1.465701070968,5.80885901728));
#14059=CARTESIAN_POINT('Ctrl Pts',(-0.02771516790371,-1.465701070968,5.8076590186408));
#14060=CARTESIAN_POINT('',(-0.02771516790371,-1.465701070968,5.80885901728));
#14061=CARTESIAN_POINT('Origin',(-0.02771516790371,-1.465701070968,5.80885901728));
#14062=CARTESIAN_POINT('Origin',(1.154107890119,-1.630167989924,5.80885901728));
#14063=CARTESIAN_POINT('',(1.113731580911,-1.512392388935,5.80885901728));
#14064=CARTESIAN_POINT('',(1.255537085838,-1.702826943101,5.80885901728));
#14065=CARTESIAN_POINT('Ctrl Pts',(1.113731580911,-1.512392388935,5.80885901728));
#14066=CARTESIAN_POINT('Ctrl Pts',(1.114562197153,-1.599159538645,5.80885901728));
#14067=CARTESIAN_POINT('Ctrl Pts',(1.173302620916,-1.676215323805,5.80885901728));
#14068=CARTESIAN_POINT('Ctrl Pts',(1.255537085838,-1.702826943101,5.80885901728));
#14069=CARTESIAN_POINT('',(1.332808202933,-1.817610708714,5.80885901728));
#14070=CARTESIAN_POINT('Origin',(1.52777227516999,-1.65515732742961,5.80885901728));
#14071=CARTESIAN_POINT('',(1.528923997391,-1.894194774722,5.80885901728));
#14072=CARTESIAN_POINT('Origin',(1.51978551630878,-1.57655786199432,5.80885901728));
#14073=CARTESIAN_POINT('',(1.702837849391,-1.839033378448,5.80885901728));
#14074=CARTESIAN_POINT('Origin',(1.4894029055878,-1.39462688653722,5.80885901728));
#14075=CARTESIAN_POINT('',(1.766910835349,-1.775862842067,5.80885901728));
#14076=CARTESIAN_POINT('Ctrl Pts',(1.702837849391,-1.839033378448,5.80885901728));
#14077=CARTESIAN_POINT('Ctrl Pts',(1.727542058489,-1.82185632261,5.80885901728));
#14078=CARTESIAN_POINT('Ctrl Pts',(1.747939169081,-1.800310657737,5.80885901728));
#14079=CARTESIAN_POINT('Ctrl Pts',(1.766910835349,-1.775862842067,5.80885901728));
#14080=CARTESIAN_POINT('',(1.800147144734,-1.77899060687,5.80885901728));
#14081=CARTESIAN_POINT('Ctrl Pts',(1.766910835349,-1.775862842067,5.80885901728));
#14082=CARTESIAN_POINT('Ctrl Pts',(1.778468162403,-1.777390838168,5.80885901728));
#14083=CARTESIAN_POINT('Ctrl Pts',(1.788579562453,-1.778908565449,5.80885901728));
#14084=CARTESIAN_POINT('Ctrl Pts',(1.800147144734,-1.77899060687,5.80885901728));
#14085=CARTESIAN_POINT('',(1.96692354761,-1.710764390805,5.80885901728));
#14086=CARTESIAN_POINT('Origin',(1.79231493909011,-1.50977405324993,5.80885901728));
#14087=CARTESIAN_POINT('',(2.036052288166,-1.546408199505,5.80885901728));
#14088=CARTESIAN_POINT('Origin',(1.80748038660944,-1.54447086642276,5.80885901728));
#14089=CARTESIAN_POINT('',(1.97644024124,-1.38836905587,5.80885901728));
#14090=CARTESIAN_POINT('Origin',(1.81445488086195,-1.53740646972529,5.80885901728));
#14091=CARTESIAN_POINT('',(1.861256557045,-1.318143092031,5.80885901728));
#14092=CARTESIAN_POINT('Origin',(1.35108151575514,-2.2768803417814,5.80885901728));
#14093=CARTESIAN_POINT('',(1.724588725349,-1.218844317002,5.80885901728));
#14094=CARTESIAN_POINT('Ctrl Pts',(1.861256557045,-1.318143092031,5.80885901728));
#14095=CARTESIAN_POINT('Ctrl Pts',(1.842869422656,-1.260171808014,5.80885901728));
#14096=CARTESIAN_POINT('Ctrl Pts',(1.788210510628,-1.219295545409,5.80885901728));
#14097=CARTESIAN_POINT('Ctrl Pts',(1.724588725349,-1.218844317002,5.80885901728));
#14098=CARTESIAN_POINT('',(1.578968290201,-1.362413714648,5.80885901728));
#14099=CARTESIAN_POINT('Ctrl Pts',(1.724588725349,-1.218844317002,5.80885901728));
#14100=CARTESIAN_POINT('Ctrl Pts',(1.645061521331,-1.218280281689,5.80885901728));
#14101=CARTESIAN_POINT('Ctrl Pts',(1.579532325514,-1.28288651063,5.80885901728));
#14102=CARTESIAN_POINT('Ctrl Pts',(1.578968290201,-1.362413714648,5.80885901728));
#14103=CARTESIAN_POINT('',(1.578865738326,-1.376873206289,5.80885901728));
#14104=CARTESIAN_POINT('',(1.578968290201,-1.362413714648,5.80885901728));
#14105=CARTESIAN_POINT('',(1.375673971534,-1.482437712657,5.80885901728));
#14106=CARTESIAN_POINT('',(1.578865738326,-1.376873206289,5.80885901728));
#14107=CARTESIAN_POINT('',(1.419954848499,-1.55939094555,5.80885901728));
#14108=CARTESIAN_POINT('',(1.375673971534,-1.482437712657,5.80885901728));
#14109=CARTESIAN_POINT('',(1.614429894081,-1.459548699159,5.80885901728));
#14110=CARTESIAN_POINT('',(1.419954848499,-1.55939094555,5.80885901728));
#14111=CARTESIAN_POINT('',(1.722527405043,-1.509480104281,5.80885901728));
#14112=CARTESIAN_POINT('Ctrl Pts',(1.614429894081,-1.459548699159,5.80885901728));
#14113=CARTESIAN_POINT('Ctrl Pts',(1.640241609024,-1.490098230415,5.80885901728));
#14114=CARTESIAN_POINT('Ctrl Pts',(1.679148930124,-1.509172448656,5.80885901728));
#14115=CARTESIAN_POINT('Ctrl Pts',(1.722527405043,-1.509480104281,5.80885901728));
#14116=CARTESIAN_POINT('',(1.859123463355,-1.41501144153,5.80885901728));
#14117=CARTESIAN_POINT('Ctrl Pts',(1.722527405043,-1.509480104281,5.80885901728));
#14118=CARTESIAN_POINT('Ctrl Pts',(1.784703235641,-1.509921077461,5.80885901728));
#14119=CARTESIAN_POINT('Ctrl Pts',(1.838490483332,-1.469813953722,5.80885901728));
#14120=CARTESIAN_POINT('Ctrl Pts',(1.859123463355,-1.41501144153,5.80885901728));
#14121=CARTESIAN_POINT('',(1.944936935865,-1.548654086897,5.80885901728));
#14122=CARTESIAN_POINT('Ctrl Pts',(1.859123463355,-1.41501144153,5.80885901728));
#14123=CARTESIAN_POINT('Ctrl Pts',(1.909567601055,-1.438505565231,5.80885901728));
#14124=CARTESIAN_POINT('Ctrl Pts',(1.945357398591,-1.489370165657,5.80885901728));
#14125=CARTESIAN_POINT('Ctrl Pts',(1.944936935865,-1.548654086897,5.80885901728));
#14126=CARTESIAN_POINT('',(1.799316500717,-1.692223484543,5.80885901728));
#14127=CARTESIAN_POINT('Ctrl Pts',(1.944936935865,-1.548654086897,5.80885901728));
#14128=CARTESIAN_POINT('Ctrl Pts',(1.944372900552,-1.628181290915,5.80885901728));
#14129=CARTESIAN_POINT('Ctrl Pts',(1.878843704736,-1.692787519856,5.80885901728));
#14130=CARTESIAN_POINT('Ctrl Pts',(1.799316500717,-1.692223484543,5.80885901728));
#14131=CARTESIAN_POINT('',(1.722835033871,-1.669990722223,5.80885901728));
#14132=CARTESIAN_POINT('Ctrl Pts',(1.799316500717,-1.692223484543,5.80885901728));
#14133=CARTESIAN_POINT('Ctrl Pts',(1.771843472117,-1.69202863602,5.80885901728));
#14134=CARTESIAN_POINT('Ctrl Pts',(1.744431974681,-1.683158086997,5.80885901728));
#14135=CARTESIAN_POINT('Ctrl Pts',(1.722835033871,-1.669990722223,5.80885901728));
#14136=CARTESIAN_POINT('',(1.528093381541,-1.807427569853,5.80885901728));
#14137=CARTESIAN_POINT('Ctrl Pts',(1.722835033871,-1.669990722223,5.80885901728));
#14138=CARTESIAN_POINT('Ctrl Pts',(1.694787742898,-1.750768949857,5.80885901728));
#14139=CARTESIAN_POINT('Ctrl Pts',(1.61918816784,-1.808073646587,5.80885901728));
#14140=CARTESIAN_POINT('Ctrl Pts',(1.528093381541,-1.807427569853,5.80885901728));
#14141=CARTESIAN_POINT('',(1.326942397022,-1.625248198106,5.80885901728));
#14142=CARTESIAN_POINT('Ctrl Pts',(1.528093381541,-1.807427569853,5.80885901728));
#14143=CARTESIAN_POINT('Ctrl Pts',(1.423985030703,-1.806689196274,5.80885901728));
#14144=CARTESIAN_POINT('Ctrl Pts',(1.337792116177,-1.726546681005,5.80885901728));
#14145=CARTESIAN_POINT('Ctrl Pts',(1.326942397022,-1.625248198106,5.80885901728));
#14146=CARTESIAN_POINT('',(1.315374814742,-1.625166156684,5.80885901728));
#14147=CARTESIAN_POINT('',(1.326942397022,-1.625248198106,5.80885901728));
#14148=CARTESIAN_POINT('',(1.203390695531,-1.511582228379,5.80885901728));
#14149=CARTESIAN_POINT('Ctrl Pts',(1.315374814742,-1.625166156684,5.80885901728));
#14150=CARTESIAN_POINT('Ctrl Pts',(1.253199011723,-1.6247251837,5.80885901728));
#14151=CARTESIAN_POINT('Ctrl Pts',(1.202949722547,-1.573758031398,5.80885901728));
#14152=CARTESIAN_POINT('Ctrl Pts',(1.203390695531,-1.511582228379,5.80885901728));
#14153=CARTESIAN_POINT('',(1.308298950916,-1.3995365782,5.80885901728));
#14154=CARTESIAN_POINT('Ctrl Pts',(1.203390695531,-1.511582228379,5.80885901728));
#14155=CARTESIAN_POINT('Ctrl Pts',(1.203811158258,-1.45229830714,5.80885901728));
#14156=CARTESIAN_POINT('Ctrl Pts',(1.248984236614,-1.403453951738,5.80885901728));
#14157=CARTESIAN_POINT('Ctrl Pts',(1.308298950916,-1.3995365782,5.80885901728));
#14158=CARTESIAN_POINT('',(1.373366663294,-1.399998061637,5.80885901728));
#14159=CARTESIAN_POINT('',(1.308298950916,-1.3995365782,5.80885901728));
#14160=CARTESIAN_POINT('',(1.382032081184,-1.401505519706,5.80885901728));
#14161=CARTESIAN_POINT('Ctrl Pts',(1.373366663294,-1.399998061637,5.80885901728));
#14162=CARTESIAN_POINT('Ctrl Pts',(1.376258572654,-1.400018572091,5.80885901728));
#14163=CARTESIAN_POINT('Ctrl Pts',(1.379140226983,-1.401485009644,5.80885901728));
#14164=CARTESIAN_POINT('Ctrl Pts',(1.382032081184,-1.401505519706,5.80885901728));
#14165=CARTESIAN_POINT('',(1.42717439386,-1.356999028343,5.80885901728));
#14166=CARTESIAN_POINT('Ctrl Pts',(1.382032081184,-1.401505519706,5.80885901728));
#14167=CARTESIAN_POINT('Ctrl Pts',(1.406613228003,-1.401679857972,5.80885901728));
#14168=CARTESIAN_POINT('Ctrl Pts',(1.427000055985,-1.381580120004,5.80885901728));
#14169=CARTESIAN_POINT('Ctrl Pts',(1.42717439386,-1.356999028343,5.80885901728));
#14170=CARTESIAN_POINT('',(1.385559756697,-1.311877225728,5.80885901728));
#14171=CARTESIAN_POINT('Ctrl Pts',(1.42717439386,-1.356999028343,5.80885901728));
#14172=CARTESIAN_POINT('Ctrl Pts',(1.427338476703,-1.333863863782,5.80885901728));
#14173=CARTESIAN_POINT('Ctrl Pts',(1.408684721385,-1.313487236063,5.80885901728));
#14174=CARTESIAN_POINT('Ctrl Pts',(1.385559756697,-1.311877225728,5.80885901728));
#14175=CARTESIAN_POINT('',(1.300248789118,-1.3112721699,5.80885901728));
#14176=CARTESIAN_POINT('',(1.385559756697,-1.311877225728,5.80885901728));
#14177=CARTESIAN_POINT('',(1.168205953823,-1.375406660373,5.80885901728));
#14178=CARTESIAN_POINT('Origin',(1.33019485233299,-1.55677463489471,5.80885901728));
#14179=CARTESIAN_POINT('Origin',(1.31446301913409,-1.51507532473859,5.80885901728));
#14180=CARTESIAN_POINT('',(1.725419369562,-1.30561141175,5.80885901728));
#14181=CARTESIAN_POINT('',(1.724619464623,-1.418395490666,5.80885901728));
#14182=CARTESIAN_POINT('Ctrl Pts',(1.725419369562,-1.30561141175,5.80885901728));
#14183=CARTESIAN_POINT('Ctrl Pts',(1.693608504502,-1.305385797742,5.80885901728));
#14184=CARTESIAN_POINT('Ctrl Pts',(1.668842763995,-1.331238588554,5.80885901728));
#14185=CARTESIAN_POINT('Ctrl Pts',(1.668627405214,-1.361603498935,5.80885901728));
#14186=CARTESIAN_POINT('Ctrl Pts',(1.66840179101,-1.393414391574,5.80885901728));
#14187=CARTESIAN_POINT('Ctrl Pts',(1.694254526664,-1.41818013169,5.80885901728));
#14188=CARTESIAN_POINT('Ctrl Pts',(1.724619464623,-1.418395490666,5.80885901728));
#14189=CARTESIAN_POINT('Ctrl Pts',(1.724619464623,-1.418395490666,5.80885901728));
#14190=CARTESIAN_POINT('Ctrl Pts',(1.754984402582,-1.418610849643,5.80885901728));
#14191=CARTESIAN_POINT('Ctrl Pts',(1.781185814768,-1.394214296121,5.80885901728));
#14192=CARTESIAN_POINT('Ctrl Pts',(1.781637043175,-1.330592510843,5.80885901728));
#14193=CARTESIAN_POINT('Ctrl Pts',(1.75578430752,-1.305826770726,5.80885901728));
#14194=CARTESIAN_POINT('Ctrl Pts',(1.725419369562,-1.30561141175,5.80885901728));
#14195=CARTESIAN_POINT('Origin',(1.154107890119,-1.630167989924,5.807859018414));
#14196=CARTESIAN_POINT('',(1.113731580911,-1.512392388935,5.807859018414));
#14197=CARTESIAN_POINT('',(1.255537085838,-1.702826943101,5.807859018414));
#14198=CARTESIAN_POINT('Ctrl Pts',(1.113731580911,-1.512392388935,5.807859018414));
#14199=CARTESIAN_POINT('Ctrl Pts',(1.114562197153,-1.599159538645,5.807859018414));
#14200=CARTESIAN_POINT('Ctrl Pts',(1.173302620916,-1.676215323805,5.807859018414));
#14201=CARTESIAN_POINT('Ctrl Pts',(1.255537085838,-1.702826943101,5.807859018414));
#14202=CARTESIAN_POINT('',(1.168205953823,-1.375406660373,5.807859018414));
#14203=CARTESIAN_POINT('Origin',(1.31446301913409,-1.51507532473859,5.807859018414));
#14204=CARTESIAN_POINT('',(1.300248789118,-1.3112721699,5.807859018414));
#14205=CARTESIAN_POINT('Origin',(1.33019485233299,-1.55677463489471,5.807859018414));
#14206=CARTESIAN_POINT('',(1.385559756697,-1.311877225728,5.807859018414));
#14207=CARTESIAN_POINT('',(1.304586625578,-1.311302935384,5.807859018414));
#14208=CARTESIAN_POINT('',(1.42717439386,-1.356999028343,5.807859018414));
#14209=CARTESIAN_POINT('Ctrl Pts',(1.42717439386,-1.356999028343,5.807859018414));
#14210=CARTESIAN_POINT('Ctrl Pts',(1.427338476703,-1.333863863782,5.807859018414));
#14211=CARTESIAN_POINT('Ctrl Pts',(1.408684721385,-1.313487236063,5.807859018414));
#14212=CARTESIAN_POINT('Ctrl Pts',(1.385559756697,-1.311877225728,5.807859018414));
#14213=CARTESIAN_POINT('',(1.382032081184,-1.401505519706,5.807859018414));
#14214=CARTESIAN_POINT('Ctrl Pts',(1.382032081184,-1.401505519706,5.807859018414));
#14215=CARTESIAN_POINT('Ctrl Pts',(1.406613228003,-1.401679857972,5.807859018414));
#14216=CARTESIAN_POINT('Ctrl Pts',(1.427000055985,-1.381580120004,5.807859018414));
#14217=CARTESIAN_POINT('Ctrl Pts',(1.42717439386,-1.356999028343,5.807859018414));
#14218=CARTESIAN_POINT('',(1.373366663294,-1.399998061637,5.807859018414));
#14219=CARTESIAN_POINT('Ctrl Pts',(1.373366663294,-1.399998061637,5.807859018414));
#14220=CARTESIAN_POINT('Ctrl Pts',(1.376258572654,-1.400018572091,5.807859018414));
#14221=CARTESIAN_POINT('Ctrl Pts',(1.379140226983,-1.401485009644,5.807859018414));
#14222=CARTESIAN_POINT('Ctrl Pts',(1.382032081184,-1.401505519706,5.807859018414));
#14223=CARTESIAN_POINT('',(1.308298950916,-1.3995365782,5.807859018414));
#14224=CARTESIAN_POINT('',(1.308298950916,-1.3995365782,5.807859018414));
#14225=CARTESIAN_POINT('',(1.203390695531,-1.511582228379,5.807859018414));
#14226=CARTESIAN_POINT('Ctrl Pts',(1.203390695531,-1.511582228379,5.807859018414));
#14227=CARTESIAN_POINT('Ctrl Pts',(1.203811158258,-1.45229830714,5.807859018414));
#14228=CARTESIAN_POINT('Ctrl Pts',(1.248984236614,-1.403453951738,5.807859018414));
#14229=CARTESIAN_POINT('Ctrl Pts',(1.308298950916,-1.3995365782,5.807859018414));
#14230=CARTESIAN_POINT('',(1.315374814742,-1.625166156684,5.807859018414));
#14231=CARTESIAN_POINT('Ctrl Pts',(1.315374814742,-1.625166156684,5.807859018414));
#14232=CARTESIAN_POINT('Ctrl Pts',(1.253199011723,-1.6247251837,5.807859018414));
#14233=CARTESIAN_POINT('Ctrl Pts',(1.202949722547,-1.573758031398,5.807859018414));
#14234=CARTESIAN_POINT('Ctrl Pts',(1.203390695531,-1.511582228379,5.807859018414));
#14235=CARTESIAN_POINT('',(1.326942397022,-1.625248198106,5.807859018414));
#14236=CARTESIAN_POINT('',(1.326942397022,-1.625248198106,5.807859018414));
#14237=CARTESIAN_POINT('',(1.528093381541,-1.807427569853,5.807859018414));
#14238=CARTESIAN_POINT('Ctrl Pts',(1.528093381541,-1.807427569853,5.807859018414));
#14239=CARTESIAN_POINT('Ctrl Pts',(1.423985030703,-1.806689196274,5.807859018414));
#14240=CARTESIAN_POINT('Ctrl Pts',(1.337792116177,-1.726546681005,5.807859018414));
#14241=CARTESIAN_POINT('Ctrl Pts',(1.326942397022,-1.625248198106,5.807859018414));
#14242=CARTESIAN_POINT('',(1.722835033871,-1.669990722223,5.807859018414));
#14243=CARTESIAN_POINT('Ctrl Pts',(1.722835033871,-1.669990722223,5.807859018414));
#14244=CARTESIAN_POINT('Ctrl Pts',(1.694787742898,-1.750768949857,5.807859018414));
#14245=CARTESIAN_POINT('Ctrl Pts',(1.61918816784,-1.808073646587,5.807859018414));
#14246=CARTESIAN_POINT('Ctrl Pts',(1.528093381541,-1.807427569853,5.807859018414));
#14247=CARTESIAN_POINT('',(1.799316500717,-1.692223484543,5.807859018414));
#14248=CARTESIAN_POINT('Ctrl Pts',(1.799316500717,-1.692223484543,5.807859018414));
#14249=CARTESIAN_POINT('Ctrl Pts',(1.771843472117,-1.69202863602,5.807859018414));
#14250=CARTESIAN_POINT('Ctrl Pts',(1.744431974681,-1.683158086997,5.807859018414));
#14251=CARTESIAN_POINT('Ctrl Pts',(1.722835033871,-1.669990722223,5.807859018414));
#14252=CARTESIAN_POINT('',(1.944936935865,-1.548654086897,5.807859018414));
#14253=CARTESIAN_POINT('Ctrl Pts',(1.944936935865,-1.548654086897,5.807859018414));
#14254=CARTESIAN_POINT('Ctrl Pts',(1.944372900552,-1.628181290915,5.807859018414));
#14255=CARTESIAN_POINT('Ctrl Pts',(1.878843704736,-1.692787519856,5.807859018414));
#14256=CARTESIAN_POINT('Ctrl Pts',(1.799316500717,-1.692223484543,5.807859018414));
#14257=CARTESIAN_POINT('',(1.859123463355,-1.41501144153,5.807859018414));
#14258=CARTESIAN_POINT('Ctrl Pts',(1.859123463355,-1.41501144153,5.807859018414));
#14259=CARTESIAN_POINT('Ctrl Pts',(1.909567601055,-1.438505565231,5.807859018414));
#14260=CARTESIAN_POINT('Ctrl Pts',(1.945357398591,-1.489370165657,5.807859018414));
#14261=CARTESIAN_POINT('Ctrl Pts',(1.944936935865,-1.548654086897,5.807859018414));
#14262=CARTESIAN_POINT('',(1.722527405043,-1.509480104281,5.807859018414));
#14263=CARTESIAN_POINT('Ctrl Pts',(1.722527405043,-1.509480104281,5.807859018414));
#14264=CARTESIAN_POINT('Ctrl Pts',(1.784703235641,-1.509921077461,5.807859018414));
#14265=CARTESIAN_POINT('Ctrl Pts',(1.838490483332,-1.469813953722,5.807859018414));
#14266=CARTESIAN_POINT('Ctrl Pts',(1.859123463355,-1.41501144153,5.807859018414));
#14267=CARTESIAN_POINT('',(1.614429894081,-1.459548699159,5.807859018414));
#14268=CARTESIAN_POINT('Ctrl Pts',(1.614429894081,-1.459548699159,5.807859018414));
#14269=CARTESIAN_POINT('Ctrl Pts',(1.640241609024,-1.490098230415,5.807859018414));
#14270=CARTESIAN_POINT('Ctrl Pts',(1.679148930124,-1.509172448656,5.807859018414));
#14271=CARTESIAN_POINT('Ctrl Pts',(1.722527405043,-1.509480104281,5.807859018414));
#14272=CARTESIAN_POINT('',(1.419954848499,-1.55939094555,5.807859018414));
#14273=CARTESIAN_POINT('',(1.419954848499,-1.55939094555,5.807859018414));
#14274=CARTESIAN_POINT('',(1.375673971534,-1.482437712657,5.807859018414));
#14275=CARTESIAN_POINT('',(1.375673971534,-1.482437712657,5.807859018414));
#14276=CARTESIAN_POINT('',(1.578865738326,-1.376873206289,5.807859018414));
#14277=CARTESIAN_POINT('',(1.578865738326,-1.376873206289,5.807859018414));
#14278=CARTESIAN_POINT('',(1.578968290201,-1.362413714648,5.807859018414));
#14279=CARTESIAN_POINT('',(1.578968290201,-1.362413714648,5.807859018414));
#14280=CARTESIAN_POINT('',(1.724588725349,-1.218844317002,5.807859018414));
#14281=CARTESIAN_POINT('Ctrl Pts',(1.724588725349,-1.218844317002,5.807859018414));
#14282=CARTESIAN_POINT('Ctrl Pts',(1.645061521331,-1.218280281689,5.807859018414));
#14283=CARTESIAN_POINT('Ctrl Pts',(1.579532325514,-1.28288651063,5.807859018414));
#14284=CARTESIAN_POINT('Ctrl Pts',(1.578968290201,-1.362413714648,5.807859018414));
#14285=CARTESIAN_POINT('',(1.861256557045,-1.318143092031,5.807859018414));
#14286=CARTESIAN_POINT('Ctrl Pts',(1.861256557045,-1.318143092031,5.807859018414));
#14287=CARTESIAN_POINT('Ctrl Pts',(1.842869422656,-1.260171808014,5.807859018414));
#14288=CARTESIAN_POINT('Ctrl Pts',(1.788210510628,-1.219295545409,5.807859018414));
#14289=CARTESIAN_POINT('Ctrl Pts',(1.724588725349,-1.218844317002,5.807859018414));
#14290=CARTESIAN_POINT('',(1.97644024124,-1.38836905587,5.807859018414));
#14291=CARTESIAN_POINT('Origin',(1.35108151575514,-2.2768803417814,5.807859018414));
#14292=CARTESIAN_POINT('',(2.036052288166,-1.546408199505,5.807859018414));
#14293=CARTESIAN_POINT('Origin',(1.81445488086195,-1.53740646972529,5.807859018414));
#14294=CARTESIAN_POINT('',(1.96692354761,-1.710764390805,5.807859018414));
#14295=CARTESIAN_POINT('Origin',(1.80748038660944,-1.54447086642276,5.807859018414));
#14296=CARTESIAN_POINT('',(1.800147144734,-1.77899060687,5.807859018414));
#14297=CARTESIAN_POINT('Origin',(1.79231493909011,-1.50977405324993,5.807859018414));
#14298=CARTESIAN_POINT('',(1.766910835349,-1.775862842067,5.807859018414));
#14299=CARTESIAN_POINT('Ctrl Pts',(1.766910835349,-1.775862842067,5.807859018414));
#14300=CARTESIAN_POINT('Ctrl Pts',(1.778468162403,-1.777390838168,5.807859018414));
#14301=CARTESIAN_POINT('Ctrl Pts',(1.788579562453,-1.778908565449,5.807859018414));
#14302=CARTESIAN_POINT('Ctrl Pts',(1.800147144734,-1.77899060687,5.807859018414));
#14303=CARTESIAN_POINT('',(1.702837849391,-1.839033378448,5.807859018414));
#14304=CARTESIAN_POINT('Ctrl Pts',(1.702837849391,-1.839033378448,5.807859018414));
#14305=CARTESIAN_POINT('Ctrl Pts',(1.727542058489,-1.82185632261,5.807859018414));
#14306=CARTESIAN_POINT('Ctrl Pts',(1.747939169081,-1.800310657737,5.807859018414));
#14307=CARTESIAN_POINT('Ctrl Pts',(1.766910835349,-1.775862842067,5.807859018414));
#14308=CARTESIAN_POINT('',(1.528923997391,-1.894194774722,5.807859018414));
#14309=CARTESIAN_POINT('Origin',(1.4894029055878,-1.39462688653722,5.807859018414));
#14310=CARTESIAN_POINT('',(1.332808202933,-1.817610708714,5.807859018414));
#14311=CARTESIAN_POINT('Origin',(1.51978551630878,-1.57655786199432,5.807859018414));
#14312=CARTESIAN_POINT('Origin',(1.52777227516999,-1.65515732742961,5.807859018414));
#14313=CARTESIAN_POINT('',(1.724619464623,-1.418395490666,5.807859018414));
#14314=CARTESIAN_POINT('',(1.725419369562,-1.30561141175,5.807859018414));
#14315=CARTESIAN_POINT('Ctrl Pts',(1.724619464623,-1.418395490666,5.807859018414));
#14316=CARTESIAN_POINT('Ctrl Pts',(1.754984402582,-1.418610849643,5.807859018414));
#14317=CARTESIAN_POINT('Ctrl Pts',(1.781185814768,-1.394214296121,5.807859018414));
#14318=CARTESIAN_POINT('Ctrl Pts',(1.781637043175,-1.330592510843,5.807859018414));
#14319=CARTESIAN_POINT('Ctrl Pts',(1.75578430752,-1.305826770726,5.807859018414));
#14320=CARTESIAN_POINT('Ctrl Pts',(1.725419369562,-1.30561141175,5.807859018414));
#14321=CARTESIAN_POINT('Ctrl Pts',(1.725419369562,-1.30561141175,5.807859018414));
#14322=CARTESIAN_POINT('Ctrl Pts',(1.693608504502,-1.305385797742,5.807859018414));
#14323=CARTESIAN_POINT('Ctrl Pts',(1.668842763995,-1.331238588554,5.807859018414));
#14324=CARTESIAN_POINT('Ctrl Pts',(1.668627405214,-1.361603498935,5.807859018414));
#14325=CARTESIAN_POINT('Ctrl Pts',(1.66840179101,-1.393414391574,5.807859018414));
#14326=CARTESIAN_POINT('Ctrl Pts',(1.694254526664,-1.41818013169,5.807859018414));
#14327=CARTESIAN_POINT('Ctrl Pts',(1.724619464623,-1.418395490666,5.807859018414));
#14328=CARTESIAN_POINT('Ctrl Pts',(1.113731580911,-1.512392388935,5.80885901728));
#14329=CARTESIAN_POINT('Ctrl Pts',(1.113731580911,-1.512392388935,5.8076590186408));
#14330=CARTESIAN_POINT('Ctrl Pts',(1.114562197153,-1.599159538645,5.80885901728));
#14331=CARTESIAN_POINT('Ctrl Pts',(1.114562197153,-1.599159538645,5.8076590186408));
#14332=CARTESIAN_POINT('Ctrl Pts',(1.173302620916,-1.676215323805,5.80885901728));
#14333=CARTESIAN_POINT('Ctrl Pts',(1.173302620916,-1.676215323805,5.8076590186408));
#14334=CARTESIAN_POINT('Ctrl Pts',(1.255537085838,-1.702826943101,5.80885901728));
#14335=CARTESIAN_POINT('Ctrl Pts',(1.255537085838,-1.702826943101,5.8076590186408));
#14336=CARTESIAN_POINT('',(1.113731580911,-1.512392388935,5.80885901728));
#14337=CARTESIAN_POINT('',(1.255537085838,-1.702826943101,5.80885901728));
#14338=CARTESIAN_POINT('Ctrl Pts',(1.255537085838,-1.702826943101,5.80885901728));
#14339=CARTESIAN_POINT('Ctrl Pts',(1.255537085838,-1.702826943101,5.8076590186408));
#14340=CARTESIAN_POINT('Ctrl Pts',(1.271134848953,-1.746318224925,5.80885901728));
#14341=CARTESIAN_POINT('Ctrl Pts',(1.271134848953,-1.746318224925,5.8076590186408));
#14342=CARTESIAN_POINT('Ctrl Pts',(1.298331015089,-1.785553698314,5.80885901728));
#14343=CARTESIAN_POINT('Ctrl Pts',(1.298331015089,-1.785553698314,5.8076590186408));
#14344=CARTESIAN_POINT('Ctrl Pts',(1.332808202933,-1.817610708714,5.80885901728));
#14345=CARTESIAN_POINT('Ctrl Pts',(1.332808202933,-1.817610708714,5.8076590186408));
#14346=CARTESIAN_POINT('',(1.332808202933,-1.817610708714,5.80885901728));
#14347=CARTESIAN_POINT('Ctrl Pts',(1.332808202933,-1.817610708714,5.80885901728));
#14348=CARTESIAN_POINT('Ctrl Pts',(1.332808202933,-1.817610708714,5.8076590186408));
#14349=CARTESIAN_POINT('Ctrl Pts',(1.387415838914,-1.865716732655,5.80885901728));
#14350=CARTESIAN_POINT('Ctrl Pts',(1.387415838914,-1.865716732655,5.8076590186408));
#14351=CARTESIAN_POINT('Ctrl Pts',(1.456626539193,-1.893682015347,5.80885901728));
#14352=CARTESIAN_POINT('Ctrl Pts',(1.456626539193,-1.893682015347,5.8076590186408));
#14353=CARTESIAN_POINT('Ctrl Pts',(1.528923997391,-1.894194774722,5.80885901728));
#14354=CARTESIAN_POINT('Ctrl Pts',(1.528923997391,-1.894194774722,5.8076590186408));
#14355=CARTESIAN_POINT('',(1.528923997391,-1.894194774722,5.80885901728));
#14356=CARTESIAN_POINT('Ctrl Pts',(1.528923997391,-1.894194774722,5.80885901728));
#14357=CARTESIAN_POINT('Ctrl Pts',(1.528923997391,-1.894194774722,5.8076590186408));
#14358=CARTESIAN_POINT('Ctrl Pts',(1.59254575509,-1.894646002933,5.80885901728));
#14359=CARTESIAN_POINT('Ctrl Pts',(1.59254575509,-1.894646002933,5.8076590186408));
#14360=CARTESIAN_POINT('Ctrl Pts',(1.651973248951,-1.87482317771,5.80885901728));
#14361=CARTESIAN_POINT('Ctrl Pts',(1.651973248951,-1.87482317771,5.8076590186408));
#14362=CARTESIAN_POINT('Ctrl Pts',(1.702837849391,-1.839033378448,5.80885901728));
#14363=CARTESIAN_POINT('Ctrl Pts',(1.702837849391,-1.839033378448,5.8076590186408));
#14364=CARTESIAN_POINT('',(1.702837849391,-1.839033378448,5.80885901728));
#14365=CARTESIAN_POINT('Ctrl Pts',(1.702837849391,-1.839033378448,5.80885901728));
#14366=CARTESIAN_POINT('Ctrl Pts',(1.702837849391,-1.839033378448,5.8076590186408));
#14367=CARTESIAN_POINT('Ctrl Pts',(1.727542058489,-1.82185632261,5.80885901728));
#14368=CARTESIAN_POINT('Ctrl Pts',(1.727542058489,-1.82185632261,5.8076590186408));
#14369=CARTESIAN_POINT('Ctrl Pts',(1.747939169081,-1.800310657737,5.80885901728));
#14370=CARTESIAN_POINT('Ctrl Pts',(1.747939169081,-1.800310657737,5.8076590186408));
#14371=CARTESIAN_POINT('Ctrl Pts',(1.766910835349,-1.775862842067,5.80885901728));
#14372=CARTESIAN_POINT('Ctrl Pts',(1.766910835349,-1.775862842067,5.8076590186408));
#14373=CARTESIAN_POINT('',(1.766910835349,-1.775862842067,5.80885901728));
#14374=CARTESIAN_POINT('Ctrl Pts',(1.766910835349,-1.775862842067,5.80885901728));
#14375=CARTESIAN_POINT('Ctrl Pts',(1.766910835349,-1.775862842067,5.8076590186408));
#14376=CARTESIAN_POINT('Ctrl Pts',(1.778468162403,-1.777390838168,5.80885901728));
#14377=CARTESIAN_POINT('Ctrl Pts',(1.778468162403,-1.777390838168,5.8076590186408));
#14378=CARTESIAN_POINT('Ctrl Pts',(1.788579562453,-1.778908565449,5.80885901728));
#14379=CARTESIAN_POINT('Ctrl Pts',(1.788579562453,-1.778908565449,5.8076590186408));
#14380=CARTESIAN_POINT('Ctrl Pts',(1.800147144734,-1.77899060687,5.80885901728));
#14381=CARTESIAN_POINT('Ctrl Pts',(1.800147144734,-1.77899060687,5.8076590186408));
#14382=CARTESIAN_POINT('',(1.800147144734,-1.77899060687,5.80885901728));
#14383=CARTESIAN_POINT('Ctrl Pts',(1.800147144734,-1.77899060687,5.80885901728));
#14384=CARTESIAN_POINT('Ctrl Pts',(1.800147144734,-1.77899060687,5.8076590186408));
#14385=CARTESIAN_POINT('Ctrl Pts',(1.862322961542,-1.779431579952,5.80885901728));
#14386=CARTESIAN_POINT('Ctrl Pts',(1.862322961542,-1.779431579952,5.8076590186408));
#14387=CARTESIAN_POINT('Ctrl Pts',(1.921781207159,-1.755270909553,5.80885901728));
#14388=CARTESIAN_POINT('Ctrl Pts',(1.921781207159,-1.755270909553,5.8076590186408));
#14389=CARTESIAN_POINT('Ctrl Pts',(1.96692354761,-1.710764390805,5.80885901728));
#14390=CARTESIAN_POINT('Ctrl Pts',(1.96692354761,-1.710764390805,5.8076590186408));
#14391=CARTESIAN_POINT('',(1.96692354761,-1.710764390805,5.80885901728));
#14392=CARTESIAN_POINT('Ctrl Pts',(1.96692354761,-1.710764390805,5.80885901728));
#14393=CARTESIAN_POINT('Ctrl Pts',(1.96692354761,-1.710764390805,5.8076590186408));
#14394=CARTESIAN_POINT('Ctrl Pts',(2.010609715978,-1.667693585569,5.80885901728));
#14395=CARTESIAN_POINT('Ctrl Pts',(2.010609715978,-1.667693585569,5.8076590186408));
#14396=CARTESIAN_POINT('Ctrl Pts',(2.035611315182,-1.608584002522,5.80885901728));
#14397=CARTESIAN_POINT('Ctrl Pts',(2.035611315182,-1.608584002522,5.8076590186408));
#14398=CARTESIAN_POINT('Ctrl Pts',(2.036052288166,-1.546408199505,5.80885901728));
#14399=CARTESIAN_POINT('Ctrl Pts',(2.036052288166,-1.546408199505,5.8076590186408));
#14400=CARTESIAN_POINT('',(2.036052288166,-1.546408199505,5.80885901728));
#14401=CARTESIAN_POINT('Ctrl Pts',(2.036052288166,-1.546408199505,5.80885901728));
#14402=CARTESIAN_POINT('Ctrl Pts',(2.036052288166,-1.546408199505,5.8076590186408));
#14403=CARTESIAN_POINT('Ctrl Pts',(2.036462495666,-1.488570232945,5.80885901728));
#14404=CARTESIAN_POINT('Ctrl Pts',(2.036462495666,-1.488570232945,5.8076590186408));
#14405=CARTESIAN_POINT('Ctrl Pts',(2.015173210676,-1.432024365674,5.80885901728));
#14406=CARTESIAN_POINT('Ctrl Pts',(2.015173210676,-1.432024365674,5.8076590186408));
#14407=CARTESIAN_POINT('Ctrl Pts',(1.97644024124,-1.38836905587,5.80885901728));
#14408=CARTESIAN_POINT('Ctrl Pts',(1.97644024124,-1.38836905587,5.8076590186408));
#14409=CARTESIAN_POINT('',(1.97644024124,-1.38836905587,5.80885901728));
#14410=CARTESIAN_POINT('Ctrl Pts',(1.97644024124,-1.38836905587,5.80885901728));
#14411=CARTESIAN_POINT('Ctrl Pts',(1.97644024124,-1.38836905587,5.8076590186408));
#14412=CARTESIAN_POINT('Ctrl Pts',(1.944875487048,-1.353440639765,5.80885901728));
#14413=CARTESIAN_POINT('Ctrl Pts',(1.944875487048,-1.353440639765,5.8076590186408));
#14414=CARTESIAN_POINT('Ctrl Pts',(1.905998931432,-1.330028585065,5.80885901728));
#14415=CARTESIAN_POINT('Ctrl Pts',(1.905998931432,-1.330028585065,5.8076590186408));
#14416=CARTESIAN_POINT('Ctrl Pts',(1.861256557045,-1.318143092031,5.80885901728));
#14417=CARTESIAN_POINT('Ctrl Pts',(1.861256557045,-1.318143092031,5.8076590186408));
#14418=CARTESIAN_POINT('',(1.861256557045,-1.318143092031,5.80885901728));
#14419=CARTESIAN_POINT('Ctrl Pts',(1.861256557045,-1.318143092031,5.80885901728));
#14420=CARTESIAN_POINT('Ctrl Pts',(1.861256557045,-1.318143092031,5.8076590186408));
#14421=CARTESIAN_POINT('Ctrl Pts',(1.842869422656,-1.260171808014,5.80885901728));
#14422=CARTESIAN_POINT('Ctrl Pts',(1.842869422656,-1.260171808014,5.8076590186408));
#14423=CARTESIAN_POINT('Ctrl Pts',(1.788210510628,-1.219295545409,5.80885901728));
#14424=CARTESIAN_POINT('Ctrl Pts',(1.788210510628,-1.219295545409,5.8076590186408));
#14425=CARTESIAN_POINT('Ctrl Pts',(1.724588725349,-1.218844317002,5.80885901728));
#14426=CARTESIAN_POINT('Ctrl Pts',(1.724588725349,-1.218844317002,5.8076590186408));
#14427=CARTESIAN_POINT('',(1.724588725349,-1.218844317002,5.80885901728));
#14428=CARTESIAN_POINT('Ctrl Pts',(1.724588725349,-1.218844317002,5.80885901728));
#14429=CARTESIAN_POINT('Ctrl Pts',(1.724588725349,-1.218844317002,5.8076590186408));
#14430=CARTESIAN_POINT('Ctrl Pts',(1.645061521331,-1.218280281689,5.80885901728));
#14431=CARTESIAN_POINT('Ctrl Pts',(1.645061521331,-1.218280281689,5.8076590186408));
#14432=CARTESIAN_POINT('Ctrl Pts',(1.579532325514,-1.28288651063,5.80885901728));
#14433=CARTESIAN_POINT('Ctrl Pts',(1.579532325514,-1.28288651063,5.8076590186408));
#14434=CARTESIAN_POINT('Ctrl Pts',(1.578968290201,-1.362413714648,5.80885901728));
#14435=CARTESIAN_POINT('Ctrl Pts',(1.578968290201,-1.362413714648,5.8076590186408));
#14436=CARTESIAN_POINT('',(1.578968290201,-1.362413714648,5.80885901728));
#14437=CARTESIAN_POINT('Origin',(1.578968290201,-1.362413714648,5.80885901728));
#14438=CARTESIAN_POINT('',(1.578865738326,-1.376873206289,5.80885901728));
#14439=CARTESIAN_POINT('Origin',(1.578865738326,-1.376873206289,5.80885901728));
#14440=CARTESIAN_POINT('',(1.375673971534,-1.482437712657,5.80885901728));
#14441=CARTESIAN_POINT('Origin',(1.375673971534,-1.482437712657,5.80885901728));
#14442=CARTESIAN_POINT('',(1.419954848499,-1.55939094555,5.80885901728));
#14443=CARTESIAN_POINT('Origin',(1.419954848499,-1.55939094555,5.80885901728));
#14444=CARTESIAN_POINT('',(1.614429894081,-1.459548699159,5.80885901728));
#14445=CARTESIAN_POINT('Ctrl Pts',(1.614429894081,-1.459548699159,5.80885901728));
#14446=CARTESIAN_POINT('Ctrl Pts',(1.614429894081,-1.459548699159,5.8076590186408));
#14447=CARTESIAN_POINT('Ctrl Pts',(1.640241609024,-1.490098230415,5.80885901728));
#14448=CARTESIAN_POINT('Ctrl Pts',(1.640241609024,-1.490098230415,5.8076590186408));
#14449=CARTESIAN_POINT('Ctrl Pts',(1.679148930124,-1.509172448656,5.80885901728));
#14450=CARTESIAN_POINT('Ctrl Pts',(1.679148930124,-1.509172448656,5.8076590186408));
#14451=CARTESIAN_POINT('Ctrl Pts',(1.722527405043,-1.509480104281,5.80885901728));
#14452=CARTESIAN_POINT('Ctrl Pts',(1.722527405043,-1.509480104281,5.8076590186408));
#14453=CARTESIAN_POINT('',(1.722527405043,-1.509480104281,5.80885901728));
#14454=CARTESIAN_POINT('Ctrl Pts',(1.722527405043,-1.509480104281,5.80885901728));
#14455=CARTESIAN_POINT('Ctrl Pts',(1.722527405043,-1.509480104281,5.8076590186408));
#14456=CARTESIAN_POINT('Ctrl Pts',(1.784703235641,-1.509921077461,5.80885901728));
#14457=CARTESIAN_POINT('Ctrl Pts',(1.784703235641,-1.509921077461,5.8076590186408));
#14458=CARTESIAN_POINT('Ctrl Pts',(1.838490483332,-1.469813953722,5.80885901728));
#14459=CARTESIAN_POINT('Ctrl Pts',(1.838490483332,-1.469813953722,5.8076590186408));
#14460=CARTESIAN_POINT('Ctrl Pts',(1.859123463355,-1.41501144153,5.80885901728));
#14461=CARTESIAN_POINT('Ctrl Pts',(1.859123463355,-1.41501144153,5.8076590186408));
#14462=CARTESIAN_POINT('',(1.859123463355,-1.41501144153,5.80885901728));
#14463=CARTESIAN_POINT('Ctrl Pts',(1.859123463355,-1.41501144153,5.80885901728));
#14464=CARTESIAN_POINT('Ctrl Pts',(1.859123463355,-1.41501144153,5.8076590186408));
#14465=CARTESIAN_POINT('Ctrl Pts',(1.909567601055,-1.438505565231,5.80885901728));
#14466=CARTESIAN_POINT('Ctrl Pts',(1.909567601055,-1.438505565231,5.8076590186408));
#14467=CARTESIAN_POINT('Ctrl Pts',(1.945357398591,-1.489370165657,5.80885901728));
#14468=CARTESIAN_POINT('Ctrl Pts',(1.945357398591,-1.489370165657,5.8076590186408));
#14469=CARTESIAN_POINT('Ctrl Pts',(1.944936935865,-1.548654086897,5.80885901728));
#14470=CARTESIAN_POINT('Ctrl Pts',(1.944936935865,-1.548654086897,5.8076590186408));
#14471=CARTESIAN_POINT('',(1.944936935865,-1.548654086897,5.80885901728));
#14472=CARTESIAN_POINT('Ctrl Pts',(1.944936935865,-1.548654086897,5.80885901728));
#14473=CARTESIAN_POINT('Ctrl Pts',(1.944936935865,-1.548654086897,5.8076590186408));
#14474=CARTESIAN_POINT('Ctrl Pts',(1.944372900552,-1.628181290915,5.80885901728));
#14475=CARTESIAN_POINT('Ctrl Pts',(1.944372900552,-1.628181290915,5.8076590186408));
#14476=CARTESIAN_POINT('Ctrl Pts',(1.878843704736,-1.692787519856,5.80885901728));
#14477=CARTESIAN_POINT('Ctrl Pts',(1.878843704736,-1.692787519856,5.8076590186408));
#14478=CARTESIAN_POINT('Ctrl Pts',(1.799316500717,-1.692223484543,5.80885901728));
#14479=CARTESIAN_POINT('Ctrl Pts',(1.799316500717,-1.692223484543,5.8076590186408));
#14480=CARTESIAN_POINT('',(1.799316500717,-1.692223484543,5.80885901728));
#14481=CARTESIAN_POINT('Ctrl Pts',(1.799316500717,-1.692223484543,5.80885901728));
#14482=CARTESIAN_POINT('Ctrl Pts',(1.799316500717,-1.692223484543,5.8076590186408));
#14483=CARTESIAN_POINT('Ctrl Pts',(1.771843472117,-1.69202863602,5.80885901728));
#14484=CARTESIAN_POINT('Ctrl Pts',(1.771843472117,-1.69202863602,5.8076590186408));
#14485=CARTESIAN_POINT('Ctrl Pts',(1.744431974681,-1.683158086997,5.80885901728));
#14486=CARTESIAN_POINT('Ctrl Pts',(1.744431974681,-1.683158086997,5.8076590186408));
#14487=CARTESIAN_POINT('Ctrl Pts',(1.722835033871,-1.669990722223,5.80885901728));
#14488=CARTESIAN_POINT('Ctrl Pts',(1.722835033871,-1.669990722223,5.8076590186408));
#14489=CARTESIAN_POINT('',(1.722835033871,-1.669990722223,5.80885901728));
#14490=CARTESIAN_POINT('Ctrl Pts',(1.722835033871,-1.669990722223,5.80885901728));
#14491=CARTESIAN_POINT('Ctrl Pts',(1.722835033871,-1.669990722223,5.8076590186408));
#14492=CARTESIAN_POINT('Ctrl Pts',(1.694787742898,-1.750768949857,5.80885901728));
#14493=CARTESIAN_POINT('Ctrl Pts',(1.694787742898,-1.750768949857,5.8076590186408));
#14494=CARTESIAN_POINT('Ctrl Pts',(1.61918816784,-1.808073646587,5.80885901728));
#14495=CARTESIAN_POINT('Ctrl Pts',(1.61918816784,-1.808073646587,5.8076590186408));
#14496=CARTESIAN_POINT('Ctrl Pts',(1.528093381541,-1.807427569853,5.80885901728));
#14497=CARTESIAN_POINT('Ctrl Pts',(1.528093381541,-1.807427569853,5.8076590186408));
#14498=CARTESIAN_POINT('',(1.528093381541,-1.807427569853,5.80885901728));
#14499=CARTESIAN_POINT('Ctrl Pts',(1.528093381541,-1.807427569853,5.80885901728));
#14500=CARTESIAN_POINT('Ctrl Pts',(1.528093381541,-1.807427569853,5.8076590186408));
#14501=CARTESIAN_POINT('Ctrl Pts',(1.423985030703,-1.806689196274,5.80885901728));
#14502=CARTESIAN_POINT('Ctrl Pts',(1.423985030703,-1.806689196274,5.8076590186408));
#14503=CARTESIAN_POINT('Ctrl Pts',(1.337792116177,-1.726546681005,5.80885901728));
#14504=CARTESIAN_POINT('Ctrl Pts',(1.337792116177,-1.726546681005,5.8076590186408));
#14505=CARTESIAN_POINT('Ctrl Pts',(1.326942397022,-1.625248198106,5.80885901728));
#14506=CARTESIAN_POINT('Ctrl Pts',(1.326942397022,-1.625248198106,5.8076590186408));
#14507=CARTESIAN_POINT('',(1.326942397022,-1.625248198106,5.80885901728));
#14508=CARTESIAN_POINT('Origin',(1.326942397022,-1.625248198106,5.80885901728));
#14509=CARTESIAN_POINT('',(1.315374814742,-1.625166156684,5.80885901728));
#14510=CARTESIAN_POINT('Ctrl Pts',(1.315374814742,-1.625166156684,5.80885901728));
#14511=CARTESIAN_POINT('Ctrl Pts',(1.315374814742,-1.625166156684,5.8076590186408));
#14512=CARTESIAN_POINT('Ctrl Pts',(1.253199011723,-1.6247251837,5.80885901728));
#14513=CARTESIAN_POINT('Ctrl Pts',(1.253199011723,-1.6247251837,5.8076590186408));
#14514=CARTESIAN_POINT('Ctrl Pts',(1.202949722547,-1.573758031398,5.80885901728));
#14515=CARTESIAN_POINT('Ctrl Pts',(1.202949722547,-1.573758031398,5.8076590186408));
#14516=CARTESIAN_POINT('Ctrl Pts',(1.203390695531,-1.511582228379,5.80885901728));
#14517=CARTESIAN_POINT('Ctrl Pts',(1.203390695531,-1.511582228379,5.8076590186408));
#14518=CARTESIAN_POINT('',(1.203390695531,-1.511582228379,5.80885901728));
#14519=CARTESIAN_POINT('Ctrl Pts',(1.203390695531,-1.511582228379,5.80885901728));
#14520=CARTESIAN_POINT('Ctrl Pts',(1.203390695531,-1.511582228379,5.8076590186408));
#14521=CARTESIAN_POINT('Ctrl Pts',(1.203811158258,-1.45229830714,5.80885901728));
#14522=CARTESIAN_POINT('Ctrl Pts',(1.203811158258,-1.45229830714,5.8076590186408));
#14523=CARTESIAN_POINT('Ctrl Pts',(1.248984236614,-1.403453951738,5.80885901728));
#14524=CARTESIAN_POINT('Ctrl Pts',(1.248984236614,-1.403453951738,5.8076590186408));
#14525=CARTESIAN_POINT('Ctrl Pts',(1.308298950916,-1.3995365782,5.80885901728));
#14526=CARTESIAN_POINT('Ctrl Pts',(1.308298950916,-1.3995365782,5.8076590186408));
#14527=CARTESIAN_POINT('',(1.308298950916,-1.3995365782,5.80885901728));
#14528=CARTESIAN_POINT('Origin',(1.308298950916,-1.3995365782,5.80885901728));
#14529=CARTESIAN_POINT('',(1.373366663294,-1.399998061637,5.80885901728));
#14530=CARTESIAN_POINT('Ctrl Pts',(1.373366663294,-1.399998061637,5.80885901728));
#14531=CARTESIAN_POINT('Ctrl Pts',(1.373366663294,-1.399998061637,5.8076590186408));
#14532=CARTESIAN_POINT('Ctrl Pts',(1.376258572654,-1.400018572091,5.80885901728));
#14533=CARTESIAN_POINT('Ctrl Pts',(1.376258572654,-1.400018572091,5.8076590186408));
#14534=CARTESIAN_POINT('Ctrl Pts',(1.379140226983,-1.401485009644,5.80885901728));
#14535=CARTESIAN_POINT('Ctrl Pts',(1.379140226983,-1.401485009644,5.8076590186408));
#14536=CARTESIAN_POINT('Ctrl Pts',(1.382032081184,-1.401505519706,5.80885901728));
#14537=CARTESIAN_POINT('Ctrl Pts',(1.382032081184,-1.401505519706,5.8076590186408));
#14538=CARTESIAN_POINT('',(1.382032081184,-1.401505519706,5.80885901728));
#14539=CARTESIAN_POINT('Ctrl Pts',(1.382032081184,-1.401505519706,5.80885901728));
#14540=CARTESIAN_POINT('Ctrl Pts',(1.382032081184,-1.401505519706,5.8076590186408));
#14541=CARTESIAN_POINT('Ctrl Pts',(1.406613228003,-1.401679857972,5.80885901728));
#14542=CARTESIAN_POINT('Ctrl Pts',(1.406613228003,-1.401679857972,5.8076590186408));
#14543=CARTESIAN_POINT('Ctrl Pts',(1.427000055985,-1.381580120004,5.80885901728));
#14544=CARTESIAN_POINT('Ctrl Pts',(1.427000055985,-1.381580120004,5.8076590186408));
#14545=CARTESIAN_POINT('Ctrl Pts',(1.42717439386,-1.356999028343,5.80885901728));
#14546=CARTESIAN_POINT('Ctrl Pts',(1.42717439386,-1.356999028343,5.8076590186408));
#14547=CARTESIAN_POINT('',(1.42717439386,-1.356999028343,5.80885901728));
#14548=CARTESIAN_POINT('Ctrl Pts',(1.42717439386,-1.356999028343,5.80885901728));
#14549=CARTESIAN_POINT('Ctrl Pts',(1.42717439386,-1.356999028343,5.8076590186408));
#14550=CARTESIAN_POINT('Ctrl Pts',(1.427338476703,-1.333863863782,5.80885901728));
#14551=CARTESIAN_POINT('Ctrl Pts',(1.427338476703,-1.333863863782,5.8076590186408));
#14552=CARTESIAN_POINT('Ctrl Pts',(1.408684721385,-1.313487236063,5.80885901728));
#14553=CARTESIAN_POINT('Ctrl Pts',(1.408684721385,-1.313487236063,5.8076590186408));
#14554=CARTESIAN_POINT('Ctrl Pts',(1.385559756697,-1.311877225728,5.80885901728));
#14555=CARTESIAN_POINT('Ctrl Pts',(1.385559756697,-1.311877225728,5.8076590186408));
#14556=CARTESIAN_POINT('',(1.385559756697,-1.311877225728,5.80885901728));
#14557=CARTESIAN_POINT('Origin',(1.304586625578,-1.311302935384,5.80885901728));
#14558=CARTESIAN_POINT('',(1.300248789118,-1.3112721699,5.80885901728));
#14559=CARTESIAN_POINT('Ctrl Pts',(1.300248789118,-1.3112721699,5.80885901728));
#14560=CARTESIAN_POINT('Ctrl Pts',(1.300248789118,-1.3112721699,5.8076590186408));
#14561=CARTESIAN_POINT('Ctrl Pts',(1.249609802895,-1.315251074798,5.80885901728));
#14562=CARTESIAN_POINT('Ctrl Pts',(1.249609802895,-1.315251074798,5.8076590186408));
#14563=CARTESIAN_POINT('Ctrl Pts',(1.203175335381,-1.338058128439,5.80885901728));
#14564=CARTESIAN_POINT('Ctrl Pts',(1.203175335381,-1.338058128439,5.8076590186408));
#14565=CARTESIAN_POINT('Ctrl Pts',(1.168205953823,-1.375406660373,5.80885901728));
#14566=CARTESIAN_POINT('Ctrl Pts',(1.168205953823,-1.375406660373,5.8076590186408));
#14567=CARTESIAN_POINT('',(1.168205953823,-1.375406660373,5.80885901728));
#14568=CARTESIAN_POINT('Ctrl Pts',(1.168205953823,-1.375406660373,5.80885901728));
#14569=CARTESIAN_POINT('Ctrl Pts',(1.168205953823,-1.375406660373,5.8076590186408));
#14570=CARTESIAN_POINT('Ctrl Pts',(1.133236517105,-1.412755191916,5.80885901728));
#14571=CARTESIAN_POINT('Ctrl Pts',(1.133236517105,-1.412755191916,5.8076590186408));
#14572=CARTESIAN_POINT('Ctrl Pts',(1.114090512473,-1.461784168196,5.80885901728));
#14573=CARTESIAN_POINT('Ctrl Pts',(1.114090512473,-1.461784168196,5.8076590186408));
#14574=CARTESIAN_POINT('Ctrl Pts',(1.113731580911,-1.512392388935,5.80885901728));
#14575=CARTESIAN_POINT('Ctrl Pts',(1.113731580911,-1.512392388935,5.8076590186408));
#14576=CARTESIAN_POINT('Ctrl Pts',(1.725419369562,-1.30561141175,5.80885901728));
#14577=CARTESIAN_POINT('Ctrl Pts',(1.725419369562,-1.30561141175,5.8076590186408));
#14578=CARTESIAN_POINT('Ctrl Pts',(1.693608504502,-1.305385797742,5.80885901728));
#14579=CARTESIAN_POINT('Ctrl Pts',(1.693608504502,-1.305385797742,5.8076590186408));
#14580=CARTESIAN_POINT('Ctrl Pts',(1.668842763995,-1.331238588554,5.80885901728));
#14581=CARTESIAN_POINT('Ctrl Pts',(1.668842763995,-1.331238588554,5.8076590186408));
#14582=CARTESIAN_POINT('Ctrl Pts',(1.668627405214,-1.361603498935,5.80885901728));
#14583=CARTESIAN_POINT('Ctrl Pts',(1.668627405214,-1.361603498935,5.8076590186408));
#14584=CARTESIAN_POINT('Ctrl Pts',(1.66840179101,-1.393414391574,5.80885901728));
#14585=CARTESIAN_POINT('Ctrl Pts',(1.66840179101,-1.393414391574,5.8076590186408));
#14586=CARTESIAN_POINT('Ctrl Pts',(1.694254526664,-1.41818013169,5.80885901728));
#14587=CARTESIAN_POINT('Ctrl Pts',(1.694254526664,-1.41818013169,5.8076590186408));
#14588=CARTESIAN_POINT('Ctrl Pts',(1.724619464623,-1.418395490666,5.80885901728));
#14589=CARTESIAN_POINT('Ctrl Pts',(1.724619464623,-1.418395490666,5.8076590186408));
#14590=CARTESIAN_POINT('',(1.725419369562,-1.30561141175,5.80885901728));
#14591=CARTESIAN_POINT('',(1.724619464623,-1.418395490666,5.80885901728));
#14592=CARTESIAN_POINT('Ctrl Pts',(1.724619464623,-1.418395490666,5.80885901728));
#14593=CARTESIAN_POINT('Ctrl Pts',(1.724619464623,-1.418395490666,5.8076590186408));
#14594=CARTESIAN_POINT('Ctrl Pts',(1.754984402582,-1.418610849643,5.80885901728));
#14595=CARTESIAN_POINT('Ctrl Pts',(1.754984402582,-1.418610849643,5.8076590186408));
#14596=CARTESIAN_POINT('Ctrl Pts',(1.781185814768,-1.394214296121,5.80885901728));
#14597=CARTESIAN_POINT('Ctrl Pts',(1.781185814768,-1.394214296121,5.8076590186408));
#14598=CARTESIAN_POINT('Ctrl Pts',(1.781637043175,-1.330592510843,5.80885901728));
#14599=CARTESIAN_POINT('Ctrl Pts',(1.781637043175,-1.330592510843,5.8076590186408));
#14600=CARTESIAN_POINT('Ctrl Pts',(1.75578430752,-1.305826770726,5.80885901728));
#14601=CARTESIAN_POINT('Ctrl Pts',(1.75578430752,-1.305826770726,5.8076590186408));
#14602=CARTESIAN_POINT('Ctrl Pts',(1.725419369562,-1.30561141175,5.80885901728));
#14603=CARTESIAN_POINT('Ctrl Pts',(1.725419369562,-1.30561141175,5.8076590186408));
#14604=CARTESIAN_POINT('',(0.,0.,0.));
#14605=CARTESIAN_POINT('',(4.137414274829,-7.387452374905,1.600050800102));
#14606=UNCERTAINTY_MEASURE_WITH_UNIT(LENGTH_MEASURE(0.01),#14614,
'DISTANCE_ACCURACY_VALUE',
'Maximum model space distance between geometric entities at asserted c
onnectivities');
#14607=UNCERTAINTY_MEASURE_WITH_UNIT(LENGTH_MEASURE(0.01),#14614,
'DISTANCE_ACCURACY_VALUE',
'Maximum model space distance between geometric entities at asserted c
onnectivities');
#14608=UNCERTAINTY_MEASURE_WITH_UNIT(LENGTH_MEASURE(0.01),#14614,
'DISTANCE_ACCURACY_VALUE',
'Maximum model space distance between geometric entities at asserted c
onnectivities');
#14609=UNCERTAINTY_MEASURE_WITH_UNIT(LENGTH_MEASURE(0.01),#14614,
'DISTANCE_ACCURACY_VALUE',
'Maximum model space distance between geometric entities at asserted c
onnectivities');
#14610=(
GEOMETRIC_REPRESENTATION_CONTEXT(3)
GLOBAL_UNCERTAINTY_ASSIGNED_CONTEXT((#14606))
GLOBAL_UNIT_ASSIGNED_CONTEXT((#14614,#14616,#14617))
REPRESENTATION_CONTEXT('','3D')
);
#14611=(
GEOMETRIC_REPRESENTATION_CONTEXT(3)
GLOBAL_UNCERTAINTY_ASSIGNED_CONTEXT((#14607))
GLOBAL_UNIT_ASSIGNED_CONTEXT((#14614,#14616,#14617))
REPRESENTATION_CONTEXT('','3D')
);
#14612=(
GEOMETRIC_REPRESENTATION_CONTEXT(3)
GLOBAL_UNCERTAINTY_ASSIGNED_CONTEXT((#14608))
GLOBAL_UNIT_ASSIGNED_CONTEXT((#14614,#14616,#14617))
REPRESENTATION_CONTEXT('','3D')
);
#14613=(
GEOMETRIC_REPRESENTATION_CONTEXT(3)
GLOBAL_UNCERTAINTY_ASSIGNED_CONTEXT((#14609))
GLOBAL_UNIT_ASSIGNED_CONTEXT((#14614,#14616,#14617))
REPRESENTATION_CONTEXT('','3D')
);
#14614=(
LENGTH_UNIT()
NAMED_UNIT(*)
SI_UNIT(.MILLI.,.METRE.)
);
#14615=(
LENGTH_UNIT()
NAMED_UNIT(*)
SI_UNIT($,.METRE.)
);
#14616=(
NAMED_UNIT(*)
PLANE_ANGLE_UNIT()
SI_UNIT($,.RADIAN.)
);
#14617=(
NAMED_UNIT(*)
SI_UNIT($,.STERADIAN.)
SOLID_ANGLE_UNIT()
);
#14618=SHAPE_DEFINITION_REPRESENTATION(#14621,#14626);
#14619=SHAPE_DEFINITION_REPRESENTATION(#14622,#14627);
#14620=SHAPE_DEFINITION_REPRESENTATION(#14623,#14628);
#14621=PRODUCT_DEFINITION_SHAPE('',$,#14630);
#14622=PRODUCT_DEFINITION_SHAPE('',$,#14631);
#14623=PRODUCT_DEFINITION_SHAPE('',$,#14632);
#14624=PRODUCT_DEFINITION_SHAPE($,$,#17);
#14625=PRODUCT_DEFINITION_SHAPE($,$,#18);
#14626=SHAPE_REPRESENTATION('',(#8306,#8787),#14610);
#14627=SHAPE_REPRESENTATION('',(#8307,#8786),#14611);
#14628=SHAPE_REPRESENTATION('',(#8308),#14612);
#14629=PRODUCT_DEFINITION_CONTEXT('part definition',#14640,'design');
#14630=PRODUCT_DEFINITION('2w3i-PCBModel','(Unsaved)',#14633,#14629);
#14631=PRODUCT_DEFINITION('2w3i-SW2-SW-TH_TK-6580A8-1',
'2w3i-SW2-SW-TH_TK-6580A8-1',#14634,#14629);
#14632=PRODUCT_DEFINITION('COMPOUND','COMPOUND',#14635,#14629);
#14633=PRODUCT_DEFINITION_FORMATION('',$,#14642);
#14634=PRODUCT_DEFINITION_FORMATION('',$,#14643);
#14635=PRODUCT_DEFINITION_FORMATION('',$,#14644);
#14636=PRODUCT_RELATED_PRODUCT_CATEGORY('(Unsaved)','(Unsaved)',(#14642));
#14637=PRODUCT_RELATED_PRODUCT_CATEGORY('2w3i-SW2-SW-TH_TK-6580A8-1',
'2w3i-SW2-SW-TH_TK-6580A8-1',(#14643));
#14638=PRODUCT_RELATED_PRODUCT_CATEGORY('COMPOUND','COMPOUND',(#14644));
#14639=APPLICATION_PROTOCOL_DEFINITION('international standard',
'automotive_design',2009,#14640);
#14640=APPLICATION_CONTEXT(
'Core Data for Automotive Mechanical Design Process');
#14641=PRODUCT_CONTEXT('part definition',#14640,'mechanical');
#14642=PRODUCT('2w3i-PCBModel','(Unsaved)','Designed by EasyEDA Pro',(#14641));
#14643=PRODUCT('2w3i-SW2-SW-TH_TK-6580A8-1',
'2w3i-SW2-SW-TH_TK-6580A8-1',$,(#14641));
#14644=PRODUCT('COMPOUND','COMPOUND',$,(#14641));
#14645=PRESENTATION_STYLE_ASSIGNMENT((#14650));
#14646=PRESENTATION_STYLE_ASSIGNMENT((#14651));
#14647=PRESENTATION_STYLE_ASSIGNMENT((#14652));
#14648=PRESENTATION_STYLE_ASSIGNMENT((#14653));
#14649=PRESENTATION_STYLE_ASSIGNMENT((#14654));
#14650=SURFACE_STYLE_USAGE(.BOTH.,#14655);
#14651=SURFACE_STYLE_USAGE(.BOTH.,#14656);
#14652=SURFACE_STYLE_USAGE(.BOTH.,#14657);
#14653=SURFACE_STYLE_USAGE(.BOTH.,#14658);
#14654=SURFACE_STYLE_USAGE(.BOTH.,#14659);
#14655=SURFACE_SIDE_STYLE('',(#14660));
#14656=SURFACE_SIDE_STYLE('',(#14661));
#14657=SURFACE_SIDE_STYLE('',(#14662));
#14658=SURFACE_SIDE_STYLE('',(#14663));
#14659=SURFACE_SIDE_STYLE('',(#14664));
#14660=SURFACE_STYLE_FILL_AREA(#14665);
#14661=SURFACE_STYLE_FILL_AREA(#14666);
#14662=SURFACE_STYLE_FILL_AREA(#14667);
#14663=SURFACE_STYLE_FILL_AREA(#14668);
#14664=SURFACE_STYLE_FILL_AREA(#14669);
#14665=FILL_AREA_STYLE('Steel - Satin',(#14670));
#14666=FILL_AREA_STYLE('Opaque(255,255,255)',(#14671));
#14667=FILL_AREA_STYLE('Opaque(28,28,28)',(#14672));
#14668=FILL_AREA_STYLE('Opaque(198,193,188)',(#14673));
#14669=FILL_AREA_STYLE('Opaque(63,63,63)',(#14674));
#14670=FILL_AREA_STYLE_COLOUR('Steel - Satin',#14675);
#14671=FILL_AREA_STYLE_COLOUR('Opaque(255,255,255)',#14676);
#14672=FILL_AREA_STYLE_COLOUR('Opaque(28,28,28)',#14677);
#14673=FILL_AREA_STYLE_COLOUR('Opaque(198,193,188)',#14678);
#14674=FILL_AREA_STYLE_COLOUR('Opaque(63,63,63)',#14679);
#14675=COLOUR_RGB('Steel - Satin',0.627450980392157,0.627450980392157,0.627450980392157);
#14676=COLOUR_RGB('Opaque(255,255,255)',1.,1.,1.);
#14677=COLOUR_RGB('Opaque(28,28,28)',0.109803921568627,0.109803921568627,
0.109803921568627);
#14678=COLOUR_RGB('Opaque(198,193,188)',0.776470588235294,0.756862745098039,
0.737254901960784);
#14679=COLOUR_RGB('Opaque(63,63,63)',0.250980392156863,0.250980392156863,
0.250980392156863);
ENDSEC;
END-ISO-10303-21;
